ISO-10303-21;
HEADER;
FILE_DESCRIPTION(('Open CASCADE Model'),'2;1');
FILE_NAME('Open CASCADE Shape Model','2026-09-27T21:38:43',('Author'),(
    'Open CASCADE'),'Open CASCADE STEP processor 8.0','build123d',
  'Unknown');
FILE_SCHEMA(('AUTOMOTIVE_DESIGN { 1 0 10303 214 1 1 1 1 }'));
ENDSEC;
DATA;
#1 = APPLICATION_PROTOCOL_DEFINITION('international standard',
  'automotive_design',2000,#2);
#2 = APPLICATION_CONTEXT(
  'core data for automotive mechanical design processes');
#3 = SHAPE_DEFINITION_REPRESENTATION(#4,#10);
#4 = PRODUCT_DEFINITION_SHAPE('','',#5);
#5 = PRODUCT_DEFINITION('design','',#6,#9);
#6 = PRODUCT_DEFINITION_FORMATION('','',#7);
#7 = PRODUCT('SOLID','SOLID','',(#8));
#8 = PRODUCT_CONTEXT('',#2,'mechanical');
#9 = PRODUCT_DEFINITION_CONTEXT('part definition',#2,'design');
#10 = ADVANCED_BREP_SHAPE_REPRESENTATION('',(#11,#15),#4881);
#11 = AXIS2_PLACEMENT_3D('',#12,#13,#14);
#12 = CARTESIAN_POINT('',(0.,0.,0.));
#13 = DIRECTION('',(0.,0.,1.));
#14 = DIRECTION('',(1.,0.,-0.));
#15 = MANIFOLD_SOLID_BREP('',#16);
#16 = CLOSED_SHELL('',(#17,#137,#223,#309,#395,#448,#873,#999,#1153,
    #1242,#1844,#1950,#2552,#2605,#2822,#2876,#2906,#2995,#3142,#3384,
    #3443,#3652,#3658,#3688,#3947,#3986,#4042,#4121,#4202,#4278,#4329,
    #4402,#4535,#4564,#4593,#4624,#4670,#4716,#4722,#4747,#4754,#4780,
    #4806,#4833,#4858,#4867,#4874));
#17 = ADVANCED_FACE('',(#18),#32,.F.);
#18 = FACE_BOUND('',#19,.F.);
#19 = EDGE_LOOP('',(#20,#55,#83,#111));
#20 = ORIENTED_EDGE('',*,*,#21,.F.);
#21 = EDGE_CURVE('',#22,#24,#26,.T.);
#22 = VERTEX_POINT('',#23);
#23 = CARTESIAN_POINT('',(-150.,-63.,-19.));
#24 = VERTEX_POINT('',#25);
#25 = CARTESIAN_POINT('',(-150.,-63.,19.));
#26 = SURFACE_CURVE('',#27,(#31,#43),.PCURVE_S1.);
#27 = LINE('',#28,#29);
#28 = CARTESIAN_POINT('',(-150.,-63.,-41.));
#29 = VECTOR('',#30,1.);
#30 = DIRECTION('',(0.,0.,1.));
#31 = PCURVE('',#32,#37);
#32 = PLANE('',#33);
#33 = AXIS2_PLACEMENT_3D('',#34,#35,#36);
#34 = CARTESIAN_POINT('',(-150.,-85.,-41.));
#35 = DIRECTION('',(1.,0.,-0.));
#36 = DIRECTION('',(0.,0.,1.));
#37 = DEFINITIONAL_REPRESENTATION('',(#38),#42);
#38 = LINE('',#39,#40);
#39 = CARTESIAN_POINT('',(0.,-22.));
#40 = VECTOR('',#41,1.);
#41 = DIRECTION('',(1.,0.));
#42 = ( GEOMETRIC_REPRESENTATION_CONTEXT(2) 
PARAMETRIC_REPRESENTATION_CONTEXT() REPRESENTATION_CONTEXT('2D SPACE',''
  ) );
#43 = PCURVE('',#44,#49);
#44 = CYLINDRICAL_SURFACE('',#45,22.);
#45 = AXIS2_PLACEMENT_3D('',#46,#47,#48);
#46 = CARTESIAN_POINT('',(-128.,-63.,-41.));
#47 = DIRECTION('',(0.,0.,1.));
#48 = DIRECTION('',(-1.,-0.,0.));
#49 = DEFINITIONAL_REPRESENTATION('',(#50),#54);
#50 = LINE('',#51,#52);
#51 = CARTESIAN_POINT('',(0.,0.));
#52 = VECTOR('',#53,1.);
#53 = DIRECTION('',(0.,1.));
#54 = ( GEOMETRIC_REPRESENTATION_CONTEXT(2) 
PARAMETRIC_REPRESENTATION_CONTEXT() REPRESENTATION_CONTEXT('2D SPACE',''
  ) );
#55 = ORIENTED_EDGE('',*,*,#56,.T.);
#56 = EDGE_CURVE('',#22,#57,#59,.T.);
#57 = VERTEX_POINT('',#58);
#58 = CARTESIAN_POINT('',(-150.,63.,-19.));
#59 = SURFACE_CURVE('',#60,(#64,#71),.PCURVE_S1.);
#60 = LINE('',#61,#62);
#61 = CARTESIAN_POINT('',(-150.,-85.,-19.));
#62 = VECTOR('',#63,1.);
#63 = DIRECTION('',(-0.,1.,0.));
#64 = PCURVE('',#32,#65);
#65 = DEFINITIONAL_REPRESENTATION('',(#66),#70);
#66 = LINE('',#67,#68);
#67 = CARTESIAN_POINT('',(22.,0.));
#68 = VECTOR('',#69,1.);
#69 = DIRECTION('',(0.,-1.));
#70 = ( GEOMETRIC_REPRESENTATION_CONTEXT(2) 
PARAMETRIC_REPRESENTATION_CONTEXT() REPRESENTATION_CONTEXT('2D SPACE',''
  ) );
#71 = PCURVE('',#72,#77);
#72 = CYLINDRICAL_SURFACE('',#73,22.);
#73 = AXIS2_PLACEMENT_3D('',#74,#75,#76);
#74 = CARTESIAN_POINT('',(-128.,-85.,-19.));
#75 = DIRECTION('',(-0.,1.,0.));
#76 = DIRECTION('',(-1.,-0.,0.));
#77 = DEFINITIONAL_REPRESENTATION('',(#78),#82);
#78 = LINE('',#79,#80);
#79 = CARTESIAN_POINT('',(-0.,0.));
#80 = VECTOR('',#81,1.);
#81 = DIRECTION('',(-0.,1.));
#82 = ( GEOMETRIC_REPRESENTATION_CONTEXT(2) 
PARAMETRIC_REPRESENTATION_CONTEXT() REPRESENTATION_CONTEXT('2D SPACE',''
  ) );
#83 = ORIENTED_EDGE('',*,*,#84,.T.);
#84 = EDGE_CURVE('',#57,#85,#87,.T.);
#85 = VERTEX_POINT('',#86);
#86 = CARTESIAN_POINT('',(-150.,63.,19.));
#87 = SURFACE_CURVE('',#88,(#92,#99),.PCURVE_S1.);
#88 = LINE('',#89,#90);
#89 = CARTESIAN_POINT('',(-150.,63.,-41.));
#90 = VECTOR('',#91,1.);
#91 = DIRECTION('',(0.,0.,1.));
#92 = PCURVE('',#32,#93);
#93 = DEFINITIONAL_REPRESENTATION('',(#94),#98);
#94 = LINE('',#95,#96);
#95 = CARTESIAN_POINT('',(0.,-148.));
#96 = VECTOR('',#97,1.);
#97 = DIRECTION('',(1.,0.));
#98 = ( GEOMETRIC_REPRESENTATION_CONTEXT(2) 
PARAMETRIC_REPRESENTATION_CONTEXT() REPRESENTATION_CONTEXT('2D SPACE',''
  ) );
#99 = PCURVE('',#100,#105);
#100 = CYLINDRICAL_SURFACE('',#101,22.);
#101 = AXIS2_PLACEMENT_3D('',#102,#103,#104);
#102 = CARTESIAN_POINT('',(-128.,63.,-41.));
#103 = DIRECTION('',(0.,0.,1.));
#104 = DIRECTION('',(-1.,-0.,0.));
#105 = DEFINITIONAL_REPRESENTATION('',(#106),#110);
#106 = LINE('',#107,#108);
#107 = CARTESIAN_POINT('',(-0.,0.));
#108 = VECTOR('',#109,1.);
#109 = DIRECTION('',(-0.,1.));
#110 = ( GEOMETRIC_REPRESENTATION_CONTEXT(2) 
PARAMETRIC_REPRESENTATION_CONTEXT() REPRESENTATION_CONTEXT('2D SPACE',''
  ) );
#111 = ORIENTED_EDGE('',*,*,#112,.F.);
#112 = EDGE_CURVE('',#24,#85,#113,.T.);
#113 = SURFACE_CURVE('',#114,(#118,#125),.PCURVE_S1.);
#114 = LINE('',#115,#116);
#115 = CARTESIAN_POINT('',(-150.,-85.,19.));
#116 = VECTOR('',#117,1.);
#117 = DIRECTION('',(-0.,1.,0.));
#118 = PCURVE('',#32,#119);
#119 = DEFINITIONAL_REPRESENTATION('',(#120),#124);
#120 = LINE('',#121,#122);
#121 = CARTESIAN_POINT('',(60.,0.));
#122 = VECTOR('',#123,1.);
#123 = DIRECTION('',(0.,-1.));
#124 = ( GEOMETRIC_REPRESENTATION_CONTEXT(2) 
PARAMETRIC_REPRESENTATION_CONTEXT() REPRESENTATION_CONTEXT('2D SPACE',''
  ) );
#125 = PCURVE('',#126,#131);
#126 = CYLINDRICAL_SURFACE('',#127,22.);
#127 = AXIS2_PLACEMENT_3D('',#128,#129,#130);
#128 = CARTESIAN_POINT('',(-128.,-85.,19.));
#129 = DIRECTION('',(-0.,1.,0.));
#130 = DIRECTION('',(-1.,-0.,0.));
#131 = DEFINITIONAL_REPRESENTATION('',(#132),#136);
#132 = LINE('',#133,#134);
#133 = CARTESIAN_POINT('',(0.,0.));
#134 = VECTOR('',#135,1.);
#135 = DIRECTION('',(0.,1.));
#136 = ( GEOMETRIC_REPRESENTATION_CONTEXT(2) 
PARAMETRIC_REPRESENTATION_CONTEXT() REPRESENTATION_CONTEXT('2D SPACE',''
  ) );
#137 = ADVANCED_FACE('',(#138),#100,.T.);
#138 = FACE_BOUND('',#139,.F.);
#139 = EDGE_LOOP('',(#140,#141,#170,#198));
#140 = ORIENTED_EDGE('',*,*,#84,.F.);
#141 = ORIENTED_EDGE('',*,*,#142,.T.);
#142 = EDGE_CURVE('',#57,#143,#145,.T.);
#143 = VERTEX_POINT('',#144);
#144 = CARTESIAN_POINT('',(-128.,85.,-19.));
#145 = SURFACE_CURVE('',#146,(#151,#158),.PCURVE_S1.);
#146 = CIRCLE('',#147,22.);
#147 = AXIS2_PLACEMENT_3D('',#148,#149,#150);
#148 = CARTESIAN_POINT('',(-128.,63.,-19.));
#149 = DIRECTION('',(-0.,0.,-1.));
#150 = DIRECTION('',(-1.,0.,0.));
#151 = PCURVE('',#100,#152);
#152 = DEFINITIONAL_REPRESENTATION('',(#153),#157);
#153 = LINE('',#154,#155);
#154 = CARTESIAN_POINT('',(-0.,22.));
#155 = VECTOR('',#156,1.);
#156 = DIRECTION('',(-1.,0.));
#157 = ( GEOMETRIC_REPRESENTATION_CONTEXT(2) 
PARAMETRIC_REPRESENTATION_CONTEXT() REPRESENTATION_CONTEXT('2D SPACE',''
  ) );
#158 = PCURVE('',#159,#164);
#159 = SPHERICAL_SURFACE('',#160,22.);
#160 = AXIS2_PLACEMENT_3D('',#161,#162,#163);
#161 = CARTESIAN_POINT('',(-128.,63.,-19.));
#162 = DIRECTION('',(0.,0.,1.));
#163 = DIRECTION('',(-1.,0.,0.));
#164 = DEFINITIONAL_REPRESENTATION('',(#165),#169);
#165 = LINE('',#166,#167);
#166 = CARTESIAN_POINT('',(-0.,0.));
#167 = VECTOR('',#168,1.);
#168 = DIRECTION('',(-1.,0.));
#169 = ( GEOMETRIC_REPRESENTATION_CONTEXT(2) 
PARAMETRIC_REPRESENTATION_CONTEXT() REPRESENTATION_CONTEXT('2D SPACE',''
  ) );
#170 = ORIENTED_EDGE('',*,*,#171,.T.);
#171 = EDGE_CURVE('',#143,#172,#174,.T.);
#172 = VERTEX_POINT('',#173);
#173 = CARTESIAN_POINT('',(-128.,85.,19.));
#174 = SURFACE_CURVE('',#175,(#179,#186),.PCURVE_S1.);
#175 = LINE('',#176,#177);
#176 = CARTESIAN_POINT('',(-128.,85.,-41.));
#177 = VECTOR('',#178,1.);
#178 = DIRECTION('',(0.,0.,1.));
#179 = PCURVE('',#100,#180);
#180 = DEFINITIONAL_REPRESENTATION('',(#181),#185);
#181 = LINE('',#182,#183);
#182 = CARTESIAN_POINT('',(-1.570796326795,0.));
#183 = VECTOR('',#184,1.);
#184 = DIRECTION('',(-0.,1.));
#185 = ( GEOMETRIC_REPRESENTATION_CONTEXT(2) 
PARAMETRIC_REPRESENTATION_CONTEXT() REPRESENTATION_CONTEXT('2D SPACE',''
  ) );
#186 = PCURVE('',#187,#192);
#187 = PLANE('',#188);
#188 = AXIS2_PLACEMENT_3D('',#189,#190,#191);
#189 = CARTESIAN_POINT('',(-150.,85.,-41.));
#190 = DIRECTION('',(-0.,1.,0.));
#191 = DIRECTION('',(0.,0.,1.));
#192 = DEFINITIONAL_REPRESENTATION('',(#193),#197);
#193 = LINE('',#194,#195);
#194 = CARTESIAN_POINT('',(0.,22.));
#195 = VECTOR('',#196,1.);
#196 = DIRECTION('',(1.,0.));
#197 = ( GEOMETRIC_REPRESENTATION_CONTEXT(2) 
PARAMETRIC_REPRESENTATION_CONTEXT() REPRESENTATION_CONTEXT('2D SPACE',''
  ) );
#198 = ORIENTED_EDGE('',*,*,#199,.T.);
#199 = EDGE_CURVE('',#172,#85,#200,.T.);
#200 = SURFACE_CURVE('',#201,(#206,#212),.PCURVE_S1.);
#201 = CIRCLE('',#202,22.);
#202 = AXIS2_PLACEMENT_3D('',#203,#204,#205);
#203 = CARTESIAN_POINT('',(-128.,63.,19.));
#204 = DIRECTION('',(1.614869854E-16,0.,1.));
#205 = DIRECTION('',(-1.,-0.,1.614869854E-16));
#206 = PCURVE('',#100,#207);
#207 = DEFINITIONAL_REPRESENTATION('',(#208),#211);
#208 = B_SPLINE_CURVE_WITH_KNOTS('',1,(#209,#210),.UNSPECIFIED.,.F.,.F.,
  (2,2),(4.712388980385,6.28318530718),.PIECEWISE_BEZIER_KNOTS.);
#209 = CARTESIAN_POINT('',(-1.570796326795,60.));
#210 = CARTESIAN_POINT('',(0.,60.));
#211 = ( GEOMETRIC_REPRESENTATION_CONTEXT(2) 
PARAMETRIC_REPRESENTATION_CONTEXT() REPRESENTATION_CONTEXT('2D SPACE',''
  ) );
#212 = PCURVE('',#213,#218);
#213 = SPHERICAL_SURFACE('',#214,22.);
#214 = AXIS2_PLACEMENT_3D('',#215,#216,#217);
#215 = CARTESIAN_POINT('',(-128.,63.,19.));
#216 = DIRECTION('',(0.,-1.,-0.));
#217 = DIRECTION('',(-1.,-0.,1.614869854E-16));
#218 = DEFINITIONAL_REPRESENTATION('',(#219),#222);
#219 = B_SPLINE_CURVE_WITH_KNOTS('',1,(#220,#221),.UNSPECIFIED.,.F.,.F.,
  (2,2),(4.712388980385,6.28318530718),.PIECEWISE_BEZIER_KNOTS.);
#220 = CARTESIAN_POINT('',(0.,-1.570796326795));
#221 = CARTESIAN_POINT('',(0.,0.));
#222 = ( GEOMETRIC_REPRESENTATION_CONTEXT(2) 
PARAMETRIC_REPRESENTATION_CONTEXT() REPRESENTATION_CONTEXT('2D SPACE',''
  ) );
#223 = ADVANCED_FACE('',(#224),#187,.T.);
#224 = FACE_BOUND('',#225,.T.);
#225 = EDGE_LOOP('',(#226,#227,#255,#283));
#226 = ORIENTED_EDGE('',*,*,#171,.T.);
#227 = ORIENTED_EDGE('',*,*,#228,.T.);
#228 = EDGE_CURVE('',#172,#229,#231,.T.);
#229 = VERTEX_POINT('',#230);
#230 = CARTESIAN_POINT('',(128.,85.,19.));
#231 = SURFACE_CURVE('',#232,(#236,#243),.PCURVE_S1.);
#232 = LINE('',#233,#234);
#233 = CARTESIAN_POINT('',(-150.,85.,19.));
#234 = VECTOR('',#235,1.);
#235 = DIRECTION('',(1.,0.,-0.));
#236 = PCURVE('',#187,#237);
#237 = DEFINITIONAL_REPRESENTATION('',(#238),#242);
#238 = LINE('',#239,#240);
#239 = CARTESIAN_POINT('',(60.,0.));
#240 = VECTOR('',#241,1.);
#241 = DIRECTION('',(0.,1.));
#242 = ( GEOMETRIC_REPRESENTATION_CONTEXT(2) 
PARAMETRIC_REPRESENTATION_CONTEXT() REPRESENTATION_CONTEXT('2D SPACE',''
  ) );
#243 = PCURVE('',#244,#249);
#244 = CYLINDRICAL_SURFACE('',#245,22.);
#245 = AXIS2_PLACEMENT_3D('',#246,#247,#248);
#246 = CARTESIAN_POINT('',(-150.,63.,19.));
#247 = DIRECTION('',(1.,0.,-0.));
#248 = DIRECTION('',(0.,1.,0.));
#249 = DEFINITIONAL_REPRESENTATION('',(#250),#254);
#250 = LINE('',#251,#252);
#251 = CARTESIAN_POINT('',(0.,0.));
#252 = VECTOR('',#253,1.);
#253 = DIRECTION('',(0.,1.));
#254 = ( GEOMETRIC_REPRESENTATION_CONTEXT(2) 
PARAMETRIC_REPRESENTATION_CONTEXT() REPRESENTATION_CONTEXT('2D SPACE',''
  ) );
#255 = ORIENTED_EDGE('',*,*,#256,.F.);
#256 = EDGE_CURVE('',#257,#229,#259,.T.);
#257 = VERTEX_POINT('',#258);
#258 = CARTESIAN_POINT('',(128.,85.,-19.));
#259 = SURFACE_CURVE('',#260,(#264,#271),.PCURVE_S1.);
#260 = LINE('',#261,#262);
#261 = CARTESIAN_POINT('',(128.,85.,-41.));
#262 = VECTOR('',#263,1.);
#263 = DIRECTION('',(0.,0.,1.));
#264 = PCURVE('',#187,#265);
#265 = DEFINITIONAL_REPRESENTATION('',(#266),#270);
#266 = LINE('',#267,#268);
#267 = CARTESIAN_POINT('',(0.,278.));
#268 = VECTOR('',#269,1.);
#269 = DIRECTION('',(1.,0.));
#270 = ( GEOMETRIC_REPRESENTATION_CONTEXT(2) 
PARAMETRIC_REPRESENTATION_CONTEXT() REPRESENTATION_CONTEXT('2D SPACE',''
  ) );
#271 = PCURVE('',#272,#277);
#272 = CYLINDRICAL_SURFACE('',#273,22.);
#273 = AXIS2_PLACEMENT_3D('',#274,#275,#276);
#274 = CARTESIAN_POINT('',(128.,63.,-41.));
#275 = DIRECTION('',(0.,0.,1.));
#276 = DIRECTION('',(1.,0.,-0.));
#277 = DEFINITIONAL_REPRESENTATION('',(#278),#282);
#278 = LINE('',#279,#280);
#279 = CARTESIAN_POINT('',(1.570796326795,0.));
#280 = VECTOR('',#281,1.);
#281 = DIRECTION('',(0.,1.));
#282 = ( GEOMETRIC_REPRESENTATION_CONTEXT(2) 
PARAMETRIC_REPRESENTATION_CONTEXT() REPRESENTATION_CONTEXT('2D SPACE',''
  ) );
#283 = ORIENTED_EDGE('',*,*,#284,.F.);
#284 = EDGE_CURVE('',#143,#257,#285,.T.);
#285 = SURFACE_CURVE('',#286,(#290,#297),.PCURVE_S1.);
#286 = LINE('',#287,#288);
#287 = CARTESIAN_POINT('',(-150.,85.,-19.));
#288 = VECTOR('',#289,1.);
#289 = DIRECTION('',(1.,0.,-0.));
#290 = PCURVE('',#187,#291);
#291 = DEFINITIONAL_REPRESENTATION('',(#292),#296);
#292 = LINE('',#293,#294);
#293 = CARTESIAN_POINT('',(22.,0.));
#294 = VECTOR('',#295,1.);
#295 = DIRECTION('',(0.,1.));
#296 = ( GEOMETRIC_REPRESENTATION_CONTEXT(2) 
PARAMETRIC_REPRESENTATION_CONTEXT() REPRESENTATION_CONTEXT('2D SPACE',''
  ) );
#297 = PCURVE('',#298,#303);
#298 = CYLINDRICAL_SURFACE('',#299,22.);
#299 = AXIS2_PLACEMENT_3D('',#300,#301,#302);
#300 = CARTESIAN_POINT('',(-150.,63.,-19.));
#301 = DIRECTION('',(1.,0.,-0.));
#302 = DIRECTION('',(0.,1.,0.));
#303 = DEFINITIONAL_REPRESENTATION('',(#304),#308);
#304 = LINE('',#305,#306);
#305 = CARTESIAN_POINT('',(-0.,0.));
#306 = VECTOR('',#307,1.);
#307 = DIRECTION('',(-0.,1.));
#308 = ( GEOMETRIC_REPRESENTATION_CONTEXT(2) 
PARAMETRIC_REPRESENTATION_CONTEXT() REPRESENTATION_CONTEXT('2D SPACE',''
  ) );
#309 = ADVANCED_FACE('',(#310),#272,.T.);
#310 = FACE_BOUND('',#311,.T.);
#311 = EDGE_LOOP('',(#312,#342,#369,#370));
#312 = ORIENTED_EDGE('',*,*,#313,.F.);
#313 = EDGE_CURVE('',#314,#316,#318,.T.);
#314 = VERTEX_POINT('',#315);
#315 = CARTESIAN_POINT('',(150.,63.,-19.));
#316 = VERTEX_POINT('',#317);
#317 = CARTESIAN_POINT('',(150.,63.,19.));
#318 = SURFACE_CURVE('',#319,(#323,#330),.PCURVE_S1.);
#319 = LINE('',#320,#321);
#320 = CARTESIAN_POINT('',(150.,63.,-41.));
#321 = VECTOR('',#322,1.);
#322 = DIRECTION('',(0.,0.,1.));
#323 = PCURVE('',#272,#324);
#324 = DEFINITIONAL_REPRESENTATION('',(#325),#329);
#325 = LINE('',#326,#327);
#326 = CARTESIAN_POINT('',(0.,0.));
#327 = VECTOR('',#328,1.);
#328 = DIRECTION('',(0.,1.));
#329 = ( GEOMETRIC_REPRESENTATION_CONTEXT(2) 
PARAMETRIC_REPRESENTATION_CONTEXT() REPRESENTATION_CONTEXT('2D SPACE',''
  ) );
#330 = PCURVE('',#331,#336);
#331 = PLANE('',#332);
#332 = AXIS2_PLACEMENT_3D('',#333,#334,#335);
#333 = CARTESIAN_POINT('',(150.,-85.,-41.));
#334 = DIRECTION('',(1.,0.,-0.));
#335 = DIRECTION('',(0.,0.,1.));
#336 = DEFINITIONAL_REPRESENTATION('',(#337),#341);
#337 = LINE('',#338,#339);
#338 = CARTESIAN_POINT('',(0.,-148.));
#339 = VECTOR('',#340,1.);
#340 = DIRECTION('',(1.,0.));
#341 = ( GEOMETRIC_REPRESENTATION_CONTEXT(2) 
PARAMETRIC_REPRESENTATION_CONTEXT() REPRESENTATION_CONTEXT('2D SPACE',''
  ) );
#342 = ORIENTED_EDGE('',*,*,#343,.T.);
#343 = EDGE_CURVE('',#314,#257,#344,.T.);
#344 = SURFACE_CURVE('',#345,(#350,#357),.PCURVE_S1.);
#345 = CIRCLE('',#346,22.);
#346 = AXIS2_PLACEMENT_3D('',#347,#348,#349);
#347 = CARTESIAN_POINT('',(128.,63.,-19.));
#348 = DIRECTION('',(0.,0.,1.));
#349 = DIRECTION('',(1.,0.,-0.));
#350 = PCURVE('',#272,#351);
#351 = DEFINITIONAL_REPRESENTATION('',(#352),#356);
#352 = LINE('',#353,#354);
#353 = CARTESIAN_POINT('',(0.,22.));
#354 = VECTOR('',#355,1.);
#355 = DIRECTION('',(1.,0.));
#356 = ( GEOMETRIC_REPRESENTATION_CONTEXT(2) 
PARAMETRIC_REPRESENTATION_CONTEXT() REPRESENTATION_CONTEXT('2D SPACE',''
  ) );
#357 = PCURVE('',#358,#363);
#358 = SPHERICAL_SURFACE('',#359,22.);
#359 = AXIS2_PLACEMENT_3D('',#360,#361,#362);
#360 = CARTESIAN_POINT('',(128.,63.,-19.));
#361 = DIRECTION('',(0.,0.,1.));
#362 = DIRECTION('',(1.,0.,-0.));
#363 = DEFINITIONAL_REPRESENTATION('',(#364),#368);
#364 = LINE('',#365,#366);
#365 = CARTESIAN_POINT('',(0.,0.));
#366 = VECTOR('',#367,1.);
#367 = DIRECTION('',(1.,0.));
#368 = ( GEOMETRIC_REPRESENTATION_CONTEXT(2) 
PARAMETRIC_REPRESENTATION_CONTEXT() REPRESENTATION_CONTEXT('2D SPACE',''
  ) );
#369 = ORIENTED_EDGE('',*,*,#256,.T.);
#370 = ORIENTED_EDGE('',*,*,#371,.T.);
#371 = EDGE_CURVE('',#229,#316,#372,.T.);
#372 = SURFACE_CURVE('',#373,(#378,#384),.PCURVE_S1.);
#373 = CIRCLE('',#374,22.);
#374 = AXIS2_PLACEMENT_3D('',#375,#376,#377);
#375 = CARTESIAN_POINT('',(128.,63.,19.));
#376 = DIRECTION('',(1.614869854E-16,0.,-1.));
#377 = DIRECTION('',(1.,0.,1.614869854E-16));
#378 = PCURVE('',#272,#379);
#379 = DEFINITIONAL_REPRESENTATION('',(#380),#383);
#380 = B_SPLINE_CURVE_WITH_KNOTS('',1,(#381,#382),.UNSPECIFIED.,.F.,.F.,
  (2,2),(4.712388980385,6.28318530718),.PIECEWISE_BEZIER_KNOTS.);
#381 = CARTESIAN_POINT('',(1.570796326795,60.));
#382 = CARTESIAN_POINT('',(0.,60.));
#383 = ( GEOMETRIC_REPRESENTATION_CONTEXT(2) 
PARAMETRIC_REPRESENTATION_CONTEXT() REPRESENTATION_CONTEXT('2D SPACE',''
  ) );
#384 = PCURVE('',#385,#390);
#385 = SPHERICAL_SURFACE('',#386,22.);
#386 = AXIS2_PLACEMENT_3D('',#387,#388,#389);
#387 = CARTESIAN_POINT('',(128.,63.,19.));
#388 = DIRECTION('',(0.,-1.,-0.));
#389 = DIRECTION('',(1.,0.,1.614869854E-16));
#390 = DEFINITIONAL_REPRESENTATION('',(#391),#394);
#391 = B_SPLINE_CURVE_WITH_KNOTS('',1,(#392,#393),.UNSPECIFIED.,.F.,.F.,
  (2,2),(4.712388980385,6.28318530718),.PIECEWISE_BEZIER_KNOTS.);
#392 = CARTESIAN_POINT('',(0.,-1.570796326795));
#393 = CARTESIAN_POINT('',(0.,0.));
#394 = ( GEOMETRIC_REPRESENTATION_CONTEXT(2) 
PARAMETRIC_REPRESENTATION_CONTEXT() REPRESENTATION_CONTEXT('2D SPACE',''
  ) );
#395 = ADVANCED_FACE('',(#396),#385,.T.);
#396 = FACE_BOUND('',#397,.T.);
#397 = EDGE_LOOP('',(#398,#399,#421));
#398 = ORIENTED_EDGE('',*,*,#371,.F.);
#399 = ORIENTED_EDGE('',*,*,#400,.T.);
#400 = EDGE_CURVE('',#229,#401,#403,.T.);
#401 = VERTEX_POINT('',#402);
#402 = CARTESIAN_POINT('',(128.,63.,41.));
#403 = SURFACE_CURVE('',#404,(#409,#415),.PCURVE_S1.);
#404 = CIRCLE('',#405,22.);
#405 = AXIS2_PLACEMENT_3D('',#406,#407,#408);
#406 = CARTESIAN_POINT('',(128.,63.,19.));
#407 = DIRECTION('',(1.,0.,1.002546454427E-16));
#408 = DIRECTION('',(-1.002546454427E-16,0.,1.));
#409 = PCURVE('',#385,#410);
#410 = DEFINITIONAL_REPRESENTATION('',(#411),#414);
#411 = B_SPLINE_CURVE_WITH_KNOTS('',1,(#412,#413),.UNSPECIFIED.,.F.,.F.,
  (2,2),(4.712388980385,6.28318530718),.PIECEWISE_BEZIER_KNOTS.);
#412 = CARTESIAN_POINT('',(1.570796326795,-1.570796326795));
#413 = CARTESIAN_POINT('',(1.570796326795,0.));
#414 = ( GEOMETRIC_REPRESENTATION_CONTEXT(2) 
PARAMETRIC_REPRESENTATION_CONTEXT() REPRESENTATION_CONTEXT('2D SPACE',''
  ) );
#415 = PCURVE('',#244,#416);
#416 = DEFINITIONAL_REPRESENTATION('',(#417),#420);
#417 = B_SPLINE_CURVE_WITH_KNOTS('',1,(#418,#419),.UNSPECIFIED.,.F.,.F.,
  (2,2),(4.712388980385,6.28318530718),.PIECEWISE_BEZIER_KNOTS.);
#418 = CARTESIAN_POINT('',(0.,278.));
#419 = CARTESIAN_POINT('',(1.570796326795,278.));
#420 = ( GEOMETRIC_REPRESENTATION_CONTEXT(2) 
PARAMETRIC_REPRESENTATION_CONTEXT() REPRESENTATION_CONTEXT('2D SPACE',''
  ) );
#421 = ORIENTED_EDGE('',*,*,#422,.F.);
#422 = EDGE_CURVE('',#316,#401,#423,.T.);
#423 = SURFACE_CURVE('',#424,(#429,#436),.PCURVE_S1.);
#424 = CIRCLE('',#425,22.);
#425 = AXIS2_PLACEMENT_3D('',#426,#427,#428);
#426 = CARTESIAN_POINT('',(128.,63.,19.));
#427 = DIRECTION('',(0.,-1.,0.));
#428 = DIRECTION('',(1.,0.,1.614869854E-16));
#429 = PCURVE('',#385,#430);
#430 = DEFINITIONAL_REPRESENTATION('',(#431),#435);
#431 = LINE('',#432,#433);
#432 = CARTESIAN_POINT('',(0.,0.));
#433 = VECTOR('',#434,1.);
#434 = DIRECTION('',(1.,0.));
#435 = ( GEOMETRIC_REPRESENTATION_CONTEXT(2) 
PARAMETRIC_REPRESENTATION_CONTEXT() REPRESENTATION_CONTEXT('2D SPACE',''
  ) );
#436 = PCURVE('',#437,#442);
#437 = CYLINDRICAL_SURFACE('',#438,22.);
#438 = AXIS2_PLACEMENT_3D('',#439,#440,#441);
#439 = CARTESIAN_POINT('',(128.,-85.,19.));
#440 = DIRECTION('',(-0.,1.,0.));
#441 = DIRECTION('',(1.,0.,-0.));
#442 = DEFINITIONAL_REPRESENTATION('',(#443),#447);
#443 = LINE('',#444,#445);
#444 = CARTESIAN_POINT('',(-0.,148.));
#445 = VECTOR('',#446,1.);
#446 = DIRECTION('',(-1.,0.));
#447 = ( GEOMETRIC_REPRESENTATION_CONTEXT(2) 
PARAMETRIC_REPRESENTATION_CONTEXT() REPRESENTATION_CONTEXT('2D SPACE',''
  ) );
#448 = ADVANCED_FACE('',(#449),#437,.T.);
#449 = FACE_BOUND('',#450,.F.);
#450 = EDGE_LOOP('',(#451,#480,#508,#825,#851,#852));
#451 = ORIENTED_EDGE('',*,*,#452,.F.);
#452 = EDGE_CURVE('',#453,#455,#457,.T.);
#453 = VERTEX_POINT('',#454);
#454 = CARTESIAN_POINT('',(128.,-63.,41.));
#455 = VERTEX_POINT('',#456);
#456 = CARTESIAN_POINT('',(150.,-63.,19.));
#457 = SURFACE_CURVE('',#458,(#463,#469),.PCURVE_S1.);
#458 = CIRCLE('',#459,22.);
#459 = AXIS2_PLACEMENT_3D('',#460,#461,#462);
#460 = CARTESIAN_POINT('',(128.,-63.,19.));
#461 = DIRECTION('',(-0.,1.,0.));
#462 = DIRECTION('',(1.,0.,0.));
#463 = PCURVE('',#437,#464);
#464 = DEFINITIONAL_REPRESENTATION('',(#465),#468);
#465 = B_SPLINE_CURVE_WITH_KNOTS('',1,(#466,#467),.UNSPECIFIED.,.F.,.F.,
  (2,2),(4.712388980385,6.28318530718),.PIECEWISE_BEZIER_KNOTS.);
#466 = CARTESIAN_POINT('',(-1.570796326795,22.));
#467 = CARTESIAN_POINT('',(0.,22.));
#468 = ( GEOMETRIC_REPRESENTATION_CONTEXT(2) 
PARAMETRIC_REPRESENTATION_CONTEXT() REPRESENTATION_CONTEXT('2D SPACE',''
  ) );
#469 = PCURVE('',#470,#475);
#470 = SPHERICAL_SURFACE('',#471,22.);
#471 = AXIS2_PLACEMENT_3D('',#472,#473,#474);
#472 = CARTESIAN_POINT('',(128.,-63.,19.));
#473 = DIRECTION('',(-0.,-0.,-1.));
#474 = DIRECTION('',(1.,0.,0.));
#475 = DEFINITIONAL_REPRESENTATION('',(#476),#479);
#476 = B_SPLINE_CURVE_WITH_KNOTS('',1,(#477,#478),.UNSPECIFIED.,.F.,.F.,
  (2,2),(4.712388980385,6.28318530718),.PIECEWISE_BEZIER_KNOTS.);
#477 = CARTESIAN_POINT('',(0.,-1.570796326795));
#478 = CARTESIAN_POINT('',(0.,0.));
#479 = ( GEOMETRIC_REPRESENTATION_CONTEXT(2) 
PARAMETRIC_REPRESENTATION_CONTEXT() REPRESENTATION_CONTEXT('2D SPACE',''
  ) );
#480 = ORIENTED_EDGE('',*,*,#481,.T.);
#481 = EDGE_CURVE('',#453,#482,#484,.T.);
#482 = VERTEX_POINT('',#483);
#483 = CARTESIAN_POINT('',(128.,-25.27844931952,41.));
#484 = SURFACE_CURVE('',#485,(#489,#496),.PCURVE_S1.);
#485 = LINE('',#486,#487);
#486 = CARTESIAN_POINT('',(128.,-85.,41.));
#487 = VECTOR('',#488,1.);
#488 = DIRECTION('',(-0.,1.,0.));
#489 = PCURVE('',#437,#490);
#490 = DEFINITIONAL_REPRESENTATION('',(#491),#495);
#491 = LINE('',#492,#493);
#492 = CARTESIAN_POINT('',(-1.570796326795,0.));
#493 = VECTOR('',#494,1.);
#494 = DIRECTION('',(-0.,1.));
#495 = ( GEOMETRIC_REPRESENTATION_CONTEXT(2) 
PARAMETRIC_REPRESENTATION_CONTEXT() REPRESENTATION_CONTEXT('2D SPACE',''
  ) );
#496 = PCURVE('',#497,#502);
#497 = PLANE('',#498);
#498 = AXIS2_PLACEMENT_3D('',#499,#500,#501);
#499 = CARTESIAN_POINT('',(-150.,-85.,41.));
#500 = DIRECTION('',(0.,0.,1.));
#501 = DIRECTION('',(1.,0.,-0.));
#502 = DEFINITIONAL_REPRESENTATION('',(#503),#507);
#503 = LINE('',#504,#505);
#504 = CARTESIAN_POINT('',(278.,0.));
#505 = VECTOR('',#506,1.);
#506 = DIRECTION('',(0.,1.));
#507 = ( GEOMETRIC_REPRESENTATION_CONTEXT(2) 
PARAMETRIC_REPRESENTATION_CONTEXT() REPRESENTATION_CONTEXT('2D SPACE',''
  ) );
#508 = ORIENTED_EDGE('',*,*,#509,.F.);
#509 = EDGE_CURVE('',#510,#482,#512,.T.);
#510 = VERTEX_POINT('',#511);
#511 = CARTESIAN_POINT('',(128.,25.278449319529,41.));
#512 = SURFACE_CURVE('',#513,(#586,#703),.PCURVE_S1.);
#513 = B_SPLINE_CURVE_WITH_KNOTS('',8,(#514,#515,#516,#517,#518,#519,
    #520,#521,#522,#523,#524,#525,#526,#527,#528,#529,#530,#531,#532,
    #533,#534,#535,#536,#537,#538,#539,#540,#541,#542,#543,#544,#545,
    #546,#547,#548,#549,#550,#551,#552,#553,#554,#555,#556,#557,#558,
    #559,#560,#561,#562,#563,#564,#565,#566,#567,#568,#569,#570,#571,
    #572,#573,#574,#575,#576,#577,#578,#579,#580,#581,#582,#583,#584,
    #585),.UNSPECIFIED.,.F.,.F.,(9,7,7,7,7,7,7,7,7,7,9),(0.,
    7.122207948209E-02,0.146586660921,0.227160744857,0.314248770317,
    0.411412834755,0.524013280266,0.667037663859,1.,1.828124504067,
    2.002870860765),.UNSPECIFIED.);
#514 = CARTESIAN_POINT('',(128.,25.278449319529,41.));
#515 = CARTESIAN_POINT('',(128.11837223213,25.063043595488,41.));
#516 = CARTESIAN_POINT('',(128.2358943784,24.847403780685,
    40.999272108127));
#517 = CARTESIAN_POINT('',(128.35255707659,24.631530979849,
    40.997834612921));
#518 = CARTESIAN_POINT('',(128.46835100438,24.415426262937,
    40.995705814234));
#519 = CARTESIAN_POINT('',(128.58326687935,24.199090665126,
    40.992904023226));
#520 = CARTESIAN_POINT('',(128.69729545891,23.982525186819,
    40.989447562371));
#521 = CARTESIAN_POINT('',(128.81042754039,23.765730793642,
    40.985354765452));
#522 = CARTESIAN_POINT('',(129.04140782602,23.319063329713,
    40.97565919531));
#523 = CARTESIAN_POINT('',(129.15914760123,23.089162984747,
    40.969982448675));
#524 = CARTESIAN_POINT('',(129.27586242895,22.85900848243,
    40.963635476683));
#525 = CARTESIAN_POINT('',(129.39154148074,22.628600904038,
    40.956640045039));
#526 = CARTESIAN_POINT('',(129.50617395745,22.397941311244,
    40.949017946129));
#527 = CARTESIAN_POINT('',(129.6197490892,22.167030746115,
    40.940790999017));
#528 = CARTESIAN_POINT('',(129.73225613538,21.935870231115,
    40.931981049447));
#529 = CARTESIAN_POINT('',(129.96281500191,21.457055355839,
    40.912591123587));
#530 = CARTESIAN_POINT('',(130.08071251371,21.209365415472,
    40.901930891185));
#531 = CARTESIAN_POINT('',(130.19736382736,20.961392169715,
    40.89065600885));
#532 = CARTESIAN_POINT('',(130.31275587033,20.713136851257,
    40.878793248226));
#533 = CARTESIAN_POINT('',(130.42687559025,20.464600703759,
    40.866369416385));
#534 = CARTESIAN_POINT('',(130.53970995491,20.215784981855,
    40.853411355829));
#535 = CARTESIAN_POINT('',(130.65124595227,19.966690951153,
    40.839945944486));
#536 = CARTESIAN_POINT('',(130.88060624328,19.447788639284,
    40.810926806969));
#537 = CARTESIAN_POINT('',(130.99820992703,19.177933795048,
    40.795292243463));
#538 = CARTESIAN_POINT('',(131.11426522938,18.907756960795,
    40.779130405468));
#539 = CARTESIAN_POINT('',(131.22875575949,18.637259816518,
    40.762475307467));
#540 = CARTESIAN_POINT('',(131.341665148,18.366444116937,40.745360978149
    ));
#541 = CARTESIAN_POINT('',(131.452977047,18.095311691493,40.727821460419
    ));
#542 = CARTESIAN_POINT('',(131.56267513005,17.823864444353,
    40.709890811388));
#543 = CARTESIAN_POINT('',(131.79131446095,17.248901764247,
    40.671199515013));
#544 = CARTESIAN_POINT('',(131.90985668989,16.945309821895,40.6503513984
    ));
#545 = CARTESIAN_POINT('',(132.02634711109,16.641331262923,
    40.629106120978));
#546 = CARTESIAN_POINT('',(132.14076312718,16.336969049797,
    40.607510930837));
#547 = CARTESIAN_POINT('',(132.25308221135,16.032226371878,
    40.585612955723));
#548 = CARTESIAN_POINT('',(132.36328190729,15.727106645425,
    40.563459203038));
#549 = CARTESIAN_POINT('',(132.47133982926,15.421613513589,
    40.541096559836));
#550 = CARTESIAN_POINT('',(132.69995076752,14.761296009778,
    40.492468533209));
#551 = CARTESIAN_POINT('',(132.81976154702,14.406345008334,
    40.46614748437));
#552 = CARTESIAN_POINT('',(132.93663136521,14.050903886064,
    40.43968123649));
#553 = CARTESIAN_POINT('',(133.05052574645,13.694979285344,
    40.413141994854));
#554 = CARTESIAN_POINT('',(133.16141046367,13.338578467698,
    40.38660139865));
#555 = CARTESIAN_POINT('',(133.26925162726,12.981709334551,
    40.360130339777));
#556 = CARTESIAN_POINT('',(133.37401577396,12.624380447978,
    40.333798781642));
#557 = CARTESIAN_POINT('',(133.60479046343,11.812151893469,
    40.274494047578));
#558 = CARTESIAN_POINT('',(133.72889334056,11.356976004292,
    40.241648690833));
#559 = CARTESIAN_POINT('',(133.84791107841,10.901092432147,
    40.209280522854));
#560 = CARTESIAN_POINT('',(133.96177742316,10.44452228141,
    40.177527708959));
#561 = CARTESIAN_POINT('',(134.07042779262,9.987288792558,
    40.146524707539));
#562 = CARTESIAN_POINT('',(134.1737996928,9.529417422133,40.116401412952
    ));
#563 = CARTESIAN_POINT('',(134.27183313458,9.070935922696,
    40.087282298408));
#564 = CARTESIAN_POINT('',(134.58013313584,7.543174208174,
    39.994108841628));
#565 = CARTESIAN_POINT('',(134.76655900018,6.47130323062,39.935013241578
    ));
#566 = CARTESIAN_POINT('',(134.92301889412,5.396677958022,
    39.883492125631));
#567 = CARTESIAN_POINT('',(135.04888095789,4.319757990739,
    39.840849745619));
#568 = CARTESIAN_POINT('',(135.14363677579,3.241049031067,39.80813679295
    ));
#569 = CARTESIAN_POINT('',(135.2069286791,2.161106125144,39.786084364569
    ));
#570 = CARTESIAN_POINT('',(135.23857293149,1.080536335193,
    39.775058650108));
#571 = CARTESIAN_POINT('',(135.23857293149,-2.687446955955,
    39.775058650108));
#572 = CARTESIAN_POINT('',(135.04282872189,-5.369109589043,
    39.843259338741));
#573 = CARTESIAN_POINT('',(134.65280255884,-8.037121908761,
    39.979145497235));
#574 = CARTESIAN_POINT('',(134.07620722245,-10.68619476165,
    40.168531794577));
#575 = CARTESIAN_POINT('',(133.3252216323,-13.312584208,40.384054289412)
  );
#576 = CARTESIAN_POINT('',(132.41348410714,-15.91313058046,
    40.596180831712));
#577 = CARTESIAN_POINT('',(131.35541373549,-18.48511437063,
    40.775454368141));
#578 = CARTESIAN_POINT('',(129.91468090519,-21.5625007253,
    40.917975177532));
#579 = CARTESIAN_POINT('',(129.65775275527,-22.09740520775,
    40.940069129251));
#580 = CARTESIAN_POINT('',(129.39507001611,-22.63098001297,
    40.959152653545));
#581 = CARTESIAN_POINT('',(129.12676493953,-23.16321279078,
    40.974956058465));
#582 = CARTESIAN_POINT('',(128.85297067819,-23.69409039453,
    40.987210475731));
#583 = CARTESIAN_POINT('',(128.57382138919,-24.22359890833,
    40.995647695311));
#584 = CARTESIAN_POINT('',(128.28945233758,-24.75172367426,41.));
#585 = CARTESIAN_POINT('',(128.,-25.27844931952,41.));
#586 = PCURVE('',#437,#587);
#587 = DEFINITIONAL_REPRESENTATION('',(#588),#702);
#588 = B_SPLINE_CURVE_WITH_KNOTS('',3,(#589,#590,#591,#592,#593,#594,
    #595,#596,#597,#598,#599,#600,#601,#602,#603,#604,#605,#606,#607,
    #608,#609,#610,#611,#612,#613,#614,#615,#616,#617,#618,#619,#620,
    #621,#622,#623,#624,#625,#626,#627,#628,#629,#630,#631,#632,#633,
    #634,#635,#636,#637,#638,#639,#640,#641,#642,#643,#644,#645,#646,
    #647,#648,#649,#650,#651,#652,#653,#654,#655,#656,#657,#658,#659,
    #660,#661,#662,#663,#664,#665,#666,#667,#668,#669,#670,#671,#672,
    #673,#674,#675,#676,#677,#678,#679,#680,#681,#682,#683,#684,#685,
    #686,#687,#688,#689,#690,#691,#692,#693,#694,#695,#696,#697,#698,
    #699,#700,#701),.UNSPECIFIED.,.F.,.F.,(4,1,1,1,1,1,1,1,1,1,1,1,1,1,1
    ,1,1,1,1,1,1,1,1,1,1,1,1,1,1,1,1,1,1,1,1,1,1,1,1,1,1,1,1,1,1,1,1,1,1
    ,1,1,1,1,1,1,1,1,1,1,1,1,1,1,1,1,1,1,1,1,1,1,1,1,1,1,1,1,1,1,1,1,1,1
    ,1,1,1,1,1,1,1,1,1,1,1,1,1,1,1,1,1,1,1,1,1,1,1,1,1,1,1,4),(0.,
    1.820791691604E-02,3.641583383209E-02,5.462375074813E-02,
    7.283166766418E-02,9.103958458022E-02,0.109247501496,0.127455418412,
    0.145663335328,0.163871252244,0.18207916916,0.200287086076,
    0.218495002993,0.236702919909,0.254910836825,0.273118753741,
    0.291326670657,0.309534587573,0.327742504489,0.345950421405,
    0.364158338321,0.382366255237,0.400574172153,0.418782089069,
    0.436990005985,0.455197922901,0.473405839817,0.491613756733,
    0.509821673649,0.528029590565,0.546237507481,0.564445424397,
    0.582653341313,0.600861258229,0.619069175145,0.637277092062,
    0.655485008978,0.673692925894,0.69190084281,0.710108759726,
    0.728316676642,0.746524593558,0.764732510474,0.78294042739,
    0.801148344306,0.819356261222,0.837564178138,0.855772095054,
    0.87398001197,0.892187928886,0.910395845802,0.928603762718,
    0.946811679634,0.96501959655,0.983227513466,1.001435430382,
    1.019643347298,1.037851264215,1.056059181131,1.074267098047,
    1.092475014963,1.110682931879,1.128890848795,1.147098765711,
    1.165306682627,1.183514599543,1.201722516459,1.219930433375,
    1.238138350291,1.256346267207,1.274554184123,1.292762101039,
    1.310970017955,1.329177934871,1.347385851787,1.365593768703,
    1.383801685619,1.402009602535,1.420217519451,1.438425436367,
    1.456633353284,1.4748412702,1.493049187116,1.511257104032,
    1.529465020948,1.547672937864,1.56588085478,1.584088771696,
    1.602296688612,1.620504605528,1.638712522444,1.65692043936,
    1.675128356276,1.693336273192,1.711544190108,1.729752107024,
    1.74796002394,1.766167940856,1.784375857772,1.802583774688,
    1.820791691604,1.83899960852,1.857207525436,1.875415442353,
    1.893623359269,1.911831276185,1.930039193101,1.948247110017,
    1.966455026933,1.984662943849,2.002870860765),
  .QUASI_UNIFORM_KNOTS.);
#589 = CARTESIAN_POINT('',(-1.570796326795,110.27844931952));
#590 = CARTESIAN_POINT('',(-1.567128231264,110.13160009859));
#591 = CARTESIAN_POINT('',(-1.55983915337,109.83761614627));
#592 = CARTESIAN_POINT('',(-1.549048073358,109.39578948871));
#593 = CARTESIAN_POINT('',(-1.538400693668,108.95311800595));
#594 = CARTESIAN_POINT('',(-1.527898296183,108.50960724626));
#595 = CARTESIAN_POINT('',(-1.5175422401,108.06526258275));
#596 = CARTESIAN_POINT('',(-1.507333972452,107.62008918217));
#597 = CARTESIAN_POINT('',(-1.497275025439,107.17409208016));
#598 = CARTESIAN_POINT('',(-1.487367016278,106.72727619546));
#599 = CARTESIAN_POINT('',(-1.477611646069,106.27964637228));
#600 = CARTESIAN_POINT('',(-1.46801070006,105.83120741634));
#601 = CARTESIAN_POINT('',(-1.458566045694,105.38196412118));
#602 = CARTESIAN_POINT('',(-1.44927963258,104.9319213476));
#603 = CARTESIAN_POINT('',(-1.440153490059,104.48108398733));
#604 = CARTESIAN_POINT('',(-1.431189727579,104.02945711175));
#605 = CARTESIAN_POINT('',(-1.422390531458,103.57704587835));
#606 = CARTESIAN_POINT('',(-1.413758162987,103.1238557078));
#607 = CARTESIAN_POINT('',(-1.405294956826,102.66989224935));
#608 = CARTESIAN_POINT('',(-1.397003318519,102.21516141399));
#609 = CARTESIAN_POINT('',(-1.388885722718,101.75966950884));
#610 = CARTESIAN_POINT('',(-1.380944709135,101.30342313511));
#611 = CARTESIAN_POINT('',(-1.373182876527,100.84642940084));
#612 = CARTESIAN_POINT('',(-1.365602881095,100.38869588464));
#613 = CARTESIAN_POINT('',(-1.358207435526,99.930230596325));
#614 = CARTESIAN_POINT('',(-1.350999300929,99.471042255501));
#615 = CARTESIAN_POINT('',(-1.3439812794,99.011140070131));
#616 = CARTESIAN_POINT('',(-1.337156213285,98.550533965532));
#617 = CARTESIAN_POINT('',(-1.330526977107,98.089234586925));
#618 = CARTESIAN_POINT('',(-1.324096471221,97.627253329128));
#619 = CARTESIAN_POINT('',(-1.317867614241,97.164602307732));
#620 = CARTESIAN_POINT('',(-1.311843338265,96.701294553691));
#621 = CARTESIAN_POINT('',(-1.306026578527,96.237343955028));
#622 = CARTESIAN_POINT('',(-1.300420266932,95.7727652962));
#623 = CARTESIAN_POINT('',(-1.29502732323,95.307574322266));
#624 = CARTESIAN_POINT('',(-1.289850645452,94.841787722806));
#625 = CARTESIAN_POINT('',(-1.28489310137,94.375423239864));
#626 = CARTESIAN_POINT('',(-1.280157516125,93.908499360061));
#627 = CARTESIAN_POINT('',(-1.275646673835,93.441036546013));
#628 = CARTESIAN_POINT('',(-1.271363250248,92.973050984861));
#629 = CARTESIAN_POINT('',(-1.267309913983,92.504566270324));
#630 = CARTESIAN_POINT('',(-1.263489244082,92.03560647189));
#631 = CARTESIAN_POINT('',(-1.259903724072,91.566196380182));
#632 = CARTESIAN_POINT('',(-1.256555731723,91.096361453847));
#633 = CARTESIAN_POINT('',(-1.25344753008,90.626127846412));
#634 = CARTESIAN_POINT('',(-1.250581258341,90.155522411659));
#635 = CARTESIAN_POINT('',(-1.24795892302,89.684572714507));
#636 = CARTESIAN_POINT('',(-1.245582389371,89.213307040638));
#637 = CARTESIAN_POINT('',(-1.243453373118,88.74175440463));
#638 = CARTESIAN_POINT('',(-1.241573432571,88.269944564014));
#639 = CARTESIAN_POINT('',(-1.239943961166,87.797908009485));
#640 = CARTESIAN_POINT('',(-1.238566180463,87.325676042705));
#641 = CARTESIAN_POINT('',(-1.237441133735,86.853280525343));
#642 = CARTESIAN_POINT('',(-1.236569679937,86.380754853093));
#643 = CARTESIAN_POINT('',(-1.235952489018,85.908130355728));
#644 = CARTESIAN_POINT('',(-1.235590035224,85.435449764933));
#645 = CARTESIAN_POINT('',(-1.235482601123,84.962716981594));
#646 = CARTESIAN_POINT('',(-1.23563024483,84.490087384971));
#647 = CARTESIAN_POINT('',(-1.236032593931,84.017659112187));
#648 = CARTESIAN_POINT('',(-1.236689111287,83.5454397768));
#649 = CARTESIAN_POINT('',(-1.237599077038,83.073460049154));
#650 = CARTESIAN_POINT('',(-1.238761599097,82.60174326703));
#651 = CARTESIAN_POINT('',(-1.240175616776,82.130313622402));
#652 = CARTESIAN_POINT('',(-1.241839906928,81.659194011221));
#653 = CARTESIAN_POINT('',(-1.243753090048,81.188406652363));
#654 = CARTESIAN_POINT('',(-1.245913636948,80.717972963879));
#655 = CARTESIAN_POINT('',(-1.248319875773,80.247913637505));
#656 = CARTESIAN_POINT('',(-1.250969999363,79.778248659205));
#657 = CARTESIAN_POINT('',(-1.253862072899,79.308997343295));
#658 = CARTESIAN_POINT('',(-1.25699404178,78.840178361971));
#659 = CARTESIAN_POINT('',(-1.260363739689,78.371809775074));
#660 = CARTESIAN_POINT('',(-1.263968896808,77.90390905873));
#661 = CARTESIAN_POINT('',(-1.267807148124,77.436493133196));
#662 = CARTESIAN_POINT('',(-1.271876041794,76.969578389777));
#663 = CARTESIAN_POINT('',(-1.276173047524,76.50318071681));
#664 = CARTESIAN_POINT('',(-1.280695564929,76.03731552468));
#665 = CARTESIAN_POINT('',(-1.285440931831,75.571997769849));
#666 = CARTESIAN_POINT('',(-1.290406432468,75.107241977879));
#667 = CARTESIAN_POINT('',(-1.295589305571,74.643062265427));
#668 = CARTESIAN_POINT('',(-1.300986752305,74.179472361192));
#669 = CARTESIAN_POINT('',(-1.306595944014,73.716485625821));
#670 = CARTESIAN_POINT('',(-1.312414029776,73.254115070747));
#671 = CARTESIAN_POINT('',(-1.318438143736,72.79237337596));
#672 = CARTESIAN_POINT('',(-1.324665412189,72.331272906716));
#673 = CARTESIAN_POINT('',(-1.331092960423,71.870825729172));
#674 = CARTESIAN_POINT('',(-1.337717919286,71.411043624958));
#675 = CARTESIAN_POINT('',(-1.344537431474,70.951938104699));
#676 = CARTESIAN_POINT('',(-1.351548657549,70.493520420485));
#677 = CARTESIAN_POINT('',(-1.358748781655,70.035801577306));
#678 = CARTESIAN_POINT('',(-1.366135016955,69.578792343477));
#679 = CARTESIAN_POINT('',(-1.373704610782,69.12250326006));
#680 = CARTESIAN_POINT('',(-1.3814548495,68.666944649312));
#681 = CARTESIAN_POINT('',(-1.389383063093,68.212126622186));
#682 = CARTESIAN_POINT('',(-1.397486629485,67.758059084898));
#683 = CARTESIAN_POINT('',(-1.405762978598,67.304751744663));
#684 = CARTESIAN_POINT('',(-1.414209596172,66.852214114342));
#685 = CARTESIAN_POINT('',(-1.422824027328,66.400455517168));
#686 = CARTESIAN_POINT('',(-1.431603879998,65.949485087323));
#687 = CARTESIAN_POINT('',(-1.440546827838,65.499311782397));
#688 = CARTESIAN_POINT('',(-1.449650614132,65.049944348081));
#689 = CARTESIAN_POINT('',(-1.458913051167,64.601391457917));
#690 = CARTESIAN_POINT('',(-1.468332035712,64.153661196791));
#691 = CARTESIAN_POINT('',(-1.477905503731,63.706762990918));
#692 = CARTESIAN_POINT('',(-1.487632389638,63.260664378715));
#693 = CARTESIAN_POINT('',(-1.497510815266,62.815375565828));
#694 = CARTESIAN_POINT('',(-1.507539131863,62.370899757685));
#695 = CARTESIAN_POINT('',(-1.517715732125,61.927242235358));
#696 = CARTESIAN_POINT('',(-1.528039102285,61.484407921176));
#697 = CARTESIAN_POINT('',(-1.538507808961,61.042402026955));
#698 = CARTESIAN_POINT('',(-1.549120507068,60.601229882));
#699 = CARTESIAN_POINT('',(-1.559875928874,60.16089695938));
#700 = CARTESIAN_POINT('',(-1.567140594656,59.867904939379));
#701 = CARTESIAN_POINT('',(-1.570796326795,59.721550680471));
#702 = ( GEOMETRIC_REPRESENTATION_CONTEXT(2) 
PARAMETRIC_REPRESENTATION_CONTEXT() REPRESENTATION_CONTEXT('2D SPACE',''
  ) );
#703 = PCURVE('',#704,#709);
#704 = SPHERICAL_SURFACE('',#705,62.);
#705 = AXIS2_PLACEMENT_3D('',#706,#707,#708);
#706 = CARTESIAN_POINT('',(82.,0.,8.));
#707 = DIRECTION('',(0.,0.,1.));
#708 = DIRECTION('',(1.,0.,-0.));
#709 = DEFINITIONAL_REPRESENTATION('',(#710),#824);
#710 = B_SPLINE_CURVE_WITH_KNOTS('',3,(#711,#712,#713,#714,#715,#716,
    #717,#718,#719,#720,#721,#722,#723,#724,#725,#726,#727,#728,#729,
    #730,#731,#732,#733,#734,#735,#736,#737,#738,#739,#740,#741,#742,
    #743,#744,#745,#746,#747,#748,#749,#750,#751,#752,#753,#754,#755,
    #756,#757,#758,#759,#760,#761,#762,#763,#764,#765,#766,#767,#768,
    #769,#770,#771,#772,#773,#774,#775,#776,#777,#778,#779,#780,#781,
    #782,#783,#784,#785,#786,#787,#788,#789,#790,#791,#792,#793,#794,
    #795,#796,#797,#798,#799,#800,#801,#802,#803,#804,#805,#806,#807,
    #808,#809,#810,#811,#812,#813,#814,#815,#816,#817,#818,#819,#820,
    #821,#822,#823),.UNSPECIFIED.,.F.,.F.,(4,1,1,1,1,1,1,1,1,1,1,1,1,1,1
    ,1,1,1,1,1,1,1,1,1,1,1,1,1,1,1,1,1,1,1,1,1,1,1,1,1,1,1,1,1,1,1,1,1,1
    ,1,1,1,1,1,1,1,1,1,1,1,1,1,1,1,1,1,1,1,1,1,1,1,1,1,1,1,1,1,1,1,1,1,1
    ,1,1,1,1,1,1,1,1,1,1,1,1,1,1,1,1,1,1,1,1,1,1,1,1,1,1,1,4),(0.,
    1.820791691604E-02,3.641583383209E-02,5.462375074813E-02,
    7.283166766418E-02,9.103958458022E-02,0.109247501496,0.127455418412,
    0.145663335328,0.163871252244,0.18207916916,0.200287086076,
    0.218495002993,0.236702919909,0.254910836825,0.273118753741,
    0.291326670657,0.309534587573,0.327742504489,0.345950421405,
    0.364158338321,0.382366255237,0.400574172153,0.418782089069,
    0.436990005985,0.455197922901,0.473405839817,0.491613756733,
    0.509821673649,0.528029590565,0.546237507481,0.564445424397,
    0.582653341313,0.600861258229,0.619069175145,0.637277092062,
    0.655485008978,0.673692925894,0.69190084281,0.710108759726,
    0.728316676642,0.746524593558,0.764732510474,0.78294042739,
    0.801148344306,0.819356261222,0.837564178138,0.855772095054,
    0.87398001197,0.892187928886,0.910395845802,0.928603762718,
    0.946811679634,0.96501959655,0.983227513466,1.001435430382,
    1.019643347298,1.037851264215,1.056059181131,1.074267098047,
    1.092475014963,1.110682931879,1.128890848795,1.147098765711,
    1.165306682627,1.183514599543,1.201722516459,1.219930433375,
    1.238138350291,1.256346267207,1.274554184123,1.292762101039,
    1.310970017955,1.329177934871,1.347385851787,1.365593768703,
    1.383801685619,1.402009602535,1.420217519451,1.438425436367,
    1.456633353284,1.4748412702,1.493049187116,1.511257104032,
    1.529465020948,1.547672937864,1.56588085478,1.584088771696,
    1.602296688612,1.620504605528,1.638712522444,1.65692043936,
    1.675128356276,1.693336273192,1.711544190108,1.729752107024,
    1.74796002394,1.766167940856,1.784375857772,1.802583774688,
    1.820791691604,1.83899960852,1.857207525436,1.875415442353,
    1.893623359269,1.911831276185,1.930039193101,1.948247110017,
    1.966455026933,1.984662943849,2.002870860765),
  .QUASI_UNIFORM_KNOTS.);
#711 = CARTESIAN_POINT('',(6.785668759387,0.561265607353));
#712 = CARTESIAN_POINT('',(6.782476381386,0.561265607825));
#713 = CARTESIAN_POINT('',(6.776096388325,0.561248688374));
#714 = CARTESIAN_POINT('',(6.766541233516,0.56117451348));
#715 = CARTESIAN_POINT('',(6.757001478792,0.561053506276));
#716 = CARTESIAN_POINT('',(6.74747762172,0.5608876374));
#717 = CARTESIAN_POINT('',(6.737970116696,0.560678881852));
#718 = CARTESIAN_POINT('',(6.728479368906,0.560429219807));
#719 = CARTESIAN_POINT('',(6.719005737496,0.560140636161));
#720 = CARTESIAN_POINT('',(6.70954953558,0.55981512027));
#721 = CARTESIAN_POINT('',(6.700111031301,0.559454665373));
#722 = CARTESIAN_POINT('',(6.690690448866,0.559061268732));
#723 = CARTESIAN_POINT('',(6.681287969129,0.558636930705));
#724 = CARTESIAN_POINT('',(6.671903731464,0.558183654329));
#725 = CARTESIAN_POINT('',(6.662537833233,0.557703444914));
#726 = CARTESIAN_POINT('',(6.653190333025,0.557198309216));
#727 = CARTESIAN_POINT('',(6.643861249052,0.556670255196));
#728 = CARTESIAN_POINT('',(6.634550562701,0.556121289775));
#729 = CARTESIAN_POINT('',(6.625258218306,0.555553419032));
#730 = CARTESIAN_POINT('',(6.615984124061,0.554968647215));
#731 = CARTESIAN_POINT('',(6.60672815493,0.554368975294));
#732 = CARTESIAN_POINT('',(6.597490150977,0.553756400454));
#733 = CARTESIAN_POINT('',(6.588269921401,0.553132911803));
#734 = CARTESIAN_POINT('',(6.579067244474,0.552500490851));
#735 = CARTESIAN_POINT('',(6.569881867427,0.5518611122));
#736 = CARTESIAN_POINT('',(6.560713511662,0.551216738062));
#737 = CARTESIAN_POINT('',(6.551561868843,0.550569316987));
#738 = CARTESIAN_POINT('',(6.54242660595,0.549920782987));
#739 = CARTESIAN_POINT('',(6.533307365569,0.54927305239));
#740 = CARTESIAN_POINT('',(6.524203766882,0.548628021517));
#741 = CARTESIAN_POINT('',(6.515115405554,0.547987564114));
#742 = CARTESIAN_POINT('',(6.50604185803,0.547353529012));
#743 = CARTESIAN_POINT('',(6.49698268081,0.546727736382));
#744 = CARTESIAN_POINT('',(6.487937411859,0.546111975606));
#745 = CARTESIAN_POINT('',(6.478905572404,0.545508001762));
#746 = CARTESIAN_POINT('',(6.469886667263,0.544917532182));
#747 = CARTESIAN_POINT('',(6.460880187629,0.544342243126));
#748 = CARTESIAN_POINT('',(6.451885605948,0.543783765971));
#749 = CARTESIAN_POINT('',(6.442902400366,0.54324368528));
#750 = CARTESIAN_POINT('',(6.433929935814,0.542723527821));
#751 = CARTESIAN_POINT('',(6.424967689334,0.542224772306));
#752 = CARTESIAN_POINT('',(6.416015117468,0.541748837325));
#753 = CARTESIAN_POINT('',(6.407071662328,0.54129707795));
#754 = CARTESIAN_POINT('',(6.398136751848,0.540870782011));
#755 = CARTESIAN_POINT('',(6.389209801672,0.540471166542));
#756 = CARTESIAN_POINT('',(6.380290216696,0.540099374285));
#757 = CARTESIAN_POINT('',(6.371377392771,0.539756470315));
#758 = CARTESIAN_POINT('',(6.362470718462,0.539443438797));
#759 = CARTESIAN_POINT('',(6.35356957683,0.539161179893));
#760 = CARTESIAN_POINT('',(6.344673347397,0.538910506856));
#761 = CARTESIAN_POINT('',(6.335781407725,0.538692143315));
#762 = CARTESIAN_POINT('',(6.326893136691,0.53850672078));
#763 = CARTESIAN_POINT('',(6.318007911657,0.538354776407));
#764 = CARTESIAN_POINT('',(6.309125128695,0.538236750985));
#765 = CARTESIAN_POINT('',(6.300244136955,0.538152987347));
#766 = CARTESIAN_POINT('',(6.291364493658,0.538103728587));
#767 = CARTESIAN_POINT('',(6.282485022678,0.538089118479));
#768 = CARTESIAN_POINT('',(6.273607391128,0.538109195239));
#769 = CARTESIAN_POINT('',(6.264732192559,0.538163865082));
#770 = CARTESIAN_POINT('',(6.255858324878,0.538252939061));
#771 = CARTESIAN_POINT('',(6.246985125451,0.538376130155));
#772 = CARTESIAN_POINT('',(6.238111802168,0.53853305564));
#773 = CARTESIAN_POINT('',(6.229237588976,0.538723238426));
#774 = CARTESIAN_POINT('',(6.220361707206,0.538946109034));
#775 = CARTESIAN_POINT('',(6.211483378864,0.539201007714));
#776 = CARTESIAN_POINT('',(6.202601825904,0.539487186826));
#777 = CARTESIAN_POINT('',(6.193716273179,0.539803813392));
#778 = CARTESIAN_POINT('',(6.184825950318,0.540149971844));
#779 = CARTESIAN_POINT('',(6.175930093794,0.540524666901));
#780 = CARTESIAN_POINT('',(6.167027948868,0.540926826588));
#781 = CARTESIAN_POINT('',(6.158118771464,0.541355305353));
#782 = CARTESIAN_POINT('',(6.149201829982,0.54180888727));
#783 = CARTESIAN_POINT('',(6.140276407037,0.542286289314));
#784 = CARTESIAN_POINT('',(6.131341801131,0.542786164675));
#785 = CARTESIAN_POINT('',(6.122397328258,0.543307106106));
#786 = CARTESIAN_POINT('',(6.113442323443,0.543847649283));
#787 = CARTESIAN_POINT('',(6.10447614221,0.544406276165));
#788 = CARTESIAN_POINT('',(6.095498161993,0.54498141833));
#789 = CARTESIAN_POINT('',(6.086507783477,0.545571460288));
#790 = CARTESIAN_POINT('',(6.077504431879,0.546174742745));
#791 = CARTESIAN_POINT('',(6.068487558169,0.546789565809));
#792 = CARTESIAN_POINT('',(6.05945664023,0.547414192137));
#793 = CARTESIAN_POINT('',(6.05041118396,0.54804685));
#794 = CARTESIAN_POINT('',(6.041350724316,0.548685736261));
#795 = CARTESIAN_POINT('',(6.032274826303,0.549329019265));
#796 = CARTESIAN_POINT('',(6.02318308591,0.549974841623));
#797 = CARTESIAN_POINT('',(6.01407513099,0.550621322895));
#798 = CARTESIAN_POINT('',(6.004950622089,0.551266562157));
#799 = CARTESIAN_POINT('',(5.995809253227,0.551908640456));
#800 = CARTESIAN_POINT('',(5.986650752627,0.552545623139));
#801 = CARTESIAN_POINT('',(5.977474883392,0.553175562072));
#802 = CARTESIAN_POINT('',(5.968281444142,0.553796497728));
#803 = CARTESIAN_POINT('',(5.9590702696,0.554406461156));
#804 = CARTESIAN_POINT('',(5.949841231128,0.555003475824));
#805 = CARTESIAN_POINT('',(5.940594237226,0.555585559346));
#806 = CARTESIAN_POINT('',(5.931329233976,0.55615072509));
#807 = CARTESIAN_POINT('',(5.92204620546,0.556696983667));
#808 = CARTESIAN_POINT('',(5.912745174065,0.557222344312));
#809 = CARTESIAN_POINT('',(5.903426201009,0.55772481616));
#810 = CARTESIAN_POINT('',(5.894089385807,0.558202409422));
#811 = CARTESIAN_POINT('',(5.884734869502,0.558653136453));
#812 = CARTESIAN_POINT('',(5.875362823616,0.559075012815));
#813 = CARTESIAN_POINT('',(5.865973492162,0.559466057937));
#814 = CARTESIAN_POINT('',(5.856566277159,0.55982432703));
#815 = CARTESIAN_POINT('',(5.847141515545,0.560147837541));
#816 = CARTESIAN_POINT('',(5.837699440641,0.560434617922));
#817 = CARTESIAN_POINT('',(5.828240371901,0.560682698742));
#818 = CARTESIAN_POINT('',(5.818764664331,0.560890115393));
#819 = CARTESIAN_POINT('',(5.809272721765,0.561054907627));
#820 = CARTESIAN_POINT('',(5.79976499482,0.561175120183));
#821 = CARTESIAN_POINT('',(5.790241976017,0.561248802294));
#822 = CARTESIAN_POINT('',(5.783883472883,0.561265607814));
#823 = CARTESIAN_POINT('',(5.780701854972,0.561265607353));
#824 = ( GEOMETRIC_REPRESENTATION_CONTEXT(2) 
PARAMETRIC_REPRESENTATION_CONTEXT() REPRESENTATION_CONTEXT('2D SPACE',''
  ) );
#825 = ORIENTED_EDGE('',*,*,#826,.T.);
#826 = EDGE_CURVE('',#510,#401,#827,.T.);
#827 = SURFACE_CURVE('',#828,(#832,#839),.PCURVE_S1.);
#828 = LINE('',#829,#830);
#829 = CARTESIAN_POINT('',(128.,-85.,41.));
#830 = VECTOR('',#831,1.);
#831 = DIRECTION('',(-0.,1.,0.));
#832 = PCURVE('',#437,#833);
#833 = DEFINITIONAL_REPRESENTATION('',(#834),#838);
#834 = LINE('',#835,#836);
#835 = CARTESIAN_POINT('',(-1.570796326795,0.));
#836 = VECTOR('',#837,1.);
#837 = DIRECTION('',(-0.,1.));
#838 = ( GEOMETRIC_REPRESENTATION_CONTEXT(2) 
PARAMETRIC_REPRESENTATION_CONTEXT() REPRESENTATION_CONTEXT('2D SPACE',''
  ) );
#839 = PCURVE('',#840,#845);
#840 = PLANE('',#841);
#841 = AXIS2_PLACEMENT_3D('',#842,#843,#844);
#842 = CARTESIAN_POINT('',(-150.,-85.,41.));
#843 = DIRECTION('',(0.,0.,1.));
#844 = DIRECTION('',(1.,0.,-0.));
#845 = DEFINITIONAL_REPRESENTATION('',(#846),#850);
#846 = LINE('',#847,#848);
#847 = CARTESIAN_POINT('',(278.,0.));
#848 = VECTOR('',#849,1.);
#849 = DIRECTION('',(0.,1.));
#850 = ( GEOMETRIC_REPRESENTATION_CONTEXT(2) 
PARAMETRIC_REPRESENTATION_CONTEXT() REPRESENTATION_CONTEXT('2D SPACE',''
  ) );
#851 = ORIENTED_EDGE('',*,*,#422,.F.);
#852 = ORIENTED_EDGE('',*,*,#853,.F.);
#853 = EDGE_CURVE('',#455,#316,#854,.T.);
#854 = SURFACE_CURVE('',#855,(#859,#866),.PCURVE_S1.);
#855 = LINE('',#856,#857);
#856 = CARTESIAN_POINT('',(150.,-85.,19.));
#857 = VECTOR('',#858,1.);
#858 = DIRECTION('',(-0.,1.,0.));
#859 = PCURVE('',#437,#860);
#860 = DEFINITIONAL_REPRESENTATION('',(#861),#865);
#861 = LINE('',#862,#863);
#862 = CARTESIAN_POINT('',(-0.,0.));
#863 = VECTOR('',#864,1.);
#864 = DIRECTION('',(-0.,1.));
#865 = ( GEOMETRIC_REPRESENTATION_CONTEXT(2) 
PARAMETRIC_REPRESENTATION_CONTEXT() REPRESENTATION_CONTEXT('2D SPACE',''
  ) );
#866 = PCURVE('',#331,#867);
#867 = DEFINITIONAL_REPRESENTATION('',(#868),#872);
#868 = LINE('',#869,#870);
#869 = CARTESIAN_POINT('',(60.,0.));
#870 = VECTOR('',#871,1.);
#871 = DIRECTION('',(0.,-1.));
#872 = ( GEOMETRIC_REPRESENTATION_CONTEXT(2) 
PARAMETRIC_REPRESENTATION_CONTEXT() REPRESENTATION_CONTEXT('2D SPACE',''
  ) );
#873 = ADVANCED_FACE('',(#874),#840,.T.);
#874 = FACE_BOUND('',#875,.T.);
#875 = EDGE_LOOP('',(#876,#907,#933,#954,#955,#978));
#876 = ORIENTED_EDGE('',*,*,#877,.F.);
#877 = EDGE_CURVE('',#878,#880,#882,.T.);
#878 = VERTEX_POINT('',#879);
#879 = CARTESIAN_POINT('',(-20.36830759625,28.746794344809,41.));
#880 = VERTEX_POINT('',#881);
#881 = CARTESIAN_POINT('',(-128.,31.654383582689,41.));
#882 = SURFACE_CURVE('',#883,(#888,#895),.PCURVE_S1.);
#883 = CIRCLE('',#884,61.733297336203);
#884 = AXIS2_PLACEMENT_3D('',#885,#886,#887);
#885 = CARTESIAN_POINT('',(-75.,0.,41.));
#886 = DIRECTION('',(0.,0.,1.));
#887 = DIRECTION('',(1.,0.,-0.));
#888 = PCURVE('',#840,#889);
#889 = DEFINITIONAL_REPRESENTATION('',(#890),#894);
#890 = CIRCLE('',#891,61.733297336203);
#891 = AXIS2_PLACEMENT_2D('',#892,#893);
#892 = CARTESIAN_POINT('',(75.,85.));
#893 = DIRECTION('',(1.,0.));
#894 = ( GEOMETRIC_REPRESENTATION_CONTEXT(2) 
PARAMETRIC_REPRESENTATION_CONTEXT() REPRESENTATION_CONTEXT('2D SPACE',''
  ) );
#895 = PCURVE('',#896,#901);
#896 = SPHERICAL_SURFACE('',#897,70.);
#897 = AXIS2_PLACEMENT_3D('',#898,#899,#900);
#898 = CARTESIAN_POINT('',(-75.,0.,8.));
#899 = DIRECTION('',(0.,0.,1.));
#900 = DIRECTION('',(1.,0.,-0.));
#901 = DEFINITIONAL_REPRESENTATION('',(#902),#906);
#902 = LINE('',#903,#904);
#903 = CARTESIAN_POINT('',(0.,0.490909949348));
#904 = VECTOR('',#905,1.);
#905 = DIRECTION('',(1.,0.));
#906 = ( GEOMETRIC_REPRESENTATION_CONTEXT(2) 
PARAMETRIC_REPRESENTATION_CONTEXT() REPRESENTATION_CONTEXT('2D SPACE',''
  ) );
#907 = ORIENTED_EDGE('',*,*,#908,.T.);
#908 = EDGE_CURVE('',#878,#909,#911,.T.);
#909 = VERTEX_POINT('',#910);
#910 = CARTESIAN_POINT('',(38.083923047507,28.746794344809,41.));
#911 = SURFACE_CURVE('',#912,(#916,#922),.PCURVE_S1.);
#912 = LINE('',#913,#914);
#913 = CARTESIAN_POINT('',(-87.5,28.746794344809,41.));
#914 = VECTOR('',#915,1.);
#915 = DIRECTION('',(1.,0.,-0.));
#916 = PCURVE('',#840,#917);
#917 = DEFINITIONAL_REPRESENTATION('',(#918),#921);
#918 = B_SPLINE_CURVE_WITH_KNOTS('',1,(#919,#920),.UNSPECIFIED.,.F.,.F.,
  (2,2),(11.9999994,193.0000006),.PIECEWISE_BEZIER_KNOTS.);
#919 = CARTESIAN_POINT('',(74.4999994,113.7467943448));
#920 = CARTESIAN_POINT('',(255.5000006,113.7467943448));
#921 = ( GEOMETRIC_REPRESENTATION_CONTEXT(2) 
PARAMETRIC_REPRESENTATION_CONTEXT() REPRESENTATION_CONTEXT('2D SPACE',''
  ) );
#922 = PCURVE('',#923,#928);
#923 = CYLINDRICAL_SURFACE('',#924,12.);
#924 = AXIS2_PLACEMENT_3D('',#925,#926,#927);
#925 = CARTESIAN_POINT('',(-87.5,19.,48.));
#926 = DIRECTION('',(1.,0.,-0.));
#927 = DIRECTION('',(0.,1.,0.));
#928 = DEFINITIONAL_REPRESENTATION('',(#929),#932);
#929 = B_SPLINE_CURVE_WITH_KNOTS('',1,(#930,#931),.UNSPECIFIED.,.F.,.F.,
  (2,2),(11.9999994,193.0000006),.PIECEWISE_BEZIER_KNOTS.);
#930 = CARTESIAN_POINT('',(-0.622826585412,11.9999994));
#931 = CARTESIAN_POINT('',(-0.622826585412,193.0000006));
#932 = ( GEOMETRIC_REPRESENTATION_CONTEXT(2) 
PARAMETRIC_REPRESENTATION_CONTEXT() REPRESENTATION_CONTEXT('2D SPACE',''
  ) );
#933 = ORIENTED_EDGE('',*,*,#934,.F.);
#934 = EDGE_CURVE('',#510,#909,#935,.T.);
#935 = SURFACE_CURVE('',#936,(#941,#948),.PCURVE_S1.);
#936 = CIRCLE('',#937,52.488093888043);
#937 = AXIS2_PLACEMENT_3D('',#938,#939,#940);
#938 = CARTESIAN_POINT('',(82.,0.,41.));
#939 = DIRECTION('',(0.,0.,1.));
#940 = DIRECTION('',(1.,0.,-0.));
#941 = PCURVE('',#840,#942);
#942 = DEFINITIONAL_REPRESENTATION('',(#943),#947);
#943 = CIRCLE('',#944,52.488093888043);
#944 = AXIS2_PLACEMENT_2D('',#945,#946);
#945 = CARTESIAN_POINT('',(232.,85.));
#946 = DIRECTION('',(1.,0.));
#947 = ( GEOMETRIC_REPRESENTATION_CONTEXT(2) 
PARAMETRIC_REPRESENTATION_CONTEXT() REPRESENTATION_CONTEXT('2D SPACE',''
  ) );
#948 = PCURVE('',#704,#949);
#949 = DEFINITIONAL_REPRESENTATION('',(#950),#953);
#950 = B_SPLINE_CURVE_WITH_KNOTS('',1,(#951,#952),.UNSPECIFIED.,.F.,.F.,
  (2,2),(0.502483452208,2.562001157781),.PIECEWISE_BEZIER_KNOTS.);
#951 = CARTESIAN_POINT('',(6.785668759387,0.561265607353));
#952 = CARTESIAN_POINT('',(8.84518646496,0.561265607353));
#953 = ( GEOMETRIC_REPRESENTATION_CONTEXT(2) 
PARAMETRIC_REPRESENTATION_CONTEXT() REPRESENTATION_CONTEXT('2D SPACE',''
  ) );
#954 = ORIENTED_EDGE('',*,*,#826,.T.);
#955 = ORIENTED_EDGE('',*,*,#956,.F.);
#956 = EDGE_CURVE('',#957,#401,#959,.T.);
#957 = VERTEX_POINT('',#958);
#958 = CARTESIAN_POINT('',(-128.,63.,41.));
#959 = SURFACE_CURVE('',#960,(#964,#971),.PCURVE_S1.);
#960 = LINE('',#961,#962);
#961 = CARTESIAN_POINT('',(-150.,63.,41.));
#962 = VECTOR('',#963,1.);
#963 = DIRECTION('',(1.,0.,-0.));
#964 = PCURVE('',#840,#965);
#965 = DEFINITIONAL_REPRESENTATION('',(#966),#970);
#966 = LINE('',#967,#968);
#967 = CARTESIAN_POINT('',(0.,148.));
#968 = VECTOR('',#969,1.);
#969 = DIRECTION('',(1.,0.));
#970 = ( GEOMETRIC_REPRESENTATION_CONTEXT(2) 
PARAMETRIC_REPRESENTATION_CONTEXT() REPRESENTATION_CONTEXT('2D SPACE',''
  ) );
#971 = PCURVE('',#244,#972);
#972 = DEFINITIONAL_REPRESENTATION('',(#973),#977);
#973 = LINE('',#974,#975);
#974 = CARTESIAN_POINT('',(1.570796326795,0.));
#975 = VECTOR('',#976,1.);
#976 = DIRECTION('',(0.,1.));
#977 = ( GEOMETRIC_REPRESENTATION_CONTEXT(2) 
PARAMETRIC_REPRESENTATION_CONTEXT() REPRESENTATION_CONTEXT('2D SPACE',''
  ) );
#978 = ORIENTED_EDGE('',*,*,#979,.F.);
#979 = EDGE_CURVE('',#880,#957,#980,.T.);
#980 = SURFACE_CURVE('',#981,(#985,#992),.PCURVE_S1.);
#981 = LINE('',#982,#983);
#982 = CARTESIAN_POINT('',(-128.,-85.,41.));
#983 = VECTOR('',#984,1.);
#984 = DIRECTION('',(-0.,1.,0.));
#985 = PCURVE('',#840,#986);
#986 = DEFINITIONAL_REPRESENTATION('',(#987),#991);
#987 = LINE('',#988,#989);
#988 = CARTESIAN_POINT('',(22.,0.));
#989 = VECTOR('',#990,1.);
#990 = DIRECTION('',(0.,1.));
#991 = ( GEOMETRIC_REPRESENTATION_CONTEXT(2) 
PARAMETRIC_REPRESENTATION_CONTEXT() REPRESENTATION_CONTEXT('2D SPACE',''
  ) );
#992 = PCURVE('',#126,#993);
#993 = DEFINITIONAL_REPRESENTATION('',(#994),#998);
#994 = LINE('',#995,#996);
#995 = CARTESIAN_POINT('',(1.570796326795,0.));
#996 = VECTOR('',#997,1.);
#997 = DIRECTION('',(0.,1.));
#998 = ( GEOMETRIC_REPRESENTATION_CONTEXT(2) 
PARAMETRIC_REPRESENTATION_CONTEXT() REPRESENTATION_CONTEXT('2D SPACE',''
  ) );
#999 = ADVANCED_FACE('',(#1000),#923,.T.);
#1000 = FACE_BOUND('',#1001,.F.);
#1001 = EDGE_LOOP('',(#1002,#1032,#1092,#1093));
#1002 = ORIENTED_EDGE('',*,*,#1003,.F.);
#1003 = EDGE_CURVE('',#1004,#1006,#1008,.T.);
#1004 = VERTEX_POINT('',#1005);
#1005 = CARTESIAN_POINT('',(-26.63679084262,31.,48.));
#1006 = VERTEX_POINT('',#1007);
#1007 = CARTESIAN_POINT('',(46.181010622855,31.,48.));
#1008 = SURFACE_CURVE('',#1009,(#1013,#1020),.PCURVE_S1.);
#1009 = LINE('',#1010,#1011);
#1010 = CARTESIAN_POINT('',(-87.5,31.,48.));
#1011 = VECTOR('',#1012,1.);
#1012 = DIRECTION('',(1.,0.,-0.));
#1013 = PCURVE('',#923,#1014);
#1014 = DEFINITIONAL_REPRESENTATION('',(#1015),#1019);
#1015 = LINE('',#1016,#1017);
#1016 = CARTESIAN_POINT('',(-0.,0.));
#1017 = VECTOR('',#1018,1.);
#1018 = DIRECTION('',(-0.,1.));
#1019 = ( GEOMETRIC_REPRESENTATION_CONTEXT(2) 
PARAMETRIC_REPRESENTATION_CONTEXT() REPRESENTATION_CONTEXT('2D SPACE',''
  ) );
#1020 = PCURVE('',#1021,#1026);
#1021 = PLANE('',#1022);
#1022 = AXIS2_PLACEMENT_3D('',#1023,#1024,#1025);
#1023 = CARTESIAN_POINT('',(-87.5,31.,36.));
#1024 = DIRECTION('',(-0.,1.,0.));
#1025 = DIRECTION('',(0.,0.,1.));
#1026 = DEFINITIONAL_REPRESENTATION('',(#1027),#1031);
#1027 = LINE('',#1028,#1029);
#1028 = CARTESIAN_POINT('',(12.,0.));
#1029 = VECTOR('',#1030,1.);
#1030 = DIRECTION('',(0.,1.));
#1031 = ( GEOMETRIC_REPRESENTATION_CONTEXT(2) 
PARAMETRIC_REPRESENTATION_CONTEXT() REPRESENTATION_CONTEXT('2D SPACE',''
  ) );
#1032 = ORIENTED_EDGE('',*,*,#1033,.T.);
#1033 = EDGE_CURVE('',#1004,#878,#1034,.T.);
#1034 = SURFACE_CURVE('',#1035,(#1052,#1072),.PCURVE_S1.);
#1035 = B_SPLINE_CURVE_WITH_KNOTS('',8,(#1036,#1037,#1038,#1039,#1040,
    #1041,#1042,#1043,#1044,#1045,#1046,#1047,#1048,#1049,#1050,#1051),
  .UNSPECIFIED.,.F.,.F.,(9,7,9),(0.,0.277193925315,1.),.UNSPECIFIED.);
#1036 = CARTESIAN_POINT('',(-26.63679084262,31.,48.));
#1037 = CARTESIAN_POINT('',(-26.33139382701,31.,47.630750506453));
#1038 = CARTESIAN_POINT('',(-26.02478058834,30.987014804992,
    47.26353368633));
#1039 = CARTESIAN_POINT('',(-25.71718707456,30.961294317883,
    46.898478981154));
#1040 = CARTESIAN_POINT('',(-25.40883342458,30.923034113299,
    46.535733823755));
#1041 = CARTESIAN_POINT('',(-25.09992566798,30.872386257796,
    46.175459590313));
#1042 = CARTESIAN_POINT('',(-24.79065694518,30.809466289558,
    45.817828833152));
#1043 = CARTESIAN_POINT('',(-24.48120824789,30.73435635757,
    45.463023794292));
#1044 = CARTESIAN_POINT('',(-23.36480727507,30.41958814183,
    44.193920966264));
#1045 = CARTESIAN_POINT('',(-22.55857477138,30.109733319116,
    43.298012923658));
#1046 = CARTESIAN_POINT('',(-21.75512250319,29.7184195593,
    42.425783272765));
#1047 = CARTESIAN_POINT('',(-20.95722205748,29.24477097659,
    41.581495665572));
#1048 = CARTESIAN_POINT('',(-20.16826785142,28.687377303495,
    40.770862243534));
#1049 = CARTESIAN_POINT('',(-19.39229701435,28.044118521336,
    40.001275802876));
#1050 = CARTESIAN_POINT('',(-18.63393611286,27.312716320969,
    39.281554230122));
#1051 = CARTESIAN_POINT('',(-17.89860167546,26.488526821824,
    38.623328626916));
#1052 = PCURVE('',#923,#1053);
#1053 = DEFINITIONAL_REPRESENTATION('',(#1054),#1071);
#1054 = B_SPLINE_CURVE_WITH_KNOTS('',8,(#1055,#1056,#1057,#1058,#1059,
    #1060,#1061,#1062,#1063,#1064,#1065,#1066,#1067,#1068,#1069,#1070),
  .UNSPECIFIED.,.F.,.F.,(9,7,9),(0.,0.277193925315,1.),.UNSPECIFIED.);
#1055 = CARTESIAN_POINT('',(0.,60.863209157375));
#1056 = CARTESIAN_POINT('',(-3.077079112888E-02,61.168606172982));
#1057 = CARTESIAN_POINT('',(-6.137219798548E-02,61.475219411659));
#1058 = CARTESIAN_POINT('',(-9.183780615365E-02,61.782812925434));
#1059 = CARTESIAN_POINT('',(-0.122197714871,62.091166575414));
#1060 = CARTESIAN_POINT('',(-0.152479671339,62.400074332012));
#1061 = CARTESIAN_POINT('',(-0.182710004541,62.709343054819));
#1062 = CARTESIAN_POINT('',(-0.212914358568,63.01879175211));
#1063 = CARTESIAN_POINT('',(-0.32187730518,64.135192724927));
#1064 = CARTESIAN_POINT('',(-0.400556847809,64.941425228614));
#1065 = CARTESIAN_POINT('',(-0.479698761248,65.744877496807));
#1066 = CARTESIAN_POINT('',(-0.559718380984,66.542777942515));
#1067 = CARTESIAN_POINT('',(-0.640995376055,67.331732148572));
#1068 = CARTESIAN_POINT('',(-0.723937003318,68.107702985648));
#1069 = CARTESIAN_POINT('',(-0.808991103964,68.866063887132));
#1070 = CARTESIAN_POINT('',(-0.896888980124,69.601398324537));
#1071 = ( GEOMETRIC_REPRESENTATION_CONTEXT(2) 
PARAMETRIC_REPRESENTATION_CONTEXT() REPRESENTATION_CONTEXT('2D SPACE',''
  ) );
#1072 = PCURVE('',#896,#1073);
#1073 = DEFINITIONAL_REPRESENTATION('',(#1074),#1091);
#1074 = B_SPLINE_CURVE_WITH_KNOTS('',8,(#1075,#1076,#1077,#1078,#1079,
    #1080,#1081,#1082,#1083,#1084,#1085,#1086,#1087,#1088,#1089,#1090),
  .UNSPECIFIED.,.F.,.F.,(9,7,9),(0.,0.277193925315,1.),.UNSPECIFIED.);
#1075 = CARTESIAN_POINT('',(0.570010315652,0.60824557891));
#1076 = CARTESIAN_POINT('',(0.567141434596,0.60181777028));
#1077 = CARTESIAN_POINT('',(0.564100173444,0.595458225009));
#1078 = CARTESIAN_POINT('',(0.560894372546,0.589167570098));
#1079 = CARTESIAN_POINT('',(0.557530523694,0.582946777742));
#1080 = CARTESIAN_POINT('',(0.554014013554,0.576797082809));
#1081 = CARTESIAN_POINT('',(0.550349292579,0.57071992631));
#1082 = CARTESIAN_POINT('',(0.546539969407,0.564716924865));
#1083 = CARTESIAN_POINT('',(0.532285910036,0.543334570579));
#1084 = CARTESIAN_POINT('',(0.521028706625,0.528410641377));
#1085 = CARTESIAN_POINT('',(0.508858211382,0.514030192618));
#1086 = CARTESIAN_POINT('',(0.495787205488,0.500240617023));
#1087 = CARTESIAN_POINT('',(0.481818506729,0.487112314239));
#1088 = CARTESIAN_POINT('',(0.466940623222,0.474741746416));
#1089 = CARTESIAN_POINT('',(0.451134880712,0.463247013779));
#1090 = CARTESIAN_POINT('',(0.434341154592,0.452790042126));
#1091 = ( GEOMETRIC_REPRESENTATION_CONTEXT(2) 
PARAMETRIC_REPRESENTATION_CONTEXT() REPRESENTATION_CONTEXT('2D SPACE',''
  ) );
#1092 = ORIENTED_EDGE('',*,*,#908,.T.);
#1093 = ORIENTED_EDGE('',*,*,#1094,.F.);
#1094 = EDGE_CURVE('',#1006,#909,#1095,.T.);
#1095 = SURFACE_CURVE('',#1096,(#1113,#1133),.PCURVE_S1.);
#1096 = B_SPLINE_CURVE_WITH_KNOTS('',8,(#1097,#1098,#1099,#1100,#1101,
    #1102,#1103,#1104,#1105,#1106,#1107,#1108,#1109,#1110,#1111,#1112),
  .UNSPECIFIED.,.F.,.F.,(9,7,9),(0.,0.13015238516,1.),.UNSPECIFIED.);
#1097 = CARTESIAN_POINT('',(46.181010622855,31.,48.));
#1098 = CARTESIAN_POINT('',(46.021983546898,31.,47.85759527139));
#1099 = CARTESIAN_POINT('',(45.862896787778,30.998068780486,
    47.715331871812));
#1100 = CARTESIAN_POINT('',(45.703760031564,30.994212805958,
    47.573214445741));
#1101 = CARTESIAN_POINT('',(45.544583071853,30.988437391282,
    47.43124853525));
#1102 = CARTESIAN_POINT('',(45.385375809778,30.980746701691,
    47.28944058001));
#1103 = CARTESIAN_POINT('',(45.226148253998,30.97114375278,
    47.147797917289));
#1104 = CARTESIAN_POINT('',(45.066910520708,30.959630410511,
    47.006328781952));
#1105 = CARTESIAN_POINT('',(43.843439380468,30.856497307868,
    45.920782210398));
#1106 = CARTESIAN_POINT('',(42.780044496798,30.681562658583,
    44.985421618693));
#1107 = CARTESIAN_POINT('',(41.719222501577,30.421806683912,
    44.060466333989));
#1108 = CARTESIAN_POINT('',(40.663337085383,30.075141938657,
    43.149484815617));
#1109 = CARTESIAN_POINT('',(39.615376472533,29.638500709364,
    42.257549714723));
#1110 = CARTESIAN_POINT('',(38.578954223796,29.107457023188,
    41.39158510782));
#1111 = CARTESIAN_POINT('',(37.558275534103,28.476873952228,
    40.560150603297));
#1112 = CARTESIAN_POINT('',(36.558209560735,27.737868149087,
    39.775058650108));
#1113 = PCURVE('',#923,#1114);
#1114 = DEFINITIONAL_REPRESENTATION('',(#1115),#1132);
#1115 = B_SPLINE_CURVE_WITH_KNOTS('',8,(#1116,#1117,#1118,#1119,#1120,
    #1121,#1122,#1123,#1124,#1125,#1126,#1127,#1128,#1129,#1130,#1131),
  .UNSPECIFIED.,.F.,.F.,(9,7,9),(0.,0.13015238516,1.),.UNSPECIFIED.);
#1116 = CARTESIAN_POINT('',(0.,133.68101062285));
#1117 = CARTESIAN_POINT('',(-1.186706071747E-02,133.52198354689));
#1118 = CARTESIAN_POINT('',(-2.372235187267E-02,133.36289678777));
#1119 = CARTESIAN_POINT('',(-3.556801753596E-02,133.20376003156));
#1120 = CARTESIAN_POINT('',(-4.740612150062E-02,133.04458307185));
#1121 = CARTESIAN_POINT('',(-5.923864728284E-02,132.88537580977));
#1122 = CARTESIAN_POINT('',(-7.106749812173E-02,132.72614825399));
#1123 = CARTESIAN_POINT('',(-8.289449697927E-02,132.5669105207));
#1124 = CARTESIAN_POINT('',(-0.173764053819,131.34343938046));
#1125 = CARTESIAN_POINT('',(-0.252740335875,130.28004449679));
#1126 = CARTESIAN_POINT('',(-0.332273055584,129.21922250157));
#1127 = CARTESIAN_POINT('',(-0.412835833144,128.16333708538));
#1128 = CARTESIAN_POINT('',(-0.494868373097,127.11537647253));
#1129 = CARTESIAN_POINT('',(-0.578850945675,126.07895422379));
#1130 = CARTESIAN_POINT('',(-0.665319687669,125.0582755341));
#1131 = CARTESIAN_POINT('',(-0.755169058224,124.05820956073));
#1132 = ( GEOMETRIC_REPRESENTATION_CONTEXT(2) 
PARAMETRIC_REPRESENTATION_CONTEXT() REPRESENTATION_CONTEXT('2D SPACE',''
  ) );
#1133 = PCURVE('',#704,#1134);
#1134 = DEFINITIONAL_REPRESENTATION('',(#1135),#1152);
#1135 = B_SPLINE_CURVE_WITH_KNOTS('',8,(#1136,#1137,#1138,#1139,#1140,
    #1141,#1142,#1143,#1144,#1145,#1146,#1147,#1148,#1149,#1150,#1151),
  .UNSPECIFIED.,.F.,.F.,(9,7,9),(0.,0.13015238516,0.836153224673),
  .UNSPECIFIED.);
#1136 = CARTESIAN_POINT('',(8.711375204548,0.701234364583));
#1137 = CARTESIAN_POINT('',(8.713572102656,0.698228198406));
#1138 = CARTESIAN_POINT('',(8.715787904689,0.695233736123));
#1139 = CARTESIAN_POINT('',(8.718022376167,0.692250916654));
#1140 = CARTESIAN_POINT('',(8.720275306069,0.689279699588));
#1141 = CARTESIAN_POINT('',(8.722546506842,0.686320065184));
#1142 = CARTESIAN_POINT('',(8.724835814392,0.683372014375));
#1143 = CARTESIAN_POINT('',(8.727143088092,0.68043556876));
#1144 = CARTESIAN_POINT('',(8.742080646297,0.661645445167));
#1145 = CARTESIAN_POINT('',(8.755210184491,0.646132922791));
#1146 = CARTESIAN_POINT('',(8.768846587181,0.630965790011));
#1147 = CARTESIAN_POINT('',(8.782996729461,0.616157265648));
#1148 = CARTESIAN_POINT('',(8.797675875384,0.601734575562));
#1149 = CARTESIAN_POINT('',(8.812908865181,0.587739081225));
#1150 = CARTESIAN_POINT('',(8.828728810455,0.574225264011));
#1151 = CARTESIAN_POINT('',(8.845186465404,0.561265607613));
#1152 = ( GEOMETRIC_REPRESENTATION_CONTEXT(2) 
PARAMETRIC_REPRESENTATION_CONTEXT() REPRESENTATION_CONTEXT('2D SPACE',''
  ) );
#1153 = ADVANCED_FACE('',(#1154),#1021,.T.);
#1154 = FACE_BOUND('',#1155,.T.);
#1155 = EDGE_LOOP('',(#1156,#1157,#1186,#1214));
#1156 = ORIENTED_EDGE('',*,*,#1003,.F.);
#1157 = ORIENTED_EDGE('',*,*,#1158,.F.);
#1158 = EDGE_CURVE('',#1159,#1004,#1161,.T.);
#1159 = VERTEX_POINT('',#1160);
#1160 = CARTESIAN_POINT('',(-37.06584652321,31.,58.));
#1161 = SURFACE_CURVE('',#1162,(#1167,#1174),.PCURVE_S1.);
#1162 = CIRCLE('',#1163,62.761453138053);
#1163 = AXIS2_PLACEMENT_3D('',#1164,#1165,#1166);
#1164 = CARTESIAN_POINT('',(-75.,31.,8.));
#1165 = DIRECTION('',(-0.,1.,0.));
#1166 = DIRECTION('',(0.,0.,1.));
#1167 = PCURVE('',#1021,#1168);
#1168 = DEFINITIONAL_REPRESENTATION('',(#1169),#1173);
#1169 = CIRCLE('',#1170,62.761453138053);
#1170 = AXIS2_PLACEMENT_2D('',#1171,#1172);
#1171 = CARTESIAN_POINT('',(-28.,12.5));
#1172 = DIRECTION('',(1.,0.));
#1173 = ( GEOMETRIC_REPRESENTATION_CONTEXT(2) 
PARAMETRIC_REPRESENTATION_CONTEXT() REPRESENTATION_CONTEXT('2D SPACE',''
  ) );
#1174 = PCURVE('',#896,#1175);
#1175 = DEFINITIONAL_REPRESENTATION('',(#1176),#1185);
#1176 = B_SPLINE_CURVE_WITH_KNOTS('',7,(#1177,#1178,#1179,#1180,#1181,
    #1182,#1183,#1184),.UNSPECIFIED.,.F.,.F.,(8,8),(0.649035151377,
    0.879762894203),.PIECEWISE_BEZIER_KNOTS.);
#1177 = CARTESIAN_POINT('',(0.685144424781,0.795602953485));
#1178 = CARTESIAN_POINT('',(0.663857043746,0.770080257137));
#1179 = CARTESIAN_POINT('',(0.644484591082,0.744039563934));
#1180 = CARTESIAN_POINT('',(0.626818870341,0.71755568323));
#1181 = CARTESIAN_POINT('',(0.610679834663,0.690688740836));
#1182 = CARTESIAN_POINT('',(0.595915349601,0.663488168923));
#1183 = CARTESIAN_POINT('',(0.582395700981,0.635995382809));
#1184 = CARTESIAN_POINT('',(0.570010315652,0.60824557891));
#1185 = ( GEOMETRIC_REPRESENTATION_CONTEXT(2) 
PARAMETRIC_REPRESENTATION_CONTEXT() REPRESENTATION_CONTEXT('2D SPACE',''
  ) );
#1186 = ORIENTED_EDGE('',*,*,#1187,.T.);
#1187 = EDGE_CURVE('',#1159,#1188,#1190,.T.);
#1188 = VERTEX_POINT('',#1189);
#1189 = CARTESIAN_POINT('',(62.429614209219,31.,58.));
#1190 = SURFACE_CURVE('',#1191,(#1195,#1202),.PCURVE_S1.);
#1191 = LINE('',#1192,#1193);
#1192 = CARTESIAN_POINT('',(-87.5,31.,58.));
#1193 = VECTOR('',#1194,1.);
#1194 = DIRECTION('',(1.,0.,-0.));
#1195 = PCURVE('',#1021,#1196);
#1196 = DEFINITIONAL_REPRESENTATION('',(#1197),#1201);
#1197 = LINE('',#1198,#1199);
#1198 = CARTESIAN_POINT('',(22.,0.));
#1199 = VECTOR('',#1200,1.);
#1200 = DIRECTION('',(0.,1.));
#1201 = ( GEOMETRIC_REPRESENTATION_CONTEXT(2) 
PARAMETRIC_REPRESENTATION_CONTEXT() REPRESENTATION_CONTEXT('2D SPACE',''
  ) );
#1202 = PCURVE('',#1203,#1208);
#1203 = CYLINDRICAL_SURFACE('',#1204,12.);
#1204 = AXIS2_PLACEMENT_3D('',#1205,#1206,#1207);
#1205 = CARTESIAN_POINT('',(-87.5,19.,58.));
#1206 = DIRECTION('',(1.,0.,-0.));
#1207 = DIRECTION('',(0.,1.,0.));
#1208 = DEFINITIONAL_REPRESENTATION('',(#1209),#1213);
#1209 = LINE('',#1210,#1211);
#1210 = CARTESIAN_POINT('',(0.,0.));
#1211 = VECTOR('',#1212,1.);
#1212 = DIRECTION('',(0.,1.));
#1213 = ( GEOMETRIC_REPRESENTATION_CONTEXT(2) 
PARAMETRIC_REPRESENTATION_CONTEXT() REPRESENTATION_CONTEXT('2D SPACE',''
  ) );
#1214 = ORIENTED_EDGE('',*,*,#1215,.F.);
#1215 = EDGE_CURVE('',#1006,#1188,#1216,.T.);
#1216 = SURFACE_CURVE('',#1217,(#1222,#1229),.PCURVE_S1.);
#1217 = CIRCLE('',#1218,53.693575034635);
#1218 = AXIS2_PLACEMENT_3D('',#1219,#1220,#1221);
#1219 = CARTESIAN_POINT('',(82.,31.,8.));
#1220 = DIRECTION('',(-0.,1.,0.));
#1221 = DIRECTION('',(0.,0.,1.));
#1222 = PCURVE('',#1021,#1223);
#1223 = DEFINITIONAL_REPRESENTATION('',(#1224),#1228);
#1224 = CIRCLE('',#1225,53.693575034635);
#1225 = AXIS2_PLACEMENT_2D('',#1226,#1227);
#1226 = CARTESIAN_POINT('',(-28.,169.5));
#1227 = DIRECTION('',(1.,0.));
#1228 = ( GEOMETRIC_REPRESENTATION_CONTEXT(2) 
PARAMETRIC_REPRESENTATION_CONTEXT() REPRESENTATION_CONTEXT('2D SPACE',''
  ) );
#1229 = PCURVE('',#704,#1230);
#1230 = DEFINITIONAL_REPRESENTATION('',(#1231),#1241);
#1231 = B_SPLINE_CURVE_WITH_KNOTS('',8,(#1232,#1233,#1234,#1235,#1236,
    #1237,#1238,#1239,#1240),.UNSPECIFIED.,.F.,.F.,(9,9),(5.55287598522,
    5.910107946448),.PIECEWISE_BEZIER_KNOTS.);
#1232 = CARTESIAN_POINT('',(8.711375204548,0.701234364583));
#1233 = CARTESIAN_POINT('',(8.686700091361,0.734999012294));
#1234 = CARTESIAN_POINT('',(8.659289304948,0.767939596721));
#1235 = CARTESIAN_POINT('',(8.628823252168,0.799918183069));
#1236 = CARTESIAN_POINT('',(8.594935694287,0.830768478029));
#1237 = CARTESIAN_POINT('',(8.5572209022,0.860287755934));
#1238 = CARTESIAN_POINT('',(8.515241497895,0.888229071594));
#1239 = CARTESIAN_POINT('',(8.468598726321,0.914288860494));
#1240 = CARTESIAN_POINT('',(8.41710044322,0.938126325776));
#1241 = ( GEOMETRIC_REPRESENTATION_CONTEXT(2) 
PARAMETRIC_REPRESENTATION_CONTEXT() REPRESENTATION_CONTEXT('2D SPACE',''
  ) );
#1242 = ADVANCED_FACE('',(#1243),#1203,.T.);
#1243 = FACE_BOUND('',#1244,.T.);
#1244 = EDGE_LOOP('',(#1245,#1246,#1455,#1483,#1510,#1538));
#1245 = ORIENTED_EDGE('',*,*,#1187,.F.);
#1246 = ORIENTED_EDGE('',*,*,#1247,.T.);
#1247 = EDGE_CURVE('',#1159,#1248,#1250,.T.);
#1248 = VERTEX_POINT('',#1249);
#1249 = CARTESIAN_POINT('',(-48.63714734707,19.,70.));
#1250 = SURFACE_CURVE('',#1251,(#1317,#1386),.PCURVE_S1.);
#1251 = B_SPLINE_CURVE_WITH_KNOTS('',8,(#1252,#1253,#1254,#1255,#1256,
    #1257,#1258,#1259,#1260,#1261,#1262,#1263,#1264,#1265,#1266,#1267,
    #1268,#1269,#1270,#1271,#1272,#1273,#1274,#1275,#1276,#1277,#1278,
    #1279,#1280,#1281,#1282,#1283,#1284,#1285,#1286,#1287,#1288,#1289,
    #1290,#1291,#1292,#1293,#1294,#1295,#1296,#1297,#1298,#1299,#1300,
    #1301,#1302,#1303,#1304,#1305,#1306,#1307,#1308,#1309,#1310,#1311,
    #1312,#1313,#1314,#1315,#1316),.UNSPECIFIED.,.F.,.F.,(9,7,7,7,7,7,7,
    7,7,9),(0.,0.334498042665,0.47732978971,0.604086062602,0.74101177022
    ,0.775471677302,0.826942198617,0.859469282381,0.905279851084,1.),
  .UNSPECIFIED.);
#1252 = CARTESIAN_POINT('',(-37.06584652321,31.,58.));
#1253 = CARTESIAN_POINT('',(-37.83365213689,31.,58.582521119787));
#1254 = CARTESIAN_POINT('',(-38.60166095335,30.967682511372,
    59.164002204152));
#1255 = CARTESIAN_POINT('',(-39.36945155842,30.903251488227,
    59.744033393294));
#1256 = CARTESIAN_POINT('',(-40.13643899532,30.806540916205,
    60.322263505829));
#1257 = CARTESIAN_POINT('',(-40.90187333875,30.677035611215,
    60.898413260393));
#1258 = CARTESIAN_POINT('',(-41.66479104048,30.513697805262,
    61.472337111273));
#1259 = CARTESIAN_POINT('',(-42.42399628958,30.314894281227,
    62.044062978444));
#1260 = CARTESIAN_POINT('',(-43.49975067708,29.976090109747,
    62.857464872502));
#1261 = CARTESIAN_POINT('',(-43.82064439856,29.867676734221,
    63.100524093616));
#1262 = CARTESIAN_POINT('',(-44.14040790719,29.751988043501,
    63.343286005612));
#1263 = CARTESIAN_POINT('',(-44.45887904502,29.628733270967,
    63.585788962147));
#1264 = CARTESIAN_POINT('',(-44.77585734373,29.497570452469,
    63.828073524183));
#1265 = CARTESIAN_POINT('',(-45.09109838205,29.358089471019,
    64.070187924267));
#1266 = CARTESIAN_POINT('',(-45.4043038038,29.20978114034,
    64.312196819545));
#1267 = CARTESIAN_POINT('',(-45.9909298103,28.911962381046,
    64.768953544742));
#1268 = CARTESIAN_POINT('',(-46.26480777921,28.764492586657,
    64.983662868698));
#1269 = CARTESIAN_POINT('',(-46.5365244088,28.609109037187,
    65.198417549676));
#1270 = CARTESIAN_POINT('',(-46.80576763574,28.445270103616,
    65.413290640171));
#1271 = CARTESIAN_POINT('',(-47.07211586261,28.272337124046,
    65.628340501288));
#1272 = CARTESIAN_POINT('',(-47.3350280711,28.089553488734,
    65.843618138693));
#1273 = CARTESIAN_POINT('',(-47.59381709337,27.89598228306,
    66.059182099441));
#1274 = CARTESIAN_POINT('',(-48.12171251445,27.468225711435,
    66.508402306379));
#1275 = CARTESIAN_POINT('',(-48.3892959605,27.232581921035,
    66.741540070485));
#1276 = CARTESIAN_POINT('',(-48.64994868597,26.98138269939,
    66.975251015045));
#1277 = CARTESIAN_POINT('',(-48.90226265592,26.712482276351,
    67.209738479199));
#1278 = CARTESIAN_POINT('',(-49.14381594777,26.423661636351,
    67.444745146107));
#1279 = CARTESIAN_POINT('',(-49.37101019452,26.112436958928,
    67.679587080701));
#1280 = CARTESIAN_POINT('',(-49.57909063729,25.776098228832,
    67.913188995327));
#1281 = CARTESIAN_POINT('',(-49.80737885453,25.318760492765,
    68.202210480085));
#1282 = CARTESIAN_POINT('',(-49.85162032312,25.225029794599,
    68.260111789867));
#1283 = CARTESIAN_POINT('',(-49.89408898282,25.129491453924,
    68.317763041705));
#1284 = CARTESIAN_POINT('',(-49.93466041567,25.032122916942,
    68.375116496877));
#1285 = CARTESIAN_POINT('',(-49.97320170399,24.932913624928,
    68.432115904452));
#1286 = CARTESIAN_POINT('',(-50.00957418585,24.831867317155,
    68.488696900773));
#1287 = CARTESIAN_POINT('',(-50.04363621052,24.729004333817,
    68.544787408943));
#1288 = CARTESIAN_POINT('',(-50.12245922156,24.468069338977,
    68.683235590342));
#1289 = CARTESIAN_POINT('',(-50.164220152,24.307749170773,
    68.764923955973));
#1290 = CARTESIAN_POINT('',(-50.20002519325,24.143615308719,
    68.845062067143));
#1291 = CARTESIAN_POINT('',(-50.22939796253,23.975963224002,
    68.923320727704));
#1292 = CARTESIAN_POINT('',(-50.25192041861,23.805184280693,
    68.999360950163));
#1293 = CARTESIAN_POINT('',(-50.26726936528,23.631780818506,
    69.07284433964));
#1294 = CARTESIAN_POINT('',(-50.27525822573,23.456384002244,
    69.143445525022));
#1295 = CARTESIAN_POINT('',(-50.27627960536,23.168165036199,
    69.253473786289));
#1296 = CARTESIAN_POINT('',(-50.27373464094,23.056046034082,
    69.294820546028));
#1297 = CARTESIAN_POINT('',(-50.26824601601,22.943603627025,
    69.334834741505));
#1298 = CARTESIAN_POINT('',(-50.25983831164,22.831015189593,
    69.37346019984));
#1299 = CARTESIAN_POINT('',(-50.24856072676,22.718449332556,
    69.410655305376));
#1300 = CARTESIAN_POINT('',(-50.23448393626,22.606065959943,
    69.446391554728));
#1301 = CARTESIAN_POINT('',(-50.21769694899,22.494016326113,
    69.480652111836));
#1302 = CARTESIAN_POINT('',(-50.17099123176,22.225305327057,
    69.559594671443));
#1303 = CARTESIAN_POINT('',(-50.13850771922,22.069103253825,
    69.602821478782));
#1304 = CARTESIAN_POINT('',(-50.10113714547,21.9141974326,
    69.643103233754));
#1305 = CARTESIAN_POINT('',(-50.05920705597,21.760868123001,
    69.680482558769));
#1306 = CARTESIAN_POINT('',(-50.01306215217,21.609325959542,
    69.71503620199));
#1307 = CARTESIAN_POINT('',(-49.96304347844,21.459720316568,
    69.746862426716));
#1308 = CARTESIAN_POINT('',(-49.909473468,21.312145363369,
    69.776071838042));
#1309 = CARTESIAN_POINT('',(-49.73514937794,20.865797754867,
    69.858008140159));
#1310 = CARTESIAN_POINT('',(-49.60384903537,20.574123703756,
    69.90249176776));
#1311 = CARTESIAN_POINT('',(-49.46120873956,20.291480068266,
    69.937394514019));
#1312 = CARTESIAN_POINT('',(-49.30930537433,20.017601220522,
    69.963749260513));
#1313 = CARTESIAN_POINT('',(-49.14982988252,19.752097085841,
    69.982465363936));
#1314 = CARTESIAN_POINT('',(-48.98408930346,19.494450701347,
    69.994329246669));
#1315 = CARTESIAN_POINT('',(-48.81301075309,19.244013739995,70.));
#1316 = CARTESIAN_POINT('',(-48.63714734707,19.,70.));
#1317 = PCURVE('',#1203,#1318);
#1318 = DEFINITIONAL_REPRESENTATION('',(#1319),#1385);
#1319 = B_SPLINE_CURVE_WITH_KNOTS('',8,(#1320,#1321,#1322,#1323,#1324,
    #1325,#1326,#1327,#1328,#1329,#1330,#1331,#1332,#1333,#1334,#1335,
    #1336,#1337,#1338,#1339,#1340,#1341,#1342,#1343,#1344,#1345,#1346,
    #1347,#1348,#1349,#1350,#1351,#1352,#1353,#1354,#1355,#1356,#1357,
    #1358,#1359,#1360,#1361,#1362,#1363,#1364,#1365,#1366,#1367,#1368,
    #1369,#1370,#1371,#1372,#1373,#1374,#1375,#1376,#1377,#1378,#1379,
    #1380,#1381,#1382,#1383,#1384),.UNSPECIFIED.,.F.,.F.,(9,7,7,7,7,7,7,
    7,7,9),(0.,0.334498042665,0.47732978971,0.604086062602,0.74101177022
    ,0.775471677302,0.826942198617,0.859469282381,0.905279851084,1.),
  .UNSPECIFIED.);
#1320 = CARTESIAN_POINT('',(0.,50.434153476781));
#1321 = CARTESIAN_POINT('',(4.85434266489E-02,49.66634786311));
#1322 = CARTESIAN_POINT('',(9.700020049819E-02,48.898339046646));
#1323 = CARTESIAN_POINT('',(0.145510349331,48.130548441574));
#1324 = CARTESIAN_POINT('',(0.194216767939,47.363561004679));
#1325 = CARTESIAN_POINT('',(0.2432734217,46.598126661249));
#1326 = CARTESIAN_POINT('',(0.292864827846,45.835208959518));
#1327 = CARTESIAN_POINT('',(0.343216018922,45.076003710413));
#1328 = CARTESIAN_POINT('',(0.416644503965,44.00024932292));
#1329 = CARTESIAN_POINT('',(0.438816100892,43.67935560144));
#1330 = CARTESIAN_POINT('',(0.461214068224,43.359592092803));
#1331 = CARTESIAN_POINT('',(0.483868147985,43.041120954977));
#1332 = CARTESIAN_POINT('',(0.506811463356,42.724142656268));
#1333 = CARTESIAN_POINT('',(0.530082125613,42.408901617949));
#1334 = CARTESIAN_POINT('',(0.553725975336,42.095696196193));
#1335 = CARTESIAN_POINT('',(0.599165397724,41.509070189693));
#1336 = CARTESIAN_POINT('',(0.620865407286,41.235192220782));
#1337 = CARTESIAN_POINT('',(0.642943662116,40.963475591196));
#1338 = CARTESIAN_POINT('',(0.665446664409,40.694232364256));
#1339 = CARTESIAN_POINT('',(0.688427166771,40.427884137389));
#1340 = CARTESIAN_POINT('',(0.711946343843,40.164971928893));
#1341 = CARTESIAN_POINT('',(0.736079358812,39.906182906623));
#1342 = CARTESIAN_POINT('',(0.787771185944,39.378287485544));
#1343 = CARTESIAN_POINT('',(0.815382532135,39.1107040395));
#1344 = CARTESIAN_POINT('',(0.843951781656,38.850051314027));
#1345 = CARTESIAN_POINT('',(0.873651375733,38.597737344072));
#1346 = CARTESIAN_POINT('',(0.904641424185,38.356184052221));
#1347 = CARTESIAN_POINT('',(0.937091740902,38.128989805476));
#1348 = CARTESIAN_POINT('',(0.971184862885,37.920909362704));
#1349 = CARTESIAN_POINT('',(1.016268983602,37.692621145462));
#1350 = CARTESIAN_POINT('',(1.02544955687,37.648379676879));
#1351 = CARTESIAN_POINT('',(1.034747467743,37.60591101718));
#1352 = CARTESIAN_POINT('',(1.044163441273,37.565339584329));
#1353 = CARTESIAN_POINT('',(1.053697110671,37.526798296006));
#1354 = CARTESIAN_POINT('',(1.063346871478,37.490425814144));
#1355 = CARTESIAN_POINT('',(1.073109735727,37.456363789476));
#1356 = CARTESIAN_POINT('',(1.097725529334,37.37754077844));
#1357 = CARTESIAN_POINT('',(1.112717807299,37.335779847998));
#1358 = CARTESIAN_POINT('',(1.127935164084,37.299974806745));
#1359 = CARTESIAN_POINT('',(1.143348552155,37.270602037467));
#1360 = CARTESIAN_POINT('',(1.158922082419,37.248079581381));
#1361 = CARTESIAN_POINT('',(1.174612039475,37.232730634717));
#1362 = CARTESIAN_POINT('',(1.190365562049,37.224741774268));
#1363 = CARTESIAN_POINT('',(1.216074454624,37.223720394631));
#1364 = CARTESIAN_POINT('',(1.226032132883,37.22626535906));
#1365 = CARTESIAN_POINT('',(1.235976892954,37.231753983983));
#1366 = CARTESIAN_POINT('',(1.245894757089,37.240161688356));
#1367 = CARTESIAN_POINT('',(1.255772818692,37.251439273234));
#1368 = CARTESIAN_POINT('',(1.265599160786,37.265516063736));
#1369 = CARTESIAN_POINT('',(1.275362774473,37.282303051007));
#1370 = CARTESIAN_POINT('',(1.298701691771,37.329008768232));
#1371 = CARTESIAN_POINT('',(1.312206092496,37.361492280774));
#1372 = CARTESIAN_POINT('',(1.32554155454,37.398862854522));
#1373 = CARTESIAN_POINT('',(1.338690190362,37.440792944028));
#1374 = CARTESIAN_POINT('',(1.35164002114,37.486937847829));
#1375 = CARTESIAN_POINT('',(1.36438398303,37.536956521555));
#1376 = CARTESIAN_POINT('',(1.376919268482,37.590526531991));
#1377 = CARTESIAN_POINT('',(1.414736422257,37.764850622053));
#1378 = CARTESIAN_POINT('',(1.439312438179,37.896150964625));
#1379 = CARTESIAN_POINT('',(1.463029342096,38.038791260437));
#1380 = CARTESIAN_POINT('',(1.485942143778,38.19069462567));
#1381 = CARTESIAN_POINT('',(1.508108767719,38.350170117471));
#1382 = CARTESIAN_POINT('',(1.529592094733,38.515910696539));
#1383 = CARTESIAN_POINT('',(1.550461848462,38.68698924691));
#1384 = CARTESIAN_POINT('',(1.570796326795,38.862852652928));
#1385 = ( GEOMETRIC_REPRESENTATION_CONTEXT(2) 
PARAMETRIC_REPRESENTATION_CONTEXT() REPRESENTATION_CONTEXT('2D SPACE',''
  ) );
#1386 = PCURVE('',#896,#1387);
#1387 = DEFINITIONAL_REPRESENTATION('',(#1388),#1454);
#1388 = B_SPLINE_CURVE_WITH_KNOTS('',8,(#1389,#1390,#1391,#1392,#1393,
    #1394,#1395,#1396,#1397,#1398,#1399,#1400,#1401,#1402,#1403,#1404,
    #1405,#1406,#1407,#1408,#1409,#1410,#1411,#1412,#1413,#1414,#1415,
    #1416,#1417,#1418,#1419,#1420,#1421,#1422,#1423,#1424,#1425,#1426,
    #1427,#1428,#1429,#1430,#1431,#1432,#1433,#1434,#1435,#1436,#1437,
    #1438,#1439,#1440,#1441,#1442,#1443,#1444,#1445,#1446,#1447,#1448,
    #1449,#1450,#1451,#1452,#1453),.UNSPECIFIED.,.F.,.F.,(9,7,7,7,7,7,7,
    7,7,9),(0.,0.334498042665,0.47732978971,0.604086062602,0.74101177022
    ,0.775471677302,0.826942198617,0.859469282381,0.905279851084,1.),
  .UNSPECIFIED.);
#1389 = CARTESIAN_POINT('',(0.685144424781,0.795602953485));
#1390 = CARTESIAN_POINT('',(0.695061913958,0.80749361605));
#1391 = CARTESIAN_POINT('',(0.704746320897,0.819527967967));
#1392 = CARTESIAN_POINT('',(0.71419784299,0.83170717354));
#1393 = CARTESIAN_POINT('',(0.723407779871,0.844034044448));
#1394 = CARTESIAN_POINT('',(0.732358253403,0.856513403514));
#1395 = CARTESIAN_POINT('',(0.741016927037,0.869153951234));
#1396 = CARTESIAN_POINT('',(0.749334611932,0.881969365053));
#1397 = CARTESIAN_POINT('',(0.760587132049,0.900545688451));
#1398 = CARTESIAN_POINT('',(0.7638750959,0.906140674741));
#1399 = CARTESIAN_POINT('',(0.767076896961,0.911774182822));
#1400 = CARTESIAN_POINT('',(0.770183766347,0.917448480355));
#1401 = CARTESIAN_POINT('',(0.773185047247,0.923166006833));
#1402 = CARTESIAN_POINT('',(0.776067636087,0.928929525449));
#1403 = CARTESIAN_POINT('',(0.778815010582,0.93474238011));
#1404 = CARTESIAN_POINT('',(0.783705084753,0.945815072868));
#1405 = CARTESIAN_POINT('',(0.785880593275,0.951062523032));
#1406 = CARTESIAN_POINT('',(0.78791780063,0.95635493493));
#1407 = CARTESIAN_POINT('',(0.789798657531,0.961695663276));
#1408 = CARTESIAN_POINT('',(0.791500494563,0.967087893813));
#1409 = CARTESIAN_POINT('',(0.792995148718,0.972534806001));
#1410 = CARTESIAN_POINT('',(0.794246751924,0.978039973228));
#1411 = CARTESIAN_POINT('',(0.796243406163,0.989623319197));
#1412 = CARTESIAN_POINT('',(0.796937148268,0.995697015449));
#1413 = CARTESIAN_POINT('',(0.797232033319,1.001850077332));
#1414 = CARTESIAN_POINT('',(0.797047942196,1.008091449676));
#1415 = CARTESIAN_POINT('',(0.796278647296,1.014418460416));
#1416 = CARTESIAN_POINT('',(0.794781272509,1.0208166622));
#1417 = CARTESIAN_POINT('',(0.792374059904,1.027259412089));
#1418 = CARTESIAN_POINT('',(0.787897863091,1.035329340822));
#1419 = CARTESIAN_POINT('',(0.786924430693,1.036951088121));
#1420 = CARTESIAN_POINT('',(0.785873902104,1.038570903909));
#1421 = CARTESIAN_POINT('',(0.784742501361,1.040187433288));
#1422 = CARTESIAN_POINT('',(0.783526470897,1.041799057339));
#1423 = CARTESIAN_POINT('',(0.782222188838,1.04340389758));
#1424 = CARTESIAN_POINT('',(0.780826286309,1.044999820428));
#1425 = CARTESIAN_POINT('',(0.77710946962,1.048951287288));
#1426 = CARTESIAN_POINT('',(0.774671237865,1.051293838662));
#1427 = CARTESIAN_POINT('',(0.772012111464,1.053602838977));
#1428 = CARTESIAN_POINT('',(0.769125417903,1.05586827814));
#1429 = CARTESIAN_POINT('',(0.766007914539,1.058079603069));
#1430 = CARTESIAN_POINT('',(0.762661134051,1.060226021602));
#1431 = CARTESIAN_POINT('',(0.759092930947,1.062296900015));
#1432 = CARTESIAN_POINT('',(0.752934417177,1.065536909793));
#1433 = CARTESIAN_POINT('',(0.750466995769,1.066757694018));
#1434 = CARTESIAN_POINT('',(0.747920684747,1.06794217614));
#1435 = CARTESIAN_POINT('',(0.745299757134,1.069088375834));
#1436 = CARTESIAN_POINT('',(0.742608962916,1.070194730974));
#1437 = CARTESIAN_POINT('',(0.739853452811,1.071260065466));
#1438 = CARTESIAN_POINT('',(0.737038702046,1.072283557094));
#1439 = CARTESIAN_POINT('',(0.730130816384,1.074646537177));
#1440 = CARTESIAN_POINT('',(0.725984803111,1.075944459595));
#1441 = CARTESIAN_POINT('',(0.721747372418,1.077157394632));
#1442 = CARTESIAN_POINT('',(0.717433070761,1.078285824579));
#1443 = CARTESIAN_POINT('',(0.713055523085,1.079331345555));
#1444 = CARTESIAN_POINT('',(0.70862704578,1.080296306047));
#1445 = CARTESIAN_POINT('',(0.70415836248,1.081183530434));
#1446 = CARTESIAN_POINT('',(0.690354129326,1.083676292459));
#1447 = CARTESIAN_POINT('',(0.680925710716,1.085035690797));
#1448 = CARTESIAN_POINT('',(0.671437699406,1.086105630772));
#1449 = CARTESIAN_POINT('',(0.661942701928,1.086915189503));
#1450 = CARTESIAN_POINT('',(0.652480441154,1.087490811025));
#1451 = CARTESIAN_POINT('',(0.643077415135,1.087855898913));
#1452 = CARTESIAN_POINT('',(0.63374717239,1.088030403469));
#1453 = CARTESIAN_POINT('',(0.624491203652,1.088030403469));
#1454 = ( GEOMETRIC_REPRESENTATION_CONTEXT(2) 
PARAMETRIC_REPRESENTATION_CONTEXT() REPRESENTATION_CONTEXT('2D SPACE',''
  ) );
#1455 = ORIENTED_EDGE('',*,*,#1456,.T.);
#1456 = EDGE_CURVE('',#1248,#1457,#1459,.T.);
#1457 = VERTEX_POINT('',#1458);
#1458 = CARTESIAN_POINT('',(105.5,19.,70.));
#1459 = SURFACE_CURVE('',#1460,(#1464,#1471),.PCURVE_S1.);
#1460 = LINE('',#1461,#1462);
#1461 = CARTESIAN_POINT('',(-87.5,19.,70.));
#1462 = VECTOR('',#1463,1.);
#1463 = DIRECTION('',(1.,0.,-0.));
#1464 = PCURVE('',#1203,#1465);
#1465 = DEFINITIONAL_REPRESENTATION('',(#1466),#1470);
#1466 = LINE('',#1467,#1468);
#1467 = CARTESIAN_POINT('',(1.570796326795,0.));
#1468 = VECTOR('',#1469,1.);
#1469 = DIRECTION('',(0.,1.));
#1470 = ( GEOMETRIC_REPRESENTATION_CONTEXT(2) 
PARAMETRIC_REPRESENTATION_CONTEXT() REPRESENTATION_CONTEXT('2D SPACE',''
  ) );
#1471 = PCURVE('',#1472,#1477);
#1472 = PLANE('',#1473);
#1473 = AXIS2_PLACEMENT_3D('',#1474,#1475,#1476);
#1474 = CARTESIAN_POINT('',(-87.5,-31.,70.));
#1475 = DIRECTION('',(0.,0.,1.));
#1476 = DIRECTION('',(1.,0.,-0.));
#1477 = DEFINITIONAL_REPRESENTATION('',(#1478),#1482);
#1478 = LINE('',#1479,#1480);
#1479 = CARTESIAN_POINT('',(0.,50.));
#1480 = VECTOR('',#1481,1.);
#1481 = DIRECTION('',(1.,0.));
#1482 = ( GEOMETRIC_REPRESENTATION_CONTEXT(2) 
PARAMETRIC_REPRESENTATION_CONTEXT() REPRESENTATION_CONTEXT('2D SPACE',''
  ) );
#1483 = ORIENTED_EDGE('',*,*,#1484,.F.);
#1484 = EDGE_CURVE('',#1485,#1457,#1487,.T.);
#1485 = VERTEX_POINT('',#1486);
#1486 = CARTESIAN_POINT('',(105.5,31.,58.));
#1487 = SURFACE_CURVE('',#1488,(#1493,#1499),.PCURVE_S1.);
#1488 = CIRCLE('',#1489,12.);
#1489 = AXIS2_PLACEMENT_3D('',#1490,#1491,#1492);
#1490 = CARTESIAN_POINT('',(105.5,19.,58.));
#1491 = DIRECTION('',(1.,0.,8.679739665932E-17));
#1492 = DIRECTION('',(-8.679739665932E-17,0.,1.));
#1493 = PCURVE('',#1203,#1494);
#1494 = DEFINITIONAL_REPRESENTATION('',(#1495),#1498);
#1495 = B_SPLINE_CURVE_WITH_KNOTS('',1,(#1496,#1497),.UNSPECIFIED.,.F.,
  .F.,(2,2),(4.712388980385,6.28318530718),.PIECEWISE_BEZIER_KNOTS.);
#1496 = CARTESIAN_POINT('',(0.,193.));
#1497 = CARTESIAN_POINT('',(1.570796326795,193.));
#1498 = ( GEOMETRIC_REPRESENTATION_CONTEXT(2) 
PARAMETRIC_REPRESENTATION_CONTEXT() REPRESENTATION_CONTEXT('2D SPACE',''
  ) );
#1499 = PCURVE('',#1500,#1505);
#1500 = SPHERICAL_SURFACE('',#1501,12.);
#1501 = AXIS2_PLACEMENT_3D('',#1502,#1503,#1504);
#1502 = CARTESIAN_POINT('',(105.5,19.,58.));
#1503 = DIRECTION('',(0.,-1.,-0.));
#1504 = DIRECTION('',(1.,0.,1.480297366167E-16));
#1505 = DEFINITIONAL_REPRESENTATION('',(#1506),#1509);
#1506 = B_SPLINE_CURVE_WITH_KNOTS('',1,(#1507,#1508),.UNSPECIFIED.,.F.,
  .F.,(2,2),(4.712388980385,6.28318530718),.PIECEWISE_BEZIER_KNOTS.);
#1507 = CARTESIAN_POINT('',(1.570796326795,-1.570796326795));
#1508 = CARTESIAN_POINT('',(1.570796326795,0.));
#1509 = ( GEOMETRIC_REPRESENTATION_CONTEXT(2) 
PARAMETRIC_REPRESENTATION_CONTEXT() REPRESENTATION_CONTEXT('2D SPACE',''
  ) );
#1510 = ORIENTED_EDGE('',*,*,#1511,.F.);
#1511 = EDGE_CURVE('',#1512,#1485,#1514,.T.);
#1512 = VERTEX_POINT('',#1513);
#1513 = CARTESIAN_POINT('',(101.57038579078,31.,58.));
#1514 = SURFACE_CURVE('',#1515,(#1519,#1526),.PCURVE_S1.);
#1515 = LINE('',#1516,#1517);
#1516 = CARTESIAN_POINT('',(-87.5,31.,58.));
#1517 = VECTOR('',#1518,1.);
#1518 = DIRECTION('',(1.,0.,-0.));
#1519 = PCURVE('',#1203,#1520);
#1520 = DEFINITIONAL_REPRESENTATION('',(#1521),#1525);
#1521 = LINE('',#1522,#1523);
#1522 = CARTESIAN_POINT('',(0.,0.));
#1523 = VECTOR('',#1524,1.);
#1524 = DIRECTION('',(0.,1.));
#1525 = ( GEOMETRIC_REPRESENTATION_CONTEXT(2) 
PARAMETRIC_REPRESENTATION_CONTEXT() REPRESENTATION_CONTEXT('2D SPACE',''
  ) );
#1526 = PCURVE('',#1527,#1532);
#1527 = PLANE('',#1528);
#1528 = AXIS2_PLACEMENT_3D('',#1529,#1530,#1531);
#1529 = CARTESIAN_POINT('',(-87.5,31.,36.));
#1530 = DIRECTION('',(-0.,1.,0.));
#1531 = DIRECTION('',(0.,0.,1.));
#1532 = DEFINITIONAL_REPRESENTATION('',(#1533),#1537);
#1533 = LINE('',#1534,#1535);
#1534 = CARTESIAN_POINT('',(22.,0.));
#1535 = VECTOR('',#1536,1.);
#1536 = DIRECTION('',(0.,1.));
#1537 = ( GEOMETRIC_REPRESENTATION_CONTEXT(2) 
PARAMETRIC_REPRESENTATION_CONTEXT() REPRESENTATION_CONTEXT('2D SPACE',''
  ) );
#1538 = ORIENTED_EDGE('',*,*,#1539,.T.);
#1539 = EDGE_CURVE('',#1512,#1188,#1540,.T.);
#1540 = SURFACE_CURVE('',#1541,(#1640,#1742),.PCURVE_S1.);
#1541 = B_SPLINE_CURVE_WITH_KNOTS('',7,(#1542,#1543,#1544,#1545,#1546,
    #1547,#1548,#1549,#1550,#1551,#1552,#1553,#1554,#1555,#1556,#1557,
    #1558,#1559,#1560,#1561,#1562,#1563,#1564,#1565,#1566,#1567,#1568,
    #1569,#1570,#1571,#1572,#1573,#1574,#1575,#1576,#1577,#1578,#1579,
    #1580,#1581,#1582,#1583,#1584,#1585,#1586,#1587,#1588,#1589,#1590,
    #1591,#1592,#1593,#1594,#1595,#1596,#1597,#1598,#1599,#1600,#1601,
    #1602,#1603,#1604,#1605,#1606,#1607,#1608,#1609,#1610,#1611,#1612,
    #1613,#1614,#1615,#1616,#1617,#1618,#1619,#1620,#1621,#1622,#1623,
    #1624,#1625,#1626,#1627,#1628,#1629,#1630,#1631,#1632,#1633,#1634,
    #1635,#1636,#1637,#1638,#1639),.UNSPECIFIED.,.F.,.F.,(8,6,6,6,6,6,6,
    6,6,6,6,6,6,6,6,6,8),(0.,3.60448149881E-02,7.399717862723E-02,
    0.114521125753,0.158255827717,0.206967686992,0.263064640882,
    0.334411591065,0.499999650087,0.665929242479,0.737183522047,
    0.793448631584,0.841928858513,0.885816508281,0.926159956341,
    0.964103192768,1.),.UNSPECIFIED.);
#1542 = CARTESIAN_POINT('',(101.57038579078,31.,58.));
#1543 = CARTESIAN_POINT('',(101.37334320138,31.,58.077123989834));
#1544 = CARTESIAN_POINT('',(101.17617529294,30.999421716072,
    58.153610842653));
#1545 = CARTESIAN_POINT('',(100.9788826854,30.998282335566,
    58.22945171239));
#1546 = CARTESIAN_POINT('',(100.78146596135,30.996599069762,
    58.304637771117));
#1547 = CARTESIAN_POINT('',(100.58392566608,30.994389153864,
    58.379160209053));
#1548 = CARTESIAN_POINT('',(100.38626230751,30.991669847009,
    58.453010234556));
#1549 = CARTESIAN_POINT('',(99.980223259434,30.985077064354,
    58.603220124478));
#1550 = CARTESIAN_POINT('',(99.77183426172,30.981150132443,
    58.679505973638));
#1551 = CARTESIAN_POINT('',(99.563309911044,30.97669781438,
    58.75502637871));
#1552 = CARTESIAN_POINT('',(99.354650730963,30.97174034421,
    58.829771096263));
#1553 = CARTESIAN_POINT('',(99.145857220646,30.966298012158,
    58.90372988233));
#1554 = CARTESIAN_POINT('',(98.936929854875,30.960391164635,
    58.976892492408));
#1555 = CARTESIAN_POINT('',(98.504642733675,30.947258914249,
    59.126507594958));
#1556 = CARTESIAN_POINT('',(98.281264303033,30.93997129208,
    59.202847094245));
#1557 = CARTESIAN_POINT('',(98.057734337451,30.932202182092,
    59.278254704204));
#1558 = CARTESIAN_POINT('',(97.834053383637,30.923976516029,
    59.352717930375));
#1559 = CARTESIAN_POINT('',(97.610221989682,30.915319313009,
    59.426224258958));
#1560 = CARTESIAN_POINT('',(97.386240705053,30.906255679525,
    59.49876115681));
#1561 = CARTESIAN_POINT('',(96.920221351668,30.886617612404,
    59.647540357031));
#1562 = CARTESIAN_POINT('',(96.678158705993,30.875980365506,
    59.723620885109));
#1563 = CARTESIAN_POINT('',(96.435922830545,30.864930755545,
    59.798541868652));
#1564 = CARTESIAN_POINT('',(96.193514469356,30.853500562411,
    59.872287492372));
#1565 = CARTESIAN_POINT('',(95.950934423521,30.841721659093,
    59.944841912723));
#1566 = CARTESIAN_POINT('',(95.708183551196,30.82962601168,60.0161892579
    ));
#1567 = CARTESIAN_POINT('',(95.194696775509,30.803456423256,
    60.164418388747));
#1568 = CARTESIAN_POINT('',(94.923920043635,30.789313950036,
    60.241005992722));
#1569 = CARTESIAN_POINT('',(94.65293382552,30.774862607584,
    60.316054445466));
#1570 = CARTESIAN_POINT('',(94.381739568155,30.760146732023,
    60.389541765591));
#1571 = CARTESIAN_POINT('',(94.110338911981,30.745210647712,
    60.46144598462));
#1572 = CARTESIAN_POINT('',(93.838733690891,30.730098667245,
    60.531745146985));
#1573 = CARTESIAN_POINT('',(93.253910015113,30.697300471668,
    60.679500704127));
#1574 = CARTESIAN_POINT('',(92.940625577367,30.679571139151,
    60.756426453168));
#1575 = CARTESIAN_POINT('',(92.627075699495,30.661734919399,
    60.831160960519));
#1576 = CARTESIAN_POINT('',(92.313264023557,30.64385899427,
    60.903670932677));
#1577 = CARTESIAN_POINT('',(91.999194753168,30.626009901983,
    60.973923379279));
#1578 = CARTESIAN_POINT('',(91.684872653496,30.608253537116,
    61.041885613098));
#1579 = CARTESIAN_POINT('',(90.970217481843,30.568272630376,
    61.19100906837));
#1580 = CARTESIAN_POINT('',(90.569731671417,30.546145433952,
    61.270735939051));
#1581 = CARTESIAN_POINT('',(90.168856715301,30.524406980251,
    61.346639637971));
#1582 = CARTESIAN_POINT('',(89.767605598446,30.503187916433,
    61.418655229433));
#1583 = CARTESIAN_POINT('',(89.365993299345,30.482614663044,
    61.48671979775));
#1584 = CARTESIAN_POINT('',(88.964036893943,30.462807959161,
    61.550773178832));
#1585 = CARTESIAN_POINT('',(87.628107218884,30.399955059743,
    61.749978162733));
#1586 = CARTESIAN_POINT('',(86.692691747922,30.360768765736,
    61.867288657717));
#1587 = CARTESIAN_POINT('',(85.75577805564,30.327743545848,
    61.961976322235));
#1588 = CARTESIAN_POINT('',(84.817675142548,30.302088279002,
    62.033437421631));
#1589 = CARTESIAN_POINT('',(83.878736359683,30.284689669749,
    62.081228542857));
#1590 = CARTESIAN_POINT('',(82.93936465183,30.275990528431,
    62.105123335874));
#1591 = CARTESIAN_POINT('',(81.058725924293,30.27599030569,
    62.105123947699));
#1592 = CARTESIAN_POINT('',(80.117416566301,30.28472514584,
    62.081131097741));
#1593 = CARTESIAN_POINT('',(79.176542877758,30.302195387798,
    62.033143226881));
#1594 = CARTESIAN_POINT('',(78.236510241167,30.327954562882,
    61.961388567454));
#1595 = CARTESIAN_POINT('',(77.297673964265,30.361108624371,
    61.86631418953));
#1596 = CARTESIAN_POINT('',(76.360344596561,30.400439208517,
    61.74852855415));
#1597 = CARTESIAN_POINT('',(75.023042720245,30.463441860492,
    61.548726790101));
#1598 = CARTESIAN_POINT('',(74.621617751523,30.483244145122,
    61.484646807792));
#1599 = CARTESIAN_POINT('',(74.220536388018,30.503808291669,
    61.416567396069));
#1600 = CARTESIAN_POINT('',(73.819815600965,30.525013925632,
    61.344548535873));
#1601 = CARTESIAN_POINT('',(73.419470276922,30.54673504027,
    61.268652935621));
#1602 = CARTESIAN_POINT('',(73.019513320988,30.568841440248,
    61.188945305232));
#1603 = CARTESIAN_POINT('',(72.304449799254,30.608855507104,
    61.039593410461));
#1604 = CARTESIAN_POINT('',(71.989192948339,30.626668312717,
    60.971359365195));
#1605 = CARTESIAN_POINT('',(71.674190569262,30.6445727414,
    60.900822180511));
#1606 = CARTESIAN_POINT('',(71.359447457096,30.662502286165,
    60.828014846955));
#1607 = CARTESIAN_POINT('',(71.044967839998,30.680389793746,
    60.752970659456));
#1608 = CARTESIAN_POINT('',(70.730755379218,30.698167464594,
    60.675723217337));
#1609 = CARTESIAN_POINT('',(70.146308237789,30.730931176654,
    60.527877798115));
#1610 = CARTESIAN_POINT('',(69.876004009835,30.745963281955,
    60.457838536444));
#1611 = CARTESIAN_POINT('',(69.605902475776,30.760819493404,
    60.386210272162));
#1612 = CARTESIAN_POINT('',(69.336005437064,30.775456125523,
    60.313014650202));
#1613 = CARTESIAN_POINT('',(69.066314506056,30.78982948274,
    60.238273327559));
#1614 = CARTESIAN_POINT('',(68.796831106016,30.803895859385,
    60.162007973293));
#1615 = CARTESIAN_POINT('',(68.283790473785,30.830027920797,
    60.013839571041));
#1616 = CARTESIAN_POINT('',(68.040195598396,30.842156941269,
    59.942207667422));
#1617 = CARTESIAN_POINT('',(67.796772768112,30.853966205357,
    59.869360624797));
#1618 = CARTESIAN_POINT('',(67.553522848608,30.865423412046,
    59.795314481562));
#1619 = CARTESIAN_POINT('',(67.310446648065,30.876496355061,
    59.720085247378));
#1620 = CARTESIAN_POINT('',(67.067544917173,30.887152922862,
    59.643688903174));
#1621 = CARTESIAN_POINT('',(66.601693466787,30.90674490051,
    59.494856344029));
#1622 = CARTESIAN_POINT('',(66.378716620142,30.915749814236,
    59.422598550414));
#1623 = CARTESIAN_POINT('',(66.155888352209,30.924350983978,
    59.349380405024));
#1624 = CARTESIAN_POINT('',(65.933209204867,30.932523639716,
    59.275214273653));
#1625 = CARTESIAN_POINT('',(65.71067971886,30.940243097261,
    59.200112503163));
#1626 = CARTESIAN_POINT('',(65.488300433796,30.947484758255,
    59.124087421482));
#1627 = CARTESIAN_POINT('',(65.05706470968,30.960562507984,
    58.974792524453));
#1628 = CARTESIAN_POINT('',(64.848190881639,30.966456584202,
    58.901627890257));
#1629 = CARTESIAN_POINT('',(64.639450854311,30.971885952034,
    58.827667672508));
#1630 = CARTESIAN_POINT('',(64.430845102442,30.976830280742,
    58.752922108234));
#1631 = CARTESIAN_POINT('',(64.22237412523,30.981269295637,
    58.677401434005));
#1632 = CARTESIAN_POINT('',(64.014038446334,30.985182778079,
    58.601115885933));
#1633 = CARTESIAN_POINT('',(63.608867823929,30.991736714747,
    58.45119059614));
#1634 = CARTESIAN_POINT('',(63.412018631651,30.994434437149,
    58.377630068173));
#1635 = CARTESIAN_POINT('',(63.215291502391,30.996626662165,
    58.303402781832));
#1636 = CARTESIAN_POINT('',(63.018686938264,30.998296342763,
    58.228517421064));
#1637 = CARTESIAN_POINT('',(62.822205478144,30.999426455395,
    58.152982687705));
#1638 = CARTESIAN_POINT('',(62.625847697666,31.,58.07680730148));
#1639 = CARTESIAN_POINT('',(62.429614209219,31.,58.));
#1640 = PCURVE('',#1203,#1641);
#1641 = DEFINITIONAL_REPRESENTATION('',(#1642),#1741);
#1642 = B_SPLINE_CURVE_WITH_KNOTS('',7,(#1643,#1644,#1645,#1646,#1647,
    #1648,#1649,#1650,#1651,#1652,#1653,#1654,#1655,#1656,#1657,#1658,
    #1659,#1660,#1661,#1662,#1663,#1664,#1665,#1666,#1667,#1668,#1669,
    #1670,#1671,#1672,#1673,#1674,#1675,#1676,#1677,#1678,#1679,#1680,
    #1681,#1682,#1683,#1684,#1685,#1686,#1687,#1688,#1689,#1690,#1691,
    #1692,#1693,#1694,#1695,#1696,#1697,#1698,#1699,#1700,#1701,#1702,
    #1703,#1704,#1705,#1706,#1707,#1708,#1709,#1710,#1711,#1712,#1713,
    #1714,#1715,#1716,#1717,#1718,#1719,#1720,#1721,#1722,#1723,#1724,
    #1725,#1726,#1727,#1728,#1729,#1730,#1731,#1732,#1733,#1734,#1735,
    #1736,#1737,#1738,#1739,#1740),.UNSPECIFIED.,.F.,.F.,(8,6,6,6,6,6,6,
    6,6,6,6,6,6,6,6,6,8),(0.,3.60448149881E-02,7.399717862723E-02,
    0.114521125753,0.158255827717,0.206967686992,0.263064640882,
    0.334411591065,0.499999650087,0.665929242479,0.737183522047,
    0.793448631584,0.841928858513,0.885816508281,0.926159956341,
    0.964103192768,1.),.UNSPECIFIED.);
#1643 = CARTESIAN_POINT('',(0.,189.07038579078));
#1644 = CARTESIAN_POINT('',(6.426999152858E-03,188.87334320138));
#1645 = CARTESIAN_POINT('',(1.280090389669E-02,188.67617529294));
#1646 = CARTESIAN_POINT('',(1.912140984007E-02,188.4788826854));
#1647 = CARTESIAN_POINT('',(2.538818292069E-02,188.28146596135));
#1648 = CARTESIAN_POINT('',(3.160085940531E-02,188.08392566608));
#1649 = CARTESIAN_POINT('',(3.775904588986E-02,187.88626230751));
#1650 = CARTESIAN_POINT('',(5.028858759619E-02,187.48022325943));
#1651 = CARTESIAN_POINT('',(5.665397689432E-02,187.27183426172));
#1652 = CARTESIAN_POINT('',(6.295799320142E-02,187.06330991104));
#1653 = CARTESIAN_POINT('',(6.920010654372E-02,186.85465073096));
#1654 = CARTESIAN_POINT('',(7.537975096593E-02,186.64585722064));
#1655 = CARTESIAN_POINT('',(8.149632453126E-02,186.43692985487));
#1656 = CARTESIAN_POINT('',(9.401218527737E-02,186.00464273367));
#1657 = CARTESIAN_POINT('',(0.100402546747,185.78126430303));
#1658 = CARTESIAN_POINT('',(0.106719496695,185.55773433745));
#1659 = CARTESIAN_POINT('',(0.112962212908,185.33405338363));
#1660 = CARTESIAN_POINT('',(0.119129827997,185.11022198968));
#1661 = CARTESIAN_POINT('',(0.125221429391,184.88624070505));
#1662 = CARTESIAN_POINT('',(0.137727234737,184.42022135166));
#1663 = CARTESIAN_POINT('',(0.144128759861,184.17815870599));
#1664 = CARTESIAN_POINT('',(0.150439429487,183.93592283054));
#1665 = CARTESIAN_POINT('',(0.156657982146,183.69351446935));
#1666 = CARTESIAN_POINT('',(0.162783100133,183.45093442352));
#1667 = CARTESIAN_POINT('',(0.168813409507,183.20818355119));
#1668 = CARTESIAN_POINT('',(0.181356868014,182.6946967755));
#1669 = CARTESIAN_POINT('',(0.187846871028,182.42392004363));
#1670 = CARTESIAN_POINT('',(0.194215508834,182.15293382552));
#1671 = CARTESIAN_POINT('',(0.200460731082,181.88173956815));
#1672 = CARTESIAN_POINT('',(0.206580417363,181.61033891198));
#1673 = CARTESIAN_POINT('',(0.212572377213,181.33873369089));
#1674 = CARTESIAN_POINT('',(0.225185043438,180.75391001511));
#1675 = CARTESIAN_POINT('',(0.231763365273,180.44062557736));
#1676 = CARTESIAN_POINT('',(0.238165848895,180.12707569949));
#1677 = CARTESIAN_POINT('',(0.244388961984,179.81326402355));
#1678 = CARTESIAN_POINT('',(0.250429106619,179.49919475316));
#1679 = CARTESIAN_POINT('',(0.256282619283,179.18487265349));
#1680 = CARTESIAN_POINT('',(0.269148454159,178.47021748184));
#1681 = CARTESIAN_POINT('',(0.276043228007,178.06973167141));
#1682 = CARTESIAN_POINT('',(0.282622494529,177.6688567153));
#1683 = CARTESIAN_POINT('',(0.288878581312,177.26760559844));
#1684 = CARTESIAN_POINT('',(0.294803870918,176.86599329934));
#1685 = CARTESIAN_POINT('',(0.300390930411,176.46403689394));
#1686 = CARTESIAN_POINT('',(0.317798047525,175.12810721888));
#1687 = CARTESIAN_POINT('',(0.32810346147,174.19269174792));
#1688 = CARTESIAN_POINT('',(0.336459462427,173.25577805564));
#1689 = CARTESIAN_POINT('',(0.342786648139,172.31767514254));
#1690 = CARTESIAN_POINT('',(0.347024946804,171.37873635968));
#1691 = CARTESIAN_POINT('',(0.349144034521,170.43936465183));
#1692 = CARTESIAN_POINT('',(0.34914408878,168.55872592429));
#1693 = CARTESIAN_POINT('',(0.347016304962,167.6174165663));
#1694 = CARTESIAN_POINT('',(0.342760557681,166.67654287775));
#1695 = CARTESIAN_POINT('',(0.336407422237,165.73651024116));
#1696 = CARTESIAN_POINT('',(0.328017467074,164.79767396426));
#1697 = CARTESIAN_POINT('',(0.317670705399,163.86034459656));
#1698 = CARTESIAN_POINT('',(0.300212406061,162.52304272024));
#1699 = CARTESIAN_POINT('',(0.294623337627,162.12161775152));
#1700 = CARTESIAN_POINT('',(0.288697083647,161.72053638801));
#1701 = CARTESIAN_POINT('',(0.282441051802,161.31981560096));
#1702 = CARTESIAN_POINT('',(0.275862831566,160.91947027692));
#1703 = CARTESIAN_POINT('',(0.268970065672,160.51951332098));
#1704 = CARTESIAN_POINT('',(0.256085127755,159.80444979925));
#1705 = CARTESIAN_POINT('',(0.250208512048,159.48919294833));
#1706 = CARTESIAN_POINT('',(0.244144236917,159.17419056926));
#1707 = CARTESIAN_POINT('',(0.23789599797,158.85944745709));
#1708 = CARTESIAN_POINT('',(0.231467423964,158.54496783999));
#1709 = CARTESIAN_POINT('',(0.224862076808,158.23075537921));
#1710 = CARTESIAN_POINT('',(0.212242721961,157.64630823778));
#1711 = CARTESIAN_POINT('',(0.206273333988,157.37600400983));
#1712 = CARTESIAN_POINT('',(0.200177514008,157.10590247577));
#1713 = CARTESIAN_POINT('',(0.193957419516,156.83600543706));
#1714 = CARTESIAN_POINT('',(0.187615139133,156.56631450605));
#1715 = CARTESIAN_POINT('',(0.181152692606,156.29683110601));
#1716 = CARTESIAN_POINT('',(0.168614761252,155.78379047378));
#1717 = CARTESIAN_POINT('',(0.162560608925,155.54019559839));
#1718 = CARTESIAN_POINT('',(0.156411018187,155.29677276811));
#1719 = CARTESIAN_POINT('',(0.150167376324,155.0535228486));
#1720 = CARTESIAN_POINT('',(0.143831013552,154.81044664806));
#1721 = CARTESIAN_POINT('',(0.137403203016,154.56754491717));
#1722 = CARTESIAN_POINT('',(0.124893491164,154.10169346678));
#1723 = CARTESIAN_POINT('',(0.118825573732,153.87871662014));
#1724 = CARTESIAN_POINT('',(0.112682352046,153.6558883522));
#1725 = CARTESIAN_POINT('',(0.106464725264,153.43320920486));
#1726 = CARTESIAN_POINT('',(0.100173548154,153.21067971886));
#1727 = CARTESIAN_POINT('',(9.380963108698E-02,152.98830043379));
#1728 = CARTESIAN_POINT('',(8.132074885976E-02,152.55706470968));
#1729 = CARTESIAN_POINT('',(7.520409272811E-02,152.34819088163));
#1730 = CARTESIAN_POINT('',(6.902440851799E-02,152.13945085431));
#1731 = CARTESIAN_POINT('',(6.278229714828E-02,151.93084510244));
#1732 = CARTESIAN_POINT('',(5.647832358796E-02,151.72237412523));
#1733 = CARTESIAN_POINT('',(5.011301685616E-02,151.51403844633));
#1734 = CARTESIAN_POINT('',(3.760731076816E-02,151.10886782392));
#1735 = CARTESIAN_POINT('',(3.147329709219E-02,150.91201863165));
#1736 = CARTESIAN_POINT('',(2.528524639893E-02,150.71529150239));
#1737 = CARTESIAN_POINT('',(1.904354690604E-02,150.51868693826));
#1738 = CARTESIAN_POINT('',(1.274855764411E-02,150.32220547814));
#1739 = CARTESIAN_POINT('',(6.400608456629E-03,150.12584769766));
#1740 = CARTESIAN_POINT('',(0.,149.92961420921));
#1741 = ( GEOMETRIC_REPRESENTATION_CONTEXT(2) 
PARAMETRIC_REPRESENTATION_CONTEXT() REPRESENTATION_CONTEXT('2D SPACE',''
  ) );
#1742 = PCURVE('',#704,#1743);
#1743 = DEFINITIONAL_REPRESENTATION('',(#1744),#1843);
#1744 = B_SPLINE_CURVE_WITH_KNOTS('',7,(#1745,#1746,#1747,#1748,#1749,
    #1750,#1751,#1752,#1753,#1754,#1755,#1756,#1757,#1758,#1759,#1760,
    #1761,#1762,#1763,#1764,#1765,#1766,#1767,#1768,#1769,#1770,#1771,
    #1772,#1773,#1774,#1775,#1776,#1777,#1778,#1779,#1780,#1781,#1782,
    #1783,#1784,#1785,#1786,#1787,#1788,#1789,#1790,#1791,#1792,#1793,
    #1794,#1795,#1796,#1797,#1798,#1799,#1800,#1801,#1802,#1803,#1804,
    #1805,#1806,#1807,#1808,#1809,#1810,#1811,#1812,#1813,#1814,#1815,
    #1816,#1817,#1818,#1819,#1820,#1821,#1822,#1823,#1824,#1825,#1826,
    #1827,#1828,#1829,#1830,#1831,#1832,#1833,#1834,#1835,#1836,#1837,
    #1838,#1839,#1840,#1841,#1842),.UNSPECIFIED.,.F.,.F.,(8,6,6,6,6,6,6,
    6,6,6,6,6,6,6,6,6,8),(0.,3.60448149881E-02,7.399717862723E-02,
    0.114521125753,0.158255827717,0.206967686992,0.263064640882,
    0.334411591065,0.499999650087,0.665929242479,0.737183522047,
    0.793448631584,0.841928858513,0.885816508281,0.926159956341,
    0.964103192768,1.),.UNSPECIFIED.);
#1745 = CARTESIAN_POINT('',(7.290862824729,0.938126325776));
#1746 = CARTESIAN_POINT('',(7.295407705883,0.94023005507));
#1747 = CARTESIAN_POINT('',(7.299977483442,0.94232344701));
#1748 = CARTESIAN_POINT('',(7.304572677605,0.944406151012));
#1749 = CARTESIAN_POINT('',(7.309193801344,0.94647781001));
#1750 = CARTESIAN_POINT('',(7.313841360408,0.948538060461));
#1751 = CARTESIAN_POINT('',(7.31851585332,0.950586532343));
#1752 = CARTESIAN_POINT('',(7.328168522382,0.954766931082));
#1753 = CARTESIAN_POINT('',(7.333149676265,0.956897537087));
#1754 = CARTESIAN_POINT('',(7.338161807218,0.959014227595));
#1755 = CARTESIAN_POINT('',(7.343205475096,0.9611165543));
#1756 = CARTESIAN_POINT('',(7.348281225416,0.96320406017));
#1757 = CARTESIAN_POINT('',(7.353389589358,0.965276279448));
#1758 = CARTESIAN_POINT('',(7.364020956529,0.969528537734));
#1759 = CARTESIAN_POINT('',(7.369548598312,0.971706368341));
#1760 = CARTESIAN_POINT('',(7.375114639536,0.973865651626));
#1761 = CARTESIAN_POINT('',(7.380719682059,0.976005798032));
#1762 = CARTESIAN_POINT('',(7.386364299171,0.978126206293));
#1763 = CARTESIAN_POINT('',(7.392049035601,0.980226263431));
#1764 = CARTESIAN_POINT('',(7.403953406639,0.984549153871));
#1765 = CARTESIAN_POINT('',(7.410179729613,0.986768531896));
#1766 = CARTESIAN_POINT('',(7.416454027399,0.988962692975));
#1767 = CARTESIAN_POINT('',(7.422776893964,0.99113083637));
#1768 = CARTESIAN_POINT('',(7.429148866275,0.99327214646));
#1769 = CARTESIAN_POINT('',(7.435570424295,0.995385792739));
#1770 = CARTESIAN_POINT('',(7.449250043908,0.999793362559));
#1771 = CARTESIAN_POINT('',(7.456520124078,1.002080429688));
#1772 = CARTESIAN_POINT('',(7.463852820139,1.00433096127));
#1773 = CARTESIAN_POINT('',(7.471248596512,1.006543770127));
#1774 = CARTESIAN_POINT('',(7.4787077934,1.008717651844));
#1775 = CARTESIAN_POINT('',(7.486230626785,1.010851384763));
#1776 = CARTESIAN_POINT('',(7.502553931498,1.01535329092));
#1777 = CARTESIAN_POINT('',(7.511375168267,1.017707970396));
#1778 = CARTESIAN_POINT('',(7.520281045571,1.020005870064));
#1779 = CARTESIAN_POINT('',(7.529271415315,1.022245084165));
#1780 = CARTESIAN_POINT('',(7.538345834468,1.02442369952));
#1781 = CARTESIAN_POINT('',(7.547503565068,1.026539795535));
#1782 = CARTESIAN_POINT('',(7.568495486348,1.031200834989));
#1783 = CARTESIAN_POINT('',(7.580380467353,1.033705983464));
#1784 = CARTESIAN_POINT('',(7.592396340808,1.036102953869));
#1785 = CARTESIAN_POINT('',(7.604540036547,1.038387830819));
#1786 = CARTESIAN_POINT('',(7.61680755071,1.040556774192));
#1787 = CARTESIAN_POINT('',(7.6291939058,1.042606074024));
#1788 = CARTESIAN_POINT('',(7.670702326682,1.04900253465));
#1789 = CARTESIAN_POINT('',(7.700319970565,1.052809502134));
#1790 = CARTESIAN_POINT('',(7.730470415122,1.055908893304));
#1791 = CARTESIAN_POINT('',(7.761050278114,1.058262216897));
#1792 = CARTESIAN_POINT('',(7.791927975229,1.059840727803));
#1793 = CARTESIAN_POINT('',(7.822954914819,1.060629961078));
#1794 = CARTESIAN_POINT('',(7.885071420394,1.060629981286));
#1795 = CARTESIAN_POINT('',(7.916162362241,1.059837509233));
#1796 = CARTESIAN_POINT('',(7.947103137847,1.058252499723));
#1797 = CARTESIAN_POINT('',(7.977744233145,1.055889537496));
#1798 = CARTESIAN_POINT('',(8.007953322372,1.052777605412));
#1799 = CARTESIAN_POINT('',(8.037626557833,1.048955493338));
#1800 = CARTESIAN_POINT('',(8.07916781634,1.042540582048));
#1801 = CARTESIAN_POINT('',(8.091534854601,1.040490663183));
#1802 = CARTESIAN_POINT('',(8.10378324482,1.03832149439));
#1803 = CARTESIAN_POINT('',(8.11590804635,1.036036773669));
#1804 = CARTESIAN_POINT('',(8.127905286765,1.033640327763));
#1805 = CARTESIAN_POINT('',(8.139771921864,1.031136057681));
#1806 = CARTESIAN_POINT('',(8.160771312069,1.026468370524));
#1807 = CARTESIAN_POINT('',(8.16995403215,1.024344065088));
#1808 = CARTESIAN_POINT('',(8.179052919866,1.022156913548));
#1809 = CARTESIAN_POINT('',(8.188067237178,1.019908853837));
#1810 = CARTESIAN_POINT('',(8.196996544059,1.017601816193));
#1811 = CARTESIAN_POINT('',(8.205840698494,1.01523772316));
#1812 = CARTESIAN_POINT('',(8.222147090829,1.010733982976));
#1813 = CARTESIAN_POINT('',(8.229631204941,1.008608533643));
#1814 = CARTESIAN_POINT('',(8.237052293994,1.00644336243));
#1815 = CARTESIAN_POINT('',(8.244410574788,1.004239673212));
#1816 = CARTESIAN_POINT('',(8.251706385753,1.001998652895));
#1817 = CARTESIAN_POINT('',(8.258940186946,0.999721471417));
#1818 = CARTESIAN_POINT('',(8.272605487555,0.995316127963));
#1819 = CARTESIAN_POINT('',(8.279048064785,0.993194283177));
#1820 = CARTESIAN_POINT('',(8.285440720365,0.99104460145));
#1821 = CARTESIAN_POINT('',(8.291783940601,0.988867921735));
#1822 = CARTESIAN_POINT('',(8.298078269471,0.986665067881));
#1823 = CARTESIAN_POINT('',(8.304324308633,0.984436848631));
#1824 = CARTESIAN_POINT('',(8.316220566004,0.980113193549));
#1825 = CARTESIAN_POINT('',(8.321878161461,0.978021565888));
#1826 = CARTESIAN_POINT('',(8.327496014175,0.975909790635));
#1827 = CARTESIAN_POINT('',(8.333074662522,0.97377847228));
#1828 = CARTESIAN_POINT('',(8.338614672863,0.971628203811));
#1829 = CARTESIAN_POINT('',(8.344116639553,0.969459566708));
#1830 = CARTESIAN_POINT('',(8.354720620141,0.965216776005));
#1831 = CARTESIAN_POINT('',(8.359826951461,0.963144677384));
#1832 = CARTESIAN_POINT('',(8.364900695654,0.961057309079));
#1833 = CARTESIAN_POINT('',(8.369942383776,0.958955136369));
#1834 = CARTESIAN_POINT('',(8.374952561181,0.956838615816));
#1835 = CARTESIAN_POINT('',(8.379931787522,0.954708195267));
#1836 = CARTESIAN_POINT('',(8.38956257491,0.950536060461));
#1837 = CARTESIAN_POINT('',(8.394217322674,0.948495759291));
#1838 = CARTESIAN_POINT('',(8.398845365447,0.946443782113));
#1839 = CARTESIAN_POINT('',(8.403447195732,0.944380494328));
#1840 = CARTESIAN_POINT('',(8.408023313137,0.942306254967));
#1841 = CARTESIAN_POINT('',(8.412574224364,0.940221416687));
#1842 = CARTESIAN_POINT('',(8.41710044322,0.938126325776));
#1843 = ( GEOMETRIC_REPRESENTATION_CONTEXT(2) 
PARAMETRIC_REPRESENTATION_CONTEXT() REPRESENTATION_CONTEXT('2D SPACE',''
  ) );
#1844 = ADVANCED_FACE('',(#1845),#1472,.T.);
#1845 = FACE_BOUND('',#1846,.T.);
#1846 = EDGE_LOOP('',(#1847,#1873,#1901,#1927,#1928));
#1847 = ORIENTED_EDGE('',*,*,#1848,.F.);
#1848 = EDGE_CURVE('',#1849,#1851,#1853,.T.);
#1849 = VERTEX_POINT('',#1850);
#1850 = CARTESIAN_POINT('',(-48.63714734707,-19.,70.));
#1851 = VERTEX_POINT('',#1852);
#1852 = CARTESIAN_POINT('',(-42.50384638145,-7.95926210271E-15,70.));
#1853 = SURFACE_CURVE('',#1854,(#1859,#1866),.PCURVE_S1.);
#1854 = CIRCLE('',#1855,32.496153618544);
#1855 = AXIS2_PLACEMENT_3D('',#1856,#1857,#1858);
#1856 = CARTESIAN_POINT('',(-75.,0.,70.));
#1857 = DIRECTION('',(0.,0.,1.));
#1858 = DIRECTION('',(1.,0.,-0.));
#1859 = PCURVE('',#1472,#1860);
#1860 = DEFINITIONAL_REPRESENTATION('',(#1861),#1865);
#1861 = CIRCLE('',#1862,32.496153618544);
#1862 = AXIS2_PLACEMENT_2D('',#1863,#1864);
#1863 = CARTESIAN_POINT('',(12.5,31.));
#1864 = DIRECTION('',(1.,0.));
#1865 = ( GEOMETRIC_REPRESENTATION_CONTEXT(2) 
PARAMETRIC_REPRESENTATION_CONTEXT() REPRESENTATION_CONTEXT('2D SPACE',''
  ) );
#1866 = PCURVE('',#896,#1867);
#1867 = DEFINITIONAL_REPRESENTATION('',(#1868),#1872);
#1868 = LINE('',#1869,#1870);
#1869 = CARTESIAN_POINT('',(0.,1.088030403469));
#1870 = VECTOR('',#1871,1.);
#1871 = DIRECTION('',(1.,0.));
#1872 = ( GEOMETRIC_REPRESENTATION_CONTEXT(2) 
PARAMETRIC_REPRESENTATION_CONTEXT() REPRESENTATION_CONTEXT('2D SPACE',''
  ) );
#1873 = ORIENTED_EDGE('',*,*,#1874,.T.);
#1874 = EDGE_CURVE('',#1849,#1875,#1877,.T.);
#1875 = VERTEX_POINT('',#1876);
#1876 = CARTESIAN_POINT('',(105.5,-19.,70.));
#1877 = SURFACE_CURVE('',#1878,(#1882,#1889),.PCURVE_S1.);
#1878 = LINE('',#1879,#1880);
#1879 = CARTESIAN_POINT('',(-87.5,-19.,70.));
#1880 = VECTOR('',#1881,1.);
#1881 = DIRECTION('',(1.,0.,-0.));
#1882 = PCURVE('',#1472,#1883);
#1883 = DEFINITIONAL_REPRESENTATION('',(#1884),#1888);
#1884 = LINE('',#1885,#1886);
#1885 = CARTESIAN_POINT('',(0.,12.));
#1886 = VECTOR('',#1887,1.);
#1887 = DIRECTION('',(1.,0.));
#1888 = ( GEOMETRIC_REPRESENTATION_CONTEXT(2) 
PARAMETRIC_REPRESENTATION_CONTEXT() REPRESENTATION_CONTEXT('2D SPACE',''
  ) );
#1889 = PCURVE('',#1890,#1895);
#1890 = CYLINDRICAL_SURFACE('',#1891,12.);
#1891 = AXIS2_PLACEMENT_3D('',#1892,#1893,#1894);
#1892 = CARTESIAN_POINT('',(-87.5,-19.,58.));
#1893 = DIRECTION('',(1.,0.,-0.));
#1894 = DIRECTION('',(0.,-1.,0.));
#1895 = DEFINITIONAL_REPRESENTATION('',(#1896),#1900);
#1896 = LINE('',#1897,#1898);
#1897 = CARTESIAN_POINT('',(-1.570796326795,0.));
#1898 = VECTOR('',#1899,1.);
#1899 = DIRECTION('',(-0.,1.));
#1900 = ( GEOMETRIC_REPRESENTATION_CONTEXT(2) 
PARAMETRIC_REPRESENTATION_CONTEXT() REPRESENTATION_CONTEXT('2D SPACE',''
  ) );
#1901 = ORIENTED_EDGE('',*,*,#1902,.T.);
#1902 = EDGE_CURVE('',#1875,#1457,#1903,.T.);
#1903 = SURFACE_CURVE('',#1904,(#1908,#1915),.PCURVE_S1.);
#1904 = LINE('',#1905,#1906);
#1905 = CARTESIAN_POINT('',(105.5,-31.,70.));
#1906 = VECTOR('',#1907,1.);
#1907 = DIRECTION('',(-0.,1.,0.));
#1908 = PCURVE('',#1472,#1909);
#1909 = DEFINITIONAL_REPRESENTATION('',(#1910),#1914);
#1910 = LINE('',#1911,#1912);
#1911 = CARTESIAN_POINT('',(193.,0.));
#1912 = VECTOR('',#1913,1.);
#1913 = DIRECTION('',(0.,1.));
#1914 = ( GEOMETRIC_REPRESENTATION_CONTEXT(2) 
PARAMETRIC_REPRESENTATION_CONTEXT() REPRESENTATION_CONTEXT('2D SPACE',''
  ) );
#1915 = PCURVE('',#1916,#1921);
#1916 = CYLINDRICAL_SURFACE('',#1917,12.);
#1917 = AXIS2_PLACEMENT_3D('',#1918,#1919,#1920);
#1918 = CARTESIAN_POINT('',(105.5,-31.,58.));
#1919 = DIRECTION('',(-0.,1.,0.));
#1920 = DIRECTION('',(1.,0.,-0.));
#1921 = DEFINITIONAL_REPRESENTATION('',(#1922),#1926);
#1922 = LINE('',#1923,#1924);
#1923 = CARTESIAN_POINT('',(-1.570796326795,0.));
#1924 = VECTOR('',#1925,1.);
#1925 = DIRECTION('',(-0.,1.));
#1926 = ( GEOMETRIC_REPRESENTATION_CONTEXT(2) 
PARAMETRIC_REPRESENTATION_CONTEXT() REPRESENTATION_CONTEXT('2D SPACE',''
  ) );
#1927 = ORIENTED_EDGE('',*,*,#1456,.F.);
#1928 = ORIENTED_EDGE('',*,*,#1929,.F.);
#1929 = EDGE_CURVE('',#1851,#1248,#1930,.T.);
#1930 = SURFACE_CURVE('',#1931,(#1936,#1943),.PCURVE_S1.);
#1931 = CIRCLE('',#1932,32.496153618544);
#1932 = AXIS2_PLACEMENT_3D('',#1933,#1934,#1935);
#1933 = CARTESIAN_POINT('',(-75.,0.,70.));
#1934 = DIRECTION('',(0.,0.,1.));
#1935 = DIRECTION('',(1.,0.,-0.));
#1936 = PCURVE('',#1472,#1937);
#1937 = DEFINITIONAL_REPRESENTATION('',(#1938),#1942);
#1938 = CIRCLE('',#1939,32.496153618544);
#1939 = AXIS2_PLACEMENT_2D('',#1940,#1941);
#1940 = CARTESIAN_POINT('',(12.5,31.));
#1941 = DIRECTION('',(1.,0.));
#1942 = ( GEOMETRIC_REPRESENTATION_CONTEXT(2) 
PARAMETRIC_REPRESENTATION_CONTEXT() REPRESENTATION_CONTEXT('2D SPACE',''
  ) );
#1943 = PCURVE('',#896,#1944);
#1944 = DEFINITIONAL_REPRESENTATION('',(#1945),#1949);
#1945 = LINE('',#1946,#1947);
#1946 = CARTESIAN_POINT('',(0.,1.088030403469));
#1947 = VECTOR('',#1948,1.);
#1948 = DIRECTION('',(1.,0.));
#1949 = ( GEOMETRIC_REPRESENTATION_CONTEXT(2) 
PARAMETRIC_REPRESENTATION_CONTEXT() REPRESENTATION_CONTEXT('2D SPACE',''
  ) );
#1950 = ADVANCED_FACE('',(#1951),#1890,.T.);
#1951 = FACE_BOUND('',#1952,.F.);
#1952 = EDGE_LOOP('',(#1953,#2162,#2163,#2190,#2218,#2526));
#1953 = ORIENTED_EDGE('',*,*,#1954,.T.);
#1954 = EDGE_CURVE('',#1955,#1849,#1957,.T.);
#1955 = VERTEX_POINT('',#1956);
#1956 = CARTESIAN_POINT('',(-37.06584652321,-31.,58.));
#1957 = SURFACE_CURVE('',#1958,(#2024,#2093),.PCURVE_S1.);
#1958 = B_SPLINE_CURVE_WITH_KNOTS('',8,(#1959,#1960,#1961,#1962,#1963,
    #1964,#1965,#1966,#1967,#1968,#1969,#1970,#1971,#1972,#1973,#1974,
    #1975,#1976,#1977,#1978,#1979,#1980,#1981,#1982,#1983,#1984,#1985,
    #1986,#1987,#1988,#1989,#1990,#1991,#1992,#1993,#1994,#1995,#1996,
    #1997,#1998,#1999,#2000,#2001,#2002,#2003,#2004,#2005,#2006,#2007,
    #2008,#2009,#2010,#2011,#2012,#2013,#2014,#2015,#2016,#2017,#2018,
    #2019,#2020,#2021,#2022,#2023),.UNSPECIFIED.,.F.,.F.,(9,7,7,7,7,7,7,
    7,7,9),(0.,0.334498042665,0.47732978971,0.6040860626,0.741011770218,
    0.775471677301,0.826942198616,0.85946928238,0.905279851083,1.),
  .UNSPECIFIED.);
#1959 = CARTESIAN_POINT('',(-37.06584652321,-31.,58.));
#1960 = CARTESIAN_POINT('',(-37.83365213687,-31.,58.582521119777));
#1961 = CARTESIAN_POINT('',(-38.6016609534,-30.96768251137,
    59.164002204185));
#1962 = CARTESIAN_POINT('',(-39.36945155833,-30.90325148823,
    59.744033393235));
#1963 = CARTESIAN_POINT('',(-40.13643899542,-30.80654091619,
    60.322263505895));
#1964 = CARTESIAN_POINT('',(-40.90187333868,-30.67703561122,
    60.898413260347));
#1965 = CARTESIAN_POINT('',(-41.6647910405,-30.51369780525,
    61.472337111292));
#1966 = CARTESIAN_POINT('',(-42.42399628958,-30.31489428122,
    62.04406297844));
#1967 = CARTESIAN_POINT('',(-43.49975067708,-29.97609010974,
    62.857464872502));
#1968 = CARTESIAN_POINT('',(-43.82064439856,-29.86767673422,
    63.100524093617));
#1969 = CARTESIAN_POINT('',(-44.14040790719,-29.7519880435,
    63.343286005612));
#1970 = CARTESIAN_POINT('',(-44.45887904502,-29.62873327096,
    63.585788962146));
#1971 = CARTESIAN_POINT('',(-44.77585734373,-29.49757045246,
    63.828073524183));
#1972 = CARTESIAN_POINT('',(-45.09109838205,-29.35808947101,
    64.070187924268));
#1973 = CARTESIAN_POINT('',(-45.4043038038,-29.20978114034,
    64.312196819545));
#1974 = CARTESIAN_POINT('',(-45.9909298103,-28.91196238104,
    64.768953544742));
#1975 = CARTESIAN_POINT('',(-46.26480777921,-28.76449258665,
    64.983662868699));
#1976 = CARTESIAN_POINT('',(-46.5365244088,-28.60910903718,
    65.198417549676));
#1977 = CARTESIAN_POINT('',(-46.80576763574,-28.44527010361,
    65.413290640171));
#1978 = CARTESIAN_POINT('',(-47.07211586261,-28.27233712404,
    65.628340501288));
#1979 = CARTESIAN_POINT('',(-47.3350280711,-28.08955348873,
    65.843618138692));
#1980 = CARTESIAN_POINT('',(-47.59381709337,-27.89598228306,
    66.059182099441));
#1981 = CARTESIAN_POINT('',(-48.12171251445,-27.46822571143,
    66.508402306381));
#1982 = CARTESIAN_POINT('',(-48.38929596049,-27.23258192104,
    66.741540070476));
#1983 = CARTESIAN_POINT('',(-48.64994868598,-26.98138269937,
    66.975251015066));
#1984 = CARTESIAN_POINT('',(-48.9022626559,-26.71248227637,
    67.209738479173));
#1985 = CARTESIAN_POINT('',(-49.14381594779,-26.42366163632,
    67.444745146126));
#1986 = CARTESIAN_POINT('',(-49.37101019451,-26.11243695893,
    67.679587080693));
#1987 = CARTESIAN_POINT('',(-49.57909063729,-25.77609822882,
    67.913188995329));
#1988 = CARTESIAN_POINT('',(-49.80737885453,-25.31876049276,
    68.202210480085));
#1989 = CARTESIAN_POINT('',(-49.85162032312,-25.22502979459,
    68.260111789867));
#1990 = CARTESIAN_POINT('',(-49.89408898282,-25.12949145392,
    68.317763041705));
#1991 = CARTESIAN_POINT('',(-49.93466041567,-25.03212291694,
    68.375116496877));
#1992 = CARTESIAN_POINT('',(-49.97320170399,-24.93291362492,
    68.432115904452));
#1993 = CARTESIAN_POINT('',(-50.00957418585,-24.83186731715,
    68.488696900773));
#1994 = CARTESIAN_POINT('',(-50.04363621052,-24.72900433381,
    68.544787408943));
#1995 = CARTESIAN_POINT('',(-50.12245922156,-24.46806933897,
    68.683235590342));
#1996 = CARTESIAN_POINT('',(-50.164220152,-24.30774917077,
    68.764923955973));
#1997 = CARTESIAN_POINT('',(-50.20002519325,-24.14361530871,
    68.845062067143));
#1998 = CARTESIAN_POINT('',(-50.22939796253,-23.975963224,
    68.923320727704));
#1999 = CARTESIAN_POINT('',(-50.25192041861,-23.80518428069,
    68.999360950163));
#2000 = CARTESIAN_POINT('',(-50.26726936528,-23.6317808185,
    69.07284433964));
#2001 = CARTESIAN_POINT('',(-50.27525822573,-23.45638400224,
    69.143445525022));
#2002 = CARTESIAN_POINT('',(-50.27627960536,-23.16816503619,
    69.253473786289));
#2003 = CARTESIAN_POINT('',(-50.27373464094,-23.05604603408,
    69.294820546028));
#2004 = CARTESIAN_POINT('',(-50.26824601601,-22.94360362702,
    69.334834741505));
#2005 = CARTESIAN_POINT('',(-50.25983831164,-22.83101518959,
    69.37346019984));
#2006 = CARTESIAN_POINT('',(-50.24856072676,-22.71844933255,
    69.410655305376));
#2007 = CARTESIAN_POINT('',(-50.23448393626,-22.60606595994,
    69.446391554728));
#2008 = CARTESIAN_POINT('',(-50.21769694899,-22.49401632611,
    69.480652111836));
#2009 = CARTESIAN_POINT('',(-50.17099123176,-22.22530532705,
    69.559594671443));
#2010 = CARTESIAN_POINT('',(-50.13850771922,-22.06910325382,
    69.602821478782));
#2011 = CARTESIAN_POINT('',(-50.10113714547,-21.9141974326,
    69.643103233754));
#2012 = CARTESIAN_POINT('',(-50.05920705597,-21.760868123,
    69.680482558769));
#2013 = CARTESIAN_POINT('',(-50.01306215217,-21.60932595954,
    69.71503620199));
#2014 = CARTESIAN_POINT('',(-49.96304347844,-21.45972031656,
    69.746862426716));
#2015 = CARTESIAN_POINT('',(-49.909473468,-21.31214536336,
    69.776071838042));
#2016 = CARTESIAN_POINT('',(-49.73514937794,-20.86579775486,
    69.858008140159));
#2017 = CARTESIAN_POINT('',(-49.60384903537,-20.57412370375,
    69.90249176776));
#2018 = CARTESIAN_POINT('',(-49.46120873956,-20.29148006826,
    69.937394514019));
#2019 = CARTESIAN_POINT('',(-49.30930537433,-20.01760122052,
    69.963749260513));
#2020 = CARTESIAN_POINT('',(-49.14982988252,-19.75209708584,
    69.982465363936));
#2021 = CARTESIAN_POINT('',(-48.98408930346,-19.49445070134,
    69.994329246669));
#2022 = CARTESIAN_POINT('',(-48.81301075309,-19.24401373999,70.));
#2023 = CARTESIAN_POINT('',(-48.63714734707,-19.,70.));
#2024 = PCURVE('',#1890,#2025);
#2025 = DEFINITIONAL_REPRESENTATION('',(#2026),#2092);
#2026 = B_SPLINE_CURVE_WITH_KNOTS('',8,(#2027,#2028,#2029,#2030,#2031,
    #2032,#2033,#2034,#2035,#2036,#2037,#2038,#2039,#2040,#2041,#2042,
    #2043,#2044,#2045,#2046,#2047,#2048,#2049,#2050,#2051,#2052,#2053,
    #2054,#2055,#2056,#2057,#2058,#2059,#2060,#2061,#2062,#2063,#2064,
    #2065,#2066,#2067,#2068,#2069,#2070,#2071,#2072,#2073,#2074,#2075,
    #2076,#2077,#2078,#2079,#2080,#2081,#2082,#2083,#2084,#2085,#2086,
    #2087,#2088,#2089,#2090,#2091),.UNSPECIFIED.,.F.,.F.,(9,7,7,7,7,7,7,
    7,7,9),(0.,0.334498042665,0.47732978971,0.6040860626,0.741011770218,
    0.775471677301,0.826942198616,0.85946928238,0.905279851083,1.),
  .UNSPECIFIED.);
#2027 = CARTESIAN_POINT('',(0.,50.434153476781));
#2028 = CARTESIAN_POINT('',(-4.854342664811E-02,49.666347863122));
#2029 = CARTESIAN_POINT('',(-9.700020050097E-02,48.898339046599));
#2030 = CARTESIAN_POINT('',(-0.145510349325,48.130548441662));
#2031 = CARTESIAN_POINT('',(-0.194216767945,47.363561004579));
#2032 = CARTESIAN_POINT('',(-0.243273421696,46.598126661317));
#2033 = CARTESIAN_POINT('',(-0.292864827848,45.835208959491));
#2034 = CARTESIAN_POINT('',(-0.343216018921,45.076003710418));
#2035 = CARTESIAN_POINT('',(-0.416644503965,44.00024932292));
#2036 = CARTESIAN_POINT('',(-0.438816100892,43.67935560144));
#2037 = CARTESIAN_POINT('',(-0.461214068224,43.359592092803));
#2038 = CARTESIAN_POINT('',(-0.483868147985,43.041120954978));
#2039 = CARTESIAN_POINT('',(-0.506811463356,42.724142656267));
#2040 = CARTESIAN_POINT('',(-0.530082125613,42.408901617949));
#2041 = CARTESIAN_POINT('',(-0.553725975336,42.095696196193));
#2042 = CARTESIAN_POINT('',(-0.599165397724,41.509070189693));
#2043 = CARTESIAN_POINT('',(-0.620865407286,41.235192220782));
#2044 = CARTESIAN_POINT('',(-0.642943662116,40.963475591196));
#2045 = CARTESIAN_POINT('',(-0.665446664409,40.694232364256));
#2046 = CARTESIAN_POINT('',(-0.688427166771,40.427884137389));
#2047 = CARTESIAN_POINT('',(-0.711946343843,40.164971928893));
#2048 = CARTESIAN_POINT('',(-0.736079358812,39.906182906623));
#2049 = CARTESIAN_POINT('',(-0.787771185944,39.378287485542));
#2050 = CARTESIAN_POINT('',(-0.815382532134,39.110704039508));
#2051 = CARTESIAN_POINT('',(-0.843951781657,38.850051314011));
#2052 = CARTESIAN_POINT('',(-0.873651375731,38.597737344091));
#2053 = CARTESIAN_POINT('',(-0.904641424187,38.356184052206));
#2054 = CARTESIAN_POINT('',(-0.937091740901,38.128989805482));
#2055 = CARTESIAN_POINT('',(-0.971184862885,37.920909362703));
#2056 = CARTESIAN_POINT('',(-1.016268983602,37.692621145462));
#2057 = CARTESIAN_POINT('',(-1.02544955687,37.648379676879));
#2058 = CARTESIAN_POINT('',(-1.034747467743,37.60591101718));
#2059 = CARTESIAN_POINT('',(-1.044163441273,37.565339584329));
#2060 = CARTESIAN_POINT('',(-1.053697110671,37.526798296006));
#2061 = CARTESIAN_POINT('',(-1.063346871478,37.490425814144));
#2062 = CARTESIAN_POINT('',(-1.073109735727,37.456363789476));
#2063 = CARTESIAN_POINT('',(-1.097725529334,37.37754077844));
#2064 = CARTESIAN_POINT('',(-1.112717807299,37.335779847998));
#2065 = CARTESIAN_POINT('',(-1.127935164084,37.299974806745));
#2066 = CARTESIAN_POINT('',(-1.143348552155,37.270602037467));
#2067 = CARTESIAN_POINT('',(-1.158922082419,37.248079581381));
#2068 = CARTESIAN_POINT('',(-1.174612039475,37.232730634717));
#2069 = CARTESIAN_POINT('',(-1.190365562049,37.224741774268));
#2070 = CARTESIAN_POINT('',(-1.216074454624,37.223720394631));
#2071 = CARTESIAN_POINT('',(-1.226032132883,37.22626535906));
#2072 = CARTESIAN_POINT('',(-1.235976892954,37.231753983983));
#2073 = CARTESIAN_POINT('',(-1.245894757089,37.240161688356));
#2074 = CARTESIAN_POINT('',(-1.255772818692,37.251439273234));
#2075 = CARTESIAN_POINT('',(-1.265599160786,37.265516063736));
#2076 = CARTESIAN_POINT('',(-1.275362774473,37.282303051007));
#2077 = CARTESIAN_POINT('',(-1.298701691771,37.329008768232));
#2078 = CARTESIAN_POINT('',(-1.312206092496,37.361492280774));
#2079 = CARTESIAN_POINT('',(-1.32554155454,37.398862854522));
#2080 = CARTESIAN_POINT('',(-1.338690190362,37.440792944028));
#2081 = CARTESIAN_POINT('',(-1.35164002114,37.486937847829));
#2082 = CARTESIAN_POINT('',(-1.36438398303,37.536956521556));
#2083 = CARTESIAN_POINT('',(-1.376919268482,37.590526531991));
#2084 = CARTESIAN_POINT('',(-1.414736422257,37.764850622053));
#2085 = CARTESIAN_POINT('',(-1.439312438179,37.896150964625));
#2086 = CARTESIAN_POINT('',(-1.463029342096,38.038791260437));
#2087 = CARTESIAN_POINT('',(-1.485942143778,38.19069462567));
#2088 = CARTESIAN_POINT('',(-1.508108767719,38.350170117471));
#2089 = CARTESIAN_POINT('',(-1.529592094733,38.515910696539));
#2090 = CARTESIAN_POINT('',(-1.550461848462,38.68698924691));
#2091 = CARTESIAN_POINT('',(-1.570796326795,38.862852652928));
#2092 = ( GEOMETRIC_REPRESENTATION_CONTEXT(2) 
PARAMETRIC_REPRESENTATION_CONTEXT() REPRESENTATION_CONTEXT('2D SPACE',''
  ) );
#2093 = PCURVE('',#896,#2094);
#2094 = DEFINITIONAL_REPRESENTATION('',(#2095),#2161);
#2095 = B_SPLINE_CURVE_WITH_KNOTS('',8,(#2096,#2097,#2098,#2099,#2100,
    #2101,#2102,#2103,#2104,#2105,#2106,#2107,#2108,#2109,#2110,#2111,
    #2112,#2113,#2114,#2115,#2116,#2117,#2118,#2119,#2120,#2121,#2122,
    #2123,#2124,#2125,#2126,#2127,#2128,#2129,#2130,#2131,#2132,#2133,
    #2134,#2135,#2136,#2137,#2138,#2139,#2140,#2141,#2142,#2143,#2144,
    #2145,#2146,#2147,#2148,#2149,#2150,#2151,#2152,#2153,#2154,#2155,
    #2156,#2157,#2158,#2159,#2160),.UNSPECIFIED.,.F.,.F.,(9,7,7,7,7,7,7,
    7,7,9),(0.,0.334498042665,0.47732978971,0.6040860626,0.741011770218,
    0.775471677301,0.826942198616,0.85946928238,0.905279851083,1.),
  .UNSPECIFIED.);
#2096 = CARTESIAN_POINT('',(5.598040882399,0.795602953485));
#2097 = CARTESIAN_POINT('',(5.588123393222,0.80749361605));
#2098 = CARTESIAN_POINT('',(5.578438986282,0.819527967968));
#2099 = CARTESIAN_POINT('',(5.568987464191,0.831707173539));
#2100 = CARTESIAN_POINT('',(5.559777527308,0.84403404445));
#2101 = CARTESIAN_POINT('',(5.550827053778,0.856513403513));
#2102 = CARTESIAN_POINT('',(5.542168380143,0.869153951235));
#2103 = CARTESIAN_POINT('',(5.533850695248,0.881969365053));
#2104 = CARTESIAN_POINT('',(5.52259817513,0.900545688451));
#2105 = CARTESIAN_POINT('',(5.51931021128,0.906140674741));
#2106 = CARTESIAN_POINT('',(5.516108410218,0.911774182822));
#2107 = CARTESIAN_POINT('',(5.513001540833,0.917448480355));
#2108 = CARTESIAN_POINT('',(5.510000259932,0.923166006833));
#2109 = CARTESIAN_POINT('',(5.507117671093,0.928929525449));
#2110 = CARTESIAN_POINT('',(5.504370296598,0.93474238011));
#2111 = CARTESIAN_POINT('',(5.499480222426,0.945815072868));
#2112 = CARTESIAN_POINT('',(5.497304713905,0.951062523032));
#2113 = CARTESIAN_POINT('',(5.495267506549,0.95635493493));
#2114 = CARTESIAN_POINT('',(5.493386649648,0.961695663276));
#2115 = CARTESIAN_POINT('',(5.491684812617,0.967087893813));
#2116 = CARTESIAN_POINT('',(5.490190158461,0.972534806001));
#2117 = CARTESIAN_POINT('',(5.488938555256,0.978039973228));
#2118 = CARTESIAN_POINT('',(5.486941901016,0.989623319197));
#2119 = CARTESIAN_POINT('',(5.486248158912,0.995697015449));
#2120 = CARTESIAN_POINT('',(5.485953273861,1.001850077332));
#2121 = CARTESIAN_POINT('',(5.486137364984,1.008091449675));
#2122 = CARTESIAN_POINT('',(5.486906659884,1.014418460416));
#2123 = CARTESIAN_POINT('',(5.48840403467,1.020816662199));
#2124 = CARTESIAN_POINT('',(5.490811247275,1.027259412089));
#2125 = CARTESIAN_POINT('',(5.495287444089,1.035329340822));
#2126 = CARTESIAN_POINT('',(5.496260876487,1.036951088121));
#2127 = CARTESIAN_POINT('',(5.497311405076,1.038570903909));
#2128 = CARTESIAN_POINT('',(5.498442805818,1.040187433288));
#2129 = CARTESIAN_POINT('',(5.499658836283,1.041799057339));
#2130 = CARTESIAN_POINT('',(5.500963118342,1.04340389758));
#2131 = CARTESIAN_POINT('',(5.502359020871,1.044999820428));
#2132 = CARTESIAN_POINT('',(5.50607583756,1.048951287288));
#2133 = CARTESIAN_POINT('',(5.508514069314,1.051293838662));
#2134 = CARTESIAN_POINT('',(5.511173195715,1.053602838977));
#2135 = CARTESIAN_POINT('',(5.514059889277,1.05586827814));
#2136 = CARTESIAN_POINT('',(5.51717739264,1.058079603069));
#2137 = CARTESIAN_POINT('',(5.520524173128,1.060226021602));
#2138 = CARTESIAN_POINT('',(5.524092376233,1.062296900015));
#2139 = CARTESIAN_POINT('',(5.530250890003,1.065536909793));
#2140 = CARTESIAN_POINT('',(5.532718311411,1.066757694018));
#2141 = CARTESIAN_POINT('',(5.535264622433,1.06794217614));
#2142 = CARTESIAN_POINT('',(5.537885550046,1.069088375834));
#2143 = CARTESIAN_POINT('',(5.540576344264,1.070194730974));
#2144 = CARTESIAN_POINT('',(5.543331854368,1.071260065466));
#2145 = CARTESIAN_POINT('',(5.546146605133,1.072283557094));
#2146 = CARTESIAN_POINT('',(5.553054490796,1.074646537177));
#2147 = CARTESIAN_POINT('',(5.557200504069,1.075944459595));
#2148 = CARTESIAN_POINT('',(5.561437934762,1.077157394632));
#2149 = CARTESIAN_POINT('',(5.565752236418,1.078285824579));
#2150 = CARTESIAN_POINT('',(5.570129784095,1.079331345555));
#2151 = CARTESIAN_POINT('',(5.574558261399,1.080296306047));
#2152 = CARTESIAN_POINT('',(5.5790269447,1.081183530434));
#2153 = CARTESIAN_POINT('',(5.592831177853,1.083676292459));
#2154 = CARTESIAN_POINT('',(5.602259596463,1.085035690797));
#2155 = CARTESIAN_POINT('',(5.611747607773,1.086105630772));
#2156 = CARTESIAN_POINT('',(5.621242605252,1.086915189503));
#2157 = CARTESIAN_POINT('',(5.630704866026,1.087490811025));
#2158 = CARTESIAN_POINT('',(5.640107892044,1.087855898913));
#2159 = CARTESIAN_POINT('',(5.649438134789,1.088030403469));
#2160 = CARTESIAN_POINT('',(5.658694103527,1.088030403469));
#2161 = ( GEOMETRIC_REPRESENTATION_CONTEXT(2) 
PARAMETRIC_REPRESENTATION_CONTEXT() REPRESENTATION_CONTEXT('2D SPACE',''
  ) );
#2162 = ORIENTED_EDGE('',*,*,#1874,.T.);
#2163 = ORIENTED_EDGE('',*,*,#2164,.T.);
#2164 = EDGE_CURVE('',#1875,#2165,#2167,.T.);
#2165 = VERTEX_POINT('',#2166);
#2166 = CARTESIAN_POINT('',(105.5,-31.,58.));
#2167 = SURFACE_CURVE('',#2168,(#2173,#2179),.PCURVE_S1.);
#2168 = CIRCLE('',#2169,12.);
#2169 = AXIS2_PLACEMENT_3D('',#2170,#2171,#2172);
#2170 = CARTESIAN_POINT('',(105.5,-19.,58.));
#2171 = DIRECTION('',(1.,6.123233995737E-17,0.));
#2172 = DIRECTION('',(6.123233995737E-17,-1.,0.));
#2173 = PCURVE('',#1890,#2174);
#2174 = DEFINITIONAL_REPRESENTATION('',(#2175),#2178);
#2175 = B_SPLINE_CURVE_WITH_KNOTS('',1,(#2176,#2177),.UNSPECIFIED.,.F.,
  .F.,(2,2),(4.712388980385,6.28318530718),.PIECEWISE_BEZIER_KNOTS.);
#2176 = CARTESIAN_POINT('',(-1.570796326795,193.));
#2177 = CARTESIAN_POINT('',(0.,193.));
#2178 = ( GEOMETRIC_REPRESENTATION_CONTEXT(2) 
PARAMETRIC_REPRESENTATION_CONTEXT() REPRESENTATION_CONTEXT('2D SPACE',''
  ) );
#2179 = PCURVE('',#2180,#2185);
#2180 = SPHERICAL_SURFACE('',#2181,12.);
#2181 = AXIS2_PLACEMENT_3D('',#2182,#2183,#2184);
#2182 = CARTESIAN_POINT('',(105.5,-19.,58.));
#2183 = DIRECTION('',(-0.,-0.,-1.));
#2184 = DIRECTION('',(1.,0.,0.));
#2185 = DEFINITIONAL_REPRESENTATION('',(#2186),#2189);
#2186 = B_SPLINE_CURVE_WITH_KNOTS('',1,(#2187,#2188),.UNSPECIFIED.,.F.,
  .F.,(2,2),(4.712388980385,6.28318530718),.PIECEWISE_BEZIER_KNOTS.);
#2187 = CARTESIAN_POINT('',(1.570796326795,-1.570796326795));
#2188 = CARTESIAN_POINT('',(1.570796326795,0.));
#2189 = ( GEOMETRIC_REPRESENTATION_CONTEXT(2) 
PARAMETRIC_REPRESENTATION_CONTEXT() REPRESENTATION_CONTEXT('2D SPACE',''
  ) );
#2190 = ORIENTED_EDGE('',*,*,#2191,.F.);
#2191 = EDGE_CURVE('',#2192,#2165,#2194,.T.);
#2192 = VERTEX_POINT('',#2193);
#2193 = CARTESIAN_POINT('',(101.57038579078,-31.,58.));
#2194 = SURFACE_CURVE('',#2195,(#2199,#2206),.PCURVE_S1.);
#2195 = LINE('',#2196,#2197);
#2196 = CARTESIAN_POINT('',(-87.5,-31.,58.));
#2197 = VECTOR('',#2198,1.);
#2198 = DIRECTION('',(1.,0.,-0.));
#2199 = PCURVE('',#1890,#2200);
#2200 = DEFINITIONAL_REPRESENTATION('',(#2201),#2205);
#2201 = LINE('',#2202,#2203);
#2202 = CARTESIAN_POINT('',(-0.,0.));
#2203 = VECTOR('',#2204,1.);
#2204 = DIRECTION('',(-0.,1.));
#2205 = ( GEOMETRIC_REPRESENTATION_CONTEXT(2) 
PARAMETRIC_REPRESENTATION_CONTEXT() REPRESENTATION_CONTEXT('2D SPACE',''
  ) );
#2206 = PCURVE('',#2207,#2212);
#2207 = PLANE('',#2208);
#2208 = AXIS2_PLACEMENT_3D('',#2209,#2210,#2211);
#2209 = CARTESIAN_POINT('',(-87.5,-31.,36.));
#2210 = DIRECTION('',(-0.,1.,0.));
#2211 = DIRECTION('',(0.,0.,1.));
#2212 = DEFINITIONAL_REPRESENTATION('',(#2213),#2217);
#2213 = LINE('',#2214,#2215);
#2214 = CARTESIAN_POINT('',(22.,0.));
#2215 = VECTOR('',#2216,1.);
#2216 = DIRECTION('',(0.,1.));
#2217 = ( GEOMETRIC_REPRESENTATION_CONTEXT(2) 
PARAMETRIC_REPRESENTATION_CONTEXT() REPRESENTATION_CONTEXT('2D SPACE',''
  ) );
#2218 = ORIENTED_EDGE('',*,*,#2219,.T.);
#2219 = EDGE_CURVE('',#2192,#2220,#2222,.T.);
#2220 = VERTEX_POINT('',#2221);
#2221 = CARTESIAN_POINT('',(62.429614209219,-31.,58.));
#2222 = SURFACE_CURVE('',#2223,(#2322,#2424),.PCURVE_S1.);
#2223 = B_SPLINE_CURVE_WITH_KNOTS('',7,(#2224,#2225,#2226,#2227,#2228,
    #2229,#2230,#2231,#2232,#2233,#2234,#2235,#2236,#2237,#2238,#2239,
    #2240,#2241,#2242,#2243,#2244,#2245,#2246,#2247,#2248,#2249,#2250,
    #2251,#2252,#2253,#2254,#2255,#2256,#2257,#2258,#2259,#2260,#2261,
    #2262,#2263,#2264,#2265,#2266,#2267,#2268,#2269,#2270,#2271,#2272,
    #2273,#2274,#2275,#2276,#2277,#2278,#2279,#2280,#2281,#2282,#2283,
    #2284,#2285,#2286,#2287,#2288,#2289,#2290,#2291,#2292,#2293,#2294,
    #2295,#2296,#2297,#2298,#2299,#2300,#2301,#2302,#2303,#2304,#2305,
    #2306,#2307,#2308,#2309,#2310,#2311,#2312,#2313,#2314,#2315,#2316,
    #2317,#2318,#2319,#2320,#2321),.UNSPECIFIED.,.F.,.F.,(8,6,6,6,6,6,6,
    6,6,6,6,6,6,6,6,6,8),(0.,3.604481498826E-02,7.39971786275E-02,
    0.114521125754,0.158255827717,0.206967686992,0.263064640883,
    0.334411591066,0.499999650088,0.66592924248,0.737183522047,
    0.793448631584,0.841928858513,0.885816508281,0.926159956341,
    0.964103192768,1.),.UNSPECIFIED.);
#2224 = CARTESIAN_POINT('',(101.57038579078,-31.,58.));
#2225 = CARTESIAN_POINT('',(101.37334320138,-31.,58.077123989834));
#2226 = CARTESIAN_POINT('',(101.17617529294,-30.99942171607,
    58.153610842653));
#2227 = CARTESIAN_POINT('',(100.9788826854,-30.99828233556,
    58.22945171239));
#2228 = CARTESIAN_POINT('',(100.78146596135,-30.99659906976,
    58.304637771117));
#2229 = CARTESIAN_POINT('',(100.58392566608,-30.99438915386,
    58.379160209053));
#2230 = CARTESIAN_POINT('',(100.38626230751,-30.991669847,
    58.453010234556));
#2231 = CARTESIAN_POINT('',(99.980223259434,-30.98507706435,
    58.603220124478));
#2232 = CARTESIAN_POINT('',(99.77183426172,-30.98115013244,
    58.679505973638));
#2233 = CARTESIAN_POINT('',(99.563309911044,-30.97669781438,
    58.75502637871));
#2234 = CARTESIAN_POINT('',(99.354650730963,-30.97174034421,
    58.829771096263));
#2235 = CARTESIAN_POINT('',(99.145857220646,-30.96629801215,
    58.90372988233));
#2236 = CARTESIAN_POINT('',(98.936929854876,-30.96039116463,
    58.976892492408));
#2237 = CARTESIAN_POINT('',(98.504642733675,-30.94725891424,
    59.126507594958));
#2238 = CARTESIAN_POINT('',(98.281264303033,-30.93997129208,
    59.202847094245));
#2239 = CARTESIAN_POINT('',(98.05773433745,-30.93220218209,
    59.278254704204));
#2240 = CARTESIAN_POINT('',(97.834053383637,-30.92397651602,
    59.352717930375));
#2241 = CARTESIAN_POINT('',(97.610221989682,-30.915319313,
    59.426224258958));
#2242 = CARTESIAN_POINT('',(97.386240705053,-30.90625567952,
    59.49876115681));
#2243 = CARTESIAN_POINT('',(96.920221351668,-30.8866176124,
    59.647540357031));
#2244 = CARTESIAN_POINT('',(96.678158705993,-30.8759803655,
    59.723620885109));
#2245 = CARTESIAN_POINT('',(96.435922830545,-30.86493075554,
    59.798541868652));
#2246 = CARTESIAN_POINT('',(96.193514469356,-30.85350056241,
    59.872287492373));
#2247 = CARTESIAN_POINT('',(95.950934423521,-30.84172165909,
    59.944841912723));
#2248 = CARTESIAN_POINT('',(95.708183551196,-30.82962601168,
    60.0161892579));
#2249 = CARTESIAN_POINT('',(95.194696775509,-30.80345642325,
    60.164418388747));
#2250 = CARTESIAN_POINT('',(94.923920043635,-30.78931395003,
    60.241005992722));
#2251 = CARTESIAN_POINT('',(94.65293382552,-30.77486260758,
    60.316054445466));
#2252 = CARTESIAN_POINT('',(94.381739568155,-30.76014673202,
    60.389541765591));
#2253 = CARTESIAN_POINT('',(94.110338911981,-30.74521064771,
    60.46144598462));
#2254 = CARTESIAN_POINT('',(93.838733690891,-30.73009866724,
    60.531745146985));
#2255 = CARTESIAN_POINT('',(93.253910015113,-30.69730047166,
    60.679500704127));
#2256 = CARTESIAN_POINT('',(92.940625577367,-30.67957113915,
    60.756426453168));
#2257 = CARTESIAN_POINT('',(92.627075699495,-30.66173491939,
    60.831160960519));
#2258 = CARTESIAN_POINT('',(92.313264023557,-30.64385899427,
    60.903670932677));
#2259 = CARTESIAN_POINT('',(91.999194753168,-30.62600990198,
    60.973923379279));
#2260 = CARTESIAN_POINT('',(91.684872653496,-30.60825353711,
    61.041885613098));
#2261 = CARTESIAN_POINT('',(90.970217481842,-30.56827263037,
    61.19100906837));
#2262 = CARTESIAN_POINT('',(90.569731671418,-30.54614543395,
    61.270735939051));
#2263 = CARTESIAN_POINT('',(90.168856715302,-30.52440698025,
    61.346639637971));
#2264 = CARTESIAN_POINT('',(89.767605598445,-30.50318791643,
    61.418655229433));
#2265 = CARTESIAN_POINT('',(89.365993299344,-30.48261466304,
    61.48671979775));
#2266 = CARTESIAN_POINT('',(88.964036893944,-30.46280795916,
    61.550773178832));
#2267 = CARTESIAN_POINT('',(87.628107218881,-30.39995505974,
    61.749978162733));
#2268 = CARTESIAN_POINT('',(86.692691747933,-30.36076876573,
    61.867288657716));
#2269 = CARTESIAN_POINT('',(85.755778055622,-30.32774354584,
    61.961976322236));
#2270 = CARTESIAN_POINT('',(84.817675142567,-30.302088279,62.03343742163
    ));
#2271 = CARTESIAN_POINT('',(83.87873635967,-30.28468966974,
    62.081228542857));
#2272 = CARTESIAN_POINT('',(82.939364651834,-30.27599052843,
    62.105123335874));
#2273 = CARTESIAN_POINT('',(81.058725924294,-30.27599030569,
    62.105123947699));
#2274 = CARTESIAN_POINT('',(80.117416566291,-30.28472514584,
    62.08113109774));
#2275 = CARTESIAN_POINT('',(79.176542877777,-30.30219538779,
    62.033143226883));
#2276 = CARTESIAN_POINT('',(78.236510241148,-30.32795456288,
    61.961388567452));
#2277 = CARTESIAN_POINT('',(77.297673964276,-30.36110862437,
    61.866314189532));
#2278 = CARTESIAN_POINT('',(76.360344596558,-30.40043920851,
    61.74852855415));
#2279 = CARTESIAN_POINT('',(75.023042720245,-30.46344186049,
    61.548726790101));
#2280 = CARTESIAN_POINT('',(74.621617751523,-30.48324414512,
    61.484646807792));
#2281 = CARTESIAN_POINT('',(74.220536388018,-30.50380829166,
    61.416567396069));
#2282 = CARTESIAN_POINT('',(73.819815600965,-30.52501392563,
    61.344548535873));
#2283 = CARTESIAN_POINT('',(73.419470276922,-30.54673504027,
    61.268652935621));
#2284 = CARTESIAN_POINT('',(73.019513320988,-30.56884144024,
    61.188945305232));
#2285 = CARTESIAN_POINT('',(72.304449799254,-30.6088555071,
    61.039593410461));
#2286 = CARTESIAN_POINT('',(71.989192948339,-30.62666831271,
    60.971359365195));
#2287 = CARTESIAN_POINT('',(71.674190569262,-30.6445727414,
    60.900822180511));
#2288 = CARTESIAN_POINT('',(71.359447457096,-30.66250228616,
    60.828014846955));
#2289 = CARTESIAN_POINT('',(71.044967839998,-30.68038979374,
    60.752970659456));
#2290 = CARTESIAN_POINT('',(70.730755379218,-30.69816746459,
    60.675723217337));
#2291 = CARTESIAN_POINT('',(70.146308237789,-30.73093117665,
    60.527877798115));
#2292 = CARTESIAN_POINT('',(69.876004009835,-30.74596328195,
    60.457838536444));
#2293 = CARTESIAN_POINT('',(69.605902475776,-30.7608194934,
    60.386210272162));
#2294 = CARTESIAN_POINT('',(69.336005437064,-30.77545612552,
    60.313014650202));
#2295 = CARTESIAN_POINT('',(69.066314506056,-30.78982948274,
    60.238273327559));
#2296 = CARTESIAN_POINT('',(68.796831106016,-30.80389585938,
    60.162007973293));
#2297 = CARTESIAN_POINT('',(68.283790473785,-30.83002792079,
    60.013839571041));
#2298 = CARTESIAN_POINT('',(68.040195598396,-30.84215694126,
    59.942207667422));
#2299 = CARTESIAN_POINT('',(67.796772768112,-30.85396620535,
    59.869360624797));
#2300 = CARTESIAN_POINT('',(67.553522848608,-30.86542341204,
    59.795314481562));
#2301 = CARTESIAN_POINT('',(67.310446648065,-30.87649635506,
    59.720085247378));
#2302 = CARTESIAN_POINT('',(67.067544917173,-30.88715292286,
    59.643688903174));
#2303 = CARTESIAN_POINT('',(66.601693466787,-30.90674490051,
    59.494856344029));
#2304 = CARTESIAN_POINT('',(66.378716620142,-30.91574981423,
    59.422598550414));
#2305 = CARTESIAN_POINT('',(66.155888352209,-30.92435098397,
    59.349380405024));
#2306 = CARTESIAN_POINT('',(65.933209204867,-30.93252363971,
    59.275214273653));
#2307 = CARTESIAN_POINT('',(65.71067971886,-30.94024309726,
    59.200112503163));
#2308 = CARTESIAN_POINT('',(65.488300433796,-30.94748475825,
    59.124087421482));
#2309 = CARTESIAN_POINT('',(65.05706470968,-30.96056250798,
    58.974792524453));
#2310 = CARTESIAN_POINT('',(64.848190881639,-30.9664565842,
    58.901627890257));
#2311 = CARTESIAN_POINT('',(64.639450854311,-30.97188595203,
    58.827667672508));
#2312 = CARTESIAN_POINT('',(64.430845102442,-30.97683028074,
    58.752922108234));
#2313 = CARTESIAN_POINT('',(64.22237412523,-30.98126929563,
    58.677401434005));
#2314 = CARTESIAN_POINT('',(64.014038446334,-30.98518277807,
    58.601115885933));
#2315 = CARTESIAN_POINT('',(63.608867823929,-30.99173671474,
    58.45119059614));
#2316 = CARTESIAN_POINT('',(63.412018631651,-30.99443443714,
    58.377630068173));
#2317 = CARTESIAN_POINT('',(63.215291502391,-30.99662666216,
    58.303402781832));
#2318 = CARTESIAN_POINT('',(63.018686938264,-30.99829634276,
    58.228517421064));
#2319 = CARTESIAN_POINT('',(62.822205478144,-30.99942645539,
    58.152982687705));
#2320 = CARTESIAN_POINT('',(62.625847697666,-31.,58.07680730148));
#2321 = CARTESIAN_POINT('',(62.429614209219,-31.,58.));
#2322 = PCURVE('',#1890,#2323);
#2323 = DEFINITIONAL_REPRESENTATION('',(#2324),#2423);
#2324 = B_SPLINE_CURVE_WITH_KNOTS('',7,(#2325,#2326,#2327,#2328,#2329,
    #2330,#2331,#2332,#2333,#2334,#2335,#2336,#2337,#2338,#2339,#2340,
    #2341,#2342,#2343,#2344,#2345,#2346,#2347,#2348,#2349,#2350,#2351,
    #2352,#2353,#2354,#2355,#2356,#2357,#2358,#2359,#2360,#2361,#2362,
    #2363,#2364,#2365,#2366,#2367,#2368,#2369,#2370,#2371,#2372,#2373,
    #2374,#2375,#2376,#2377,#2378,#2379,#2380,#2381,#2382,#2383,#2384,
    #2385,#2386,#2387,#2388,#2389,#2390,#2391,#2392,#2393,#2394,#2395,
    #2396,#2397,#2398,#2399,#2400,#2401,#2402,#2403,#2404,#2405,#2406,
    #2407,#2408,#2409,#2410,#2411,#2412,#2413,#2414,#2415,#2416,#2417,
    #2418,#2419,#2420,#2421,#2422),.UNSPECIFIED.,.F.,.F.,(8,6,6,6,6,6,6,
    6,6,6,6,6,6,6,6,6,8),(0.,3.604481498826E-02,7.39971786275E-02,
    0.114521125754,0.158255827717,0.206967686992,0.263064640883,
    0.334411591066,0.499999650088,0.66592924248,0.737183522047,
    0.793448631584,0.841928858513,0.885816508281,0.926159956341,
    0.964103192768,1.),.UNSPECIFIED.);
#2325 = CARTESIAN_POINT('',(0.,189.07038579078));
#2326 = CARTESIAN_POINT('',(-6.426999152859E-03,188.87334320138));
#2327 = CARTESIAN_POINT('',(-1.280090389669E-02,188.67617529294));
#2328 = CARTESIAN_POINT('',(-1.912140984007E-02,188.4788826854));
#2329 = CARTESIAN_POINT('',(-2.538818292069E-02,188.28146596135));
#2330 = CARTESIAN_POINT('',(-3.160085940531E-02,188.08392566608));
#2331 = CARTESIAN_POINT('',(-3.775904588986E-02,187.88626230751));
#2332 = CARTESIAN_POINT('',(-5.028858759618E-02,187.48022325943));
#2333 = CARTESIAN_POINT('',(-5.665397689432E-02,187.27183426172));
#2334 = CARTESIAN_POINT('',(-6.295799320143E-02,187.06330991104));
#2335 = CARTESIAN_POINT('',(-6.920010654373E-02,186.85465073096));
#2336 = CARTESIAN_POINT('',(-7.537975096593E-02,186.64585722064));
#2337 = CARTESIAN_POINT('',(-8.149632453126E-02,186.43692985487));
#2338 = CARTESIAN_POINT('',(-9.401218527737E-02,186.00464273367));
#2339 = CARTESIAN_POINT('',(-0.100402546747,185.78126430303));
#2340 = CARTESIAN_POINT('',(-0.106719496695,185.55773433745));
#2341 = CARTESIAN_POINT('',(-0.112962212908,185.33405338363));
#2342 = CARTESIAN_POINT('',(-0.119129827997,185.11022198968));
#2343 = CARTESIAN_POINT('',(-0.125221429391,184.88624070505));
#2344 = CARTESIAN_POINT('',(-0.137727234737,184.42022135166));
#2345 = CARTESIAN_POINT('',(-0.144128759861,184.17815870599));
#2346 = CARTESIAN_POINT('',(-0.150439429487,183.93592283054));
#2347 = CARTESIAN_POINT('',(-0.156657982146,183.69351446935));
#2348 = CARTESIAN_POINT('',(-0.162783100133,183.45093442352));
#2349 = CARTESIAN_POINT('',(-0.168813409507,183.20818355119));
#2350 = CARTESIAN_POINT('',(-0.181356868014,182.6946967755));
#2351 = CARTESIAN_POINT('',(-0.187846871028,182.42392004363));
#2352 = CARTESIAN_POINT('',(-0.194215508834,182.15293382552));
#2353 = CARTESIAN_POINT('',(-0.200460731082,181.88173956815));
#2354 = CARTESIAN_POINT('',(-0.206580417363,181.61033891198));
#2355 = CARTESIAN_POINT('',(-0.212572377213,181.33873369089));
#2356 = CARTESIAN_POINT('',(-0.225185043438,180.75391001511));
#2357 = CARTESIAN_POINT('',(-0.231763365273,180.44062557736));
#2358 = CARTESIAN_POINT('',(-0.238165848895,180.12707569949));
#2359 = CARTESIAN_POINT('',(-0.244388961984,179.81326402355));
#2360 = CARTESIAN_POINT('',(-0.250429106619,179.49919475316));
#2361 = CARTESIAN_POINT('',(-0.256282619283,179.18487265349));
#2362 = CARTESIAN_POINT('',(-0.269148454159,178.47021748184));
#2363 = CARTESIAN_POINT('',(-0.276043228007,178.06973167141));
#2364 = CARTESIAN_POINT('',(-0.282622494529,177.6688567153));
#2365 = CARTESIAN_POINT('',(-0.288878581312,177.26760559844));
#2366 = CARTESIAN_POINT('',(-0.294803870918,176.86599329934));
#2367 = CARTESIAN_POINT('',(-0.300390930411,176.46403689394));
#2368 = CARTESIAN_POINT('',(-0.317798047526,175.12810721888));
#2369 = CARTESIAN_POINT('',(-0.328103461469,174.19269174793));
#2370 = CARTESIAN_POINT('',(-0.336459462427,173.25577805562));
#2371 = CARTESIAN_POINT('',(-0.342786648138,172.31767514256));
#2372 = CARTESIAN_POINT('',(-0.347024946804,171.37873635967));
#2373 = CARTESIAN_POINT('',(-0.349144034521,170.43936465183));
#2374 = CARTESIAN_POINT('',(-0.34914408878,168.55872592429));
#2375 = CARTESIAN_POINT('',(-0.347016304962,167.61741656629));
#2376 = CARTESIAN_POINT('',(-0.342760557681,166.67654287777));
#2377 = CARTESIAN_POINT('',(-0.336407422236,165.73651024114));
#2378 = CARTESIAN_POINT('',(-0.328017467075,164.79767396427));
#2379 = CARTESIAN_POINT('',(-0.317670705399,163.86034459655));
#2380 = CARTESIAN_POINT('',(-0.300212406061,162.52304272024));
#2381 = CARTESIAN_POINT('',(-0.294623337627,162.12161775152));
#2382 = CARTESIAN_POINT('',(-0.288697083647,161.72053638801));
#2383 = CARTESIAN_POINT('',(-0.282441051802,161.31981560096));
#2384 = CARTESIAN_POINT('',(-0.275862831566,160.91947027692));
#2385 = CARTESIAN_POINT('',(-0.268970065672,160.51951332098));
#2386 = CARTESIAN_POINT('',(-0.256085127755,159.80444979925));
#2387 = CARTESIAN_POINT('',(-0.250208512048,159.48919294833));
#2388 = CARTESIAN_POINT('',(-0.244144236917,159.17419056926));
#2389 = CARTESIAN_POINT('',(-0.23789599797,158.85944745709));
#2390 = CARTESIAN_POINT('',(-0.231467423964,158.54496783999));
#2391 = CARTESIAN_POINT('',(-0.224862076808,158.23075537921));
#2392 = CARTESIAN_POINT('',(-0.212242721961,157.64630823778));
#2393 = CARTESIAN_POINT('',(-0.206273333988,157.37600400983));
#2394 = CARTESIAN_POINT('',(-0.200177514008,157.10590247577));
#2395 = CARTESIAN_POINT('',(-0.193957419516,156.83600543706));
#2396 = CARTESIAN_POINT('',(-0.187615139133,156.56631450605));
#2397 = CARTESIAN_POINT('',(-0.181152692606,156.29683110601));
#2398 = CARTESIAN_POINT('',(-0.168614761252,155.78379047378));
#2399 = CARTESIAN_POINT('',(-0.162560608925,155.54019559839));
#2400 = CARTESIAN_POINT('',(-0.156411018187,155.29677276811));
#2401 = CARTESIAN_POINT('',(-0.150167376324,155.0535228486));
#2402 = CARTESIAN_POINT('',(-0.143831013552,154.81044664806));
#2403 = CARTESIAN_POINT('',(-0.137403203016,154.56754491717));
#2404 = CARTESIAN_POINT('',(-0.124893491164,154.10169346678));
#2405 = CARTESIAN_POINT('',(-0.118825573732,153.87871662014));
#2406 = CARTESIAN_POINT('',(-0.112682352046,153.6558883522));
#2407 = CARTESIAN_POINT('',(-0.106464725264,153.43320920486));
#2408 = CARTESIAN_POINT('',(-0.100173548154,153.21067971886));
#2409 = CARTESIAN_POINT('',(-9.380963108698E-02,152.98830043379));
#2410 = CARTESIAN_POINT('',(-8.132074885976E-02,152.55706470968));
#2411 = CARTESIAN_POINT('',(-7.520409272811E-02,152.34819088163));
#2412 = CARTESIAN_POINT('',(-6.902440851799E-02,152.13945085431));
#2413 = CARTESIAN_POINT('',(-6.278229714828E-02,151.93084510244));
#2414 = CARTESIAN_POINT('',(-5.647832358796E-02,151.72237412523));
#2415 = CARTESIAN_POINT('',(-5.011301685616E-02,151.51403844633));
#2416 = CARTESIAN_POINT('',(-3.760731076816E-02,151.10886782392));
#2417 = CARTESIAN_POINT('',(-3.147329709219E-02,150.91201863165));
#2418 = CARTESIAN_POINT('',(-2.528524639893E-02,150.71529150239));
#2419 = CARTESIAN_POINT('',(-1.904354690604E-02,150.51868693826));
#2420 = CARTESIAN_POINT('',(-1.274855764411E-02,150.32220547814));
#2421 = CARTESIAN_POINT('',(-6.400608456629E-03,150.12584769766));
#2422 = CARTESIAN_POINT('',(0.,149.92961420921));
#2423 = ( GEOMETRIC_REPRESENTATION_CONTEXT(2) 
PARAMETRIC_REPRESENTATION_CONTEXT() REPRESENTATION_CONTEXT('2D SPACE',''
  ) );
#2424 = PCURVE('',#704,#2425);
#2425 = DEFINITIONAL_REPRESENTATION('',(#2426),#2525);
#2426 = B_SPLINE_CURVE_WITH_KNOTS('',7,(#2427,#2428,#2429,#2430,#2431,
    #2432,#2433,#2434,#2435,#2436,#2437,#2438,#2439,#2440,#2441,#2442,
    #2443,#2444,#2445,#2446,#2447,#2448,#2449,#2450,#2451,#2452,#2453,
    #2454,#2455,#2456,#2457,#2458,#2459,#2460,#2461,#2462,#2463,#2464,
    #2465,#2466,#2467,#2468,#2469,#2470,#2471,#2472,#2473,#2474,#2475,
    #2476,#2477,#2478,#2479,#2480,#2481,#2482,#2483,#2484,#2485,#2486,
    #2487,#2488,#2489,#2490,#2491,#2492,#2493,#2494,#2495,#2496,#2497,
    #2498,#2499,#2500,#2501,#2502,#2503,#2504,#2505,#2506,#2507,#2508,
    #2509,#2510,#2511,#2512,#2513,#2514,#2515,#2516,#2517,#2518,#2519,
    #2520,#2521,#2522,#2523,#2524),.UNSPECIFIED.,.F.,.F.,(8,6,6,6,6,6,6,
    6,6,6,6,6,6,6,6,6,8),(0.,3.604481498826E-02,7.39971786275E-02,
    0.114521125754,0.158255827717,0.206967686992,0.263064640883,
    0.334411591066,0.499999650088,0.66592924248,0.737183522047,
    0.793448631584,0.841928858513,0.885816508281,0.926159956341,
    0.964103192768,1.),.UNSPECIFIED.);
#2427 = CARTESIAN_POINT('',(5.27550778963,0.938126325776));
#2428 = CARTESIAN_POINT('',(5.270962908476,0.94023005507));
#2429 = CARTESIAN_POINT('',(5.266393130917,0.94232344701));
#2430 = CARTESIAN_POINT('',(5.261797936755,0.944406151012));
#2431 = CARTESIAN_POINT('',(5.257176813016,0.94647781001));
#2432 = CARTESIAN_POINT('',(5.252529253951,0.948538060461));
#2433 = CARTESIAN_POINT('',(5.247854761039,0.950586532343));
#2434 = CARTESIAN_POINT('',(5.238202091977,0.954766931082));
#2435 = CARTESIAN_POINT('',(5.233220938094,0.956897537087));
#2436 = CARTESIAN_POINT('',(5.228208807141,0.959014227595));
#2437 = CARTESIAN_POINT('',(5.223165139263,0.9611165543));
#2438 = CARTESIAN_POINT('',(5.218089388943,0.96320406017));
#2439 = CARTESIAN_POINT('',(5.212981025001,0.965276279448));
#2440 = CARTESIAN_POINT('',(5.202349657831,0.969528537734));
#2441 = CARTESIAN_POINT('',(5.196822016047,0.971706368341));
#2442 = CARTESIAN_POINT('',(5.191255974823,0.973865651626));
#2443 = CARTESIAN_POINT('',(5.1856509323,0.976005798032));
#2444 = CARTESIAN_POINT('',(5.180006315188,0.978126206293));
#2445 = CARTESIAN_POINT('',(5.174321578758,0.980226263431));
#2446 = CARTESIAN_POINT('',(5.16241720772,0.984549153871));
#2447 = CARTESIAN_POINT('',(5.156190884746,0.986768531896));
#2448 = CARTESIAN_POINT('',(5.14991658696,0.988962692975));
#2449 = CARTESIAN_POINT('',(5.143593720395,0.99113083637));
#2450 = CARTESIAN_POINT('',(5.137221748085,0.99327214646));
#2451 = CARTESIAN_POINT('',(5.130800190064,0.995385792739));
#2452 = CARTESIAN_POINT('',(5.117120570451,0.999793362559));
#2453 = CARTESIAN_POINT('',(5.109850490282,1.002080429688));
#2454 = CARTESIAN_POINT('',(5.10251779422,1.00433096127));
#2455 = CARTESIAN_POINT('',(5.095122017847,1.006543770127));
#2456 = CARTESIAN_POINT('',(5.087662820959,1.008717651844));
#2457 = CARTESIAN_POINT('',(5.080139987574,1.010851384763));
#2458 = CARTESIAN_POINT('',(5.063816682861,1.01535329092));
#2459 = CARTESIAN_POINT('',(5.054995446092,1.017707970396));
#2460 = CARTESIAN_POINT('',(5.046089568788,1.020005870064));
#2461 = CARTESIAN_POINT('',(5.037099199044,1.022245084165));
#2462 = CARTESIAN_POINT('',(5.028024779891,1.02442369952));
#2463 = CARTESIAN_POINT('',(5.018867049291,1.026539795535));
#2464 = CARTESIAN_POINT('',(4.997875128011,1.031200834989));
#2465 = CARTESIAN_POINT('',(4.985990147007,1.033705983464));
#2466 = CARTESIAN_POINT('',(4.973974273551,1.036102953869));
#2467 = CARTESIAN_POINT('',(4.961830577812,1.038387830819));
#2468 = CARTESIAN_POINT('',(4.949563063649,1.040556774192));
#2469 = CARTESIAN_POINT('',(4.937176708559,1.042606074024));
#2470 = CARTESIAN_POINT('',(4.895668287677,1.04900253465));
#2471 = CARTESIAN_POINT('',(4.866050643795,1.052809502134));
#2472 = CARTESIAN_POINT('',(4.835900199237,1.055908893304));
#2473 = CARTESIAN_POINT('',(4.805320336245,1.058262216897));
#2474 = CARTESIAN_POINT('',(4.77444263913,1.059840727803));
#2475 = CARTESIAN_POINT('',(4.74341569954,1.060629961078));
#2476 = CARTESIAN_POINT('',(4.681299193965,1.060629981286));
#2477 = CARTESIAN_POINT('',(4.650208252118,1.059837509233));
#2478 = CARTESIAN_POINT('',(4.619267476513,1.058252499723));
#2479 = CARTESIAN_POINT('',(4.588626381214,1.055889537496));
#2480 = CARTESIAN_POINT('',(4.558417291988,1.052777605412));
#2481 = CARTESIAN_POINT('',(4.528744056526,1.048955493338));
#2482 = CARTESIAN_POINT('',(4.487202798019,1.042540582048));
#2483 = CARTESIAN_POINT('',(4.474835759758,1.040490663183));
#2484 = CARTESIAN_POINT('',(4.462587369539,1.03832149439));
#2485 = CARTESIAN_POINT('',(4.450462568009,1.036036773669));
#2486 = CARTESIAN_POINT('',(4.438465327594,1.033640327763));
#2487 = CARTESIAN_POINT('',(4.426598692495,1.031136057681));
#2488 = CARTESIAN_POINT('',(4.40559930229,1.026468370524));
#2489 = CARTESIAN_POINT('',(4.396416582209,1.024344065088));
#2490 = CARTESIAN_POINT('',(4.387317694493,1.022156913548));
#2491 = CARTESIAN_POINT('',(4.378303377181,1.019908853837));
#2492 = CARTESIAN_POINT('',(4.369374070301,1.017601816193));
#2493 = CARTESIAN_POINT('',(4.360529915865,1.01523772316));
#2494 = CARTESIAN_POINT('',(4.34422352353,1.010733982976));
#2495 = CARTESIAN_POINT('',(4.336739409418,1.008608533643));
#2496 = CARTESIAN_POINT('',(4.329318320365,1.00644336243));
#2497 = CARTESIAN_POINT('',(4.321960039571,1.004239673212));
#2498 = CARTESIAN_POINT('',(4.314664228606,1.001998652895));
#2499 = CARTESIAN_POINT('',(4.307430427413,0.999721471417));
#2500 = CARTESIAN_POINT('',(4.293765126804,0.995316127963));
#2501 = CARTESIAN_POINT('',(4.287322549574,0.993194283177));
#2502 = CARTESIAN_POINT('',(4.280929893994,0.99104460145));
#2503 = CARTESIAN_POINT('',(4.274586673759,0.988867921735));
#2504 = CARTESIAN_POINT('',(4.268292344889,0.986665067881));
#2505 = CARTESIAN_POINT('',(4.262046305726,0.984436848631));
#2506 = CARTESIAN_POINT('',(4.250150048355,0.980113193549));
#2507 = CARTESIAN_POINT('',(4.244492452899,0.978021565888));
#2508 = CARTESIAN_POINT('',(4.238874600184,0.975909790635));
#2509 = CARTESIAN_POINT('',(4.233295951837,0.97377847228));
#2510 = CARTESIAN_POINT('',(4.227755941496,0.971628203811));
#2511 = CARTESIAN_POINT('',(4.222253974806,0.969459566708));
#2512 = CARTESIAN_POINT('',(4.211649994218,0.965216776005));
#2513 = CARTESIAN_POINT('',(4.206543662898,0.963144677384));
#2514 = CARTESIAN_POINT('',(4.201469918705,0.961057309079));
#2515 = CARTESIAN_POINT('',(4.196428230584,0.958955136369));
#2516 = CARTESIAN_POINT('',(4.191418053178,0.956838615816));
#2517 = CARTESIAN_POINT('',(4.186438826838,0.954708195267));
#2518 = CARTESIAN_POINT('',(4.17680803945,0.950536060461));
#2519 = CARTESIAN_POINT('',(4.172153291685,0.948495759291));
#2520 = CARTESIAN_POINT('',(4.167525248912,0.946443782113));
#2521 = CARTESIAN_POINT('',(4.162923418627,0.944380494328));
#2522 = CARTESIAN_POINT('',(4.158347301223,0.942306254967));
#2523 = CARTESIAN_POINT('',(4.153796389995,0.940221416687));
#2524 = CARTESIAN_POINT('',(4.149270171139,0.938126325776));
#2525 = ( GEOMETRIC_REPRESENTATION_CONTEXT(2) 
PARAMETRIC_REPRESENTATION_CONTEXT() REPRESENTATION_CONTEXT('2D SPACE',''
  ) );
#2526 = ORIENTED_EDGE('',*,*,#2527,.F.);
#2527 = EDGE_CURVE('',#1955,#2220,#2528,.T.);
#2528 = SURFACE_CURVE('',#2529,(#2533,#2540),.PCURVE_S1.);
#2529 = LINE('',#2530,#2531);
#2530 = CARTESIAN_POINT('',(-87.5,-31.,58.));
#2531 = VECTOR('',#2532,1.);
#2532 = DIRECTION('',(1.,0.,-0.));
#2533 = PCURVE('',#1890,#2534);
#2534 = DEFINITIONAL_REPRESENTATION('',(#2535),#2539);
#2535 = LINE('',#2536,#2537);
#2536 = CARTESIAN_POINT('',(-0.,0.));
#2537 = VECTOR('',#2538,1.);
#2538 = DIRECTION('',(-0.,1.));
#2539 = ( GEOMETRIC_REPRESENTATION_CONTEXT(2) 
PARAMETRIC_REPRESENTATION_CONTEXT() REPRESENTATION_CONTEXT('2D SPACE',''
  ) );
#2540 = PCURVE('',#2541,#2546);
#2541 = PLANE('',#2542);
#2542 = AXIS2_PLACEMENT_3D('',#2543,#2544,#2545);
#2543 = CARTESIAN_POINT('',(-87.5,-31.,36.));
#2544 = DIRECTION('',(-0.,1.,0.));
#2545 = DIRECTION('',(0.,0.,1.));
#2546 = DEFINITIONAL_REPRESENTATION('',(#2547),#2551);
#2547 = LINE('',#2548,#2549);
#2548 = CARTESIAN_POINT('',(22.,0.));
#2549 = VECTOR('',#2550,1.);
#2550 = DIRECTION('',(0.,1.));
#2551 = ( GEOMETRIC_REPRESENTATION_CONTEXT(2) 
PARAMETRIC_REPRESENTATION_CONTEXT() REPRESENTATION_CONTEXT('2D SPACE',''
  ) );
#2552 = ADVANCED_FACE('',(#2553),#2180,.T.);
#2553 = FACE_BOUND('',#2554,.T.);
#2554 = EDGE_LOOP('',(#2555,#2577,#2578));
#2555 = ORIENTED_EDGE('',*,*,#2556,.F.);
#2556 = EDGE_CURVE('',#1875,#2557,#2559,.T.);
#2557 = VERTEX_POINT('',#2558);
#2558 = CARTESIAN_POINT('',(117.5,-19.,58.));
#2559 = SURFACE_CURVE('',#2560,(#2565,#2571),.PCURVE_S1.);
#2560 = CIRCLE('',#2561,12.);
#2561 = AXIS2_PLACEMENT_3D('',#2562,#2563,#2564);
#2562 = CARTESIAN_POINT('',(105.5,-19.,58.));
#2563 = DIRECTION('',(-0.,1.,0.));
#2564 = DIRECTION('',(1.,0.,0.));
#2565 = PCURVE('',#2180,#2566);
#2566 = DEFINITIONAL_REPRESENTATION('',(#2567),#2570);
#2567 = B_SPLINE_CURVE_WITH_KNOTS('',1,(#2568,#2569),.UNSPECIFIED.,.F.,
  .F.,(2,2),(4.712388980385,6.28318530718),.PIECEWISE_BEZIER_KNOTS.);
#2568 = CARTESIAN_POINT('',(0.,-1.570796326795));
#2569 = CARTESIAN_POINT('',(0.,0.));
#2570 = ( GEOMETRIC_REPRESENTATION_CONTEXT(2) 
PARAMETRIC_REPRESENTATION_CONTEXT() REPRESENTATION_CONTEXT('2D SPACE',''
  ) );
#2571 = PCURVE('',#1916,#2572);
#2572 = DEFINITIONAL_REPRESENTATION('',(#2573),#2576);
#2573 = B_SPLINE_CURVE_WITH_KNOTS('',1,(#2574,#2575),.UNSPECIFIED.,.F.,
  .F.,(2,2),(4.712388980385,6.28318530718),.PIECEWISE_BEZIER_KNOTS.);
#2574 = CARTESIAN_POINT('',(-1.570796326795,12.));
#2575 = CARTESIAN_POINT('',(0.,12.));
#2576 = ( GEOMETRIC_REPRESENTATION_CONTEXT(2) 
PARAMETRIC_REPRESENTATION_CONTEXT() REPRESENTATION_CONTEXT('2D SPACE',''
  ) );
#2577 = ORIENTED_EDGE('',*,*,#2164,.T.);
#2578 = ORIENTED_EDGE('',*,*,#2579,.F.);
#2579 = EDGE_CURVE('',#2557,#2165,#2580,.T.);
#2580 = SURFACE_CURVE('',#2581,(#2586,#2593),.PCURVE_S1.);
#2581 = CIRCLE('',#2582,12.);
#2582 = AXIS2_PLACEMENT_3D('',#2583,#2584,#2585);
#2583 = CARTESIAN_POINT('',(105.5,-19.,58.));
#2584 = DIRECTION('',(0.,0.,-1.));
#2585 = DIRECTION('',(1.,0.,0.));
#2586 = PCURVE('',#2180,#2587);
#2587 = DEFINITIONAL_REPRESENTATION('',(#2588),#2592);
#2588 = LINE('',#2589,#2590);
#2589 = CARTESIAN_POINT('',(0.,0.));
#2590 = VECTOR('',#2591,1.);
#2591 = DIRECTION('',(1.,0.));
#2592 = ( GEOMETRIC_REPRESENTATION_CONTEXT(2) 
PARAMETRIC_REPRESENTATION_CONTEXT() REPRESENTATION_CONTEXT('2D SPACE',''
  ) );
#2593 = PCURVE('',#2594,#2599);
#2594 = CYLINDRICAL_SURFACE('',#2595,12.);
#2595 = AXIS2_PLACEMENT_3D('',#2596,#2597,#2598);
#2596 = CARTESIAN_POINT('',(105.5,-19.,36.));
#2597 = DIRECTION('',(0.,0.,1.));
#2598 = DIRECTION('',(1.,0.,-0.));
#2599 = DEFINITIONAL_REPRESENTATION('',(#2600),#2604);
#2600 = LINE('',#2601,#2602);
#2601 = CARTESIAN_POINT('',(-0.,22.));
#2602 = VECTOR('',#2603,1.);
#2603 = DIRECTION('',(-1.,0.));
#2604 = ( GEOMETRIC_REPRESENTATION_CONTEXT(2) 
PARAMETRIC_REPRESENTATION_CONTEXT() REPRESENTATION_CONTEXT('2D SPACE',''
  ) );
#2605 = ADVANCED_FACE('',(#2606),#2594,.T.);
#2606 = FACE_BOUND('',#2607,.F.);
#2607 = EDGE_LOOP('',(#2608,#2636,#2800,#2821));
#2608 = ORIENTED_EDGE('',*,*,#2609,.F.);
#2609 = EDGE_CURVE('',#2610,#2557,#2612,.T.);
#2610 = VERTEX_POINT('',#2611);
#2611 = CARTESIAN_POINT('',(117.5,-19.,55.14604967545));
#2612 = SURFACE_CURVE('',#2613,(#2617,#2624),.PCURVE_S1.);
#2613 = LINE('',#2614,#2615);
#2614 = CARTESIAN_POINT('',(117.5,-19.,36.));
#2615 = VECTOR('',#2616,1.);
#2616 = DIRECTION('',(0.,0.,1.));
#2617 = PCURVE('',#2594,#2618);
#2618 = DEFINITIONAL_REPRESENTATION('',(#2619),#2623);
#2619 = LINE('',#2620,#2621);
#2620 = CARTESIAN_POINT('',(-0.,0.));
#2621 = VECTOR('',#2622,1.);
#2622 = DIRECTION('',(-0.,1.));
#2623 = ( GEOMETRIC_REPRESENTATION_CONTEXT(2) 
PARAMETRIC_REPRESENTATION_CONTEXT() REPRESENTATION_CONTEXT('2D SPACE',''
  ) );
#2624 = PCURVE('',#2625,#2630);
#2625 = PLANE('',#2626);
#2626 = AXIS2_PLACEMENT_3D('',#2627,#2628,#2629);
#2627 = CARTESIAN_POINT('',(117.5,-31.,36.));
#2628 = DIRECTION('',(1.,0.,-0.));
#2629 = DIRECTION('',(0.,0.,1.));
#2630 = DEFINITIONAL_REPRESENTATION('',(#2631),#2635);
#2631 = LINE('',#2632,#2633);
#2632 = CARTESIAN_POINT('',(0.,-12.));
#2633 = VECTOR('',#2634,1.);
#2634 = DIRECTION('',(1.,0.));
#2635 = ( GEOMETRIC_REPRESENTATION_CONTEXT(2) 
PARAMETRIC_REPRESENTATION_CONTEXT() REPRESENTATION_CONTEXT('2D SPACE',''
  ) );
#2636 = ORIENTED_EDGE('',*,*,#2637,.T.);
#2637 = EDGE_CURVE('',#2610,#2638,#2640,.T.);
#2638 = VERTEX_POINT('',#2639);
#2639 = CARTESIAN_POINT('',(105.5,-31.,56.277841708179));
#2640 = SURFACE_CURVE('',#2641,(#2692,#2746),.PCURVE_S1.);
#2641 = B_SPLINE_CURVE_WITH_KNOTS('',7,(#2642,#2643,#2644,#2645,#2646,
    #2647,#2648,#2649,#2650,#2651,#2652,#2653,#2654,#2655,#2656,#2657,
    #2658,#2659,#2660,#2661,#2662,#2663,#2664,#2665,#2666,#2667,#2668,
    #2669,#2670,#2671,#2672,#2673,#2674,#2675,#2676,#2677,#2678,#2679,
    #2680,#2681,#2682,#2683,#2684,#2685,#2686,#2687,#2688,#2689,#2690,
    #2691),.UNSPECIFIED.,.F.,.F.,(8,6,6,6,6,6,6,6,8),(0.,0.186236881028,
    0.268396527277,0.31811561796,0.425366142171,0.549721319633,
    0.609389858419,0.714627849745,1.),.UNSPECIFIED.);
#2642 = CARTESIAN_POINT('',(117.5,-19.,55.14604967545));
#2643 = CARTESIAN_POINT('',(117.5,-19.46808207033,54.957411191471));
#2644 = CARTESIAN_POINT('',(117.47869884055,-19.94201012697,
    54.776153764658));
#2645 = CARTESIAN_POINT('',(117.43513712928,-20.42106829499,
    54.603168214803));
#2646 = CARTESIAN_POINT('',(117.36830014005,-20.90426078296,
    54.439503159259));
#2647 = CARTESIAN_POINT('',(117.27718451729,-21.39030260881,
    54.286338749565));
#2648 = CARTESIAN_POINT('',(117.16089281092,-21.87760604039,
    54.144939941867));
#2649 = CARTESIAN_POINT('',(116.95605116689,-22.57895461472,
    53.95996655712));
#2650 = CARTESIAN_POINT('',(116.88831953069,-22.79351030711,
    53.905885952011));
#2651 = CARTESIAN_POINT('',(116.81550694916,-23.00775828065,
    53.854459006227));
#2652 = CARTESIAN_POINT('',(116.73756966042,-23.22151284535,
    53.805797975052));
#2653 = CARTESIAN_POINT('',(116.65447744426,-23.4345744826,
    53.760013751601));
#2654 = CARTESIAN_POINT('',(116.56621694162,-23.64673015953,
    53.717213769783));
#2655 = CARTESIAN_POINT('',(116.41626046476,-23.98545496866,
    53.653466975997));
#2656 = CARTESIAN_POINT('',(116.35783581352,-24.11274197871,
    53.630564052089));
#2657 = CARTESIAN_POINT('',(116.29752230306,-24.2395643344,
    53.608813941965));
#2658 = CARTESIAN_POINT('',(116.23532415464,-24.36587055001,
    53.588238286677));
#2659 = CARTESIAN_POINT('',(116.1712485279,-24.49160799305,53.5688575619
    ));
#2660 = CARTESIAN_POINT('',(116.1053055209,-24.61672288428,
    53.550691077943));
#2661 = CARTESIAN_POINT('',(115.89126049528,-25.0095879306,
    53.497227934567));
#2662 = CARTESIAN_POINT('',(115.73637671754,-25.27487771591,
    53.466431095128));
#2663 = CARTESIAN_POINT('',(115.57300107499,-25.53645876648,
    53.441549706058));
#2664 = CARTESIAN_POINT('',(115.40133649994,-25.7937688429,
    53.422729260981));
#2665 = CARTESIAN_POINT('',(115.22165061028,-26.04625793117,
    53.410072231205));
#2666 = CARTESIAN_POINT('',(115.03428170096,-26.29339182034,
    53.40363279442));
#2667 = CARTESIAN_POINT('',(114.61396645006,-26.81439706424,
    53.403155049751));
#2668 = CARTESIAN_POINT('',(114.37848801839,-27.08628310836,
    53.411258140662));
#2669 = CARTESIAN_POINT('',(114.13386083007,-27.34949863635,
    53.427725045496));
#2670 = CARTESIAN_POINT('',(113.88079908228,-27.60336652164,
    53.452459893135));
#2671 = CARTESIAN_POINT('',(113.62006453535,-27.84733031249,
    53.485282139339));
#2672 = CARTESIAN_POINT('',(113.35245609445,-28.08094207754,
    53.525938598785));
#2673 = CARTESIAN_POINT('',(112.94749961085,-28.41081456053,
    53.597226881497));
#2674 = CARTESIAN_POINT('',(112.81479751251,-28.515315516,
    53.622073395637));
#2675 = CARTESIAN_POINT('',(112.6807854139,-28.61732296303,
    53.648617588312));
#2676 = CARTESIAN_POINT('',(112.5455494486,-28.71680861587,
    53.676822855329));
#2677 = CARTESIAN_POINT('',(112.40917410146,-28.81375062243,
    53.706650527724));
#2678 = CARTESIAN_POINT('',(112.27174191799,-28.90813290878,
    53.738060355296));
#2679 = CARTESIAN_POINT('',(111.88922041445,-29.16187357587,
    53.829126350304));
#2680 = CARTESIAN_POINT('',(111.64207031521,-29.31580569428,
    53.892034678494));
#2681 = CARTESIAN_POINT('',(111.3923207374,-29.46168379904,
    53.959509239251));
#2682 = CARTESIAN_POINT('',(111.14038187262,-29.59950231078,
    54.031315131689));
#2683 = CARTESIAN_POINT('',(110.88663405389,-29.72929740849,
    54.107215184765));
#2684 = CARTESIAN_POINT('',(110.63142552701,-29.85113728755,
    54.186975852566));
#2685 = CARTESIAN_POINT('',(109.67991570845,-30.27417692505,
    54.4965200957));
#2686 = CARTESIAN_POINT('',(108.97676133558,-30.52521901661,
    54.749266317616));
#2687 = CARTESIAN_POINT('',(108.27119234382,-30.72049522133,
    55.02430248115));
#2688 = CARTESIAN_POINT('',(107.56772012159,-30.86279673965,
    55.317696300115));
#2689 = CARTESIAN_POINT('',(106.86985020427,-30.95503139809,
    55.626094790308));
#2690 = CARTESIAN_POINT('',(106.18009804795,-31.,55.94679326936));
#2691 = CARTESIAN_POINT('',(105.5,-31.,56.277841708179));
#2692 = PCURVE('',#2594,#2693);
#2693 = DEFINITIONAL_REPRESENTATION('',(#2694),#2745);
#2694 = B_SPLINE_CURVE_WITH_KNOTS('',7,(#2695,#2696,#2697,#2698,#2699,
    #2700,#2701,#2702,#2703,#2704,#2705,#2706,#2707,#2708,#2709,#2710,
    #2711,#2712,#2713,#2714,#2715,#2716,#2717,#2718,#2719,#2720,#2721,
    #2722,#2723,#2724,#2725,#2726,#2727,#2728,#2729,#2730,#2731,#2732,
    #2733,#2734,#2735,#2736,#2737,#2738,#2739,#2740,#2741,#2742,#2743,
    #2744),.UNSPECIFIED.,.F.,.F.,(8,6,6,6,6,6,6,6,8),(0.,0.186236881028,
    0.268396527277,0.31811561796,0.425366142171,0.549721319633,
    0.609389858419,0.714627849745,1.),.UNSPECIFIED.);
#2695 = CARTESIAN_POINT('',(0.,19.14604967545));
#2696 = CARTESIAN_POINT('',(-3.90068391947E-02,18.957411191471));
#2697 = CARTESIAN_POINT('',(-7.850082918918E-02,18.776153764658));
#2698 = CARTESIAN_POINT('',(-0.11851932894,18.603168214803));
#2699 = CARTESIAN_POINT('',(-0.159087029734,18.439503159259));
#2700 = CARTESIAN_POINT('',(-0.200218121011,18.286338749565));
#2701 = CARTESIAN_POINT('',(-0.241915090634,18.144939941867));
#2702 = CARTESIAN_POINT('',(-0.30280261911,17.95996655712));
#2703 = CARTESIAN_POINT('',(-0.321547634683,17.905885952011));
#2704 = CARTESIAN_POINT('',(-0.340397305485,17.854459006227));
#2705 = CARTESIAN_POINT('',(-0.359348937908,17.805797975052));
#2706 = CARTESIAN_POINT('',(-0.378398918126,17.760013751601));
#2707 = CARTESIAN_POINT('',(-0.397542584632,17.717213769783));
#2708 = CARTESIAN_POINT('',(-0.428412095083,17.653466975997));
#2709 = CARTESIAN_POINT('',(-0.44008227634,17.630564052089));
#2710 = CARTESIAN_POINT('',(-0.451783351823,17.608813941965));
#2711 = CARTESIAN_POINT('',(-0.463513892453,17.588238286677));
#2712 = CARTESIAN_POINT('',(-0.475272332796,17.5688575619));
#2713 = CARTESIAN_POINT('',(-0.487056971064,17.550691077943));
#2714 = CARTESIAN_POINT('',(-0.524339508829,17.497227934567));
#2715 = CARTESIAN_POINT('',(-0.549927757186,17.466431095128));
#2716 = CARTESIAN_POINT('',(-0.57561013728,17.441549706058));
#2717 = CARTESIAN_POINT('',(-0.601365563132,17.422729260981));
#2718 = CARTESIAN_POINT('',(-0.62717172465,17.410072231205));
#2719 = CARTESIAN_POINT('',(-0.653004372595,17.40363279442));
#2720 = CARTESIAN_POINT('',(-0.708788640483,17.403155049751));
#2721 = CARTESIAN_POINT('',(-0.738743971466,17.411258140662));
#2722 = CARTESIAN_POINT('',(-0.768659542483,17.427725045496));
#2723 = CARTESIAN_POINT('',(-0.798497970227,17.452459893135));
#2724 = CARTESIAN_POINT('',(-0.82822558282,17.485282139339));
#2725 = CARTESIAN_POINT('',(-0.857810914453,17.525938598785));
#2726 = CARTESIAN_POINT('',(-0.901336578071,17.597226881497));
#2727 = CARTESIAN_POINT('',(-0.915410420673,17.622073395637));
#2728 = CARTESIAN_POINT('',(-0.929442260746,17.648617588312));
#2729 = CARTESIAN_POINT('',(-0.943429518163,17.676822855329));
#2730 = CARTESIAN_POINT('',(-0.957369920989,17.706650527724));
#2731 = CARTESIAN_POINT('',(-0.971261472801,17.738060355296));
#2732 = CARTESIAN_POINT('',(-1.009513835365,17.829126350304));
#2733 = CARTESIAN_POINT('',(-1.033767782184,17.892034678494));
#2734 = CARTESIAN_POINT('',(-1.057855041193,17.959509239251));
#2735 = CARTESIAN_POINT('',(-1.081769181074,18.031315131689));
#2736 = CARTESIAN_POINT('',(-1.105506231995,18.107215184765));
#2737 = CARTESIAN_POINT('',(-1.129064359142,18.186975852566));
#2738 = CARTESIAN_POINT('',(-1.215840470715,18.4965200957));
#2739 = CARTESIAN_POINT('',(-1.277882227304,18.749266317616));
#2740 = CARTESIAN_POINT('',(-1.338636167126,19.02430248115));
#2741 = CARTESIAN_POINT('',(-1.398189039936,19.317696300115));
#2742 = CARTESIAN_POINT('',(-1.456642129593,19.626094790308));
#2743 = CARTESIAN_POINT('',(-1.514121489465,19.94679326936));
#2744 = CARTESIAN_POINT('',(-1.570796326795,20.277841708179));
#2745 = ( GEOMETRIC_REPRESENTATION_CONTEXT(2) 
PARAMETRIC_REPRESENTATION_CONTEXT() REPRESENTATION_CONTEXT('2D SPACE',''
  ) );
#2746 = PCURVE('',#704,#2747);
#2747 = DEFINITIONAL_REPRESENTATION('',(#2748),#2799);
#2748 = B_SPLINE_CURVE_WITH_KNOTS('',7,(#2749,#2750,#2751,#2752,#2753,
    #2754,#2755,#2756,#2757,#2758,#2759,#2760,#2761,#2762,#2763,#2764,
    #2765,#2766,#2767,#2768,#2769,#2770,#2771,#2772,#2773,#2774,#2775,
    #2776,#2777,#2778,#2779,#2780,#2781,#2782,#2783,#2784,#2785,#2786,
    #2787,#2788,#2789,#2790,#2791,#2792,#2793,#2794,#2795,#2796,#2797,
    #2798),.UNSPECIFIED.,.F.,.F.,(8,6,6,6,6,6,6,6,8),(0.,0.186236881028,
    0.268396527277,0.31811561796,0.425366142171,0.549721319633,
    0.609389858419,0.714627849745,1.),.UNSPECIFIED.);
#2749 = CARTESIAN_POINT('',(5.791767061585,0.863959830041));
#2750 = CARTESIAN_POINT('',(5.781517616098,0.859274876344));
#2751 = CARTESIAN_POINT('',(5.771021719438,0.854803218933));
#2752 = CARTESIAN_POINT('',(5.760275860439,0.850561899734));
#2753 = CARTESIAN_POINT('',(5.749279724462,0.846571628178));
#2754 = CARTESIAN_POINT('',(5.738036195091,0.842856042434));
#2755 = CARTESIAN_POINT('',(5.726552123706,0.839440683517));
#2756 = CARTESIAN_POINT('',(5.709672926499,0.834988948721));
#2757 = CARTESIAN_POINT('',(5.704461824703,0.833689795845));
#2758 = CARTESIAN_POINT('',(5.699207823842,0.832456500863));
#2759 = CARTESIAN_POINT('',(5.693912448408,0.831291363602));
#2760 = CARTESIAN_POINT('',(5.688577524366,0.830196662618));
#2761 = CARTESIAN_POINT('',(5.6832052184,0.829174611301));
#2762 = CARTESIAN_POINT('',(5.674525933776,0.827654054931));
#2763 = CARTESIAN_POINT('',(5.671241028837,0.827108168041));
#2764 = CARTESIAN_POINT('',(5.667943926553,0.826590124488));
#2765 = CARTESIAN_POINT('',(5.66463523569,0.826100371775));
#2766 = CARTESIAN_POINT('',(5.661315609602,0.825639333732));
#2767 = CARTESIAN_POINT('',(5.657985746221,0.825207410516));
#2768 = CARTESIAN_POINT('',(5.647442959607,0.823936880822));
#2769 = CARTESIAN_POINT('',(5.640194966099,0.823205958896));
#2770 = CARTESIAN_POINT('',(5.63291045441,0.822616021621));
#2771 = CARTESIAN_POINT('',(5.625597747049,0.822170093272));
#2772 = CARTESIAN_POINT('',(5.618265604196,0.821870304354));
#2773 = CARTESIAN_POINT('',(5.61092338573,0.821717782334));
#2774 = CARTESIAN_POINT('',(5.59506808786,0.821706466738));
#2775 = CARTESIAN_POINT('',(5.58655392743,0.82189839222));
#2776 = CARTESIAN_POINT('',(5.578054823622,0.822288412416));
#2777 = CARTESIAN_POINT('',(5.569585255737,0.822874518389));
#2778 = CARTESIAN_POINT('',(5.561158542692,0.823652958189));
#2779 = CARTESIAN_POINT('',(5.55278718892,0.824618485848));
#2780 = CARTESIAN_POINT('',(5.540498638644,0.826314384288));
#2781 = CARTESIAN_POINT('',(5.536529460232,0.826905847961));
#2782 = CARTESIAN_POINT('',(5.532576786845,0.827538185071));
#2783 = CARTESIAN_POINT('',(5.528641707391,0.828210638257));
#2784 = CARTESIAN_POINT('',(5.524725210919,0.828922408661));
#2785 = CARTESIAN_POINT('',(5.520828195749,0.829672666011));
#2786 = CARTESIAN_POINT('',(5.510114074233,0.83185017284));
#2787 = CARTESIAN_POINT('',(5.503339824989,0.833356858222));
#2788 = CARTESIAN_POINT('',(5.496633102031,0.834975947411));
#2789 = CARTESIAN_POINT('',(5.489997362411,0.83670262178));
#2790 = CARTESIAN_POINT('',(5.483435259578,0.83853203557));
#2791 = CARTESIAN_POINT('',(5.476948753889,0.840459439931));
#2792 = CARTESIAN_POINT('',(5.453158602745,0.847960259249));
#2793 = CARTESIAN_POINT('',(5.436354777962,0.854124040476));
#2794 = CARTESIAN_POINT('',(5.420136200528,0.860885147494));
#2795 = CARTESIAN_POINT('',(5.40450258971,0.868166078962));
#2796 = CARTESIAN_POINT('',(5.38944878263,0.875901691785));
#2797 = CARTESIAN_POINT('',(5.374963723138,0.884040899847));
#2798 = CARTESIAN_POINT('',(5.361031432051,0.892551030013));
#2799 = ( GEOMETRIC_REPRESENTATION_CONTEXT(2) 
PARAMETRIC_REPRESENTATION_CONTEXT() REPRESENTATION_CONTEXT('2D SPACE',''
  ) );
#2800 = ORIENTED_EDGE('',*,*,#2801,.T.);
#2801 = EDGE_CURVE('',#2638,#2165,#2802,.T.);
#2802 = SURFACE_CURVE('',#2803,(#2807,#2814),.PCURVE_S1.);
#2803 = LINE('',#2804,#2805);
#2804 = CARTESIAN_POINT('',(105.5,-31.,36.));
#2805 = VECTOR('',#2806,1.);
#2806 = DIRECTION('',(0.,0.,1.));
#2807 = PCURVE('',#2594,#2808);
#2808 = DEFINITIONAL_REPRESENTATION('',(#2809),#2813);
#2809 = LINE('',#2810,#2811);
#2810 = CARTESIAN_POINT('',(-1.570796326795,0.));
#2811 = VECTOR('',#2812,1.);
#2812 = DIRECTION('',(-0.,1.));
#2813 = ( GEOMETRIC_REPRESENTATION_CONTEXT(2) 
PARAMETRIC_REPRESENTATION_CONTEXT() REPRESENTATION_CONTEXT('2D SPACE',''
  ) );
#2814 = PCURVE('',#2207,#2815);
#2815 = DEFINITIONAL_REPRESENTATION('',(#2816),#2820);
#2816 = LINE('',#2817,#2818);
#2817 = CARTESIAN_POINT('',(0.,193.));
#2818 = VECTOR('',#2819,1.);
#2819 = DIRECTION('',(1.,0.));
#2820 = ( GEOMETRIC_REPRESENTATION_CONTEXT(2) 
PARAMETRIC_REPRESENTATION_CONTEXT() REPRESENTATION_CONTEXT('2D SPACE',''
  ) );
#2821 = ORIENTED_EDGE('',*,*,#2579,.F.);
#2822 = ADVANCED_FACE('',(#2823),#2625,.T.);
#2823 = FACE_BOUND('',#2824,.T.);
#2824 = EDGE_LOOP('',(#2825,#2826,#2855));
#2825 = ORIENTED_EDGE('',*,*,#2609,.F.);
#2826 = ORIENTED_EDGE('',*,*,#2827,.F.);
#2827 = EDGE_CURVE('',#2828,#2610,#2830,.T.);
#2828 = VERTEX_POINT('',#2829);
#2829 = CARTESIAN_POINT('',(117.5,-9.151502608862,58.));
#2830 = SURFACE_CURVE('',#2831,(#2836,#2843),.PCURVE_S1.);
#2831 = CIRCLE('',#2832,50.830601019465);
#2832 = AXIS2_PLACEMENT_3D('',#2833,#2834,#2835);
#2833 = CARTESIAN_POINT('',(117.5,0.,8.));
#2834 = DIRECTION('',(1.,0.,-0.));
#2835 = DIRECTION('',(0.,0.,1.));
#2836 = PCURVE('',#2625,#2837);
#2837 = DEFINITIONAL_REPRESENTATION('',(#2838),#2842);
#2838 = CIRCLE('',#2839,50.830601019465);
#2839 = AXIS2_PLACEMENT_2D('',#2840,#2841);
#2840 = CARTESIAN_POINT('',(-28.,-31.));
#2841 = DIRECTION('',(1.,0.));
#2842 = ( GEOMETRIC_REPRESENTATION_CONTEXT(2) 
PARAMETRIC_REPRESENTATION_CONTEXT() REPRESENTATION_CONTEXT('2D SPACE',''
  ) );
#2843 = PCURVE('',#704,#2844);
#2844 = DEFINITIONAL_REPRESENTATION('',(#2845),#2854);
#2845 = B_SPLINE_CURVE_WITH_KNOTS('',7,(#2846,#2847,#2848,#2849,#2850,
    #2851,#2852,#2853),.UNSPECIFIED.,.F.,.F.,(8,8),(0.181026339608,
    0.383092496385),.PIECEWISE_BEZIER_KNOTS.);
#2846 = CARTESIAN_POINT('',(6.030889543808,0.938126325776));
#2847 = CARTESIAN_POINT('',(5.992765880087,0.930920424383));
#2848 = CARTESIAN_POINT('',(5.955751450525,0.922471253952));
#2849 = CARTESIAN_POINT('',(5.920023659616,0.912839316051));
#2850 = CARTESIAN_POINT('',(5.885709578542,0.902096042908));
#2851 = CARTESIAN_POINT('',(5.852880942659,0.890317941898));
#2852 = CARTESIAN_POINT('',(5.821567264058,0.87758130536));
#2853 = CARTESIAN_POINT('',(5.791767061585,0.863959830041));
#2854 = ( GEOMETRIC_REPRESENTATION_CONTEXT(2) 
PARAMETRIC_REPRESENTATION_CONTEXT() REPRESENTATION_CONTEXT('2D SPACE',''
  ) );
#2855 = ORIENTED_EDGE('',*,*,#2856,.F.);
#2856 = EDGE_CURVE('',#2557,#2828,#2857,.T.);
#2857 = SURFACE_CURVE('',#2858,(#2862,#2869),.PCURVE_S1.);
#2858 = LINE('',#2859,#2860);
#2859 = CARTESIAN_POINT('',(117.5,-31.,58.));
#2860 = VECTOR('',#2861,1.);
#2861 = DIRECTION('',(-0.,1.,0.));
#2862 = PCURVE('',#2625,#2863);
#2863 = DEFINITIONAL_REPRESENTATION('',(#2864),#2868);
#2864 = LINE('',#2865,#2866);
#2865 = CARTESIAN_POINT('',(22.,0.));
#2866 = VECTOR('',#2867,1.);
#2867 = DIRECTION('',(0.,-1.));
#2868 = ( GEOMETRIC_REPRESENTATION_CONTEXT(2) 
PARAMETRIC_REPRESENTATION_CONTEXT() REPRESENTATION_CONTEXT('2D SPACE',''
  ) );
#2869 = PCURVE('',#1916,#2870);
#2870 = DEFINITIONAL_REPRESENTATION('',(#2871),#2875);
#2871 = LINE('',#2872,#2873);
#2872 = CARTESIAN_POINT('',(-0.,0.));
#2873 = VECTOR('',#2874,1.);
#2874 = DIRECTION('',(-0.,1.));
#2875 = ( GEOMETRIC_REPRESENTATION_CONTEXT(2) 
PARAMETRIC_REPRESENTATION_CONTEXT() REPRESENTATION_CONTEXT('2D SPACE',''
  ) );
#2876 = ADVANCED_FACE('',(#2877),#2207,.F.);
#2877 = FACE_BOUND('',#2878,.F.);
#2878 = EDGE_LOOP('',(#2879,#2904,#2905));
#2879 = ORIENTED_EDGE('',*,*,#2880,.F.);
#2880 = EDGE_CURVE('',#2192,#2638,#2881,.T.);
#2881 = SURFACE_CURVE('',#2882,(#2887,#2894),.PCURVE_S1.);
#2882 = CIRCLE('',#2883,53.693575034635);
#2883 = AXIS2_PLACEMENT_3D('',#2884,#2885,#2886);
#2884 = CARTESIAN_POINT('',(82.,-31.,8.));
#2885 = DIRECTION('',(-0.,1.,0.));
#2886 = DIRECTION('',(0.,0.,1.));
#2887 = PCURVE('',#2207,#2888);
#2888 = DEFINITIONAL_REPRESENTATION('',(#2889),#2893);
#2889 = CIRCLE('',#2890,53.693575034635);
#2890 = AXIS2_PLACEMENT_2D('',#2891,#2892);
#2891 = CARTESIAN_POINT('',(-28.,169.5));
#2892 = DIRECTION('',(1.,0.));
#2893 = ( GEOMETRIC_REPRESENTATION_CONTEXT(2) 
PARAMETRIC_REPRESENTATION_CONTEXT() REPRESENTATION_CONTEXT('2D SPACE',''
  ) );
#2894 = PCURVE('',#704,#2895);
#2895 = DEFINITIONAL_REPRESENTATION('',(#2896),#2903);
#2896 = B_SPLINE_CURVE_WITH_KNOTS('',5,(#2897,#2898,#2899,#2900,#2901,
    #2902),.UNSPECIFIED.,.F.,.F.,(6,6),(0.373077360732,0.453004269012),
  .PIECEWISE_BEZIER_KNOTS.);
#2897 = CARTESIAN_POINT('',(5.27550778963,0.938126325776));
#2898 = CARTESIAN_POINT('',(5.293943311629,0.929592912832));
#2899 = CARTESIAN_POINT('',(5.311698243745,0.920748003359));
#2900 = CARTESIAN_POINT('',(5.328784697833,0.91161298498));
#2901 = CARTESIAN_POINT('',(5.34522179618,0.902207881015));
#2902 = CARTESIAN_POINT('',(5.361031432051,0.892551030013));
#2903 = ( GEOMETRIC_REPRESENTATION_CONTEXT(2) 
PARAMETRIC_REPRESENTATION_CONTEXT() REPRESENTATION_CONTEXT('2D SPACE',''
  ) );
#2904 = ORIENTED_EDGE('',*,*,#2191,.T.);
#2905 = ORIENTED_EDGE('',*,*,#2801,.F.);
#2906 = ADVANCED_FACE('',(#2907),#2541,.F.);
#2907 = FACE_BOUND('',#2908,.F.);
#2908 = EDGE_LOOP('',(#2909,#2939,#2966,#2967));
#2909 = ORIENTED_EDGE('',*,*,#2910,.F.);
#2910 = EDGE_CURVE('',#2911,#2913,#2915,.T.);
#2911 = VERTEX_POINT('',#2912);
#2912 = CARTESIAN_POINT('',(-26.63679084262,-31.,48.));
#2913 = VERTEX_POINT('',#2914);
#2914 = CARTESIAN_POINT('',(46.181010622855,-31.,48.));
#2915 = SURFACE_CURVE('',#2916,(#2920,#2927),.PCURVE_S1.);
#2916 = LINE('',#2917,#2918);
#2917 = CARTESIAN_POINT('',(-87.5,-31.,48.));
#2918 = VECTOR('',#2919,1.);
#2919 = DIRECTION('',(1.,0.,-0.));
#2920 = PCURVE('',#2541,#2921);
#2921 = DEFINITIONAL_REPRESENTATION('',(#2922),#2926);
#2922 = LINE('',#2923,#2924);
#2923 = CARTESIAN_POINT('',(12.,0.));
#2924 = VECTOR('',#2925,1.);
#2925 = DIRECTION('',(0.,1.));
#2926 = ( GEOMETRIC_REPRESENTATION_CONTEXT(2) 
PARAMETRIC_REPRESENTATION_CONTEXT() REPRESENTATION_CONTEXT('2D SPACE',''
  ) );
#2927 = PCURVE('',#2928,#2933);
#2928 = CYLINDRICAL_SURFACE('',#2929,12.);
#2929 = AXIS2_PLACEMENT_3D('',#2930,#2931,#2932);
#2930 = CARTESIAN_POINT('',(-87.5,-19.,48.));
#2931 = DIRECTION('',(1.,0.,-0.));
#2932 = DIRECTION('',(0.,-1.,0.));
#2933 = DEFINITIONAL_REPRESENTATION('',(#2934),#2938);
#2934 = LINE('',#2935,#2936);
#2935 = CARTESIAN_POINT('',(0.,0.));
#2936 = VECTOR('',#2937,1.);
#2937 = DIRECTION('',(0.,1.));
#2938 = ( GEOMETRIC_REPRESENTATION_CONTEXT(2) 
PARAMETRIC_REPRESENTATION_CONTEXT() REPRESENTATION_CONTEXT('2D SPACE',''
  ) );
#2939 = ORIENTED_EDGE('',*,*,#2940,.F.);
#2940 = EDGE_CURVE('',#1955,#2911,#2941,.T.);
#2941 = SURFACE_CURVE('',#2942,(#2947,#2954),.PCURVE_S1.);
#2942 = CIRCLE('',#2943,62.761453138053);
#2943 = AXIS2_PLACEMENT_3D('',#2944,#2945,#2946);
#2944 = CARTESIAN_POINT('',(-75.,-31.,8.));
#2945 = DIRECTION('',(-0.,1.,0.));
#2946 = DIRECTION('',(0.,0.,1.));
#2947 = PCURVE('',#2541,#2948);
#2948 = DEFINITIONAL_REPRESENTATION('',(#2949),#2953);
#2949 = CIRCLE('',#2950,62.761453138053);
#2950 = AXIS2_PLACEMENT_2D('',#2951,#2952);
#2951 = CARTESIAN_POINT('',(-28.,12.5));
#2952 = DIRECTION('',(1.,0.));
#2953 = ( GEOMETRIC_REPRESENTATION_CONTEXT(2) 
PARAMETRIC_REPRESENTATION_CONTEXT() REPRESENTATION_CONTEXT('2D SPACE',''
  ) );
#2954 = PCURVE('',#896,#2955);
#2955 = DEFINITIONAL_REPRESENTATION('',(#2956),#2965);
#2956 = B_SPLINE_CURVE_WITH_KNOTS('',7,(#2957,#2958,#2959,#2960,#2961,
    #2962,#2963,#2964),.UNSPECIFIED.,.F.,.F.,(8,8),(0.649035151377,
    0.879762894203),.PIECEWISE_BEZIER_KNOTS.);
#2957 = CARTESIAN_POINT('',(5.598040882399,0.795602953485));
#2958 = CARTESIAN_POINT('',(5.619328263433,0.770080257137));
#2959 = CARTESIAN_POINT('',(5.638700716098,0.744039563934));
#2960 = CARTESIAN_POINT('',(5.65636643684,0.71755568323));
#2961 = CARTESIAN_POINT('',(5.672505472518,0.690688740836));
#2962 = CARTESIAN_POINT('',(5.687269957578,0.663488168923));
#2963 = CARTESIAN_POINT('',(5.700789606198,0.635995382809));
#2964 = CARTESIAN_POINT('',(5.713174991528,0.60824557891));
#2965 = ( GEOMETRIC_REPRESENTATION_CONTEXT(2) 
PARAMETRIC_REPRESENTATION_CONTEXT() REPRESENTATION_CONTEXT('2D SPACE',''
  ) );
#2966 = ORIENTED_EDGE('',*,*,#2527,.T.);
#2967 = ORIENTED_EDGE('',*,*,#2968,.F.);
#2968 = EDGE_CURVE('',#2913,#2220,#2969,.T.);
#2969 = SURFACE_CURVE('',#2970,(#2975,#2982),.PCURVE_S1.);
#2970 = CIRCLE('',#2971,53.693575034635);
#2971 = AXIS2_PLACEMENT_3D('',#2972,#2973,#2974);
#2972 = CARTESIAN_POINT('',(82.,-31.,8.));
#2973 = DIRECTION('',(-0.,1.,0.));
#2974 = DIRECTION('',(0.,0.,1.));
#2975 = PCURVE('',#2541,#2976);
#2976 = DEFINITIONAL_REPRESENTATION('',(#2977),#2981);
#2977 = CIRCLE('',#2978,53.693575034635);
#2978 = AXIS2_PLACEMENT_2D('',#2979,#2980);
#2979 = CARTESIAN_POINT('',(-28.,169.5));
#2980 = DIRECTION('',(1.,0.));
#2981 = ( GEOMETRIC_REPRESENTATION_CONTEXT(2) 
PARAMETRIC_REPRESENTATION_CONTEXT() REPRESENTATION_CONTEXT('2D SPACE',''
  ) );
#2982 = PCURVE('',#704,#2983);
#2983 = DEFINITIONAL_REPRESENTATION('',(#2984),#2994);
#2984 = B_SPLINE_CURVE_WITH_KNOTS('',8,(#2985,#2986,#2987,#2988,#2989,
    #2990,#2991,#2992,#2993),.UNSPECIFIED.,.F.,.F.,(9,9),(5.55287598522,
    5.910107946448),.PIECEWISE_BEZIER_KNOTS.);
#2985 = CARTESIAN_POINT('',(3.854995409812,0.701234364583));
#2986 = CARTESIAN_POINT('',(3.879670522998,0.734999012294));
#2987 = CARTESIAN_POINT('',(3.90708130941,0.767939596721));
#2988 = CARTESIAN_POINT('',(3.937547362184,0.799918183069));
#2989 = CARTESIAN_POINT('',(3.971434920051,0.830768478029));
#2990 = CARTESIAN_POINT('',(4.009149712156,0.860287755934));
#2991 = CARTESIAN_POINT('',(4.051129116463,0.888229071594));
#2992 = CARTESIAN_POINT('',(4.097771888038,0.914288860494));
#2993 = CARTESIAN_POINT('',(4.149270171139,0.938126325776));
#2994 = ( GEOMETRIC_REPRESENTATION_CONTEXT(2) 
PARAMETRIC_REPRESENTATION_CONTEXT() REPRESENTATION_CONTEXT('2D SPACE',''
  ) );
#2995 = ADVANCED_FACE('',(#2996),#2928,.T.);
#2996 = FACE_BOUND('',#2997,.T.);
#2997 = EDGE_LOOP('',(#2998,#2999,#3061,#3082));
#2998 = ORIENTED_EDGE('',*,*,#2910,.F.);
#2999 = ORIENTED_EDGE('',*,*,#3000,.T.);
#3000 = EDGE_CURVE('',#2911,#3001,#3003,.T.);
#3001 = VERTEX_POINT('',#3002);
#3002 = CARTESIAN_POINT('',(-20.36830759625,-28.7467943448,41.));
#3003 = SURFACE_CURVE('',#3004,(#3021,#3041),.PCURVE_S1.);
#3004 = B_SPLINE_CURVE_WITH_KNOTS('',8,(#3005,#3006,#3007,#3008,#3009,
    #3010,#3011,#3012,#3013,#3014,#3015,#3016,#3017,#3018,#3019,#3020),
  .UNSPECIFIED.,.F.,.F.,(9,7,9),(0.,0.277193925315,1.),.UNSPECIFIED.);
#3005 = CARTESIAN_POINT('',(-26.63679084262,-31.,48.));
#3006 = CARTESIAN_POINT('',(-26.33139382701,-31.,47.630750506454));
#3007 = CARTESIAN_POINT('',(-26.02478058834,-30.98701480499,
    47.26353368633));
#3008 = CARTESIAN_POINT('',(-25.71718707456,-30.96129431788,
    46.898478981154));
#3009 = CARTESIAN_POINT('',(-25.40883342458,-30.92303411329,
    46.535733823755));
#3010 = CARTESIAN_POINT('',(-25.09992566798,-30.87238625779,
    46.175459590313));
#3011 = CARTESIAN_POINT('',(-24.79065694518,-30.80946628955,
    45.817828833152));
#3012 = CARTESIAN_POINT('',(-24.48120824789,-30.73435635757,
    45.463023794292));
#3013 = CARTESIAN_POINT('',(-23.36480727507,-30.41958814183,
    44.193920966265));
#3014 = CARTESIAN_POINT('',(-22.55857477138,-30.10973331911,
    43.298012923655));
#3015 = CARTESIAN_POINT('',(-21.75512250319,-29.7184195593,
    42.425783272772));
#3016 = CARTESIAN_POINT('',(-20.95722205747,-29.24477097658,
    41.581495665564));
#3017 = CARTESIAN_POINT('',(-20.16826785143,-28.68737730349,
    40.77086224354));
#3018 = CARTESIAN_POINT('',(-19.39229701434,-28.04411852133,
    40.001275802873));
#3019 = CARTESIAN_POINT('',(-18.63393611286,-27.31271632097,
    39.281554230122));
#3020 = CARTESIAN_POINT('',(-17.89860167546,-26.48852682182,
    38.623328626916));
#3021 = PCURVE('',#2928,#3022);
#3022 = DEFINITIONAL_REPRESENTATION('',(#3023),#3040);
#3023 = B_SPLINE_CURVE_WITH_KNOTS('',8,(#3024,#3025,#3026,#3027,#3028,
    #3029,#3030,#3031,#3032,#3033,#3034,#3035,#3036,#3037,#3038,#3039),
  .UNSPECIFIED.,.F.,.F.,(9,7,9),(0.,0.277193925315,1.),.UNSPECIFIED.);
#3024 = CARTESIAN_POINT('',(0.,60.863209157375));
#3025 = CARTESIAN_POINT('',(3.077079112887E-02,61.168606172982));
#3026 = CARTESIAN_POINT('',(6.13721979855E-02,61.475219411659));
#3027 = CARTESIAN_POINT('',(9.183780615365E-02,61.782812925434));
#3028 = CARTESIAN_POINT('',(0.122197714871,62.091166575414));
#3029 = CARTESIAN_POINT('',(0.152479671339,62.400074332012));
#3030 = CARTESIAN_POINT('',(0.182710004541,62.709343054819));
#3031 = CARTESIAN_POINT('',(0.212914358568,63.01879175211));
#3032 = CARTESIAN_POINT('',(0.32187730518,64.135192724926));
#3033 = CARTESIAN_POINT('',(0.400556847809,64.941425228616));
#3034 = CARTESIAN_POINT('',(0.479698761248,65.7448774968));
#3035 = CARTESIAN_POINT('',(0.559718380985,66.542777942524));
#3036 = CARTESIAN_POINT('',(0.640995376054,67.331732148565));
#3037 = CARTESIAN_POINT('',(0.723937003318,68.107702985651));
#3038 = CARTESIAN_POINT('',(0.808991103964,68.866063887131));
#3039 = CARTESIAN_POINT('',(0.896888980124,69.601398324537));
#3040 = ( GEOMETRIC_REPRESENTATION_CONTEXT(2) 
PARAMETRIC_REPRESENTATION_CONTEXT() REPRESENTATION_CONTEXT('2D SPACE',''
  ) );
#3041 = PCURVE('',#896,#3042);
#3042 = DEFINITIONAL_REPRESENTATION('',(#3043),#3060);
#3043 = B_SPLINE_CURVE_WITH_KNOTS('',8,(#3044,#3045,#3046,#3047,#3048,
    #3049,#3050,#3051,#3052,#3053,#3054,#3055,#3056,#3057,#3058,#3059),
  .UNSPECIFIED.,.F.,.F.,(9,7,9),(0.,0.277193925315,1.),.UNSPECIFIED.);
#3044 = CARTESIAN_POINT('',(5.713174991528,0.60824557891));
#3045 = CARTESIAN_POINT('',(5.716043872583,0.60181777028));
#3046 = CARTESIAN_POINT('',(5.719085133736,0.595458225009));
#3047 = CARTESIAN_POINT('',(5.722290934634,0.589167570098));
#3048 = CARTESIAN_POINT('',(5.725654783486,0.582946777742));
#3049 = CARTESIAN_POINT('',(5.729171293626,0.576797082809));
#3050 = CARTESIAN_POINT('',(5.732836014601,0.57071992631));
#3051 = CARTESIAN_POINT('',(5.736645337773,0.564716924865));
#3052 = CARTESIAN_POINT('',(5.750899397143,0.543334570579));
#3053 = CARTESIAN_POINT('',(5.762156600555,0.528410641377));
#3054 = CARTESIAN_POINT('',(5.774327095797,0.514030192618));
#3055 = CARTESIAN_POINT('',(5.787398101692,0.500240617023));
#3056 = CARTESIAN_POINT('',(5.80136680045,0.487112314239));
#3057 = CARTESIAN_POINT('',(5.816244683957,0.474741746416));
#3058 = CARTESIAN_POINT('',(5.832050426468,0.463247013779));
#3059 = CARTESIAN_POINT('',(5.848844152588,0.452790042126));
#3060 = ( GEOMETRIC_REPRESENTATION_CONTEXT(2) 
PARAMETRIC_REPRESENTATION_CONTEXT() REPRESENTATION_CONTEXT('2D SPACE',''
  ) );
#3061 = ORIENTED_EDGE('',*,*,#3062,.T.);
#3062 = EDGE_CURVE('',#3001,#3063,#3065,.T.);
#3063 = VERTEX_POINT('',#3064);
#3064 = CARTESIAN_POINT('',(38.083923047507,-28.7467943448,41.));
#3065 = SURFACE_CURVE('',#3066,(#3070,#3076),.PCURVE_S1.);
#3066 = LINE('',#3067,#3068);
#3067 = CARTESIAN_POINT('',(-87.5,-28.7467943448,41.));
#3068 = VECTOR('',#3069,1.);
#3069 = DIRECTION('',(1.,0.,-0.));
#3070 = PCURVE('',#2928,#3071);
#3071 = DEFINITIONAL_REPRESENTATION('',(#3072),#3075);
#3072 = B_SPLINE_CURVE_WITH_KNOTS('',1,(#3073,#3074),.UNSPECIFIED.,.F.,
  .F.,(2,2),(11.9999994,193.0000006),.PIECEWISE_BEZIER_KNOTS.);
#3073 = CARTESIAN_POINT('',(0.622826585412,11.9999994));
#3074 = CARTESIAN_POINT('',(0.622826585412,193.0000006));
#3075 = ( GEOMETRIC_REPRESENTATION_CONTEXT(2) 
PARAMETRIC_REPRESENTATION_CONTEXT() REPRESENTATION_CONTEXT('2D SPACE',''
  ) );
#3076 = PCURVE('',#497,#3077);
#3077 = DEFINITIONAL_REPRESENTATION('',(#3078),#3081);
#3078 = B_SPLINE_CURVE_WITH_KNOTS('',1,(#3079,#3080),.UNSPECIFIED.,.F.,
  .F.,(2,2),(11.9999994,193.0000006),.PIECEWISE_BEZIER_KNOTS.);
#3079 = CARTESIAN_POINT('',(74.4999994,56.253205655191));
#3080 = CARTESIAN_POINT('',(255.5000006,56.253205655191));
#3081 = ( GEOMETRIC_REPRESENTATION_CONTEXT(2) 
PARAMETRIC_REPRESENTATION_CONTEXT() REPRESENTATION_CONTEXT('2D SPACE',''
  ) );
#3082 = ORIENTED_EDGE('',*,*,#3083,.F.);
#3083 = EDGE_CURVE('',#2913,#3063,#3084,.T.);
#3084 = SURFACE_CURVE('',#3085,(#3102,#3122),.PCURVE_S1.);
#3085 = B_SPLINE_CURVE_WITH_KNOTS('',8,(#3086,#3087,#3088,#3089,#3090,
    #3091,#3092,#3093,#3094,#3095,#3096,#3097,#3098,#3099,#3100,#3101),
  .UNSPECIFIED.,.F.,.F.,(9,7,9),(0.,0.13015238516,1.),.UNSPECIFIED.);
#3086 = CARTESIAN_POINT('',(46.181010622855,-31.,48.));
#3087 = CARTESIAN_POINT('',(46.021983546898,-31.,47.85759527139));
#3088 = CARTESIAN_POINT('',(45.862896787778,-30.99806878048,
    47.715331871812));
#3089 = CARTESIAN_POINT('',(45.703760031564,-30.99421280595,
    47.573214445741));
#3090 = CARTESIAN_POINT('',(45.544583071853,-30.98843739128,
    47.43124853525));
#3091 = CARTESIAN_POINT('',(45.385375809778,-30.98074670169,
    47.28944058001));
#3092 = CARTESIAN_POINT('',(45.226148253998,-30.97114375278,
    47.147797917289));
#3093 = CARTESIAN_POINT('',(45.066910520708,-30.95963041051,
    47.006328781952));
#3094 = CARTESIAN_POINT('',(43.843439380468,-30.85649730786,
    45.920782210398));
#3095 = CARTESIAN_POINT('',(42.7800444968,-30.68156265858,
    44.985421618694));
#3096 = CARTESIAN_POINT('',(41.719222501574,-30.42180668391,
    44.060466333988));
#3097 = CARTESIAN_POINT('',(40.663337085386,-30.07514193865,
    43.149484815618));
#3098 = CARTESIAN_POINT('',(39.615376472531,-29.63850070936,
    42.257549714723));
#3099 = CARTESIAN_POINT('',(38.578954223797,-29.10745702318,
    41.39158510782));
#3100 = CARTESIAN_POINT('',(37.558275534103,-28.47687395222,
    40.560150603297));
#3101 = CARTESIAN_POINT('',(36.558209560735,-27.73786814908,
    39.775058650108));
#3102 = PCURVE('',#2928,#3103);
#3103 = DEFINITIONAL_REPRESENTATION('',(#3104),#3121);
#3104 = B_SPLINE_CURVE_WITH_KNOTS('',8,(#3105,#3106,#3107,#3108,#3109,
    #3110,#3111,#3112,#3113,#3114,#3115,#3116,#3117,#3118,#3119,#3120),
  .UNSPECIFIED.,.F.,.F.,(9,7,9),(0.,0.13015238516,1.),.UNSPECIFIED.);
#3105 = CARTESIAN_POINT('',(0.,133.68101062285));
#3106 = CARTESIAN_POINT('',(1.186706071748E-02,133.52198354689));
#3107 = CARTESIAN_POINT('',(2.372235187267E-02,133.36289678777));
#3108 = CARTESIAN_POINT('',(3.556801753596E-02,133.20376003156));
#3109 = CARTESIAN_POINT('',(4.740612150062E-02,133.04458307185));
#3110 = CARTESIAN_POINT('',(5.923864728284E-02,132.88537580977));
#3111 = CARTESIAN_POINT('',(7.106749812173E-02,132.72614825399));
#3112 = CARTESIAN_POINT('',(8.289449697927E-02,132.5669105207));
#3113 = CARTESIAN_POINT('',(0.173764053819,131.34343938046));
#3114 = CARTESIAN_POINT('',(0.252740335875,130.2800444968));
#3115 = CARTESIAN_POINT('',(0.332273055584,129.21922250157));
#3116 = CARTESIAN_POINT('',(0.412835833144,128.16333708538));
#3117 = CARTESIAN_POINT('',(0.494868373097,127.11537647253));
#3118 = CARTESIAN_POINT('',(0.578850945675,126.07895422379));
#3119 = CARTESIAN_POINT('',(0.665319687669,125.0582755341));
#3120 = CARTESIAN_POINT('',(0.755169058224,124.05820956073));
#3121 = ( GEOMETRIC_REPRESENTATION_CONTEXT(2) 
PARAMETRIC_REPRESENTATION_CONTEXT() REPRESENTATION_CONTEXT('2D SPACE',''
  ) );
#3122 = PCURVE('',#704,#3123);
#3123 = DEFINITIONAL_REPRESENTATION('',(#3124),#3141);
#3124 = B_SPLINE_CURVE_WITH_KNOTS('',8,(#3125,#3126,#3127,#3128,#3129,
    #3130,#3131,#3132,#3133,#3134,#3135,#3136,#3137,#3138,#3139,#3140),
  .UNSPECIFIED.,.F.,.F.,(9,7,9),(0.,0.13015238516,0.836153224673),
  .UNSPECIFIED.);
#3125 = CARTESIAN_POINT('',(3.854995409812,0.701234364583));
#3126 = CARTESIAN_POINT('',(3.852798511704,0.698228198406));
#3127 = CARTESIAN_POINT('',(3.85058270967,0.695233736123));
#3128 = CARTESIAN_POINT('',(3.848348238192,0.692250916654));
#3129 = CARTESIAN_POINT('',(3.84609530829,0.689279699588));
#3130 = CARTESIAN_POINT('',(3.843824107517,0.686320065184));
#3131 = CARTESIAN_POINT('',(3.841534799967,0.683372014375));
#3132 = CARTESIAN_POINT('',(3.839227526267,0.68043556876));
#3133 = CARTESIAN_POINT('',(3.824289968062,0.661645445167));
#3134 = CARTESIAN_POINT('',(3.811160429869,0.646132922791));
#3135 = CARTESIAN_POINT('',(3.797524027178,0.630965790011));
#3136 = CARTESIAN_POINT('',(3.783373884898,0.616157265648));
#3137 = CARTESIAN_POINT('',(3.768694738975,0.601734575562));
#3138 = CARTESIAN_POINT('',(3.753461749178,0.587739081225));
#3139 = CARTESIAN_POINT('',(3.737641803905,0.574225264011));
#3140 = CARTESIAN_POINT('',(3.721184148955,0.561265607613));
#3141 = ( GEOMETRIC_REPRESENTATION_CONTEXT(2) 
PARAMETRIC_REPRESENTATION_CONTEXT() REPRESENTATION_CONTEXT('2D SPACE',''
  ) );
#3142 = ADVANCED_FACE('',(#3143),#1916,.T.);
#3143 = FACE_BOUND('',#3144,.F.);
#3144 = EDGE_LOOP('',(#3145,#3146,#3147,#3171,#3199,#3383));
#3145 = ORIENTED_EDGE('',*,*,#2556,.F.);
#3146 = ORIENTED_EDGE('',*,*,#1902,.T.);
#3147 = ORIENTED_EDGE('',*,*,#3148,.F.);
#3148 = EDGE_CURVE('',#3149,#1457,#3151,.T.);
#3149 = VERTEX_POINT('',#3150);
#3150 = CARTESIAN_POINT('',(117.5,19.,58.));
#3151 = SURFACE_CURVE('',#3152,(#3157,#3164),.PCURVE_S1.);
#3152 = CIRCLE('',#3153,12.);
#3153 = AXIS2_PLACEMENT_3D('',#3154,#3155,#3156);
#3154 = CARTESIAN_POINT('',(105.5,19.,58.));
#3155 = DIRECTION('',(0.,-1.,0.));
#3156 = DIRECTION('',(1.,0.,1.480297366167E-16));
#3157 = PCURVE('',#1916,#3158);
#3158 = DEFINITIONAL_REPRESENTATION('',(#3159),#3163);
#3159 = LINE('',#3160,#3161);
#3160 = CARTESIAN_POINT('',(-0.,50.));
#3161 = VECTOR('',#3162,1.);
#3162 = DIRECTION('',(-1.,0.));
#3163 = ( GEOMETRIC_REPRESENTATION_CONTEXT(2) 
PARAMETRIC_REPRESENTATION_CONTEXT() REPRESENTATION_CONTEXT('2D SPACE',''
  ) );
#3164 = PCURVE('',#1500,#3165);
#3165 = DEFINITIONAL_REPRESENTATION('',(#3166),#3170);
#3166 = LINE('',#3167,#3168);
#3167 = CARTESIAN_POINT('',(0.,0.));
#3168 = VECTOR('',#3169,1.);
#3169 = DIRECTION('',(1.,0.));
#3170 = ( GEOMETRIC_REPRESENTATION_CONTEXT(2) 
PARAMETRIC_REPRESENTATION_CONTEXT() REPRESENTATION_CONTEXT('2D SPACE',''
  ) );
#3171 = ORIENTED_EDGE('',*,*,#3172,.F.);
#3172 = EDGE_CURVE('',#3173,#3149,#3175,.T.);
#3173 = VERTEX_POINT('',#3174);
#3174 = CARTESIAN_POINT('',(117.5,9.151502608862,58.));
#3175 = SURFACE_CURVE('',#3176,(#3180,#3187),.PCURVE_S1.);
#3176 = LINE('',#3177,#3178);
#3177 = CARTESIAN_POINT('',(117.5,-31.,58.));
#3178 = VECTOR('',#3179,1.);
#3179 = DIRECTION('',(-0.,1.,0.));
#3180 = PCURVE('',#1916,#3181);
#3181 = DEFINITIONAL_REPRESENTATION('',(#3182),#3186);
#3182 = LINE('',#3183,#3184);
#3183 = CARTESIAN_POINT('',(-0.,0.));
#3184 = VECTOR('',#3185,1.);
#3185 = DIRECTION('',(-0.,1.));
#3186 = ( GEOMETRIC_REPRESENTATION_CONTEXT(2) 
PARAMETRIC_REPRESENTATION_CONTEXT() REPRESENTATION_CONTEXT('2D SPACE',''
  ) );
#3187 = PCURVE('',#3188,#3193);
#3188 = PLANE('',#3189);
#3189 = AXIS2_PLACEMENT_3D('',#3190,#3191,#3192);
#3190 = CARTESIAN_POINT('',(117.5,-31.,36.));
#3191 = DIRECTION('',(1.,0.,-0.));
#3192 = DIRECTION('',(0.,0.,1.));
#3193 = DEFINITIONAL_REPRESENTATION('',(#3194),#3198);
#3194 = LINE('',#3195,#3196);
#3195 = CARTESIAN_POINT('',(22.,0.));
#3196 = VECTOR('',#3197,1.);
#3197 = DIRECTION('',(0.,-1.));
#3198 = ( GEOMETRIC_REPRESENTATION_CONTEXT(2) 
PARAMETRIC_REPRESENTATION_CONTEXT() REPRESENTATION_CONTEXT('2D SPACE',''
  ) );
#3199 = ORIENTED_EDGE('',*,*,#3200,.T.);
#3200 = EDGE_CURVE('',#3173,#2828,#3201,.T.);
#3201 = SURFACE_CURVE('',#3202,(#3237,#3310),.PCURVE_S1.);
#3202 = B_SPLINE_CURVE_WITH_KNOTS('',5,(#3203,#3204,#3205,#3206,#3207,
    #3208,#3209,#3210,#3211,#3212,#3213,#3214,#3215,#3216,#3217,#3218,
    #3219,#3220,#3221,#3222,#3223,#3224,#3225,#3226,#3227,#3228,#3229,
    #3230,#3231,#3232,#3233,#3234,#3235,#3236),.UNSPECIFIED.,.F.,.F.,(6,
    4,4,4,4,4,4,4,6),(0.,0.188874062608,0.394747758501,0.602512352129,1.
    ,1.39748764787,1.605252241499,1.811125937392,2.),.UNSPECIFIED.);
#3203 = CARTESIAN_POINT('',(117.5,9.151502608862,58.));
#3204 = CARTESIAN_POINT('',(117.5,8.807692043442,58.062927665728));
#3205 = CARTESIAN_POINT('',(117.49958745524,8.463631818696,
    58.12313978897));
#3206 = CARTESIAN_POINT('',(117.49883379144,8.119332821693,
    58.180592187626));
#3207 = CARTESIAN_POINT('',(117.497805903,7.774806948929,58.235243450248
    ));
#3208 = CARTESIAN_POINT('',(117.49521481917,7.05429891169,
    58.343529720992));
#3209 = CARTESIAN_POINT('',(117.49361161319,6.678276492704,
    58.396630634341));
#3210 = CARTESIAN_POINT('',(117.49183736,6.302016599778,58.446307590799)
  );
#3211 = CARTESIAN_POINT('',(117.48996477512,5.925537421077,
    58.49251548788));
#3212 = CARTESIAN_POINT('',(117.48613464536,5.168720044265,
    58.578305100804));
#3213 = CARTESIAN_POINT('',(117.48417630228,4.788378126904,
    58.617822172162));
#3214 = CARTESIAN_POINT('',(117.48224980833,4.407853051112,
    58.653724199136));
#3215 = CARTESIAN_POINT('',(117.48041134158,4.027166322022,
    58.685976264924));
#3216 = CARTESIAN_POINT('',(117.4754459818,2.917759085505,
    58.769215519856));
#3217 = CARTESIAN_POINT('',(117.47267516629,2.188668083517,
    58.810417306955));
#3218 = CARTESIAN_POINT('',(117.47071498106,1.459229804313,
    58.837955533764));
#3219 = CARTESIAN_POINT('',(117.46973540281,0.729614277402,
    58.851724360676));
#3220 = CARTESIAN_POINT('',(117.46973540281,-0.729614277402,
    58.851724360676));
#3221 = CARTESIAN_POINT('',(117.47071498106,-1.459229804315,
    58.837955533764));
#3222 = CARTESIAN_POINT('',(117.47267516629,-2.188668083517,
    58.810417306955));
#3223 = CARTESIAN_POINT('',(117.4754459818,-2.917759085506,
    58.769215519856));
#3224 = CARTESIAN_POINT('',(117.48041134158,-4.027166322023,
    58.685976264924));
#3225 = CARTESIAN_POINT('',(117.48224980833,-4.407853051113,
    58.653724199136));
#3226 = CARTESIAN_POINT('',(117.48417630228,-4.788378126905,
    58.617822172162));
#3227 = CARTESIAN_POINT('',(117.48613464536,-5.168720044266,
    58.578305100804));
#3228 = CARTESIAN_POINT('',(117.48996477512,-5.925537421078,
    58.49251548788));
#3229 = CARTESIAN_POINT('',(117.49183736,-6.302016599779,58.446307590799
    ));
#3230 = CARTESIAN_POINT('',(117.49361161319,-6.678276492705,
    58.396630634341));
#3231 = CARTESIAN_POINT('',(117.49521481917,-7.054298911691,
    58.343529720992));
#3232 = CARTESIAN_POINT('',(117.497805903,-7.77480694893,58.235243450248
    ));
#3233 = CARTESIAN_POINT('',(117.49883379144,-8.119332821694,
    58.180592187626));
#3234 = CARTESIAN_POINT('',(117.49958745524,-8.463631818696,
    58.12313978897));
#3235 = CARTESIAN_POINT('',(117.5,-8.807692043442,58.062927665728));
#3236 = CARTESIAN_POINT('',(117.5,-9.151502608862,58.));
#3237 = PCURVE('',#1916,#3238);
#3238 = DEFINITIONAL_REPRESENTATION('',(#3239),#3309);
#3239 = B_SPLINE_CURVE_WITH_KNOTS('',3,(#3240,#3241,#3242,#3243,#3244,
    #3245,#3246,#3247,#3248,#3249,#3250,#3251,#3252,#3253,#3254,#3255,
    #3256,#3257,#3258,#3259,#3260,#3261,#3262,#3263,#3264,#3265,#3266,
    #3267,#3268,#3269,#3270,#3271,#3272,#3273,#3274,#3275,#3276,#3277,
    #3278,#3279,#3280,#3281,#3282,#3283,#3284,#3285,#3286,#3287,#3288,
    #3289,#3290,#3291,#3292,#3293,#3294,#3295,#3296,#3297,#3298,#3299,
    #3300,#3301,#3302,#3303,#3304,#3305,#3306,#3307,#3308),
  .UNSPECIFIED.,.F.,.F.,(4,1,1,1,1,1,1,1,1,1,1,1,1,1,1,1,1,1,1,1,1,1,1,1
    ,1,1,1,1,1,1,1,1,1,1,1,1,1,1,1,1,1,1,1,1,1,1,1,1,1,1,1,1,1,1,1,1,1,1
    ,1,1,1,1,1,1,1,1,4),(0.,3.030303030302E-02,6.060606060605E-02,
    9.090909090907E-02,0.121212121212,0.151515151515,0.181818181818,
    0.212121212121,0.242424242424,0.272727272727,0.30303030303,
    0.333333333333,0.363636363636,0.393939393939,0.424242424242,
    0.454545454545,0.484848484848,0.515151515151,0.545454545454,
    0.575757575757,0.60606060606,0.636363636364,0.666666666667,
    0.69696969697,0.727272727273,0.757575757576,0.787878787879,
    0.818181818182,0.848484848485,0.878787878788,0.909090909091,
    0.939393939394,0.969696969697,1.,1.030303030303,1.060606060606,
    1.090909090909,1.121212121212,1.151515151515,1.181818181818,
    1.212121212121,1.242424242424,1.272727272727,1.30303030303,
    1.333333333333,1.363636363636,1.393939393939,1.424242424242,
    1.454545454545,1.484848484848,1.515151515151,1.545454545454,
    1.575757575757,1.60606060606,1.636363636363,1.666666666666,
    1.696969696969,1.727272727272,1.757575757575,1.787878787878,
    1.818181818181,1.848484848484,1.878787878788,1.909090909091,
    1.939393939394,1.969696969697,2.),.QUASI_UNIFORM_KNOTS.);
#3240 = CARTESIAN_POINT('',(0.,40.151502608862));
#3241 = CARTESIAN_POINT('',(-1.402242223334E-03,40.059567440699));
#3242 = CARTESIAN_POINT('',(-4.167890578658E-03,39.875654235566));
#3243 = CARTESIAN_POINT('',(-8.199027509089E-03,39.599658647472));
#3244 = CARTESIAN_POINT('',(-1.211199866126E-02,39.323540073516));
#3245 = CARTESIAN_POINT('',(-1.590598382461E-02,39.047301418463));
#3246 = CARTESIAN_POINT('',(-1.958017029465E-02,38.770945659218));
#3247 = CARTESIAN_POINT('',(-2.313375417082E-02,38.494475855462));
#3248 = CARTESIAN_POINT('',(-2.656594172683E-02,38.21789514521));
#3249 = CARTESIAN_POINT('',(-2.987595327477E-02,37.941206751797));
#3250 = CARTESIAN_POINT('',(-3.306302052021E-02,37.664413983672));
#3251 = CARTESIAN_POINT('',(-3.61263929866E-02,37.387520229221));
#3252 = CARTESIAN_POINT('',(-3.906533725682E-02,37.110528958279));
#3253 = CARTESIAN_POINT('',(-4.187913822832E-02,36.833443720862));
#3254 = CARTESIAN_POINT('',(-4.456709868393E-02,36.556268150729));
#3255 = CARTESIAN_POINT('',(-4.712854340127E-02,36.279005952389));
#3256 = CARTESIAN_POINT('',(-4.95628203299E-02,36.001660913388));
#3257 = CARTESIAN_POINT('',(-5.186929991574E-02,35.724236903594));
#3258 = CARTESIAN_POINT('',(-5.404738000027E-02,35.446737858686));
#3259 = CARTESIAN_POINT('',(-5.609648513377E-02,35.169167787331));
#3260 = CARTESIAN_POINT('',(-5.801606771037E-02,34.89153075894));
#3261 = CARTESIAN_POINT('',(-5.980560718407E-02,34.613830945474));
#3262 = CARTESIAN_POINT('',(-6.146461508183E-02,34.336072461358));
#3263 = CARTESIAN_POINT('',(-6.299263430635E-02,34.058259591098));
#3264 = CARTESIAN_POINT('',(-6.438923927436E-02,33.780396707822));
#3265 = CARTESIAN_POINT('',(-6.565403871309E-02,33.502488202154));
#3266 = CARTESIAN_POINT('',(-6.678667582741E-02,33.224538501473));
#3267 = CARTESIAN_POINT('',(-6.778682913143E-02,32.946552064952));
#3268 = CARTESIAN_POINT('',(-6.865421306184E-02,32.668533385115));
#3269 = CARTESIAN_POINT('',(-6.938857860924E-02,32.390486987526));
#3270 = CARTESIAN_POINT('',(-6.998971390372E-02,32.112417431446));
#3271 = CARTESIAN_POINT('',(-7.045744477119E-02,31.834329308472));
#3272 = CARTESIAN_POINT('',(-7.079163525491E-02,31.556227248289));
#3273 = CARTESIAN_POINT('',(-7.099218810443E-02,31.278115897989));
#3274 = CARTESIAN_POINT('',(-7.105904522425E-02,31.000000000002));
#3275 = CARTESIAN_POINT('',(-7.099218810443E-02,30.721884102015));
#3276 = CARTESIAN_POINT('',(-7.079163525492E-02,30.443772751715));
#3277 = CARTESIAN_POINT('',(-7.045744477119E-02,30.165670691531));
#3278 = CARTESIAN_POINT('',(-6.998971390373E-02,29.887582568557));
#3279 = CARTESIAN_POINT('',(-6.938857860925E-02,29.609513012477));
#3280 = CARTESIAN_POINT('',(-6.865421306184E-02,29.331466614887));
#3281 = CARTESIAN_POINT('',(-6.778682913144E-02,29.05344793505));
#3282 = CARTESIAN_POINT('',(-6.678667582742E-02,28.775461498529));
#3283 = CARTESIAN_POINT('',(-6.56540387131E-02,28.497511797848));
#3284 = CARTESIAN_POINT('',(-6.438923927436E-02,28.219603292179));
#3285 = CARTESIAN_POINT('',(-6.299263430636E-02,27.941740408904));
#3286 = CARTESIAN_POINT('',(-6.146461508184E-02,27.663927538643));
#3287 = CARTESIAN_POINT('',(-5.980560718408E-02,27.386169054528));
#3288 = CARTESIAN_POINT('',(-5.801606771039E-02,27.108469241061));
#3289 = CARTESIAN_POINT('',(-5.609648513378E-02,26.83083221267));
#3290 = CARTESIAN_POINT('',(-5.404738000028E-02,26.553262141315));
#3291 = CARTESIAN_POINT('',(-5.186929991575E-02,26.275763096407));
#3292 = CARTESIAN_POINT('',(-4.956282032991E-02,25.998339086614));
#3293 = CARTESIAN_POINT('',(-4.712854340128E-02,25.720994047612));
#3294 = CARTESIAN_POINT('',(-4.456709868394E-02,25.443731849272));
#3295 = CARTESIAN_POINT('',(-4.187913822833E-02,25.166556279139));
#3296 = CARTESIAN_POINT('',(-3.906533725682E-02,24.889471041722));
#3297 = CARTESIAN_POINT('',(-3.612639298661E-02,24.61247977078));
#3298 = CARTESIAN_POINT('',(-3.306302052022E-02,24.335586016329));
#3299 = CARTESIAN_POINT('',(-2.987595327478E-02,24.058793248204));
#3300 = CARTESIAN_POINT('',(-2.656594172684E-02,23.78210485479));
#3301 = CARTESIAN_POINT('',(-2.313375417082E-02,23.505524144539));
#3302 = CARTESIAN_POINT('',(-1.958017029465E-02,23.229054340782));
#3303 = CARTESIAN_POINT('',(-1.590598382462E-02,22.952698581537));
#3304 = CARTESIAN_POINT('',(-1.211199866126E-02,22.676459926484));
#3305 = CARTESIAN_POINT('',(-8.199027509093E-03,22.400341352528));
#3306 = CARTESIAN_POINT('',(-4.16789057866E-03,22.124345764434));
#3307 = CARTESIAN_POINT('',(-1.402242223335E-03,21.940432559301));
#3308 = CARTESIAN_POINT('',(0.,21.848497391138));
#3309 = ( GEOMETRIC_REPRESENTATION_CONTEXT(2) 
PARAMETRIC_REPRESENTATION_CONTEXT() REPRESENTATION_CONTEXT('2D SPACE',''
  ) );
#3310 = PCURVE('',#704,#3311);
#3311 = DEFINITIONAL_REPRESENTATION('',(#3312),#3382);
#3312 = B_SPLINE_CURVE_WITH_KNOTS('',3,(#3313,#3314,#3315,#3316,#3317,
    #3318,#3319,#3320,#3321,#3322,#3323,#3324,#3325,#3326,#3327,#3328,
    #3329,#3330,#3331,#3332,#3333,#3334,#3335,#3336,#3337,#3338,#3339,
    #3340,#3341,#3342,#3343,#3344,#3345,#3346,#3347,#3348,#3349,#3350,
    #3351,#3352,#3353,#3354,#3355,#3356,#3357,#3358,#3359,#3360,#3361,
    #3362,#3363,#3364,#3365,#3366,#3367,#3368,#3369,#3370,#3371,#3372,
    #3373,#3374,#3375,#3376,#3377,#3378,#3379,#3380,#3381),
  .UNSPECIFIED.,.F.,.F.,(4,1,1,1,1,1,1,1,1,1,1,1,1,1,1,1,1,1,1,1,1,1,1,1
    ,1,1,1,1,1,1,1,1,1,1,1,1,1,1,1,1,1,1,1,1,1,1,1,1,1,1,1,1,1,1,1,1,1,1
    ,1,1,1,1,1,1,1,1,4),(0.,3.030303030302E-02,6.060606060605E-02,
    9.090909090907E-02,0.121212121212,0.151515151515,0.181818181818,
    0.212121212121,0.242424242424,0.272727272727,0.30303030303,
    0.333333333333,0.363636363636,0.393939393939,0.424242424242,
    0.454545454545,0.484848484848,0.515151515151,0.545454545454,
    0.575757575757,0.60606060606,0.636363636364,0.666666666667,
    0.69696969697,0.727272727273,0.757575757576,0.787878787879,
    0.818181818182,0.848484848485,0.878787878788,0.909090909091,
    0.939393939394,0.969696969697,1.,1.030303030303,1.060606060606,
    1.090909090909,1.121212121212,1.151515151515,1.181818181818,
    1.212121212121,1.242424242424,1.272727272727,1.30303030303,
    1.333333333333,1.363636363636,1.393939393939,1.424242424242,
    1.454545454545,1.484848484848,1.515151515151,1.545454545454,
    1.575757575757,1.60606060606,1.636363636363,1.666666666666,
    1.696969696969,1.727272727272,1.757575757575,1.787878787878,
    1.818181818181,1.848484848484,1.878787878788,1.909090909091,
    1.939393939394,1.969696969697,2.),.QUASI_UNIFORM_KNOTS.);
#3313 = CARTESIAN_POINT('',(6.535481070552,0.938126325776));
#3314 = CARTESIAN_POINT('',(6.533052726095,0.938585317722));
#3315 = CARTESIAN_POINT('',(6.528186256088,0.939491449864));
#3316 = CARTESIAN_POINT('',(6.520857678557,0.940814608235));
#3317 = CARTESIAN_POINT('',(6.513500686124,0.942101239173));
#3318 = CARTESIAN_POINT('',(6.506115782429,0.943350865593));
#3319 = CARTESIAN_POINT('',(6.49870350116,0.944563017706));
#3320 = CARTESIAN_POINT('',(6.491264410136,0.945737234195));
#3321 = CARTESIAN_POINT('',(6.483799110019,0.946873062598));
#3322 = CARTESIAN_POINT('',(6.476308234827,0.947970060767));
#3323 = CARTESIAN_POINT('',(6.468792451172,0.949027796028));
#3324 = CARTESIAN_POINT('',(6.461252458288,0.950045847486));
#3325 = CARTESIAN_POINT('',(6.453688987404,0.951023805841));
#3326 = CARTESIAN_POINT('',(6.446102801209,0.951961273912));
#3327 = CARTESIAN_POINT('',(6.438494693245,0.952857866593));
#3328 = CARTESIAN_POINT('',(6.430865487142,0.953713212352));
#3329 = CARTESIAN_POINT('',(6.42321603621,0.954526953714));
#3330 = CARTESIAN_POINT('',(6.415547222496,0.955298747144));
#3331 = CARTESIAN_POINT('',(6.407859955697,0.95602826479));
#3332 = CARTESIAN_POINT('',(6.40015517227,0.956715194347));
#3333 = CARTESIAN_POINT('',(6.392433834063,0.957359239532));
#3334 = CARTESIAN_POINT('',(6.38469692832,0.957960119918));
#3335 = CARTESIAN_POINT('',(6.376945462237,0.958517572736));
#3336 = CARTESIAN_POINT('',(6.369180468023,0.959031352645));
#3337 = CARTESIAN_POINT('',(6.361402999311,0.959501231926));
#3338 = CARTESIAN_POINT('',(6.35361412788,0.959927001499));
#3339 = CARTESIAN_POINT('',(6.345814942754,0.960308471043));
#3340 = CARTESIAN_POINT('',(6.338006548601,0.960645469327));
#3341 = CARTESIAN_POINT('',(6.330190064261,0.960937844481));
#3342 = CARTESIAN_POINT('',(6.322366621186,0.961185464255));
#3343 = CARTESIAN_POINT('',(6.314537361873,0.961388216264));
#3344 = CARTESIAN_POINT('',(6.306703438193,0.96154600822));
#3345 = CARTESIAN_POINT('',(6.298866009908,0.961658768141));
#3346 = CARTESIAN_POINT('',(6.291026242403,0.961726444554));
#3347 = CARTESIAN_POINT('',(6.28318530718,0.96174900667));
#3348 = CARTESIAN_POINT('',(6.275344371957,0.961726444554));
#3349 = CARTESIAN_POINT('',(6.267504604451,0.961658768141));
#3350 = CARTESIAN_POINT('',(6.259667176167,0.96154600822));
#3351 = CARTESIAN_POINT('',(6.251833252487,0.961388216264));
#3352 = CARTESIAN_POINT('',(6.244003993173,0.961185464255));
#3353 = CARTESIAN_POINT('',(6.236180550098,0.960937844481));
#3354 = CARTESIAN_POINT('',(6.228364065758,0.960645469327));
#3355 = CARTESIAN_POINT('',(6.220555671605,0.960308471043));
#3356 = CARTESIAN_POINT('',(6.212756486479,0.959927001499));
#3357 = CARTESIAN_POINT('',(6.204967615049,0.959501231926));
#3358 = CARTESIAN_POINT('',(6.197190146336,0.959031352645));
#3359 = CARTESIAN_POINT('',(6.189425152122,0.958517572736));
#3360 = CARTESIAN_POINT('',(6.181673686039,0.957960119918));
#3361 = CARTESIAN_POINT('',(6.173936780296,0.957359239532));
#3362 = CARTESIAN_POINT('',(6.16621544209,0.956715194347));
#3363 = CARTESIAN_POINT('',(6.158510658662,0.95602826479));
#3364 = CARTESIAN_POINT('',(6.150823391863,0.955298747144));
#3365 = CARTESIAN_POINT('',(6.143154578149,0.954526953714));
#3366 = CARTESIAN_POINT('',(6.135505127218,0.953713212352));
#3367 = CARTESIAN_POINT('',(6.127875921115,0.952857866593));
#3368 = CARTESIAN_POINT('',(6.120267813151,0.951961273912));
#3369 = CARTESIAN_POINT('',(6.112681626956,0.951023805841));
#3370 = CARTESIAN_POINT('',(6.105118156072,0.950045847486));
#3371 = CARTESIAN_POINT('',(6.097578163187,0.949027796028));
#3372 = CARTESIAN_POINT('',(6.090062379533,0.947970060767));
#3373 = CARTESIAN_POINT('',(6.082571504341,0.946873062598));
#3374 = CARTESIAN_POINT('',(6.075106204223,0.945737234195));
#3375 = CARTESIAN_POINT('',(6.067667113199,0.944563017706));
#3376 = CARTESIAN_POINT('',(6.06025483193,0.943350865593));
#3377 = CARTESIAN_POINT('',(6.052869928236,0.942101239173));
#3378 = CARTESIAN_POINT('',(6.045512935803,0.940814608235));
#3379 = CARTESIAN_POINT('',(6.038184358272,0.939491449864));
#3380 = CARTESIAN_POINT('',(6.033317888264,0.938585317722));
#3381 = CARTESIAN_POINT('',(6.030889543808,0.938126325776));
#3382 = ( GEOMETRIC_REPRESENTATION_CONTEXT(2) 
PARAMETRIC_REPRESENTATION_CONTEXT() REPRESENTATION_CONTEXT('2D SPACE',''
  ) );
#3383 = ORIENTED_EDGE('',*,*,#2856,.F.);
#3384 = ADVANCED_FACE('',(#3385),#3188,.T.);
#3385 = FACE_BOUND('',#3386,.T.);
#3386 = EDGE_LOOP('',(#3387,#3416,#3442));
#3387 = ORIENTED_EDGE('',*,*,#3388,.F.);
#3388 = EDGE_CURVE('',#3389,#3173,#3391,.T.);
#3389 = VERTEX_POINT('',#3390);
#3390 = CARTESIAN_POINT('',(117.5,19.,55.14604967545));
#3391 = SURFACE_CURVE('',#3392,(#3397,#3404),.PCURVE_S1.);
#3392 = CIRCLE('',#3393,50.830601019465);
#3393 = AXIS2_PLACEMENT_3D('',#3394,#3395,#3396);
#3394 = CARTESIAN_POINT('',(117.5,0.,8.));
#3395 = DIRECTION('',(1.,0.,-0.));
#3396 = DIRECTION('',(0.,0.,1.));
#3397 = PCURVE('',#3188,#3398);
#3398 = DEFINITIONAL_REPRESENTATION('',(#3399),#3403);
#3399 = CIRCLE('',#3400,50.830601019465);
#3400 = AXIS2_PLACEMENT_2D('',#3401,#3402);
#3401 = CARTESIAN_POINT('',(-28.,-31.));
#3402 = DIRECTION('',(1.,0.));
#3403 = ( GEOMETRIC_REPRESENTATION_CONTEXT(2) 
PARAMETRIC_REPRESENTATION_CONTEXT() REPRESENTATION_CONTEXT('2D SPACE',''
  ) );
#3404 = PCURVE('',#704,#3405);
#3405 = DEFINITIONAL_REPRESENTATION('',(#3406),#3415);
#3406 = B_SPLINE_CURVE_WITH_KNOTS('',7,(#3407,#3408,#3409,#3410,#3411,
    #3412,#3413,#3414),.UNSPECIFIED.,.F.,.F.,(8,8),(5.900092810794,
    6.102158967571),.PIECEWISE_BEZIER_KNOTS.);
#3407 = CARTESIAN_POINT('',(6.774603552774,0.863959830041));
#3408 = CARTESIAN_POINT('',(6.744803350301,0.87758130536));
#3409 = CARTESIAN_POINT('',(6.7134896717,0.890317941898));
#3410 = CARTESIAN_POINT('',(6.680661035817,0.902096042909));
#3411 = CARTESIAN_POINT('',(6.646346954743,0.91283931605));
#3412 = CARTESIAN_POINT('',(6.610619163834,0.922471253952));
#3413 = CARTESIAN_POINT('',(6.573604734272,0.930920424383));
#3414 = CARTESIAN_POINT('',(6.535481070552,0.938126325776));
#3415 = ( GEOMETRIC_REPRESENTATION_CONTEXT(2) 
PARAMETRIC_REPRESENTATION_CONTEXT() REPRESENTATION_CONTEXT('2D SPACE',''
  ) );
#3416 = ORIENTED_EDGE('',*,*,#3417,.T.);
#3417 = EDGE_CURVE('',#3389,#3149,#3418,.T.);
#3418 = SURFACE_CURVE('',#3419,(#3423,#3430),.PCURVE_S1.);
#3419 = LINE('',#3420,#3421);
#3420 = CARTESIAN_POINT('',(117.5,19.,36.));
#3421 = VECTOR('',#3422,1.);
#3422 = DIRECTION('',(0.,0.,1.));
#3423 = PCURVE('',#3188,#3424);
#3424 = DEFINITIONAL_REPRESENTATION('',(#3425),#3429);
#3425 = LINE('',#3426,#3427);
#3426 = CARTESIAN_POINT('',(0.,-50.));
#3427 = VECTOR('',#3428,1.);
#3428 = DIRECTION('',(1.,0.));
#3429 = ( GEOMETRIC_REPRESENTATION_CONTEXT(2) 
PARAMETRIC_REPRESENTATION_CONTEXT() REPRESENTATION_CONTEXT('2D SPACE',''
  ) );
#3430 = PCURVE('',#3431,#3436);
#3431 = CYLINDRICAL_SURFACE('',#3432,12.);
#3432 = AXIS2_PLACEMENT_3D('',#3433,#3434,#3435);
#3433 = CARTESIAN_POINT('',(105.5,19.,36.));
#3434 = DIRECTION('',(0.,0.,1.));
#3435 = DIRECTION('',(1.,0.,-0.));
#3436 = DEFINITIONAL_REPRESENTATION('',(#3437),#3441);
#3437 = LINE('',#3438,#3439);
#3438 = CARTESIAN_POINT('',(0.,0.));
#3439 = VECTOR('',#3440,1.);
#3440 = DIRECTION('',(0.,1.));
#3441 = ( GEOMETRIC_REPRESENTATION_CONTEXT(2) 
PARAMETRIC_REPRESENTATION_CONTEXT() REPRESENTATION_CONTEXT('2D SPACE',''
  ) );
#3442 = ORIENTED_EDGE('',*,*,#3172,.F.);
#3443 = ADVANCED_FACE('',(#3444),#3431,.T.);
#3444 = FACE_BOUND('',#3445,.T.);
#3445 = EDGE_LOOP('',(#3446,#3447,#3611,#3632));
#3446 = ORIENTED_EDGE('',*,*,#3417,.F.);
#3447 = ORIENTED_EDGE('',*,*,#3448,.T.);
#3448 = EDGE_CURVE('',#3389,#3449,#3451,.T.);
#3449 = VERTEX_POINT('',#3450);
#3450 = CARTESIAN_POINT('',(105.5,31.,56.277841708179));
#3451 = SURFACE_CURVE('',#3452,(#3503,#3557),.PCURVE_S1.);
#3452 = B_SPLINE_CURVE_WITH_KNOTS('',7,(#3453,#3454,#3455,#3456,#3457,
    #3458,#3459,#3460,#3461,#3462,#3463,#3464,#3465,#3466,#3467,#3468,
    #3469,#3470,#3471,#3472,#3473,#3474,#3475,#3476,#3477,#3478,#3479,
    #3480,#3481,#3482,#3483,#3484,#3485,#3486,#3487,#3488,#3489,#3490,
    #3491,#3492,#3493,#3494,#3495,#3496,#3497,#3498,#3499,#3500,#3501,
    #3502),.UNSPECIFIED.,.F.,.F.,(8,6,6,6,6,6,6,6,8),(0.,0.186236881028,
    0.268396527278,0.31811561796,0.425366142171,0.549721319633,
    0.609389858419,0.714627849745,1.),.UNSPECIFIED.);
#3453 = CARTESIAN_POINT('',(117.5,19.,55.14604967545));
#3454 = CARTESIAN_POINT('',(117.5,19.468082070336,54.957411191471));
#3455 = CARTESIAN_POINT('',(117.47869884055,19.942010126973,
    54.776153764658));
#3456 = CARTESIAN_POINT('',(117.43513712928,20.421068294996,
    54.603168214803));
#3457 = CARTESIAN_POINT('',(117.36830014005,20.904260782962,
    54.439503159259));
#3458 = CARTESIAN_POINT('',(117.27718451729,21.390302608812,
    54.286338749565));
#3459 = CARTESIAN_POINT('',(117.16089281092,21.877606040397,
    54.144939941867));
#3460 = CARTESIAN_POINT('',(116.95605116689,22.578954614723,
    53.95996655712));
#3461 = CARTESIAN_POINT('',(116.88831953069,22.793510307113,
    53.905885952011));
#3462 = CARTESIAN_POINT('',(116.81550694916,23.007758280656,
    53.854459006227));
#3463 = CARTESIAN_POINT('',(116.73756966042,23.221512845351,
    53.805797975052));
#3464 = CARTESIAN_POINT('',(116.65447744426,23.434574482607,
    53.760013751601));
#3465 = CARTESIAN_POINT('',(116.56621694162,23.646730159535,
    53.717213769783));
#3466 = CARTESIAN_POINT('',(116.41626046476,23.985454968663,
    53.653466975997));
#3467 = CARTESIAN_POINT('',(116.35783581352,24.11274197871,
    53.630564052089));
#3468 = CARTESIAN_POINT('',(116.29752230306,24.239564334405,
    53.608813941965));
#3469 = CARTESIAN_POINT('',(116.23532415464,24.365870550017,
    53.588238286677));
#3470 = CARTESIAN_POINT('',(116.1712485279,24.491607993058,53.5688575619
    ));
#3471 = CARTESIAN_POINT('',(116.1053055209,24.616722884289,
    53.550691077943));
#3472 = CARTESIAN_POINT('',(115.89126049528,25.0095879306,
    53.497227934567));
#3473 = CARTESIAN_POINT('',(115.73637671754,25.274877715914,
    53.466431095128));
#3474 = CARTESIAN_POINT('',(115.57300107499,25.536458766481,
    53.441549706058));
#3475 = CARTESIAN_POINT('',(115.40133649994,25.793768842902,
    53.422729260981));
#3476 = CARTESIAN_POINT('',(115.22165061028,26.046257931179,
    53.410072231205));
#3477 = CARTESIAN_POINT('',(115.03428170096,26.293391820343,
    53.40363279442));
#3478 = CARTESIAN_POINT('',(114.61396645006,26.814397064243,
    53.403155049751));
#3479 = CARTESIAN_POINT('',(114.37848801839,27.086283108365,
    53.411258140662));
#3480 = CARTESIAN_POINT('',(114.13386083007,27.349498636355,
    53.427725045496));
#3481 = CARTESIAN_POINT('',(113.88079908229,27.603366521642,
    53.452459893135));
#3482 = CARTESIAN_POINT('',(113.62006453535,27.847330312495,
    53.485282139339));
#3483 = CARTESIAN_POINT('',(113.35245609445,28.080942077543,
    53.525938598785));
#3484 = CARTESIAN_POINT('',(112.94749961085,28.410814560536,
    53.597226881497));
#3485 = CARTESIAN_POINT('',(112.81479751251,28.515315516,53.622073395637
    ));
#3486 = CARTESIAN_POINT('',(112.6807854139,28.617322963031,
    53.648617588312));
#3487 = CARTESIAN_POINT('',(112.5455494486,28.716808615877,
    53.676822855329));
#3488 = CARTESIAN_POINT('',(112.40917410146,28.813750622436,
    53.706650527724));
#3489 = CARTESIAN_POINT('',(112.27174191799,28.908132908782,
    53.738060355296));
#3490 = CARTESIAN_POINT('',(111.88922041445,29.161873575879,
    53.829126350304));
#3491 = CARTESIAN_POINT('',(111.64207031521,29.315805694281,
    53.892034678494));
#3492 = CARTESIAN_POINT('',(111.3923207374,29.461683799046,
    53.959509239251));
#3493 = CARTESIAN_POINT('',(111.14038187262,29.599502310782,
    54.031315131689));
#3494 = CARTESIAN_POINT('',(110.88663405389,29.729297408498,
    54.107215184765));
#3495 = CARTESIAN_POINT('',(110.63142552701,29.851137287558,
    54.186975852566));
#3496 = CARTESIAN_POINT('',(109.67991570845,30.274176925058,
    54.4965200957));
#3497 = CARTESIAN_POINT('',(108.97676133558,30.525219016611,
    54.749266317615));
#3498 = CARTESIAN_POINT('',(108.27119234382,30.720495221333,
    55.024302481152));
#3499 = CARTESIAN_POINT('',(107.56772012159,30.862796739658,
    55.317696300114));
#3500 = CARTESIAN_POINT('',(106.86985020427,30.955031398095,
    55.626094790309));
#3501 = CARTESIAN_POINT('',(106.18009804796,31.,55.94679326936));
#3502 = CARTESIAN_POINT('',(105.5,31.,56.277841708179));
#3503 = PCURVE('',#3431,#3504);
#3504 = DEFINITIONAL_REPRESENTATION('',(#3505),#3556);
#3505 = B_SPLINE_CURVE_WITH_KNOTS('',7,(#3506,#3507,#3508,#3509,#3510,
    #3511,#3512,#3513,#3514,#3515,#3516,#3517,#3518,#3519,#3520,#3521,
    #3522,#3523,#3524,#3525,#3526,#3527,#3528,#3529,#3530,#3531,#3532,
    #3533,#3534,#3535,#3536,#3537,#3538,#3539,#3540,#3541,#3542,#3543,
    #3544,#3545,#3546,#3547,#3548,#3549,#3550,#3551,#3552,#3553,#3554,
    #3555),.UNSPECIFIED.,.F.,.F.,(8,6,6,6,6,6,6,6,8),(0.,0.186236881028,
    0.268396527278,0.31811561796,0.425366142171,0.549721319633,
    0.609389858419,0.714627849745,1.),.UNSPECIFIED.);
#3506 = CARTESIAN_POINT('',(0.,19.14604967545));
#3507 = CARTESIAN_POINT('',(3.900683919469E-02,18.957411191471));
#3508 = CARTESIAN_POINT('',(7.850082918921E-02,18.776153764658));
#3509 = CARTESIAN_POINT('',(0.11851932894,18.603168214803));
#3510 = CARTESIAN_POINT('',(0.159087029734,18.439503159259));
#3511 = CARTESIAN_POINT('',(0.200218121011,18.286338749565));
#3512 = CARTESIAN_POINT('',(0.241915090634,18.144939941867));
#3513 = CARTESIAN_POINT('',(0.30280261911,17.95996655712));
#3514 = CARTESIAN_POINT('',(0.321547634683,17.905885952011));
#3515 = CARTESIAN_POINT('',(0.340397305485,17.854459006227));
#3516 = CARTESIAN_POINT('',(0.359348937908,17.805797975052));
#3517 = CARTESIAN_POINT('',(0.378398918126,17.760013751601));
#3518 = CARTESIAN_POINT('',(0.397542584632,17.717213769783));
#3519 = CARTESIAN_POINT('',(0.428412095083,17.653466975997));
#3520 = CARTESIAN_POINT('',(0.44008227634,17.630564052089));
#3521 = CARTESIAN_POINT('',(0.451783351823,17.608813941965));
#3522 = CARTESIAN_POINT('',(0.463513892453,17.588238286677));
#3523 = CARTESIAN_POINT('',(0.475272332796,17.5688575619));
#3524 = CARTESIAN_POINT('',(0.487056971064,17.550691077943));
#3525 = CARTESIAN_POINT('',(0.524339508829,17.497227934567));
#3526 = CARTESIAN_POINT('',(0.549927757186,17.466431095128));
#3527 = CARTESIAN_POINT('',(0.57561013728,17.441549706058));
#3528 = CARTESIAN_POINT('',(0.601365563132,17.422729260981));
#3529 = CARTESIAN_POINT('',(0.62717172465,17.410072231205));
#3530 = CARTESIAN_POINT('',(0.653004372595,17.40363279442));
#3531 = CARTESIAN_POINT('',(0.708788640483,17.403155049751));
#3532 = CARTESIAN_POINT('',(0.738743971466,17.411258140662));
#3533 = CARTESIAN_POINT('',(0.768659542483,17.427725045496));
#3534 = CARTESIAN_POINT('',(0.798497970227,17.452459893135));
#3535 = CARTESIAN_POINT('',(0.82822558282,17.485282139339));
#3536 = CARTESIAN_POINT('',(0.857810914453,17.525938598785));
#3537 = CARTESIAN_POINT('',(0.901336578071,17.597226881497));
#3538 = CARTESIAN_POINT('',(0.915410420673,17.622073395637));
#3539 = CARTESIAN_POINT('',(0.929442260746,17.648617588312));
#3540 = CARTESIAN_POINT('',(0.943429518163,17.676822855329));
#3541 = CARTESIAN_POINT('',(0.957369920989,17.706650527724));
#3542 = CARTESIAN_POINT('',(0.971261472801,17.738060355296));
#3543 = CARTESIAN_POINT('',(1.009513835365,17.829126350304));
#3544 = CARTESIAN_POINT('',(1.033767782184,17.892034678494));
#3545 = CARTESIAN_POINT('',(1.057855041193,17.959509239251));
#3546 = CARTESIAN_POINT('',(1.081769181074,18.031315131689));
#3547 = CARTESIAN_POINT('',(1.105506231995,18.107215184765));
#3548 = CARTESIAN_POINT('',(1.129064359142,18.186975852566));
#3549 = CARTESIAN_POINT('',(1.215840470715,18.4965200957));
#3550 = CARTESIAN_POINT('',(1.277882227303,18.749266317615));
#3551 = CARTESIAN_POINT('',(1.338636167127,19.024302481152));
#3552 = CARTESIAN_POINT('',(1.398189039936,19.317696300114));
#3553 = CARTESIAN_POINT('',(1.456642129593,19.626094790309));
#3554 = CARTESIAN_POINT('',(1.514121489465,19.94679326936));
#3555 = CARTESIAN_POINT('',(1.570796326795,20.277841708179));
#3556 = ( GEOMETRIC_REPRESENTATION_CONTEXT(2) 
PARAMETRIC_REPRESENTATION_CONTEXT() REPRESENTATION_CONTEXT('2D SPACE',''
  ) );
#3557 = PCURVE('',#704,#3558);
#3558 = DEFINITIONAL_REPRESENTATION('',(#3559),#3610);
#3559 = B_SPLINE_CURVE_WITH_KNOTS('',7,(#3560,#3561,#3562,#3563,#3564,
    #3565,#3566,#3567,#3568,#3569,#3570,#3571,#3572,#3573,#3574,#3575,
    #3576,#3577,#3578,#3579,#3580,#3581,#3582,#3583,#3584,#3585,#3586,
    #3587,#3588,#3589,#3590,#3591,#3592,#3593,#3594,#3595,#3596,#3597,
    #3598,#3599,#3600,#3601,#3602,#3603,#3604,#3605,#3606,#3607,#3608,
    #3609),.UNSPECIFIED.,.F.,.F.,(8,6,6,6,6,6,6,6,8),(0.,0.186236881028,
    0.268396527278,0.31811561796,0.425366142171,0.549721319633,
    0.609389858419,0.714627849745,1.),.UNSPECIFIED.);
#3560 = CARTESIAN_POINT('',(6.774603552774,0.863959830041));
#3561 = CARTESIAN_POINT('',(6.784852998262,0.859274876344));
#3562 = CARTESIAN_POINT('',(6.795348894921,0.854803218933));
#3563 = CARTESIAN_POINT('',(6.80609475392,0.850561899734));
#3564 = CARTESIAN_POINT('',(6.817090889897,0.846571628178));
#3565 = CARTESIAN_POINT('',(6.828334419268,0.842856042434));
#3566 = CARTESIAN_POINT('',(6.839818490653,0.839440683517));
#3567 = CARTESIAN_POINT('',(6.856697687861,0.834988948721));
#3568 = CARTESIAN_POINT('',(6.861908789656,0.833689795845));
#3569 = CARTESIAN_POINT('',(6.867162790518,0.832456500863));
#3570 = CARTESIAN_POINT('',(6.872458165951,0.831291363602));
#3571 = CARTESIAN_POINT('',(6.877793089993,0.830196662618));
#3572 = CARTESIAN_POINT('',(6.883165395959,0.829174611301));
#3573 = CARTESIAN_POINT('',(6.891844680584,0.827654054931));
#3574 = CARTESIAN_POINT('',(6.895129585522,0.827108168041));
#3575 = CARTESIAN_POINT('',(6.898426687806,0.826590124488));
#3576 = CARTESIAN_POINT('',(6.901735378669,0.826100371775));
#3577 = CARTESIAN_POINT('',(6.905055004757,0.825639333732));
#3578 = CARTESIAN_POINT('',(6.908384868138,0.825207410516));
#3579 = CARTESIAN_POINT('',(6.918927654752,0.823936880822));
#3580 = CARTESIAN_POINT('',(6.92617564826,0.823205958896));
#3581 = CARTESIAN_POINT('',(6.933460159949,0.822616021621));
#3582 = CARTESIAN_POINT('',(6.94077286731,0.822170093272));
#3583 = CARTESIAN_POINT('',(6.948105010163,0.821870304354));
#3584 = CARTESIAN_POINT('',(6.95544722863,0.821717782334));
#3585 = CARTESIAN_POINT('',(6.971302526499,0.821706466738));
#3586 = CARTESIAN_POINT('',(6.97981668693,0.82189839222));
#3587 = CARTESIAN_POINT('',(6.988315790737,0.822288412416));
#3588 = CARTESIAN_POINT('',(6.996785358622,0.822874518389));
#3589 = CARTESIAN_POINT('',(7.005212071667,0.823652958189));
#3590 = CARTESIAN_POINT('',(7.013583425439,0.824618485848));
#3591 = CARTESIAN_POINT('',(7.025871975715,0.826314384288));
#3592 = CARTESIAN_POINT('',(7.029841154127,0.826905847961));
#3593 = CARTESIAN_POINT('',(7.033793827514,0.827538185071));
#3594 = CARTESIAN_POINT('',(7.037728906968,0.828210638257));
#3595 = CARTESIAN_POINT('',(7.04164540344,0.828922408661));
#3596 = CARTESIAN_POINT('',(7.045542418611,0.829672666011));
#3597 = CARTESIAN_POINT('',(7.056256540127,0.83185017284));
#3598 = CARTESIAN_POINT('',(7.06303078937,0.833356858222));
#3599 = CARTESIAN_POINT('',(7.069737512328,0.834975947411));
#3600 = CARTESIAN_POINT('',(7.076373251948,0.83670262178));
#3601 = CARTESIAN_POINT('',(7.082935354781,0.83853203557));
#3602 = CARTESIAN_POINT('',(7.089421860471,0.840459439931));
#3603 = CARTESIAN_POINT('',(7.113212011614,0.847960259249));
#3604 = CARTESIAN_POINT('',(7.130015836398,0.854124040476));
#3605 = CARTESIAN_POINT('',(7.146234413831,0.860885147494));
#3606 = CARTESIAN_POINT('',(7.161868024649,0.868166078962));
#3607 = CARTESIAN_POINT('',(7.176921831729,0.875901691785));
#3608 = CARTESIAN_POINT('',(7.191406891221,0.884040899847));
#3609 = CARTESIAN_POINT('',(7.205339182308,0.892551030013));
#3610 = ( GEOMETRIC_REPRESENTATION_CONTEXT(2) 
PARAMETRIC_REPRESENTATION_CONTEXT() REPRESENTATION_CONTEXT('2D SPACE',''
  ) );
#3611 = ORIENTED_EDGE('',*,*,#3612,.T.);
#3612 = EDGE_CURVE('',#3449,#1485,#3613,.T.);
#3613 = SURFACE_CURVE('',#3614,(#3618,#3625),.PCURVE_S1.);
#3614 = LINE('',#3615,#3616);
#3615 = CARTESIAN_POINT('',(105.5,31.,36.));
#3616 = VECTOR('',#3617,1.);
#3617 = DIRECTION('',(0.,0.,1.));
#3618 = PCURVE('',#3431,#3619);
#3619 = DEFINITIONAL_REPRESENTATION('',(#3620),#3624);
#3620 = LINE('',#3621,#3622);
#3621 = CARTESIAN_POINT('',(1.570796326795,0.));
#3622 = VECTOR('',#3623,1.);
#3623 = DIRECTION('',(0.,1.));
#3624 = ( GEOMETRIC_REPRESENTATION_CONTEXT(2) 
PARAMETRIC_REPRESENTATION_CONTEXT() REPRESENTATION_CONTEXT('2D SPACE',''
  ) );
#3625 = PCURVE('',#1527,#3626);
#3626 = DEFINITIONAL_REPRESENTATION('',(#3627),#3631);
#3627 = LINE('',#3628,#3629);
#3628 = CARTESIAN_POINT('',(0.,193.));
#3629 = VECTOR('',#3630,1.);
#3630 = DIRECTION('',(1.,0.));
#3631 = ( GEOMETRIC_REPRESENTATION_CONTEXT(2) 
PARAMETRIC_REPRESENTATION_CONTEXT() REPRESENTATION_CONTEXT('2D SPACE',''
  ) );
#3632 = ORIENTED_EDGE('',*,*,#3633,.T.);
#3633 = EDGE_CURVE('',#1485,#3149,#3634,.T.);
#3634 = SURFACE_CURVE('',#3635,(#3640,#3646),.PCURVE_S1.);
#3635 = CIRCLE('',#3636,12.);
#3636 = AXIS2_PLACEMENT_3D('',#3637,#3638,#3639);
#3637 = CARTESIAN_POINT('',(105.5,19.,58.));
#3638 = DIRECTION('',(1.480297366167E-16,0.,-1.));
#3639 = DIRECTION('',(1.,0.,1.480297366167E-16));
#3640 = PCURVE('',#3431,#3641);
#3641 = DEFINITIONAL_REPRESENTATION('',(#3642),#3645);
#3642 = B_SPLINE_CURVE_WITH_KNOTS('',1,(#3643,#3644),.UNSPECIFIED.,.F.,
  .F.,(2,2),(4.712388980385,6.28318530718),.PIECEWISE_BEZIER_KNOTS.);
#3643 = CARTESIAN_POINT('',(1.570796326795,22.));
#3644 = CARTESIAN_POINT('',(0.,22.));
#3645 = ( GEOMETRIC_REPRESENTATION_CONTEXT(2) 
PARAMETRIC_REPRESENTATION_CONTEXT() REPRESENTATION_CONTEXT('2D SPACE',''
  ) );
#3646 = PCURVE('',#1500,#3647);
#3647 = DEFINITIONAL_REPRESENTATION('',(#3648),#3651);
#3648 = B_SPLINE_CURVE_WITH_KNOTS('',1,(#3649,#3650),.UNSPECIFIED.,.F.,
  .F.,(2,2),(4.712388980385,6.28318530718),.PIECEWISE_BEZIER_KNOTS.);
#3649 = CARTESIAN_POINT('',(0.,-1.570796326795));
#3650 = CARTESIAN_POINT('',(0.,0.));
#3651 = ( GEOMETRIC_REPRESENTATION_CONTEXT(2) 
PARAMETRIC_REPRESENTATION_CONTEXT() REPRESENTATION_CONTEXT('2D SPACE',''
  ) );
#3652 = ADVANCED_FACE('',(#3653),#1500,.T.);
#3653 = FACE_BOUND('',#3654,.T.);
#3654 = EDGE_LOOP('',(#3655,#3656,#3657));
#3655 = ORIENTED_EDGE('',*,*,#3633,.F.);
#3656 = ORIENTED_EDGE('',*,*,#1484,.T.);
#3657 = ORIENTED_EDGE('',*,*,#3148,.F.);
#3658 = ADVANCED_FACE('',(#3659),#1527,.T.);
#3659 = FACE_BOUND('',#3660,.T.);
#3660 = EDGE_LOOP('',(#3661,#3686,#3687));
#3661 = ORIENTED_EDGE('',*,*,#3662,.F.);
#3662 = EDGE_CURVE('',#1512,#3449,#3663,.T.);
#3663 = SURFACE_CURVE('',#3664,(#3669,#3676),.PCURVE_S1.);
#3664 = CIRCLE('',#3665,53.693575034635);
#3665 = AXIS2_PLACEMENT_3D('',#3666,#3667,#3668);
#3666 = CARTESIAN_POINT('',(82.,31.,8.));
#3667 = DIRECTION('',(-0.,1.,0.));
#3668 = DIRECTION('',(0.,0.,1.));
#3669 = PCURVE('',#1527,#3670);
#3670 = DEFINITIONAL_REPRESENTATION('',(#3671),#3675);
#3671 = CIRCLE('',#3672,53.693575034635);
#3672 = AXIS2_PLACEMENT_2D('',#3673,#3674);
#3673 = CARTESIAN_POINT('',(-28.,169.5));
#3674 = DIRECTION('',(1.,0.));
#3675 = ( GEOMETRIC_REPRESENTATION_CONTEXT(2) 
PARAMETRIC_REPRESENTATION_CONTEXT() REPRESENTATION_CONTEXT('2D SPACE',''
  ) );
#3676 = PCURVE('',#704,#3677);
#3677 = DEFINITIONAL_REPRESENTATION('',(#3678),#3685);
#3678 = B_SPLINE_CURVE_WITH_KNOTS('',5,(#3679,#3680,#3681,#3682,#3683,
    #3684),.UNSPECIFIED.,.F.,.F.,(6,6),(0.373077360732,0.453004269012),
  .PIECEWISE_BEZIER_KNOTS.);
#3679 = CARTESIAN_POINT('',(7.290862824729,0.938126325776));
#3680 = CARTESIAN_POINT('',(7.27242730273,0.929592912832));
#3681 = CARTESIAN_POINT('',(7.254672370614,0.920748003359));
#3682 = CARTESIAN_POINT('',(7.237585916526,0.91161298498));
#3683 = CARTESIAN_POINT('',(7.221148818179,0.902207881015));
#3684 = CARTESIAN_POINT('',(7.205339182308,0.892551030013));
#3685 = ( GEOMETRIC_REPRESENTATION_CONTEXT(2) 
PARAMETRIC_REPRESENTATION_CONTEXT() REPRESENTATION_CONTEXT('2D SPACE',''
  ) );
#3686 = ORIENTED_EDGE('',*,*,#1511,.T.);
#3687 = ORIENTED_EDGE('',*,*,#3612,.F.);
#3688 = ADVANCED_FACE('',(#3689),#896,.T.);
#3689 = FACE_BOUND('',#3690,.T.);
#3690 = EDGE_LOOP('',(#3691,#3692,#3716,#3717,#3718,#3719,#3720,#3721,
    #3722,#3922,#3944,#3945,#3946));
#3691 = ORIENTED_EDGE('',*,*,#1848,.T.);
#3692 = ORIENTED_EDGE('',*,*,#3693,.T.);
#3693 = EDGE_CURVE('',#1851,#3694,#3696,.T.);
#3694 = VERTEX_POINT('',#3695);
#3695 = CARTESIAN_POINT('',(-75.,-1.049831847863E-30,78.));
#3696 = SEAM_CURVE('',#3697,(#3702,#3709),.PCURVE_S1.);
#3697 = CIRCLE('',#3698,70.);
#3698 = AXIS2_PLACEMENT_3D('',#3699,#3700,#3701);
#3699 = CARTESIAN_POINT('',(-75.,0.,8.));
#3700 = DIRECTION('',(-2.449293598295E-16,-1.,0.));
#3701 = DIRECTION('',(1.,-2.449293598295E-16,0.));
#3702 = PCURVE('',#896,#3703);
#3703 = DEFINITIONAL_REPRESENTATION('',(#3704),#3708);
#3704 = LINE('',#3705,#3706);
#3705 = CARTESIAN_POINT('',(0.,-6.28318530718));
#3706 = VECTOR('',#3707,1.);
#3707 = DIRECTION('',(0.,1.));
#3708 = ( GEOMETRIC_REPRESENTATION_CONTEXT(2) 
PARAMETRIC_REPRESENTATION_CONTEXT() REPRESENTATION_CONTEXT('2D SPACE',''
  ) );
#3709 = PCURVE('',#896,#3710);
#3710 = DEFINITIONAL_REPRESENTATION('',(#3711),#3715);
#3711 = LINE('',#3712,#3713);
#3712 = CARTESIAN_POINT('',(6.28318530718,-6.28318530718));
#3713 = VECTOR('',#3714,1.);
#3714 = DIRECTION('',(0.,1.));
#3715 = ( GEOMETRIC_REPRESENTATION_CONTEXT(2) 
PARAMETRIC_REPRESENTATION_CONTEXT() REPRESENTATION_CONTEXT('2D SPACE',''
  ) );
#3716 = ORIENTED_EDGE('',*,*,#3693,.F.);
#3717 = ORIENTED_EDGE('',*,*,#1929,.T.);
#3718 = ORIENTED_EDGE('',*,*,#1247,.F.);
#3719 = ORIENTED_EDGE('',*,*,#1158,.T.);
#3720 = ORIENTED_EDGE('',*,*,#1033,.T.);
#3721 = ORIENTED_EDGE('',*,*,#877,.T.);
#3722 = ORIENTED_EDGE('',*,*,#3723,.T.);
#3723 = EDGE_CURVE('',#880,#3724,#3726,.T.);
#3724 = VERTEX_POINT('',#3725);
#3725 = CARTESIAN_POINT('',(-128.,-31.65438358268,41.));
#3726 = SURFACE_CURVE('',#3727,(#3790,#3856),.PCURVE_S1.);
#3727 = B_SPLINE_CURVE_WITH_KNOTS('',7,(#3728,#3729,#3730,#3731,#3732,
    #3733,#3734,#3735,#3736,#3737,#3738,#3739,#3740,#3741,#3742,#3743,
    #3744,#3745,#3746,#3747,#3748,#3749,#3750,#3751,#3752,#3753,#3754,
    #3755,#3756,#3757,#3758,#3759,#3760,#3761,#3762,#3763,#3764,#3765,
    #3766,#3767,#3768,#3769,#3770,#3771,#3772,#3773,#3774,#3775,#3776,
    #3777,#3778,#3779,#3780,#3781,#3782,#3783,#3784,#3785,#3786,#3787,
    #3788,#3789),.UNSPECIFIED.,.F.,.F.,(8,6,6,6,6,6,6,6,6,6,8),(0.,
    3.356864135782E-02,6.849585502503E-02,0.105573729001,0.144983891281,
    0.226109108846,0.332775433085,0.499273853513,0.759866093395,
    0.855980963745,1.),.UNSPECIFIED.);
#3728 = CARTESIAN_POINT('',(-128.,31.654383582689,41.));
#3729 = CARTESIAN_POINT('',(-128.172789407,31.365076461878,41.));
#3730 = CARTESIAN_POINT('',(-128.3442945357,31.075384999176,
    40.998416736883));
#3731 = CARTESIAN_POINT('',(-128.5144958052,30.785312548969,
    40.995292528527));
#3732 = CARTESIAN_POINT('',(-128.6833738743,30.494862232252,
    40.990669639675));
#3733 = CARTESIAN_POINT('',(-128.8509096419,30.20403693663,
    40.984590281936));
#3734 = CARTESIAN_POINT('',(-129.0170842467,29.912839316315,
    40.977096613784));
#3735 = CARTESIAN_POINT('',(-129.3533433765,29.317904101216,
    40.959006052401));
#3736 = CARTESIAN_POINT('',(-129.5233139164,29.014135992191,
    40.948295882563));
#3737 = CARTESIAN_POINT('',(-129.6917697095,28.709970191184,
    40.936147659804));
#3738 = CARTESIAN_POINT('',(-129.8586899533,28.405409212133,
    40.922608878679));
#3739 = CARTESIAN_POINT('',(-130.0240540203,28.100455356774,
    40.90772709954));
#3740 = CARTESIAN_POINT('',(-130.1878414575,27.79511071465,
    40.891549948536));
#3741 = CARTESIAN_POINT('',(-130.5222094773,27.164817918205,
    40.85562734419));
#3742 = CARTESIAN_POINT('',(-130.6925872986,26.839820437975,
    40.835723552806));
#3743 = CARTESIAN_POINT('',(-130.8611411898,26.514386963048,
    40.814470802526));
#3744 = CARTESIAN_POINT('',(-131.0278469936,26.18851954853,
    40.791926379332));
#3745 = CARTESIAN_POINT('',(-131.192680656,25.862220063999,
    40.768147796124));
#3746 = CARTESIAN_POINT('',(-131.3556182263,25.535490193505,
    40.743192792727));
#3747 = CARTESIAN_POINT('',(-131.6877818876,24.860593597367,
    40.689405795296));
#3748 = CARTESIAN_POINT('',(-131.8567587937,24.512371282594,
    40.660428712763));
#3749 = CARTESIAN_POINT('',(-132.0235379338,24.163666278604,
    40.630257711391));
#3750 = CARTESIAN_POINT('',(-132.1880906721,23.814480264263,
    40.598962840945));
#3751 = CARTESIAN_POINT('',(-132.3503883784,23.464814809953,
    40.566614577841));
#3752 = CARTESIAN_POINT('',(-132.510402428,23.114671377571,
    40.533283825155));
#3753 = CARTESIAN_POINT('',(-132.9927308963,22.042305284389,
    40.428555458267));
#3754 = CARTESIAN_POINT('',(-133.3075588057,21.31854133151,
    40.354208491835));
#3755 = CARTESIAN_POINT('',(-133.6123393541,20.592769175997,
    40.276622610204));
#3756 = CARTESIAN_POINT('',(-133.9068212638,19.865000889955,
    40.196429447164));
#3757 = CARTESIAN_POINT('',(-134.1907512356,19.13525112536,
    40.114269157574));
#3758 = CARTESIAN_POINT('',(-134.4638746299,18.403537335936,
    40.030788901525));
#3759 = CARTESIAN_POINT('',(-135.0705039596,16.705241213096,
    39.836001103715));
#3760 = CARTESIAN_POINT('',(-135.3959453795,15.737250234885,
    39.724207792364));
#3761 = CARTESIAN_POINT('',(-135.70168192,14.765951142972,
    39.612742976263));
#3762 = CARTESIAN_POINT('',(-135.987126038,13.791419802391,
    39.503102111558));
#3763 = CARTESIAN_POINT('',(-136.2516901455,12.813766044483,
    39.396778807324));
#3764 = CARTESIAN_POINT('',(-136.4948008826,11.833137698341,
    39.295229831329));
#3765 = CARTESIAN_POINT('',(-137.0610674985,9.314692650592,
    39.050894309898));
#3766 = CARTESIAN_POINT('',(-137.3526490356,7.772796440491,
    38.916919869134));
#3767 = CARTESIAN_POINT('',(-137.5885622195,6.224936515428,
    38.803111681887));
#3768 = CARTESIAN_POINT('',(-137.7669539297,4.672227370397,
    38.714130222425));
#3769 = CARTESIAN_POINT('',(-137.8863890403,3.116027119055,38.6535950015
    ));
#3770 = CARTESIAN_POINT('',(-137.9461000819,1.557981648233,
    38.623330327941));
#3771 = CARTESIAN_POINT('',(-137.946103438,-2.43834696324,
    38.623328626916));
#3772 = CARTESIAN_POINT('',(-137.799847334,-4.87172948442,
    38.697413567359));
#3773 = CARTESIAN_POINT('',(-137.5083720502,-7.294986850973,
    38.845258906998));
#3774 = CARTESIAN_POINT('',(-137.0766806768,-9.704892086596,
    39.055304164109));
#3775 = CARTESIAN_POINT('',(-136.5122186904,-12.09890774276,
    39.307286853197));
#3776 = CARTESIAN_POINT('',(-135.8234248373,-14.47466281897,
    39.579450762624));
#3777 = CARTESIAN_POINT('',(-134.7228148835,-17.69849228168,
    39.949980325511));
#3778 = CARTESIAN_POINT('',(-134.4105356708,-18.56447152787,
    40.049632900559));
#3779 = CARTESIAN_POINT('',(-134.0829578658,-19.42772822032,
    40.148021660554));
#3780 = CARTESIAN_POINT('',(-133.7405028247,-20.28823030352,40.24407297)
  );
#3781 = CARTESIAN_POINT('',(-133.383589112,-21.14595207928,
    40.336727721539));
#3782 = CARTESIAN_POINT('',(-133.012630599,-22.00087358586,40.4249456537
    ));
#3783 = CARTESIAN_POINT('',(-132.05175732,-24.12978239521,
    40.631706744059));
#3784 = CARTESIAN_POINT('',(-131.4448774649,-25.40023210421,
    40.743447002664));
#3785 = CARTESIAN_POINT('',(-130.8087643884,-26.66430425156,
    40.839482298142));
#3786 = CARTESIAN_POINT('',(-130.1447946204,-27.92191536305,
    40.916447543025));
#3787 = CARTESIAN_POINT('',(-129.4543698193,-29.17292855123,
    40.971044109318));
#3788 = CARTESIAN_POINT('',(-128.7389352272,-30.41715945723,41.));
#3789 = CARTESIAN_POINT('',(-128.,-31.65438358268,41.));
#3790 = PCURVE('',#896,#3791);
#3791 = DEFINITIONAL_REPRESENTATION('',(#3792),#3855);
#3792 = B_SPLINE_CURVE_WITH_KNOTS('',7,(#3793,#3794,#3795,#3796,#3797,
    #3798,#3799,#3800,#3801,#3802,#3803,#3804,#3805,#3806,#3807,#3808,
    #3809,#3810,#3811,#3812,#3813,#3814,#3815,#3816,#3817,#3818,#3819,
    #3820,#3821,#3822,#3823,#3824,#3825,#3826,#3827,#3828,#3829,#3830,
    #3831,#3832,#3833,#3834,#3835,#3836,#3837,#3838,#3839,#3840,#3841,
    #3842,#3843,#3844,#3845,#3846,#3847,#3848,#3849,#3850,#3851,#3852,
    #3853,#3854),.UNSPECIFIED.,.F.,.F.,(8,6,6,6,6,6,6,6,6,6,8),(0.,
    3.356864135782E-02,6.849585502503E-02,0.105573729001,0.144983891281,
    0.226109108846,0.332775433085,0.499273853513,0.759866093395,
    0.855980963745,1.),.UNSPECIFIED.);
#3793 = CARTESIAN_POINT('',(2.603195807839,0.490909949348));
#3794 = CARTESIAN_POINT('',(2.60865443276,0.490909949348));
#3795 = CARTESIAN_POINT('',(2.614107735522,0.490884302365));
#3796 = CARTESIAN_POINT('',(2.619555458066,0.490833694274));
#3797 = CARTESIAN_POINT('',(2.624997360327,0.490758811824));
#3798 = CARTESIAN_POINT('',(2.630433220239,0.49066034264));
#3799 = CARTESIAN_POINT('',(2.635862833734,0.490538975225));
#3800 = CARTESIAN_POINT('',(2.646928679857,0.490246011946));
#3801 = CARTESIAN_POINT('',(2.652564380545,0.49007258239));
#3802 = CARTESIAN_POINT('',(2.658192907266,0.489875886815));
#3803 = CARTESIAN_POINT('',(2.663814070029,0.489656703803));
#3804 = CARTESIAN_POINT('',(2.669427698377,0.489415813991));
#3805 = CARTESIAN_POINT('',(2.675033641397,0.489154000072));
#3806 = CARTESIAN_POINT('',(2.686574601405,0.488572732107));
#3807 = CARTESIAN_POINT('',(2.692508625126,0.488250721883));
#3808 = CARTESIAN_POINT('',(2.698433681847,0.487906954995));
#3809 = CARTESIAN_POINT('',(2.704349637166,0.487542374051));
#3810 = CARTESIAN_POINT('',(2.710256379302,0.487157925396));
#3811 = CARTESIAN_POINT('',(2.716153819104,0.486754559116));
#3812 = CARTESIAN_POINT('',(2.728300334942,0.485885396266));
#3813 = CARTESIAN_POINT('',(2.734548193833,0.485417268987));
#3814 = CARTESIAN_POINT('',(2.74078538706,0.48492999278));
#3815 = CARTESIAN_POINT('',(2.747011860648,0.48442471891));
#3816 = CARTESIAN_POINT('',(2.75322758631,0.483902604331));
#3817 = CARTESIAN_POINT('',(2.75943256144,0.483364811681));
#3818 = CARTESIAN_POINT('',(2.778377573424,0.481675603226));
#3819 = CARTESIAN_POINT('',(2.791082850828,0.480477219382));
#3820 = CARTESIAN_POINT('',(2.803742877009,0.479227536819));
#3821 = CARTESIAN_POINT('',(2.816358263813,0.477936861823));
#3822 = CARTESIAN_POINT('',(2.828929988451,0.476615596711));
#3823 = CARTESIAN_POINT('',(2.841459382698,0.475274208638));
#3824 = CARTESIAN_POINT('',(2.870368761267,0.47214684207));
#3825 = CARTESIAN_POINT('',(2.886718983552,0.470353860825));
#3826 = CARTESIAN_POINT('',(2.903002643844,0.468568096378));
#3827 = CARTESIAN_POINT('',(2.919224229006,0.466813461068));
#3828 = CARTESIAN_POINT('',(2.935388828675,0.465113680734));
#3829 = CARTESIAN_POINT('',(2.951502038573,0.463491760249));
#3830 = CARTESIAN_POINT('',(2.992650404464,0.459592521103));
#3831 = CARTESIAN_POINT('',(3.017621605786,0.457457765249));
#3832 = CARTESIAN_POINT('',(3.042503169119,0.455646890178));
#3833 = CARTESIAN_POINT('',(3.067317735071,0.454232572441));
#3834 = CARTESIAN_POINT('',(3.092089551913,0.453270871934));
#3835 = CARTESIAN_POINT('',(3.116841610812,0.452790069149));
#3836 = CARTESIAN_POINT('',(3.180329714494,0.452790042126));
#3837 = CARTESIAN_POINT('',(3.218987926038,0.453967060509));
#3838 = CARTESIAN_POINT('',(3.257673348433,0.456315678932));
#3839 = CARTESIAN_POINT('',(3.296519789935,0.45965697831));
#3840 = CARTESIAN_POINT('',(3.335641362883,0.463676968216));
#3841 = CARTESIAN_POINT('',(3.375116077936,0.46803192133));
#3842 = CARTESIAN_POINT('',(3.429680887682,0.47397615096));
#3843 = CARTESIAN_POINT('',(3.444438117572,0.475576359082));
#3844 = CARTESIAN_POINT('',(3.459253149932,0.477157823427));
#3845 = CARTESIAN_POINT('',(3.474128435141,0.478703222578));
#3846 = CARTESIAN_POINT('',(3.489065752277,0.480195367853));
#3847 = CARTESIAN_POINT('',(3.50406618322,0.481617286495));
#3848 = CARTESIAN_POINT('',(3.541701955019,0.484952468494));
#3849 = CARTESIAN_POINT('',(3.564415768392,0.486757354209));
#3850 = CARTESIAN_POINT('',(3.587273157918,0.488310510439));
#3851 = CARTESIAN_POINT('',(3.610270670627,0.489556506526));
#3852 = CARTESIAN_POINT('',(3.633399549171,0.490440901373));
#3853 = CARTESIAN_POINT('',(3.656645647917,0.490909949348));
#3854 = CARTESIAN_POINT('',(3.679989499341,0.490909949348));
#3855 = ( GEOMETRIC_REPRESENTATION_CONTEXT(2) 
PARAMETRIC_REPRESENTATION_CONTEXT() REPRESENTATION_CONTEXT('2D SPACE',''
  ) );
#3856 = PCURVE('',#126,#3857);
#3857 = DEFINITIONAL_REPRESENTATION('',(#3858),#3921);
#3858 = B_SPLINE_CURVE_WITH_KNOTS('',7,(#3859,#3860,#3861,#3862,#3863,
    #3864,#3865,#3866,#3867,#3868,#3869,#3870,#3871,#3872,#3873,#3874,
    #3875,#3876,#3877,#3878,#3879,#3880,#3881,#3882,#3883,#3884,#3885,
    #3886,#3887,#3888,#3889,#3890,#3891,#3892,#3893,#3894,#3895,#3896,
    #3897,#3898,#3899,#3900,#3901,#3902,#3903,#3904,#3905,#3906,#3907,
    #3908,#3909,#3910,#3911,#3912,#3913,#3914,#3915,#3916,#3917,#3918,
    #3919,#3920),.UNSPECIFIED.,.F.,.F.,(8,6,6,6,6,6,6,6,6,6,8),(0.,
    3.356864135782E-02,6.849585502503E-02,0.105573729001,0.144983891281,
    0.226109108846,0.332775433085,0.499273853513,0.759866093395,
    0.855980963745,1.),.UNSPECIFIED.);
#3859 = CARTESIAN_POINT('',(1.570796326795,116.65438358268));
#3860 = CARTESIAN_POINT('',(1.562942262837,116.36507646187));
#3861 = CARTESIAN_POINT('',(1.555146574508,116.07538499917));
#3862 = CARTESIAN_POINT('',(1.547409362129,115.78531254896));
#3863 = CARTESIAN_POINT('',(1.539730765974,115.49486223225));
#3864 = CARTESIAN_POINT('',(1.532110966275,115.20403693663));
#3865 = CARTESIAN_POINT('',(1.524550183222,114.91283931631));
#3866 = CARTESIAN_POINT('',(1.509243573701,114.31790410121));
#3867 = CARTESIAN_POINT('',(1.50150264298,114.01413599219));
#3868 = CARTESIAN_POINT('',(1.493826177659,113.70997019118));
#3869 = CARTESIAN_POINT('',(1.486214518317,113.40540921213));
#3870 = CARTESIAN_POINT('',(1.478668053252,113.10045535677));
#3871 = CARTESIAN_POINT('',(1.47118721848,112.79511071465));
#3872 = CARTESIAN_POINT('',(1.455901211929,112.1648179182));
#3873 = CARTESIAN_POINT('',(1.448104433707,111.83982043797));
#3874 = CARTESIAN_POINT('',(1.440382741696,111.51438696304));
#3875 = CARTESIAN_POINT('',(1.432736776661,111.18851954853));
#3876 = CARTESIAN_POINT('',(1.425167241511,110.86222006399));
#3877 = CARTESIAN_POINT('',(1.417674901296,110.5354901935));
#3878 = CARTESIAN_POINT('',(1.40237988651,109.86059359736));
#3879 = CARTESIAN_POINT('',(1.394587337151,109.51237128259));
#3880 = CARTESIAN_POINT('',(1.386883928767,109.1636662786));
#3881 = CARTESIAN_POINT('',(1.379270735743,108.81448026426));
#3882 = CARTESIAN_POINT('',(1.371748913219,108.46481480995));
#3883 = CARTESIAN_POINT('',(1.364319697085,108.11467137757));
#3884 = CARTESIAN_POINT('',(1.341884815095,107.04230528438));
#3885 = CARTESIAN_POINT('',(1.327183250857,106.31854133151));
#3886 = CARTESIAN_POINT('',(1.312891119702,105.59276917599));
#3887 = CARTESIAN_POINT('',(1.29902139155,104.86500088995));
#3888 = CARTESIAN_POINT('',(1.285588476211,104.13525112536));
#3889 = CARTESIAN_POINT('',(1.272608101793,103.40353733593));
#3890 = CARTESIAN_POINT('',(1.24364740494,101.70524121309));
#3891 = CARTESIAN_POINT('',(1.228009347904,100.73725023488));
#3892 = CARTESIAN_POINT('',(1.213221379311,99.765951142972));
#3893 = CARTESIAN_POINT('',(1.199325659091,98.791419802391));
#3894 = CARTESIAN_POINT('',(1.186367210018,97.813766044483));
#3895 = CARTESIAN_POINT('',(1.174392238731,96.833137698341));
#3896 = CARTESIAN_POINT('',(1.146358989312,94.314692650592));
#3897 = CARTESIAN_POINT('',(1.13177715987,92.772796440491));
#3898 = CARTESIAN_POINT('',(1.119873672164,91.224936515428));
#3899 = CARTESIAN_POINT('',(1.110812359692,89.672227370397));
#3900 = CARTESIAN_POINT('',(1.104725996793,88.116027119055));
#3901 = CARTESIAN_POINT('',(1.101683133942,86.557981648233));
#3902 = CARTESIAN_POINT('',(1.101682962918,82.56165303676));
#3903 = CARTESIAN_POINT('',(1.10913450069,80.12827051558));
#3904 = CARTESIAN_POINT('',(1.123992007564,77.705013149027));
#3905 = CARTESIAN_POINT('',(1.145809074577,75.295107913404));
#3906 = CARTESIAN_POINT('',(1.173873337896,72.90109225724));
#3907 = CARTESIAN_POINT('',(1.207492925788,70.525337181024));
#3908 = CARTESIAN_POINT('',(1.260279616984,67.301507718316));
#3909 = CARTESIAN_POINT('',(1.275177477838,66.435528472127));
#3910 = CARTESIAN_POINT('',(1.290720752126,65.572271779672));
#3911 = CARTESIAN_POINT('',(1.306882430496,64.711769696478));
#3912 = CARTESIAN_POINT('',(1.323638055718,63.854047920711));
#3913 = CARTESIAN_POINT('',(1.340966034124,62.999126414137));
#3914 = CARTESIAN_POINT('',(1.385641808401,60.870217604784));
#3915 = CARTESIAN_POINT('',(1.413678449037,59.599767895782));
#3916 = CARTESIAN_POINT('',(1.442895343631,58.33569574844));
#3917 = CARTESIAN_POINT('',(1.473243796077,57.078084636941));
#3918 = CARTESIAN_POINT('',(1.504688598241,55.827071448761));
#3919 = CARTESIAN_POINT('',(1.537208361919,54.582840542763));
#3920 = CARTESIAN_POINT('',(1.570796326795,53.345616417311));
#3921 = ( GEOMETRIC_REPRESENTATION_CONTEXT(2) 
PARAMETRIC_REPRESENTATION_CONTEXT() REPRESENTATION_CONTEXT('2D SPACE',''
  ) );
#3922 = ORIENTED_EDGE('',*,*,#3923,.T.);
#3923 = EDGE_CURVE('',#3724,#3001,#3924,.T.);
#3924 = SURFACE_CURVE('',#3925,(#3930,#3937),.PCURVE_S1.);
#3925 = CIRCLE('',#3926,61.733297336203);
#3926 = AXIS2_PLACEMENT_3D('',#3927,#3928,#3929);
#3927 = CARTESIAN_POINT('',(-75.,0.,41.));
#3928 = DIRECTION('',(0.,0.,1.));
#3929 = DIRECTION('',(1.,0.,-0.));
#3930 = PCURVE('',#896,#3931);
#3931 = DEFINITIONAL_REPRESENTATION('',(#3932),#3936);
#3932 = LINE('',#3933,#3934);
#3933 = CARTESIAN_POINT('',(0.,0.490909949348));
#3934 = VECTOR('',#3935,1.);
#3935 = DIRECTION('',(1.,0.));
#3936 = ( GEOMETRIC_REPRESENTATION_CONTEXT(2) 
PARAMETRIC_REPRESENTATION_CONTEXT() REPRESENTATION_CONTEXT('2D SPACE',''
  ) );
#3937 = PCURVE('',#497,#3938);
#3938 = DEFINITIONAL_REPRESENTATION('',(#3939),#3943);
#3939 = CIRCLE('',#3940,61.733297336203);
#3940 = AXIS2_PLACEMENT_2D('',#3941,#3942);
#3941 = CARTESIAN_POINT('',(75.,85.));
#3942 = DIRECTION('',(1.,0.));
#3943 = ( GEOMETRIC_REPRESENTATION_CONTEXT(2) 
PARAMETRIC_REPRESENTATION_CONTEXT() REPRESENTATION_CONTEXT('2D SPACE',''
  ) );
#3944 = ORIENTED_EDGE('',*,*,#3000,.F.);
#3945 = ORIENTED_EDGE('',*,*,#2940,.F.);
#3946 = ORIENTED_EDGE('',*,*,#1954,.T.);
#3947 = ADVANCED_FACE('',(#3948),#704,.T.);
#3948 = FACE_BOUND('',#3949,.T.);
#3949 = EDGE_LOOP('',(#3950,#3951,#3952,#3953,#3954,#3955,#3956,#3957,
    #3978,#3979,#3980,#3981,#3982,#3983,#3984,#3985));
#3950 = ORIENTED_EDGE('',*,*,#3200,.T.);
#3951 = ORIENTED_EDGE('',*,*,#2827,.T.);
#3952 = ORIENTED_EDGE('',*,*,#2637,.T.);
#3953 = ORIENTED_EDGE('',*,*,#2880,.F.);
#3954 = ORIENTED_EDGE('',*,*,#2219,.T.);
#3955 = ORIENTED_EDGE('',*,*,#2968,.F.);
#3956 = ORIENTED_EDGE('',*,*,#3083,.T.);
#3957 = ORIENTED_EDGE('',*,*,#3958,.T.);
#3958 = EDGE_CURVE('',#3063,#482,#3959,.T.);
#3959 = SURFACE_CURVE('',#3960,(#3965,#3971),.PCURVE_S1.);
#3960 = CIRCLE('',#3961,52.488093888043);
#3961 = AXIS2_PLACEMENT_3D('',#3962,#3963,#3964);
#3962 = CARTESIAN_POINT('',(82.,0.,41.));
#3963 = DIRECTION('',(0.,0.,1.));
#3964 = DIRECTION('',(1.,0.,-0.));
#3965 = PCURVE('',#704,#3966);
#3966 = DEFINITIONAL_REPRESENTATION('',(#3967),#3970);
#3967 = B_SPLINE_CURVE_WITH_KNOTS('',1,(#3968,#3969),.UNSPECIFIED.,.F.,
  .F.,(2,2),(3.721184149399,5.780701854972),.PIECEWISE_BEZIER_KNOTS.);
#3968 = CARTESIAN_POINT('',(3.721184149399,0.561265607353));
#3969 = CARTESIAN_POINT('',(5.780701854972,0.561265607353));
#3970 = ( GEOMETRIC_REPRESENTATION_CONTEXT(2) 
PARAMETRIC_REPRESENTATION_CONTEXT() REPRESENTATION_CONTEXT('2D SPACE',''
  ) );
#3971 = PCURVE('',#497,#3972);
#3972 = DEFINITIONAL_REPRESENTATION('',(#3973),#3977);
#3973 = CIRCLE('',#3974,52.488093888043);
#3974 = AXIS2_PLACEMENT_2D('',#3975,#3976);
#3975 = CARTESIAN_POINT('',(232.,85.));
#3976 = DIRECTION('',(1.,0.));
#3977 = ( GEOMETRIC_REPRESENTATION_CONTEXT(2) 
PARAMETRIC_REPRESENTATION_CONTEXT() REPRESENTATION_CONTEXT('2D SPACE',''
  ) );
#3978 = ORIENTED_EDGE('',*,*,#509,.F.);
#3979 = ORIENTED_EDGE('',*,*,#934,.T.);
#3980 = ORIENTED_EDGE('',*,*,#1094,.F.);
#3981 = ORIENTED_EDGE('',*,*,#1215,.T.);
#3982 = ORIENTED_EDGE('',*,*,#1539,.F.);
#3983 = ORIENTED_EDGE('',*,*,#3662,.T.);
#3984 = ORIENTED_EDGE('',*,*,#3448,.F.);
#3985 = ORIENTED_EDGE('',*,*,#3388,.T.);
#3986 = ADVANCED_FACE('',(#3987),#497,.T.);
#3987 = FACE_BOUND('',#3988,.T.);
#3988 = EDGE_LOOP('',(#3989,#4012,#4038,#4039,#4040,#4041));
#3989 = ORIENTED_EDGE('',*,*,#3990,.F.);
#3990 = EDGE_CURVE('',#3991,#3724,#3993,.T.);
#3991 = VERTEX_POINT('',#3992);
#3992 = CARTESIAN_POINT('',(-128.,-63.,41.));
#3993 = SURFACE_CURVE('',#3994,(#3998,#4005),.PCURVE_S1.);
#3994 = LINE('',#3995,#3996);
#3995 = CARTESIAN_POINT('',(-128.,-85.,41.));
#3996 = VECTOR('',#3997,1.);
#3997 = DIRECTION('',(-0.,1.,0.));
#3998 = PCURVE('',#497,#3999);
#3999 = DEFINITIONAL_REPRESENTATION('',(#4000),#4004);
#4000 = LINE('',#4001,#4002);
#4001 = CARTESIAN_POINT('',(22.,0.));
#4002 = VECTOR('',#4003,1.);
#4003 = DIRECTION('',(0.,1.));
#4004 = ( GEOMETRIC_REPRESENTATION_CONTEXT(2) 
PARAMETRIC_REPRESENTATION_CONTEXT() REPRESENTATION_CONTEXT('2D SPACE',''
  ) );
#4005 = PCURVE('',#126,#4006);
#4006 = DEFINITIONAL_REPRESENTATION('',(#4007),#4011);
#4007 = LINE('',#4008,#4009);
#4008 = CARTESIAN_POINT('',(1.570796326795,0.));
#4009 = VECTOR('',#4010,1.);
#4010 = DIRECTION('',(0.,1.));
#4011 = ( GEOMETRIC_REPRESENTATION_CONTEXT(2) 
PARAMETRIC_REPRESENTATION_CONTEXT() REPRESENTATION_CONTEXT('2D SPACE',''
  ) );
#4012 = ORIENTED_EDGE('',*,*,#4013,.T.);
#4013 = EDGE_CURVE('',#3991,#453,#4014,.T.);
#4014 = SURFACE_CURVE('',#4015,(#4019,#4026),.PCURVE_S1.);
#4015 = LINE('',#4016,#4017);
#4016 = CARTESIAN_POINT('',(-150.,-63.,41.));
#4017 = VECTOR('',#4018,1.);
#4018 = DIRECTION('',(1.,0.,-0.));
#4019 = PCURVE('',#497,#4020);
#4020 = DEFINITIONAL_REPRESENTATION('',(#4021),#4025);
#4021 = LINE('',#4022,#4023);
#4022 = CARTESIAN_POINT('',(0.,22.));
#4023 = VECTOR('',#4024,1.);
#4024 = DIRECTION('',(1.,0.));
#4025 = ( GEOMETRIC_REPRESENTATION_CONTEXT(2) 
PARAMETRIC_REPRESENTATION_CONTEXT() REPRESENTATION_CONTEXT('2D SPACE',''
  ) );
#4026 = PCURVE('',#4027,#4032);
#4027 = CYLINDRICAL_SURFACE('',#4028,22.);
#4028 = AXIS2_PLACEMENT_3D('',#4029,#4030,#4031);
#4029 = CARTESIAN_POINT('',(-150.,-63.,19.));
#4030 = DIRECTION('',(1.,0.,-0.));
#4031 = DIRECTION('',(0.,-1.,0.));
#4032 = DEFINITIONAL_REPRESENTATION('',(#4033),#4037);
#4033 = LINE('',#4034,#4035);
#4034 = CARTESIAN_POINT('',(-1.570796326795,0.));
#4035 = VECTOR('',#4036,1.);
#4036 = DIRECTION('',(-0.,1.));
#4037 = ( GEOMETRIC_REPRESENTATION_CONTEXT(2) 
PARAMETRIC_REPRESENTATION_CONTEXT() REPRESENTATION_CONTEXT('2D SPACE',''
  ) );
#4038 = ORIENTED_EDGE('',*,*,#481,.T.);
#4039 = ORIENTED_EDGE('',*,*,#3958,.F.);
#4040 = ORIENTED_EDGE('',*,*,#3062,.F.);
#4041 = ORIENTED_EDGE('',*,*,#3923,.F.);
#4042 = ADVANCED_FACE('',(#4043),#4027,.T.);
#4043 = FACE_BOUND('',#4044,.F.);
#4044 = EDGE_LOOP('',(#4045,#4072,#4073,#4095));
#4045 = ORIENTED_EDGE('',*,*,#4046,.F.);
#4046 = EDGE_CURVE('',#3991,#4047,#4049,.T.);
#4047 = VERTEX_POINT('',#4048);
#4048 = CARTESIAN_POINT('',(-128.,-85.,19.));
#4049 = SURFACE_CURVE('',#4050,(#4055,#4061),.PCURVE_S1.);
#4050 = CIRCLE('',#4051,22.);
#4051 = AXIS2_PLACEMENT_3D('',#4052,#4053,#4054);
#4052 = CARTESIAN_POINT('',(-128.,-63.,19.));
#4053 = DIRECTION('',(1.,-6.123233995737E-17,0.));
#4054 = DIRECTION('',(-6.123233995737E-17,-1.,0.));
#4055 = PCURVE('',#4027,#4056);
#4056 = DEFINITIONAL_REPRESENTATION('',(#4057),#4060);
#4057 = B_SPLINE_CURVE_WITH_KNOTS('',1,(#4058,#4059),.UNSPECIFIED.,.F.,
  .F.,(2,2),(4.712388980385,6.28318530718),.PIECEWISE_BEZIER_KNOTS.);
#4058 = CARTESIAN_POINT('',(-1.570796326795,22.));
#4059 = CARTESIAN_POINT('',(0.,22.));
#4060 = ( GEOMETRIC_REPRESENTATION_CONTEXT(2) 
PARAMETRIC_REPRESENTATION_CONTEXT() REPRESENTATION_CONTEXT('2D SPACE',''
  ) );
#4061 = PCURVE('',#4062,#4067);
#4062 = SPHERICAL_SURFACE('',#4063,22.);
#4063 = AXIS2_PLACEMENT_3D('',#4064,#4065,#4066);
#4064 = CARTESIAN_POINT('',(-128.,-63.,19.));
#4065 = DIRECTION('',(-0.,-0.,-1.));
#4066 = DIRECTION('',(-1.,0.,0.));
#4067 = DEFINITIONAL_REPRESENTATION('',(#4068),#4071);
#4068 = B_SPLINE_CURVE_WITH_KNOTS('',1,(#4069,#4070),.UNSPECIFIED.,.F.,
  .F.,(2,2),(4.712388980385,6.28318530718),.PIECEWISE_BEZIER_KNOTS.);
#4069 = CARTESIAN_POINT('',(-1.570796326795,-1.570796326795));
#4070 = CARTESIAN_POINT('',(-1.570796326795,0.));
#4071 = ( GEOMETRIC_REPRESENTATION_CONTEXT(2) 
PARAMETRIC_REPRESENTATION_CONTEXT() REPRESENTATION_CONTEXT('2D SPACE',''
  ) );
#4072 = ORIENTED_EDGE('',*,*,#4013,.T.);
#4073 = ORIENTED_EDGE('',*,*,#4074,.T.);
#4074 = EDGE_CURVE('',#453,#4075,#4077,.T.);
#4075 = VERTEX_POINT('',#4076);
#4076 = CARTESIAN_POINT('',(128.,-85.,19.));
#4077 = SURFACE_CURVE('',#4078,(#4083,#4089),.PCURVE_S1.);
#4078 = CIRCLE('',#4079,22.);
#4079 = AXIS2_PLACEMENT_3D('',#4080,#4081,#4082);
#4080 = CARTESIAN_POINT('',(128.,-63.,19.));
#4081 = DIRECTION('',(1.,6.123233995737E-17,0.));
#4082 = DIRECTION('',(6.123233995737E-17,-1.,0.));
#4083 = PCURVE('',#4027,#4084);
#4084 = DEFINITIONAL_REPRESENTATION('',(#4085),#4088);
#4085 = B_SPLINE_CURVE_WITH_KNOTS('',1,(#4086,#4087),.UNSPECIFIED.,.F.,
  .F.,(2,2),(4.712388980385,6.28318530718),.PIECEWISE_BEZIER_KNOTS.);
#4086 = CARTESIAN_POINT('',(-1.570796326795,278.));
#4087 = CARTESIAN_POINT('',(0.,278.));
#4088 = ( GEOMETRIC_REPRESENTATION_CONTEXT(2) 
PARAMETRIC_REPRESENTATION_CONTEXT() REPRESENTATION_CONTEXT('2D SPACE',''
  ) );
#4089 = PCURVE('',#470,#4090);
#4090 = DEFINITIONAL_REPRESENTATION('',(#4091),#4094);
#4091 = B_SPLINE_CURVE_WITH_KNOTS('',1,(#4092,#4093),.UNSPECIFIED.,.F.,
  .F.,(2,2),(4.712388980385,6.28318530718),.PIECEWISE_BEZIER_KNOTS.);
#4092 = CARTESIAN_POINT('',(1.570796326795,-1.570796326795));
#4093 = CARTESIAN_POINT('',(1.570796326795,0.));
#4094 = ( GEOMETRIC_REPRESENTATION_CONTEXT(2) 
PARAMETRIC_REPRESENTATION_CONTEXT() REPRESENTATION_CONTEXT('2D SPACE',''
  ) );
#4095 = ORIENTED_EDGE('',*,*,#4096,.F.);
#4096 = EDGE_CURVE('',#4047,#4075,#4097,.T.);
#4097 = SURFACE_CURVE('',#4098,(#4102,#4109),.PCURVE_S1.);
#4098 = LINE('',#4099,#4100);
#4099 = CARTESIAN_POINT('',(-150.,-85.,19.));
#4100 = VECTOR('',#4101,1.);
#4101 = DIRECTION('',(1.,0.,-0.));
#4102 = PCURVE('',#4027,#4103);
#4103 = DEFINITIONAL_REPRESENTATION('',(#4104),#4108);
#4104 = LINE('',#4105,#4106);
#4105 = CARTESIAN_POINT('',(-0.,0.));
#4106 = VECTOR('',#4107,1.);
#4107 = DIRECTION('',(-0.,1.));
#4108 = ( GEOMETRIC_REPRESENTATION_CONTEXT(2) 
PARAMETRIC_REPRESENTATION_CONTEXT() REPRESENTATION_CONTEXT('2D SPACE',''
  ) );
#4109 = PCURVE('',#4110,#4115);
#4110 = PLANE('',#4111);
#4111 = AXIS2_PLACEMENT_3D('',#4112,#4113,#4114);
#4112 = CARTESIAN_POINT('',(-150.,-85.,-41.));
#4113 = DIRECTION('',(-0.,1.,0.));
#4114 = DIRECTION('',(0.,0.,1.));
#4115 = DEFINITIONAL_REPRESENTATION('',(#4116),#4120);
#4116 = LINE('',#4117,#4118);
#4117 = CARTESIAN_POINT('',(60.,0.));
#4118 = VECTOR('',#4119,1.);
#4119 = DIRECTION('',(0.,1.));
#4120 = ( GEOMETRIC_REPRESENTATION_CONTEXT(2) 
PARAMETRIC_REPRESENTATION_CONTEXT() REPRESENTATION_CONTEXT('2D SPACE',''
  ) );
#4121 = ADVANCED_FACE('',(#4122),#4110,.F.);
#4122 = FACE_BOUND('',#4123,.F.);
#4123 = EDGE_LOOP('',(#4124,#4147,#4148,#4176));
#4124 = ORIENTED_EDGE('',*,*,#4125,.T.);
#4125 = EDGE_CURVE('',#4126,#4047,#4128,.T.);
#4126 = VERTEX_POINT('',#4127);
#4127 = CARTESIAN_POINT('',(-128.,-85.,-19.));
#4128 = SURFACE_CURVE('',#4129,(#4133,#4140),.PCURVE_S1.);
#4129 = LINE('',#4130,#4131);
#4130 = CARTESIAN_POINT('',(-128.,-85.,-41.));
#4131 = VECTOR('',#4132,1.);
#4132 = DIRECTION('',(0.,0.,1.));
#4133 = PCURVE('',#4110,#4134);
#4134 = DEFINITIONAL_REPRESENTATION('',(#4135),#4139);
#4135 = LINE('',#4136,#4137);
#4136 = CARTESIAN_POINT('',(0.,22.));
#4137 = VECTOR('',#4138,1.);
#4138 = DIRECTION('',(1.,0.));
#4139 = ( GEOMETRIC_REPRESENTATION_CONTEXT(2) 
PARAMETRIC_REPRESENTATION_CONTEXT() REPRESENTATION_CONTEXT('2D SPACE',''
  ) );
#4140 = PCURVE('',#44,#4141);
#4141 = DEFINITIONAL_REPRESENTATION('',(#4142),#4146);
#4142 = LINE('',#4143,#4144);
#4143 = CARTESIAN_POINT('',(1.570796326795,0.));
#4144 = VECTOR('',#4145,1.);
#4145 = DIRECTION('',(0.,1.));
#4146 = ( GEOMETRIC_REPRESENTATION_CONTEXT(2) 
PARAMETRIC_REPRESENTATION_CONTEXT() REPRESENTATION_CONTEXT('2D SPACE',''
  ) );
#4147 = ORIENTED_EDGE('',*,*,#4096,.T.);
#4148 = ORIENTED_EDGE('',*,*,#4149,.F.);
#4149 = EDGE_CURVE('',#4150,#4075,#4152,.T.);
#4150 = VERTEX_POINT('',#4151);
#4151 = CARTESIAN_POINT('',(128.,-85.,-19.));
#4152 = SURFACE_CURVE('',#4153,(#4157,#4164),.PCURVE_S1.);
#4153 = LINE('',#4154,#4155);
#4154 = CARTESIAN_POINT('',(128.,-85.,-41.));
#4155 = VECTOR('',#4156,1.);
#4156 = DIRECTION('',(0.,0.,1.));
#4157 = PCURVE('',#4110,#4158);
#4158 = DEFINITIONAL_REPRESENTATION('',(#4159),#4163);
#4159 = LINE('',#4160,#4161);
#4160 = CARTESIAN_POINT('',(0.,278.));
#4161 = VECTOR('',#4162,1.);
#4162 = DIRECTION('',(1.,0.));
#4163 = ( GEOMETRIC_REPRESENTATION_CONTEXT(2) 
PARAMETRIC_REPRESENTATION_CONTEXT() REPRESENTATION_CONTEXT('2D SPACE',''
  ) );
#4164 = PCURVE('',#4165,#4170);
#4165 = CYLINDRICAL_SURFACE('',#4166,22.);
#4166 = AXIS2_PLACEMENT_3D('',#4167,#4168,#4169);
#4167 = CARTESIAN_POINT('',(128.,-63.,-41.));
#4168 = DIRECTION('',(0.,0.,1.));
#4169 = DIRECTION('',(1.,0.,-0.));
#4170 = DEFINITIONAL_REPRESENTATION('',(#4171),#4175);
#4171 = LINE('',#4172,#4173);
#4172 = CARTESIAN_POINT('',(-1.570796326795,0.));
#4173 = VECTOR('',#4174,1.);
#4174 = DIRECTION('',(-0.,1.));
#4175 = ( GEOMETRIC_REPRESENTATION_CONTEXT(2) 
PARAMETRIC_REPRESENTATION_CONTEXT() REPRESENTATION_CONTEXT('2D SPACE',''
  ) );
#4176 = ORIENTED_EDGE('',*,*,#4177,.F.);
#4177 = EDGE_CURVE('',#4126,#4150,#4178,.T.);
#4178 = SURFACE_CURVE('',#4179,(#4183,#4190),.PCURVE_S1.);
#4179 = LINE('',#4180,#4181);
#4180 = CARTESIAN_POINT('',(-150.,-85.,-19.));
#4181 = VECTOR('',#4182,1.);
#4182 = DIRECTION('',(1.,0.,-0.));
#4183 = PCURVE('',#4110,#4184);
#4184 = DEFINITIONAL_REPRESENTATION('',(#4185),#4189);
#4185 = LINE('',#4186,#4187);
#4186 = CARTESIAN_POINT('',(22.,0.));
#4187 = VECTOR('',#4188,1.);
#4188 = DIRECTION('',(0.,1.));
#4189 = ( GEOMETRIC_REPRESENTATION_CONTEXT(2) 
PARAMETRIC_REPRESENTATION_CONTEXT() REPRESENTATION_CONTEXT('2D SPACE',''
  ) );
#4190 = PCURVE('',#4191,#4196);
#4191 = CYLINDRICAL_SURFACE('',#4192,22.);
#4192 = AXIS2_PLACEMENT_3D('',#4193,#4194,#4195);
#4193 = CARTESIAN_POINT('',(-150.,-63.,-19.));
#4194 = DIRECTION('',(1.,0.,-0.));
#4195 = DIRECTION('',(0.,-1.,0.));
#4196 = DEFINITIONAL_REPRESENTATION('',(#4197),#4201);
#4197 = LINE('',#4198,#4199);
#4198 = CARTESIAN_POINT('',(0.,0.));
#4199 = VECTOR('',#4200,1.);
#4200 = DIRECTION('',(0.,1.));
#4201 = ( GEOMETRIC_REPRESENTATION_CONTEXT(2) 
PARAMETRIC_REPRESENTATION_CONTEXT() REPRESENTATION_CONTEXT('2D SPACE',''
  ) );
#4202 = ADVANCED_FACE('',(#4203),#4165,.T.);
#4203 = FACE_BOUND('',#4204,.F.);
#4204 = EDGE_LOOP('',(#4205,#4228,#4255,#4256));
#4205 = ORIENTED_EDGE('',*,*,#4206,.F.);
#4206 = EDGE_CURVE('',#4207,#455,#4209,.T.);
#4207 = VERTEX_POINT('',#4208);
#4208 = CARTESIAN_POINT('',(150.,-63.,-19.));
#4209 = SURFACE_CURVE('',#4210,(#4214,#4221),.PCURVE_S1.);
#4210 = LINE('',#4211,#4212);
#4211 = CARTESIAN_POINT('',(150.,-63.,-41.));
#4212 = VECTOR('',#4213,1.);
#4213 = DIRECTION('',(0.,0.,1.));
#4214 = PCURVE('',#4165,#4215);
#4215 = DEFINITIONAL_REPRESENTATION('',(#4216),#4220);
#4216 = LINE('',#4217,#4218);
#4217 = CARTESIAN_POINT('',(-0.,0.));
#4218 = VECTOR('',#4219,1.);
#4219 = DIRECTION('',(-0.,1.));
#4220 = ( GEOMETRIC_REPRESENTATION_CONTEXT(2) 
PARAMETRIC_REPRESENTATION_CONTEXT() REPRESENTATION_CONTEXT('2D SPACE',''
  ) );
#4221 = PCURVE('',#331,#4222);
#4222 = DEFINITIONAL_REPRESENTATION('',(#4223),#4227);
#4223 = LINE('',#4224,#4225);
#4224 = CARTESIAN_POINT('',(0.,-22.));
#4225 = VECTOR('',#4226,1.);
#4226 = DIRECTION('',(1.,0.));
#4227 = ( GEOMETRIC_REPRESENTATION_CONTEXT(2) 
PARAMETRIC_REPRESENTATION_CONTEXT() REPRESENTATION_CONTEXT('2D SPACE',''
  ) );
#4228 = ORIENTED_EDGE('',*,*,#4229,.T.);
#4229 = EDGE_CURVE('',#4207,#4150,#4230,.T.);
#4230 = SURFACE_CURVE('',#4231,(#4236,#4243),.PCURVE_S1.);
#4231 = CIRCLE('',#4232,22.);
#4232 = AXIS2_PLACEMENT_3D('',#4233,#4234,#4235);
#4233 = CARTESIAN_POINT('',(128.,-63.,-19.));
#4234 = DIRECTION('',(0.,-0.,-1.));
#4235 = DIRECTION('',(1.,0.,-0.));
#4236 = PCURVE('',#4165,#4237);
#4237 = DEFINITIONAL_REPRESENTATION('',(#4238),#4242);
#4238 = LINE('',#4239,#4240);
#4239 = CARTESIAN_POINT('',(-0.,22.));
#4240 = VECTOR('',#4241,1.);
#4241 = DIRECTION('',(-1.,0.));
#4242 = ( GEOMETRIC_REPRESENTATION_CONTEXT(2) 
PARAMETRIC_REPRESENTATION_CONTEXT() REPRESENTATION_CONTEXT('2D SPACE',''
  ) );
#4243 = PCURVE('',#4244,#4249);
#4244 = SPHERICAL_SURFACE('',#4245,22.);
#4245 = AXIS2_PLACEMENT_3D('',#4246,#4247,#4248);
#4246 = CARTESIAN_POINT('',(128.,-63.,-19.));
#4247 = DIRECTION('',(0.,0.,1.));
#4248 = DIRECTION('',(1.,0.,-0.));
#4249 = DEFINITIONAL_REPRESENTATION('',(#4250),#4254);
#4250 = LINE('',#4251,#4252);
#4251 = CARTESIAN_POINT('',(-0.,0.));
#4252 = VECTOR('',#4253,1.);
#4253 = DIRECTION('',(-1.,0.));
#4254 = ( GEOMETRIC_REPRESENTATION_CONTEXT(2) 
PARAMETRIC_REPRESENTATION_CONTEXT() REPRESENTATION_CONTEXT('2D SPACE',''
  ) );
#4255 = ORIENTED_EDGE('',*,*,#4149,.T.);
#4256 = ORIENTED_EDGE('',*,*,#4257,.F.);
#4257 = EDGE_CURVE('',#455,#4075,#4258,.T.);
#4258 = SURFACE_CURVE('',#4259,(#4264,#4271),.PCURVE_S1.);
#4259 = CIRCLE('',#4260,22.);
#4260 = AXIS2_PLACEMENT_3D('',#4261,#4262,#4263);
#4261 = CARTESIAN_POINT('',(128.,-63.,19.));
#4262 = DIRECTION('',(0.,0.,-1.));
#4263 = DIRECTION('',(1.,0.,0.));
#4264 = PCURVE('',#4165,#4265);
#4265 = DEFINITIONAL_REPRESENTATION('',(#4266),#4270);
#4266 = LINE('',#4267,#4268);
#4267 = CARTESIAN_POINT('',(-0.,60.));
#4268 = VECTOR('',#4269,1.);
#4269 = DIRECTION('',(-1.,0.));
#4270 = ( GEOMETRIC_REPRESENTATION_CONTEXT(2) 
PARAMETRIC_REPRESENTATION_CONTEXT() REPRESENTATION_CONTEXT('2D SPACE',''
  ) );
#4271 = PCURVE('',#470,#4272);
#4272 = DEFINITIONAL_REPRESENTATION('',(#4273),#4277);
#4273 = LINE('',#4274,#4275);
#4274 = CARTESIAN_POINT('',(0.,0.));
#4275 = VECTOR('',#4276,1.);
#4276 = DIRECTION('',(1.,0.));
#4277 = ( GEOMETRIC_REPRESENTATION_CONTEXT(2) 
PARAMETRIC_REPRESENTATION_CONTEXT() REPRESENTATION_CONTEXT('2D SPACE',''
  ) );
#4278 = ADVANCED_FACE('',(#4279),#4244,.T.);
#4279 = FACE_BOUND('',#4280,.F.);
#4280 = EDGE_LOOP('',(#4281,#4308,#4328));
#4281 = ORIENTED_EDGE('',*,*,#4282,.F.);
#4282 = EDGE_CURVE('',#4283,#4207,#4285,.T.);
#4283 = VERTEX_POINT('',#4284);
#4284 = CARTESIAN_POINT('',(128.,-63.,-41.));
#4285 = SURFACE_CURVE('',#4286,(#4291,#4297),.PCURVE_S1.);
#4286 = CIRCLE('',#4287,22.);
#4287 = AXIS2_PLACEMENT_3D('',#4288,#4289,#4290);
#4288 = CARTESIAN_POINT('',(128.,-63.,-19.));
#4289 = DIRECTION('',(0.,-1.,0.));
#4290 = DIRECTION('',(1.,0.,0.));
#4291 = PCURVE('',#4244,#4292);
#4292 = DEFINITIONAL_REPRESENTATION('',(#4293),#4296);
#4293 = B_SPLINE_CURVE_WITH_KNOTS('',1,(#4294,#4295),.UNSPECIFIED.,.F.,
  .F.,(2,2),(4.712388980385,6.28318530718),.PIECEWISE_BEZIER_KNOTS.);
#4294 = CARTESIAN_POINT('',(0.,-1.570796326795));
#4295 = CARTESIAN_POINT('',(0.,0.));
#4296 = ( GEOMETRIC_REPRESENTATION_CONTEXT(2) 
PARAMETRIC_REPRESENTATION_CONTEXT() REPRESENTATION_CONTEXT('2D SPACE',''
  ) );
#4297 = PCURVE('',#4298,#4303);
#4298 = CYLINDRICAL_SURFACE('',#4299,22.);
#4299 = AXIS2_PLACEMENT_3D('',#4300,#4301,#4302);
#4300 = CARTESIAN_POINT('',(128.,-85.,-19.));
#4301 = DIRECTION('',(-0.,1.,0.));
#4302 = DIRECTION('',(1.,0.,-0.));
#4303 = DEFINITIONAL_REPRESENTATION('',(#4304),#4307);
#4304 = B_SPLINE_CURVE_WITH_KNOTS('',1,(#4305,#4306),.UNSPECIFIED.,.F.,
  .F.,(2,2),(4.712388980385,6.28318530718),.PIECEWISE_BEZIER_KNOTS.);
#4305 = CARTESIAN_POINT('',(1.570796326795,22.));
#4306 = CARTESIAN_POINT('',(0.,22.));
#4307 = ( GEOMETRIC_REPRESENTATION_CONTEXT(2) 
PARAMETRIC_REPRESENTATION_CONTEXT() REPRESENTATION_CONTEXT('2D SPACE',''
  ) );
#4308 = ORIENTED_EDGE('',*,*,#4309,.T.);
#4309 = EDGE_CURVE('',#4283,#4150,#4310,.T.);
#4310 = SURFACE_CURVE('',#4311,(#4316,#4322),.PCURVE_S1.);
#4311 = CIRCLE('',#4312,22.);
#4312 = AXIS2_PLACEMENT_3D('',#4313,#4314,#4315);
#4313 = CARTESIAN_POINT('',(128.,-63.,-19.));
#4314 = DIRECTION('',(-1.,-6.123233995737E-17,0.));
#4315 = DIRECTION('',(6.123233995737E-17,-1.,-0.));
#4316 = PCURVE('',#4244,#4317);
#4317 = DEFINITIONAL_REPRESENTATION('',(#4318),#4321);
#4318 = B_SPLINE_CURVE_WITH_KNOTS('',1,(#4319,#4320),.UNSPECIFIED.,.F.,
  .F.,(2,2),(4.712388980385,6.28318530718),.PIECEWISE_BEZIER_KNOTS.);
#4319 = CARTESIAN_POINT('',(-1.570796326795,-1.570796326795));
#4320 = CARTESIAN_POINT('',(-1.570796326795,0.));
#4321 = ( GEOMETRIC_REPRESENTATION_CONTEXT(2) 
PARAMETRIC_REPRESENTATION_CONTEXT() REPRESENTATION_CONTEXT('2D SPACE',''
  ) );
#4322 = PCURVE('',#4191,#4323);
#4323 = DEFINITIONAL_REPRESENTATION('',(#4324),#4327);
#4324 = B_SPLINE_CURVE_WITH_KNOTS('',1,(#4325,#4326),.UNSPECIFIED.,.F.,
  .F.,(2,2),(4.712388980385,6.28318530718),.PIECEWISE_BEZIER_KNOTS.);
#4325 = CARTESIAN_POINT('',(1.570796326795,278.));
#4326 = CARTESIAN_POINT('',(0.,278.));
#4327 = ( GEOMETRIC_REPRESENTATION_CONTEXT(2) 
PARAMETRIC_REPRESENTATION_CONTEXT() REPRESENTATION_CONTEXT('2D SPACE',''
  ) );
#4328 = ORIENTED_EDGE('',*,*,#4229,.F.);
#4329 = ADVANCED_FACE('',(#4330),#4298,.T.);
#4330 = FACE_BOUND('',#4331,.T.);
#4331 = EDGE_LOOP('',(#4332,#4333,#4361,#4381));
#4332 = ORIENTED_EDGE('',*,*,#4282,.F.);
#4333 = ORIENTED_EDGE('',*,*,#4334,.T.);
#4334 = EDGE_CURVE('',#4283,#4335,#4337,.T.);
#4335 = VERTEX_POINT('',#4336);
#4336 = CARTESIAN_POINT('',(128.,63.,-41.));
#4337 = SURFACE_CURVE('',#4338,(#4342,#4349),.PCURVE_S1.);
#4338 = LINE('',#4339,#4340);
#4339 = CARTESIAN_POINT('',(128.,-85.,-41.));
#4340 = VECTOR('',#4341,1.);
#4341 = DIRECTION('',(-0.,1.,0.));
#4342 = PCURVE('',#4298,#4343);
#4343 = DEFINITIONAL_REPRESENTATION('',(#4344),#4348);
#4344 = LINE('',#4345,#4346);
#4345 = CARTESIAN_POINT('',(1.570796326795,0.));
#4346 = VECTOR('',#4347,1.);
#4347 = DIRECTION('',(0.,1.));
#4348 = ( GEOMETRIC_REPRESENTATION_CONTEXT(2) 
PARAMETRIC_REPRESENTATION_CONTEXT() REPRESENTATION_CONTEXT('2D SPACE',''
  ) );
#4349 = PCURVE('',#4350,#4355);
#4350 = PLANE('',#4351);
#4351 = AXIS2_PLACEMENT_3D('',#4352,#4353,#4354);
#4352 = CARTESIAN_POINT('',(-150.,-85.,-41.));
#4353 = DIRECTION('',(0.,0.,1.));
#4354 = DIRECTION('',(1.,0.,-0.));
#4355 = DEFINITIONAL_REPRESENTATION('',(#4356),#4360);
#4356 = LINE('',#4357,#4358);
#4357 = CARTESIAN_POINT('',(278.,0.));
#4358 = VECTOR('',#4359,1.);
#4359 = DIRECTION('',(0.,1.));
#4360 = ( GEOMETRIC_REPRESENTATION_CONTEXT(2) 
PARAMETRIC_REPRESENTATION_CONTEXT() REPRESENTATION_CONTEXT('2D SPACE',''
  ) );
#4361 = ORIENTED_EDGE('',*,*,#4362,.T.);
#4362 = EDGE_CURVE('',#4335,#314,#4363,.T.);
#4363 = SURFACE_CURVE('',#4364,(#4369,#4375),.PCURVE_S1.);
#4364 = CIRCLE('',#4365,22.);
#4365 = AXIS2_PLACEMENT_3D('',#4366,#4367,#4368);
#4366 = CARTESIAN_POINT('',(128.,63.,-19.));
#4367 = DIRECTION('',(0.,-1.,0.));
#4368 = DIRECTION('',(1.,0.,0.));
#4369 = PCURVE('',#4298,#4370);
#4370 = DEFINITIONAL_REPRESENTATION('',(#4371),#4374);
#4371 = B_SPLINE_CURVE_WITH_KNOTS('',1,(#4372,#4373),.UNSPECIFIED.,.F.,
  .F.,(2,2),(4.712388980385,6.28318530718),.PIECEWISE_BEZIER_KNOTS.);
#4372 = CARTESIAN_POINT('',(1.570796326795,148.));
#4373 = CARTESIAN_POINT('',(0.,148.));
#4374 = ( GEOMETRIC_REPRESENTATION_CONTEXT(2) 
PARAMETRIC_REPRESENTATION_CONTEXT() REPRESENTATION_CONTEXT('2D SPACE',''
  ) );
#4375 = PCURVE('',#358,#4376);
#4376 = DEFINITIONAL_REPRESENTATION('',(#4377),#4380);
#4377 = B_SPLINE_CURVE_WITH_KNOTS('',1,(#4378,#4379),.UNSPECIFIED.,.F.,
  .F.,(2,2),(4.712388980385,6.28318530718),.PIECEWISE_BEZIER_KNOTS.);
#4378 = CARTESIAN_POINT('',(0.,-1.570796326795));
#4379 = CARTESIAN_POINT('',(0.,0.));
#4380 = ( GEOMETRIC_REPRESENTATION_CONTEXT(2) 
PARAMETRIC_REPRESENTATION_CONTEXT() REPRESENTATION_CONTEXT('2D SPACE',''
  ) );
#4381 = ORIENTED_EDGE('',*,*,#4382,.F.);
#4382 = EDGE_CURVE('',#4207,#314,#4383,.T.);
#4383 = SURFACE_CURVE('',#4384,(#4388,#4395),.PCURVE_S1.);
#4384 = LINE('',#4385,#4386);
#4385 = CARTESIAN_POINT('',(150.,-85.,-19.));
#4386 = VECTOR('',#4387,1.);
#4387 = DIRECTION('',(-0.,1.,0.));
#4388 = PCURVE('',#4298,#4389);
#4389 = DEFINITIONAL_REPRESENTATION('',(#4390),#4394);
#4390 = LINE('',#4391,#4392);
#4391 = CARTESIAN_POINT('',(0.,0.));
#4392 = VECTOR('',#4393,1.);
#4393 = DIRECTION('',(0.,1.));
#4394 = ( GEOMETRIC_REPRESENTATION_CONTEXT(2) 
PARAMETRIC_REPRESENTATION_CONTEXT() REPRESENTATION_CONTEXT('2D SPACE',''
  ) );
#4395 = PCURVE('',#331,#4396);
#4396 = DEFINITIONAL_REPRESENTATION('',(#4397),#4401);
#4397 = LINE('',#4398,#4399);
#4398 = CARTESIAN_POINT('',(22.,0.));
#4399 = VECTOR('',#4400,1.);
#4400 = DIRECTION('',(0.,-1.));
#4401 = ( GEOMETRIC_REPRESENTATION_CONTEXT(2) 
PARAMETRIC_REPRESENTATION_CONTEXT() REPRESENTATION_CONTEXT('2D SPACE',''
  ) );
#4402 = ADVANCED_FACE('',(#4403,#4473,#4504),#4350,.F.);
#4403 = FACE_BOUND('',#4404,.F.);
#4404 = EDGE_LOOP('',(#4405,#4430,#4451,#4452));
#4405 = ORIENTED_EDGE('',*,*,#4406,.F.);
#4406 = EDGE_CURVE('',#4407,#4409,#4411,.T.);
#4407 = VERTEX_POINT('',#4408);
#4408 = CARTESIAN_POINT('',(-128.,-63.,-41.));
#4409 = VERTEX_POINT('',#4410);
#4410 = CARTESIAN_POINT('',(-128.,63.,-41.));
#4411 = SURFACE_CURVE('',#4412,(#4416,#4423),.PCURVE_S1.);
#4412 = LINE('',#4413,#4414);
#4413 = CARTESIAN_POINT('',(-128.,-85.,-41.));
#4414 = VECTOR('',#4415,1.);
#4415 = DIRECTION('',(-0.,1.,0.));
#4416 = PCURVE('',#4350,#4417);
#4417 = DEFINITIONAL_REPRESENTATION('',(#4418),#4422);
#4418 = LINE('',#4419,#4420);
#4419 = CARTESIAN_POINT('',(22.,0.));
#4420 = VECTOR('',#4421,1.);
#4421 = DIRECTION('',(0.,1.));
#4422 = ( GEOMETRIC_REPRESENTATION_CONTEXT(2) 
PARAMETRIC_REPRESENTATION_CONTEXT() REPRESENTATION_CONTEXT('2D SPACE',''
  ) );
#4423 = PCURVE('',#72,#4424);
#4424 = DEFINITIONAL_REPRESENTATION('',(#4425),#4429);
#4425 = LINE('',#4426,#4427);
#4426 = CARTESIAN_POINT('',(-1.570796326795,0.));
#4427 = VECTOR('',#4428,1.);
#4428 = DIRECTION('',(-0.,1.));
#4429 = ( GEOMETRIC_REPRESENTATION_CONTEXT(2) 
PARAMETRIC_REPRESENTATION_CONTEXT() REPRESENTATION_CONTEXT('2D SPACE',''
  ) );
#4430 = ORIENTED_EDGE('',*,*,#4431,.T.);
#4431 = EDGE_CURVE('',#4407,#4283,#4432,.T.);
#4432 = SURFACE_CURVE('',#4433,(#4437,#4444),.PCURVE_S1.);
#4433 = LINE('',#4434,#4435);
#4434 = CARTESIAN_POINT('',(-150.,-63.,-41.));
#4435 = VECTOR('',#4436,1.);
#4436 = DIRECTION('',(1.,0.,-0.));
#4437 = PCURVE('',#4350,#4438);
#4438 = DEFINITIONAL_REPRESENTATION('',(#4439),#4443);
#4439 = LINE('',#4440,#4441);
#4440 = CARTESIAN_POINT('',(0.,22.));
#4441 = VECTOR('',#4442,1.);
#4442 = DIRECTION('',(1.,0.));
#4443 = ( GEOMETRIC_REPRESENTATION_CONTEXT(2) 
PARAMETRIC_REPRESENTATION_CONTEXT() REPRESENTATION_CONTEXT('2D SPACE',''
  ) );
#4444 = PCURVE('',#4191,#4445);
#4445 = DEFINITIONAL_REPRESENTATION('',(#4446),#4450);
#4446 = LINE('',#4447,#4448);
#4447 = CARTESIAN_POINT('',(1.570796326795,0.));
#4448 = VECTOR('',#4449,1.);
#4449 = DIRECTION('',(0.,1.));
#4450 = ( GEOMETRIC_REPRESENTATION_CONTEXT(2) 
PARAMETRIC_REPRESENTATION_CONTEXT() REPRESENTATION_CONTEXT('2D SPACE',''
  ) );
#4451 = ORIENTED_EDGE('',*,*,#4334,.T.);
#4452 = ORIENTED_EDGE('',*,*,#4453,.F.);
#4453 = EDGE_CURVE('',#4409,#4335,#4454,.T.);
#4454 = SURFACE_CURVE('',#4455,(#4459,#4466),.PCURVE_S1.);
#4455 = LINE('',#4456,#4457);
#4456 = CARTESIAN_POINT('',(-150.,63.,-41.));
#4457 = VECTOR('',#4458,1.);
#4458 = DIRECTION('',(1.,0.,-0.));
#4459 = PCURVE('',#4350,#4460);
#4460 = DEFINITIONAL_REPRESENTATION('',(#4461),#4465);
#4461 = LINE('',#4462,#4463);
#4462 = CARTESIAN_POINT('',(0.,148.));
#4463 = VECTOR('',#4464,1.);
#4464 = DIRECTION('',(1.,0.));
#4465 = ( GEOMETRIC_REPRESENTATION_CONTEXT(2) 
PARAMETRIC_REPRESENTATION_CONTEXT() REPRESENTATION_CONTEXT('2D SPACE',''
  ) );
#4466 = PCURVE('',#298,#4467);
#4467 = DEFINITIONAL_REPRESENTATION('',(#4468),#4472);
#4468 = LINE('',#4469,#4470);
#4469 = CARTESIAN_POINT('',(-1.570796326795,0.));
#4470 = VECTOR('',#4471,1.);
#4471 = DIRECTION('',(-0.,1.));
#4472 = ( GEOMETRIC_REPRESENTATION_CONTEXT(2) 
PARAMETRIC_REPRESENTATION_CONTEXT() REPRESENTATION_CONTEXT('2D SPACE',''
  ) );
#4473 = FACE_BOUND('',#4474,.F.);
#4474 = EDGE_LOOP('',(#4475));
#4475 = ORIENTED_EDGE('',*,*,#4476,.F.);
#4476 = EDGE_CURVE('',#4477,#4477,#4479,.T.);
#4477 = VERTEX_POINT('',#4478);
#4478 = CARTESIAN_POINT('',(-25.0100010002,-1.22440184529E-14,-41.));
#4479 = SURFACE_CURVE('',#4480,(#4485,#4492),.PCURVE_S1.);
#4480 = CIRCLE('',#4481,49.9899989998);
#4481 = AXIS2_PLACEMENT_3D('',#4482,#4483,#4484);
#4482 = CARTESIAN_POINT('',(-75.,0.,-41.));
#4483 = DIRECTION('',(0.,0.,1.));
#4484 = DIRECTION('',(1.,0.,-0.));
#4485 = PCURVE('',#4350,#4486);
#4486 = DEFINITIONAL_REPRESENTATION('',(#4487),#4491);
#4487 = CIRCLE('',#4488,49.9899989998);
#4488 = AXIS2_PLACEMENT_2D('',#4489,#4490);
#4489 = CARTESIAN_POINT('',(75.,85.));
#4490 = DIRECTION('',(1.,0.));
#4491 = ( GEOMETRIC_REPRESENTATION_CONTEXT(2) 
PARAMETRIC_REPRESENTATION_CONTEXT() REPRESENTATION_CONTEXT('2D SPACE',''
  ) );
#4492 = PCURVE('',#4493,#4498);
#4493 = SPHERICAL_SURFACE('',#4494,70.);
#4494 = AXIS2_PLACEMENT_3D('',#4495,#4496,#4497);
#4495 = CARTESIAN_POINT('',(-75.,0.,8.));
#4496 = DIRECTION('',(0.,0.,1.));
#4497 = DIRECTION('',(1.,0.,-0.));
#4498 = DEFINITIONAL_REPRESENTATION('',(#4499),#4503);
#4499 = LINE('',#4500,#4501);
#4500 = CARTESIAN_POINT('',(0.,-0.775397496611));
#4501 = VECTOR('',#4502,1.);
#4502 = DIRECTION('',(1.,0.));
#4503 = ( GEOMETRIC_REPRESENTATION_CONTEXT(2) 
PARAMETRIC_REPRESENTATION_CONTEXT() REPRESENTATION_CONTEXT('2D SPACE',''
  ) );
#4504 = FACE_BOUND('',#4505,.F.);
#4505 = EDGE_LOOP('',(#4506));
#4506 = ORIENTED_EDGE('',*,*,#4507,.F.);
#4507 = EDGE_CURVE('',#4508,#4508,#4510,.T.);
#4508 = VERTEX_POINT('',#4509);
#4509 = CARTESIAN_POINT('',(119.98683982644,-9.304092360636E-15,-41.));
#4510 = SURFACE_CURVE('',#4511,(#4516,#4523),.PCURVE_S1.);
#4511 = CIRCLE('',#4512,37.986839826445);
#4512 = AXIS2_PLACEMENT_3D('',#4513,#4514,#4515);
#4513 = CARTESIAN_POINT('',(82.,0.,-41.));
#4514 = DIRECTION('',(0.,0.,1.));
#4515 = DIRECTION('',(1.,0.,-0.));
#4516 = PCURVE('',#4350,#4517);
#4517 = DEFINITIONAL_REPRESENTATION('',(#4518),#4522);
#4518 = CIRCLE('',#4519,37.986839826445);
#4519 = AXIS2_PLACEMENT_2D('',#4520,#4521);
#4520 = CARTESIAN_POINT('',(232.,85.));
#4521 = DIRECTION('',(1.,0.));
#4522 = ( GEOMETRIC_REPRESENTATION_CONTEXT(2) 
PARAMETRIC_REPRESENTATION_CONTEXT() REPRESENTATION_CONTEXT('2D SPACE',''
  ) );
#4523 = PCURVE('',#4524,#4529);
#4524 = SPHERICAL_SURFACE('',#4525,62.);
#4525 = AXIS2_PLACEMENT_3D('',#4526,#4527,#4528);
#4526 = CARTESIAN_POINT('',(82.,0.,8.));
#4527 = DIRECTION('',(0.,0.,1.));
#4528 = DIRECTION('',(1.,0.,-0.));
#4529 = DEFINITIONAL_REPRESENTATION('',(#4530),#4534);
#4530 = LINE('',#4531,#4532);
#4531 = CARTESIAN_POINT('',(0.,-0.911335316896));
#4532 = VECTOR('',#4533,1.);
#4533 = DIRECTION('',(1.,0.));
#4534 = ( GEOMETRIC_REPRESENTATION_CONTEXT(2) 
PARAMETRIC_REPRESENTATION_CONTEXT() REPRESENTATION_CONTEXT('2D SPACE',''
  ) );
#4535 = ADVANCED_FACE('',(#4536),#4524,.T.);
#4536 = FACE_BOUND('',#4537,.T.);
#4537 = EDGE_LOOP('',(#4538,#4539,#4563));
#4538 = ORIENTED_EDGE('',*,*,#4507,.F.);
#4539 = ORIENTED_EDGE('',*,*,#4540,.F.);
#4540 = EDGE_CURVE('',#4541,#4508,#4543,.T.);
#4541 = VERTEX_POINT('',#4542);
#4542 = CARTESIAN_POINT('',(82.,-9.298510652504E-31,-54.));
#4543 = SEAM_CURVE('',#4544,(#4549,#4556),.PCURVE_S1.);
#4544 = CIRCLE('',#4545,62.);
#4545 = AXIS2_PLACEMENT_3D('',#4546,#4547,#4548);
#4546 = CARTESIAN_POINT('',(82.,0.,8.));
#4547 = DIRECTION('',(-2.449293598295E-16,-1.,0.));
#4548 = DIRECTION('',(1.,-2.449293598295E-16,0.));
#4549 = PCURVE('',#4524,#4550);
#4550 = DEFINITIONAL_REPRESENTATION('',(#4551),#4555);
#4551 = LINE('',#4552,#4553);
#4552 = CARTESIAN_POINT('',(6.28318530718,-6.28318530718));
#4553 = VECTOR('',#4554,1.);
#4554 = DIRECTION('',(0.,1.));
#4555 = ( GEOMETRIC_REPRESENTATION_CONTEXT(2) 
PARAMETRIC_REPRESENTATION_CONTEXT() REPRESENTATION_CONTEXT('2D SPACE',''
  ) );
#4556 = PCURVE('',#4524,#4557);
#4557 = DEFINITIONAL_REPRESENTATION('',(#4558),#4562);
#4558 = LINE('',#4559,#4560);
#4559 = CARTESIAN_POINT('',(0.,-6.28318530718));
#4560 = VECTOR('',#4561,1.);
#4561 = DIRECTION('',(0.,1.));
#4562 = ( GEOMETRIC_REPRESENTATION_CONTEXT(2) 
PARAMETRIC_REPRESENTATION_CONTEXT() REPRESENTATION_CONTEXT('2D SPACE',''
  ) );
#4563 = ORIENTED_EDGE('',*,*,#4540,.T.);
#4564 = ADVANCED_FACE('',(#4565),#4493,.T.);
#4565 = FACE_BOUND('',#4566,.T.);
#4566 = EDGE_LOOP('',(#4567,#4568,#4592));
#4567 = ORIENTED_EDGE('',*,*,#4476,.F.);
#4568 = ORIENTED_EDGE('',*,*,#4569,.F.);
#4569 = EDGE_CURVE('',#4570,#4477,#4572,.T.);
#4570 = VERTEX_POINT('',#4571);
#4571 = CARTESIAN_POINT('',(-75.,-1.049831847863E-30,-62.));
#4572 = SEAM_CURVE('',#4573,(#4578,#4585),.PCURVE_S1.);
#4573 = CIRCLE('',#4574,70.);
#4574 = AXIS2_PLACEMENT_3D('',#4575,#4576,#4577);
#4575 = CARTESIAN_POINT('',(-75.,0.,8.));
#4576 = DIRECTION('',(-2.449293598295E-16,-1.,0.));
#4577 = DIRECTION('',(1.,-2.449293598295E-16,0.));
#4578 = PCURVE('',#4493,#4579);
#4579 = DEFINITIONAL_REPRESENTATION('',(#4580),#4584);
#4580 = LINE('',#4581,#4582);
#4581 = CARTESIAN_POINT('',(6.28318530718,-6.28318530718));
#4582 = VECTOR('',#4583,1.);
#4583 = DIRECTION('',(0.,1.));
#4584 = ( GEOMETRIC_REPRESENTATION_CONTEXT(2) 
PARAMETRIC_REPRESENTATION_CONTEXT() REPRESENTATION_CONTEXT('2D SPACE',''
  ) );
#4585 = PCURVE('',#4493,#4586);
#4586 = DEFINITIONAL_REPRESENTATION('',(#4587),#4591);
#4587 = LINE('',#4588,#4589);
#4588 = CARTESIAN_POINT('',(0.,-6.28318530718));
#4589 = VECTOR('',#4590,1.);
#4590 = DIRECTION('',(0.,1.));
#4591 = ( GEOMETRIC_REPRESENTATION_CONTEXT(2) 
PARAMETRIC_REPRESENTATION_CONTEXT() REPRESENTATION_CONTEXT('2D SPACE',''
  ) );
#4592 = ORIENTED_EDGE('',*,*,#4569,.T.);
#4593 = ADVANCED_FACE('',(#4594),#4191,.T.);
#4594 = FACE_BOUND('',#4595,.T.);
#4595 = EDGE_LOOP('',(#4596,#4621,#4622,#4623));
#4596 = ORIENTED_EDGE('',*,*,#4597,.F.);
#4597 = EDGE_CURVE('',#4407,#4126,#4598,.T.);
#4598 = SURFACE_CURVE('',#4599,(#4604,#4610),.PCURVE_S1.);
#4599 = CIRCLE('',#4600,22.);
#4600 = AXIS2_PLACEMENT_3D('',#4601,#4602,#4603);
#4601 = CARTESIAN_POINT('',(-128.,-63.,-19.));
#4602 = DIRECTION('',(-1.,6.123233995737E-17,0.));
#4603 = DIRECTION('',(-6.123233995737E-17,-1.,0.));
#4604 = PCURVE('',#4191,#4605);
#4605 = DEFINITIONAL_REPRESENTATION('',(#4606),#4609);
#4606 = B_SPLINE_CURVE_WITH_KNOTS('',1,(#4607,#4608),.UNSPECIFIED.,.F.,
  .F.,(2,2),(4.712388980385,6.28318530718),.PIECEWISE_BEZIER_KNOTS.);
#4607 = CARTESIAN_POINT('',(1.570796326795,22.));
#4608 = CARTESIAN_POINT('',(0.,22.));
#4609 = ( GEOMETRIC_REPRESENTATION_CONTEXT(2) 
PARAMETRIC_REPRESENTATION_CONTEXT() REPRESENTATION_CONTEXT('2D SPACE',''
  ) );
#4610 = PCURVE('',#4611,#4616);
#4611 = SPHERICAL_SURFACE('',#4612,22.);
#4612 = AXIS2_PLACEMENT_3D('',#4613,#4614,#4615);
#4613 = CARTESIAN_POINT('',(-128.,-63.,-19.));
#4614 = DIRECTION('',(0.,0.,1.));
#4615 = DIRECTION('',(-1.,0.,0.));
#4616 = DEFINITIONAL_REPRESENTATION('',(#4617),#4620);
#4617 = B_SPLINE_CURVE_WITH_KNOTS('',1,(#4618,#4619),.UNSPECIFIED.,.F.,
  .F.,(2,2),(4.712388980385,6.28318530718),.PIECEWISE_BEZIER_KNOTS.);
#4618 = CARTESIAN_POINT('',(1.570796326795,-1.570796326795));
#4619 = CARTESIAN_POINT('',(1.570796326795,0.));
#4620 = ( GEOMETRIC_REPRESENTATION_CONTEXT(2) 
PARAMETRIC_REPRESENTATION_CONTEXT() REPRESENTATION_CONTEXT('2D SPACE',''
  ) );
#4621 = ORIENTED_EDGE('',*,*,#4431,.T.);
#4622 = ORIENTED_EDGE('',*,*,#4309,.T.);
#4623 = ORIENTED_EDGE('',*,*,#4177,.F.);
#4624 = ADVANCED_FACE('',(#4625),#4611,.T.);
#4625 = FACE_BOUND('',#4626,.T.);
#4626 = EDGE_LOOP('',(#4627,#4647,#4648));
#4627 = ORIENTED_EDGE('',*,*,#4628,.F.);
#4628 = EDGE_CURVE('',#4407,#22,#4629,.T.);
#4629 = SURFACE_CURVE('',#4630,(#4635,#4641),.PCURVE_S1.);
#4630 = CIRCLE('',#4631,22.);
#4631 = AXIS2_PLACEMENT_3D('',#4632,#4633,#4634);
#4632 = CARTESIAN_POINT('',(-128.,-63.,-19.));
#4633 = DIRECTION('',(0.,1.,-0.));
#4634 = DIRECTION('',(-1.,0.,0.));
#4635 = PCURVE('',#4611,#4636);
#4636 = DEFINITIONAL_REPRESENTATION('',(#4637),#4640);
#4637 = B_SPLINE_CURVE_WITH_KNOTS('',1,(#4638,#4639),.UNSPECIFIED.,.F.,
  .F.,(2,2),(4.712388980385,6.28318530718),.PIECEWISE_BEZIER_KNOTS.);
#4638 = CARTESIAN_POINT('',(0.,-1.570796326795));
#4639 = CARTESIAN_POINT('',(0.,0.));
#4640 = ( GEOMETRIC_REPRESENTATION_CONTEXT(2) 
PARAMETRIC_REPRESENTATION_CONTEXT() REPRESENTATION_CONTEXT('2D SPACE',''
  ) );
#4641 = PCURVE('',#72,#4642);
#4642 = DEFINITIONAL_REPRESENTATION('',(#4643),#4646);
#4643 = B_SPLINE_CURVE_WITH_KNOTS('',1,(#4644,#4645),.UNSPECIFIED.,.F.,
  .F.,(2,2),(4.712388980385,6.28318530718),.PIECEWISE_BEZIER_KNOTS.);
#4644 = CARTESIAN_POINT('',(-1.570796326795,22.));
#4645 = CARTESIAN_POINT('',(0.,22.));
#4646 = ( GEOMETRIC_REPRESENTATION_CONTEXT(2) 
PARAMETRIC_REPRESENTATION_CONTEXT() REPRESENTATION_CONTEXT('2D SPACE',''
  ) );
#4647 = ORIENTED_EDGE('',*,*,#4597,.T.);
#4648 = ORIENTED_EDGE('',*,*,#4649,.F.);
#4649 = EDGE_CURVE('',#22,#4126,#4650,.T.);
#4650 = SURFACE_CURVE('',#4651,(#4656,#4663),.PCURVE_S1.);
#4651 = CIRCLE('',#4652,22.);
#4652 = AXIS2_PLACEMENT_3D('',#4653,#4654,#4655);
#4653 = CARTESIAN_POINT('',(-128.,-63.,-19.));
#4654 = DIRECTION('',(0.,0.,1.));
#4655 = DIRECTION('',(-1.,0.,0.));
#4656 = PCURVE('',#4611,#4657);
#4657 = DEFINITIONAL_REPRESENTATION('',(#4658),#4662);
#4658 = LINE('',#4659,#4660);
#4659 = CARTESIAN_POINT('',(0.,0.));
#4660 = VECTOR('',#4661,1.);
#4661 = DIRECTION('',(1.,0.));
#4662 = ( GEOMETRIC_REPRESENTATION_CONTEXT(2) 
PARAMETRIC_REPRESENTATION_CONTEXT() REPRESENTATION_CONTEXT('2D SPACE',''
  ) );
#4663 = PCURVE('',#44,#4664);
#4664 = DEFINITIONAL_REPRESENTATION('',(#4665),#4669);
#4665 = LINE('',#4666,#4667);
#4666 = CARTESIAN_POINT('',(0.,22.));
#4667 = VECTOR('',#4668,1.);
#4668 = DIRECTION('',(1.,0.));
#4669 = ( GEOMETRIC_REPRESENTATION_CONTEXT(2) 
PARAMETRIC_REPRESENTATION_CONTEXT() REPRESENTATION_CONTEXT('2D SPACE',''
  ) );
#4670 = ADVANCED_FACE('',(#4671),#4062,.T.);
#4671 = FACE_BOUND('',#4672,.F.);
#4672 = EDGE_LOOP('',(#4673,#4693,#4694));
#4673 = ORIENTED_EDGE('',*,*,#4674,.F.);
#4674 = EDGE_CURVE('',#3991,#24,#4675,.T.);
#4675 = SURFACE_CURVE('',#4676,(#4681,#4687),.PCURVE_S1.);
#4676 = CIRCLE('',#4677,22.);
#4677 = AXIS2_PLACEMENT_3D('',#4678,#4679,#4680);
#4678 = CARTESIAN_POINT('',(-128.,-63.,19.));
#4679 = DIRECTION('',(0.,-1.,0.));
#4680 = DIRECTION('',(-1.,0.,0.));
#4681 = PCURVE('',#4062,#4682);
#4682 = DEFINITIONAL_REPRESENTATION('',(#4683),#4686);
#4683 = B_SPLINE_CURVE_WITH_KNOTS('',1,(#4684,#4685),.UNSPECIFIED.,.F.,
  .F.,(2,2),(4.712388980385,6.28318530718),.PIECEWISE_BEZIER_KNOTS.);
#4684 = CARTESIAN_POINT('',(0.,-1.570796326795));
#4685 = CARTESIAN_POINT('',(0.,0.));
#4686 = ( GEOMETRIC_REPRESENTATION_CONTEXT(2) 
PARAMETRIC_REPRESENTATION_CONTEXT() REPRESENTATION_CONTEXT('2D SPACE',''
  ) );
#4687 = PCURVE('',#126,#4688);
#4688 = DEFINITIONAL_REPRESENTATION('',(#4689),#4692);
#4689 = B_SPLINE_CURVE_WITH_KNOTS('',1,(#4690,#4691),.UNSPECIFIED.,.F.,
  .F.,(2,2),(4.712388980385,6.28318530718),.PIECEWISE_BEZIER_KNOTS.);
#4690 = CARTESIAN_POINT('',(1.570796326795,22.));
#4691 = CARTESIAN_POINT('',(0.,22.));
#4692 = ( GEOMETRIC_REPRESENTATION_CONTEXT(2) 
PARAMETRIC_REPRESENTATION_CONTEXT() REPRESENTATION_CONTEXT('2D SPACE',''
  ) );
#4693 = ORIENTED_EDGE('',*,*,#4046,.T.);
#4694 = ORIENTED_EDGE('',*,*,#4695,.F.);
#4695 = EDGE_CURVE('',#24,#4047,#4696,.T.);
#4696 = SURFACE_CURVE('',#4697,(#4702,#4709),.PCURVE_S1.);
#4697 = CIRCLE('',#4698,22.);
#4698 = AXIS2_PLACEMENT_3D('',#4699,#4700,#4701);
#4699 = CARTESIAN_POINT('',(-128.,-63.,19.));
#4700 = DIRECTION('',(0.,0.,1.));
#4701 = DIRECTION('',(-1.,0.,0.));
#4702 = PCURVE('',#4062,#4703);
#4703 = DEFINITIONAL_REPRESENTATION('',(#4704),#4708);
#4704 = LINE('',#4705,#4706);
#4705 = CARTESIAN_POINT('',(-0.,0.));
#4706 = VECTOR('',#4707,1.);
#4707 = DIRECTION('',(-1.,0.));
#4708 = ( GEOMETRIC_REPRESENTATION_CONTEXT(2) 
PARAMETRIC_REPRESENTATION_CONTEXT() REPRESENTATION_CONTEXT('2D SPACE',''
  ) );
#4709 = PCURVE('',#44,#4710);
#4710 = DEFINITIONAL_REPRESENTATION('',(#4711),#4715);
#4711 = LINE('',#4712,#4713);
#4712 = CARTESIAN_POINT('',(0.,60.));
#4713 = VECTOR('',#4714,1.);
#4714 = DIRECTION('',(1.,0.));
#4715 = ( GEOMETRIC_REPRESENTATION_CONTEXT(2) 
PARAMETRIC_REPRESENTATION_CONTEXT() REPRESENTATION_CONTEXT('2D SPACE',''
  ) );
#4716 = ADVANCED_FACE('',(#4717),#470,.T.);
#4717 = FACE_BOUND('',#4718,.T.);
#4718 = EDGE_LOOP('',(#4719,#4720,#4721));
#4719 = ORIENTED_EDGE('',*,*,#452,.F.);
#4720 = ORIENTED_EDGE('',*,*,#4074,.T.);
#4721 = ORIENTED_EDGE('',*,*,#4257,.F.);
#4722 = ADVANCED_FACE('',(#4723),#358,.T.);
#4723 = FACE_BOUND('',#4724,.T.);
#4724 = EDGE_LOOP('',(#4725,#4726,#4746));
#4725 = ORIENTED_EDGE('',*,*,#4362,.F.);
#4726 = ORIENTED_EDGE('',*,*,#4727,.T.);
#4727 = EDGE_CURVE('',#4335,#257,#4728,.T.);
#4728 = SURFACE_CURVE('',#4729,(#4734,#4740),.PCURVE_S1.);
#4729 = CIRCLE('',#4730,22.);
#4730 = AXIS2_PLACEMENT_3D('',#4731,#4732,#4733);
#4731 = CARTESIAN_POINT('',(128.,63.,-19.));
#4732 = DIRECTION('',(1.,-6.123233995737E-17,0.));
#4733 = DIRECTION('',(6.123233995737E-17,1.,0.));
#4734 = PCURVE('',#358,#4735);
#4735 = DEFINITIONAL_REPRESENTATION('',(#4736),#4739);
#4736 = B_SPLINE_CURVE_WITH_KNOTS('',1,(#4737,#4738),.UNSPECIFIED.,.F.,
  .F.,(2,2),(4.712388980385,6.28318530718),.PIECEWISE_BEZIER_KNOTS.);
#4737 = CARTESIAN_POINT('',(1.570796326795,-1.570796326795));
#4738 = CARTESIAN_POINT('',(1.570796326795,0.));
#4739 = ( GEOMETRIC_REPRESENTATION_CONTEXT(2) 
PARAMETRIC_REPRESENTATION_CONTEXT() REPRESENTATION_CONTEXT('2D SPACE',''
  ) );
#4740 = PCURVE('',#298,#4741);
#4741 = DEFINITIONAL_REPRESENTATION('',(#4742),#4745);
#4742 = B_SPLINE_CURVE_WITH_KNOTS('',1,(#4743,#4744),.UNSPECIFIED.,.F.,
  .F.,(2,2),(4.712388980385,6.28318530718),.PIECEWISE_BEZIER_KNOTS.);
#4743 = CARTESIAN_POINT('',(-1.570796326795,278.));
#4744 = CARTESIAN_POINT('',(0.,278.));
#4745 = ( GEOMETRIC_REPRESENTATION_CONTEXT(2) 
PARAMETRIC_REPRESENTATION_CONTEXT() REPRESENTATION_CONTEXT('2D SPACE',''
  ) );
#4746 = ORIENTED_EDGE('',*,*,#343,.F.);
#4747 = ADVANCED_FACE('',(#4748),#331,.T.);
#4748 = FACE_BOUND('',#4749,.T.);
#4749 = EDGE_LOOP('',(#4750,#4751,#4752,#4753));
#4750 = ORIENTED_EDGE('',*,*,#4206,.F.);
#4751 = ORIENTED_EDGE('',*,*,#4382,.T.);
#4752 = ORIENTED_EDGE('',*,*,#313,.T.);
#4753 = ORIENTED_EDGE('',*,*,#853,.F.);
#4754 = ADVANCED_FACE('',(#4755),#244,.T.);
#4755 = FACE_BOUND('',#4756,.T.);
#4756 = EDGE_LOOP('',(#4757,#4777,#4778,#4779));
#4757 = ORIENTED_EDGE('',*,*,#4758,.T.);
#4758 = EDGE_CURVE('',#172,#957,#4759,.T.);
#4759 = SURFACE_CURVE('',#4760,(#4765,#4771),.PCURVE_S1.);
#4760 = CIRCLE('',#4761,22.);
#4761 = AXIS2_PLACEMENT_3D('',#4762,#4763,#4764);
#4762 = CARTESIAN_POINT('',(-128.,63.,19.));
#4763 = DIRECTION('',(1.,0.,-1.002546454427E-16));
#4764 = DIRECTION('',(1.002546454427E-16,-0.,1.));
#4765 = PCURVE('',#244,#4766);
#4766 = DEFINITIONAL_REPRESENTATION('',(#4767),#4770);
#4767 = B_SPLINE_CURVE_WITH_KNOTS('',1,(#4768,#4769),.UNSPECIFIED.,.F.,
  .F.,(2,2),(4.712388980385,6.28318530718),.PIECEWISE_BEZIER_KNOTS.);
#4768 = CARTESIAN_POINT('',(0.,22.));
#4769 = CARTESIAN_POINT('',(1.570796326795,22.));
#4770 = ( GEOMETRIC_REPRESENTATION_CONTEXT(2) 
PARAMETRIC_REPRESENTATION_CONTEXT() REPRESENTATION_CONTEXT('2D SPACE',''
  ) );
#4771 = PCURVE('',#213,#4772);
#4772 = DEFINITIONAL_REPRESENTATION('',(#4773),#4776);
#4773 = B_SPLINE_CURVE_WITH_KNOTS('',1,(#4774,#4775),.UNSPECIFIED.,.F.,
  .F.,(2,2),(4.712388980385,6.28318530718),.PIECEWISE_BEZIER_KNOTS.);
#4774 = CARTESIAN_POINT('',(-1.570796326795,-1.570796326795));
#4775 = CARTESIAN_POINT('',(-1.570796326795,0.));
#4776 = ( GEOMETRIC_REPRESENTATION_CONTEXT(2) 
PARAMETRIC_REPRESENTATION_CONTEXT() REPRESENTATION_CONTEXT('2D SPACE',''
  ) );
#4777 = ORIENTED_EDGE('',*,*,#956,.T.);
#4778 = ORIENTED_EDGE('',*,*,#400,.F.);
#4779 = ORIENTED_EDGE('',*,*,#228,.F.);
#4780 = ADVANCED_FACE('',(#4781),#298,.T.);
#4781 = FACE_BOUND('',#4782,.F.);
#4782 = EDGE_LOOP('',(#4783,#4803,#4804,#4805));
#4783 = ORIENTED_EDGE('',*,*,#4784,.F.);
#4784 = EDGE_CURVE('',#4409,#143,#4785,.T.);
#4785 = SURFACE_CURVE('',#4786,(#4791,#4797),.PCURVE_S1.);
#4786 = CIRCLE('',#4787,22.);
#4787 = AXIS2_PLACEMENT_3D('',#4788,#4789,#4790);
#4788 = CARTESIAN_POINT('',(-128.,63.,-19.));
#4789 = DIRECTION('',(1.,6.123233995737E-17,-0.));
#4790 = DIRECTION('',(-6.123233995737E-17,1.,0.));
#4791 = PCURVE('',#298,#4792);
#4792 = DEFINITIONAL_REPRESENTATION('',(#4793),#4796);
#4793 = B_SPLINE_CURVE_WITH_KNOTS('',1,(#4794,#4795),.UNSPECIFIED.,.F.,
  .F.,(2,2),(4.712388980385,6.28318530718),.PIECEWISE_BEZIER_KNOTS.);
#4794 = CARTESIAN_POINT('',(-1.570796326795,22.));
#4795 = CARTESIAN_POINT('',(0.,22.));
#4796 = ( GEOMETRIC_REPRESENTATION_CONTEXT(2) 
PARAMETRIC_REPRESENTATION_CONTEXT() REPRESENTATION_CONTEXT('2D SPACE',''
  ) );
#4797 = PCURVE('',#159,#4798);
#4798 = DEFINITIONAL_REPRESENTATION('',(#4799),#4802);
#4799 = B_SPLINE_CURVE_WITH_KNOTS('',1,(#4800,#4801),.UNSPECIFIED.,.F.,
  .F.,(2,2),(4.712388980385,6.28318530718),.PIECEWISE_BEZIER_KNOTS.);
#4800 = CARTESIAN_POINT('',(-1.570796326795,-1.570796326795));
#4801 = CARTESIAN_POINT('',(-1.570796326795,0.));
#4802 = ( GEOMETRIC_REPRESENTATION_CONTEXT(2) 
PARAMETRIC_REPRESENTATION_CONTEXT() REPRESENTATION_CONTEXT('2D SPACE',''
  ) );
#4803 = ORIENTED_EDGE('',*,*,#4453,.T.);
#4804 = ORIENTED_EDGE('',*,*,#4727,.T.);
#4805 = ORIENTED_EDGE('',*,*,#284,.F.);
#4806 = ADVANCED_FACE('',(#4807),#213,.T.);
#4807 = FACE_BOUND('',#4808,.F.);
#4808 = EDGE_LOOP('',(#4809,#4810,#4811));
#4809 = ORIENTED_EDGE('',*,*,#199,.F.);
#4810 = ORIENTED_EDGE('',*,*,#4758,.T.);
#4811 = ORIENTED_EDGE('',*,*,#4812,.F.);
#4812 = EDGE_CURVE('',#85,#957,#4813,.T.);
#4813 = SURFACE_CURVE('',#4814,(#4819,#4826),.PCURVE_S1.);
#4814 = CIRCLE('',#4815,22.);
#4815 = AXIS2_PLACEMENT_3D('',#4816,#4817,#4818);
#4816 = CARTESIAN_POINT('',(-128.,63.,19.));
#4817 = DIRECTION('',(-0.,1.,0.));
#4818 = DIRECTION('',(-1.,-0.,1.614869854E-16));
#4819 = PCURVE('',#213,#4820);
#4820 = DEFINITIONAL_REPRESENTATION('',(#4821),#4825);
#4821 = LINE('',#4822,#4823);
#4822 = CARTESIAN_POINT('',(-0.,0.));
#4823 = VECTOR('',#4824,1.);
#4824 = DIRECTION('',(-1.,0.));
#4825 = ( GEOMETRIC_REPRESENTATION_CONTEXT(2) 
PARAMETRIC_REPRESENTATION_CONTEXT() REPRESENTATION_CONTEXT('2D SPACE',''
  ) );
#4826 = PCURVE('',#126,#4827);
#4827 = DEFINITIONAL_REPRESENTATION('',(#4828),#4832);
#4828 = LINE('',#4829,#4830);
#4829 = CARTESIAN_POINT('',(0.,148.));
#4830 = VECTOR('',#4831,1.);
#4831 = DIRECTION('',(1.,0.));
#4832 = ( GEOMETRIC_REPRESENTATION_CONTEXT(2) 
PARAMETRIC_REPRESENTATION_CONTEXT() REPRESENTATION_CONTEXT('2D SPACE',''
  ) );
#4833 = ADVANCED_FACE('',(#4834),#159,.T.);
#4834 = FACE_BOUND('',#4835,.F.);
#4835 = EDGE_LOOP('',(#4836,#4856,#4857));
#4836 = ORIENTED_EDGE('',*,*,#4837,.F.);
#4837 = EDGE_CURVE('',#4409,#57,#4838,.T.);
#4838 = SURFACE_CURVE('',#4839,(#4844,#4850),.PCURVE_S1.);
#4839 = CIRCLE('',#4840,22.);
#4840 = AXIS2_PLACEMENT_3D('',#4841,#4842,#4843);
#4841 = CARTESIAN_POINT('',(-128.,63.,-19.));
#4842 = DIRECTION('',(0.,1.,-0.));
#4843 = DIRECTION('',(-1.,0.,0.));
#4844 = PCURVE('',#159,#4845);
#4845 = DEFINITIONAL_REPRESENTATION('',(#4846),#4849);
#4846 = B_SPLINE_CURVE_WITH_KNOTS('',1,(#4847,#4848),.UNSPECIFIED.,.F.,
  .F.,(2,2),(4.712388980385,6.28318530718),.PIECEWISE_BEZIER_KNOTS.);
#4847 = CARTESIAN_POINT('',(0.,-1.570796326795));
#4848 = CARTESIAN_POINT('',(0.,0.));
#4849 = ( GEOMETRIC_REPRESENTATION_CONTEXT(2) 
PARAMETRIC_REPRESENTATION_CONTEXT() REPRESENTATION_CONTEXT('2D SPACE',''
  ) );
#4850 = PCURVE('',#72,#4851);
#4851 = DEFINITIONAL_REPRESENTATION('',(#4852),#4855);
#4852 = B_SPLINE_CURVE_WITH_KNOTS('',1,(#4853,#4854),.UNSPECIFIED.,.F.,
  .F.,(2,2),(4.712388980385,6.28318530718),.PIECEWISE_BEZIER_KNOTS.);
#4853 = CARTESIAN_POINT('',(-1.570796326795,148.));
#4854 = CARTESIAN_POINT('',(0.,148.));
#4855 = ( GEOMETRIC_REPRESENTATION_CONTEXT(2) 
PARAMETRIC_REPRESENTATION_CONTEXT() REPRESENTATION_CONTEXT('2D SPACE',''
  ) );
#4856 = ORIENTED_EDGE('',*,*,#4784,.T.);
#4857 = ORIENTED_EDGE('',*,*,#142,.F.);
#4858 = ADVANCED_FACE('',(#4859),#126,.T.);
#4859 = FACE_BOUND('',#4860,.T.);
#4860 = EDGE_LOOP('',(#4861,#4862,#4863,#4864,#4865,#4866));
#4861 = ORIENTED_EDGE('',*,*,#4674,.F.);
#4862 = ORIENTED_EDGE('',*,*,#3990,.T.);
#4863 = ORIENTED_EDGE('',*,*,#3723,.F.);
#4864 = ORIENTED_EDGE('',*,*,#979,.T.);
#4865 = ORIENTED_EDGE('',*,*,#4812,.F.);
#4866 = ORIENTED_EDGE('',*,*,#112,.F.);
#4867 = ADVANCED_FACE('',(#4868),#72,.T.);
#4868 = FACE_BOUND('',#4869,.F.);
#4869 = EDGE_LOOP('',(#4870,#4871,#4872,#4873));
#4870 = ORIENTED_EDGE('',*,*,#4628,.F.);
#4871 = ORIENTED_EDGE('',*,*,#4406,.T.);
#4872 = ORIENTED_EDGE('',*,*,#4837,.T.);
#4873 = ORIENTED_EDGE('',*,*,#56,.F.);
#4874 = ADVANCED_FACE('',(#4875),#44,.T.);
#4875 = FACE_BOUND('',#4876,.T.);
#4876 = EDGE_LOOP('',(#4877,#4878,#4879,#4880));
#4877 = ORIENTED_EDGE('',*,*,#21,.F.);
#4878 = ORIENTED_EDGE('',*,*,#4649,.T.);
#4879 = ORIENTED_EDGE('',*,*,#4125,.T.);
#4880 = ORIENTED_EDGE('',*,*,#4695,.F.);
#4881 = ( GEOMETRIC_REPRESENTATION_CONTEXT(3) 
GLOBAL_UNCERTAINTY_ASSIGNED_CONTEXT((#4885)) 
GLOBAL_UNIT_ASSIGNED_CONTEXT((#4882,#4883,#4884)) REPRESENTATION_CONTEXT
('Context #1','3D Context with UNIT and UNCERTAINTY') );
#4882 = ( LENGTH_UNIT() NAMED_UNIT(*) SI_UNIT(.MILLI.,.METRE.) );
#4883 = ( NAMED_UNIT(*) PLANE_ANGLE_UNIT() SI_UNIT($,.RADIAN.) );
#4884 = ( NAMED_UNIT(*) SI_UNIT($,.STERADIAN.) SOLID_ANGLE_UNIT() );
#4885 = UNCERTAINTY_MEASURE_WITH_UNIT(LENGTH_MEASURE(2.E-07),#4882,
  'distance_accuracy_value','confusion accuracy');
#4886 = PRODUCT_RELATED_PRODUCT_CATEGORY('part',$,(#7));
ENDSEC;
END-ISO-10303-21;
