ISO-10303-21;
HEADER;
FILE_DESCRIPTION(('Open CASCADE Model'),'2;1');
FILE_NAME('Open CASCADE Shape Model','2026-09-27T21:38:43',('Author'),(
    'Open CASCADE'),'Open CASCADE STEP processor 8.0','build123d',
  'Unknown');
FILE_SCHEMA(('AUTOMOTIVE_DESIGN { 1 0 10303 214 1 1 1 1 }'));
ENDSEC;
DATA;
#1 = APPLICATION_PROTOCOL_DEFINITION('international standard',
  'automotive_design',2000,#2);
#2 = APPLICATION_CONTEXT(
  'core data for automotive mechanical design processes');
#3 = SHAPE_DEFINITION_REPRESENTATION(#4,#10);
#4 = PRODUCT_DEFINITION_SHAPE('','',#5);
#5 = PRODUCT_DEFINITION('design','',#6,#9);
#6 = PRODUCT_DEFINITION_FORMATION('','',#7);
#7 = PRODUCT('SOLID','SOLID','',(#8));
#8 = PRODUCT_CONTEXT('',#2,'mechanical');
#9 = PRODUCT_DEFINITION_CONTEXT('part definition',#2,'design');
#10 = ADVANCED_BREP_SHAPE_REPRESENTATION('',(#11,#15),#12272);
#11 = AXIS2_PLACEMENT_3D('',#12,#13,#14);
#12 = CARTESIAN_POINT('',(0.,0.,0.));
#13 = DIRECTION('',(0.,0.,1.));
#14 = DIRECTION('',(1.,0.,-0.));
#15 = BREP_WITH_VOIDS('',#16,(#12248,#12260));
#16 = CLOSED_SHELL('',(#17,#3896,#5159,#5185,#5322,#5525,#6890,#6917,
    #7464,#7541,#7566,#7642,#7696,#7749,#7804,#7883,#7984,#7990,#8066,
    #8148,#8173,#8198,#8247,#8323,#8404,#8458,#8512,#8543,#8617,#8714,
    #8796,#8829,#8883,#8914,#8946,#9001,#9075,#9149,#9203,#9235,#9266,
    #9348,#9423,#9476,#9530,#9603,#9609,#9613,#9645,#9693,#9748,#9773,
    #9821,#10238,#10242,#10292,#10322,#10376,#10424,#10478,#10526,#10581
    ,#10627,#10633,#10726,#10780,#10852,#10907,#10913,#10940,#10967,
    #10992,#11046,#11145,#11191,#11197,#11228,#11299,#11327,#11354,
    #11402,#11429,#11456,#11463,#11524,#11943,#11970,#12001,#12049,
    #12097,#12104,#12131,#12158,#12183,#12210,#12236,#12242));
#17 = ADVANCED_FACE('',(#18,#2971,#3231),#33,.T.);
#18 = FACE_BOUND('',#19,.T.);
#19 = EDGE_LOOP('',(#20,#397,#426,#450,#451,#475,#819,#1042,#1074,#1267,
    #1299,#1396,#1450,#1529,#1747,#1782,#2121,#2503,#2537,#2561,#2562,
    #2591));
#20 = ORIENTED_EDGE('',*,*,#21,.F.);
#21 = EDGE_CURVE('',#22,#24,#26,.T.);
#22 = VERTEX_POINT('',#23);
#23 = CARTESIAN_POINT('',(60.191555595209,-8.045286510054,12.5));
#24 = VERTEX_POINT('',#25);
#25 = CARTESIAN_POINT('',(49.135359152623,-16.65701125938,
    -33.94496217183));
#26 = SURFACE_CURVE('',#27,(#32,#155),.PCURVE_S1.);
#27 = CIRCLE('',#28,39.543662511372);
#28 = AXIS2_PLACEMENT_3D('',#29,#30,#31);
#29 = CARTESIAN_POINT('',(33.742738589212,-33.74273858921,
    -1.775933609959));
#30 = DIRECTION('',(0.70661760314,-0.70661760314,-3.719040016528E-02));
#31 = DIRECTION('',(0.707106781187,0.707106781187,0.));
#32 = PCURVE('',#33,#38);
#33 = SPHERICAL_SURFACE('',#34,62.);
#34 = AXIS2_PLACEMENT_3D('',#35,#36,#37);
#35 = CARTESIAN_POINT('',(0.,0.,0.));
#36 = DIRECTION('',(0.,0.,1.));
#37 = DIRECTION('',(1.,0.,-0.));
#38 = DEFINITIONAL_REPRESENTATION('',(#39),#154);
#39 = B_SPLINE_CURVE_WITH_KNOTS('',8,(#40,#41,#42,#43,#44,#45,#46,#47,
    #48,#49,#50,#51,#52,#53,#54,#55,#56,#57,#58,#59,#60,#61,#62,#63,#64,
    #65,#66,#67,#68,#69,#70,#71,#72,#73,#74,#75,#76,#77,#78,#79,#80,#81,
    #82,#83,#84,#85,#86,#87,#88,#89,#90,#91,#92,#93,#94,#95,#96,#97,#98,
    #99,#100,#101,#102,#103,#104,#105,#106,#107,#108,#109,#110,#111,#112
    ,#113,#114,#115,#116,#117,#118,#119,#120,#121,#122,#123,#124,#125,
    #126,#127,#128,#129,#130,#131,#132,#133,#134,#135,#136,#137,#138,
    #139,#140,#141,#142,#143,#144,#145,#146,#147,#148,#149,#150,#151,
    #152,#153),.UNSPECIFIED.,.T.,.F.,(9,7,7,7,7,7,7,7,7,7,7,7,7,7,7,7,9)
  ,(0.,0.392699081699,0.760854470791,1.106000148066,1.42957422051,
    1.732924913427,2.017316188037,2.550549827929,3.017129262836,
    3.833643273922,4.139836028079,4.407754687967,4.642183515368,
    5.052433963321,5.360121799286,5.821653553233,6.28318530718),
  .UNSPECIFIED.);
#40 = CARTESIAN_POINT('',(6.189766911973,-2.864800893274E-02));
#41 = CARTESIAN_POINT('',(6.189023674444,2.651158781816E-03));
#42 = CARTESIAN_POINT('',(6.186929035765,3.391824493937E-02));
#43 = CARTESIAN_POINT('',(6.183487191996,6.50851604352E-02));
#44 = CARTESIAN_POINT('',(6.178692431995,9.608388336048E-02));
#45 = CARTESIAN_POINT('',(6.172529182272,0.126845045365));
#46 = CARTESIAN_POINT('',(6.164972618493,0.157296570556));
#47 = CARTESIAN_POINT('',(6.155989843626,0.187362366933));
#48 = CARTESIAN_POINT('',(6.135746435025,0.244709854834));
#49 = CARTESIAN_POINT('',(6.124663268104,0.272048109326));
#50 = CARTESIAN_POINT('',(6.11225986112,0.298908803978));
#51 = CARTESIAN_POINT('',(6.098499209497,0.325220842256));
#52 = CARTESIAN_POINT('',(6.083341102147,0.350908252065));
#53 = CARTESIAN_POINT('',(6.066744533102,0.375889389886));
#54 = CARTESIAN_POINT('',(6.048671613589,0.400076586591));
#55 = CARTESIAN_POINT('',(6.010739213389,0.445220485663));
#56 = CARTESIAN_POINT('',(5.991061994045,0.4662846142));
#57 = CARTESIAN_POINT('',(5.970038222251,0.486492269739));
#58 = CARTESIAN_POINT('',(5.9476513442,0.505762452846));
#59 = CARTESIAN_POINT('',(5.923895911498,0.524010292633));
#60 = CARTESIAN_POINT('',(5.898783616535,0.541148196961));
#61 = CARTESIAN_POINT('',(5.872349530664,0.557088045601));
#62 = CARTESIAN_POINT('',(5.818694577404,0.585485250768));
#63 = CARTESIAN_POINT('',(5.791626132196,0.598097998141));
#64 = CARTESIAN_POINT('',(5.763503234459,0.609512715835));
#65 = CARTESIAN_POINT('',(5.734399138991,0.619661494897));
#66 = CARTESIAN_POINT('',(5.704411835787,0.628481042896));
#67 = CARTESIAN_POINT('',(5.673664880204,0.635915956346));
#68 = CARTESIAN_POINT('',(5.642304515731,0.64192189908));
#69 = CARTESIAN_POINT('',(5.580667671091,0.650729294818));
#70 = CARTESIAN_POINT('',(5.550445955391,0.653707565109));
#71 = CARTESIAN_POINT('',(5.519959675182,0.655376746158));
#72 = CARTESIAN_POINT('',(5.489353394799,0.6557211899));
#73 = CARTESIAN_POINT('',(5.458778270981,0.654736905784));
#74 = CARTESIAN_POINT('',(5.428384421225,0.65243198422));
#75 = CARTESIAN_POINT('',(5.398313478333,0.648825908627));
#76 = CARTESIAN_POINT('',(5.340925833125,0.639374593279));
#77 = CARTESIAN_POINT('',(5.313554444874,0.63368339987));
#78 = CARTESIAN_POINT('',(5.286685887406,0.626898190508));
#79 = CARTESIAN_POINT('',(5.260415976759,0.619050563701));
#80 = CARTESIAN_POINT('',(5.234827065349,0.610178290156));
#81 = CARTESIAN_POINT('',(5.209986483025,0.600323809484));
#82 = CARTESIAN_POINT('',(5.185946695225,0.58953268959));
#83 = CARTESIAN_POINT('',(5.119248083905,0.555950847102));
#84 = CARTESIAN_POINT('',(5.078703010671,0.530922463759));
#85 = CARTESIAN_POINT('',(5.041371767335,0.503077760703));
#86 = CARTESIAN_POINT('',(5.007350728134,0.472748616918));
#87 = CARTESIAN_POINT('',(4.976606631517,0.440255879036));
#88 = CARTESIAN_POINT('',(4.949048695338,0.405893827792));
#89 = CARTESIAN_POINT('',(4.924560339264,0.36993038663));
#90 = CARTESIAN_POINT('',(4.8841783984,0.299952777513));
#91 = CARTESIAN_POINT('',(4.867593094555,0.26625687974));
#92 = CARTESIAN_POINT('',(4.853188089607,0.231684432849));
#93 = CARTESIAN_POINT('',(4.840882927088,0.196384253521));
#94 = CARTESIAN_POINT('',(4.83060717344,0.160492448876));
#95 = CARTESIAN_POINT('',(4.822305620765,0.124135292723));
#96 = CARTESIAN_POINT('',(4.815940345224,8.743258127357E-02));
#97 = CARTESIAN_POINT('',(4.803708634255,-1.413015732655E-02));
#98 = CARTESIAN_POINT('',(4.801796765242,-7.946291794016E-02));
#99 = CARTESIAN_POINT('',(4.805655601167,-0.14487362888));
#100 = CARTESIAN_POINT('',(4.815360369648,-0.209771283274));
#101 = CARTESIAN_POINT('',(4.831190071389,-0.273539581087));
#102 = CARTESIAN_POINT('',(4.853607205067,-0.335494359822));
#103 = CARTESIAN_POINT('',(4.883289536758,-0.394797067726));
#104 = CARTESIAN_POINT('',(4.934911265536,-0.471295025399));
#105 = CARTESIAN_POINT('',(4.950095340754,-0.491642327926));
#106 = CARTESIAN_POINT('',(4.966416215601,-0.511420271185));
#107 = CARTESIAN_POINT('',(4.983903699162,-0.53057189451));
#108 = CARTESIAN_POINT('',(5.002583763541,-0.5490365625));
#109 = CARTESIAN_POINT('',(5.022475408194,-0.566750181037));
#110 = CARTESIAN_POINT('',(5.043586656955,-0.583645925807));
#111 = CARTESIAN_POINT('',(5.085442339674,-0.613663846146));
#112 = CARTESIAN_POINT('',(5.105902769415,-0.626993727683));
#113 = CARTESIAN_POINT('',(5.127285776298,-0.639599381862));
#114 = CARTESIAN_POINT('',(5.149576954056,-0.651434257706));
#115 = CARTESIAN_POINT('',(5.172750451471,-0.662451684544));
#116 = CARTESIAN_POINT('',(5.196766566401,-0.67260599559));
#117 = CARTESIAN_POINT('',(5.221570175311,-0.681853949001));
#118 = CARTESIAN_POINT('',(5.269421722456,-0.697420867502));
#119 = CARTESIAN_POINT('',(5.292301560199,-0.703961451812));
#120 = CARTESIAN_POINT('',(5.315683446845,-0.709751791008));
#121 = CARTESIAN_POINT('',(5.339511408152,-0.714767892431));
#122 = CARTESIAN_POINT('',(5.363720721281,-0.718988946111));
#123 = CARTESIAN_POINT('',(5.388238935528,-0.722398069166));
#124 = CARTESIAN_POINT('',(5.412987754985,-0.724982886708));
#125 = CARTESIAN_POINT('',(5.481457332345,-0.729803808743));
#126 = CARTESIAN_POINT('',(5.525485822743,-0.730324401846));
#127 = CARTESIAN_POINT('',(5.569534796297,-0.728257714968));
#128 = CARTESIAN_POINT('',(5.613138223667,-0.723609239485));
#129 = CARTESIAN_POINT('',(5.655840330128,-0.716435505832));
#130 = CARTESIAN_POINT('',(5.697255113134,-0.706838667292));
#131 = CARTESIAN_POINT('',(5.737083235746,-0.694950486195));
#132 = CARTESIAN_POINT('',(5.803627141089,-0.670397825699));
#133 = CARTESIAN_POINT('',(5.831131755494,-0.658670431842));
#134 = CARTESIAN_POINT('',(5.857530880933,-0.645801231761));
#135 = CARTESIAN_POINT('',(5.882759574223,-0.631858826424));
#136 = CARTESIAN_POINT('',(5.906778279417,-0.616914285355));
#137 = CARTESIAN_POINT('',(5.92956852439,-0.60103866955));
#138 = CARTESIAN_POINT('',(5.951127584401,-0.584301318293));
#139 = CARTESIAN_POINT('',(6.001969690049,-0.540470590779));
#140 = CARTESIAN_POINT('',(6.02972497649,-0.51238353116));
#141 = CARTESIAN_POINT('',(6.0547603411,-0.48273329189));
#142 = CARTESIAN_POINT('',(6.077165231772,-0.451732126447));
#143 = CARTESIAN_POINT('',(6.097053755925,-0.419572524247));
#144 = CARTESIAN_POINT('',(6.114543519298,-0.386427502469));
#145 = CARTESIAN_POINT('',(6.12974437961,-0.352453987933));
#146 = CARTESIAN_POINT('',(6.155762536246,-0.28313703826));
#147 = CARTESIAN_POINT('',(6.166579814119,-0.247793607682));
#148 = CARTESIAN_POINT('',(6.175302370616,-0.211908806222));
#149 = CARTESIAN_POINT('',(6.182014109041,-0.175612943238));
#150 = CARTESIAN_POINT('',(6.186780522848,-0.139026379399));
#151 = CARTESIAN_POINT('',(6.189647247322,-0.102262954847));
#152 = CARTESIAN_POINT('',(6.190640424891,-6.54333248288E-02));
#153 = CARTESIAN_POINT('',(6.189766911973,-2.864800893274E-02));
#154 = ( GEOMETRIC_REPRESENTATION_CONTEXT(2) 
PARAMETRIC_REPRESENTATION_CONTEXT() REPRESENTATION_CONTEXT('2D SPACE',''
  ) );
#155 = PCURVE('',#156,#161);
#156 = SPHERICAL_SURFACE('',#157,40.);
#157 = AXIS2_PLACEMENT_3D('',#158,#159,#160);
#158 = CARTESIAN_POINT('',(38.,-38.,-2.));
#159 = DIRECTION('',(0.,0.,1.));
#160 = DIRECTION('',(1.,0.,-0.));
#161 = DEFINITIONAL_REPRESENTATION('',(#162),#396);
#162 = B_SPLINE_CURVE_WITH_KNOTS('',8,(#163,#164,#165,#166,#167,#168,
    #169,#170,#171,#172,#173,#174,#175,#176,#177,#178,#179,#180,#181,
    #182,#183,#184,#185,#186,#187,#188,#189,#190,#191,#192,#193,#194,
    #195,#196,#197,#198,#199,#200,#201,#202,#203,#204,#205,#206,#207,
    #208,#209,#210,#211,#212,#213,#214,#215,#216,#217,#218,#219,#220,
    #221,#222,#223,#224,#225,#226,#227,#228,#229,#230,#231,#232,#233,
    #234,#235,#236,#237,#238,#239,#240,#241,#242,#243,#244,#245,#246,
    #247,#248,#249,#250,#251,#252,#253,#254,#255,#256,#257,#258,#259,
    #260,#261,#262,#263,#264,#265,#266,#267,#268,#269,#270,#271,#272,
    #273,#274,#275,#276,#277,#278,#279,#280,#281,#282,#283,#284,#285,
    #286,#287,#288,#289,#290,#291,#292,#293,#294,#295,#296,#297,#298,
    #299,#300,#301,#302,#303,#304,#305,#306,#307,#308,#309,#310,#311,
    #312,#313,#314,#315,#316,#317,#318,#319,#320,#321,#322,#323,#324,
    #325,#326,#327,#328,#329,#330,#331,#332,#333,#334,#335,#336,#337,
    #338,#339,#340,#341,#342,#343,#344,#345,#346,#347,#348,#349,#350,
    #351,#352,#353,#354,#355,#356,#357,#358,#359,#360,#361,#362,#363,
    #364,#365,#366,#367,#368,#369,#370,#371,#372,#373,#374,#375,#376,
    #377,#378,#379,#380,#381,#382,#383,#384,#385,#386,#387,#388,#389,
    #390,#391,#392,#393,#394,#395),.UNSPECIFIED.,.T.,.F.,(9,7,7,7,7,7,7,
    7,7,7,7,7,7,7,7,7,7,7,7,7,7,7,7,7,7,7,7,7,7,7,7,7,7,9),(0.,
    0.392699081699,0.760854470791,0.933427309428,1.100607246858,
    1.262562811243,1.341010037742,1.418231526327,1.494246429153,
    1.531660014138,1.568781305489,1.605612586753,1.678699660509,
    1.750644748739,1.821465694964,1.960894432846,2.095966022669,
    2.357667227951,2.848356987854,3.27771052777,3.653394875196,
    3.982118679194,4.269752007692,4.39559158891,4.513566196302,
    4.624167390732,4.72785601051,4.825064091552,4.916196667529,
    5.001633457507,5.161827438716,5.442166905832,5.862676106506,
    6.28318530718),.UNSPECIFIED.);
#163 = CARTESIAN_POINT('',(0.936491681722,5.601689046817E-03));
#164 = CARTESIAN_POINT('',(0.934707462651,5.40962534124E-02));
#165 = CARTESIAN_POINT('',(0.933331908358,0.10260587365));
#166 = CARTESIAN_POINT('',(0.93235285226,0.151126290356));
#167 = CARTESIAN_POINT('',(0.931768185468,0.199653617862));
#168 = CARTESIAN_POINT('',(0.931585504467,0.24818408109));
#169 = CARTESIAN_POINT('',(0.931822528067,0.296713824116));
#170 = CARTESIAN_POINT('',(0.932509534059,0.345238667434));
#171 = CARTESIAN_POINT('',(0.934806502217,0.439236525415));
#172 = CARTESIAN_POINT('',(0.936356105109,0.484710728736));
#173 = CARTESIAN_POINT('',(0.938383861685,0.530172248087));
#174 = CARTESIAN_POINT('',(0.940944189905,0.575616441072));
#175 = CARTESIAN_POINT('',(0.944109591581,0.621037808458));
#176 = CARTESIAN_POINT('',(0.94798014866,0.666429400271));
#177 = CARTESIAN_POINT('',(0.952693271877,0.711782228614));
#178 = CARTESIAN_POINT('',(0.961170203705,0.778317474739));
#179 = CARTESIAN_POINT('',(0.964108183627,0.799540649271));
#180 = CARTESIAN_POINT('',(0.967300904201,0.820750961854));
#181 = CARTESIAN_POINT('',(0.970774521795,0.841946799886));
#182 = CARTESIAN_POINT('',(0.97455979354,0.863126286054));
#183 = CARTESIAN_POINT('',(0.978693534513,0.884287191369));
#184 = CARTESIAN_POINT('',(0.983220923218,0.905426796807));
#185 = CARTESIAN_POINT('',(0.993020833346,0.94699676947));
#186 = CARTESIAN_POINT('',(0.998265656813,0.967428655759));
#187 = CARTESIAN_POINT('',(1.003984805569,0.987834263663));
#188 = CARTESIAN_POINT('',(1.010240133233,1.008209895152));
#189 = CARTESIAN_POINT('',(1.017107412979,1.028551021807));
#190 = CARTESIAN_POINT('',(1.024680337106,1.048852046451));
#191 = CARTESIAN_POINT('',(1.033078421547,1.069105816235));
#192 = CARTESIAN_POINT('',(1.05155326005,1.108868324582));
#193 = CARTESIAN_POINT('',(1.06156936913,1.128380564978));
#194 = CARTESIAN_POINT('',(1.072656995088,1.147830563564));
#195 = CARTESIAN_POINT('',(1.084999208563,1.167207237903));
#196 = CARTESIAN_POINT('',(1.098828834139,1.186496463887));
#197 = CARTESIAN_POINT('',(1.114453298648,1.205679343041));
#198 = CARTESIAN_POINT('',(1.132287644786,1.224730256439));
#199 = CARTESIAN_POINT('',(1.162964961678,1.252754089199));
#200 = CARTESIAN_POINT('',(1.173640023123,1.261858421585));
#201 = CARTESIAN_POINT('',(1.185050347479,1.270917962641));
#202 = CARTESIAN_POINT('',(1.197278255772,1.279927396799));
#203 = CARTESIAN_POINT('',(1.210420028635,1.288880454559));
#204 = CARTESIAN_POINT('',(1.2245897054,1.297769610363));
#205 = CARTESIAN_POINT('',(1.239924349374,1.306585621302));
#206 = CARTESIAN_POINT('',(1.272996796243,1.323911765671));
#207 = CARTESIAN_POINT('',(1.290693344364,1.332424523088));
#208 = CARTESIAN_POINT('',(1.309839430166,1.340844121121));
#209 = CARTESIAN_POINT('',(1.330622789726,1.349157263034));
#210 = CARTESIAN_POINT('',(1.353264588852,1.357347776391));
#211 = CARTESIAN_POINT('',(1.378029622111,1.365395679014));
#212 = CARTESIAN_POINT('',(1.405234950321,1.373275784021));
#213 = CARTESIAN_POINT('',(1.46479589803,1.388515578193));
#214 = CARTESIAN_POINT('',(1.497064403741,1.395881476031));
#215 = CARTESIAN_POINT('',(1.532407229464,1.403022457019));
#216 = CARTESIAN_POINT('',(1.571225773245,1.409900865158));
#217 = CARTESIAN_POINT('',(1.613962919668,1.416470373846));
#218 = CARTESIAN_POINT('',(1.661095863136,1.422674131953));
#219 = CARTESIAN_POINT('',(1.713055481515,1.428441713691));
#220 = CARTESIAN_POINT('',(1.798081460348,1.436279366651));
#221 = CARTESIAN_POINT('',(1.827343049929,1.438739773547));
#222 = CARTESIAN_POINT('',(1.857844278458,1.441065978511));
#223 = CARTESIAN_POINT('',(1.889594570533,1.443248073567));
#224 = CARTESIAN_POINT('',(1.922584688664,1.445275785248));
#225 = CARTESIAN_POINT('',(1.9567801026,1.447138754481));
#226 = CARTESIAN_POINT('',(1.992115642524,1.448826947555));
#227 = CARTESIAN_POINT('',(2.064589210305,1.45182365551));
#228 = CARTESIAN_POINT('',(2.10171101704,1.453135033224));
#229 = CARTESIAN_POINT('',(2.139765351617,1.454256335825));
#230 = CARTESIAN_POINT('',(2.178627434136,1.455179400152));
#231 = CARTESIAN_POINT('',(2.218140495638,1.455897355112));
#232 = CARTESIAN_POINT('',(2.25812109183,1.456405153542));
#233 = CARTESIAN_POINT('',(2.298369611174,1.45669995313));
#234 = CARTESIAN_POINT('',(2.378683529794,1.456861700658));
#235 = CARTESIAN_POINT('',(2.418747876942,1.456731973077));
#236 = CARTESIAN_POINT('',(2.458679771377,1.456391369105));
#237 = CARTESIAN_POINT('',(2.498278902353,1.455841456979));
#238 = CARTESIAN_POINT('',(2.537355055765,1.455086039779));
#239 = CARTESIAN_POINT('',(2.575739924139,1.454130872067));
#240 = CARTESIAN_POINT('',(2.613294517015,1.452983191327));
#241 = CARTESIAN_POINT('',(2.722566015883,1.449008139447));
#242 = CARTESIAN_POINT('',(2.791521317532,1.445639425898));
#243 = CARTESIAN_POINT('',(2.855917905674,1.441609432234));
#244 = CARTESIAN_POINT('',(2.915355991505,1.436998395911));
#245 = CARTESIAN_POINT('',(2.969929929892,1.431886806515));
#246 = CARTESIAN_POINT('',(3.019913832922,1.426344429524));
#247 = CARTESIAN_POINT('',(3.065671674229,1.420431651263));
#248 = CARTESIAN_POINT('',(3.148843549406,1.408064336358));
#249 = CARTESIAN_POINT('',(3.186376820097,1.401619713117));
#250 = CARTESIAN_POINT('',(3.220549232039,1.394913969741));
#251 = CARTESIAN_POINT('',(3.25174378972,1.387986883349));
#252 = CARTESIAN_POINT('',(3.280304629403,1.380870293535));
#253 = CARTESIAN_POINT('',(3.306534235975,1.373590196914));
#254 = CARTESIAN_POINT('',(3.330694611808,1.366167919672));
#255 = CARTESIAN_POINT('',(3.374981474657,1.351192360523));
#256 = CARTESIAN_POINT('',(3.395165059993,1.343642939934));
#257 = CARTESIAN_POINT('',(3.413779490676,1.335989805209));
#258 = CARTESIAN_POINT('',(3.431007293193,1.328246475743));
#259 = CARTESIAN_POINT('',(3.447002786998,1.32042395615));
#260 = CARTESIAN_POINT('',(3.461897053997,1.312531382806));
#261 = CARTESIAN_POINT('',(3.475802277314,1.304576465357));
#262 = CARTESIAN_POINT('',(3.514435131796,1.280794574473));
#263 = CARTESIAN_POINT('',(3.536597164986,1.26480706095));
#264 = CARTESIAN_POINT('',(3.556041007027,1.248653017561));
#265 = CARTESIAN_POINT('',(3.57327451546,1.232364934573));
#266 = CARTESIAN_POINT('',(3.588673967835,1.215966697097));
#267 = CARTESIAN_POINT('',(3.602527169527,1.199476203468));
#268 = CARTESIAN_POINT('',(3.615060330411,1.182907454629));
#269 = CARTESIAN_POINT('',(3.637492983927,1.150155546764));
#270 = CARTESIAN_POINT('',(3.647462546166,1.133976519585));
#271 = CARTESIAN_POINT('',(3.656528114619,1.117744589298));
#272 = CARTESIAN_POINT('',(3.664815032248,1.101467359764));
#273 = CARTESIAN_POINT('',(3.672422955157,1.085150843385));
#274 = CARTESIAN_POINT('',(3.679433286771,1.068799936785));
#275 = CARTESIAN_POINT('',(3.685913229473,1.052418668606));
#276 = CARTESIAN_POINT('',(3.703556182031,1.004219457369));
#277 = CARTESIAN_POINT('',(3.713414295968,0.972327229771));
#278 = CARTESIAN_POINT('',(3.721904645214,0.940358353338));
#279 = CARTESIAN_POINT('',(3.72928679331,0.908328292089));
#280 = CARTESIAN_POINT('',(3.735751898386,0.876248504954));
#281 = CARTESIAN_POINT('',(3.741441296656,0.844127508692));
#282 = CARTESIAN_POINT('',(3.746465442625,0.811972037498));
#283 = CARTESIAN_POINT('',(3.759247260243,0.719441406654));
#284 = CARTESIAN_POINT('',(3.765550250069,0.658993058256));
#285 = CARTESIAN_POINT('',(3.770393446222,0.598477884273));
#286 = CARTESIAN_POINT('',(3.77406831894,0.537915158866));
#287 = CARTESIAN_POINT('',(3.776780435855,0.477319615719));
#288 = CARTESIAN_POINT('',(3.778658545716,0.416702023066));
#289 = CARTESIAN_POINT('',(3.779793235239,0.356071636193));
#290 = CARTESIAN_POINT('',(3.780630629735,0.242381078213));
#291 = CARTESIAN_POINT('',(3.780494656699,0.189321986808));
#292 = CARTESIAN_POINT('',(3.779869155004,0.136264894745));
#293 = CARTESIAN_POINT('',(3.778772202396,8.321482689802E-02));
#294 = CARTESIAN_POINT('',(3.777207206643,3.017668003546E-02));
#295 = CARTESIAN_POINT('',(3.775164666394,-2.284440877679E-02));
#296 = CARTESIAN_POINT('',(3.772621212155,-7.584266942511E-02));
#297 = CARTESIAN_POINT('',(3.766836303227,-0.175158817334));
#298 = CARTESIAN_POINT('',(3.763721853205,-0.221483650597));
#299 = CARTESIAN_POINT('',(3.760165125577,-0.267781191221));
#300 = CARTESIAN_POINT('',(3.756128590441,-0.314046214945));
#301 = CARTESIAN_POINT('',(3.751562098356,-0.360272522581));
#302 = CARTESIAN_POINT('',(3.746400095583,-0.406452615456));
#303 = CARTESIAN_POINT('',(3.74055527627,-0.452577035768));
#304 = CARTESIAN_POINT('',(3.728086668057,-0.538932006968));
#305 = CARTESIAN_POINT('',(3.721651563983,-0.579178596194));
#306 = CARTESIAN_POINT('',(3.714518106013,-0.619364237548));
#307 = CARTESIAN_POINT('',(3.706583498875,-0.659478402926));
#308 = CARTESIAN_POINT('',(3.697717565512,-0.699507937677));
#309 = CARTESIAN_POINT('',(3.687749458054,-0.739435678074));
#310 = CARTESIAN_POINT('',(3.676451474507,-0.779238866351));
#311 = CARTESIAN_POINT('',(3.652142507621,-0.853572713857));
#312 = CARTESIAN_POINT('',(3.639522163272,-0.888140509747));
#313 = CARTESIAN_POINT('',(3.625400034733,-0.92256428343));
#314 = CARTESIAN_POINT('',(3.609485693079,-0.9568145967));
#315 = CARTESIAN_POINT('',(3.591399032199,-0.990853071614));
#316 = CARTESIAN_POINT('',(3.570617951178,-1.024625654477));
#317 = CARTESIAN_POINT('',(3.546409387911,-1.058056798447));
#318 = CARTESIAN_POINT('',(3.504975163142,-1.105436819821));
#319 = CARTESIAN_POINT('',(3.491481365441,-1.119766642231));
#320 = CARTESIAN_POINT('',(3.477004684091,-1.133995445273));
#321 = CARTESIAN_POINT('',(3.46142899628,-1.148110322048));
#322 = CARTESIAN_POINT('',(3.444617585882,-1.162095900873));
#323 = CARTESIAN_POINT('',(3.426407793627,-1.175933529163));
#324 = CARTESIAN_POINT('',(3.406604290141,-1.189600034394));
#325 = CARTESIAN_POINT('',(3.364689735926,-1.215690463086));
#326 = CARTESIAN_POINT('',(3.342800282597,-1.228138657741));
#327 = CARTESIAN_POINT('',(3.319108124184,-1.240386428663));
#328 = CARTESIAN_POINT('',(3.293387670274,-1.252404729811));
#329 = CARTESIAN_POINT('',(3.265376445997,-1.26415827913));
#330 = CARTESIAN_POINT('',(3.234771872949,-1.275603901337));
#331 = CARTESIAN_POINT('',(3.20122717433,-1.286687689554));
#332 = CARTESIAN_POINT('',(3.129841734376,-1.307331993708));
#333 = CARTESIAN_POINT('',(3.092400495848,-1.316944416657));
#334 = CARTESIAN_POINT('',(3.051763671478,-1.326125036664));
#335 = CARTESIAN_POINT('',(3.007624318307,-1.334808763075));
#336 = CARTESIAN_POINT('',(2.959694330735,-1.342919243294));
#337 = CARTESIAN_POINT('',(2.907736138431,-1.350367399891));
#338 = CARTESIAN_POINT('',(2.85169899858,-1.357054427387));
#339 = CARTESIAN_POINT('',(2.735667863243,-1.368349599746));
#340 = CARTESIAN_POINT('',(2.676140064165,-1.373061559061));
#341 = CARTESIAN_POINT('',(2.613416703821,-1.376940773296));
#342 = CARTESIAN_POINT('',(2.547902734186,-1.379910260144));
#343 = CARTESIAN_POINT('',(2.480272508195,-1.381902513191));
#344 = CARTESIAN_POINT('',(2.411520470879,-1.38287614858));
#345 = CARTESIAN_POINT('',(2.342692237042,-1.38282485091));
#346 = CARTESIAN_POINT('',(2.211019849624,-1.380782840585));
#347 = CARTESIAN_POINT('',(2.148070597736,-1.378913546838));
#348 = CARTESIAN_POINT('',(2.086662122836,-1.376181474223));
#349 = CARTESIAN_POINT('',(2.02749550201,-1.372627347737));
#350 = CARTESIAN_POINT('',(1.97106873858,-1.368311100778));
#351 = CARTESIAN_POINT('',(1.917636170652,-1.363299821636));
#352 = CARTESIAN_POINT('',(1.867292208969,-1.357660714978));
#353 = CARTESIAN_POINT('',(1.775692180216,-1.345642176289));
#354 = CARTESIAN_POINT('',(1.73406478505,-1.339331040278));
#355 = CARTESIAN_POINT('',(1.695115106129,-1.332576773863));
#356 = CARTESIAN_POINT('',(1.658736496476,-1.32542928966));
#357 = CARTESIAN_POINT('',(1.624776294584,-1.317933258127));
#358 = CARTESIAN_POINT('',(1.593064926398,-1.31012772564));
#359 = CARTESIAN_POINT('',(1.563432550418,-1.302046750834));
#360 = CARTESIAN_POINT('',(1.509729479417,-1.285913454671));
#361 = CARTESIAN_POINT('',(1.485426961025,-1.277890909695));
#362 = CARTESIAN_POINT('',(1.462672005943,-1.269676616238));
#363 = CARTESIAN_POINT('',(1.441334245031,-1.261291479034));
#364 = CARTESIAN_POINT('',(1.421293383161,-1.252753415727));
#365 = CARTESIAN_POINT('',(1.402440332441,-1.244077851269));
#366 = CARTESIAN_POINT('',(1.384676449251,-1.235278161632));
#367 = CARTESIAN_POINT('',(1.336481571812,-1.209655676028));
#368 = CARTESIAN_POINT('',(1.308567324314,-1.192549925184));
#369 = CARTESIAN_POINT('',(1.283585187318,-1.175125522684));
#370 = CARTESIAN_POINT('',(1.261071989005,-1.15743794389));
#371 = CARTESIAN_POINT('',(1.240665489097,-1.139529286847));
#372 = CARTESIAN_POINT('',(1.222073132971,-1.121432464025));
#373 = CARTESIAN_POINT('',(1.205057425218,-1.103173741326));
#374 = CARTESIAN_POINT('',(1.16206044618,-1.052575698317));
#375 = CARTESIAN_POINT('',(1.138926350607,-1.019946464807));
#376 = CARTESIAN_POINT('',(1.118968767752,-0.987001047881));
#377 = CARTESIAN_POINT('',(1.101526496765,-0.953807641707));
#378 = CARTESIAN_POINT('',(1.086124848453,-0.920415296909));
#379 = CARTESIAN_POINT('',(1.072415075875,-0.886859261817));
#380 = CARTESIAN_POINT('',(1.060129180388,-0.853166683576));
#381 = CARTESIAN_POINT('',(1.03245059534,-0.768646541388));
#382 = CARTESIAN_POINT('',(1.018575926012,-0.717674640343));
#383 = CARTESIAN_POINT('',(1.006726948107,-0.666514073453));
#384 = CARTESIAN_POINT('',(0.996489161597,-0.615206141328));
#385 = CARTESIAN_POINT('',(0.987564187129,-0.563780965644));
#386 = CARTESIAN_POINT('',(0.979741025383,-0.512260066684));
#387 = CARTESIAN_POINT('',(0.972858999037,-0.46066028687));
#388 = CARTESIAN_POINT('',(0.96073459997,-0.357329414413));
#389 = CARTESIAN_POINT('',(0.955492189205,-0.305598326007));
#390 = CARTESIAN_POINT('',(0.950948119095,-0.253814828691));
#391 = CARTESIAN_POINT('',(0.947018802068,-0.2019887189));
#392 = CARTESIAN_POINT('',(0.943644217186,-0.150127828669));
#393 = CARTESIAN_POINT('',(0.940781419682,-9.82387420587E-02));
#394 = CARTESIAN_POINT('',(0.938402255416,-4.632715787126E-02));
#395 = CARTESIAN_POINT('',(0.936491681722,5.601689046817E-03));
#396 = ( GEOMETRIC_REPRESENTATION_CONTEXT(2) 
PARAMETRIC_REPRESENTATION_CONTEXT() REPRESENTATION_CONTEXT('2D SPACE',''
  ) );
#397 = ORIENTED_EDGE('',*,*,#398,.T.);
#398 = EDGE_CURVE('',#22,#399,#401,.T.);
#399 = VERTEX_POINT('',#400);
#400 = CARTESIAN_POINT('',(60.726847439991,-1.487378786794E-14,12.5));
#401 = SURFACE_CURVE('',#402,(#407,#414),.PCURVE_S1.);
#402 = CIRCLE('',#403,60.726847439991);
#403 = AXIS2_PLACEMENT_3D('',#404,#405,#406);
#404 = CARTESIAN_POINT('',(0.,0.,12.5));
#405 = DIRECTION('',(0.,0.,1.));
#406 = DIRECTION('',(1.,0.,-0.));
#407 = PCURVE('',#33,#408);
#408 = DEFINITIONAL_REPRESENTATION('',(#409),#413);
#409 = LINE('',#410,#411);
#410 = CARTESIAN_POINT('',(0.,0.203004360662));
#411 = VECTOR('',#412,1.);
#412 = DIRECTION('',(1.,0.));
#413 = ( GEOMETRIC_REPRESENTATION_CONTEXT(2) 
PARAMETRIC_REPRESENTATION_CONTEXT() REPRESENTATION_CONTEXT('2D SPACE',''
  ) );
#414 = PCURVE('',#415,#420);
#415 = PLANE('',#416);
#416 = AXIS2_PLACEMENT_3D('',#417,#418,#419);
#417 = CARTESIAN_POINT('',(43.,-42.,12.5));
#418 = DIRECTION('',(0.,0.,1.));
#419 = DIRECTION('',(1.,0.,-0.));
#420 = DEFINITIONAL_REPRESENTATION('',(#421),#425);
#421 = CIRCLE('',#422,60.726847439991);
#422 = AXIS2_PLACEMENT_2D('',#423,#424);
#423 = CARTESIAN_POINT('',(-43.,42.));
#424 = DIRECTION('',(1.,0.));
#425 = ( GEOMETRIC_REPRESENTATION_CONTEXT(2) 
PARAMETRIC_REPRESENTATION_CONTEXT() REPRESENTATION_CONTEXT('2D SPACE',''
  ) );
#426 = ORIENTED_EDGE('',*,*,#427,.T.);
#427 = EDGE_CURVE('',#399,#428,#430,.T.);
#428 = VERTEX_POINT('',#429);
#429 = CARTESIAN_POINT('',(3.796405077357E-15,-9.298510652504E-31,62.));
#430 = SEAM_CURVE('',#431,(#436,#443),.PCURVE_S1.);
#431 = CIRCLE('',#432,62.);
#432 = AXIS2_PLACEMENT_3D('',#433,#434,#435);
#433 = CARTESIAN_POINT('',(0.,0.,0.));
#434 = DIRECTION('',(-2.449293598295E-16,-1.,0.));
#435 = DIRECTION('',(1.,-2.449293598295E-16,0.));
#436 = PCURVE('',#33,#437);
#437 = DEFINITIONAL_REPRESENTATION('',(#438),#442);
#438 = LINE('',#439,#440);
#439 = CARTESIAN_POINT('',(0.,-6.28318530718));
#440 = VECTOR('',#441,1.);
#441 = DIRECTION('',(0.,1.));
#442 = ( GEOMETRIC_REPRESENTATION_CONTEXT(2) 
PARAMETRIC_REPRESENTATION_CONTEXT() REPRESENTATION_CONTEXT('2D SPACE',''
  ) );
#443 = PCURVE('',#33,#444);
#444 = DEFINITIONAL_REPRESENTATION('',(#445),#449);
#445 = LINE('',#446,#447);
#446 = CARTESIAN_POINT('',(6.28318530718,-6.28318530718));
#447 = VECTOR('',#448,1.);
#448 = DIRECTION('',(0.,1.));
#449 = ( GEOMETRIC_REPRESENTATION_CONTEXT(2) 
PARAMETRIC_REPRESENTATION_CONTEXT() REPRESENTATION_CONTEXT('2D SPACE',''
  ) );
#450 = ORIENTED_EDGE('',*,*,#427,.F.);
#451 = ORIENTED_EDGE('',*,*,#452,.T.);
#452 = EDGE_CURVE('',#399,#453,#455,.T.);
#453 = VERTEX_POINT('',#454);
#454 = CARTESIAN_POINT('',(60.191555595209,8.045286510054,12.5));
#455 = SURFACE_CURVE('',#456,(#461,#468),.PCURVE_S1.);
#456 = CIRCLE('',#457,60.726847439991);
#457 = AXIS2_PLACEMENT_3D('',#458,#459,#460);
#458 = CARTESIAN_POINT('',(0.,0.,12.5));
#459 = DIRECTION('',(0.,0.,1.));
#460 = DIRECTION('',(1.,0.,-0.));
#461 = PCURVE('',#33,#462);
#462 = DEFINITIONAL_REPRESENTATION('',(#463),#467);
#463 = LINE('',#464,#465);
#464 = CARTESIAN_POINT('',(0.,0.203004360662));
#465 = VECTOR('',#466,1.);
#466 = DIRECTION('',(1.,0.));
#467 = ( GEOMETRIC_REPRESENTATION_CONTEXT(2) 
PARAMETRIC_REPRESENTATION_CONTEXT() REPRESENTATION_CONTEXT('2D SPACE',''
  ) );
#468 = PCURVE('',#415,#469);
#469 = DEFINITIONAL_REPRESENTATION('',(#470),#474);
#470 = CIRCLE('',#471,60.726847439991);
#471 = AXIS2_PLACEMENT_2D('',#472,#473);
#472 = CARTESIAN_POINT('',(-43.,42.));
#473 = DIRECTION('',(1.,0.));
#474 = ( GEOMETRIC_REPRESENTATION_CONTEXT(2) 
PARAMETRIC_REPRESENTATION_CONTEXT() REPRESENTATION_CONTEXT('2D SPACE',''
  ) );
#475 = ORIENTED_EDGE('',*,*,#476,.T.);
#476 = EDGE_CURVE('',#453,#477,#479,.T.);
#477 = VERTEX_POINT('',#478);
#478 = CARTESIAN_POINT('',(34.3309533861,35.234058162547,37.735219424295
    ));
#479 = SURFACE_CURVE('',#480,(#485,#594),.PCURVE_S1.);
#480 = CIRCLE('',#481,39.543662511372);
#481 = AXIS2_PLACEMENT_3D('',#482,#483,#484);
#482 = CARTESIAN_POINT('',(33.742738589212,33.742738589212,
    -1.775933609959));
#483 = DIRECTION('',(-0.70661760314,-0.70661760314,3.719040016528E-02));
#484 = DIRECTION('',(0.668850969441,-0.649850075768,0.361016979797));
#485 = PCURVE('',#33,#486);
#486 = DEFINITIONAL_REPRESENTATION('',(#487),#593);
#487 = B_SPLINE_CURVE_WITH_KNOTS('',8,(#488,#489,#490,#491,#492,#493,
    #494,#495,#496,#497,#498,#499,#500,#501,#502,#503,#504,#505,#506,
    #507,#508,#509,#510,#511,#512,#513,#514,#515,#516,#517,#518,#519,
    #520,#521,#522,#523,#524,#525,#526,#527,#528,#529,#530,#531,#532,
    #533,#534,#535,#536,#537,#538,#539,#540,#541,#542,#543,#544,#545,
    #546,#547,#548,#549,#550,#551,#552,#553,#554,#555,#556,#557,#558,
    #559,#560,#561,#562,#563,#564,#565,#566,#567,#568,#569,#570,#571,
    #572,#573,#574,#575,#576,#577,#578,#579,#580,#581,#582,#583,#584,
    #585,#586,#587,#588,#589,#590,#591,#592),.UNSPECIFIED.,.F.,.F.,(9,7,
    7,7,7,7,7,7,5,7,7,7,7,7,7,9),(0.,0.221416623195,0.754650263088,
    1.039041537698,1.342392230614,1.665966303059,2.011111980333,
    2.379267369426,2.771966451125,3.233498205072,3.695029959019,
    4.002717794983,4.412968242936,4.647397070338,4.915315730225,
    5.076864892681),.UNSPECIFIED.);
#488 = CARTESIAN_POINT('',(0.132873837389,0.203004360433));
#489 = CARTESIAN_POINT('',(0.138426633429,0.219798091543));
#490 = CARTESIAN_POINT('',(0.144441013198,0.236452363811));
#491 = CARTESIAN_POINT('',(0.150923660018,0.252952863302));
#492 = CARTESIAN_POINT('',(0.157881926628,0.269284774573));
#493 = CARTESIAN_POINT('',(0.165323724874,0.285432711367));
#494 = CARTESIAN_POINT('',(0.173257377845,0.301380653234));
#495 = CARTESIAN_POINT('',(0.181691419113,0.317111892392));
#496 = CARTESIAN_POINT('',(0.212171358879,0.36993038663));
#497 = CARTESIAN_POINT('',(0.23665971495,0.405893827792));
#498 = CARTESIAN_POINT('',(0.264217651154,0.440255879036));
#499 = CARTESIAN_POINT('',(0.294961747746,0.472748616918));
#500 = CARTESIAN_POINT('',(0.328982786966,0.503077760703));
#501 = CARTESIAN_POINT('',(0.366314030286,0.530922463759));
#502 = CARTESIAN_POINT('',(0.40685910352,0.555950847102));
#503 = CARTESIAN_POINT('',(0.473557714841,0.58953268959));
#504 = CARTESIAN_POINT('',(0.49759750264,0.600323809484));
#505 = CARTESIAN_POINT('',(0.522438084964,0.610178290156));
#506 = CARTESIAN_POINT('',(0.548026996374,0.619050563701));
#507 = CARTESIAN_POINT('',(0.574296907021,0.626898190508));
#508 = CARTESIAN_POINT('',(0.601165464489,0.63368339987));
#509 = CARTESIAN_POINT('',(0.62853685274,0.639374593279));
#510 = CARTESIAN_POINT('',(0.685924497948,0.648825908627));
#511 = CARTESIAN_POINT('',(0.715995440841,0.65243198422));
#512 = CARTESIAN_POINT('',(0.746389290598,0.654736905784));
#513 = CARTESIAN_POINT('',(0.776964414414,0.6557211899));
#514 = CARTESIAN_POINT('',(0.807570694796,0.655376746158));
#515 = CARTESIAN_POINT('',(0.838056975007,0.653707565109));
#516 = CARTESIAN_POINT('',(0.868278690706,0.650729294818));
#517 = CARTESIAN_POINT('',(0.929915535346,0.64192189908));
#518 = CARTESIAN_POINT('',(0.961275899819,0.635915956346));
#519 = CARTESIAN_POINT('',(0.9920228554,0.628481042896));
#520 = CARTESIAN_POINT('',(1.022010158605,0.619661494897));
#521 = CARTESIAN_POINT('',(1.051114254075,0.609512715835));
#522 = CARTESIAN_POINT('',(1.079237151811,0.598097998141));
#523 = CARTESIAN_POINT('',(1.10630559702,0.585485250768));
#524 = CARTESIAN_POINT('',(1.159960550279,0.557088045601));
#525 = CARTESIAN_POINT('',(1.186394636151,0.541148196961));
#526 = CARTESIAN_POINT('',(1.211506931113,0.524010292633));
#527 = CARTESIAN_POINT('',(1.235262363814,0.505762452846));
#528 = CARTESIAN_POINT('',(1.257649241866,0.486492269739));
#529 = CARTESIAN_POINT('',(1.27867301366,0.4662846142));
#530 = CARTESIAN_POINT('',(1.298350233004,0.445220485663));
#531 = CARTESIAN_POINT('',(1.336282633204,0.400076586591));
#532 = CARTESIAN_POINT('',(1.354355552718,0.375889389886));
#533 = CARTESIAN_POINT('',(1.370952121762,0.350908252065));
#534 = CARTESIAN_POINT('',(1.386110229112,0.325220842256));
#535 = CARTESIAN_POINT('',(1.399870880735,0.298908803978));
#536 = CARTESIAN_POINT('',(1.412274287719,0.272048109326));
#537 = CARTESIAN_POINT('',(1.423357454641,0.244709854834));
#538 = CARTESIAN_POINT('',(1.443600863241,0.187362366933));
#539 = CARTESIAN_POINT('',(1.452583638108,0.157296570556));
#540 = CARTESIAN_POINT('',(1.460140201887,0.126845045365));
#541 = CARTESIAN_POINT('',(1.46630345161,9.608388336048E-02));
#542 = CARTESIAN_POINT('',(1.471098211611,6.50851604352E-02));
#543 = CARTESIAN_POINT('',(1.478585188831,-2.711637442017E-03));
#544 = CARTESIAN_POINT('',(1.479697432477,-7.098242044336E-02));
#545 = CARTESIAN_POINT('',(1.474391542464,-0.139026379399));
#546 = CARTESIAN_POINT('',(1.469625128657,-0.175612943238));
#547 = CARTESIAN_POINT('',(1.462913390232,-0.211908806222));
#548 = CARTESIAN_POINT('',(1.454190833734,-0.247793607682));
#549 = CARTESIAN_POINT('',(1.443373555861,-0.28313703826));
#550 = CARTESIAN_POINT('',(1.417355399225,-0.352453987933));
#551 = CARTESIAN_POINT('',(1.402154538914,-0.386427502469));
#552 = CARTESIAN_POINT('',(1.38466477554,-0.419572524247));
#553 = CARTESIAN_POINT('',(1.364776251388,-0.451732126447));
#554 = CARTESIAN_POINT('',(1.342371360717,-0.48273329189));
#555 = CARTESIAN_POINT('',(1.317335996105,-0.51238353116));
#556 = CARTESIAN_POINT('',(1.289580709665,-0.540470590779));
#557 = CARTESIAN_POINT('',(1.238738604017,-0.584301318293));
#558 = CARTESIAN_POINT('',(1.217179544005,-0.60103866955));
#559 = CARTESIAN_POINT('',(1.194389299033,-0.616914285355));
#560 = CARTESIAN_POINT('',(1.170370593838,-0.631858826424));
#561 = CARTESIAN_POINT('',(1.145141900547,-0.645801231761));
#562 = CARTESIAN_POINT('',(1.11874277511,-0.658670431842));
#563 = CARTESIAN_POINT('',(1.091238160705,-0.670397825699));
#564 = CARTESIAN_POINT('',(1.024694255361,-0.694950486195));
#565 = CARTESIAN_POINT('',(0.984866132754,-0.706838667292));
#566 = CARTESIAN_POINT('',(0.943451349736,-0.716435505832));
#567 = CARTESIAN_POINT('',(0.900749243324,-0.723609239485));
#568 = CARTESIAN_POINT('',(0.857145815896,-0.728257714968));
#569 = CARTESIAN_POINT('',(0.813096842365,-0.730324401846));
#570 = CARTESIAN_POINT('',(0.76906835196,-0.729803808743));
#571 = CARTESIAN_POINT('',(0.700598774601,-0.724982886708));
#572 = CARTESIAN_POINT('',(0.675849955144,-0.722398069166));
#573 = CARTESIAN_POINT('',(0.651331740896,-0.718988946111));
#574 = CARTESIAN_POINT('',(0.627122427767,-0.714767892431));
#575 = CARTESIAN_POINT('',(0.60329446646,-0.709751791008));
#576 = CARTESIAN_POINT('',(0.579912579814,-0.703961451812));
#577 = CARTESIAN_POINT('',(0.557032742072,-0.697420867502));
#578 = CARTESIAN_POINT('',(0.509181194927,-0.681853949001));
#579 = CARTESIAN_POINT('',(0.484377586017,-0.67260599559));
#580 = CARTESIAN_POINT('',(0.460361471085,-0.662451684544));
#581 = CARTESIAN_POINT('',(0.437187973671,-0.651434257706));
#582 = CARTESIAN_POINT('',(0.414896795915,-0.639599381862));
#583 = CARTESIAN_POINT('',(0.393513789029,-0.626993727683));
#584 = CARTESIAN_POINT('',(0.37305335929,-0.613663846146));
#585 = CARTESIAN_POINT('',(0.341742940318,-0.591208743245));
#586 = CARTESIAN_POINT('',(0.330302494849,-0.582515316827));
#587 = CARTESIAN_POINT('',(0.319200519765,-0.573585237185));
#588 = CARTESIAN_POINT('',(0.308436936006,-0.564428422042));
#589 = CARTESIAN_POINT('',(0.298010635743,-0.555054622987));
#590 = CARTESIAN_POINT('',(0.287919662785,-0.545473385797));
#591 = CARTESIAN_POINT('',(0.278161374283,-0.535694021807));
#592 = CARTESIAN_POINT('',(0.268732583714,-0.525725590334));
#593 = ( GEOMETRIC_REPRESENTATION_CONTEXT(2) 
PARAMETRIC_REPRESENTATION_CONTEXT() REPRESENTATION_CONTEXT('2D SPACE',''
  ) );
#594 = PCURVE('',#595,#600);
#595 = SPHERICAL_SURFACE('',#596,40.);
#596 = AXIS2_PLACEMENT_3D('',#597,#598,#599);
#597 = CARTESIAN_POINT('',(38.,38.,-2.));
#598 = DIRECTION('',(0.,0.,1.));
#599 = DIRECTION('',(1.,0.,-0.));
#600 = DEFINITIONAL_REPRESENTATION('',(#601),#818);
#601 = B_SPLINE_CURVE_WITH_KNOTS('',8,(#602,#603,#604,#605,#606,#607,
    #608,#609,#610,#611,#612,#613,#614,#615,#616,#617,#618,#619,#620,
    #621,#622,#623,#624,#625,#626,#627,#628,#629,#630,#631,#632,#633,
    #634,#635,#636,#637,#638,#639,#640,#641,#642,#643,#644,#645,#646,
    #647,#648,#649,#650,#651,#652,#653,#654,#655,#656,#657,#658,#659,
    #660,#661,#662,#663,#664,#665,#666,#667,#668,#669,#670,#671,#672,
    #673,#674,#675,#676,#677,#678,#679,#680,#681,#682,#683,#684,#685,
    #686,#687,#688,#689,#690,#691,#692,#693,#694,#695,#696,#697,#698,
    #699,#700,#701,#702,#703,#704,#705,#706,#707,#708,#709,#710,#711,
    #712,#713,#714,#715,#716,#717,#718,#719,#720,#721,#722,#723,#724,
    #725,#726,#727,#728,#729,#730,#731,#732,#733,#734,#735,#736,#737,
    #738,#739,#740,#741,#742,#743,#744,#745,#746,#747,#748,#749,#750,
    #751,#752,#753,#754,#755,#756,#757,#758,#759,#760,#761,#762,#763,
    #764,#765,#766,#767,#768,#769,#770,#771,#772,#773,#774,#775,#776,
    #777,#778,#779,#780,#781,#782,#783,#784,#785,#786,#787,#788,#789,
    #790,#791,#792,#793,#794,#795,#796,#797,#798,#799,#800,#801,#802,
    #803,#804,#805,#806,#807,#808,#809,#810,#811,#812,#813,#814,#815,
    #816,#817),.UNSPECIFIED.,.F.,.F.,(9,7,7,7,7,7,7,7,7,7,7,7,7,7,7,7,7,
    7,4,7,7,7,7,7,7,7,7,7,7,7,7,9),(0.,0.414299223174,0.676000428456,
    0.811072018278,0.95050075616,1.021321702386,1.093266790615,
    1.166353864372,1.203185145635,1.240306436987,1.277720021971,
    1.353734924797,1.430956413382,1.509403639881,1.671359204266,
    1.838539141696,2.011111980333,2.379267369426,2.771966451124,
    3.192475651798,3.612984852472,3.893324319588,4.053518300797,
    4.138955090776,4.230087666752,4.327295747794,4.430984367572,
    4.541585562002,4.659560169394,4.785399750612,5.07303307911,
    5.076864892681),.UNSPECIFIED.);
#602 = CARTESIAN_POINT('',(5.349999835242,0.370948948948));
#603 = CARTESIAN_POINT('',(5.348961832555,0.422136397939));
#604 = CARTESIAN_POINT('',(5.347386970729,0.47331480663));
#605 = CARTESIAN_POINT('',(5.345224289889,0.524478634562));
#606 = CARTESIAN_POINT('',(5.342401771344,0.575621541765));
#607 = CARTESIAN_POINT('',(5.338819505633,0.626735881854));
#608 = CARTESIAN_POINT('',(5.334334807374,0.677811765905));
#609 = CARTESIAN_POINT('',(5.328745844304,0.728836076289));
#610 = CARTESIAN_POINT('',(5.31726176942,0.811972037498));
#611 = CARTESIAN_POINT('',(5.312237623451,0.844127508692));
#612 = CARTESIAN_POINT('',(5.306548225173,0.876248504954));
#613 = CARTESIAN_POINT('',(5.300083120121,0.908328292089));
#614 = CARTESIAN_POINT('',(5.292700971995,0.940358353338));
#615 = CARTESIAN_POINT('',(5.284210622762,0.972327229771));
#616 = CARTESIAN_POINT('',(5.274352508826,1.004219457369));
#617 = CARTESIAN_POINT('',(5.256709556268,1.052418668606));
#618 = CARTESIAN_POINT('',(5.250229613565,1.068799936785));
#619 = CARTESIAN_POINT('',(5.243219281954,1.085150843385));
#620 = CARTESIAN_POINT('',(5.235611359042,1.101467359764));
#621 = CARTESIAN_POINT('',(5.227324441411,1.117744589298));
#622 = CARTESIAN_POINT('',(5.218258872962,1.133976519585));
#623 = CARTESIAN_POINT('',(5.208289310721,1.150155546764));
#624 = CARTESIAN_POINT('',(5.185856657205,1.182907454629));
#625 = CARTESIAN_POINT('',(5.173323496319,1.199476203468));
#626 = CARTESIAN_POINT('',(5.159470294635,1.215966697097));
#627 = CARTESIAN_POINT('',(5.144070842231,1.232364934573));
#628 = CARTESIAN_POINT('',(5.126837333821,1.248653017561));
#629 = CARTESIAN_POINT('',(5.107393491777,1.26480706095));
#630 = CARTESIAN_POINT('',(5.085231458591,1.280794574473));
#631 = CARTESIAN_POINT('',(5.046598604109,1.304576465357));
#632 = CARTESIAN_POINT('',(5.032693380792,1.312531382806));
#633 = CARTESIAN_POINT('',(5.017799113793,1.32042395615));
#634 = CARTESIAN_POINT('',(5.001803619988,1.328246475743));
#635 = CARTESIAN_POINT('',(4.984575817471,1.335989805209));
#636 = CARTESIAN_POINT('',(4.965961386788,1.343642939934));
#637 = CARTESIAN_POINT('',(4.945777801452,1.351192360523));
#638 = CARTESIAN_POINT('',(4.901490938603,1.366167919672));
#639 = CARTESIAN_POINT('',(4.877330562771,1.373590196914));
#640 = CARTESIAN_POINT('',(4.851100956188,1.380870293535));
#641 = CARTESIAN_POINT('',(4.822540116525,1.387986883349));
#642 = CARTESIAN_POINT('',(4.791345558839,1.394913969741));
#643 = CARTESIAN_POINT('',(4.757173146892,1.401619713117));
#644 = CARTESIAN_POINT('',(4.7196398762,1.408064336358));
#645 = CARTESIAN_POINT('',(4.636468001024,1.420431651263));
#646 = CARTESIAN_POINT('',(4.590710159719,1.426344429524));
#647 = CARTESIAN_POINT('',(4.54072625669,1.431886806515));
#648 = CARTESIAN_POINT('',(4.486152318299,1.436998395911));
#649 = CARTESIAN_POINT('',(4.426714232466,1.441609432234));
#650 = CARTESIAN_POINT('',(4.362317644329,1.445639425898));
#651 = CARTESIAN_POINT('',(4.293362342678,1.449008139447));
#652 = CARTESIAN_POINT('',(4.184090843809,1.452983191327));
#653 = CARTESIAN_POINT('',(4.146536250935,1.454130872067));
#654 = CARTESIAN_POINT('',(4.108151382561,1.455086039779));
#655 = CARTESIAN_POINT('',(4.069075229148,1.455841456979));
#656 = CARTESIAN_POINT('',(4.029476098171,1.456391369105));
#657 = CARTESIAN_POINT('',(3.989544203737,1.456731973077));
#658 = CARTESIAN_POINT('',(3.949479856588,1.456861700658));
#659 = CARTESIAN_POINT('',(3.869165937969,1.45669995313));
#660 = CARTESIAN_POINT('',(3.828917418625,1.456405153542));
#661 = CARTESIAN_POINT('',(3.788936822432,1.455897355112));
#662 = CARTESIAN_POINT('',(3.749423760931,1.455179400152));
#663 = CARTESIAN_POINT('',(3.710561678412,1.454256335825));
#664 = CARTESIAN_POINT('',(3.672507343835,1.453135033224));
#665 = CARTESIAN_POINT('',(3.6353855371,1.45182365551));
#666 = CARTESIAN_POINT('',(3.562911969319,1.448826947555));
#667 = CARTESIAN_POINT('',(3.527576429395,1.447138754481));
#668 = CARTESIAN_POINT('',(3.493381015459,1.445275785248));
#669 = CARTESIAN_POINT('',(3.460390897328,1.443248073567));
#670 = CARTESIAN_POINT('',(3.428640605253,1.441065978511));
#671 = CARTESIAN_POINT('',(3.398139376724,1.438739773547));
#672 = CARTESIAN_POINT('',(3.368877787143,1.436279366651));
#673 = CARTESIAN_POINT('',(3.28385180831,1.428441713691));
#674 = CARTESIAN_POINT('',(3.23189218993,1.422674131953));
#675 = CARTESIAN_POINT('',(3.184759246455,1.416470373846));
#676 = CARTESIAN_POINT('',(3.142022100037,1.409900865158));
#677 = CARTESIAN_POINT('',(3.103203556253,1.403022457019));
#678 = CARTESIAN_POINT('',(3.067860730535,1.395881476031));
#679 = CARTESIAN_POINT('',(3.035592224825,1.388515578193));
#680 = CARTESIAN_POINT('',(2.976031277116,1.373275784021));
#681 = CARTESIAN_POINT('',(2.948825948906,1.365395679014));
#682 = CARTESIAN_POINT('',(2.924060915647,1.357347776391));
#683 = CARTESIAN_POINT('',(2.901419116521,1.349157263034));
#684 = CARTESIAN_POINT('',(2.880635756961,1.340844121121));
#685 = CARTESIAN_POINT('',(2.861489671159,1.332424523088));
#686 = CARTESIAN_POINT('',(2.843793123038,1.323911765671));
#687 = CARTESIAN_POINT('',(2.810720676169,1.306585621302));
#688 = CARTESIAN_POINT('',(2.795386032195,1.297769610363));
#689 = CARTESIAN_POINT('',(2.78121635543,1.288880454559));
#690 = CARTESIAN_POINT('',(2.768074582567,1.279927396799));
#691 = CARTESIAN_POINT('',(2.755846674274,1.270917962641));
#692 = CARTESIAN_POINT('',(2.744436349918,1.261858421585));
#693 = CARTESIAN_POINT('',(2.733761288473,1.252754089199));
#694 = CARTESIAN_POINT('',(2.703083971581,1.224730256439));
#695 = CARTESIAN_POINT('',(2.685249625441,1.205679343041));
#696 = CARTESIAN_POINT('',(2.669625160934,1.186496463887));
#697 = CARTESIAN_POINT('',(2.655795535355,1.167207237903));
#698 = CARTESIAN_POINT('',(2.643453321883,1.147830563564));
#699 = CARTESIAN_POINT('',(2.632365695923,1.128380564978));
#700 = CARTESIAN_POINT('',(2.622349586845,1.108868324582));
#701 = CARTESIAN_POINT('',(2.603874748342,1.069105816235));
#702 = CARTESIAN_POINT('',(2.595476663901,1.048852046451));
#703 = CARTESIAN_POINT('',(2.587903739775,1.028551021807));
#704 = CARTESIAN_POINT('',(2.581036460028,1.008209895152));
#705 = CARTESIAN_POINT('',(2.574781132364,0.987834263663));
#706 = CARTESIAN_POINT('',(2.569061983608,0.967428655759));
#707 = CARTESIAN_POINT('',(2.563817160141,0.94699676947));
#708 = CARTESIAN_POINT('',(2.554017250013,0.905426796807));
#709 = CARTESIAN_POINT('',(2.549489861308,0.884287191369));
#710 = CARTESIAN_POINT('',(2.545356120335,0.863126286054));
#711 = CARTESIAN_POINT('',(2.54157084859,0.841946799886));
#712 = CARTESIAN_POINT('',(2.538097230996,0.820750961854));
#713 = CARTESIAN_POINT('',(2.534904510422,0.799540649271));
#714 = CARTESIAN_POINT('',(2.5319665305,0.778317474739));
#715 = CARTESIAN_POINT('',(2.523489598672,0.711782228614));
#716 = CARTESIAN_POINT('',(2.518776475454,0.666429400271));
#717 = CARTESIAN_POINT('',(2.51490591838,0.621037808458));
#718 = CARTESIAN_POINT('',(2.511740516693,0.575616441072));
#719 = CARTESIAN_POINT('',(2.509180188487,0.530172248087));
#720 = CARTESIAN_POINT('',(2.507152431902,0.484710728736));
#721 = CARTESIAN_POINT('',(2.505602829012,0.439236525415));
#722 = CARTESIAN_POINT('',(2.503305860854,0.345238667434));
#723 = CARTESIAN_POINT('',(2.502618854862,0.296713824116));
#724 = CARTESIAN_POINT('',(2.502381831262,0.24818408109));
#725 = CARTESIAN_POINT('',(2.502564512263,0.199653617862));
#726 = CARTESIAN_POINT('',(2.503775250715,9.916236007995E-02));
#727 = CARTESIAN_POINT('',(2.506677241894,-1.299266691823E-03));
#728 = CARTESIAN_POINT('',(2.511289131586,-0.10169673632));
#729 = CARTESIAN_POINT('',(2.517815128863,-0.2019887189));
#730 = CARTESIAN_POINT('',(2.521744445891,-0.253814828691));
#731 = CARTESIAN_POINT('',(2.526288516,-0.305598326007));
#732 = CARTESIAN_POINT('',(2.531530926765,-0.357329414413));
#733 = CARTESIAN_POINT('',(2.543655325832,-0.46066028687));
#734 = CARTESIAN_POINT('',(2.550537352178,-0.512260066684));
#735 = CARTESIAN_POINT('',(2.558360513924,-0.563780965644));
#736 = CARTESIAN_POINT('',(2.567285488381,-0.615206141328));
#737 = CARTESIAN_POINT('',(2.577523274902,-0.666514073453));
#738 = CARTESIAN_POINT('',(2.589372252805,-0.717674640343));
#739 = CARTESIAN_POINT('',(2.603246922135,-0.768646541388));
#740 = CARTESIAN_POINT('',(2.630925507183,-0.853166683576));
#741 = CARTESIAN_POINT('',(2.643211402671,-0.886859261817));
#742 = CARTESIAN_POINT('',(2.656921175247,-0.920415296909));
#743 = CARTESIAN_POINT('',(2.672322823571,-0.953807641707));
#744 = CARTESIAN_POINT('',(2.689765094542,-0.987001047881));
#745 = CARTESIAN_POINT('',(2.709722677403,-1.019946464807));
#746 = CARTESIAN_POINT('',(2.732856772975,-1.052575698317));
#747 = CARTESIAN_POINT('',(2.775853752013,-1.103173741326));
#748 = CARTESIAN_POINT('',(2.792869459761,-1.121432464025));
#749 = CARTESIAN_POINT('',(2.811461815911,-1.139529286847));
#750 = CARTESIAN_POINT('',(2.831868315769,-1.15743794389));
#751 = CARTESIAN_POINT('',(2.854381514131,-1.175125522684));
#752 = CARTESIAN_POINT('',(2.879363651105,-1.192549925184));
#753 = CARTESIAN_POINT('',(2.907277898607,-1.209655676028));
#754 = CARTESIAN_POINT('',(2.955472776046,-1.235278161632));
#755 = CARTESIAN_POINT('',(2.973236659236,-1.244077851269));
#756 = CARTESIAN_POINT('',(2.992089709956,-1.252753415727));
#757 = CARTESIAN_POINT('',(3.012130571826,-1.261291479034));
#758 = CARTESIAN_POINT('',(3.033468332739,-1.269676616238));
#759 = CARTESIAN_POINT('',(3.05622328782,-1.277890909695));
#760 = CARTESIAN_POINT('',(3.080525806212,-1.285913454671));
#761 = CARTESIAN_POINT('',(3.134228877213,-1.302046750834));
#762 = CARTESIAN_POINT('',(3.163861253193,-1.31012772564));
#763 = CARTESIAN_POINT('',(3.195572621379,-1.317933258127));
#764 = CARTESIAN_POINT('',(3.229532823271,-1.32542928966));
#765 = CARTESIAN_POINT('',(3.265911432924,-1.332576773863));
#766 = CARTESIAN_POINT('',(3.304861111846,-1.339331040278));
#767 = CARTESIAN_POINT('',(3.346488507011,-1.345642176289));
#768 = CARTESIAN_POINT('',(3.438088535764,-1.357660714978));
#769 = CARTESIAN_POINT('',(3.488432497442,-1.363299821636));
#770 = CARTESIAN_POINT('',(3.541865065392,-1.368311100778));
#771 = CARTESIAN_POINT('',(3.598291828763,-1.372627347737));
#772 = CARTESIAN_POINT('',(3.657458449652,-1.376181474223));
#773 = CARTESIAN_POINT('',(3.718866924524,-1.378913546838));
#774 = CARTESIAN_POINT('',(3.781816176419,-1.380782840585));
#775 = CARTESIAN_POINT('',(3.913488563836,-1.38282485091));
#776 = CARTESIAN_POINT('',(3.982316797677,-1.38287614858));
#777 = CARTESIAN_POINT('',(4.051068834984,-1.381902513191));
#778 = CARTESIAN_POINT('',(4.118699060989,-1.379910260144));
#779 = CARTESIAN_POINT('',(4.184213030609,-1.376940773296));
#780 = CARTESIAN_POINT('',(4.246936390959,-1.373061559061));
#781 = CARTESIAN_POINT('',(4.306464190038,-1.368349599746));
#782 = CARTESIAN_POINT('',(4.422495325375,-1.357054427387));
#783 = CARTESIAN_POINT('',(4.478532465218,-1.350367399891));
#784 = CARTESIAN_POINT('',(4.530490657551,-1.342919243294));
#785 = CARTESIAN_POINT('',(4.578420645059,-1.334808763075));
#786 = CARTESIAN_POINT('',(4.622559998286,-1.326125036664));
#787 = CARTESIAN_POINT('',(4.663196822635,-1.316944416657));
#788 = CARTESIAN_POINT('',(4.700638061171,-1.307331993708));
#789 = CARTESIAN_POINT('',(4.772023501125,-1.286687689554));
#790 = CARTESIAN_POINT('',(4.805568199752,-1.275603901337));
#791 = CARTESIAN_POINT('',(4.836172772772,-1.26415827913));
#792 = CARTESIAN_POINT('',(4.864183997124,-1.252404729811));
#793 = CARTESIAN_POINT('',(4.889904450953,-1.240386428663));
#794 = CARTESIAN_POINT('',(4.913596609402,-1.228138657741));
#795 = CARTESIAN_POINT('',(4.935486062721,-1.215690463086));
#796 = CARTESIAN_POINT('',(4.977400616936,-1.189600034394));
#797 = CARTESIAN_POINT('',(4.997204120422,-1.175933529163));
#798 = CARTESIAN_POINT('',(5.015413912677,-1.162095900873));
#799 = CARTESIAN_POINT('',(5.032225323075,-1.148110322048));
#800 = CARTESIAN_POINT('',(5.047801010886,-1.133995445273));
#801 = CARTESIAN_POINT('',(5.062277692236,-1.119766642231));
#802 = CARTESIAN_POINT('',(5.075771489937,-1.105436819821));
#803 = CARTESIAN_POINT('',(5.117205714706,-1.058056798447));
#804 = CARTESIAN_POINT('',(5.141414277969,-1.024625654477));
#805 = CARTESIAN_POINT('',(5.162195359,-0.990853071614));
#806 = CARTESIAN_POINT('',(5.180282019861,-0.9568145967));
#807 = CARTESIAN_POINT('',(5.196196361519,-0.92256428343));
#808 = CARTESIAN_POINT('',(5.210318490068,-0.888140509747));
#809 = CARTESIAN_POINT('',(5.222938834416,-0.853572713857));
#810 = CARTESIAN_POINT('',(5.234434144705,-0.818421460985));
#811 = CARTESIAN_POINT('',(5.234585043968,-0.817959315416));
#812 = CARTESIAN_POINT('',(5.234735717284,-0.817497148369));
#813 = CARTESIAN_POINT('',(5.234886165186,-0.817034959897));
#814 = CARTESIAN_POINT('',(5.235036388203,-0.816572750053));
#815 = CARTESIAN_POINT('',(5.235186386862,-0.81611051889));
#816 = CARTESIAN_POINT('',(5.23533616169,-0.815648266461));
#817 = CARTESIAN_POINT('',(5.235485713209,-0.81518599282));
#818 = ( GEOMETRIC_REPRESENTATION_CONTEXT(2) 
PARAMETRIC_REPRESENTATION_CONTEXT() REPRESENTATION_CONTEXT('2D SPACE',''
  ) );
#819 = ORIENTED_EDGE('',*,*,#820,.F.);
#820 = EDGE_CURVE('',#821,#477,#823,.T.);
#821 = VERTEX_POINT('',#822);
#822 = CARTESIAN_POINT('',(32.271055254184,32.453975841841,
    41.824854391123));
#823 = SURFACE_CURVE('',#824,(#893,#965),.PCURVE_S1.);
#824 = B_SPLINE_CURVE_WITH_KNOTS('',7,(#825,#826,#827,#828,#829,#830,
    #831,#832,#833,#834,#835,#836,#837,#838,#839,#840,#841,#842,#843,
    #844,#845,#846,#847,#848,#849,#850,#851,#852,#853,#854,#855,#856,
    #857,#858,#859,#860,#861,#862,#863,#864,#865,#866,#867,#868,#869,
    #870,#871,#872,#873,#874,#875,#876,#877,#878,#879,#880,#881,#882,
    #883,#884,#885,#886,#887,#888,#889,#890,#891,#892),.UNSPECIFIED.,.F.
  ,.F.,(8,6,6,6,6,6,6,6,6,6,6,8),(0.,0.18082095119,0.315785292381,
    0.391843034556,0.428878717823,0.451403649437,0.500045732822,
    0.569382289887,0.604870219226,0.676547794892,0.813473040351,1.),
  .UNSPECIFIED.);
#825 = CARTESIAN_POINT('',(3.785129693996,43.53352051992,43.98301245187)
  );
#826 = CARTESIAN_POINT('',(4.249678840461,42.753457996655,
    44.715124403729));
#827 = CARTESIAN_POINT('',(4.74570534993,41.957440596205,45.424237313046
    ));
#828 = CARTESIAN_POINT('',(5.27772734982,41.146517415074,46.10794488605)
  );
#829 = CARTESIAN_POINT('',(5.850488511327,40.322476410038,
    46.762922002146));
#830 = CARTESIAN_POINT('',(6.469136475295,39.487991834022,
    47.384889578243));
#831 = CARTESIAN_POINT('',(7.139167924376,38.64671025923,47.968700525927
    ));
#832 = CARTESIAN_POINT('',(8.410942148674,37.173925319729,
    48.910212746393));
#833 = CARTESIAN_POINT('',(8.986554229221,36.543741017994,
    49.287444509599));
#834 = CARTESIAN_POINT('',(9.597152364722,35.914623986728,
    49.636968058218));
#835 = CARTESIAN_POINT('',(10.245501344786,35.28940182652,
    49.955327581731));
#836 = CARTESIAN_POINT('',(10.934151629682,34.672003366014,
    50.238253781204));
#837 = CARTESIAN_POINT('',(11.665287510443,34.06745376264,
    50.480814734562));
#838 = CARTESIAN_POINT('',(12.87797001942,33.151953830834,
    50.787971230792));
#839 = CARTESIAN_POINT('',(13.329027314843,32.82813407545,
    50.883997563712));
#840 = CARTESIAN_POINT('',(13.794315479079,32.511624566949,
    50.964310138375));
#841 = CARTESIAN_POINT('',(14.273889208455,32.203812048756,
    51.027774082046));
#842 = CARTESIAN_POINT('',(14.767568233359,31.90628737675,
    51.073195664777));
#843 = CARTESIAN_POINT('',(15.274883023952,31.620802367625,
    51.099384805749));
#844 = CARTESIAN_POINT('',(16.048267483169,31.216953900469,
    51.108086862428));
#845 = CARTESIAN_POINT('',(16.304558714294,31.088001191491,
    51.106114349045));
#846 = CARTESIAN_POINT('',(16.563767923211,30.96256510055,
    51.099193077222));
#847 = CARTESIAN_POINT('',(16.825764672631,30.84086975311,
    51.087202203122));
#848 = CARTESIAN_POINT('',(17.090392185033,30.723142290267,
    51.070030450566));
#849 = CARTESIAN_POINT('',(17.357465091703,30.609609331615,
    51.047580015325));
#850 = CARTESIAN_POINT('',(17.790555469946,30.434129655335,
    51.002856831938));
#851 = CARTESIAN_POINT('',(17.95516861967,30.369399614326,
    50.983960840088));
#852 = CARTESIAN_POINT('',(18.120557775932,30.306353408087,
    50.963064474312));
#853 = CARTESIAN_POINT('',(18.286670524826,30.245040234151,
    50.94015208334));
#854 = CARTESIAN_POINT('',(18.453450755488,30.185508032653,
    50.915210738545));
#855 = CARTESIAN_POINT('',(18.620838522016,30.127803124426,
    50.888230588314));
#856 = CARTESIAN_POINT('',(19.151413952079,29.951399146278,
    50.796525565766));
#857 = CARTESIAN_POINT('',(19.516617455175,29.839548560376,
    50.724303872562));
#858 = CARTESIAN_POINT('',(19.883704032036,29.736877001988,
    50.642480033357));
#859 = CARTESIAN_POINT('',(20.251959666511,29.643779703868,
    50.551063593649));
#860 = CARTESIAN_POINT('',(20.620632012972,29.560577718153,
    50.450142432799));
#861 = CARTESIAN_POINT('',(20.988929700356,29.487507413622,
    50.339891452935));
#862 = CARTESIAN_POINT('',(21.879290566875,29.335195749327,
    50.050511302106));
#863 = CARTESIAN_POINT('',(22.400247231836,29.266531019843,
    49.861989689725));
#864 = CARTESIAN_POINT('',(22.91639355773,29.219156995298,
    49.655815571375));
#865 = CARTESIAN_POINT('',(23.425541409818,29.193014924707,
    49.433056168974));
#866 = CARTESIAN_POINT('',(23.925777033042,29.187653973843,
    49.194965761854));
#867 = CARTESIAN_POINT('',(24.415437487359,29.202312892764,
    48.942931861321));
#868 = CARTESIAN_POINT('',(25.137576470942,29.253204698764,
    48.543080398831));
#869 = CARTESIAN_POINT('',(25.378942088759,29.275414450096,
    48.404433450584));
#870 = CARTESIAN_POINT('',(25.617026567162,29.302472259147,
    48.262693901607));
#871 = CARTESIAN_POINT('',(25.851688008297,29.334232387249,
    48.118045763477));
#872 = CARTESIAN_POINT('',(26.082809647493,29.370539485963,
    47.970669017782));
#873 = CARTESIAN_POINT('',(26.310297520684,29.411232258825,
    47.82073773727));
#874 = CARTESIAN_POINT('',(26.986064257409,29.546864971144,
    47.360767271611));
#875 = CARTESIAN_POINT('',(27.422895095956,29.654800355111,
    47.043395044904));
#876 = CARTESIAN_POINT('',(27.844026221044,29.778609866286,
    46.717637434499));
#877 = CARTESIAN_POINT('',(28.249215013569,29.916915168791,
    46.384715219168));
#878 = CARTESIAN_POINT('',(28.638452623062,30.068378589939,
    46.045707412985));
#879 = CARTESIAN_POINT('',(29.011912003529,30.231756440917,
    45.701530517094));
#880 = CARTESIAN_POINT('',(30.053797328184,30.738652908753,
    44.686982056613));
#881 = CARTESIAN_POINT('',(30.680828623077,31.110558386735,
    44.005302178136));
#882 = CARTESIAN_POINT('',(31.253875777707,31.514017987552,
    43.312561713286));
#883 = CARTESIAN_POINT('',(31.775961678293,31.942577513694,
    42.61242988954));
#884 = CARTESIAN_POINT('',(32.250430287024,32.390870268499,
    41.907609293926));
#885 = CARTESIAN_POINT('',(32.680703578019,32.854705426018,
    41.199791816261));
#886 = CARTESIAN_POINT('',(33.600623656847,33.979921929219,
    39.522163731846));
#887 = CARTESIAN_POINT('',(34.054781820219,34.651343801412,
    38.551303880462));
#888 = CARTESIAN_POINT('',(34.441005088488,35.337139695727,
    37.579225622672));
#889 = CARTESIAN_POINT('',(34.765963309507,36.031004320909,
    36.607553890443));
#890 = CARTESIAN_POINT('',(35.035823546093,36.727911170958,
    35.637209618055));
#891 = CARTESIAN_POINT('',(35.256075014907,37.424060260202,
    34.668376154699));
#892 = CARTESIAN_POINT('',(35.431666802805,38.116637541197,
    33.700429227653));
#893 = PCURVE('',#33,#894);
#894 = DEFINITIONAL_REPRESENTATION('',(#895),#964);
#895 = B_SPLINE_CURVE_WITH_KNOTS('',7,(#896,#897,#898,#899,#900,#901,
    #902,#903,#904,#905,#906,#907,#908,#909,#910,#911,#912,#913,#914,
    #915,#916,#917,#918,#919,#920,#921,#922,#923,#924,#925,#926,#927,
    #928,#929,#930,#931,#932,#933,#934,#935,#936,#937,#938,#939,#940,
    #941,#942,#943,#944,#945,#946,#947,#948,#949,#950,#951,#952,#953,
    #954,#955,#956,#957,#958,#959,#960,#961,#962,#963),.UNSPECIFIED.,.F.
  ,.F.,(8,6,6,6,6,6,6,6,6,6,6,8),(0.,0.18082095119,0.315785292381,
    0.391843034556,0.428878717823,0.451403649437,0.500045732822,
    0.569382289887,0.604870219226,0.676547794892,0.813473040351,1.),
  .UNSPECIFIED.);
#896 = CARTESIAN_POINT('',(1.484066966814,0.788651408084));
#897 = CARTESIAN_POINT('',(1.471929672773,0.805405399084));
#898 = CARTESIAN_POINT('',(1.458565531006,0.821962683549));
#899 = CARTESIAN_POINT('',(1.443777271161,0.838261960578));
#900 = CARTESIAN_POINT('',(1.427343091351,0.85421280095));
#901 = CARTESIAN_POINT('',(1.4090150643,0.869689175736));
#902 = CARTESIAN_POINT('',(1.388525386244,0.884522881275));
#903 = CARTESIAN_POINT('',(1.348508831911,0.908905949485));
#904 = CARTESIAN_POINT('',(1.330066804745,0.918834579093));
#905 = CARTESIAN_POINT('',(1.310174316841,0.928179555874));
#906 = CARTESIAN_POINT('',(1.288739958677,0.936818912307));
#907 = CARTESIAN_POINT('',(1.265708347813,0.944599371056));
#908 = CARTESIAN_POINT('',(1.241100125679,0.951340194946));
#909 = CARTESIAN_POINT('',(1.200347681516,0.959939549809));
#910 = CARTESIAN_POINT('',(1.185201934356,0.962643863574));
#911 = CARTESIAN_POINT('',(1.169623622883,0.964916912649));
#912 = CARTESIAN_POINT('',(1.153653358777,0.966719860021));
#913 = CARTESIAN_POINT('',(1.137350630534,0.968013124899));
#914 = CARTESIAN_POINT('',(1.120794391915,0.968759128618));
#915 = CARTESIAN_POINT('',(1.095942570064,0.96900702584));
#916 = CARTESIAN_POINT('',(1.087767235308,0.968950846567));
#917 = CARTESIAN_POINT('',(1.079566421511,0.968753631559));
#918 = CARTESIAN_POINT('',(1.071352651455,0.968412043827));
#919 = CARTESIAN_POINT('',(1.063139404765,0.967923212696));
#920 = CARTESIAN_POINT('',(1.054940966414,0.967284861709));
#921 = CARTESIAN_POINT('',(1.041804114934,0.96601531177));
#922 = CARTESIAN_POINT('',(1.036846947874,0.965479303825));
#923 = CARTESIAN_POINT('',(1.031904136797,0.964887063866));
#924 = CARTESIAN_POINT('',(1.026979109036,0.964238341027));
#925 = CARTESIAN_POINT('',(1.022075336744,0.963532991445));
#926 = CARTESIAN_POINT('',(1.017196317153,0.962770987304));
#927 = CARTESIAN_POINT('',(1.001870436319,0.960184760903));
#928 = CARTESIAN_POINT('',(0.991526362401,0.958153231427));
#929 = CARTESIAN_POINT('',(0.981349654848,0.95585891382));
#930 = CARTESIAN_POINT('',(0.971375091192,0.953305512615));
#931 = CARTESIAN_POINT('',(0.961635176462,0.950499399899));
#932 = CARTESIAN_POINT('',(0.952159416924,0.947449654704));
#933 = CARTESIAN_POINT('',(0.929879719074,0.939490433926));
#934 = CARTESIAN_POINT('',(0.917371535871,0.934340526642));
#935 = CARTESIAN_POINT('',(0.905526797449,0.928752998415));
#936 = CARTESIAN_POINT('',(0.894395818941,0.922770099419));
#937 = CARTESIAN_POINT('',(0.884005098461,0.916437950892));
#938 = CARTESIAN_POINT('',(0.87436171906,0.909804061725));
#939 = CARTESIAN_POINT('',(0.860901690234,0.89939072877));
#940 = CARTESIAN_POINT('',(0.856538162376,0.895798326968));
#941 = CARTESIAN_POINT('',(0.852366627929,0.892144954825));
#942 = CARTESIAN_POINT('',(0.848384658325,0.888436421344));
#943 = CARTESIAN_POINT('',(0.84458893298,0.884678264181));
#944 = CARTESIAN_POINT('',(0.840975455787,0.880875706672));
#945 = CARTESIAN_POINT('',(0.830600468091,0.869273460022));
#946 = CARTESIAN_POINT('',(0.824386948947,0.861352570018));
#947 = CARTESIAN_POINT('',(0.818861305876,0.853310187355));
#948 = CARTESIAN_POINT('',(0.813978717063,0.845180094059));
#949 = CARTESIAN_POINT('',(0.80969242135,0.836990438329));
#950 = CARTESIAN_POINT('',(0.805956740043,0.828763798102));
#951 = CARTESIAN_POINT('',(0.796560583177,0.80476459217));
#952 = CARTESIAN_POINT('',(0.792247487875,0.788950008955));
#953 = CARTESIAN_POINT('',(0.789476818659,0.773182381086));
#954 = CARTESIAN_POINT('',(0.787991070326,0.757533239897));
#955 = CARTESIAN_POINT('',(0.787579064152,0.742046239494));
#956 = CARTESIAN_POINT('',(0.788069857394,0.726741079554));
#957 = CARTESIAN_POINT('',(0.791040550162,0.691011193504));
#958 = CARTESIAN_POINT('',(0.794174841454,0.670761079624));
#959 = CARTESIAN_POINT('',(0.798380643525,0.650871404285));
#960 = CARTESIAN_POINT('',(0.803419540211,0.631337725563));
#961 = CARTESIAN_POINT('',(0.809105805613,0.612144690896));
#962 = CARTESIAN_POINT('',(0.815298688273,0.593266646735));
#963 = CARTESIAN_POINT('',(0.821888181187,0.574667000743));
#964 = ( GEOMETRIC_REPRESENTATION_CONTEXT(2) 
PARAMETRIC_REPRESENTATION_CONTEXT() REPRESENTATION_CONTEXT('2D SPACE',''
  ) );
#965 = PCURVE('',#966,#971);
#966 = CONICAL_SURFACE('',#967,17.,0.278299659005);
#967 = AXIS2_PLACEMENT_3D('',#968,#969,#970);
#968 = CARTESIAN_POINT('',(19.945126372189,43.,38.732311240067));
#969 = DIRECTION('',(-0.309016994375,-0.,-0.951056516295));
#970 = DIRECTION('',(0.951056516295,0.,-0.309016994375));
#971 = DEFINITIONAL_REPRESENTATION('',(#972),#1041);
#972 = B_SPLINE_CURVE_WITH_KNOTS('',7,(#973,#974,#975,#976,#977,#978,
    #979,#980,#981,#982,#983,#984,#985,#986,#987,#988,#989,#990,#991,
    #992,#993,#994,#995,#996,#997,#998,#999,#1000,#1001,#1002,#1003,
    #1004,#1005,#1006,#1007,#1008,#1009,#1010,#1011,#1012,#1013,#1014,
    #1015,#1016,#1017,#1018,#1019,#1020,#1021,#1022,#1023,#1024,#1025,
    #1026,#1027,#1028,#1029,#1030,#1031,#1032,#1033,#1034,#1035,#1036,
    #1037,#1038,#1039,#1040),.UNSPECIFIED.,.F.,.F.,(8,6,6,6,6,6,6,6,6,6,
    6,8),(0.,0.18082095119,0.315785292381,0.391843034556,0.428878717823,
    0.451403649437,0.500045732822,0.569382289887,0.604870219226,
    0.676547794892,0.813473040351,1.),.UNSPECIFIED.);
#973 = CARTESIAN_POINT('',(-3.110203939553,5.255334951282E-14));
#974 = CARTESIAN_POINT('',(-3.155669391782,-0.839833423453));
#975 = CARTESIAN_POINT('',(-3.203501838061,-1.667520497734));
#976 = CARTESIAN_POINT('',(-3.253885620068,-2.482168879629));
#977 = CARTESIAN_POINT('',(-3.30702266681,-3.282082066537));
#978 = CARTESIAN_POINT('',(-3.363146698074,-4.064781117112));
#979 = CARTESIAN_POINT('',(-3.422527222098,-4.827069427722));
#980 = CARTESIAN_POINT('',(-3.532603744558,-6.115500608484));
#981 = CARTESIAN_POINT('',(-3.581652303133,-6.652143250093));
#982 = CARTESIAN_POINT('',(-3.632876635018,-7.173245099202));
#983 = CARTESIAN_POINT('',(-3.686438540964,-7.676373851699));
#984 = CARTESIAN_POINT('',(-3.742492337934,-8.158257298546));
#985 = CARTESIAN_POINT('',(-3.801185848437,-8.614879886191));
#986 = CARTESIAN_POINT('',(-3.897351060807,-9.281742577508));
#987 = CARTESIAN_POINT('',(-3.932892725173,-9.512453416889));
#988 = CARTESIAN_POINT('',(-3.969338819424,-9.732617164393));
#989 = CARTESIAN_POINT('',(-4.006700821869,-9.941171394005));
#990 = CARTESIAN_POINT('',(-4.04497780552,-10.1369250947));
#991 = CARTESIAN_POINT('',(-4.084153786632,-10.31860133967));
#992 = CARTESIAN_POINT('',(-4.143689975292,-10.56586642846));
#993 = CARTESIAN_POINT('',(-4.163390649696,-10.64318880268));
#994 = CARTESIAN_POINT('',(-4.18329026437,-10.71670633267));
#995 = CARTESIAN_POINT('',(-4.203382548838,-10.78626378176));
#996 = CARTESIAN_POINT('',(-4.223659688261,-10.85170687311));
#997 = CARTESIAN_POINT('',(-4.244112146635,-10.91288530727));
#998 = CARTESIAN_POINT('',(-4.277267254841,-11.00418331926));
#999 = CARTESIAN_POINT('',(-4.289866661938,-11.03708042384));
#1000 = CARTESIAN_POINT('',(-4.302524119741,-11.06831485898));
#1001 = CARTESIAN_POINT('',(-4.315236826033,-11.09785554263));
#1002 = CARTESIAN_POINT('',(-4.328001751629,-11.12567283974));
#1003 = CARTESIAN_POINT('',(-4.340815624088,-11.15173885656));
#1004 = CARTESIAN_POINT('',(-4.381444253324,-11.22847902197));
#1005 = CARTESIAN_POINT('',(-4.409427259793,-11.2726461989));
#1006 = CARTESIAN_POINT('',(-4.437585807114,-11.30826309409));
#1007 = CARTESIAN_POINT('',(-4.46587993376,-11.33511814273));
#1008 = CARTESIAN_POINT('',(-4.494267238483,-11.35306243549));
#1009 = CARTESIAN_POINT('',(-4.522702278395,-11.36201776705));
#1010 = CARTESIAN_POINT('',(-4.591666592773,-11.3619375278));
#1011 = CARTESIAN_POINT('',(-4.632205108472,-11.34362728269));
#1012 = CARTESIAN_POINT('',(-4.672602330534,-11.30704203023));
#1013 = CARTESIAN_POINT('',(-4.712730128043,-11.25252058795));
#1014 = CARTESIAN_POINT('',(-4.75247588527,-11.18066446356));
#1015 = CARTESIAN_POINT('',(-4.791738758962,-11.09227938199));
#1016 = CARTESIAN_POINT('',(-4.850229571494,-10.93515126126));
#1017 = CARTESIAN_POINT('',(-4.869883619144,-10.87787625543));
#1018 = CARTESIAN_POINT('',(-4.889379465264,-10.81664608368));
#1019 = CARTESIAN_POINT('',(-4.908708321163,-10.75159190258));
#1020 = CARTESIAN_POINT('',(-4.927862871804,-10.68284880252));
#1021 = CARTESIAN_POINT('',(-4.946837130066,-10.61055330002));
#1022 = CARTESIAN_POINT('',(-5.003576138471,-10.38191879723));
#1023 = CARTESIAN_POINT('',(-5.040768237105,-10.21506802571));
#1024 = CARTESIAN_POINT('',(-5.07716804045,-10.03539080211));
#1025 = CARTESIAN_POINT('',(-5.112757920173,-9.843973182629));
#1026 = CARTESIAN_POINT('',(-5.147533348513,-9.641838635667));
#1027 = CARTESIAN_POINT('',(-5.18150064266,-9.429912251345));
#1028 = CARTESIAN_POINT('',(-5.278051476232,-8.786979598415));
#1029 = CARTESIAN_POINT('',(-5.33849699616,-8.332426834088));
#1030 = CARTESIAN_POINT('',(-5.396182223288,-7.850672810257));
#1031 = CARTESIAN_POINT('',(-5.451256873303,-7.346141292811));
#1032 = CARTESIAN_POINT('',(-5.503881494862,-6.822435935936));
#1033 = CARTESIAN_POINT('',(-5.554227889103,-6.282223270597));
#1034 = CARTESIAN_POINT('',(-5.668217933679,-4.970975086819));
#1035 = CARTESIAN_POINT('',(-5.730005623947,-4.187975089367));
#1036 = CARTESIAN_POINT('',(-5.78829109041,-3.382823281463));
#1037 = CARTESIAN_POINT('',(-5.8433724579,-2.559126161587));
#1038 = CARTESIAN_POINT('',(-5.895509274062,-1.719665317491));
#1039 = CARTESIAN_POINT('',(-5.944924929921,-0.866311385863));
#1040 = CARTESIAN_POINT('',(-5.991823800375,0.));
#1041 = ( GEOMETRIC_REPRESENTATION_CONTEXT(2) 
PARAMETRIC_REPRESENTATION_CONTEXT() REPRESENTATION_CONTEXT('2D SPACE',''
  ) );
#1042 = ORIENTED_EDGE('',*,*,#1043,.F.);
#1043 = EDGE_CURVE('',#1044,#821,#1046,.T.);
#1044 = VERTEX_POINT('',#1045);
#1045 = CARTESIAN_POINT('',(39.038442591886,26.491120303126,
    40.227112064941));
#1046 = SURFACE_CURVE('',#1047,(#1052,#1062),.PCURVE_S1.);
#1047 = CIRCLE('',#1048,53.103672189407);
#1048 = AXIS2_PLACEMENT_3D('',#1049,#1050,#1051);
#1049 = CARTESIAN_POINT('',(0.,-8.282209443281,30.90962644125));
#1050 = DIRECTION('',(0.,-0.258819045103,0.965925826289));
#1051 = DIRECTION('',(0.,-0.965925826289,-0.258819045103));
#1052 = PCURVE('',#33,#1053);
#1053 = DEFINITIONAL_REPRESENTATION('',(#1054),#1061);
#1054 = B_SPLINE_CURVE_WITH_KNOTS('',5,(#1055,#1056,#1057,#1058,#1059,
    #1060),.UNSPECIFIED.,.F.,.F.,(6,6),(2.315724785308,2.547341380873),
  .PIECEWISE_BEZIER_KNOTS.);
#1055 = CARTESIAN_POINT('',(0.596212270301,0.706038466621));
#1056 = CARTESIAN_POINT('',(0.646697438926,0.715959280884));
#1057 = CARTESIAN_POINT('',(0.697860603865,0.72545524383));
#1058 = CARTESIAN_POINT('',(0.749712504375,0.734466120995));
#1059 = CARTESIAN_POINT('',(0.80224779357,0.742931533444));
#1060 = CARTESIAN_POINT('',(0.855437327007,0.750795214399));
#1061 = ( GEOMETRIC_REPRESENTATION_CONTEXT(2) 
PARAMETRIC_REPRESENTATION_CONTEXT() REPRESENTATION_CONTEXT('2D SPACE',''
  ) );
#1062 = PCURVE('',#1063,#1068);
#1063 = PLANE('',#1064);
#1064 = AXIS2_PLACEMENT_3D('',#1065,#1066,#1067);
#1065 = CARTESIAN_POINT('',(23.5,21.66149117168,38.933016839428));
#1066 = DIRECTION('',(0.,-0.258819045103,0.965925826289));
#1067 = DIRECTION('',(1.,0.,0.));
#1068 = DEFINITIONAL_REPRESENTATION('',(#1069),#1073);
#1069 = CIRCLE('',#1070,53.103672189407);
#1070 = AXIS2_PLACEMENT_2D('',#1071,#1072);
#1071 = CARTESIAN_POINT('',(-23.5,-31.));
#1072 = DIRECTION('',(0.,-1.));
#1073 = ( GEOMETRIC_REPRESENTATION_CONTEXT(2) 
PARAMETRIC_REPRESENTATION_CONTEXT() REPRESENTATION_CONTEXT('2D SPACE',''
  ) );
#1074 = ORIENTED_EDGE('',*,*,#1075,.F.);
#1075 = EDGE_CURVE('',#1076,#1044,#1078,.T.);
#1076 = VERTEX_POINT('',#1077);
#1077 = CARTESIAN_POINT('',(38.910152916687,20.367395946168,
    43.762645970874));
#1078 = SURFACE_CURVE('',#1079,(#1138,#1200),.PCURVE_S1.);
#1079 = B_SPLINE_CURVE_WITH_KNOTS('',8,(#1080,#1081,#1082,#1083,#1084,
    #1085,#1086,#1087,#1088,#1089,#1090,#1091,#1092,#1093,#1094,#1095,
    #1096,#1097,#1098,#1099,#1100,#1101,#1102,#1103,#1104,#1105,#1106,
    #1107,#1108,#1109,#1110,#1111,#1112,#1113,#1114,#1115,#1116,#1117,
    #1118,#1119,#1120,#1121,#1122,#1123,#1124,#1125,#1126,#1127,#1128,
    #1129,#1130,#1131,#1132,#1133,#1134,#1135,#1136,#1137),
  .UNSPECIFIED.,.F.,.F.,(9,7,7,7,7,7,7,7,9),(0.,0.316019822982,
    0.392200144153,0.43300940141,0.51134298045,0.589668249047,
    0.628734103107,0.704724963416,1.),.UNSPECIFIED.);
#1080 = CARTESIAN_POINT('',(38.910152916687,20.367395946168,
    43.762645970874));
#1081 = CARTESIAN_POINT('',(39.132340456358,20.427871122596,
    43.536949539845));
#1082 = CARTESIAN_POINT('',(39.349089363925,20.502458141196,
    43.306805893991));
#1083 = CARTESIAN_POINT('',(39.560320609164,20.592903218681,
    43.071413813236));
#1084 = CARTESIAN_POINT('',(39.764915185718,20.701450212999,
    42.830591772258));
#1085 = CARTESIAN_POINT('',(39.960849654321,20.830658506411,
    42.584809347311));
#1086 = CARTESIAN_POINT('',(40.145048558815,20.983607044239,
    42.335244440616));
#1087 = CARTESIAN_POINT('',(40.313624594084,21.163506605987,
    42.083809427114));
#1088 = CARTESIAN_POINT('',(40.496701645447,21.425970224113,
    41.772628272091));
#1089 = CARTESIAN_POINT('',(40.531007273194,21.478741772592,
    41.71227824355));
#1090 = CARTESIAN_POINT('',(40.563973759263,21.533346234809,
    41.652077615627));
#1091 = CARTESIAN_POINT('',(40.595508676442,21.589819649273,
    41.592093452074));
#1092 = CARTESIAN_POINT('',(40.625513300894,21.648189825359,
    41.532403290824));
#1093 = CARTESIAN_POINT('',(40.653884563434,21.708473949282,
    41.473094659718));
#1094 = CARTESIAN_POINT('',(40.680517000812,21.770676190065,
    41.414264592232));
#1095 = CARTESIAN_POINT('',(40.718583305226,21.86912810355,
    41.324817469643));
#1096 = CARTESIAN_POINT('',(40.731332349428,21.904017547597,
    41.293784035122));
#1097 = CARTESIAN_POINT('',(40.743535482619,21.93945134324,
    41.262935523701));
#1098 = CARTESIAN_POINT('',(40.755176354309,21.97542576238,
    41.232289412404));
#1099 = CARTESIAN_POINT('',(40.766238797552,22.011935478005,
    41.20186389689));
#1100 = CARTESIAN_POINT('',(40.776707006,22.048973398988,41.171677817112
    ));
#1101 = CARTESIAN_POINT('',(40.786565710959,22.086530504867,
    41.141750582979));
#1102 = CARTESIAN_POINT('',(40.81352631175,22.197661981149,
    41.055191684607));
#1103 = CARTESIAN_POINT('',(40.828955280822,22.272610405747,
    40.999300509678));
#1104 = CARTESIAN_POINT('',(40.841980817715,22.349351151485,
    40.944578834337));
#1105 = CARTESIAN_POINT('',(40.852510659597,22.427775472838,
    40.891174210094));
#1106 = CARTESIAN_POINT('',(40.860470317978,22.507753595641,
    40.83922925562));
#1107 = CARTESIAN_POINT('',(40.865806667944,22.589132631042,
    40.788879431501));
#1108 = CARTESIAN_POINT('',(40.868491537379,22.671734489444,
    40.740250814985));
#1109 = CARTESIAN_POINT('',(40.868559051444,22.838964228256,
    40.646669898769));
#1110 = CARTESIAN_POINT('',(40.865942266449,22.923609474958,
    40.601707369899));
#1111 = CARTESIAN_POINT('',(40.860674123744,23.009084692727,
    40.558685647389));
#1112 = CARTESIAN_POINT('',(40.852782359653,23.095189334641,
    40.517690809799));
#1113 = CARTESIAN_POINT('',(40.842319692911,23.181727953836,
    40.478782579623));
#1114 = CARTESIAN_POINT('',(40.829360253275,23.268511008655,
    40.441997247932));
#1115 = CARTESIAN_POINT('',(40.813996010148,23.355355667802,
    40.407350599006));
#1116 = CARTESIAN_POINT('',(40.787523621217,23.485344922873,
    40.358626122665));
#1117 = CARTESIAN_POINT('',(40.778141652004,23.528577925845,40.342941859
    ));
#1118 = CARTESIAN_POINT('',(40.768200036392,23.57176560761,
    40.327787252037));
#1119 = CARTESIAN_POINT('',(40.757712124352,23.614889222844,
    40.31316022483));
#1120 = CARTESIAN_POINT('',(40.746691729445,23.657931279702,
    40.299057560667));
#1121 = CARTESIAN_POINT('',(40.735152985284,23.70087552184,
    40.285475048295));
#1122 = CARTESIAN_POINT('',(40.723110201998,23.743706910426,
    40.272407627152));
#1123 = CARTESIAN_POINT('',(40.686199556458,23.869480737647,
    40.235421539604));
#1124 = CARTESIAN_POINT('',(40.659969072453,23.952068085202,
    40.212921552947));
#1125 = CARTESIAN_POINT('',(40.631991396685,24.034075675264,
    40.192305337711));
#1126 = CARTESIAN_POINT('',(40.602371514959,24.115421361767,
    40.173519924472));
#1127 = CARTESIAN_POINT('',(40.571212278289,24.196037990339,
    40.156505941295));
#1128 = CARTESIAN_POINT('',(40.538612408301,24.275872562511,
    40.141199945744));
#1129 = CARTESIAN_POINT('',(40.504664502636,24.35488539993,
    40.127536756887));
#1130 = CARTESIAN_POINT('',(40.332633088988,24.736768083256,
    40.068493642322));
#1131 = CARTESIAN_POINT('',(40.177168589409,25.0267132812,
    40.045509572975));
#1132 = CARTESIAN_POINT('',(40.007567726329,25.302927369212,
    40.042200188792));
#1133 = CARTESIAN_POINT('',(39.827171854414,25.565387304859,
    40.055395104949));
#1134 = CARTESIAN_POINT('',(39.638630805107,25.814536427017,
    40.082345353457));
#1135 = CARTESIAN_POINT('',(39.443761490927,26.051114526854,
    40.120928279404));
#1136 = CARTESIAN_POINT('',(39.243624723413,26.276202051947,
    40.169524893099));
#1137 = CARTESIAN_POINT('',(39.038442591886,26.491120303126,
    40.227112064941));
#1138 = PCURVE('',#33,#1139);
#1139 = DEFINITIONAL_REPRESENTATION('',(#1140),#1199);
#1140 = B_SPLINE_CURVE_WITH_KNOTS('',8,(#1141,#1142,#1143,#1144,#1145,
    #1146,#1147,#1148,#1149,#1150,#1151,#1152,#1153,#1154,#1155,#1156,
    #1157,#1158,#1159,#1160,#1161,#1162,#1163,#1164,#1165,#1166,#1167,
    #1168,#1169,#1170,#1171,#1172,#1173,#1174,#1175,#1176,#1177,#1178,
    #1179,#1180,#1181,#1182,#1183,#1184,#1185,#1186,#1187,#1188,#1189,
    #1190,#1191,#1192,#1193,#1194,#1195,#1196,#1197,#1198),
  .UNSPECIFIED.,.F.,.F.,(9,7,7,7,7,7,7,7,9),(0.,0.316019822982,
    0.392200144153,0.43300940141,0.51134298045,0.589668249047,
    0.628734103107,0.704724963416,1.),.UNSPECIFIED.);
#1141 = CARTESIAN_POINT('',(0.482228642565,0.783621151949));
#1142 = CARTESIAN_POINT('',(0.481102424956,0.778482163714));
#1143 = CARTESIAN_POINT('',(0.48033149323,0.773271989596));
#1144 = CARTESIAN_POINT('',(0.479944828313,0.767973637727));
#1145 = CARTESIAN_POINT('',(0.479991358188,0.762584784753));
#1146 = CARTESIAN_POINT('',(0.480533768123,0.75711776133));
#1147 = CARTESIAN_POINT('',(0.481652831019,0.75160008397));
#1148 = CARTESIAN_POINT('',(0.483437696201,0.746074091209));
#1149 = CARTESIAN_POINT('',(0.486640335272,0.739273830557));
#1150 = CARTESIAN_POINT('',(0.487308111031,0.737956820433));
#1151 = CARTESIAN_POINT('',(0.488023050151,0.736644876082));
#1152 = CARTESIAN_POINT('',(0.488786580902,0.735339431471));
#1153 = CARTESIAN_POINT('',(0.489600036664,0.73404213779));
#1154 = CARTESIAN_POINT('',(0.490464595794,0.732754850978));
#1155 = CARTESIAN_POINT('',(0.4913812215,0.731479619254));
#1156 = CARTESIAN_POINT('',(0.492869891792,0.729543189427));
#1157 = CARTESIAN_POINT('',(0.493404311833,0.728871817255));
#1158 = CARTESIAN_POINT('',(0.493953957798,0.728204904931));
#1159 = CARTESIAN_POINT('',(0.494518899608,0.727542819138));
#1160 = CARTESIAN_POINT('',(0.495099176582,0.726885940818));
#1161 = CARTESIAN_POINT('',(0.495694792902,0.726234663547));
#1162 = CARTESIAN_POINT('',(0.496305713067,0.725589391906));
#1163 = CARTESIAN_POINT('',(0.498133744527,0.723724260082));
#1164 = CARTESIAN_POINT('',(0.499391893333,0.722521464696));
#1165 = CARTESIAN_POINT('',(0.500705561284,0.721345287126));
#1166 = CARTESIAN_POINT('',(0.502073544642,0.720198782804));
#1167 = CARTESIAN_POINT('',(0.503494107498,0.719084885334));
#1168 = CARTESIAN_POINT('',(0.504964910863,0.718006362657));
#1169 = CARTESIAN_POINT('',(0.506482941753,0.716965773211));
#1170 = CARTESIAN_POINT('',(0.50960577714,0.714965177112));
#1171 = CARTESIAN_POINT('',(0.511210900331,0.714004952196));
#1172 = CARTESIAN_POINT('',(0.512856071808,0.713087071138));
#1173 = CARTESIAN_POINT('',(0.51453739424,0.712213229945));
#1174 = CARTESIAN_POINT('',(0.516250854778,0.711384563749));
#1175 = CARTESIAN_POINT('',(0.517992366824,0.710601713715));
#1176 = CARTESIAN_POINT('',(0.519757811802,0.709864893946));
#1177 = CARTESIAN_POINT('',(0.522433509578,0.708829344348));
#1178 = CARTESIAN_POINT('',(0.52332893094,0.708496120491));
#1179 = CARTESIAN_POINT('',(0.524228871723,0.708174256432));
#1180 = CARTESIAN_POINT('',(0.525132876839,0.707863695211));
#1181 = CARTESIAN_POINT('',(0.526040510267,0.707564356399));
#1182 = CARTESIAN_POINT('',(0.526951355909,0.707276139213));
#1183 = CARTESIAN_POINT('',(0.527865018454,0.706998925625));
#1184 = CARTESIAN_POINT('',(0.53056313229,0.706214494991));
#1185 = CARTESIAN_POINT('',(0.53235433426,0.705737559227));
#1186 = CARTESIAN_POINT('',(0.534152057801,0.705300764702));
#1187 = CARTESIAN_POINT('',(0.53595391995,0.70490292633));
#1188 = CARTESIAN_POINT('',(0.5377578295,0.704542733863));
#1189 = CARTESIAN_POINT('',(0.539561989386,0.704218800326));
#1190 = CARTESIAN_POINT('',(0.541364899057,0.703929710457));
#1191 = CARTESIAN_POINT('',(0.55016133297,0.702680732613));
#1192 = CARTESIAN_POINT('',(0.557098248257,0.702195491928));
#1193 = CARTESIAN_POINT('',(0.56394039206,0.702125688725));
#1194 = CARTESIAN_POINT('',(0.570659931176,0.702404257963));
#1195 = CARTESIAN_POINT('',(0.57724239573,0.702973508141));
#1196 = CARTESIAN_POINT('',(0.583685600437,0.703789221272));
#1197 = CARTESIAN_POINT('',(0.590000703243,0.704817834805));
#1198 = CARTESIAN_POINT('',(0.596212270301,0.706038466621));
#1199 = ( GEOMETRIC_REPRESENTATION_CONTEXT(2) 
PARAMETRIC_REPRESENTATION_CONTEXT() REPRESENTATION_CONTEXT('2D SPACE',''
  ) );
#1200 = PCURVE('',#1201,#1206);
#1201 = CYLINDRICAL_SURFACE('',#1202,5.);
#1202 = AXIS2_PLACEMENT_3D('',#1203,#1204,#1205);
#1203 = CARTESIAN_POINT('',(23.5,25.197025077613,45.056741196386));
#1204 = DIRECTION('',(1.,0.,0.));
#1205 = DIRECTION('',(0.,-0.965925826289,-0.258819045103));
#1206 = DEFINITIONAL_REPRESENTATION('',(#1207),#1266);
#1207 = B_SPLINE_CURVE_WITH_KNOTS('',8,(#1208,#1209,#1210,#1211,#1212,
    #1213,#1214,#1215,#1216,#1217,#1218,#1219,#1220,#1221,#1222,#1223,
    #1224,#1225,#1226,#1227,#1228,#1229,#1230,#1231,#1232,#1233,#1234,
    #1235,#1236,#1237,#1238,#1239,#1240,#1241,#1242,#1243,#1244,#1245,
    #1246,#1247,#1248,#1249,#1250,#1251,#1252,#1253,#1254,#1255,#1256,
    #1257,#1258,#1259,#1260,#1261,#1262,#1263,#1264,#1265),
  .UNSPECIFIED.,.F.,.F.,(9,7,7,7,7,7,7,7,9),(0.,0.316019822982,
    0.392200144153,0.43300940141,0.51134298045,0.589668249047,
    0.628734103107,0.704724963416,1.),.UNSPECIFIED.);
#1208 = CARTESIAN_POINT('',(1.42108547152E-15,15.410152916687));
#1209 = CARTESIAN_POINT('',(4.673162780944E-02,15.632340456358));
#1210 = CARTESIAN_POINT('',(9.505300308636E-02,15.849089363925));
#1211 = CARTESIAN_POINT('',(0.145363856398,16.060320609165));
#1212 = CARTESIAN_POINT('',(0.198018759367,16.264915185717));
#1213 = CARTESIAN_POINT('',(0.253329477563,16.460849654322));
#1214 = CARTESIAN_POINT('',(0.311635247771,16.645048558815));
#1215 = CARTESIAN_POINT('',(0.373272536468,16.813624594084));
#1216 = CARTESIAN_POINT('',(0.454690191084,16.996701645447));
#1217 = CARTESIAN_POINT('',(0.470721322883,17.031007273194));
#1218 = CARTESIAN_POINT('',(0.486971962851,17.063973759263));
#1219 = CARTESIAN_POINT('',(0.503443252461,17.095508676442));
#1220 = CARTESIAN_POINT('',(0.520134421166,17.125513300894));
#1221 = CARTESIAN_POINT('',(0.537042542719,17.153884563434));
#1222 = CARTESIAN_POINT('',(0.55416229149,17.180517000812));
#1223 = CARTESIAN_POINT('',(0.58076572511,17.218583305226));
#1224 = CARTESIAN_POINT('',(0.590104045033,17.231332349428));
#1225 = CARTESIAN_POINT('',(0.599499290973,17.243535482619));
#1226 = CARTESIAN_POINT('',(0.608949844066,17.255176354309));
#1227 = CARTESIAN_POINT('',(0.618453813671,17.266238797552));
#1228 = CARTESIAN_POINT('',(0.628009016872,17.276707006));
#1229 = CARTESIAN_POINT('',(0.63761295798,17.286565710959));
#1230 = CARTESIAN_POINT('',(0.665785744784,17.31352631175));
#1231 = CARTESIAN_POINT('',(0.68448041539,17.328955280822));
#1232 = CARTESIAN_POINT('',(0.703323793127,17.341980817715));
#1233 = CARTESIAN_POINT('',(0.722291079878,17.352510659597));
#1234 = CARTESIAN_POINT('',(0.741355271676,17.360470317978));
#1235 = CARTESIAN_POINT('',(0.760486724254,17.365806667944));
#1236 = CARTESIAN_POINT('',(0.779652718596,17.368491537379));
#1237 = CARTESIAN_POINT('',(0.817979301236,17.368559051444));
#1238 = CARTESIAN_POINT('',(0.837143875737,17.365942266449));
#1239 = CARTESIAN_POINT('',(0.856274524314,17.360674123744));
#1240 = CARTESIAN_POINT('',(0.875338514775,17.352782359653));
#1241 = CARTESIAN_POINT('',(0.894306174866,17.342319692911));
#1242 = CARTESIAN_POINT('',(0.913150458725,17.329360253275));
#1243 = CARTESIAN_POINT('',(0.931846513331,17.313996010148));
#1244 = CARTESIAN_POINT('',(0.959610721246,17.287523621217));
#1245 = CARTESIAN_POINT('',(0.968808221989,17.278141652004));
#1246 = CARTESIAN_POINT('',(0.977961257479,17.268200036392));
#1247 = CARTESIAN_POINT('',(0.987067617824,17.257712124352));
#1248 = CARTESIAN_POINT('',(0.996125356359,17.246691729445));
#1249 = CARTESIAN_POINT('',(1.005132773065,17.235152985284));
#1250 = CARTESIAN_POINT('',(1.014088397984,17.223110201998));
#1251 = CARTESIAN_POINT('',(1.040308257851,17.186199556458));
#1252 = CARTESIAN_POINT('',(1.057424300223,17.159969072453));
#1253 = CARTESIAN_POINT('',(1.074330750136,17.131991396685));
#1254 = CARTESIAN_POINT('',(1.091021942503,17.102371514959));
#1255 = CARTESIAN_POINT('',(1.107494649702,17.071212278289));
#1256 = CARTESIAN_POINT('',(1.123747832519,17.038612408301));
#1257 = CARTESIAN_POINT('',(1.13978239108,17.004664502636));
#1258 = CARTESIAN_POINT('',(1.217066405779,16.832633088988));
#1259 = CARTESIAN_POINT('',(1.275076950162,16.677168589409));
#1260 = CARTESIAN_POINT('',(1.330125767269,16.50756772633));
#1261 = CARTESIAN_POINT('',(1.382493816174,16.327171854413));
#1262 = CARTESIAN_POINT('',(1.432462737225,16.138630805108));
#1263 = CARTESIAN_POINT('',(1.480297188055,15.943761490927));
#1264 = CARTESIAN_POINT('',(1.526296377559,15.743624723413));
#1265 = CARTESIAN_POINT('',(1.570796326795,15.538442591886));
#1266 = ( GEOMETRIC_REPRESENTATION_CONTEXT(2) 
PARAMETRIC_REPRESENTATION_CONTEXT() REPRESENTATION_CONTEXT('2D SPACE',''
  ) );
#1267 = ORIENTED_EDGE('',*,*,#1268,.F.);
#1268 = EDGE_CURVE('',#1269,#1076,#1271,.T.);
#1269 = VERTEX_POINT('',#1270);
#1270 = CARTESIAN_POINT('',(36.905284174492,19.849757855963,
    45.694497623452));
#1271 = SURFACE_CURVE('',#1272,(#1277,#1287),.PCURVE_S1.);
#1272 = CIRCLE('',#1273,53.693575034635);
#1273 = AXIS2_PLACEMENT_3D('',#1274,#1275,#1276);
#1274 = CARTESIAN_POINT('',(0.,29.943700614961,8.023390398178));
#1275 = DIRECTION('',(0.,0.965925826289,0.258819045103));
#1276 = DIRECTION('',(0.,-0.258819045103,0.965925826289));
#1277 = PCURVE('',#33,#1278);
#1278 = DEFINITIONAL_REPRESENTATION('',(#1279),#1286);
#1279 = B_SPLINE_CURVE_WITH_KNOTS('',5,(#1280,#1281,#1282,#1283,#1284,
    #1285),.UNSPECIFIED.,.F.,.F.,(6,6),(0.757808722979,0.810556193395),
  .PIECEWISE_BEZIER_KNOTS.);
#1280 = CARTESIAN_POINT('',(0.493472435509,0.828632851207));
#1281 = CARTESIAN_POINT('',(0.490939439964,0.819658560878));
#1282 = CARTESIAN_POINT('',(0.488555959894,0.810668987496));
#1283 = CARTESIAN_POINT('',(0.486314170438,0.80166545358));
#1284 = CARTESIAN_POINT('',(0.484207142182,0.792649146337));
#1285 = CARTESIAN_POINT('',(0.482228642565,0.783621151949));
#1286 = ( GEOMETRIC_REPRESENTATION_CONTEXT(2) 
PARAMETRIC_REPRESENTATION_CONTEXT() REPRESENTATION_CONTEXT('2D SPACE',''
  ) );
#1287 = PCURVE('',#1288,#1293);
#1288 = PLANE('',#1289);
#1289 = AXIS2_PLACEMENT_3D('',#1290,#1291,#1292);
#1290 = CARTESIAN_POINT('',(23.5,21.66149117168,38.933016839428));
#1291 = DIRECTION('',(0.,0.965925826289,0.258819045103));
#1292 = DIRECTION('',(0.,-0.258819045103,0.965925826289));
#1293 = DEFINITIONAL_REPRESENTATION('',(#1294),#1298);
#1294 = CIRCLE('',#1295,53.693575034635);
#1295 = AXIS2_PLACEMENT_2D('',#1296,#1297);
#1296 = CARTESIAN_POINT('',(-32.,-23.5));
#1297 = DIRECTION('',(1.,0.));
#1298 = ( GEOMETRIC_REPRESENTATION_CONTEXT(2) 
PARAMETRIC_REPRESENTATION_CONTEXT() REPRESENTATION_CONTEXT('2D SPACE',''
  ) );
#1299 = ORIENTED_EDGE('',*,*,#1300,.T.);
#1300 = EDGE_CURVE('',#1269,#1301,#1303,.T.);
#1301 = VERTEX_POINT('',#1302);
#1302 = CARTESIAN_POINT('',(28.5,21.376544341222,50.742421621635));
#1303 = SURFACE_CURVE('',#1304,(#1331,#1361),.PCURVE_S1.);
#1304 = B_SPLINE_CURVE_WITH_KNOTS('',7,(#1305,#1306,#1307,#1308,#1309,
    #1310,#1311,#1312,#1313,#1314,#1315,#1316,#1317,#1318,#1319,#1320,
    #1321,#1322,#1323,#1324,#1325,#1326,#1327,#1328,#1329,#1330),
  .UNSPECIFIED.,.F.,.F.,(8,6,6,6,8),(0.,0.209314413705,0.547569284629,
    0.923764643554,1.),.UNSPECIFIED.);
#1305 = CARTESIAN_POINT('',(36.905284174492,19.849757855963,
    45.694497623452));
#1306 = CARTESIAN_POINT('',(36.674922647943,19.793338240067,
    45.90505849652));
#1307 = CARTESIAN_POINT('',(36.440635455669,19.74972677073,
    46.110657945194));
#1308 = CARTESIAN_POINT('',(36.203169961447,19.71734461201,
    46.311457407052));
#1309 = CARTESIAN_POINT('',(35.963093883376,19.695048108848,
    46.507554347617));
#1310 = CARTESIAN_POINT('',(35.720845773383,19.681889928872,
    46.699060286725));
#1311 = CARTESIAN_POINT('',(35.476737436219,19.677097819019,
    46.886103788455));
#1312 = CARTESIAN_POINT('',(34.833787428222,19.684771009314,
    47.364142749536));
#1313 = CARTESIAN_POINT('',(34.432423493216,19.709683510123,
    47.648074911772));
#1314 = CARTESIAN_POINT('',(34.027799308963,19.752040924407,
    47.921223749505));
#1315 = CARTESIAN_POINT('',(33.620625256296,19.809994059724,
    48.183931600049));
#1316 = CARTESIAN_POINT('',(33.21144465706,19.882061084749,
    48.436507625878));
#1317 = CARTESIAN_POINT('',(32.80063060736,19.967110518373,
    48.679224032122));
#1318 = CARTESIAN_POINT('',(31.929916859025,20.172348930708,
    49.171595894564));
#1319 = CARTESIAN_POINT('',(31.46979896029,20.295381399955,
    49.418908680648));
#1320 = CARTESIAN_POINT('',(31.008422985535,20.432161015635,
    49.654582041408));
#1321 = CARTESIAN_POINT('',(30.546142341469,20.581825677434,
    49.878783802203));
#1322 = CARTESIAN_POINT('',(30.083279236161,20.743760021428,
    50.091596417405));
#1323 = CARTESIAN_POINT('',(29.620125429349,20.917572865236,
    50.293025052915));
#1324 = CARTESIAN_POINT('',(29.063081998568,21.140768730021,
    50.52144958701));
#1325 = CARTESIAN_POINT('',(28.969219301471,21.178860670703,
    50.559467009262));
#1326 = CARTESIAN_POINT('',(28.875359258743,21.217434591115,
    50.597010891746));
#1327 = CARTESIAN_POINT('',(28.781504508872,21.256489875333,
    50.634079957865));
#1328 = CARTESIAN_POINT('',(28.687657756927,21.296026364012,
    50.670672688187));
#1329 = CARTESIAN_POINT('',(28.593821774559,21.336044354375,
    50.706787320441));
#1330 = CARTESIAN_POINT('',(28.4999994,21.376544600223,50.74242184952));
#1331 = PCURVE('',#33,#1332);
#1332 = DEFINITIONAL_REPRESENTATION('',(#1333),#1360);
#1333 = B_SPLINE_CURVE_WITH_KNOTS('',7,(#1334,#1335,#1336,#1337,#1338,
    #1339,#1340,#1341,#1342,#1343,#1344,#1345,#1346,#1347,#1348,#1349,
    #1350,#1351,#1352,#1353,#1354,#1355,#1356,#1357,#1358,#1359),
  .UNSPECIFIED.,.F.,.F.,(8,6,6,6,8),(0.,0.209314413705,0.547569284629,
    0.923764643554,1.),.UNSPECIFIED.);
#1334 = CARTESIAN_POINT('',(0.493472435509,0.828632851207));
#1335 = CARTESIAN_POINT('',(0.494890670297,0.833657593854));
#1336 = CARTESIAN_POINT('',(0.496640595179,0.838596058789));
#1337 = CARTESIAN_POINT('',(0.49868782991,0.843450321249));
#1338 = CARTESIAN_POINT('',(0.501007609292,0.848221021878));
#1339 = CARTESIAN_POINT('',(0.503579811516,0.852909154067));
#1340 = CARTESIAN_POINT('',(0.506388702347,0.85751620691));
#1341 = CARTESIAN_POINT('',(0.514324481722,0.869362055176));
#1342 = CARTESIAN_POINT('',(0.519811375106,0.876470785065));
#1343 = CARTESIAN_POINT('',(0.525830104656,0.883378324365));
#1344 = CARTESIAN_POINT('',(0.532345309139,0.890086897858));
#1345 = CARTESIAN_POINT('',(0.539329049217,0.896598014198));
#1346 = CARTESIAN_POINT('',(0.546760949217,0.902912512426));
#1347 = CARTESIAN_POINT('',(0.563375625197,0.915835777058));
#1348 = CARTESIAN_POINT('',(0.572659017703,0.922396337953));
#1349 = CARTESIAN_POINT('',(0.582456043283,0.92871231656));
#1350 = CARTESIAN_POINT('',(0.592750765041,0.93477993076));
#1351 = CARTESIAN_POINT('',(0.603530395862,0.940593199763));
#1352 = CARTESIAN_POINT('',(0.614784682062,0.946144012656));
#1353 = CARTESIAN_POINT('',(0.628882326167,0.952490434502));
#1354 = CARTESIAN_POINT('',(0.631276987673,0.953548560969));
#1355 = CARTESIAN_POINT('',(0.63369076617,0.954595333292));
#1356 = CARTESIAN_POINT('',(0.636123597271,0.955630646972));
#1357 = CARTESIAN_POINT('',(0.63857541935,0.956654390581));
#1358 = CARTESIAN_POINT('',(0.641046173545,0.957666445763));
#1359 = CARTESIAN_POINT('',(0.643535803756,0.958666687238));
#1360 = ( GEOMETRIC_REPRESENTATION_CONTEXT(2) 
PARAMETRIC_REPRESENTATION_CONTEXT() REPRESENTATION_CONTEXT('2D SPACE',''
  ) );
#1361 = PCURVE('',#1362,#1367);
#1362 = CYLINDRICAL_SURFACE('',#1363,5.);
#1363 = AXIS2_PLACEMENT_3D('',#1364,#1365,#1366);
#1364 = CARTESIAN_POINT('',(23.5,24.679386987408,46.988592848964));
#1365 = DIRECTION('',(1.,0.,0.));
#1366 = DIRECTION('',(0.,-0.965925826289,-0.258819045103));
#1367 = DEFINITIONAL_REPRESENTATION('',(#1368),#1395);
#1368 = B_SPLINE_CURVE_WITH_KNOTS('',7,(#1369,#1370,#1371,#1372,#1373,
    #1374,#1375,#1376,#1377,#1378,#1379,#1380,#1381,#1382,#1383,#1384,
    #1385,#1386,#1387,#1388,#1389,#1390,#1391,#1392,#1393,#1394),
  .UNSPECIFIED.,.F.,.F.,(8,6,6,6,8),(0.,0.209314413705,0.547569284629,
    0.923764643554,1.),.UNSPECIFIED.);
#1369 = CARTESIAN_POINT('',(1.7763568394E-15,13.405284174492));
#1370 = CARTESIAN_POINT('',(-4.359773128276E-02,13.174922647943));
#1371 = CARTESIAN_POINT('',(-8.557400752855E-02,12.940635455669));
#1372 = CARTESIAN_POINT('',(-0.126176964971,12.703169961447));
#1373 = CARTESIAN_POINT('',(-0.165575195221,12.463093883376));
#1374 = CARTESIAN_POINT('',(-0.203909075785,12.220845773383));
#1375 = CARTESIAN_POINT('',(-0.241297556947,11.976737436219));
#1376 = CARTESIAN_POINT('',(-0.336917664908,11.333787428222));
#1377 = CARTESIAN_POINT('',(-0.393776806775,10.932423493216));
#1378 = CARTESIAN_POINT('',(-0.448871778187,10.527799308963));
#1379 = CARTESIAN_POINT('',(-0.502490272576,10.120625256296));
#1380 = CARTESIAN_POINT('',(-0.554873282814,9.71144465706));
#1381 = CARTESIAN_POINT('',(-0.606224227783,9.30063060736));
#1382 = CARTESIAN_POINT('',(-0.712911219835,8.429916859025));
#1383 = CARTESIAN_POINT('',(-0.768033701001,7.96979896029));
#1384 = CARTESIAN_POINT('',(-0.822354114291,7.508422985535));
#1385 = CARTESIAN_POINT('',(-0.876080110867,7.046142341469));
#1386 = CARTESIAN_POINT('',(-0.929401173915,6.583279236161));
#1387 = CARTESIAN_POINT('',(-0.982510162293,6.120125429349));
#1388 = CARTESIAN_POINT('',(-1.046383211956,5.563081998568));
#1389 = CARTESIAN_POINT('',(-1.057145861843,5.469219301471));
#1390 = CARTESIAN_POINT('',(-1.067910171818,5.375359258743));
#1391 = CARTESIAN_POINT('',(-1.078677911484,5.281504508872));
#1392 = CARTESIAN_POINT('',(-1.089450890729,5.187657756927));
#1393 = CARTESIAN_POINT('',(-1.100230959729,5.093821774559));
#1394 = CARTESIAN_POINT('',(-1.111020008949,4.9999994));
#1395 = ( GEOMETRIC_REPRESENTATION_CONTEXT(2) 
PARAMETRIC_REPRESENTATION_CONTEXT() REPRESENTATION_CONTEXT('2D SPACE',''
  ) );
#1396 = ORIENTED_EDGE('',*,*,#1397,.F.);
#1397 = EDGE_CURVE('',#1398,#1301,#1400,.T.);
#1398 = VERTEX_POINT('',#1399);
#1399 = CARTESIAN_POINT('',(25.946437061469,23.566786667848,
    51.140873770081));
#1400 = SURFACE_CURVE('',#1401,(#1406,#1418),.PCURVE_S1.);
#1401 = CIRCLE('',#1402,4.74550314108);
#1402 = AXIS2_PLACEMENT_3D('',#1403,#1404,#1405);
#1403 = CARTESIAN_POINT('',(29.245040297582,25.324549718118,
    48.216957592795));
#1404 = DIRECTION('',(0.473081992477,0.409662230495,0.779980951883));
#1405 = DIRECTION('',(-0.855019815678,2.775557561563E-17,0.518595328554)
  );
#1406 = PCURVE('',#33,#1407);
#1407 = DEFINITIONAL_REPRESENTATION('',(#1408),#1417);
#1408 = B_SPLINE_CURVE_WITH_KNOTS('',7,(#1409,#1410,#1411,#1412,#1413,
    #1414,#1415,#1416),.UNSPECIFIED.,.F.,.F.,(8,8),(0.418118041824,
    1.148096940749),.PIECEWISE_BEZIER_KNOTS.);
#1409 = CARTESIAN_POINT('',(0.737374210658,0.969941784495));
#1410 = CARTESIAN_POINT('',(0.723523223344,0.97148809657));
#1411 = CARTESIAN_POINT('',(0.709267543158,0.971980124429));
#1412 = CARTESIAN_POINT('',(0.694934241638,0.971380459314));
#1413 = CARTESIAN_POINT('',(0.68087757243,0.969689271346));
#1414 = CARTESIAN_POINT('',(0.667442692176,0.966949508481));
#1415 = CARTESIAN_POINT('',(0.654919930733,0.963240409522));
#1416 = CARTESIAN_POINT('',(0.643535787834,0.958666680842));
#1417 = ( GEOMETRIC_REPRESENTATION_CONTEXT(2) 
PARAMETRIC_REPRESENTATION_CONTEXT() REPRESENTATION_CONTEXT('2D SPACE',''
  ) );
#1418 = PCURVE('',#1419,#1424);
#1419 = SPHERICAL_SURFACE('',#1420,5.);
#1420 = AXIS2_PLACEMENT_3D('',#1421,#1422,#1423);
#1421 = CARTESIAN_POINT('',(28.5,24.679386987408,46.988592848964));
#1422 = DIRECTION('',(-0.,0.258819045103,-0.965925826289));
#1423 = DIRECTION('',(-1.,0.,0.));
#1424 = DEFINITIONAL_REPRESENTATION('',(#1425),#1449);
#1425 = B_SPLINE_CURVE_WITH_KNOTS('',8,(#1426,#1427,#1428,#1429,#1430,
    #1431,#1432,#1433,#1434,#1435,#1436,#1437,#1438,#1439,#1440,#1441,
    #1442,#1443,#1444,#1445,#1446,#1447,#1448),.UNSPECIFIED.,.F.,.F.,(9,
    7,7,9),(0.418118041824,0.600612766555,0.874354853652,1.148096940749)
  ,.UNSPECIFIED.);
#1426 = CARTESIAN_POINT('',(-5.565108461111E-15,-1.034782910516));
#1427 = CARTESIAN_POINT('',(-3.293523812329E-02,-1.048414747567));
#1428 = CARTESIAN_POINT('',(-6.737886855024E-02,-1.061640396413));
#1429 = CARTESIAN_POINT('',(-0.103435528262,-1.074415520311));
#1430 = CARTESIAN_POINT('',(-0.141208728798,-1.086690852823));
#1431 = CARTESIAN_POINT('',(-0.18079534688,-1.098411281907));
#1432 = CARTESIAN_POINT('',(-0.222275373209,-1.109515971808));
#1433 = CARTESIAN_POINT('',(-0.265696919438,-1.119939522777));
#1434 = CARTESIAN_POINT('',(-0.379095829124,-1.144126137339));
#1435 = CARTESIAN_POINT('',(-0.451495581135,-1.156953147879));
#1436 = CARTESIAN_POINT('',(-0.528246855762,-1.167866578618));
#1437 = CARTESIAN_POINT('',(-0.609072124444,-1.176628566676));
#1438 = CARTESIAN_POINT('',(-0.693340847571,-1.183008128956));
#1439 = CARTESIAN_POINT('',(-0.779811483317,-1.186832254043));
#1440 = CARTESIAN_POINT('',(-0.867020939825,-1.188042231347));
#1441 = CARTESIAN_POINT('',(-1.040191164063,-1.185307784103));
#1442 = CARTESIAN_POINT('',(-1.126151508857,-1.181363380818));
#1443 = CARTESIAN_POINT('',(-1.210125100873,-1.174879275213));
#1444 = CARTESIAN_POINT('',(-1.290831879363,-1.165989531669));
#1445 = CARTESIAN_POINT('',(-1.36742845084,-1.154919036266));
#1446 = CARTESIAN_POINT('',(-1.439612773211,-1.141912896439));
#1447 = CARTESIAN_POINT('',(-1.507350201116,-1.127207746451));
#1448 = CARTESIAN_POINT('',(-1.570796326795,-1.111019939952));
#1449 = ( GEOMETRIC_REPRESENTATION_CONTEXT(2) 
PARAMETRIC_REPRESENTATION_CONTEXT() REPRESENTATION_CONTEXT('2D SPACE',''
  ) );
#1450 = ORIENTED_EDGE('',*,*,#1451,.F.);
#1451 = EDGE_CURVE('',#1452,#1398,#1454,.T.);
#1452 = VERTEX_POINT('',#1453);
#1453 = CARTESIAN_POINT('',(23.619706375069,29.205141010759,
    49.327165026203));
#1454 = SURFACE_CURVE('',#1455,(#1476,#1500),.PCURVE_S1.);
#1455 = B_SPLINE_CURVE_WITH_KNOTS('',7,(#1456,#1457,#1458,#1459,#1460,
    #1461,#1462,#1463,#1464,#1465,#1466,#1467,#1468,#1469,#1470,#1471,
    #1472,#1473,#1474,#1475),.UNSPECIFIED.,.F.,.F.,(8,6,6,8),(0.,
    0.373172872927,0.760316087166,1.),.UNSPECIFIED.);
#1456 = CARTESIAN_POINT('',(23.5,30.552486873574,48.56228522053));
#1457 = CARTESIAN_POINT('',(23.5,30.178409252561,48.797632497821));
#1458 = CARTESIAN_POINT('',(23.524515623703,29.800852291469,
    49.018612932917));
#1459 = CARTESIAN_POINT('',(23.570020639162,29.421301458929,
    49.226177556354));
#1460 = CARTESIAN_POINT('',(23.634165375691,29.04090632494,
    49.420864179837));
#1461 = CARTESIAN_POINT('',(23.715034881282,28.660516807705,
    49.603188684136));
#1462 = CARTESIAN_POINT('',(23.811201523206,28.280675273336,
    49.773599521287));
#1463 = CARTESIAN_POINT('',(24.03620101563,27.508391384498,
    50.097349035218));
#1464 = CARTESIAN_POINT('',(24.166063114586,27.116212613587,
    50.24972453746));
#1465 = CARTESIAN_POINT('',(24.309998672829,26.725536986198,
    50.390023451133));
#1466 = CARTESIAN_POINT('',(24.46712523456,26.336801666117,
    50.518471367627));
#1467 = CARTESIAN_POINT('',(24.636792367529,25.950421606587,
    50.63519141737));
#1468 = CARTESIAN_POINT('',(24.818554775779,25.566787718652,
    50.740217715216));
#1469 = CARTESIAN_POINT('',(25.132129347689,24.950700513301,
    50.891176285996));
#1470 = CARTESIAN_POINT('',(25.256587483666,24.716340026149,
    50.944375246171));
#1471 = CARTESIAN_POINT('',(25.385549588623,24.483294481971,
    50.993026578868));
#1472 = CARTESIAN_POINT('',(25.518992912993,24.251677653803,
    51.037084134519));
#1473 = CARTESIAN_POINT('',(25.656922361148,24.021618922083,
    51.076479772257));
#1474 = CARTESIAN_POINT('',(25.79937616601,23.793265383474,
    51.111119309788));
#1475 = CARTESIAN_POINT('',(25.946437479531,23.566786024017,
    51.140873854667));
#1476 = PCURVE('',#33,#1477);
#1477 = DEFINITIONAL_REPRESENTATION('',(#1478),#1499);
#1478 = B_SPLINE_CURVE_WITH_KNOTS('',7,(#1479,#1480,#1481,#1482,#1483,
    #1484,#1485,#1486,#1487,#1488,#1489,#1490,#1491,#1492,#1493,#1494,
    #1495,#1496,#1497,#1498),.UNSPECIFIED.,.F.,.F.,(8,6,6,8),(0.,
    0.373172872927,0.760316087166,1.),.UNSPECIFIED.);
#1479 = CARTESIAN_POINT('',(0.91514003847,0.899896654493));
#1480 = CARTESIAN_POINT('',(0.909223098483,0.906002459992));
#1481 = CARTESIAN_POINT('',(0.902640769124,0.911790331535));
#1482 = CARTESIAN_POINT('',(0.895476114861,0.9172750529));
#1483 = CARTESIAN_POINT('',(0.887789337181,0.92246205458));
#1484 = CARTESIAN_POINT('',(0.879631292866,0.927356799749));
#1485 = CARTESIAN_POINT('',(0.871041129679,0.931963887576));
#1486 = CARTESIAN_POINT('',(0.852716326233,0.94077280154));
#1487 = CARTESIAN_POINT('',(0.842955693819,0.944950680265));
#1488 = CARTESIAN_POINT('',(0.832801416865,0.948824141116));
#1489 = CARTESIAN_POINT('',(0.822285906866,0.952392421847));
#1490 = CARTESIAN_POINT('',(0.811439439314,0.95565260351));
#1491 = CARTESIAN_POINT('',(0.800290589982,0.958599902391));
#1492 = CARTESIAN_POINT('',(0.78179199632,0.962852745797));
#1493 = CARTESIAN_POINT('',(0.774613242184,0.964355898826));
#1494 = CARTESIAN_POINT('',(0.767335655163,0.965734156897));
#1495 = CARTESIAN_POINT('',(0.759965927913,0.96698512479));
#1496 = CARTESIAN_POINT('',(0.752510986435,0.968105888281));
#1497 = CARTESIAN_POINT('',(0.744977974851,0.969092907286));
#1498 = CARTESIAN_POINT('',(0.737374189042,0.969941786909));
#1499 = ( GEOMETRIC_REPRESENTATION_CONTEXT(2) 
PARAMETRIC_REPRESENTATION_CONTEXT() REPRESENTATION_CONTEXT('2D SPACE',''
  ) );
#1500 = PCURVE('',#1501,#1506);
#1501 = CYLINDRICAL_SURFACE('',#1502,5.);
#1502 = AXIS2_PLACEMENT_3D('',#1503,#1504,#1505);
#1503 = CARTESIAN_POINT('',(28.5,19.849757855963,45.694497623452));
#1504 = DIRECTION('',(0.,0.965925826289,0.258819045103));
#1505 = DIRECTION('',(-1.,-0.,0.));
#1506 = DEFINITIONAL_REPRESENTATION('',(#1507),#1528);
#1507 = B_SPLINE_CURVE_WITH_KNOTS('',7,(#1508,#1509,#1510,#1511,#1512,
    #1513,#1514,#1515,#1516,#1517,#1518,#1519,#1520,#1521,#1522,#1523,
    #1524,#1525,#1526,#1527),.UNSPECIFIED.,.F.,.F.,(8,6,6,8),(0.,
    0.373172872927,0.760316087166,1.),.UNSPECIFIED.);
#1508 = CARTESIAN_POINT('',(0.,11.080280417317));
#1509 = CARTESIAN_POINT('',(6.482928518938E-02,10.77986153972));
#1510 = CARTESIAN_POINT('',(0.127063316493,10.472363465304));
#1511 = CARTESIAN_POINT('',(0.187253141299,10.159467191398));
#1512 = CARTESIAN_POINT('',(0.245731183469,9.842422313268));
#1513 = CARTESIAN_POINT('',(0.302785740055,9.522183308623));
#1514 = CARTESIAN_POINT('',(0.358664680915,9.199390130825));
#1515 = CARTESIAN_POINT('',(0.470625981702,8.537213717417));
#1516 = CARTESIAN_POINT('',(0.526608241803,8.19783579606));
#1517 = CARTESIAN_POINT('',(0.581816104414,7.856784148728));
#1518 = CARTESIAN_POINT('',(0.636453782292,7.514539430563));
#1519 = CARTESIAN_POINT('',(0.690705868968,7.171534324119));
#1520 = CARTESIAN_POINT('',(0.744759088842,6.828155250043));
#1521 = CARTESIAN_POINT('',(0.832284791232,6.272131660287));
#1522 = CARTESIAN_POINT('',(0.865751688145,6.059525717158));
#1523 = CARTESIAN_POINT('',(0.899264918845,5.847012898807));
#1524 = CARTESIAN_POINT('',(0.932872211111,5.634691157159));
#1525 = CARTESIAN_POINT('',(0.966623376004,5.422667827968));
#1526 = CARTESIAN_POINT('',(1.000572819375,5.211060619528));
#1527 = CARTESIAN_POINT('',(1.034783007768,4.9999994));
#1528 = ( GEOMETRIC_REPRESENTATION_CONTEXT(2) 
PARAMETRIC_REPRESENTATION_CONTEXT() REPRESENTATION_CONTEXT('2D SPACE',''
  ) );
#1529 = ORIENTED_EDGE('',*,*,#1530,.F.);
#1530 = EDGE_CURVE('',#1531,#1452,#1533,.T.);
#1531 = VERTEX_POINT('',#1532);
#1532 = CARTESIAN_POINT('',(3.785129693996,43.53352051992,43.98301245187
    ));
#1533 = SURFACE_CURVE('',#1534,(#1603,#1675),.PCURVE_S1.);
#1534 = B_SPLINE_CURVE_WITH_KNOTS('',7,(#1535,#1536,#1537,#1538,#1539,
    #1540,#1541,#1542,#1543,#1544,#1545,#1546,#1547,#1548,#1549,#1550,
    #1551,#1552,#1553,#1554,#1555,#1556,#1557,#1558,#1559,#1560,#1561,
    #1562,#1563,#1564,#1565,#1566,#1567,#1568,#1569,#1570,#1571,#1572,
    #1573,#1574,#1575,#1576,#1577,#1578,#1579,#1580,#1581,#1582,#1583,
    #1584,#1585,#1586,#1587,#1588,#1589,#1590,#1591,#1592,#1593,#1594,
    #1595,#1596,#1597,#1598,#1599,#1600,#1601,#1602),.UNSPECIFIED.,.F.,
  .F.,(8,6,6,6,6,6,6,6,6,6,6,8),(0.,0.18082095119,0.315785292381,
    0.391843034556,0.428878717823,0.451403649437,0.500045732822,
    0.569382289887,0.604870219226,0.676547794892,0.813473040351,1.),
  .UNSPECIFIED.);
#1535 = CARTESIAN_POINT('',(3.785129693996,43.53352051992,43.98301245187
    ));
#1536 = CARTESIAN_POINT('',(4.249678840461,42.753457996655,
    44.715124403729));
#1537 = CARTESIAN_POINT('',(4.74570534993,41.957440596205,
    45.424237313046));
#1538 = CARTESIAN_POINT('',(5.27772734982,41.146517415074,46.10794488605
    ));
#1539 = CARTESIAN_POINT('',(5.850488511327,40.322476410038,
    46.762922002146));
#1540 = CARTESIAN_POINT('',(6.469136475295,39.487991834022,
    47.384889578243));
#1541 = CARTESIAN_POINT('',(7.139167924376,38.64671025923,
    47.968700525927));
#1542 = CARTESIAN_POINT('',(8.410942148674,37.173925319729,
    48.910212746393));
#1543 = CARTESIAN_POINT('',(8.986554229221,36.543741017994,
    49.287444509599));
#1544 = CARTESIAN_POINT('',(9.597152364722,35.914623986728,
    49.636968058218));
#1545 = CARTESIAN_POINT('',(10.245501344786,35.28940182652,
    49.955327581731));
#1546 = CARTESIAN_POINT('',(10.934151629682,34.672003366014,
    50.238253781204));
#1547 = CARTESIAN_POINT('',(11.665287510443,34.06745376264,
    50.480814734562));
#1548 = CARTESIAN_POINT('',(12.87797001942,33.151953830834,
    50.787971230792));
#1549 = CARTESIAN_POINT('',(13.329027314843,32.82813407545,
    50.883997563712));
#1550 = CARTESIAN_POINT('',(13.794315479079,32.511624566949,
    50.964310138375));
#1551 = CARTESIAN_POINT('',(14.273889208455,32.203812048756,
    51.027774082046));
#1552 = CARTESIAN_POINT('',(14.767568233359,31.90628737675,
    51.073195664777));
#1553 = CARTESIAN_POINT('',(15.274883023952,31.620802367625,
    51.099384805749));
#1554 = CARTESIAN_POINT('',(16.048267483169,31.216953900469,
    51.108086862428));
#1555 = CARTESIAN_POINT('',(16.304558714294,31.088001191491,
    51.106114349045));
#1556 = CARTESIAN_POINT('',(16.563767923211,30.96256510055,
    51.099193077222));
#1557 = CARTESIAN_POINT('',(16.825764672631,30.84086975311,
    51.087202203122));
#1558 = CARTESIAN_POINT('',(17.090392185033,30.723142290267,
    51.070030450566));
#1559 = CARTESIAN_POINT('',(17.357465091703,30.609609331615,
    51.047580015325));
#1560 = CARTESIAN_POINT('',(17.790555469946,30.434129655335,
    51.002856831938));
#1561 = CARTESIAN_POINT('',(17.95516861967,30.369399614326,
    50.983960840088));
#1562 = CARTESIAN_POINT('',(18.120557775932,30.306353408087,
    50.963064474312));
#1563 = CARTESIAN_POINT('',(18.286670524826,30.245040234151,
    50.94015208334));
#1564 = CARTESIAN_POINT('',(18.453450755488,30.185508032653,
    50.915210738545));
#1565 = CARTESIAN_POINT('',(18.620838522016,30.127803124426,
    50.888230588314));
#1566 = CARTESIAN_POINT('',(19.151413952079,29.951399146278,
    50.796525565766));
#1567 = CARTESIAN_POINT('',(19.516617455175,29.839548560376,
    50.724303872562));
#1568 = CARTESIAN_POINT('',(19.883704032036,29.736877001988,
    50.642480033357));
#1569 = CARTESIAN_POINT('',(20.251959666511,29.643779703868,
    50.551063593649));
#1570 = CARTESIAN_POINT('',(20.620632012972,29.560577718153,
    50.450142432799));
#1571 = CARTESIAN_POINT('',(20.988929700356,29.487507413622,
    50.339891452935));
#1572 = CARTESIAN_POINT('',(21.879290566875,29.335195749327,
    50.050511302106));
#1573 = CARTESIAN_POINT('',(22.400247231836,29.266531019843,
    49.861989689725));
#1574 = CARTESIAN_POINT('',(22.91639355773,29.219156995298,
    49.655815571375));
#1575 = CARTESIAN_POINT('',(23.425541409818,29.193014924707,
    49.433056168974));
#1576 = CARTESIAN_POINT('',(23.925777033042,29.187653973843,
    49.194965761854));
#1577 = CARTESIAN_POINT('',(24.415437487359,29.202312892764,
    48.942931861321));
#1578 = CARTESIAN_POINT('',(25.137576470942,29.253204698764,
    48.543080398831));
#1579 = CARTESIAN_POINT('',(25.378942088759,29.275414450096,
    48.404433450584));
#1580 = CARTESIAN_POINT('',(25.617026567162,29.302472259147,
    48.262693901607));
#1581 = CARTESIAN_POINT('',(25.851688008297,29.334232387249,
    48.118045763477));
#1582 = CARTESIAN_POINT('',(26.082809647493,29.370539485963,
    47.970669017782));
#1583 = CARTESIAN_POINT('',(26.310297520684,29.411232258825,
    47.82073773727));
#1584 = CARTESIAN_POINT('',(26.986064257409,29.546864971144,
    47.360767271611));
#1585 = CARTESIAN_POINT('',(27.422895095956,29.654800355111,
    47.043395044904));
#1586 = CARTESIAN_POINT('',(27.844026221044,29.778609866286,
    46.717637434499));
#1587 = CARTESIAN_POINT('',(28.249215013569,29.916915168791,
    46.384715219168));
#1588 = CARTESIAN_POINT('',(28.638452623062,30.068378589939,
    46.045707412985));
#1589 = CARTESIAN_POINT('',(29.011912003529,30.231756440917,
    45.701530517094));
#1590 = CARTESIAN_POINT('',(30.053797328184,30.738652908753,
    44.686982056613));
#1591 = CARTESIAN_POINT('',(30.680828623077,31.110558386735,
    44.005302178136));
#1592 = CARTESIAN_POINT('',(31.253875777707,31.514017987552,
    43.312561713286));
#1593 = CARTESIAN_POINT('',(31.775961678293,31.942577513694,
    42.61242988954));
#1594 = CARTESIAN_POINT('',(32.250430287024,32.390870268499,
    41.907609293926));
#1595 = CARTESIAN_POINT('',(32.680703578019,32.854705426018,
    41.199791816261));
#1596 = CARTESIAN_POINT('',(33.600623656847,33.979921929219,
    39.522163731846));
#1597 = CARTESIAN_POINT('',(34.054781820219,34.651343801412,
    38.551303880462));
#1598 = CARTESIAN_POINT('',(34.441005088488,35.337139695727,
    37.579225622672));
#1599 = CARTESIAN_POINT('',(34.765963309507,36.031004320909,
    36.607553890443));
#1600 = CARTESIAN_POINT('',(35.035823546093,36.727911170958,
    35.637209618055));
#1601 = CARTESIAN_POINT('',(35.256075014907,37.424060260202,
    34.668376154699));
#1602 = CARTESIAN_POINT('',(35.431666802805,38.116637541197,
    33.700429227653));
#1603 = PCURVE('',#33,#1604);
#1604 = DEFINITIONAL_REPRESENTATION('',(#1605),#1674);
#1605 = B_SPLINE_CURVE_WITH_KNOTS('',7,(#1606,#1607,#1608,#1609,#1610,
    #1611,#1612,#1613,#1614,#1615,#1616,#1617,#1618,#1619,#1620,#1621,
    #1622,#1623,#1624,#1625,#1626,#1627,#1628,#1629,#1630,#1631,#1632,
    #1633,#1634,#1635,#1636,#1637,#1638,#1639,#1640,#1641,#1642,#1643,
    #1644,#1645,#1646,#1647,#1648,#1649,#1650,#1651,#1652,#1653,#1654,
    #1655,#1656,#1657,#1658,#1659,#1660,#1661,#1662,#1663,#1664,#1665,
    #1666,#1667,#1668,#1669,#1670,#1671,#1672,#1673),.UNSPECIFIED.,.F.,
  .F.,(8,6,6,6,6,6,6,6,6,6,6,8),(0.,0.18082095119,0.315785292381,
    0.391843034556,0.428878717823,0.451403649437,0.500045732822,
    0.569382289887,0.604870219226,0.676547794892,0.813473040351,1.),
  .UNSPECIFIED.);
#1606 = CARTESIAN_POINT('',(1.484066966814,0.788651408084));
#1607 = CARTESIAN_POINT('',(1.471929672773,0.805405399084));
#1608 = CARTESIAN_POINT('',(1.458565531006,0.821962683549));
#1609 = CARTESIAN_POINT('',(1.443777271161,0.838261960578));
#1610 = CARTESIAN_POINT('',(1.427343091351,0.85421280095));
#1611 = CARTESIAN_POINT('',(1.4090150643,0.869689175736));
#1612 = CARTESIAN_POINT('',(1.388525386244,0.884522881275));
#1613 = CARTESIAN_POINT('',(1.348508831911,0.908905949485));
#1614 = CARTESIAN_POINT('',(1.330066804745,0.918834579093));
#1615 = CARTESIAN_POINT('',(1.310174316841,0.928179555874));
#1616 = CARTESIAN_POINT('',(1.288739958677,0.936818912307));
#1617 = CARTESIAN_POINT('',(1.265708347813,0.944599371056));
#1618 = CARTESIAN_POINT('',(1.241100125679,0.951340194946));
#1619 = CARTESIAN_POINT('',(1.200347681516,0.959939549809));
#1620 = CARTESIAN_POINT('',(1.185201934356,0.962643863574));
#1621 = CARTESIAN_POINT('',(1.169623622883,0.964916912649));
#1622 = CARTESIAN_POINT('',(1.153653358777,0.966719860021));
#1623 = CARTESIAN_POINT('',(1.137350630534,0.968013124899));
#1624 = CARTESIAN_POINT('',(1.120794391915,0.968759128618));
#1625 = CARTESIAN_POINT('',(1.095942570064,0.96900702584));
#1626 = CARTESIAN_POINT('',(1.087767235308,0.968950846567));
#1627 = CARTESIAN_POINT('',(1.079566421511,0.968753631559));
#1628 = CARTESIAN_POINT('',(1.071352651455,0.968412043827));
#1629 = CARTESIAN_POINT('',(1.063139404765,0.967923212696));
#1630 = CARTESIAN_POINT('',(1.054940966414,0.967284861709));
#1631 = CARTESIAN_POINT('',(1.041804114934,0.96601531177));
#1632 = CARTESIAN_POINT('',(1.036846947874,0.965479303825));
#1633 = CARTESIAN_POINT('',(1.031904136797,0.964887063866));
#1634 = CARTESIAN_POINT('',(1.026979109036,0.964238341027));
#1635 = CARTESIAN_POINT('',(1.022075336744,0.963532991445));
#1636 = CARTESIAN_POINT('',(1.017196317153,0.962770987304));
#1637 = CARTESIAN_POINT('',(1.001870436319,0.960184760903));
#1638 = CARTESIAN_POINT('',(0.991526362401,0.958153231427));
#1639 = CARTESIAN_POINT('',(0.981349654848,0.95585891382));
#1640 = CARTESIAN_POINT('',(0.971375091192,0.953305512615));
#1641 = CARTESIAN_POINT('',(0.961635176462,0.950499399899));
#1642 = CARTESIAN_POINT('',(0.952159416924,0.947449654704));
#1643 = CARTESIAN_POINT('',(0.929879719074,0.939490433926));
#1644 = CARTESIAN_POINT('',(0.917371535871,0.934340526642));
#1645 = CARTESIAN_POINT('',(0.905526797449,0.928752998415));
#1646 = CARTESIAN_POINT('',(0.894395818941,0.922770099419));
#1647 = CARTESIAN_POINT('',(0.884005098461,0.916437950892));
#1648 = CARTESIAN_POINT('',(0.87436171906,0.909804061725));
#1649 = CARTESIAN_POINT('',(0.860901690234,0.89939072877));
#1650 = CARTESIAN_POINT('',(0.856538162376,0.895798326968));
#1651 = CARTESIAN_POINT('',(0.852366627929,0.892144954825));
#1652 = CARTESIAN_POINT('',(0.848384658325,0.888436421344));
#1653 = CARTESIAN_POINT('',(0.84458893298,0.884678264181));
#1654 = CARTESIAN_POINT('',(0.840975455787,0.880875706672));
#1655 = CARTESIAN_POINT('',(0.830600468091,0.869273460022));
#1656 = CARTESIAN_POINT('',(0.824386948947,0.861352570018));
#1657 = CARTESIAN_POINT('',(0.818861305876,0.853310187355));
#1658 = CARTESIAN_POINT('',(0.813978717063,0.845180094059));
#1659 = CARTESIAN_POINT('',(0.80969242135,0.836990438329));
#1660 = CARTESIAN_POINT('',(0.805956740043,0.828763798102));
#1661 = CARTESIAN_POINT('',(0.796560583177,0.80476459217));
#1662 = CARTESIAN_POINT('',(0.792247487875,0.788950008955));
#1663 = CARTESIAN_POINT('',(0.789476818659,0.773182381086));
#1664 = CARTESIAN_POINT('',(0.787991070326,0.757533239897));
#1665 = CARTESIAN_POINT('',(0.787579064152,0.742046239494));
#1666 = CARTESIAN_POINT('',(0.788069857394,0.726741079554));
#1667 = CARTESIAN_POINT('',(0.791040550162,0.691011193504));
#1668 = CARTESIAN_POINT('',(0.794174841454,0.670761079624));
#1669 = CARTESIAN_POINT('',(0.798380643525,0.650871404285));
#1670 = CARTESIAN_POINT('',(0.803419540211,0.631337725563));
#1671 = CARTESIAN_POINT('',(0.809105805613,0.612144690896));
#1672 = CARTESIAN_POINT('',(0.815298688273,0.593266646735));
#1673 = CARTESIAN_POINT('',(0.821888181187,0.574667000743));
#1674 = ( GEOMETRIC_REPRESENTATION_CONTEXT(2) 
PARAMETRIC_REPRESENTATION_CONTEXT() REPRESENTATION_CONTEXT('2D SPACE',''
  ) );
#1675 = PCURVE('',#966,#1676);
#1676 = DEFINITIONAL_REPRESENTATION('',(#1677),#1746);
#1677 = B_SPLINE_CURVE_WITH_KNOTS('',7,(#1678,#1679,#1680,#1681,#1682,
    #1683,#1684,#1685,#1686,#1687,#1688,#1689,#1690,#1691,#1692,#1693,
    #1694,#1695,#1696,#1697,#1698,#1699,#1700,#1701,#1702,#1703,#1704,
    #1705,#1706,#1707,#1708,#1709,#1710,#1711,#1712,#1713,#1714,#1715,
    #1716,#1717,#1718,#1719,#1720,#1721,#1722,#1723,#1724,#1725,#1726,
    #1727,#1728,#1729,#1730,#1731,#1732,#1733,#1734,#1735,#1736,#1737,
    #1738,#1739,#1740,#1741,#1742,#1743,#1744,#1745),.UNSPECIFIED.,.F.,
  .F.,(8,6,6,6,6,6,6,6,6,6,6,8),(0.,0.18082095119,0.315785292381,
    0.391843034556,0.428878717823,0.451403649437,0.500045732822,
    0.569382289887,0.604870219226,0.676547794892,0.813473040351,1.),
  .UNSPECIFIED.);
#1678 = CARTESIAN_POINT('',(-3.110203939553,5.255334951282E-14));
#1679 = CARTESIAN_POINT('',(-3.155669391782,-0.839833423453));
#1680 = CARTESIAN_POINT('',(-3.203501838061,-1.667520497734));
#1681 = CARTESIAN_POINT('',(-3.253885620068,-2.482168879629));
#1682 = CARTESIAN_POINT('',(-3.30702266681,-3.282082066537));
#1683 = CARTESIAN_POINT('',(-3.363146698074,-4.064781117112));
#1684 = CARTESIAN_POINT('',(-3.422527222098,-4.827069427722));
#1685 = CARTESIAN_POINT('',(-3.532603744558,-6.115500608484));
#1686 = CARTESIAN_POINT('',(-3.581652303133,-6.652143250093));
#1687 = CARTESIAN_POINT('',(-3.632876635018,-7.173245099202));
#1688 = CARTESIAN_POINT('',(-3.686438540964,-7.676373851699));
#1689 = CARTESIAN_POINT('',(-3.742492337934,-8.158257298546));
#1690 = CARTESIAN_POINT('',(-3.801185848437,-8.614879886191));
#1691 = CARTESIAN_POINT('',(-3.897351060807,-9.281742577508));
#1692 = CARTESIAN_POINT('',(-3.932892725173,-9.512453416889));
#1693 = CARTESIAN_POINT('',(-3.969338819424,-9.732617164393));
#1694 = CARTESIAN_POINT('',(-4.006700821869,-9.941171394005));
#1695 = CARTESIAN_POINT('',(-4.04497780552,-10.1369250947));
#1696 = CARTESIAN_POINT('',(-4.084153786632,-10.31860133967));
#1697 = CARTESIAN_POINT('',(-4.143689975292,-10.56586642846));
#1698 = CARTESIAN_POINT('',(-4.163390649696,-10.64318880268));
#1699 = CARTESIAN_POINT('',(-4.18329026437,-10.71670633267));
#1700 = CARTESIAN_POINT('',(-4.203382548838,-10.78626378176));
#1701 = CARTESIAN_POINT('',(-4.223659688261,-10.85170687311));
#1702 = CARTESIAN_POINT('',(-4.244112146635,-10.91288530727));
#1703 = CARTESIAN_POINT('',(-4.277267254841,-11.00418331926));
#1704 = CARTESIAN_POINT('',(-4.289866661938,-11.03708042384));
#1705 = CARTESIAN_POINT('',(-4.302524119741,-11.06831485898));
#1706 = CARTESIAN_POINT('',(-4.315236826033,-11.09785554263));
#1707 = CARTESIAN_POINT('',(-4.328001751629,-11.12567283974));
#1708 = CARTESIAN_POINT('',(-4.340815624088,-11.15173885656));
#1709 = CARTESIAN_POINT('',(-4.381444253324,-11.22847902197));
#1710 = CARTESIAN_POINT('',(-4.409427259793,-11.2726461989));
#1711 = CARTESIAN_POINT('',(-4.437585807114,-11.30826309409));
#1712 = CARTESIAN_POINT('',(-4.46587993376,-11.33511814273));
#1713 = CARTESIAN_POINT('',(-4.494267238483,-11.35306243549));
#1714 = CARTESIAN_POINT('',(-4.522702278395,-11.36201776705));
#1715 = CARTESIAN_POINT('',(-4.591666592773,-11.3619375278));
#1716 = CARTESIAN_POINT('',(-4.632205108472,-11.34362728269));
#1717 = CARTESIAN_POINT('',(-4.672602330534,-11.30704203023));
#1718 = CARTESIAN_POINT('',(-4.712730128043,-11.25252058795));
#1719 = CARTESIAN_POINT('',(-4.75247588527,-11.18066446356));
#1720 = CARTESIAN_POINT('',(-4.791738758962,-11.09227938199));
#1721 = CARTESIAN_POINT('',(-4.850229571494,-10.93515126126));
#1722 = CARTESIAN_POINT('',(-4.869883619144,-10.87787625543));
#1723 = CARTESIAN_POINT('',(-4.889379465264,-10.81664608368));
#1724 = CARTESIAN_POINT('',(-4.908708321163,-10.75159190258));
#1725 = CARTESIAN_POINT('',(-4.927862871804,-10.68284880252));
#1726 = CARTESIAN_POINT('',(-4.946837130066,-10.61055330002));
#1727 = CARTESIAN_POINT('',(-5.003576138471,-10.38191879723));
#1728 = CARTESIAN_POINT('',(-5.040768237105,-10.21506802571));
#1729 = CARTESIAN_POINT('',(-5.07716804045,-10.03539080211));
#1730 = CARTESIAN_POINT('',(-5.112757920173,-9.843973182629));
#1731 = CARTESIAN_POINT('',(-5.147533348513,-9.641838635667));
#1732 = CARTESIAN_POINT('',(-5.18150064266,-9.429912251345));
#1733 = CARTESIAN_POINT('',(-5.278051476232,-8.786979598415));
#1734 = CARTESIAN_POINT('',(-5.33849699616,-8.332426834088));
#1735 = CARTESIAN_POINT('',(-5.396182223288,-7.850672810257));
#1736 = CARTESIAN_POINT('',(-5.451256873303,-7.346141292811));
#1737 = CARTESIAN_POINT('',(-5.503881494862,-6.822435935936));
#1738 = CARTESIAN_POINT('',(-5.554227889103,-6.282223270597));
#1739 = CARTESIAN_POINT('',(-5.668217933679,-4.970975086819));
#1740 = CARTESIAN_POINT('',(-5.730005623947,-4.187975089367));
#1741 = CARTESIAN_POINT('',(-5.78829109041,-3.382823281463));
#1742 = CARTESIAN_POINT('',(-5.8433724579,-2.559126161587));
#1743 = CARTESIAN_POINT('',(-5.895509274062,-1.719665317491));
#1744 = CARTESIAN_POINT('',(-5.944924929921,-0.866311385863));
#1745 = CARTESIAN_POINT('',(-5.991823800375,0.));
#1746 = ( GEOMETRIC_REPRESENTATION_CONTEXT(2) 
PARAMETRIC_REPRESENTATION_CONTEXT() REPRESENTATION_CONTEXT('2D SPACE',''
  ) );
#1747 = ORIENTED_EDGE('',*,*,#1748,.F.);
#1748 = EDGE_CURVE('',#1749,#1531,#1751,.T.);
#1749 = VERTEX_POINT('',#1750);
#1750 = CARTESIAN_POINT('',(27.340414750153,42.150608217571,
    36.329436386744));
#1751 = SURFACE_CURVE('',#1752,(#1757,#1770),.PCURVE_S1.);
#1752 = CIRCLE('',#1753,44.665422868255);
#1753 = AXIS2_PLACEMENT_3D('',#1754,#1755,#1756);
#1754 = CARTESIAN_POINT('',(13.287730758123,0.,40.895430200692));
#1755 = DIRECTION('',(0.309016994375,0.,0.951056516295));
#1756 = DIRECTION('',(-0.951056516295,0.,0.309016994375));
#1757 = PCURVE('',#33,#1758);
#1758 = DEFINITIONAL_REPRESENTATION('',(#1759),#1769);
#1759 = B_SPLINE_CURVE_WITH_KNOTS('',8,(#1760,#1761,#1762,#1763,#1764,
    #1765,#1766,#1767,#1768),.UNSPECIFIED.,.F.,.F.,(9,9),(4.145122840613
    ,4.938189704239),.PIECEWISE_BEZIER_KNOTS.);
#1760 = CARTESIAN_POINT('',(0.806491161239,0.570418374293));
#1761 = CARTESIAN_POINT('',(0.887171701549,0.592531859399));
#1762 = CARTESIAN_POINT('',(0.968404078294,0.6166000962));
#1763 = CARTESIAN_POINT('',(1.050396848385,0.642419330139));
#1764 = CARTESIAN_POINT('',(1.133421163844,0.669759478316));
#1765 = CARTESIAN_POINT('',(1.217825130707,0.698364410634));
#1766 = CARTESIAN_POINT('',(1.304044061342,0.727949448465));
#1767 = CARTESIAN_POINT('',(1.392629013842,0.758191405854));
#1768 = CARTESIAN_POINT('',(1.484244735027,0.788710627812));
#1769 = ( GEOMETRIC_REPRESENTATION_CONTEXT(2) 
PARAMETRIC_REPRESENTATION_CONTEXT() REPRESENTATION_CONTEXT('2D SPACE',''
  ) );
#1770 = PCURVE('',#1771,#1776);
#1771 = PLANE('',#1772);
#1772 = AXIS2_PLACEMENT_3D('',#1773,#1774,#1775);
#1773 = CARTESIAN_POINT('',(19.945126372189,43.,38.732311240067));
#1774 = DIRECTION('',(0.309016994375,0.,0.951056516295));
#1775 = DIRECTION('',(0.951056516295,0.,-0.309016994375));
#1776 = DEFINITIONAL_REPRESENTATION('',(#1777),#1781);
#1777 = CIRCLE('',#1778,44.665422868255);
#1778 = AXIS2_PLACEMENT_2D('',#1779,#1780);
#1779 = CARTESIAN_POINT('',(-7.,-43.));
#1780 = DIRECTION('',(-1.,0.));
#1781 = ( GEOMETRIC_REPRESENTATION_CONTEXT(2) 
PARAMETRIC_REPRESENTATION_CONTEXT() REPRESENTATION_CONTEXT('2D SPACE',''
  ) );
#1782 = ORIENTED_EDGE('',*,*,#1783,.T.);
#1783 = EDGE_CURVE('',#1749,#1784,#1786,.T.);
#1784 = VERTEX_POINT('',#1785);
#1785 = CARTESIAN_POINT('',(49.135359152623,16.657011259385,
    -33.94496217183));
#1786 = SURFACE_CURVE('',#1787,(#1792,#1901),.PCURVE_S1.);
#1787 = CIRCLE('',#1788,39.543662511372);
#1788 = AXIS2_PLACEMENT_3D('',#1789,#1790,#1791);
#1789 = CARTESIAN_POINT('',(33.742738589212,33.742738589212,
    -1.775933609959));
#1790 = DIRECTION('',(-0.70661760314,-0.70661760314,3.719040016528E-02)
  );
#1791 = DIRECTION('',(0.668850969441,-0.649850075768,0.361016979797));
#1792 = PCURVE('',#33,#1793);
#1793 = DEFINITIONAL_REPRESENTATION('',(#1794),#1900);
#1794 = B_SPLINE_CURVE_WITH_KNOTS('',8,(#1795,#1796,#1797,#1798,#1799,
    #1800,#1801,#1802,#1803,#1804,#1805,#1806,#1807,#1808,#1809,#1810,
    #1811,#1812,#1813,#1814,#1815,#1816,#1817,#1818,#1819,#1820,#1821,
    #1822,#1823,#1824,#1825,#1826,#1827,#1828,#1829,#1830,#1831,#1832,
    #1833,#1834,#1835,#1836,#1837,#1838,#1839,#1840,#1841,#1842,#1843,
    #1844,#1845,#1846,#1847,#1848,#1849,#1850,#1851,#1852,#1853,#1854,
    #1855,#1856,#1857,#1858,#1859,#1860,#1861,#1862,#1863,#1864,#1865,
    #1866,#1867,#1868,#1869,#1870,#1871,#1872,#1873,#1874,#1875,#1876,
    #1877,#1878,#1879,#1880,#1881,#1882,#1883,#1884,#1885,#1886,#1887,
    #1888,#1889,#1890,#1891,#1892,#1893,#1894,#1895,#1896,#1897,#1898,
    #1899),.UNSPECIFIED.,.F.,.F.,(9,7,7,7,7,7,7,7,5,7,7,7,7,7,7,9),(0.,
    0.221416623195,0.754650263088,1.039041537698,1.342392230614,
    1.665966303059,2.011111980333,2.379267369426,2.771966451125,
    3.233498205072,3.695029959019,4.002717794983,4.412968242936,
    4.647397070338,4.915315730225,5.076864892681),.UNSPECIFIED.);
#1795 = CARTESIAN_POINT('',(0.132873837389,0.203004360433));
#1796 = CARTESIAN_POINT('',(0.138426633429,0.219798091543));
#1797 = CARTESIAN_POINT('',(0.144441013198,0.236452363811));
#1798 = CARTESIAN_POINT('',(0.150923660018,0.252952863302));
#1799 = CARTESIAN_POINT('',(0.157881926628,0.269284774573));
#1800 = CARTESIAN_POINT('',(0.165323724874,0.285432711367));
#1801 = CARTESIAN_POINT('',(0.173257377845,0.301380653234));
#1802 = CARTESIAN_POINT('',(0.181691419113,0.317111892392));
#1803 = CARTESIAN_POINT('',(0.212171358879,0.36993038663));
#1804 = CARTESIAN_POINT('',(0.23665971495,0.405893827792));
#1805 = CARTESIAN_POINT('',(0.264217651154,0.440255879036));
#1806 = CARTESIAN_POINT('',(0.294961747746,0.472748616918));
#1807 = CARTESIAN_POINT('',(0.328982786966,0.503077760703));
#1808 = CARTESIAN_POINT('',(0.366314030286,0.530922463759));
#1809 = CARTESIAN_POINT('',(0.40685910352,0.555950847102));
#1810 = CARTESIAN_POINT('',(0.473557714841,0.58953268959));
#1811 = CARTESIAN_POINT('',(0.49759750264,0.600323809484));
#1812 = CARTESIAN_POINT('',(0.522438084964,0.610178290156));
#1813 = CARTESIAN_POINT('',(0.548026996374,0.619050563701));
#1814 = CARTESIAN_POINT('',(0.574296907021,0.626898190508));
#1815 = CARTESIAN_POINT('',(0.601165464489,0.63368339987));
#1816 = CARTESIAN_POINT('',(0.62853685274,0.639374593279));
#1817 = CARTESIAN_POINT('',(0.685924497948,0.648825908627));
#1818 = CARTESIAN_POINT('',(0.715995440841,0.65243198422));
#1819 = CARTESIAN_POINT('',(0.746389290598,0.654736905784));
#1820 = CARTESIAN_POINT('',(0.776964414414,0.6557211899));
#1821 = CARTESIAN_POINT('',(0.807570694796,0.655376746158));
#1822 = CARTESIAN_POINT('',(0.838056975007,0.653707565109));
#1823 = CARTESIAN_POINT('',(0.868278690706,0.650729294818));
#1824 = CARTESIAN_POINT('',(0.929915535346,0.64192189908));
#1825 = CARTESIAN_POINT('',(0.961275899819,0.635915956346));
#1826 = CARTESIAN_POINT('',(0.9920228554,0.628481042896));
#1827 = CARTESIAN_POINT('',(1.022010158605,0.619661494897));
#1828 = CARTESIAN_POINT('',(1.051114254075,0.609512715835));
#1829 = CARTESIAN_POINT('',(1.079237151811,0.598097998141));
#1830 = CARTESIAN_POINT('',(1.10630559702,0.585485250768));
#1831 = CARTESIAN_POINT('',(1.159960550279,0.557088045601));
#1832 = CARTESIAN_POINT('',(1.186394636151,0.541148196961));
#1833 = CARTESIAN_POINT('',(1.211506931113,0.524010292633));
#1834 = CARTESIAN_POINT('',(1.235262363814,0.505762452846));
#1835 = CARTESIAN_POINT('',(1.257649241866,0.486492269739));
#1836 = CARTESIAN_POINT('',(1.27867301366,0.4662846142));
#1837 = CARTESIAN_POINT('',(1.298350233004,0.445220485663));
#1838 = CARTESIAN_POINT('',(1.336282633204,0.400076586591));
#1839 = CARTESIAN_POINT('',(1.354355552718,0.375889389886));
#1840 = CARTESIAN_POINT('',(1.370952121762,0.350908252065));
#1841 = CARTESIAN_POINT('',(1.386110229112,0.325220842256));
#1842 = CARTESIAN_POINT('',(1.399870880735,0.298908803978));
#1843 = CARTESIAN_POINT('',(1.412274287719,0.272048109326));
#1844 = CARTESIAN_POINT('',(1.423357454641,0.244709854834));
#1845 = CARTESIAN_POINT('',(1.443600863241,0.187362366933));
#1846 = CARTESIAN_POINT('',(1.452583638108,0.157296570556));
#1847 = CARTESIAN_POINT('',(1.460140201887,0.126845045365));
#1848 = CARTESIAN_POINT('',(1.46630345161,9.608388336048E-02));
#1849 = CARTESIAN_POINT('',(1.471098211611,6.50851604352E-02));
#1850 = CARTESIAN_POINT('',(1.478585188831,-2.711637442017E-03));
#1851 = CARTESIAN_POINT('',(1.479697432477,-7.098242044336E-02));
#1852 = CARTESIAN_POINT('',(1.474391542464,-0.139026379399));
#1853 = CARTESIAN_POINT('',(1.469625128657,-0.175612943238));
#1854 = CARTESIAN_POINT('',(1.462913390232,-0.211908806222));
#1855 = CARTESIAN_POINT('',(1.454190833734,-0.247793607682));
#1856 = CARTESIAN_POINT('',(1.443373555861,-0.28313703826));
#1857 = CARTESIAN_POINT('',(1.417355399225,-0.352453987933));
#1858 = CARTESIAN_POINT('',(1.402154538914,-0.386427502469));
#1859 = CARTESIAN_POINT('',(1.38466477554,-0.419572524247));
#1860 = CARTESIAN_POINT('',(1.364776251388,-0.451732126447));
#1861 = CARTESIAN_POINT('',(1.342371360717,-0.48273329189));
#1862 = CARTESIAN_POINT('',(1.317335996105,-0.51238353116));
#1863 = CARTESIAN_POINT('',(1.289580709665,-0.540470590779));
#1864 = CARTESIAN_POINT('',(1.238738604017,-0.584301318293));
#1865 = CARTESIAN_POINT('',(1.217179544005,-0.60103866955));
#1866 = CARTESIAN_POINT('',(1.194389299033,-0.616914285355));
#1867 = CARTESIAN_POINT('',(1.170370593838,-0.631858826424));
#1868 = CARTESIAN_POINT('',(1.145141900547,-0.645801231761));
#1869 = CARTESIAN_POINT('',(1.11874277511,-0.658670431842));
#1870 = CARTESIAN_POINT('',(1.091238160705,-0.670397825699));
#1871 = CARTESIAN_POINT('',(1.024694255361,-0.694950486195));
#1872 = CARTESIAN_POINT('',(0.984866132754,-0.706838667292));
#1873 = CARTESIAN_POINT('',(0.943451349736,-0.716435505832));
#1874 = CARTESIAN_POINT('',(0.900749243324,-0.723609239485));
#1875 = CARTESIAN_POINT('',(0.857145815896,-0.728257714968));
#1876 = CARTESIAN_POINT('',(0.813096842365,-0.730324401846));
#1877 = CARTESIAN_POINT('',(0.76906835196,-0.729803808743));
#1878 = CARTESIAN_POINT('',(0.700598774601,-0.724982886708));
#1879 = CARTESIAN_POINT('',(0.675849955144,-0.722398069166));
#1880 = CARTESIAN_POINT('',(0.651331740896,-0.718988946111));
#1881 = CARTESIAN_POINT('',(0.627122427767,-0.714767892431));
#1882 = CARTESIAN_POINT('',(0.60329446646,-0.709751791008));
#1883 = CARTESIAN_POINT('',(0.579912579814,-0.703961451812));
#1884 = CARTESIAN_POINT('',(0.557032742072,-0.697420867502));
#1885 = CARTESIAN_POINT('',(0.509181194927,-0.681853949001));
#1886 = CARTESIAN_POINT('',(0.484377586017,-0.67260599559));
#1887 = CARTESIAN_POINT('',(0.460361471085,-0.662451684544));
#1888 = CARTESIAN_POINT('',(0.437187973671,-0.651434257706));
#1889 = CARTESIAN_POINT('',(0.414896795915,-0.639599381862));
#1890 = CARTESIAN_POINT('',(0.393513789029,-0.626993727683));
#1891 = CARTESIAN_POINT('',(0.37305335929,-0.613663846146));
#1892 = CARTESIAN_POINT('',(0.341742940318,-0.591208743245));
#1893 = CARTESIAN_POINT('',(0.330302494849,-0.582515316827));
#1894 = CARTESIAN_POINT('',(0.319200519765,-0.573585237185));
#1895 = CARTESIAN_POINT('',(0.308436936006,-0.564428422042));
#1896 = CARTESIAN_POINT('',(0.298010635743,-0.555054622987));
#1897 = CARTESIAN_POINT('',(0.287919662785,-0.545473385797));
#1898 = CARTESIAN_POINT('',(0.278161374283,-0.535694021807));
#1899 = CARTESIAN_POINT('',(0.268732583714,-0.525725590334));
#1900 = ( GEOMETRIC_REPRESENTATION_CONTEXT(2) 
PARAMETRIC_REPRESENTATION_CONTEXT() REPRESENTATION_CONTEXT('2D SPACE',''
  ) );
#1901 = PCURVE('',#595,#1902);
#1902 = DEFINITIONAL_REPRESENTATION('',(#1903),#2120);
#1903 = B_SPLINE_CURVE_WITH_KNOTS('',8,(#1904,#1905,#1906,#1907,#1908,
    #1909,#1910,#1911,#1912,#1913,#1914,#1915,#1916,#1917,#1918,#1919,
    #1920,#1921,#1922,#1923,#1924,#1925,#1926,#1927,#1928,#1929,#1930,
    #1931,#1932,#1933,#1934,#1935,#1936,#1937,#1938,#1939,#1940,#1941,
    #1942,#1943,#1944,#1945,#1946,#1947,#1948,#1949,#1950,#1951,#1952,
    #1953,#1954,#1955,#1956,#1957,#1958,#1959,#1960,#1961,#1962,#1963,
    #1964,#1965,#1966,#1967,#1968,#1969,#1970,#1971,#1972,#1973,#1974,
    #1975,#1976,#1977,#1978,#1979,#1980,#1981,#1982,#1983,#1984,#1985,
    #1986,#1987,#1988,#1989,#1990,#1991,#1992,#1993,#1994,#1995,#1996,
    #1997,#1998,#1999,#2000,#2001,#2002,#2003,#2004,#2005,#2006,#2007,
    #2008,#2009,#2010,#2011,#2012,#2013,#2014,#2015,#2016,#2017,#2018,
    #2019,#2020,#2021,#2022,#2023,#2024,#2025,#2026,#2027,#2028,#2029,
    #2030,#2031,#2032,#2033,#2034,#2035,#2036,#2037,#2038,#2039,#2040,
    #2041,#2042,#2043,#2044,#2045,#2046,#2047,#2048,#2049,#2050,#2051,
    #2052,#2053,#2054,#2055,#2056,#2057,#2058,#2059,#2060,#2061,#2062,
    #2063,#2064,#2065,#2066,#2067,#2068,#2069,#2070,#2071,#2072,#2073,
    #2074,#2075,#2076,#2077,#2078,#2079,#2080,#2081,#2082,#2083,#2084,
    #2085,#2086,#2087,#2088,#2089,#2090,#2091,#2092,#2093,#2094,#2095,
    #2096,#2097,#2098,#2099,#2100,#2101,#2102,#2103,#2104,#2105,#2106,
    #2107,#2108,#2109,#2110,#2111,#2112,#2113,#2114,#2115,#2116,#2117,
    #2118,#2119),.UNSPECIFIED.,.F.,.F.,(9,7,7,7,7,7,7,7,7,7,7,7,7,7,7,7,
    7,7,4,7,7,7,7,7,7,7,7,7,7,7,7,9),(0.,0.414299223174,0.676000428456,
    0.811072018278,0.95050075616,1.021321702386,1.093266790615,
    1.166353864372,1.203185145635,1.240306436987,1.277720021971,
    1.353734924797,1.430956413382,1.509403639881,1.671359204266,
    1.838539141696,2.011111980333,2.379267369426,2.771966451124,
    3.192475651798,3.612984852472,3.893324319588,4.053518300797,
    4.138955090776,4.230087666752,4.327295747794,4.430984367572,
    4.541585562002,4.659560169394,4.785399750612,5.07303307911,
    5.076864892681),.UNSPECIFIED.);
#1904 = CARTESIAN_POINT('',(5.349999835242,0.370948948948));
#1905 = CARTESIAN_POINT('',(5.348961832555,0.422136397939));
#1906 = CARTESIAN_POINT('',(5.347386970729,0.47331480663));
#1907 = CARTESIAN_POINT('',(5.345224289889,0.524478634562));
#1908 = CARTESIAN_POINT('',(5.342401771344,0.575621541765));
#1909 = CARTESIAN_POINT('',(5.338819505633,0.626735881854));
#1910 = CARTESIAN_POINT('',(5.334334807374,0.677811765905));
#1911 = CARTESIAN_POINT('',(5.328745844304,0.728836076289));
#1912 = CARTESIAN_POINT('',(5.31726176942,0.811972037498));
#1913 = CARTESIAN_POINT('',(5.312237623451,0.844127508692));
#1914 = CARTESIAN_POINT('',(5.306548225173,0.876248504954));
#1915 = CARTESIAN_POINT('',(5.300083120121,0.908328292089));
#1916 = CARTESIAN_POINT('',(5.292700971995,0.940358353338));
#1917 = CARTESIAN_POINT('',(5.284210622762,0.972327229771));
#1918 = CARTESIAN_POINT('',(5.274352508826,1.004219457369));
#1919 = CARTESIAN_POINT('',(5.256709556268,1.052418668606));
#1920 = CARTESIAN_POINT('',(5.250229613565,1.068799936785));
#1921 = CARTESIAN_POINT('',(5.243219281954,1.085150843385));
#1922 = CARTESIAN_POINT('',(5.235611359042,1.101467359764));
#1923 = CARTESIAN_POINT('',(5.227324441411,1.117744589298));
#1924 = CARTESIAN_POINT('',(5.218258872962,1.133976519585));
#1925 = CARTESIAN_POINT('',(5.208289310721,1.150155546764));
#1926 = CARTESIAN_POINT('',(5.185856657205,1.182907454629));
#1927 = CARTESIAN_POINT('',(5.173323496319,1.199476203468));
#1928 = CARTESIAN_POINT('',(5.159470294635,1.215966697097));
#1929 = CARTESIAN_POINT('',(5.144070842231,1.232364934573));
#1930 = CARTESIAN_POINT('',(5.126837333821,1.248653017561));
#1931 = CARTESIAN_POINT('',(5.107393491777,1.26480706095));
#1932 = CARTESIAN_POINT('',(5.085231458591,1.280794574473));
#1933 = CARTESIAN_POINT('',(5.046598604109,1.304576465357));
#1934 = CARTESIAN_POINT('',(5.032693380792,1.312531382806));
#1935 = CARTESIAN_POINT('',(5.017799113793,1.32042395615));
#1936 = CARTESIAN_POINT('',(5.001803619988,1.328246475743));
#1937 = CARTESIAN_POINT('',(4.984575817471,1.335989805209));
#1938 = CARTESIAN_POINT('',(4.965961386788,1.343642939934));
#1939 = CARTESIAN_POINT('',(4.945777801452,1.351192360523));
#1940 = CARTESIAN_POINT('',(4.901490938603,1.366167919672));
#1941 = CARTESIAN_POINT('',(4.877330562771,1.373590196914));
#1942 = CARTESIAN_POINT('',(4.851100956188,1.380870293535));
#1943 = CARTESIAN_POINT('',(4.822540116525,1.387986883349));
#1944 = CARTESIAN_POINT('',(4.791345558839,1.394913969741));
#1945 = CARTESIAN_POINT('',(4.757173146892,1.401619713117));
#1946 = CARTESIAN_POINT('',(4.7196398762,1.408064336358));
#1947 = CARTESIAN_POINT('',(4.636468001024,1.420431651263));
#1948 = CARTESIAN_POINT('',(4.590710159719,1.426344429524));
#1949 = CARTESIAN_POINT('',(4.54072625669,1.431886806515));
#1950 = CARTESIAN_POINT('',(4.486152318299,1.436998395911));
#1951 = CARTESIAN_POINT('',(4.426714232466,1.441609432234));
#1952 = CARTESIAN_POINT('',(4.362317644329,1.445639425898));
#1953 = CARTESIAN_POINT('',(4.293362342678,1.449008139447));
#1954 = CARTESIAN_POINT('',(4.184090843809,1.452983191327));
#1955 = CARTESIAN_POINT('',(4.146536250935,1.454130872067));
#1956 = CARTESIAN_POINT('',(4.108151382561,1.455086039779));
#1957 = CARTESIAN_POINT('',(4.069075229148,1.455841456979));
#1958 = CARTESIAN_POINT('',(4.029476098171,1.456391369105));
#1959 = CARTESIAN_POINT('',(3.989544203737,1.456731973077));
#1960 = CARTESIAN_POINT('',(3.949479856588,1.456861700658));
#1961 = CARTESIAN_POINT('',(3.869165937969,1.45669995313));
#1962 = CARTESIAN_POINT('',(3.828917418625,1.456405153542));
#1963 = CARTESIAN_POINT('',(3.788936822432,1.455897355112));
#1964 = CARTESIAN_POINT('',(3.749423760931,1.455179400152));
#1965 = CARTESIAN_POINT('',(3.710561678412,1.454256335825));
#1966 = CARTESIAN_POINT('',(3.672507343835,1.453135033224));
#1967 = CARTESIAN_POINT('',(3.6353855371,1.45182365551));
#1968 = CARTESIAN_POINT('',(3.562911969319,1.448826947555));
#1969 = CARTESIAN_POINT('',(3.527576429395,1.447138754481));
#1970 = CARTESIAN_POINT('',(3.493381015459,1.445275785248));
#1971 = CARTESIAN_POINT('',(3.460390897328,1.443248073567));
#1972 = CARTESIAN_POINT('',(3.428640605253,1.441065978511));
#1973 = CARTESIAN_POINT('',(3.398139376724,1.438739773547));
#1974 = CARTESIAN_POINT('',(3.368877787143,1.436279366651));
#1975 = CARTESIAN_POINT('',(3.28385180831,1.428441713691));
#1976 = CARTESIAN_POINT('',(3.23189218993,1.422674131953));
#1977 = CARTESIAN_POINT('',(3.184759246455,1.416470373846));
#1978 = CARTESIAN_POINT('',(3.142022100037,1.409900865158));
#1979 = CARTESIAN_POINT('',(3.103203556253,1.403022457019));
#1980 = CARTESIAN_POINT('',(3.067860730535,1.395881476031));
#1981 = CARTESIAN_POINT('',(3.035592224825,1.388515578193));
#1982 = CARTESIAN_POINT('',(2.976031277116,1.373275784021));
#1983 = CARTESIAN_POINT('',(2.948825948906,1.365395679014));
#1984 = CARTESIAN_POINT('',(2.924060915647,1.357347776391));
#1985 = CARTESIAN_POINT('',(2.901419116521,1.349157263034));
#1986 = CARTESIAN_POINT('',(2.880635756961,1.340844121121));
#1987 = CARTESIAN_POINT('',(2.861489671159,1.332424523088));
#1988 = CARTESIAN_POINT('',(2.843793123038,1.323911765671));
#1989 = CARTESIAN_POINT('',(2.810720676169,1.306585621302));
#1990 = CARTESIAN_POINT('',(2.795386032195,1.297769610363));
#1991 = CARTESIAN_POINT('',(2.78121635543,1.288880454559));
#1992 = CARTESIAN_POINT('',(2.768074582567,1.279927396799));
#1993 = CARTESIAN_POINT('',(2.755846674274,1.270917962641));
#1994 = CARTESIAN_POINT('',(2.744436349918,1.261858421585));
#1995 = CARTESIAN_POINT('',(2.733761288473,1.252754089199));
#1996 = CARTESIAN_POINT('',(2.703083971581,1.224730256439));
#1997 = CARTESIAN_POINT('',(2.685249625441,1.205679343041));
#1998 = CARTESIAN_POINT('',(2.669625160934,1.186496463887));
#1999 = CARTESIAN_POINT('',(2.655795535355,1.167207237903));
#2000 = CARTESIAN_POINT('',(2.643453321883,1.147830563564));
#2001 = CARTESIAN_POINT('',(2.632365695923,1.128380564978));
#2002 = CARTESIAN_POINT('',(2.622349586845,1.108868324582));
#2003 = CARTESIAN_POINT('',(2.603874748342,1.069105816235));
#2004 = CARTESIAN_POINT('',(2.595476663901,1.048852046451));
#2005 = CARTESIAN_POINT('',(2.587903739775,1.028551021807));
#2006 = CARTESIAN_POINT('',(2.581036460028,1.008209895152));
#2007 = CARTESIAN_POINT('',(2.574781132364,0.987834263663));
#2008 = CARTESIAN_POINT('',(2.569061983608,0.967428655759));
#2009 = CARTESIAN_POINT('',(2.563817160141,0.94699676947));
#2010 = CARTESIAN_POINT('',(2.554017250013,0.905426796807));
#2011 = CARTESIAN_POINT('',(2.549489861308,0.884287191369));
#2012 = CARTESIAN_POINT('',(2.545356120335,0.863126286054));
#2013 = CARTESIAN_POINT('',(2.54157084859,0.841946799886));
#2014 = CARTESIAN_POINT('',(2.538097230996,0.820750961854));
#2015 = CARTESIAN_POINT('',(2.534904510422,0.799540649271));
#2016 = CARTESIAN_POINT('',(2.5319665305,0.778317474739));
#2017 = CARTESIAN_POINT('',(2.523489598672,0.711782228614));
#2018 = CARTESIAN_POINT('',(2.518776475454,0.666429400271));
#2019 = CARTESIAN_POINT('',(2.51490591838,0.621037808458));
#2020 = CARTESIAN_POINT('',(2.511740516693,0.575616441072));
#2021 = CARTESIAN_POINT('',(2.509180188487,0.530172248087));
#2022 = CARTESIAN_POINT('',(2.507152431902,0.484710728736));
#2023 = CARTESIAN_POINT('',(2.505602829012,0.439236525415));
#2024 = CARTESIAN_POINT('',(2.503305860854,0.345238667434));
#2025 = CARTESIAN_POINT('',(2.502618854862,0.296713824116));
#2026 = CARTESIAN_POINT('',(2.502381831262,0.24818408109));
#2027 = CARTESIAN_POINT('',(2.502564512263,0.199653617862));
#2028 = CARTESIAN_POINT('',(2.503775250715,9.916236007995E-02));
#2029 = CARTESIAN_POINT('',(2.506677241894,-1.299266691823E-03));
#2030 = CARTESIAN_POINT('',(2.511289131586,-0.10169673632));
#2031 = CARTESIAN_POINT('',(2.517815128863,-0.2019887189));
#2032 = CARTESIAN_POINT('',(2.521744445891,-0.253814828691));
#2033 = CARTESIAN_POINT('',(2.526288516,-0.305598326007));
#2034 = CARTESIAN_POINT('',(2.531530926765,-0.357329414413));
#2035 = CARTESIAN_POINT('',(2.543655325832,-0.46066028687));
#2036 = CARTESIAN_POINT('',(2.550537352178,-0.512260066684));
#2037 = CARTESIAN_POINT('',(2.558360513924,-0.563780965644));
#2038 = CARTESIAN_POINT('',(2.567285488381,-0.615206141328));
#2039 = CARTESIAN_POINT('',(2.577523274902,-0.666514073453));
#2040 = CARTESIAN_POINT('',(2.589372252805,-0.717674640343));
#2041 = CARTESIAN_POINT('',(2.603246922135,-0.768646541388));
#2042 = CARTESIAN_POINT('',(2.630925507183,-0.853166683576));
#2043 = CARTESIAN_POINT('',(2.643211402671,-0.886859261817));
#2044 = CARTESIAN_POINT('',(2.656921175247,-0.920415296909));
#2045 = CARTESIAN_POINT('',(2.672322823571,-0.953807641707));
#2046 = CARTESIAN_POINT('',(2.689765094542,-0.987001047881));
#2047 = CARTESIAN_POINT('',(2.709722677403,-1.019946464807));
#2048 = CARTESIAN_POINT('',(2.732856772975,-1.052575698317));
#2049 = CARTESIAN_POINT('',(2.775853752013,-1.103173741326));
#2050 = CARTESIAN_POINT('',(2.792869459761,-1.121432464025));
#2051 = CARTESIAN_POINT('',(2.811461815911,-1.139529286847));
#2052 = CARTESIAN_POINT('',(2.831868315769,-1.15743794389));
#2053 = CARTESIAN_POINT('',(2.854381514131,-1.175125522684));
#2054 = CARTESIAN_POINT('',(2.879363651105,-1.192549925184));
#2055 = CARTESIAN_POINT('',(2.907277898607,-1.209655676028));
#2056 = CARTESIAN_POINT('',(2.955472776046,-1.235278161632));
#2057 = CARTESIAN_POINT('',(2.973236659236,-1.244077851269));
#2058 = CARTESIAN_POINT('',(2.992089709956,-1.252753415727));
#2059 = CARTESIAN_POINT('',(3.012130571826,-1.261291479034));
#2060 = CARTESIAN_POINT('',(3.033468332739,-1.269676616238));
#2061 = CARTESIAN_POINT('',(3.05622328782,-1.277890909695));
#2062 = CARTESIAN_POINT('',(3.080525806212,-1.285913454671));
#2063 = CARTESIAN_POINT('',(3.134228877213,-1.302046750834));
#2064 = CARTESIAN_POINT('',(3.163861253193,-1.31012772564));
#2065 = CARTESIAN_POINT('',(3.195572621379,-1.317933258127));
#2066 = CARTESIAN_POINT('',(3.229532823271,-1.32542928966));
#2067 = CARTESIAN_POINT('',(3.265911432924,-1.332576773863));
#2068 = CARTESIAN_POINT('',(3.304861111846,-1.339331040278));
#2069 = CARTESIAN_POINT('',(3.346488507011,-1.345642176289));
#2070 = CARTESIAN_POINT('',(3.438088535764,-1.357660714978));
#2071 = CARTESIAN_POINT('',(3.488432497442,-1.363299821636));
#2072 = CARTESIAN_POINT('',(3.541865065392,-1.368311100778));
#2073 = CARTESIAN_POINT('',(3.598291828763,-1.372627347737));
#2074 = CARTESIAN_POINT('',(3.657458449652,-1.376181474223));
#2075 = CARTESIAN_POINT('',(3.718866924524,-1.378913546838));
#2076 = CARTESIAN_POINT('',(3.781816176419,-1.380782840585));
#2077 = CARTESIAN_POINT('',(3.913488563836,-1.38282485091));
#2078 = CARTESIAN_POINT('',(3.982316797677,-1.38287614858));
#2079 = CARTESIAN_POINT('',(4.051068834984,-1.381902513191));
#2080 = CARTESIAN_POINT('',(4.118699060989,-1.379910260144));
#2081 = CARTESIAN_POINT('',(4.184213030609,-1.376940773296));
#2082 = CARTESIAN_POINT('',(4.246936390959,-1.373061559061));
#2083 = CARTESIAN_POINT('',(4.306464190038,-1.368349599746));
#2084 = CARTESIAN_POINT('',(4.422495325375,-1.357054427387));
#2085 = CARTESIAN_POINT('',(4.478532465218,-1.350367399891));
#2086 = CARTESIAN_POINT('',(4.530490657551,-1.342919243294));
#2087 = CARTESIAN_POINT('',(4.578420645059,-1.334808763075));
#2088 = CARTESIAN_POINT('',(4.622559998286,-1.326125036664));
#2089 = CARTESIAN_POINT('',(4.663196822635,-1.316944416657));
#2090 = CARTESIAN_POINT('',(4.700638061171,-1.307331993708));
#2091 = CARTESIAN_POINT('',(4.772023501125,-1.286687689554));
#2092 = CARTESIAN_POINT('',(4.805568199752,-1.275603901337));
#2093 = CARTESIAN_POINT('',(4.836172772772,-1.26415827913));
#2094 = CARTESIAN_POINT('',(4.864183997124,-1.252404729811));
#2095 = CARTESIAN_POINT('',(4.889904450953,-1.240386428663));
#2096 = CARTESIAN_POINT('',(4.913596609402,-1.228138657741));
#2097 = CARTESIAN_POINT('',(4.935486062721,-1.215690463086));
#2098 = CARTESIAN_POINT('',(4.977400616936,-1.189600034394));
#2099 = CARTESIAN_POINT('',(4.997204120422,-1.175933529163));
#2100 = CARTESIAN_POINT('',(5.015413912677,-1.162095900873));
#2101 = CARTESIAN_POINT('',(5.032225323075,-1.148110322048));
#2102 = CARTESIAN_POINT('',(5.047801010886,-1.133995445273));
#2103 = CARTESIAN_POINT('',(5.062277692236,-1.119766642231));
#2104 = CARTESIAN_POINT('',(5.075771489937,-1.105436819821));
#2105 = CARTESIAN_POINT('',(5.117205714706,-1.058056798447));
#2106 = CARTESIAN_POINT('',(5.141414277969,-1.024625654477));
#2107 = CARTESIAN_POINT('',(5.162195359,-0.990853071614));
#2108 = CARTESIAN_POINT('',(5.180282019861,-0.9568145967));
#2109 = CARTESIAN_POINT('',(5.196196361519,-0.92256428343));
#2110 = CARTESIAN_POINT('',(5.210318490068,-0.888140509747));
#2111 = CARTESIAN_POINT('',(5.222938834416,-0.853572713857));
#2112 = CARTESIAN_POINT('',(5.234434144705,-0.818421460985));
#2113 = CARTESIAN_POINT('',(5.234585043968,-0.817959315416));
#2114 = CARTESIAN_POINT('',(5.234735717284,-0.817497148369));
#2115 = CARTESIAN_POINT('',(5.234886165186,-0.817034959897));
#2116 = CARTESIAN_POINT('',(5.235036388203,-0.816572750053));
#2117 = CARTESIAN_POINT('',(5.235186386862,-0.81611051889));
#2118 = CARTESIAN_POINT('',(5.23533616169,-0.815648266461));
#2119 = CARTESIAN_POINT('',(5.235485713209,-0.81518599282));
#2120 = ( GEOMETRIC_REPRESENTATION_CONTEXT(2) 
PARAMETRIC_REPRESENTATION_CONTEXT() REPRESENTATION_CONTEXT('2D SPACE',''
  ) );
#2121 = ORIENTED_EDGE('',*,*,#2122,.F.);
#2122 = EDGE_CURVE('',#2123,#1784,#2125,.T.);
#2123 = VERTEX_POINT('',#2124);
#2124 = CARTESIAN_POINT('',(49.,13.518505834596,-35.5));
#2125 = SURFACE_CURVE('',#2126,(#2248,#2373),.PCURVE_S1.);
#2126 = B_SPLINE_CURVE_WITH_KNOTS('',8,(#2127,#2128,#2129,#2130,#2131,
    #2132,#2133,#2134,#2135,#2136,#2137,#2138,#2139,#2140,#2141,#2142,
    #2143,#2144,#2145,#2146,#2147,#2148,#2149,#2150,#2151,#2152,#2153,
    #2154,#2155,#2156,#2157,#2158,#2159,#2160,#2161,#2162,#2163,#2164,
    #2165,#2166,#2167,#2168,#2169,#2170,#2171,#2172,#2173,#2174,#2175,
    #2176,#2177,#2178,#2179,#2180,#2181,#2182,#2183,#2184,#2185,#2186,
    #2187,#2188,#2189,#2190,#2191,#2192,#2193,#2194,#2195,#2196,#2197,
    #2198,#2199,#2200,#2201,#2202,#2203,#2204,#2205,#2206,#2207,#2208,
    #2209,#2210,#2211,#2212,#2213,#2214,#2215,#2216,#2217,#2218,#2219,
    #2220,#2221,#2222,#2223,#2224,#2225,#2226,#2227,#2228,#2229,#2230,
    #2231,#2232,#2233,#2234,#2235,#2236,#2237,#2238,#2239,#2240,#2241,
    #2242,#2243,#2244,#2245,#2246,#2247),.UNSPECIFIED.,.F.,.F.,(9,7,7,7,
    7,7,7,7,7,7,7,7,7,7,7,7,7,9),(0.,7.823036442276E-02,0.137010401694,
    0.202280973274,0.225617762483,0.234893530886,0.240134455341,
    0.251239160133,0.265930834378,0.273873080565,0.291021920883,
    0.32222247588,0.363109973427,0.420297991098,0.49662178721,
    0.632216603111,0.736048052521,1.),.UNSPECIFIED.);
#2127 = CARTESIAN_POINT('',(49.,13.518505834596,-35.5));
#2128 = CARTESIAN_POINT('',(49.,13.777453795149,-35.40139184463));
#2129 = CARTESIAN_POINT('',(49.001234988989,14.035638447655,
    -35.29889796569));
#2130 = CARTESIAN_POINT('',(49.003874151471,14.292992760544,
    -35.19228967114));
#2131 = CARTESIAN_POINT('',(49.008115917992,14.549420398874,
    -35.08130488368));
#2132 = CARTESIAN_POINT('',(49.014189745563,14.804795613566,
    -34.96564697516));
#2133 = CARTESIAN_POINT('',(49.022366908811,15.058959882839,
    -34.8449706782));
#2134 = CARTESIAN_POINT('',(49.032980301824,15.311715305843,
    -34.7188550748));
#2135 = CARTESIAN_POINT('',(49.056576435561,15.751483620307,
    -34.48751398841));
#2136 = CARTESIAN_POINT('',(49.068312666514,15.939190347604,
    -34.38490476012));
#2137 = CARTESIAN_POINT('',(49.08184253808,16.125846659115,
    -34.27870009094));
#2138 = CARTESIAN_POINT('',(49.097374923793,16.311322424657,
    -34.16863902999));
#2139 = CARTESIAN_POINT('',(49.115157556834,16.495440799728,
    -34.05442276202));
#2140 = CARTESIAN_POINT('',(49.135484864275,16.67797493762,
    -33.93570542918));
#2141 = CARTESIAN_POINT('',(49.158718180903,16.858638690199,
    -33.81206800027));
#2142 = CARTESIAN_POINT('',(49.214887635597,17.235190567747,
    -33.53958443116));
#2143 = CARTESIAN_POINT('',(49.248541581976,17.430079644999,
    -33.38980619961));
#2144 = CARTESIAN_POINT('',(49.286977527448,17.621726642178,
    -33.23257936383));
#2145 = CARTESIAN_POINT('',(49.331062895365,17.809555462551,
    -33.06683513662));
#2146 = CARTESIAN_POINT('',(49.381802447495,17.99248299269,
    -32.89154968335));
#2147 = CARTESIAN_POINT('',(49.440604765143,18.168692898293,
    -32.70545555989));
#2148 = CARTESIAN_POINT('',(49.509089183617,18.335815709686,
    -32.5072857823));
#2149 = CARTESIAN_POINT('',(49.619249004174,18.545130398256,
    -32.2182858184));
#2150 = CARTESIAN_POINT('',(49.649851136625,18.598548028653,
    -32.1403678107));
#2151 = CARTESIAN_POINT('',(49.682166195237,18.650071240885,
    -32.06055072734));
#2152 = CARTESIAN_POINT('',(49.716319085536,18.699461286362,
    -31.97876678878));
#2153 = CARTESIAN_POINT('',(49.752434647179,18.746426503734,
    -31.894977932));
#2154 = CARTESIAN_POINT('',(49.790634106218,18.790626921881,
    -31.80917944475));
#2155 = CARTESIAN_POINT('',(49.831029031423,18.831681834614,
    -31.72140560244));
#2156 = CARTESIAN_POINT('',(49.89067848344,18.884085033143,
    -31.59609648636));
#2157 = CARTESIAN_POINT('',(49.908003572222,18.898425919003,
    -31.56016100009));
#2158 = CARTESIAN_POINT('',(49.925692550508,18.912176519811,
    -31.52393853511));
#2159 = CARTESIAN_POINT('',(49.943748808843,18.925309305818,
    -31.48743915513));
#2160 = CARTESIAN_POINT('',(49.962174384003,18.93779614336,
    -31.45067546901));
#2161 = CARTESIAN_POINT('',(49.980969704179,18.949608735857,
    -31.41366279847));
#2162 = CARTESIAN_POINT('',(50.000133334148,18.960719064804,
    -31.3764193457));
#2163 = CARTESIAN_POINT('',(50.03069550148,18.976965092579,
    -31.31780495922));
#2164 = CARTESIAN_POINT('',(50.041845693692,18.982597483679,
    -31.29657670123));
#2165 = CARTESIAN_POINT('',(50.053111648301,18.987992003447,
    -31.27528547565));
#2166 = CARTESIAN_POINT('',(50.064492473934,18.993143815842,
    -31.25393547377));
#2167 = CARTESIAN_POINT('',(50.075987036631,18.998048249396,
    -31.23253118971));
#2168 = CARTESIAN_POINT('',(50.087593959848,19.002700797221,
    -31.21107742039));
#2169 = CARTESIAN_POINT('',(50.099311624457,19.007097116999,
    -31.18957926554));
#2170 = CARTESIAN_POINT('',(50.136196778946,19.019996390273,
    -31.1224082782));
#2171 = CARTESIAN_POINT('',(50.161745819823,19.027591404677,
    -31.07659636675));
#2172 = CARTESIAN_POINT('',(50.187765341485,19.03397807878,
    -31.03066157113));
#2173 = CARTESIAN_POINT('',(50.214231685127,19.039122452742,
    -30.9846617255));
#2174 = CARTESIAN_POINT('',(50.241117138771,19.042997611893,
    -30.93865730968));
#2175 = CARTESIAN_POINT('',(50.268389592996,19.045584696307,
    -30.8927114385));
#2176 = CARTESIAN_POINT('',(50.296012196669,19.046873910386,
    -30.8468898511));
#2177 = CARTESIAN_POINT('',(50.36089585906,19.046854448289,
    -30.74089318274));
#2178 = CARTESIAN_POINT('',(50.398395911366,19.044572027893,
    -30.68085006404));
#2179 = CARTESIAN_POINT('',(50.436343356463,19.040017569271,
    -30.62129505306));
#2180 = CARTESIAN_POINT('',(50.474640213545,19.033221935564,
    -30.56237080009));
#2181 = CARTESIAN_POINT('',(50.513191012851,19.024242731751,
    -30.50420072884));
#2182 = CARTESIAN_POINT('',(50.551903474372,19.013159481387,
    -30.44689066852));
#2183 = CARTESIAN_POINT('',(50.590689186556,19.000068803321,
    -30.39053048598));
#2184 = CARTESIAN_POINT('',(50.650425910824,18.976976493252,
    -30.3052820166));
#2185 = CARTESIAN_POINT('',(50.671386529913,18.968317773123,
    -30.27566498995));
#2186 = CARTESIAN_POINT('',(50.692334259481,18.959119981167,
    -30.24635469126));
#2187 = CARTESIAN_POINT('',(50.713258170651,18.949400305792,
    -30.21735925275));
#2188 = CARTESIAN_POINT('',(50.734148278352,18.939176333378,
    -30.18868503598));
#2189 = CARTESIAN_POINT('',(50.754995531194,18.928465810948,
    -30.16033678242));
#2190 = CARTESIAN_POINT('',(50.775791801337,18.917286408858,
    -30.13231776406));
#2191 = CARTESIAN_POINT('',(50.841307371136,18.880542073784,
    -30.04484657227));
#2192 = CARTESIAN_POINT('',(50.885808817042,18.853326273116,
    -29.98661355621));
#2193 = CARTESIAN_POINT('',(50.929968065403,18.824180367991,
    -29.9299412528));
#2194 = CARTESIAN_POINT('',(50.973733227413,18.793271610759,
    -29.87481950486));
#2195 = CARTESIAN_POINT('',(51.017065589047,18.760757148635,
    -29.82122234081));
#2196 = CARTESIAN_POINT('',(51.059938749902,18.726780169154,
    -29.76911155574));
#2197 = CARTESIAN_POINT('',(51.102337983991,18.691467262046,
    -29.71843916394));
#2198 = CARTESIAN_POINT('',(51.220532305227,18.588445736289,
    -29.57946982339));
#2199 = CARTESIAN_POINT('',(51.295182526055,18.517938462992,
    -29.49441473604));
#2200 = CARTESIAN_POINT('',(51.368217311891,18.444043334482,
    -29.4136067585));
#2201 = CARTESIAN_POINT('',(51.439652825507,18.367288334136,
    -29.33671705327));
#2202 = CARTESIAN_POINT('',(51.509521449792,18.288104899847,
    -29.26344590557));
#2203 = CARTESIAN_POINT('',(51.577875925536,18.206836474893,
    -29.19351059711));
#2204 = CARTESIAN_POINT('',(51.64479074275,18.123741981708,
    -29.12663989584));
#2205 = CARTESIAN_POINT('',(51.796288582698,17.927934528729,
    -28.97862003092));
#2206 = CARTESIAN_POINT('',(51.879847275274,17.814113783848,
    -28.89954146856));
#2207 = CARTESIAN_POINT('',(51.961209774772,17.697987159752,
    -28.82479115949));
#2208 = CARTESIAN_POINT('',(52.040510572311,17.579913853737,
    -28.75394015934));
#2209 = CARTESIAN_POINT('',(52.117865000379,17.460177904772,
    -28.68663496722));
#2210 = CARTESIAN_POINT('',(52.193381721717,17.339001727044,
    -28.62256846272));
#2211 = CARTESIAN_POINT('',(52.267168445283,17.21655235678,
    -28.56146570712));
#2212 = CARTESIAN_POINT('',(52.440262113075,16.920048391928,
    -28.42142885843));
#2213 = CARTESIAN_POINT('',(52.537978125263,16.744947794333,
    -28.34512726436));
#2214 = CARTESIAN_POINT('',(52.632744076596,16.567998717299,
    -28.27353019466));
#2215 = CARTESIAN_POINT('',(52.724759568186,16.389481617889,
    -28.20614389522));
#2216 = CARTESIAN_POINT('',(52.814191433347,16.209619252915,
    -28.14256322771));
#2217 = CARTESIAN_POINT('',(52.901187041219,16.028585667737,
    -28.08244331795));
#2218 = CARTESIAN_POINT('',(52.98587873299,15.846509428172,
    -28.02548882131));
#2219 = CARTESIAN_POINT('',(53.178510550464,15.419202796521,
    -27.89930467299));
#2220 = CARTESIAN_POINT('',(53.284726437226,15.173273340885,
    -27.83235802243));
#2221 = CARTESIAN_POINT('',(53.387315338799,14.925936159391,
    -27.76999181683));
#2222 = CARTESIAN_POINT('',(53.486494933568,14.677388478386,
    -27.71172817416));
#2223 = CARTESIAN_POINT('',(53.582444741023,14.42778833658,
    -27.65717636673));
#2224 = CARTESIAN_POINT('',(53.675320750476,14.177261174401,
    -27.60600365105));
#2225 = CARTESIAN_POINT('',(53.765262858724,13.925903190606,
    -27.55791963489));
#2226 = CARTESIAN_POINT('',(54.00719195689,13.225868750255,
    -27.43229231835));
#2227 = CARTESIAN_POINT('',(54.153097488782,12.775614139519,
    -27.36088035683));
#2228 = CARTESIAN_POINT('',(54.290802257479,12.323436334238,
    -27.29703067001));
#2229 = CARTESIAN_POINT('',(54.420805266244,11.869658553814,
    -27.23971808669));
#2230 = CARTESIAN_POINT('',(54.543507875304,11.414534453492,
    -27.18812583152));
#2231 = CARTESIAN_POINT('',(54.659248659008,10.958257761232,
    -27.14157722254));
#2232 = CARTESIAN_POINT('',(54.76831265324,10.500965091388,
    -27.09951314552));
#2233 = CARTESIAN_POINT('',(54.949541554616,9.691857543078,
    -27.03231262682));
#2234 = CARTESIAN_POINT('',(55.024360685505,9.340448392418,
    -27.00552089804));
#2235 = CARTESIAN_POINT('',(55.095514457794,8.988566915407,
    -26.98086689075));
#2236 = CARTESIAN_POINT('',(55.163096474731,8.636260048811,
    -26.95816692965));
#2237 = CARTESIAN_POINT('',(55.227188543384,8.283569210156,
    -26.93726091701));
#2238 = CARTESIAN_POINT('',(55.287863060316,7.930530681684,
    -26.91800781218));
#2239 = CARTESIAN_POINT('',(55.345184542206,7.577175858722,
    -26.90028258506));
#2240 = CARTESIAN_POINT('',(55.536550234997,6.324524808795,
    -26.84251790798));
#2241 = CARTESIAN_POINT('',(55.652586574862,5.423683499955,
    -26.8102214502));
#2242 = CARTESIAN_POINT('',(55.748266602277,4.52142748452,
    -26.78526631745));
#2243 = CARTESIAN_POINT('',(55.824225049574,3.6181188839,-26.76642336115
    ));
#2244 = CARTESIAN_POINT('',(55.880904494101,2.714072463756,
    -26.75284085563));
#2245 = CARTESIAN_POINT('',(55.918596499911,1.809559094393,
    -26.74396548294));
#2246 = CARTESIAN_POINT('',(55.937443798302,0.904806287921,
    -26.73952844221));
#2247 = CARTESIAN_POINT('',(55.937443798302,-1.370072230002E-14,
    -26.73952844221));
#2248 = PCURVE('',#33,#2249);
#2249 = DEFINITIONAL_REPRESENTATION('',(#2250),#2372);
#2250 = B_SPLINE_CURVE_WITH_KNOTS('',8,(#2251,#2252,#2253,#2254,#2255,
    #2256,#2257,#2258,#2259,#2260,#2261,#2262,#2263,#2264,#2265,#2266,
    #2267,#2268,#2269,#2270,#2271,#2272,#2273,#2274,#2275,#2276,#2277,
    #2278,#2279,#2280,#2281,#2282,#2283,#2284,#2285,#2286,#2287,#2288,
    #2289,#2290,#2291,#2292,#2293,#2294,#2295,#2296,#2297,#2298,#2299,
    #2300,#2301,#2302,#2303,#2304,#2305,#2306,#2307,#2308,#2309,#2310,
    #2311,#2312,#2313,#2314,#2315,#2316,#2317,#2318,#2319,#2320,#2321,
    #2322,#2323,#2324,#2325,#2326,#2327,#2328,#2329,#2330,#2331,#2332,
    #2333,#2334,#2335,#2336,#2337,#2338,#2339,#2340,#2341,#2342,#2343,
    #2344,#2345,#2346,#2347,#2348,#2349,#2350,#2351,#2352,#2353,#2354,
    #2355,#2356,#2357,#2358,#2359,#2360,#2361,#2362,#2363,#2364,#2365,
    #2366,#2367,#2368,#2369,#2370,#2371),.UNSPECIFIED.,.F.,.F.,(9,7,7,7,
    7,7,7,7,7,7,7,7,7,7,7,7,7,9),(0.,7.823036442276E-02,0.137010401694,
    0.202280973274,0.225617762483,0.234893530886,0.240134455341,
    0.251239160133,0.265930834378,0.273873080565,0.291021920883,
    0.32222247588,0.363109973427,0.420297991098,0.49662178721,
    0.632216603111,0.736048052521,1.),.UNSPECIFIED.);
#2251 = CARTESIAN_POINT('',(0.269191472938,-0.609650118253));
#2252 = CARTESIAN_POINT('',(0.274102338953,-0.607710181416));
#2253 = CARTESIAN_POINT('',(0.278977059258,-0.605696804238));
#2254 = CARTESIAN_POINT('',(0.283812931893,-0.603605872546));
#2255 = CARTESIAN_POINT('',(0.288606503626,-0.601432673644));
#2256 = CARTESIAN_POINT('',(0.293353563401,-0.599171876827));
#2257 = CARTESIAN_POINT('',(0.298049018644,-0.5968172753));
#2258 = CARTESIAN_POINT('',(0.302686654435,-0.594361289504));
#2259 = CARTESIAN_POINT('',(0.31069413533,-0.589865418847));
#2260 = CARTESIAN_POINT('',(0.314092011338,-0.587874174236));
#2261 = CARTESIAN_POINT('',(0.317449444851,-0.585816227082));
#2262 = CARTESIAN_POINT('',(0.320762518656,-0.583686864857));
#2263 = CARTESIAN_POINT('',(0.324026213675,-0.581480698975));
#2264 = CARTESIAN_POINT('',(0.327234312012,-0.579191496684));
#2265 = CARTESIAN_POINT('',(0.33037911471,-0.576811700039));
#2266 = CARTESIAN_POINT('',(0.336861541601,-0.571576912475));
#2267 = CARTESIAN_POINT('',(0.34017389072,-0.568705075917));
#2268 = CARTESIAN_POINT('',(0.343383261487,-0.565696552702));
#2269 = CARTESIAN_POINT('',(0.346473467422,-0.56253189425));
#2270 = CARTESIAN_POINT('',(0.349418337981,-0.559192737321));
#2271 = CARTESIAN_POINT('',(0.352176358719,-0.555656511438));
#2272 = CARTESIAN_POINT('',(0.35469534554,-0.551900888837));
#2273 = CARTESIAN_POINT('',(0.357673887449,-0.546440347785));
#2274 = CARTESIAN_POINT('',(0.358416014689,-0.544969559883));
#2275 = CARTESIAN_POINT('',(0.359111817135,-0.543464442167));
#2276 = CARTESIAN_POINT('',(0.359756363192,-0.541923836025));
#2277 = CARTESIAN_POINT('',(0.360343826047,-0.540347153043));
#2278 = CARTESIAN_POINT('',(0.360867601865,-0.538734438255));
#2279 = CARTESIAN_POINT('',(0.361320494252,-0.537086469027));
#2280 = CARTESIAN_POINT('',(0.36184380734,-0.534736505337));
#2281 = CARTESIAN_POINT('',(0.361980240829,-0.534062898034));
#2282 = CARTESIAN_POINT('',(0.362103789157,-0.533384219602));
#2283 = CARTESIAN_POINT('',(0.362213966814,-0.532700666287));
#2284 = CARTESIAN_POINT('',(0.362310288402,-0.532012481546));
#2285 = CARTESIAN_POINT('',(0.362392278004,-0.531319958968));
#2286 = CARTESIAN_POINT('',(0.362459478544,-0.530623445193));
#2287 = CARTESIAN_POINT('',(0.362540831978,-0.529527776294));
#2288 = CARTESIAN_POINT('',(0.362565345439,-0.529131064772));
#2289 = CARTESIAN_POINT('',(0.362584922917,-0.528733281947));
#2290 = CARTESIAN_POINT('',(0.362599490393,-0.528334507025));
#2291 = CARTESIAN_POINT('',(0.362608978455,-0.52793482474));
#2292 = CARTESIAN_POINT('',(0.362613322291,-0.527534325349));
#2293 = CARTESIAN_POINT('',(0.362612461696,-0.527133104636));
#2294 = CARTESIAN_POINT('',(0.362593372405,-0.52587982583));
#2295 = CARTESIAN_POINT('',(0.362556791125,-0.525025547261));
#2296 = CARTESIAN_POINT('',(0.362496078219,-0.524169462431));
#2297 = CARTESIAN_POINT('',(0.362410846577,-0.523312651793));
#2298 = CARTESIAN_POINT('',(0.362300859524,-0.52245624164));
#2299 = CARTESIAN_POINT('',(0.362166049358,-0.521601403712));
#2300 = CARTESIAN_POINT('',(0.362006535889,-0.520749354817));
#2301 = CARTESIAN_POINT('',(0.361579354819,-0.518779443137));
#2302 = CARTESIAN_POINT('',(0.361293342634,-0.517664385929));
#2303 = CARTESIAN_POINT('',(0.360965358667,-0.516559203522));
#2304 = CARTESIAN_POINT('',(0.36059667907,-0.515466515309));
#2305 = CARTESIAN_POINT('',(0.360189015683,-0.514388574205));
#2306 = CARTESIAN_POINT('',(0.359744425806,-0.513327299492));
#2307 = CARTESIAN_POINT('',(0.359265221977,-0.512284309667));
#2308 = CARTESIAN_POINT('',(0.358477453751,-0.510707734981));
#2309 = CARTESIAN_POINT('',(0.35819160693,-0.510160197574));
#2310 = CARTESIAN_POINT('',(0.357896712847,-0.509618521662));
#2311 = CARTESIAN_POINT('',(0.357593146567,-0.509082850108));
#2312 = CARTESIAN_POINT('',(0.357281282713,-0.508553292921));
#2313 = CARTESIAN_POINT('',(0.356961491509,-0.508029930137));
#2314 = CARTESIAN_POINT('',(0.35663413484,-0.507512814695));
#2315 = CARTESIAN_POINT('',(0.355577155704,-0.50589897464));
#2316 = CARTESIAN_POINT('',(0.354821184372,-0.504825350071));
#2317 = CARTESIAN_POINT('',(0.354035083607,-0.503781218775));
#2318 = CARTESIAN_POINT('',(0.353222089669,-0.502766322127));
#2319 = CARTESIAN_POINT('',(0.352385163921,-0.501780114511));
#2320 = CARTESIAN_POINT('',(0.351526936265,-0.500821830591));
#2321 = CARTESIAN_POINT('',(0.350649667847,-0.499890531044));
#2322 = CARTESIAN_POINT('',(0.34812790074,-0.497337836632));
#2323 = CARTESIAN_POINT('',(0.346444643454,-0.495777170161));
#2324 = CARTESIAN_POINT('',(0.344716296982,-0.494295890581));
#2325 = CARTESIAN_POINT('',(0.342951689764,-0.492887705979));
#2326 = CARTESIAN_POINT('',(0.34115786239,-0.491546909531));
#2327 = CARTESIAN_POINT('',(0.33934021029,-0.490268145365));
#2328 = CARTESIAN_POINT('',(0.337502549607,-0.489046300083));
#2329 = CARTESIAN_POINT('',(0.333215597101,-0.486343554172));
#2330 = CARTESIAN_POINT('',(0.330755255648,-0.484901056257));
#2331 = CARTESIAN_POINT('',(0.328272468771,-0.483538715862));
#2332 = CARTESIAN_POINT('',(0.325772240191,-0.482248479005));
#2333 = CARTESIAN_POINT('',(0.323258429494,-0.481023720786));
#2334 = CARTESIAN_POINT('',(0.320733908009,-0.4798586975));
#2335 = CARTESIAN_POINT('',(0.318200631558,-0.47874827812));
#2336 = CARTESIAN_POINT('',(0.312105613641,-0.476204915815));
#2337 = CARTESIAN_POINT('',(0.308537831769,-0.474820420332));
#2338 = CARTESIAN_POINT('',(0.304960219582,-0.473522362771));
#2339 = CARTESIAN_POINT('',(0.301375831317,-0.472301557394));
#2340 = CARTESIAN_POINT('',(0.297786995071,-0.471150479587));
#2341 = CARTESIAN_POINT('',(0.294195375657,-0.47006273445));
#2342 = CARTESIAN_POINT('',(0.290601997583,-0.469032854971));
#2343 = CARTESIAN_POINT('',(0.282209728421,-0.466752351815));
#2344 = CARTESIAN_POINT('',(0.277410710636,-0.465543418835));
#2345 = CARTESIAN_POINT('',(0.272611955829,-0.464417997167));
#2346 = CARTESIAN_POINT('',(0.2678148246,-0.463367269537));
#2347 = CARTESIAN_POINT('',(0.263020320903,-0.462384040463));
#2348 = CARTESIAN_POINT('',(0.258229098171,-0.461462192209));
#2349 = CARTESIAN_POINT('',(0.253441459851,-0.460596393136));
#2350 = CARTESIAN_POINT('',(0.240158040327,-0.458335333292));
#2351 = CARTESIAN_POINT('',(0.231671172842,-0.457051234086));
#2352 = CARTESIAN_POINT('',(0.223197209671,-0.455903956631));
#2353 = CARTESIAN_POINT('',(0.214736543487,-0.454874771866));
#2354 = CARTESIAN_POINT('',(0.206289239875,-0.453948794093));
#2355 = CARTESIAN_POINT('',(0.197854921129,-0.45311371398));
#2356 = CARTESIAN_POINT('',(0.18943271722,-0.452359381892));
#2357 = CARTESIAN_POINT('',(0.174580107485,-0.451154691835));
#2358 = CARTESIAN_POINT('',(0.168145658186,-0.450674553259));
#2359 = CARTESIAN_POINT('',(0.161717490655,-0.450232845477));
#2360 = CARTESIAN_POINT('',(0.155295265176,-0.449826243806));
#2361 = CARTESIAN_POINT('',(0.148878650497,-0.449451854099));
#2362 = CARTESIAN_POINT('',(0.14246730921,-0.449107129369));
#2363 = CARTESIAN_POINT('',(0.136060887075,-0.44878981367));
#2364 = CARTESIAN_POINT('',(0.113384660634,-0.447755867475));
#2365 = CARTESIAN_POINT('',(9.714033475356E-02,-0.447178086753));
#2366 = CARTESIAN_POINT('',(8.091949948671E-02,-0.446731779));
#2367 = CARTESIAN_POINT('',(6.471712220992E-02,-0.446394853349));
#2368 = CARTESIAN_POINT('',(4.852868616329E-02,-0.446152021652));
#2369 = CARTESIAN_POINT('',(3.234969074699E-02,-0.445993354803));
#2370 = CARTESIAN_POINT('',(1.61753241922E-02,-0.445914033558));
#2371 = CARTESIAN_POINT('',(0.,-0.445914033558));
#2372 = ( GEOMETRIC_REPRESENTATION_CONTEXT(2) 
PARAMETRIC_REPRESENTATION_CONTEXT() REPRESENTATION_CONTEXT('2D SPACE',''
  ) );
#2373 = PCURVE('',#2374,#2379);
#2374 = CYLINDRICAL_SURFACE('',#2375,9.);
#2375 = AXIS2_PLACEMENT_3D('',#2376,#2377,#2378);
#2376 = CARTESIAN_POINT('',(58.,-36.,-35.5));
#2377 = DIRECTION('',(-0.,1.,0.));
#2378 = DIRECTION('',(-1.,-0.,0.));
#2379 = DEFINITIONAL_REPRESENTATION('',(#2380),#2502);
#2380 = B_SPLINE_CURVE_WITH_KNOTS('',8,(#2381,#2382,#2383,#2384,#2385,
    #2386,#2387,#2388,#2389,#2390,#2391,#2392,#2393,#2394,#2395,#2396,
    #2397,#2398,#2399,#2400,#2401,#2402,#2403,#2404,#2405,#2406,#2407,
    #2408,#2409,#2410,#2411,#2412,#2413,#2414,#2415,#2416,#2417,#2418,
    #2419,#2420,#2421,#2422,#2423,#2424,#2425,#2426,#2427,#2428,#2429,
    #2430,#2431,#2432,#2433,#2434,#2435,#2436,#2437,#2438,#2439,#2440,
    #2441,#2442,#2443,#2444,#2445,#2446,#2447,#2448,#2449,#2450,#2451,
    #2452,#2453,#2454,#2455,#2456,#2457,#2458,#2459,#2460,#2461,#2462,
    #2463,#2464,#2465,#2466,#2467,#2468,#2469,#2470,#2471,#2472,#2473,
    #2474,#2475,#2476,#2477,#2478,#2479,#2480,#2481,#2482,#2483,#2484,
    #2485,#2486,#2487,#2488,#2489,#2490,#2491,#2492,#2493,#2494,#2495,
    #2496,#2497,#2498,#2499,#2500,#2501),.UNSPECIFIED.,.F.,.F.,(9,7,7,7,
    7,7,7,7,7,7,7,7,7,7,7,7,7,9),(0.,7.823036442276E-02,0.137010401694,
    0.202280973274,0.225617762483,0.234893530886,0.240134455341,
    0.251239160133,0.265930834378,0.273873080565,0.291021920883,
    0.32222247588,0.363109973427,0.420297991098,0.49662178721,
    0.632216603111,0.736048052521,1.),.UNSPECIFIED.);
#2381 = CARTESIAN_POINT('',(0.,49.518505834596));
#2382 = CARTESIAN_POINT('',(1.095646170763E-02,49.777453795149));
#2383 = CARTESIAN_POINT('',(2.234467861319E-02,50.035638447655));
#2384 = CARTESIAN_POINT('',(3.419202954525E-02,50.292992760544));
#2385 = CARTESIAN_POINT('',(4.653035581651E-02,50.549420398874));
#2386 = CARTESIAN_POINT('',(5.939615162097E-02,50.804795613566));
#2387 = CARTESIAN_POINT('',(7.283248854199E-02,51.058959882839));
#2388 = CARTESIAN_POINT('',(8.689267417115E-02,51.311715305843));
#2389 = CARTESIAN_POINT('',(0.11273060107,51.751483620307));
#2390 = CARTESIAN_POINT('',(0.124205099446,51.939190347604));
#2391 = CARTESIAN_POINT('',(0.136099333755,52.125846659114));
#2392 = CARTESIAN_POINT('',(0.148447172197,52.311322424657));
#2393 = CARTESIAN_POINT('',(0.161287977671,52.495440799729));
#2394 = CARTESIAN_POINT('',(0.174667938753,52.67797493762));
#2395 = CARTESIAN_POINT('',(0.188643726188,52.858638690199));
#2396 = CARTESIAN_POINT('',(0.219556247738,53.235190567747));
#2397 = CARTESIAN_POINT('',(0.236610532804,53.430079644997));
#2398 = CARTESIAN_POINT('',(0.254589132455,53.621726642186));
#2399 = CARTESIAN_POINT('',(0.273637437288,53.80955546254));
#2400 = CARTESIAN_POINT('',(0.293902097726,53.992482992699));
#2401 = CARTESIAN_POINT('',(0.315574955145,54.16869289829));
#2402 = CARTESIAN_POINT('',(0.338860084134,54.335815709686));
#2403 = CARTESIAN_POINT('',(0.373224896241,54.545130398256));
#2404 = CARTESIAN_POINT('',(0.382525762521,54.598548028653));
#2405 = CARTESIAN_POINT('',(0.392092721344,54.650071240885));
#2406 = CARTESIAN_POINT('',(0.401939138852,54.699461286362));
#2407 = CARTESIAN_POINT('',(0.412075636826,54.746426503734));
#2408 = CARTESIAN_POINT('',(0.422509645366,54.790626921881));
#2409 = CARTESIAN_POINT('',(0.433244627744,54.831681834614));
#2410 = CARTESIAN_POINT('',(0.448664845232,54.884085033143));
#2411 = CARTESIAN_POINT('',(0.45309743893,54.898425919003));
#2412 = CARTESIAN_POINT('',(0.457576329885,54.912176519811));
#2413 = CARTESIAN_POINT('',(0.462100810789,54.925309305818));
#2414 = CARTESIAN_POINT('',(0.466669866049,54.93779614336));
#2415 = CARTESIAN_POINT('',(0.471282142157,54.949608735857));
#2416 = CARTESIAN_POINT('',(0.475935918072,54.960719064804));
#2417 = CARTESIAN_POINT('',(0.48328076793,54.976965092579));
#2418 = CARTESIAN_POINT('',(0.485945027145,54.982597483679));
#2419 = CARTESIAN_POINT('',(0.488621465408,54.987992003447));
#2420 = CARTESIAN_POINT('',(0.491309653551,54.993143815842));
#2421 = CARTESIAN_POINT('',(0.494009121061,54.998048249396));
#2422 = CARTESIAN_POINT('',(0.49671935608,55.002700797221));
#2423 = CARTESIAN_POINT('',(0.499439805407,55.007097116999));
#2424 = CARTESIAN_POINT('',(0.507954466808,55.019996390273));
#2425 = CARTESIAN_POINT('',(0.51378263029,55.027591404677));
#2426 = CARTESIAN_POINT('',(0.519648217672,55.03397807878));
#2427 = CARTESIAN_POINT('',(0.52554464565,55.039122452742));
#2428 = CARTESIAN_POINT('',(0.531464868745,55.042997611893));
#2429 = CARTESIAN_POINT('',(0.537401353147,55.045584696307));
#2430 = CARTESIAN_POINT('',(0.54334605057,55.046873910386));
#2431 = CARTESIAN_POINT('',(0.557154789684,55.046854448289));
#2432 = CARTESIAN_POINT('',(0.56502018669,55.044572027893));
#2433 = CARTESIAN_POINT('',(0.572866027256,55.040017569271));
#2434 = CARTESIAN_POINT('',(0.580673844878,55.033221935564));
#2435 = CARTESIAN_POINT('',(0.588427102867,55.024242731751));
#2436 = CARTESIAN_POINT('',(0.596111054805,55.013159481387));
#2437 = CARTESIAN_POINT('',(0.603712605004,55.000068803321));
#2438 = CARTESIAN_POINT('',(0.615278720776,54.976976493252));
#2439 = CARTESIAN_POINT('',(0.619310212659,54.968317773123));
#2440 = CARTESIAN_POINT('',(0.623313074202,54.959119981167));
#2441 = CARTESIAN_POINT('',(0.627285964544,54.949400305792));
#2442 = CARTESIAN_POINT('',(0.631227757844,54.939176333378));
#2443 = CARTESIAN_POINT('',(0.635137528757,54.928465810948));
#2444 = CARTESIAN_POINT('',(0.639014537905,54.917286408858));
#2445 = CARTESIAN_POINT('',(0.651157462115,54.880542073784));
#2446 = CARTESIAN_POINT('',(0.659300444127,54.853326273116));
#2447 = CARTESIAN_POINT('',(0.66728270753,54.824180367991));
#2448 = CARTESIAN_POINT('',(0.675102430732,54.793271610759));
#2449 = CARTESIAN_POINT('',(0.68275994293,54.760757148635));
#2450 = CARTESIAN_POINT('',(0.690257362055,54.726780169154));
#2451 = CARTESIAN_POINT('',(0.697598354157,54.691467262046));
#2452 = CARTESIAN_POINT('',(0.717868862804,54.588445736289));
#2453 = CARTESIAN_POINT('',(0.730441579583,54.517938462992));
#2454 = CARTESIAN_POINT('',(0.74254194156,54.444043334482));
#2455 = CARTESIAN_POINT('',(0.754201259239,54.367288334136));
#2456 = CARTESIAN_POINT('',(0.765448783959,54.288104899847));
#2457 = CARTESIAN_POINT('',(0.776313285925,54.206836474893));
#2458 = CARTESIAN_POINT('',(0.78682380289,54.123741981708));
#2459 = CARTESIAN_POINT('',(0.810357722702,53.927934528729));
#2460 = CARTESIAN_POINT('',(0.823138942366,53.814113783848));
#2461 = CARTESIAN_POINT('',(0.835413139209,53.697987159752));
#2462 = CARTESIAN_POINT('',(0.847226683386,53.579913853737));
#2463 = CARTESIAN_POINT('',(0.858617768039,53.460177904772));
#2464 = CARTESIAN_POINT('',(0.869619962094,53.339001727044));
#2465 = CARTESIAN_POINT('',(0.880263942338,53.21655235678));
#2466 = CARTESIAN_POINT('',(0.905002510423,52.920048391928));
#2467 = CARTESIAN_POINT('',(0.918775705794,52.744947794332));
#2468 = CARTESIAN_POINT('',(0.931969863832,52.567998717301));
#2469 = CARTESIAN_POINT('',(0.944639588869,52.389481617889));
#2470 = CARTESIAN_POINT('',(0.956829494839,52.209619252913));
#2471 = CARTESIAN_POINT('',(0.968577673999,52.028585667738));
#2472 = CARTESIAN_POINT('',(0.979916980064,51.846509428172));
#2473 = CARTESIAN_POINT('',(1.005503786172,51.419202796521));
#2474 = CARTESIAN_POINT('',(1.01945203336,51.173273340885));
#2475 = CARTESIAN_POINT('',(1.032789037113,50.925936159391));
#2476 = CARTESIAN_POINT('',(1.045567096037,50.677388478386));
#2477 = CARTESIAN_POINT('',(1.057828516906,50.42778833658));
#2478 = CARTESIAN_POINT('',(1.069609182205,50.177261174401));
#2479 = CARTESIAN_POINT('',(1.080940429772,49.925903190606));
#2480 = CARTESIAN_POINT('',(1.111229553273,49.225868750255));
#2481 = CARTESIAN_POINT('',(1.129273800826,48.77561413952));
#2482 = CARTESIAN_POINT('',(1.146133215664,48.323436334238));
#2483 = CARTESIAN_POINT('',(1.161914274964,47.869658553814));
#2484 = CARTESIAN_POINT('',(1.17670014858,47.414534453492));
#2485 = CARTESIAN_POINT('',(1.190558925246,46.958257761232));
#2486 = CARTESIAN_POINT('',(1.203546104554,46.500965091388));
#2487 = CARTESIAN_POINT('',(1.225022426402,45.691857543078));
#2488 = CARTESIAN_POINT('',(1.233852023219,45.340448392418));
#2489 = CARTESIAN_POINT('',(1.242218411957,44.988566915407));
#2490 = CARTESIAN_POINT('',(1.250139140158,44.636260048811));
#2491 = CARTESIAN_POINT('',(1.257629245576,44.283569210156));
#2492 = CARTESIAN_POINT('',(1.264701797633,43.930530681684));
#2493 = CARTESIAN_POINT('',(1.2713682544,43.577175858722));
#2494 = CARTESIAN_POINT('',(1.293578691913,42.324524808795));
#2495 = CARTESIAN_POINT('',(1.306958556156,41.423683499955));
#2496 = CARTESIAN_POINT('',(1.317943509664,40.52142748452));
#2497 = CARTESIAN_POINT('',(1.326638564387,39.6181188839));
#2498 = CARTESIAN_POINT('',(1.3331144656,38.714072463756));
#2499 = CARTESIAN_POINT('',(1.337417052118,37.809559094393));
#2500 = CARTESIAN_POINT('',(1.339568431969,36.904806287921));
#2501 = CARTESIAN_POINT('',(1.339568431969,36.));
#2502 = ( GEOMETRIC_REPRESENTATION_CONTEXT(2) 
PARAMETRIC_REPRESENTATION_CONTEXT() REPRESENTATION_CONTEXT('2D SPACE',''
  ) );
#2503 = ORIENTED_EDGE('',*,*,#2504,.F.);
#2504 = EDGE_CURVE('',#2505,#2123,#2507,.T.);
#2505 = VERTEX_POINT('',#2506);
#2506 = CARTESIAN_POINT('',(49.,-1.200153863164E-14,-37.98683982644));
#2507 = SURFACE_CURVE('',#2508,(#2513,#2525),.PCURVE_S1.);
#2508 = CIRCLE('',#2509,37.986839826445);
#2509 = AXIS2_PLACEMENT_3D('',#2510,#2511,#2512);
#2510 = CARTESIAN_POINT('',(49.,0.,0.));
#2511 = DIRECTION('',(1.,0.,-0.));
#2512 = DIRECTION('',(0.,0.,1.));
#2513 = PCURVE('',#33,#2514);
#2514 = DEFINITIONAL_REPRESENTATION('',(#2515),#2524);
#2515 = B_SPLINE_CURVE_WITH_KNOTS('',7,(#2516,#2517,#2518,#2519,#2520,
    #2521,#2522,#2523),.UNSPECIFIED.,.F.,.F.,(8,8),(3.14159265359,
    3.505441137742),.PIECEWISE_BEZIER_KNOTS.);
#2516 = CARTESIAN_POINT('',(0.,-0.659461009899));
#2517 = CARTESIAN_POINT('',(4.029578451485E-02,-0.659461009899));
#2518 = CARTESIAN_POINT('',(8.059154228012E-02,-0.657017413041));
#2519 = CARTESIAN_POINT('',(0.120495930578,-0.652130249996));
#2520 = CARTESIAN_POINT('',(0.159616563169,-0.644844724481));
#2521 = CARTESIAN_POINT('',(0.197606559094,-0.635251948112));
#2522 = CARTESIAN_POINT('',(0.234197240403,-0.623473871653));
#2523 = CARTESIAN_POINT('',(0.269191472938,-0.609650118253));
#2524 = ( GEOMETRIC_REPRESENTATION_CONTEXT(2) 
PARAMETRIC_REPRESENTATION_CONTEXT() REPRESENTATION_CONTEXT('2D SPACE',''
  ) );
#2525 = PCURVE('',#2526,#2531);
#2526 = PLANE('',#2527);
#2527 = AXIS2_PLACEMENT_3D('',#2528,#2529,#2530);
#2528 = CARTESIAN_POINT('',(49.,-36.,-49.5));
#2529 = DIRECTION('',(1.,0.,-0.));
#2530 = DIRECTION('',(0.,0.,1.));
#2531 = DEFINITIONAL_REPRESENTATION('',(#2532),#2536);
#2532 = CIRCLE('',#2533,37.986839826445);
#2533 = AXIS2_PLACEMENT_2D('',#2534,#2535);
#2534 = CARTESIAN_POINT('',(49.5,-36.));
#2535 = DIRECTION('',(1.,0.));
#2536 = ( GEOMETRIC_REPRESENTATION_CONTEXT(2) 
PARAMETRIC_REPRESENTATION_CONTEXT() REPRESENTATION_CONTEXT('2D SPACE',''
  ) );
#2537 = ORIENTED_EDGE('',*,*,#2538,.F.);
#2538 = EDGE_CURVE('',#2539,#2505,#2541,.T.);
#2539 = VERTEX_POINT('',#2540);
#2540 = CARTESIAN_POINT('',(3.796405077357E-15,-9.298510652504E-31,-62.)
  );
#2541 = SEAM_CURVE('',#2542,(#2547,#2554),.PCURVE_S1.);
#2542 = CIRCLE('',#2543,62.);
#2543 = AXIS2_PLACEMENT_3D('',#2544,#2545,#2546);
#2544 = CARTESIAN_POINT('',(0.,0.,0.));
#2545 = DIRECTION('',(-2.449293598295E-16,-1.,0.));
#2546 = DIRECTION('',(1.,-2.449293598295E-16,0.));
#2547 = PCURVE('',#33,#2548);
#2548 = DEFINITIONAL_REPRESENTATION('',(#2549),#2553);
#2549 = LINE('',#2550,#2551);
#2550 = CARTESIAN_POINT('',(6.28318530718,-6.28318530718));
#2551 = VECTOR('',#2552,1.);
#2552 = DIRECTION('',(0.,1.));
#2553 = ( GEOMETRIC_REPRESENTATION_CONTEXT(2) 
PARAMETRIC_REPRESENTATION_CONTEXT() REPRESENTATION_CONTEXT('2D SPACE',''
  ) );
#2554 = PCURVE('',#33,#2555);
#2555 = DEFINITIONAL_REPRESENTATION('',(#2556),#2560);
#2556 = LINE('',#2557,#2558);
#2557 = CARTESIAN_POINT('',(0.,-6.28318530718));
#2558 = VECTOR('',#2559,1.);
#2559 = DIRECTION('',(0.,1.));
#2560 = ( GEOMETRIC_REPRESENTATION_CONTEXT(2) 
PARAMETRIC_REPRESENTATION_CONTEXT() REPRESENTATION_CONTEXT('2D SPACE',''
  ) );
#2561 = ORIENTED_EDGE('',*,*,#2538,.T.);
#2562 = ORIENTED_EDGE('',*,*,#2563,.F.);
#2563 = EDGE_CURVE('',#2564,#2505,#2566,.T.);
#2564 = VERTEX_POINT('',#2565);
#2565 = CARTESIAN_POINT('',(49.,-13.51850583459,-35.5));
#2566 = SURFACE_CURVE('',#2567,(#2572,#2584),.PCURVE_S1.);
#2567 = CIRCLE('',#2568,37.986839826445);
#2568 = AXIS2_PLACEMENT_3D('',#2569,#2570,#2571);
#2569 = CARTESIAN_POINT('',(49.,0.,0.));
#2570 = DIRECTION('',(1.,0.,-0.));
#2571 = DIRECTION('',(0.,0.,1.));
#2572 = PCURVE('',#33,#2573);
#2573 = DEFINITIONAL_REPRESENTATION('',(#2574),#2583);
#2574 = B_SPLINE_CURVE_WITH_KNOTS('',7,(#2575,#2576,#2577,#2578,#2579,
    #2580,#2581,#2582),.UNSPECIFIED.,.F.,.F.,(8,8),(2.777744169437,
    3.14159265359),.PIECEWISE_BEZIER_KNOTS.);
#2575 = CARTESIAN_POINT('',(6.013993834241,-0.609650118253));
#2576 = CARTESIAN_POINT('',(6.048988066776,-0.623473871653));
#2577 = CARTESIAN_POINT('',(6.085578748086,-0.635251948112));
#2578 = CARTESIAN_POINT('',(6.12356874401,-0.644844724482));
#2579 = CARTESIAN_POINT('',(6.162689376602,-0.652130249996));
#2580 = CARTESIAN_POINT('',(6.202593764899,-0.657017413041));
#2581 = CARTESIAN_POINT('',(6.242889522665,-0.659461009899));
#2582 = CARTESIAN_POINT('',(6.28318530718,-0.659461009899));
#2583 = ( GEOMETRIC_REPRESENTATION_CONTEXT(2) 
PARAMETRIC_REPRESENTATION_CONTEXT() REPRESENTATION_CONTEXT('2D SPACE',''
  ) );
#2584 = PCURVE('',#2526,#2585);
#2585 = DEFINITIONAL_REPRESENTATION('',(#2586),#2590);
#2586 = CIRCLE('',#2587,37.986839826445);
#2587 = AXIS2_PLACEMENT_2D('',#2588,#2589);
#2588 = CARTESIAN_POINT('',(49.5,-36.));
#2589 = DIRECTION('',(1.,0.));
#2590 = ( GEOMETRIC_REPRESENTATION_CONTEXT(2) 
PARAMETRIC_REPRESENTATION_CONTEXT() REPRESENTATION_CONTEXT('2D SPACE',''
  ) );
#2591 = ORIENTED_EDGE('',*,*,#2592,.T.);
#2592 = EDGE_CURVE('',#2564,#24,#2593,.T.);
#2593 = SURFACE_CURVE('',#2594,(#2716,#2841),.PCURVE_S1.);
#2594 = B_SPLINE_CURVE_WITH_KNOTS('',8,(#2595,#2596,#2597,#2598,#2599,
    #2600,#2601,#2602,#2603,#2604,#2605,#2606,#2607,#2608,#2609,#2610,
    #2611,#2612,#2613,#2614,#2615,#2616,#2617,#2618,#2619,#2620,#2621,
    #2622,#2623,#2624,#2625,#2626,#2627,#2628,#2629,#2630,#2631,#2632,
    #2633,#2634,#2635,#2636,#2637,#2638,#2639,#2640,#2641,#2642,#2643,
    #2644,#2645,#2646,#2647,#2648,#2649,#2650,#2651,#2652,#2653,#2654,
    #2655,#2656,#2657,#2658,#2659,#2660,#2661,#2662,#2663,#2664,#2665,
    #2666,#2667,#2668,#2669,#2670,#2671,#2672,#2673,#2674,#2675,#2676,
    #2677,#2678,#2679,#2680,#2681,#2682,#2683,#2684,#2685,#2686,#2687,
    #2688,#2689,#2690,#2691,#2692,#2693,#2694,#2695,#2696,#2697,#2698,
    #2699,#2700,#2701,#2702,#2703,#2704,#2705,#2706,#2707,#2708,#2709,
    #2710,#2711,#2712,#2713,#2714,#2715),.UNSPECIFIED.,.F.,.F.,(9,7,7,7,
    7,7,7,7,7,7,7,7,7,7,7,7,7,9),(0.,7.823036442262E-02,0.137010401693,
    0.202280973274,0.225617762483,0.234893530886,0.240134455342,
    0.251239160133,0.265930834378,0.273873080565,0.291021920883,
    0.32222247588,0.363109973427,0.420297991099,0.49662178721,
    0.632216603111,0.736048052521,1.),.UNSPECIFIED.);
#2595 = CARTESIAN_POINT('',(49.,-13.51850583459,-35.5));
#2596 = CARTESIAN_POINT('',(49.,-13.77745379514,-35.40139184463));
#2597 = CARTESIAN_POINT('',(49.001234988989,-14.03563844765,
    -35.29889796569));
#2598 = CARTESIAN_POINT('',(49.003874151471,-14.29299276054,
    -35.19228967114));
#2599 = CARTESIAN_POINT('',(49.008115917992,-14.54942039887,
    -35.08130488368));
#2600 = CARTESIAN_POINT('',(49.014189745563,-14.80479561356,
    -34.96564697516));
#2601 = CARTESIAN_POINT('',(49.022366908811,-15.05895988283,
    -34.8449706782));
#2602 = CARTESIAN_POINT('',(49.032980301824,-15.31171530584,
    -34.7188550748));
#2603 = CARTESIAN_POINT('',(49.056576435561,-15.7514836203,
    -34.48751398841));
#2604 = CARTESIAN_POINT('',(49.068312666514,-15.9391903476,
    -34.38490476012));
#2605 = CARTESIAN_POINT('',(49.08184253808,-16.12584665911,
    -34.27870009094));
#2606 = CARTESIAN_POINT('',(49.097374923793,-16.31132242465,
    -34.16863902999));
#2607 = CARTESIAN_POINT('',(49.115157556834,-16.49544079972,
    -34.05442276202));
#2608 = CARTESIAN_POINT('',(49.135484864275,-16.67797493761,
    -33.93570542918));
#2609 = CARTESIAN_POINT('',(49.158718180903,-16.85863869019,
    -33.81206800027));
#2610 = CARTESIAN_POINT('',(49.214887635597,-17.23519056774,
    -33.53958443116));
#2611 = CARTESIAN_POINT('',(49.248541581977,-17.43007964499,
    -33.38980619961));
#2612 = CARTESIAN_POINT('',(49.286977527441,-17.62172664217,
    -33.23257936385));
#2613 = CARTESIAN_POINT('',(49.331062895377,-17.80955546256,
    -33.06683513658));
#2614 = CARTESIAN_POINT('',(49.381802447484,-17.99248299267,
    -32.89154968338));
#2615 = CARTESIAN_POINT('',(49.440604765149,-18.1686928983,
    -32.70545555987));
#2616 = CARTESIAN_POINT('',(49.509089183616,-18.33581570968,
    -32.50728578231));
#2617 = CARTESIAN_POINT('',(49.619249004174,-18.54513039825,
    -32.2182858184));
#2618 = CARTESIAN_POINT('',(49.649851136625,-18.59854802865,
    -32.1403678107));
#2619 = CARTESIAN_POINT('',(49.682166195237,-18.65007124088,
    -32.06055072734));
#2620 = CARTESIAN_POINT('',(49.716319085536,-18.69946128636,
    -31.97876678878));
#2621 = CARTESIAN_POINT('',(49.752434647179,-18.74642650373,
    -31.894977932));
#2622 = CARTESIAN_POINT('',(49.790634106218,-18.79062692188,
    -31.80917944475));
#2623 = CARTESIAN_POINT('',(49.831029031423,-18.83168183461,
    -31.72140560244));
#2624 = CARTESIAN_POINT('',(49.89067848344,-18.88408503314,
    -31.59609648636));
#2625 = CARTESIAN_POINT('',(49.908003572222,-18.898425919,
    -31.56016100009));
#2626 = CARTESIAN_POINT('',(49.925692550508,-18.91217651981,
    -31.52393853511));
#2627 = CARTESIAN_POINT('',(49.943748808843,-18.92530930581,
    -31.48743915513));
#2628 = CARTESIAN_POINT('',(49.962174384003,-18.93779614336,
    -31.45067546901));
#2629 = CARTESIAN_POINT('',(49.980969704179,-18.94960873585,
    -31.41366279847));
#2630 = CARTESIAN_POINT('',(50.000133334148,-18.9607190648,
    -31.3764193457));
#2631 = CARTESIAN_POINT('',(50.03069550148,-18.97696509257,
    -31.31780495922));
#2632 = CARTESIAN_POINT('',(50.041845693692,-18.98259748367,
    -31.29657670123));
#2633 = CARTESIAN_POINT('',(50.053111648301,-18.98799200344,
    -31.27528547565));
#2634 = CARTESIAN_POINT('',(50.064492473934,-18.99314381584,
    -31.25393547377));
#2635 = CARTESIAN_POINT('',(50.075987036631,-18.99804824939,
    -31.23253118971));
#2636 = CARTESIAN_POINT('',(50.087593959848,-19.00270079722,
    -31.21107742039));
#2637 = CARTESIAN_POINT('',(50.099311624457,-19.00709711699,
    -31.18957926554));
#2638 = CARTESIAN_POINT('',(50.136196778946,-19.01999639027,
    -31.1224082782));
#2639 = CARTESIAN_POINT('',(50.161745819823,-19.02759140467,
    -31.07659636675));
#2640 = CARTESIAN_POINT('',(50.187765341485,-19.03397807878,
    -31.03066157113));
#2641 = CARTESIAN_POINT('',(50.214231685127,-19.03912245274,
    -30.9846617255));
#2642 = CARTESIAN_POINT('',(50.241117138771,-19.04299761189,
    -30.93865730968));
#2643 = CARTESIAN_POINT('',(50.268389592996,-19.0455846963,
    -30.8927114385));
#2644 = CARTESIAN_POINT('',(50.296012196669,-19.04687391038,
    -30.8468898511));
#2645 = CARTESIAN_POINT('',(50.36089585906,-19.04685444828,
    -30.74089318274));
#2646 = CARTESIAN_POINT('',(50.398395911366,-19.04457202789,
    -30.68085006404));
#2647 = CARTESIAN_POINT('',(50.436343356463,-19.04001756927,
    -30.62129505306));
#2648 = CARTESIAN_POINT('',(50.474640213545,-19.03322193556,
    -30.56237080009));
#2649 = CARTESIAN_POINT('',(50.513191012851,-19.02424273175,
    -30.50420072884));
#2650 = CARTESIAN_POINT('',(50.551903474372,-19.01315948138,
    -30.44689066852));
#2651 = CARTESIAN_POINT('',(50.590689186556,-19.00006880332,
    -30.39053048598));
#2652 = CARTESIAN_POINT('',(50.650425910824,-18.97697649325,
    -30.3052820166));
#2653 = CARTESIAN_POINT('',(50.671386529913,-18.96831777312,
    -30.27566498995));
#2654 = CARTESIAN_POINT('',(50.692334259481,-18.95911998116,
    -30.24635469126));
#2655 = CARTESIAN_POINT('',(50.713258170651,-18.94940030579,
    -30.21735925275));
#2656 = CARTESIAN_POINT('',(50.734148278352,-18.93917633337,
    -30.18868503598));
#2657 = CARTESIAN_POINT('',(50.754995531194,-18.92846581094,
    -30.16033678242));
#2658 = CARTESIAN_POINT('',(50.775791801337,-18.91728640885,
    -30.13231776406));
#2659 = CARTESIAN_POINT('',(50.841307371136,-18.88054207378,
    -30.04484657227));
#2660 = CARTESIAN_POINT('',(50.885808817042,-18.85332627311,
    -29.98661355621));
#2661 = CARTESIAN_POINT('',(50.929968065403,-18.82418036799,
    -29.9299412528));
#2662 = CARTESIAN_POINT('',(50.973733227413,-18.79327161075,
    -29.87481950486));
#2663 = CARTESIAN_POINT('',(51.017065589047,-18.76075714863,
    -29.82122234081));
#2664 = CARTESIAN_POINT('',(51.059938749902,-18.72678016915,
    -29.76911155574));
#2665 = CARTESIAN_POINT('',(51.102337983991,-18.69146726204,
    -29.71843916394));
#2666 = CARTESIAN_POINT('',(51.220532305227,-18.58844573628,
    -29.57946982339));
#2667 = CARTESIAN_POINT('',(51.295182526055,-18.51793846299,
    -29.49441473604));
#2668 = CARTESIAN_POINT('',(51.368217311891,-18.44404333448,
    -29.4136067585));
#2669 = CARTESIAN_POINT('',(51.439652825508,-18.36728833413,
    -29.33671705327));
#2670 = CARTESIAN_POINT('',(51.509521449792,-18.28810489984,
    -29.26344590557));
#2671 = CARTESIAN_POINT('',(51.577875925535,-18.20683647489,
    -29.19351059711));
#2672 = CARTESIAN_POINT('',(51.64479074275,-18.1237419817,
    -29.12663989584));
#2673 = CARTESIAN_POINT('',(51.796288582698,-17.92793452872,
    -28.97862003092));
#2674 = CARTESIAN_POINT('',(51.879847275274,-17.81411378384,
    -28.89954146856));
#2675 = CARTESIAN_POINT('',(51.961209774772,-17.69798715975,
    -28.82479115949));
#2676 = CARTESIAN_POINT('',(52.040510572311,-17.57991385373,
    -28.75394015934));
#2677 = CARTESIAN_POINT('',(52.117865000379,-17.46017790477,
    -28.68663496722));
#2678 = CARTESIAN_POINT('',(52.193381721716,-17.33900172704,
    -28.62256846272));
#2679 = CARTESIAN_POINT('',(52.267168445284,-17.21655235678,
    -28.56146570712));
#2680 = CARTESIAN_POINT('',(52.440262113076,-16.92004839192,
    -28.42142885843));
#2681 = CARTESIAN_POINT('',(52.537978125261,-16.74494779433,
    -28.34512726436));
#2682 = CARTESIAN_POINT('',(52.632744076598,-16.56799871729,
    -28.27353019466));
#2683 = CARTESIAN_POINT('',(52.724759568186,-16.38948161788,
    -28.20614389522));
#2684 = CARTESIAN_POINT('',(52.814191433345,-16.20961925291,
    -28.14256322771));
#2685 = CARTESIAN_POINT('',(52.901187041221,-16.02858566773,
    -28.08244331795));
#2686 = CARTESIAN_POINT('',(52.98587873299,-15.84650942817,
    -28.02548882131));
#2687 = CARTESIAN_POINT('',(53.178510550464,-15.41920279652,
    -27.89930467299));
#2688 = CARTESIAN_POINT('',(53.284726437226,-15.17327334088,
    -27.83235802243));
#2689 = CARTESIAN_POINT('',(53.387315338799,-14.92593615939,
    -27.76999181683));
#2690 = CARTESIAN_POINT('',(53.486494933568,-14.67738847838,
    -27.71172817416));
#2691 = CARTESIAN_POINT('',(53.582444741023,-14.42778833658,
    -27.65717636673));
#2692 = CARTESIAN_POINT('',(53.675320750476,-14.1772611744,
    -27.60600365105));
#2693 = CARTESIAN_POINT('',(53.765262858724,-13.9259031906,
    -27.55791963489));
#2694 = CARTESIAN_POINT('',(54.007191956889,-13.22586875025,
    -27.43229231835));
#2695 = CARTESIAN_POINT('',(54.153097488784,-12.77561413951,
    -27.36088035683));
#2696 = CARTESIAN_POINT('',(54.290802257477,-12.32343633424,
    -27.29703067001));
#2697 = CARTESIAN_POINT('',(54.420805266244,-11.86965855381,
    -27.23971808669));
#2698 = CARTESIAN_POINT('',(54.543507875306,-11.41453445348,
    -27.18812583152));
#2699 = CARTESIAN_POINT('',(54.659248659007,-10.95825776123,
    -27.14157722254));
#2700 = CARTESIAN_POINT('',(54.768312653241,-10.50096509138,
    -27.09951314552));
#2701 = CARTESIAN_POINT('',(54.949541554616,-9.691857543078,
    -27.03231262682));
#2702 = CARTESIAN_POINT('',(55.024360685505,-9.340448392418,
    -27.00552089804));
#2703 = CARTESIAN_POINT('',(55.095514457794,-8.988566915407,
    -26.98086689075));
#2704 = CARTESIAN_POINT('',(55.163096474731,-8.636260048811,
    -26.95816692965));
#2705 = CARTESIAN_POINT('',(55.227188543384,-8.283569210156,
    -26.93726091701));
#2706 = CARTESIAN_POINT('',(55.287863060316,-7.930530681684,
    -26.91800781218));
#2707 = CARTESIAN_POINT('',(55.345184542206,-7.577175858722,
    -26.90028258506));
#2708 = CARTESIAN_POINT('',(55.536550234997,-6.324524808796,
    -26.84251790798));
#2709 = CARTESIAN_POINT('',(55.652586574862,-5.423683499953,
    -26.8102214502));
#2710 = CARTESIAN_POINT('',(55.748266602277,-4.521427484521,
    -26.78526631745));
#2711 = CARTESIAN_POINT('',(55.824225049574,-3.618118883902,
    -26.76642336115));
#2712 = CARTESIAN_POINT('',(55.880904494101,-2.714072463756,
    -26.75284085563));
#2713 = CARTESIAN_POINT('',(55.918596499911,-1.809559094392,
    -26.74396548294));
#2714 = CARTESIAN_POINT('',(55.937443798302,-0.904806287922,
    -26.73952844221));
#2715 = CARTESIAN_POINT('',(55.937443798302,-1.42108547152E-14,
    -26.73952844221));
#2716 = PCURVE('',#33,#2717);
#2717 = DEFINITIONAL_REPRESENTATION('',(#2718),#2840);
#2718 = B_SPLINE_CURVE_WITH_KNOTS('',8,(#2719,#2720,#2721,#2722,#2723,
    #2724,#2725,#2726,#2727,#2728,#2729,#2730,#2731,#2732,#2733,#2734,
    #2735,#2736,#2737,#2738,#2739,#2740,#2741,#2742,#2743,#2744,#2745,
    #2746,#2747,#2748,#2749,#2750,#2751,#2752,#2753,#2754,#2755,#2756,
    #2757,#2758,#2759,#2760,#2761,#2762,#2763,#2764,#2765,#2766,#2767,
    #2768,#2769,#2770,#2771,#2772,#2773,#2774,#2775,#2776,#2777,#2778,
    #2779,#2780,#2781,#2782,#2783,#2784,#2785,#2786,#2787,#2788,#2789,
    #2790,#2791,#2792,#2793,#2794,#2795,#2796,#2797,#2798,#2799,#2800,
    #2801,#2802,#2803,#2804,#2805,#2806,#2807,#2808,#2809,#2810,#2811,
    #2812,#2813,#2814,#2815,#2816,#2817,#2818,#2819,#2820,#2821,#2822,
    #2823,#2824,#2825,#2826,#2827,#2828,#2829,#2830,#2831,#2832,#2833,
    #2834,#2835,#2836,#2837,#2838,#2839),.UNSPECIFIED.,.F.,.F.,(9,7,7,7,
    7,7,7,7,7,7,7,7,7,7,7,7,7,9),(0.,7.823036442262E-02,0.137010401693,
    0.202280973274,0.225617762483,0.234893530886,0.240134455342,
    0.251239160133,0.265930834378,0.273873080565,0.291021920883,
    0.32222247588,0.363109973427,0.420297991099,0.49662178721,
    0.632216603111,0.736048052521,1.),.UNSPECIFIED.);
#2719 = CARTESIAN_POINT('',(6.013993834241,-0.609650118253));
#2720 = CARTESIAN_POINT('',(6.009082968226,-0.607710181416));
#2721 = CARTESIAN_POINT('',(6.004208247921,-0.605696804238));
#2722 = CARTESIAN_POINT('',(5.999372375287,-0.603605872546));
#2723 = CARTESIAN_POINT('',(5.994578803554,-0.601432673644));
#2724 = CARTESIAN_POINT('',(5.989831743779,-0.599171876827));
#2725 = CARTESIAN_POINT('',(5.985136288536,-0.5968172753));
#2726 = CARTESIAN_POINT('',(5.980498652745,-0.594361289504));
#2727 = CARTESIAN_POINT('',(5.97249117185,-0.589865418847));
#2728 = CARTESIAN_POINT('',(5.969093295842,-0.587874174236));
#2729 = CARTESIAN_POINT('',(5.965735862329,-0.585816227082));
#2730 = CARTESIAN_POINT('',(5.962422788523,-0.583686864857));
#2731 = CARTESIAN_POINT('',(5.959159093505,-0.581480698975));
#2732 = CARTESIAN_POINT('',(5.955950995167,-0.579191496684));
#2733 = CARTESIAN_POINT('',(5.95280619247,-0.576811700039));
#2734 = CARTESIAN_POINT('',(5.946323765578,-0.571576912475));
#2735 = CARTESIAN_POINT('',(5.943011416459,-0.568705075917));
#2736 = CARTESIAN_POINT('',(5.939802045692,-0.565696552703));
#2737 = CARTESIAN_POINT('',(5.936711839757,-0.562531894249));
#2738 = CARTESIAN_POINT('',(5.933766969199,-0.559192737321));
#2739 = CARTESIAN_POINT('',(5.93100894846,-0.555656511438));
#2740 = CARTESIAN_POINT('',(5.928489961639,-0.551900888837));
#2741 = CARTESIAN_POINT('',(5.92551141973,-0.546440347784));
#2742 = CARTESIAN_POINT('',(5.92476929249,-0.544969559883));
#2743 = CARTESIAN_POINT('',(5.924073490044,-0.543464442167));
#2744 = CARTESIAN_POINT('',(5.923428943987,-0.541923836025));
#2745 = CARTESIAN_POINT('',(5.922841481133,-0.540347153043));
#2746 = CARTESIAN_POINT('',(5.922317705314,-0.538734438255));
#2747 = CARTESIAN_POINT('',(5.921864812928,-0.537086469027));
#2748 = CARTESIAN_POINT('',(5.92134149984,-0.534736505337));
#2749 = CARTESIAN_POINT('',(5.921205066351,-0.534062898034));
#2750 = CARTESIAN_POINT('',(5.921081518022,-0.533384219602));
#2751 = CARTESIAN_POINT('',(5.920971340366,-0.532700666287));
#2752 = CARTESIAN_POINT('',(5.920875018777,-0.532012481546));
#2753 = CARTESIAN_POINT('',(5.920793029176,-0.531319958968));
#2754 = CARTESIAN_POINT('',(5.920725828635,-0.530623445193));
#2755 = CARTESIAN_POINT('',(5.920644475201,-0.529527776294));
#2756 = CARTESIAN_POINT('',(5.920619961741,-0.529131064772));
#2757 = CARTESIAN_POINT('',(5.920600384263,-0.528733281947));
#2758 = CARTESIAN_POINT('',(5.920585816786,-0.528334507025));
#2759 = CARTESIAN_POINT('',(5.920576328725,-0.52793482474));
#2760 = CARTESIAN_POINT('',(5.920571984889,-0.527534325349));
#2761 = CARTESIAN_POINT('',(5.920572845484,-0.527133104636));
#2762 = CARTESIAN_POINT('',(5.920591934775,-0.52587982583));
#2763 = CARTESIAN_POINT('',(5.920628516055,-0.525025547261));
#2764 = CARTESIAN_POINT('',(5.92068922896,-0.524169462431));
#2765 = CARTESIAN_POINT('',(5.920774460603,-0.523312651793));
#2766 = CARTESIAN_POINT('',(5.920884447656,-0.52245624164));
#2767 = CARTESIAN_POINT('',(5.921019257822,-0.521601403712));
#2768 = CARTESIAN_POINT('',(5.921178771291,-0.520749354817));
#2769 = CARTESIAN_POINT('',(5.921605952361,-0.518779443137));
#2770 = CARTESIAN_POINT('',(5.921891964545,-0.517664385929));
#2771 = CARTESIAN_POINT('',(5.922219948513,-0.516559203522));
#2772 = CARTESIAN_POINT('',(5.92258862811,-0.515466515309));
#2773 = CARTESIAN_POINT('',(5.922996291497,-0.514388574205));
#2774 = CARTESIAN_POINT('',(5.923440881374,-0.513327299492));
#2775 = CARTESIAN_POINT('',(5.923920085203,-0.512284309667));
#2776 = CARTESIAN_POINT('',(5.924707853428,-0.510707734981));
#2777 = CARTESIAN_POINT('',(5.924993700249,-0.510160197574));
#2778 = CARTESIAN_POINT('',(5.925288594333,-0.509618521662));
#2779 = CARTESIAN_POINT('',(5.925592160612,-0.509082850108));
#2780 = CARTESIAN_POINT('',(5.925904024467,-0.508553292921));
#2781 = CARTESIAN_POINT('',(5.926223815671,-0.508029930137));
#2782 = CARTESIAN_POINT('',(5.92655117234,-0.507512814695));
#2783 = CARTESIAN_POINT('',(5.927608151476,-0.50589897464));
#2784 = CARTESIAN_POINT('',(5.928364122807,-0.504825350071));
#2785 = CARTESIAN_POINT('',(5.929150223572,-0.503781218775));
#2786 = CARTESIAN_POINT('',(5.929963217511,-0.502766322127));
#2787 = CARTESIAN_POINT('',(5.930800143258,-0.501780114511));
#2788 = CARTESIAN_POINT('',(5.931658370914,-0.500821830591));
#2789 = CARTESIAN_POINT('',(5.932535639333,-0.499890531044));
#2790 = CARTESIAN_POINT('',(5.935057406439,-0.497337836632));
#2791 = CARTESIAN_POINT('',(5.936740663726,-0.495777170161));
#2792 = CARTESIAN_POINT('',(5.938469010197,-0.494295890581));
#2793 = CARTESIAN_POINT('',(5.940233617415,-0.492887705979));
#2794 = CARTESIAN_POINT('',(5.942027444789,-0.491546909531));
#2795 = CARTESIAN_POINT('',(5.94384509689,-0.490268145365));
#2796 = CARTESIAN_POINT('',(5.945682757573,-0.489046300083));
#2797 = CARTESIAN_POINT('',(5.949969710078,-0.486343554172));
#2798 = CARTESIAN_POINT('',(5.952430051532,-0.484901056257));
#2799 = CARTESIAN_POINT('',(5.954912838409,-0.483538715862));
#2800 = CARTESIAN_POINT('',(5.957413066989,-0.482248479005));
#2801 = CARTESIAN_POINT('',(5.959926877686,-0.481023720786));
#2802 = CARTESIAN_POINT('',(5.962451399171,-0.4798586975));
#2803 = CARTESIAN_POINT('',(5.964984675621,-0.47874827812));
#2804 = CARTESIAN_POINT('',(5.971079693538,-0.476204915815));
#2805 = CARTESIAN_POINT('',(5.97464747541,-0.474820420332));
#2806 = CARTESIAN_POINT('',(5.978225087597,-0.473522362771));
#2807 = CARTESIAN_POINT('',(5.981809475863,-0.472301557394));
#2808 = CARTESIAN_POINT('',(5.985398312108,-0.471150479587));
#2809 = CARTESIAN_POINT('',(5.988989931523,-0.47006273445));
#2810 = CARTESIAN_POINT('',(5.992583309597,-0.469032854971));
#2811 = CARTESIAN_POINT('',(6.000975578758,-0.466752351815));
#2812 = CARTESIAN_POINT('',(6.005774596544,-0.465543418835));
#2813 = CARTESIAN_POINT('',(6.01057335135,-0.464417997167));
#2814 = CARTESIAN_POINT('',(6.015370482579,-0.463367269537));
#2815 = CARTESIAN_POINT('',(6.020164986277,-0.462384040463));
#2816 = CARTESIAN_POINT('',(6.024956209009,-0.461462192209));
#2817 = CARTESIAN_POINT('',(6.029743847328,-0.460596393136));
#2818 = CARTESIAN_POINT('',(6.043027266852,-0.458335333292));
#2819 = CARTESIAN_POINT('',(6.051514134337,-0.457051234086));
#2820 = CARTESIAN_POINT('',(6.059988097509,-0.455903956631));
#2821 = CARTESIAN_POINT('',(6.068448763692,-0.454874771866));
#2822 = CARTESIAN_POINT('',(6.076896067305,-0.453948794093));
#2823 = CARTESIAN_POINT('',(6.08533038605,-0.45311371398));
#2824 = CARTESIAN_POINT('',(6.09375258996,-0.452359381892));
#2825 = CARTESIAN_POINT('',(6.108605199694,-0.451154691835));
#2826 = CARTESIAN_POINT('',(6.115039648993,-0.450674553259));
#2827 = CARTESIAN_POINT('',(6.121467816524,-0.450232845477));
#2828 = CARTESIAN_POINT('',(6.127890042003,-0.449826243806));
#2829 = CARTESIAN_POINT('',(6.134306656682,-0.449451854099));
#2830 = CARTESIAN_POINT('',(6.140717997969,-0.449107129369));
#2831 = CARTESIAN_POINT('',(6.147124420104,-0.44878981367));
#2832 = CARTESIAN_POINT('',(6.169800646546,-0.447755867475));
#2833 = CARTESIAN_POINT('',(6.186044972426,-0.447178086753));
#2834 = CARTESIAN_POINT('',(6.202265807693,-0.446731779));
#2835 = CARTESIAN_POINT('',(6.21846818497,-0.446394853349));
#2836 = CARTESIAN_POINT('',(6.234656621016,-0.446152021652));
#2837 = CARTESIAN_POINT('',(6.250835616433,-0.445993354803));
#2838 = CARTESIAN_POINT('',(6.267009982987,-0.445914033558));
#2839 = CARTESIAN_POINT('',(6.28318530718,-0.445914033558));
#2840 = ( GEOMETRIC_REPRESENTATION_CONTEXT(2) 
PARAMETRIC_REPRESENTATION_CONTEXT() REPRESENTATION_CONTEXT('2D SPACE',''
  ) );
#2841 = PCURVE('',#2842,#2847);
#2842 = CYLINDRICAL_SURFACE('',#2843,9.);
#2843 = AXIS2_PLACEMENT_3D('',#2844,#2845,#2846);
#2844 = CARTESIAN_POINT('',(58.,-36.,-35.5));
#2845 = DIRECTION('',(-0.,1.,0.));
#2846 = DIRECTION('',(-1.,-0.,0.));
#2847 = DEFINITIONAL_REPRESENTATION('',(#2848),#2970);
#2848 = B_SPLINE_CURVE_WITH_KNOTS('',8,(#2849,#2850,#2851,#2852,#2853,
    #2854,#2855,#2856,#2857,#2858,#2859,#2860,#2861,#2862,#2863,#2864,
    #2865,#2866,#2867,#2868,#2869,#2870,#2871,#2872,#2873,#2874,#2875,
    #2876,#2877,#2878,#2879,#2880,#2881,#2882,#2883,#2884,#2885,#2886,
    #2887,#2888,#2889,#2890,#2891,#2892,#2893,#2894,#2895,#2896,#2897,
    #2898,#2899,#2900,#2901,#2902,#2903,#2904,#2905,#2906,#2907,#2908,
    #2909,#2910,#2911,#2912,#2913,#2914,#2915,#2916,#2917,#2918,#2919,
    #2920,#2921,#2922,#2923,#2924,#2925,#2926,#2927,#2928,#2929,#2930,
    #2931,#2932,#2933,#2934,#2935,#2936,#2937,#2938,#2939,#2940,#2941,
    #2942,#2943,#2944,#2945,#2946,#2947,#2948,#2949,#2950,#2951,#2952,
    #2953,#2954,#2955,#2956,#2957,#2958,#2959,#2960,#2961,#2962,#2963,
    #2964,#2965,#2966,#2967,#2968,#2969),.UNSPECIFIED.,.F.,.F.,(9,7,7,7,
    7,7,7,7,7,7,7,7,7,7,7,7,7,9),(0.,7.823036442262E-02,0.137010401693,
    0.202280973274,0.225617762483,0.234893530886,0.240134455342,
    0.251239160133,0.265930834378,0.273873080565,0.291021920883,
    0.32222247588,0.363109973427,0.420297991099,0.49662178721,
    0.632216603111,0.736048052521,1.),.UNSPECIFIED.);
#2849 = CARTESIAN_POINT('',(0.,22.481494165404));
#2850 = CARTESIAN_POINT('',(1.095646170763E-02,22.222546204852));
#2851 = CARTESIAN_POINT('',(2.234467861318E-02,21.964361552345));
#2852 = CARTESIAN_POINT('',(3.419202954525E-02,21.707007239456));
#2853 = CARTESIAN_POINT('',(4.653035581651E-02,21.450579601126));
#2854 = CARTESIAN_POINT('',(5.939615162097E-02,21.195204386434));
#2855 = CARTESIAN_POINT('',(7.283248854199E-02,20.941040117161));
#2856 = CARTESIAN_POINT('',(8.689267417115E-02,20.688284694157));
#2857 = CARTESIAN_POINT('',(0.11273060107,20.248516379693));
#2858 = CARTESIAN_POINT('',(0.124205099446,20.060809652395));
#2859 = CARTESIAN_POINT('',(0.136099333755,19.874153340886));
#2860 = CARTESIAN_POINT('',(0.148447172197,19.688677575343));
#2861 = CARTESIAN_POINT('',(0.161287977671,19.504559200271));
#2862 = CARTESIAN_POINT('',(0.174667938753,19.322025062381));
#2863 = CARTESIAN_POINT('',(0.188643726188,19.141361309801));
#2864 = CARTESIAN_POINT('',(0.219556247738,18.764809432251));
#2865 = CARTESIAN_POINT('',(0.236610532804,18.569920355003));
#2866 = CARTESIAN_POINT('',(0.254589132453,18.378273357828));
#2867 = CARTESIAN_POINT('',(0.273637437292,18.190444537432));
#2868 = CARTESIAN_POINT('',(0.293902097722,18.007517007327));
#2869 = CARTESIAN_POINT('',(0.315574955146,17.831307101698));
#2870 = CARTESIAN_POINT('',(0.338860084134,17.664184290317));
#2871 = CARTESIAN_POINT('',(0.373224896241,17.454869601744));
#2872 = CARTESIAN_POINT('',(0.382525762521,17.401451971347));
#2873 = CARTESIAN_POINT('',(0.392092721344,17.349928759115));
#2874 = CARTESIAN_POINT('',(0.401939138852,17.300538713638));
#2875 = CARTESIAN_POINT('',(0.412075636826,17.253573496266));
#2876 = CARTESIAN_POINT('',(0.422509645366,17.20937307812));
#2877 = CARTESIAN_POINT('',(0.433244627744,17.168318165386));
#2878 = CARTESIAN_POINT('',(0.448664845232,17.115914966857));
#2879 = CARTESIAN_POINT('',(0.45309743893,17.101574080997));
#2880 = CARTESIAN_POINT('',(0.457576329885,17.087823480189));
#2881 = CARTESIAN_POINT('',(0.462100810789,17.074690694182));
#2882 = CARTESIAN_POINT('',(0.466669866049,17.06220385664));
#2883 = CARTESIAN_POINT('',(0.471282142157,17.050391264143));
#2884 = CARTESIAN_POINT('',(0.475935918072,17.039280935196));
#2885 = CARTESIAN_POINT('',(0.48328076793,17.023034907421));
#2886 = CARTESIAN_POINT('',(0.485945027145,17.017402516321));
#2887 = CARTESIAN_POINT('',(0.488621465408,17.012007996553));
#2888 = CARTESIAN_POINT('',(0.491309653551,17.006856184158));
#2889 = CARTESIAN_POINT('',(0.494009121061,17.001951750604));
#2890 = CARTESIAN_POINT('',(0.49671935608,16.997299202779));
#2891 = CARTESIAN_POINT('',(0.499439805407,16.992902883001));
#2892 = CARTESIAN_POINT('',(0.507954466808,16.980003609727));
#2893 = CARTESIAN_POINT('',(0.51378263029,16.972408595323));
#2894 = CARTESIAN_POINT('',(0.519648217672,16.96602192122));
#2895 = CARTESIAN_POINT('',(0.52554464565,16.960877547258));
#2896 = CARTESIAN_POINT('',(0.531464868745,16.957002388107));
#2897 = CARTESIAN_POINT('',(0.537401353147,16.954415303693));
#2898 = CARTESIAN_POINT('',(0.54334605057,16.953126089614));
#2899 = CARTESIAN_POINT('',(0.557154789684,16.953145551711));
#2900 = CARTESIAN_POINT('',(0.56502018669,16.955427972107));
#2901 = CARTESIAN_POINT('',(0.572866027256,16.959982430729));
#2902 = CARTESIAN_POINT('',(0.580673844878,16.966778064436));
#2903 = CARTESIAN_POINT('',(0.588427102867,16.975757268249));
#2904 = CARTESIAN_POINT('',(0.596111054805,16.986840518613));
#2905 = CARTESIAN_POINT('',(0.603712605004,16.999931196679));
#2906 = CARTESIAN_POINT('',(0.615278720776,17.023023506748));
#2907 = CARTESIAN_POINT('',(0.619310212659,17.031682226877));
#2908 = CARTESIAN_POINT('',(0.623313074202,17.040880018833));
#2909 = CARTESIAN_POINT('',(0.627285964544,17.050599694208));
#2910 = CARTESIAN_POINT('',(0.631227757844,17.060823666622));
#2911 = CARTESIAN_POINT('',(0.635137528757,17.071534189052));
#2912 = CARTESIAN_POINT('',(0.639014537905,17.082713591142));
#2913 = CARTESIAN_POINT('',(0.651157462115,17.119457926216));
#2914 = CARTESIAN_POINT('',(0.659300444127,17.146673726885));
#2915 = CARTESIAN_POINT('',(0.66728270753,17.175819632009));
#2916 = CARTESIAN_POINT('',(0.675102430732,17.206728389241));
#2917 = CARTESIAN_POINT('',(0.68275994293,17.239242851365));
#2918 = CARTESIAN_POINT('',(0.690257362055,17.273219830846));
#2919 = CARTESIAN_POINT('',(0.697598354157,17.308532737953));
#2920 = CARTESIAN_POINT('',(0.717868862804,17.411554263711));
#2921 = CARTESIAN_POINT('',(0.730441579583,17.482061537007));
#2922 = CARTESIAN_POINT('',(0.74254194156,17.555956665518));
#2923 = CARTESIAN_POINT('',(0.754201259239,17.632711665864));
#2924 = CARTESIAN_POINT('',(0.765448783959,17.711895100153));
#2925 = CARTESIAN_POINT('',(0.776313285925,17.793163525106));
#2926 = CARTESIAN_POINT('',(0.78682380289,17.876258018293));
#2927 = CARTESIAN_POINT('',(0.810357722703,18.072065471271));
#2928 = CARTESIAN_POINT('',(0.823138942366,18.185886216151));
#2929 = CARTESIAN_POINT('',(0.835413139209,18.302012840248));
#2930 = CARTESIAN_POINT('',(0.847226683386,18.420086146264));
#2931 = CARTESIAN_POINT('',(0.858617768039,18.539822095228));
#2932 = CARTESIAN_POINT('',(0.869619962094,18.660998272955));
#2933 = CARTESIAN_POINT('',(0.880263942338,18.78344764322));
#2934 = CARTESIAN_POINT('',(0.905002510423,19.079951608073));
#2935 = CARTESIAN_POINT('',(0.918775705794,19.255052205664));
#2936 = CARTESIAN_POINT('',(0.931969863832,19.432001282704));
#2937 = CARTESIAN_POINT('',(0.944639588869,19.610518382111));
#2938 = CARTESIAN_POINT('',(0.956829494839,19.790380747082));
#2939 = CARTESIAN_POINT('',(0.968577673999,19.971414332267));
#2940 = CARTESIAN_POINT('',(0.979916980064,20.153490571827));
#2941 = CARTESIAN_POINT('',(1.005503786172,20.580797203479));
#2942 = CARTESIAN_POINT('',(1.01945203336,20.826726659115));
#2943 = CARTESIAN_POINT('',(1.032789037113,21.074063840609));
#2944 = CARTESIAN_POINT('',(1.045567096037,21.322611521614));
#2945 = CARTESIAN_POINT('',(1.057828516906,21.57221166342));
#2946 = CARTESIAN_POINT('',(1.069609182205,21.8227388256));
#2947 = CARTESIAN_POINT('',(1.080940429772,22.074096809394));
#2948 = CARTESIAN_POINT('',(1.111229553273,22.774131249743));
#2949 = CARTESIAN_POINT('',(1.129273800826,23.224385860485));
#2950 = CARTESIAN_POINT('',(1.146133215664,23.676563665756));
#2951 = CARTESIAN_POINT('',(1.161914274964,24.130341446186));
#2952 = CARTESIAN_POINT('',(1.17670014858,24.585465546513));
#2953 = CARTESIAN_POINT('',(1.190558925246,25.041742238763));
#2954 = CARTESIAN_POINT('',(1.203546104554,25.499034908614));
#2955 = CARTESIAN_POINT('',(1.225022426402,26.308142456922));
#2956 = CARTESIAN_POINT('',(1.233852023219,26.659551607582));
#2957 = CARTESIAN_POINT('',(1.242218411957,27.011433084593));
#2958 = CARTESIAN_POINT('',(1.250139140158,27.363739951189));
#2959 = CARTESIAN_POINT('',(1.257629245576,27.716430789844));
#2960 = CARTESIAN_POINT('',(1.264701797633,28.069469318316));
#2961 = CARTESIAN_POINT('',(1.2713682544,28.422824141278));
#2962 = CARTESIAN_POINT('',(1.293578691913,29.675475191204));
#2963 = CARTESIAN_POINT('',(1.306958556156,30.576316500047));
#2964 = CARTESIAN_POINT('',(1.317943509664,31.47857251548));
#2965 = CARTESIAN_POINT('',(1.326638564387,32.381881116098));
#2966 = CARTESIAN_POINT('',(1.3331144656,33.285927536244));
#2967 = CARTESIAN_POINT('',(1.337417052118,34.190440905609));
#2968 = CARTESIAN_POINT('',(1.339568431969,35.095193712078));
#2969 = CARTESIAN_POINT('',(1.339568431969,36.));
#2970 = ( GEOMETRIC_REPRESENTATION_CONTEXT(2) 
PARAMETRIC_REPRESENTATION_CONTEXT() REPRESENTATION_CONTEXT('2D SPACE',''
  ) );
#2971 = FACE_BOUND('',#2972,.T.);
#2972 = EDGE_LOOP('',(#2973,#3198));
#2973 = ORIENTED_EDGE('',*,*,#2974,.F.);
#2974 = EDGE_CURVE('',#2975,#2977,#2979,.T.);
#2975 = VERTEX_POINT('',#2976);
#2976 = CARTESIAN_POINT('',(8.856205286559,-38.11663754119,
    48.090431173731));
#2977 = VERTEX_POINT('',#2978);
#2978 = CARTESIAN_POINT('',(-22.79033182224,-43.53352051992,
    37.807847949513));
#2979 = SURFACE_CURVE('',#2980,(#3049,#3121),.PCURVE_S1.);
#2980 = B_SPLINE_CURVE_WITH_KNOTS('',7,(#2981,#2982,#2983,#2984,#2985,
    #2986,#2987,#2988,#2989,#2990,#2991,#2992,#2993,#2994,#2995,#2996,
    #2997,#2998,#2999,#3000,#3001,#3002,#3003,#3004,#3005,#3006,#3007,
    #3008,#3009,#3010,#3011,#3012,#3013,#3014,#3015,#3016,#3017,#3018,
    #3019,#3020,#3021,#3022,#3023,#3024,#3025,#3026,#3027,#3028,#3029,
    #3030,#3031,#3032,#3033,#3034,#3035,#3036,#3037,#3038,#3039,#3040,
    #3041,#3042,#3043,#3044,#3045,#3046,#3047,#3048),.UNSPECIFIED.,.F.,
  .F.,(8,6,6,6,6,6,6,6,6,6,6,8),(0.,0.18081808184,0.315787511641,
    0.391852038645,0.428891016664,0.45141757139,0.500061621274,
    0.569397534666,0.604884260948,0.676559002296,0.813479227962,1.),
  .UNSPECIFIED.);
#2981 = CARTESIAN_POINT('',(8.856205286559,-38.11663754119,
    48.090431173731));
#2982 = CARTESIAN_POINT('',(8.1669260487,-37.44521979201,48.749534963011
    ));
#2983 = CARTESIAN_POINT('',(7.443176293789,-36.77042171848,
    49.384664991885));
#2984 = CARTESIAN_POINT('',(6.681002506643,-36.09483761573,
    49.993597831622));
#2985 = CARTESIAN_POINT('',(5.87647353132,-35.42192093304,
    50.573271366882));
#2986 = CARTESIAN_POINT('',(5.025555792748,-34.7561812659,51.1197672278)
  );
#2987 = CARTESIAN_POINT('',(4.124190586862,-34.10324083899,
    51.628404134133));
#2988 = CARTESIAN_POINT('',(2.453253139748,-32.99785233735,
    52.44022242059));
#2989 = CARTESIAN_POINT('',(1.708683280588,-32.53685678808,
    52.762569796242));
#2990 = CARTESIAN_POINT('',(0.931509757755,-32.09014836705,
    53.057976356277));
#2991 = CARTESIAN_POINT('',(0.120004980591,-31.66158200632,
    53.323322668356));
#2992 = CARTESIAN_POINT('',(-0.727009808692,-31.25607118824,
    53.554785366004));
#2993 = CARTESIAN_POINT('',(-1.610024163488,-30.87952230068,
    53.747984577706));
#2994 = CARTESIAN_POINT('',(-3.04686775076,-30.34700581554,
    53.982293580059));
#2995 = CARTESIAN_POINT('',(-3.57600169487,-30.16655550761,
    54.052952846689));
#2996 = CARTESIAN_POINT('',(-4.116255183785,-29.99887217884,
    54.108907674796));
#2997 = CARTESIAN_POINT('',(-4.667245243401,-29.84539821331,
    54.14916593194));
#2998 = CARTESIAN_POINT('',(-5.228302828147,-29.70770440824,
    54.17269331253));
#2999 = CARTESIAN_POINT('',(-5.79843506279,-29.58742667902,
    54.178470362621));
#3000 = CARTESIAN_POINT('',(-6.65764939025,-29.4368713532,
    54.159283150388));
#3001 = CARTESIAN_POINT('',(-6.940838664516,-29.39208125203,
    54.148570561073));
#3002 = CARTESIAN_POINT('',(-7.225674161846,-29.35199133441,
    54.133322595727));
#3003 = CARTESIAN_POINT('',(-7.511962287032,-29.31678665026,
    54.113438959722));
#3004 = CARTESIAN_POINT('',(-7.799483567955,-29.28664624799,
    54.088828756066));
#3005 = CARTESIAN_POINT('',(-8.087991631837,-29.2617387598,
    54.059413989468));
#3006 = CARTESIAN_POINT('',(-8.55311181178,-29.23034574356,
    54.004283926034));
#3007 = CARTESIAN_POINT('',(-8.729275291097,-29.22046594351,
    53.981634825377));
#3008 = CARTESIAN_POINT('',(-8.905640702139,-29.21261313592,
    53.957171986749));
#3009 = CARTESIAN_POINT('',(-9.082143036718,-29.20681971865,
    53.930883841044));
#3010 = CARTESIAN_POINT('',(-9.258714178312,-29.20311551825,
    53.902761347209));
#3011 = CARTESIAN_POINT('',(-9.435282884604,-29.20152736986,
    53.872798307733));
#3012 = CARTESIAN_POINT('',(-9.992892973982,-29.20326923866,
    53.772308167985));
#3013 = CARTESIAN_POINT('',(-10.37367853775,-29.21443651257,
    53.695023084845));
#3014 = CARTESIAN_POINT('',(-10.75334760038,-29.23581782659,
    53.609111091574));
#3015 = CARTESIAN_POINT('',(-11.13110053514,-29.26757198143,
    53.514609312704));
#3016 = CARTESIAN_POINT('',(-11.5061245911,-29.30976820997,
    53.411624977699));
#3017 = CARTESIAN_POINT('',(-11.87759653462,-29.36237511624,
    53.300343058229));
#3018 = CARTESIAN_POINT('',(-12.76792367835,-29.51486922415,
    53.010973865104));
#3019 = CARTESIAN_POINT('',(-13.28239470479,-29.62537267405,
    52.82456058267));
#3020 = CARTESIAN_POINT('',(-13.78559519296,-29.75634726532,
    52.622594097953));
#3021 = CARTESIAN_POINT('',(-14.27547209652,-29.90697321331,
    52.406097089273));
#3022 = CARTESIAN_POINT('',(-14.75035495206,-30.07612308667,
    52.176244321666));
#3023 = CARTESIAN_POINT('',(-15.20890805208,-30.26243738499,
    51.934316749876));
#3024 = CARTESIAN_POINT('',(-15.87590942989,-30.56773033328,
    51.552378721506));
#3025 = CARTESIAN_POINT('',(-16.0971984716,-30.67519064638,
    51.420255250226));
#3026 = CARTESIAN_POINT('',(-16.3138506829,-30.78656223142,
    51.285479573369));
#3027 = CARTESIAN_POINT('',(-16.52577745217,-30.90164602736,
    51.148218381094));
#3028 = CARTESIAN_POINT('',(-16.73291697927,-31.0202418303,
    51.008633795237));
#3029 = CARTESIAN_POINT('',(-16.93523091733,-31.14215124859,
    50.866881821912));
#3030 = CARTESIAN_POINT('',(-17.53154361368,-31.51971030831,
    50.432727565243));
#3031 = CARTESIAN_POINT('',(-17.91059821738,-31.78495003888,
    50.134128090751));
#3032 = CARTESIAN_POINT('',(-18.26977091539,-32.06133052882,
    49.828501939899));
#3033 = CARTESIAN_POINT('',(-18.60926447934,-32.347351637,
    49.516925254061));
#3034 = CARTESIAN_POINT('',(-18.92949023369,-32.64163621328,
    49.200340609409));
#3035 = CARTESIAN_POINT('',(-19.23100207621,-32.94296704734,
    48.879540796357));
#3036 = CARTESIAN_POINT('',(-20.0559281455,-33.83741824073,
    47.935485401754));
#3037 = CARTESIAN_POINT('',(-20.53114561525,-34.44608100169,
    47.303131784834));
#3038 = CARTESIAN_POINT('',(-20.94521327476,-35.06946766613,
    46.662046277553));
#3039 = CARTESIAN_POINT('',(-21.30301567945,-35.70200943692,
    46.015293344691));
#3040 = CARTESIAN_POINT('',(-21.60940074081,-36.33936057671,
    45.36508694946));
#3041 = CARTESIAN_POINT('',(-21.86892064883,-36.97841321606,
    44.712751673623));
#3042 = CARTESIAN_POINT('',(-22.38099622128,-38.48745553572,
    43.167640759848));
#3043 = CARTESIAN_POINT('',(-22.59667548677,-39.35636451804,
    42.274267029144));
#3044 = CARTESIAN_POINT('',(-22.74323810121,-40.21853165529,
    41.380059239219));
#3045 = CARTESIAN_POINT('',(-22.82896915113,-41.06983010825,
    40.48611736031));
#3046 = CARTESIAN_POINT('',(-22.86127795139,-41.90726308184,
    39.592958580624));
#3047 = CARTESIAN_POINT('',(-22.84654640102,-42.72886475151,
    38.700476102987));
#3048 = CARTESIAN_POINT('',(-22.79033182224,-43.53352051992,
    37.807847949513));
#3049 = PCURVE('',#33,#3050);
#3050 = DEFINITIONAL_REPRESENTATION('',(#3051),#3120);
#3051 = B_SPLINE_CURVE_WITH_KNOTS('',7,(#3052,#3053,#3054,#3055,#3056,
    #3057,#3058,#3059,#3060,#3061,#3062,#3063,#3064,#3065,#3066,#3067,
    #3068,#3069,#3070,#3071,#3072,#3073,#3074,#3075,#3076,#3077,#3078,
    #3079,#3080,#3081,#3082,#3083,#3084,#3085,#3086,#3087,#3088,#3089,
    #3090,#3091,#3092,#3093,#3094,#3095,#3096,#3097,#3098,#3099,#3100,
    #3101,#3102,#3103,#3104,#3105,#3106,#3107,#3108,#3109,#3110,#3111,
    #3112,#3113,#3114,#3115,#3116,#3117,#3118,#3119),.UNSPECIFIED.,.F.,
  .F.,(8,6,6,6,6,6,6,6,6,6,6,8),(0.,0.18081808184,0.315787511641,
    0.391852038645,0.428891016664,0.45141757139,0.500061621274,
    0.569397534666,0.604884260948,0.676559002296,0.813479227962,1.),
  .UNSPECIFIED.);
#3052 = CARTESIAN_POINT('',(4.94068328543,0.887747640859));
#3053 = CARTESIAN_POINT('',(4.927409168659,0.904590747108));
#3054 = CARTESIAN_POINT('',(4.912655448093,0.921227950394));
#3055 = CARTESIAN_POINT('',(4.896172075135,0.937592374272));
#3056 = CARTESIAN_POINT('',(4.877672756444,0.953585037425));
#3057 = CARTESIAN_POINT('',(4.856833874167,0.969067186657));
#3058 = CARTESIAN_POINT('',(4.833299979138,0.983850680697));
#3059 = CARTESIAN_POINT('',(4.786917741548,1.007997680741));
#3060 = CARTESIAN_POINT('',(4.765421697585,1.017778242572));
#3061 = CARTESIAN_POINT('',(4.742114455835,1.026915523495));
#3062 = CARTESIAN_POINT('',(4.716886616852,1.03527272661));
#3063 = CARTESIAN_POINT('',(4.689682815534,1.042678877776));
#3064 = CARTESIAN_POINT('',(4.660569436701,1.048934541174));
#3065 = CARTESIAN_POINT('',(4.612406170408,1.056580833413));
#3066 = CARTESIAN_POINT('',(4.594515292443,1.058902263031));
#3067 = CARTESIAN_POINT('',(4.576136629233,1.060750638616));
#3068 = CARTESIAN_POINT('',(4.557335293269,1.062085429982));
#3069 = CARTESIAN_POINT('',(4.538202148325,1.062866572626));
#3070 = CARTESIAN_POINT('',(4.518852834509,1.063057679676));
#3071 = CARTESIAN_POINT('',(4.489960213184,1.062421661724));
#3072 = CARTESIAN_POINT('',(4.480479578577,1.062066653149));
#3073 = CARTESIAN_POINT('',(4.470995892939,1.061561622804));
#3074 = CARTESIAN_POINT('',(4.461526239718,1.060903735348));
#3075 = CARTESIAN_POINT('',(4.452088637262,1.060090741797));
#3076 = CARTESIAN_POINT('',(4.442701758525,1.059121105762));
#3077 = CARTESIAN_POINT('',(4.427718124619,1.057308719623));
#3078 = CARTESIAN_POINT('',(4.422077394205,1.05656511003));
#3079 = CARTESIAN_POINT('',(4.416466747151,1.055763144412));
#3080 = CARTESIAN_POINT('',(4.410890493185,1.054902778857));
#3081 = CARTESIAN_POINT('',(4.405352934796,1.05398408966));
#3082 = CARTESIAN_POINT('',(4.39985833787,1.053007280925));
#3083 = CARTESIAN_POINT('',(4.382647659863,1.049738591719));
#3084 = CARTESIAN_POINT('',(4.371103507381,1.047234910105));
#3085 = CARTESIAN_POINT('',(4.359822001277,1.044465203602));
#3086 = CARTESIAN_POINT('',(4.34884324082,1.041435816087));
#3087 = CARTESIAN_POINT('',(4.338203102748,1.038155813749));
#3088 = CARTESIAN_POINT('',(4.327932475863,1.034636919781));
#3089 = CARTESIAN_POINT('',(4.303979540399,1.025557607151));
#3090 = CARTESIAN_POINT('',(4.290700719068,1.0197640879));
#3091 = CARTESIAN_POINT('',(4.278296528785,1.01355485852));
#3092 = CARTESIAN_POINT('',(4.266806900865,1.006978273891));
#3093 = CARTESIAN_POINT('',(4.256242372552,1.000084981989));
#3094 = CARTESIAN_POINT('',(4.246591311595,0.992925434547));
#3095 = CARTESIAN_POINT('',(4.233341641465,0.981773680834));
#3096 = CARTESIAN_POINT('',(4.229087842922,0.97794105651));
#3097 = CARTESIAN_POINT('',(4.225061891319,0.974057371403));
#3098 = CARTESIAN_POINT('',(4.221258757554,0.970128541299));
#3099 = CARTESIAN_POINT('',(4.217672556629,0.966160127383));
#3100 = CARTESIAN_POINT('',(4.214296814202,0.962157307255));
#3101 = CARTESIAN_POINT('',(4.204717884283,0.949980233847));
#3102 = CARTESIAN_POINT('',(4.199142300552,0.941715273942));
#3103 = CARTESIAN_POINT('',(4.19434072683,0.93336831482));
#3104 = CARTESIAN_POINT('',(4.190251167096,0.924971374361));
#3105 = CARTESIAN_POINT('',(4.186812336607,0.916550383782));
#3106 = CARTESIAN_POINT('',(4.183966677002,0.908125534887));
#3107 = CARTESIAN_POINT('',(4.177256275224,0.883638843873));
#3108 = CARTESIAN_POINT('',(4.174824782206,0.867616581325));
#3109 = CARTESIAN_POINT('',(4.173987848234,0.851736324321));
#3110 = CARTESIAN_POINT('',(4.174448209045,0.836053503206));
#3111 = CARTESIAN_POINT('',(4.17596995316,0.820598175564));
#3112 = CARTESIAN_POINT('',(4.178367378392,0.805378788421));
#3113 = CARTESIAN_POINT('',(4.185759188391,0.769957916195));
#3114 = CARTESIAN_POINT('',(4.191375388595,0.74996943708));
#3115 = CARTESIAN_POINT('',(4.197974131472,0.730401637206));
#3116 = CARTESIAN_POINT('',(4.20531112739,0.711233717861));
#3117 = CARTESIAN_POINT('',(4.213199351892,0.692437819305));
#3118 = CARTESIAN_POINT('',(4.221500559539,0.673978915756));
#3119 = CARTESIAN_POINT('',(4.230108974066,0.655813264058));
#3120 = ( GEOMETRIC_REPRESENTATION_CONTEXT(2) 
PARAMETRIC_REPRESENTATION_CONTEXT() REPRESENTATION_CONTEXT('2D SPACE',''
  ) );
#3121 = PCURVE('',#3122,#3127);
#3122 = CONICAL_SURFACE('',#3123,17.,0.278299659005);
#3123 = AXIS2_PLACEMENT_3D('',#3124,#3125,#3126);
#3124 = CARTESIAN_POINT('',(-6.630335144057,-43.,43.058549161316));
#3125 = DIRECTION('',(0.309016994375,-0.,-0.951056516295));
#3126 = DIRECTION('',(0.951056516295,0.,0.309016994375));
#3127 = DEFINITIONAL_REPRESENTATION('',(#3128),#3197);
#3128 = B_SPLINE_CURVE_WITH_KNOTS('',7,(#3129,#3130,#3131,#3132,#3133,
    #3134,#3135,#3136,#3137,#3138,#3139,#3140,#3141,#3142,#3143,#3144,
    #3145,#3146,#3147,#3148,#3149,#3150,#3151,#3152,#3153,#3154,#3155,
    #3156,#3157,#3158,#3159,#3160,#3161,#3162,#3163,#3164,#3165,#3166,
    #3167,#3168,#3169,#3170,#3171,#3172,#3173,#3174,#3175,#3176,#3177,
    #3178,#3179,#3180,#3181,#3182,#3183,#3184,#3185,#3186,#3187,#3188,
    #3189,#3190,#3191,#3192,#3193,#3194,#3195,#3196),.UNSPECIFIED.,.F.,
  .F.,(8,6,6,6,6,6,6,6,6,6,6,8),(0.,0.18081808184,0.315787511641,
    0.391852038645,0.428891016664,0.45141757139,0.500061621274,
    0.569397534666,0.604884260948,0.676559002296,0.813479227962,1.),
  .UNSPECIFIED.);
#3129 = CARTESIAN_POINT('',(-0.291361506804,0.));
#3130 = CARTESIAN_POINT('',(-0.336827529014,-0.839843952078));
#3131 = CARTESIAN_POINT('',(-0.384660508776,-1.667539478675));
#3132 = CARTESIAN_POINT('',(-0.435044742739,-2.48219367679));
#3133 = CARTESIAN_POINT('',(-0.488182081365,-3.282109095663));
#3134 = CARTESIAN_POINT('',(-0.544306110403,-4.064805587352));
#3135 = CARTESIAN_POINT('',(-0.603686136702,-4.827085198305));
#3136 = CARTESIAN_POINT('',(-0.71376282647,-6.115518337384));
#3137 = CARTESIAN_POINT('',(-0.762812673675,-6.652173649487));
#3138 = CARTESIAN_POINT('',(-0.814037899062,-7.173281809503));
#3139 = CARTESIAN_POINT('',(-0.867600129888,-7.676409915833));
#3140 = CARTESIAN_POINT('',(-0.923653508479,-8.158285987091));
#3141 = CARTESIAN_POINT('',(-0.982345710291,-8.61489579823));
#3142 = CARTESIAN_POINT('',(-1.078509119938,-9.281745988471));
#3143 = CARTESIAN_POINT('',(-1.114051064755,-9.512458325467));
#3144 = CARTESIAN_POINT('',(-1.150497233757,-9.732622038701));
#3145 = CARTESIAN_POINT('',(-1.187859130686,-9.941175208646));
#3146 = CARTESIAN_POINT('',(-1.226135878862,-10.13692740577));
#3147 = CARTESIAN_POINT('',(-1.265311574625,-10.31860225645));
#3148 = CARTESIAN_POINT('',(-1.324847430284,-10.56586596222));
#3149 = CARTESIAN_POINT('',(-1.344548007061,-10.64318798272));
#3150 = CARTESIAN_POINT('',(-1.36444755205,-10.7167053152));
#3151 = CARTESIAN_POINT('',(-1.384539808553,-10.78626274958));
#3152 = CARTESIAN_POINT('',(-1.404816975804,-10.85170601707));
#3153 = CARTESIAN_POINT('',(-1.425269531984,-10.91288480638));
#3154 = CARTESIAN_POINT('',(-1.458424720799,-11.00418304033));
#3155 = CARTESIAN_POINT('',(-1.471024055452,-11.03707997446));
#3156 = CARTESIAN_POINT('',(-1.483681472838,-11.06831434161));
#3157 = CARTESIAN_POINT('',(-1.496394173706,-11.09785505027));
#3158 = CARTESIAN_POINT('',(-1.509159131597,-11.12567245272));
#3159 = CARTESIAN_POINT('',(-1.521973076528,-11.1517386397));
#3160 = CARTESIAN_POINT('',(-1.562601190207,-11.22847783132));
#3161 = CARTESIAN_POINT('',(-1.590583750617,-11.2726445598));
#3162 = CARTESIAN_POINT('',(-1.618742060841,-11.30826159137));
#3163 = CARTESIAN_POINT('',(-1.647036175174,-11.33511713529));
#3164 = CARTESIAN_POINT('',(-1.675423698802,-11.353062019));
#3165 = CARTESIAN_POINT('',(-1.703859185329,-11.36201776782));
#3166 = CARTESIAN_POINT('',(-1.772823086477,-11.36193752905));
#3167 = CARTESIAN_POINT('',(-1.813360973245,-11.34362825235));
#3168 = CARTESIAN_POINT('',(-1.853757972228,-11.30704421341));
#3169 = CARTESIAN_POINT('',(-1.893885897816,-11.2525236109));
#3170 = CARTESIAN_POINT('',(-1.933632068688,-11.18066751117));
#3171 = CARTESIAN_POINT('',(-1.972895568204,-11.09228141828));
#3172 = CARTESIAN_POINT('',(-2.031387039233,-10.93515152859));
#3173 = CARTESIAN_POINT('',(-2.051041032126,-10.87787671484));
#3174 = CARTESIAN_POINT('',(-2.070536860437,-10.81664664428));
#3175 = CARTESIAN_POINT('',(-2.089865728563,-10.7515924662));
#3176 = CARTESIAN_POINT('',(-2.109020315384,-10.68284927033));
#3177 = CARTESIAN_POINT('',(-2.127994628467,-10.61055357746));
#3178 = CARTESIAN_POINT('',(-2.184733630658,-10.38191909971));
#3179 = CARTESIAN_POINT('',(-2.221925718668,-10.21506843807));
#3180 = CARTESIAN_POINT('',(-2.258325542158,-10.03539116336));
#3181 = CARTESIAN_POINT('',(-2.293915450855,-9.843973406709));
#3182 = CARTESIAN_POINT('',(-2.32869090354,-9.641838717584));
#3183 = CARTESIAN_POINT('',(-2.362658210369,-9.4299122483));
#3184 = CARTESIAN_POINT('',(-2.45920922525,-8.786978388035));
#3185 = CARTESIAN_POINT('',(-2.51965484894,-8.332424634234));
#3186 = CARTESIAN_POINT('',(-2.577340109267,-7.850670028645));
#3187 = CARTESIAN_POINT('',(-2.632414731808,-7.346138461086));
#3188 = CARTESIAN_POINT('',(-2.685039279069,-6.822433622751));
#3189 = CARTESIAN_POINT('',(-2.735385569434,-6.282221969815));
#3190 = CARTESIAN_POINT('',(-2.849375576185,-4.970974221162));
#3191 = CARTESIAN_POINT('',(-2.911163282718,-4.187973871458));
#3192 = CARTESIAN_POINT('',(-2.969448740313,-3.382822064531));
#3193 = CARTESIAN_POINT('',(-3.024530086795,-2.559125166776));
#3194 = CARTESIAN_POINT('',(-3.076666879311,-1.719664657617));
#3195 = CARTESIAN_POINT('',(-3.126082513614,-0.866311082163));
#3196 = CARTESIAN_POINT('',(-3.172981367627,0.));
#3197 = ( GEOMETRIC_REPRESENTATION_CONTEXT(2) 
PARAMETRIC_REPRESENTATION_CONTEXT() REPRESENTATION_CONTEXT('2D SPACE',''
  ) );
#3198 = ORIENTED_EDGE('',*,*,#3199,.F.);
#3199 = EDGE_CURVE('',#2977,#2975,#3200,.T.);
#3200 = SURFACE_CURVE('',#3201,(#3206,#3219),.PCURVE_S1.);
#3201 = CIRCLE('',#3202,44.665422868255);
#3202 = AXIS2_PLACEMENT_3D('',#3203,#3204,#3205);
#3203 = CARTESIAN_POINT('',(-13.28773075812,0.,40.895430200692));
#3204 = DIRECTION('',(-0.309016994375,0.,0.951056516295));
#3205 = DIRECTION('',(-0.951056516295,0.,-0.309016994375));
#3206 = PCURVE('',#33,#3207);
#3207 = DEFINITIONAL_REPRESENTATION('',(#3208),#3218);
#3208 = B_SPLINE_CURVE_WITH_KNOTS('',8,(#3209,#3210,#3211,#3212,#3213,
    #3214,#3215,#3216,#3217),.UNSPECIFIED.,.F.,.F.,(9,9),(1.34499560294,
    2.138062466567),.PIECEWISE_BEZIER_KNOTS.);
#3209 = CARTESIAN_POINT('',(4.22994724289,0.655760603642));
#3210 = CARTESIAN_POINT('',(4.313294584759,0.682898088578));
#3211 = CARTESIAN_POINT('',(4.397928918487,0.711389370602));
#3212 = CARTESIAN_POINT('',(4.484219925946,0.740971504491));
#3213 = CARTESIAN_POINT('',(4.572623551452,0.771351600529));
#3214 = CARTESIAN_POINT('',(4.663702699145,0.802199892066));
#3215 = CARTESIAN_POINT('',(4.758132265216,0.833141310599));
#3216 = CARTESIAN_POINT('',(4.856739476591,0.86372862872));
#3217 = CARTESIAN_POINT('',(4.960369119083,0.893425435374));
#3218 = ( GEOMETRIC_REPRESENTATION_CONTEXT(2) 
PARAMETRIC_REPRESENTATION_CONTEXT() REPRESENTATION_CONTEXT('2D SPACE',''
  ) );
#3219 = PCURVE('',#3220,#3225);
#3220 = PLANE('',#3221);
#3221 = AXIS2_PLACEMENT_3D('',#3222,#3223,#3224);
#3222 = CARTESIAN_POINT('',(-6.630335144057,-43.,43.058549161316));
#3223 = DIRECTION('',(-0.309016994375,0.,0.951056516295));
#3224 = DIRECTION('',(0.951056516295,0.,0.309016994375));
#3225 = DEFINITIONAL_REPRESENTATION('',(#3226),#3230);
#3226 = CIRCLE('',#3227,44.665422868255);
#3227 = AXIS2_PLACEMENT_2D('',#3228,#3229);
#3228 = CARTESIAN_POINT('',(-7.,43.));
#3229 = DIRECTION('',(-1.,0.));
#3230 = ( GEOMETRIC_REPRESENTATION_CONTEXT(2) 
PARAMETRIC_REPRESENTATION_CONTEXT() REPRESENTATION_CONTEXT('2D SPACE',''
  ) );
#3231 = FACE_BOUND('',#3232,.T.);
#3232 = EDGE_LOOP('',(#3233,#3267,#3346,#3386,#3483,#3515,#3708,#3740,
    #3780,#3861));
#3233 = ORIENTED_EDGE('',*,*,#3234,.F.);
#3234 = EDGE_CURVE('',#3235,#3237,#3239,.T.);
#3235 = VERTEX_POINT('',#3236);
#3236 = CARTESIAN_POINT('',(23.5,-30.55248687357,48.56228522053));
#3237 = VERTEX_POINT('',#3238);
#3238 = CARTESIAN_POINT('',(23.5,-32.77874429308,47.088256737412));
#3239 = SURFACE_CURVE('',#3240,(#3245,#3255),.PCURVE_S1.);
#3240 = CIRCLE('',#3241,57.373774496716);
#3241 = AXIS2_PLACEMENT_3D('',#3242,#3243,#3244);
#3242 = CARTESIAN_POINT('',(23.5,0.,0.));
#3243 = DIRECTION('',(1.,0.,0.));
#3244 = DIRECTION('',(-0.,0.,1.));
#3245 = PCURVE('',#33,#3246);
#3246 = DEFINITIONAL_REPRESENTATION('',(#3247),#3254);
#3247 = B_SPLINE_CURVE_WITH_KNOTS('',5,(#3248,#3249,#3250,#3251,#3252,
    #3253),.UNSPECIFIED.,.F.,.F.,(6,6),(0.561571014754,0.608112424785),
  .PIECEWISE_BEZIER_KNOTS.);
#3248 = CARTESIAN_POINT('',(5.36804526871,0.899896654493));
#3249 = CARTESIAN_POINT('',(5.360895300932,0.892518463627));
#3250 = CARTESIAN_POINT('',(5.353963833124,0.885089552085));
#3251 = CARTESIAN_POINT('',(5.347241089782,0.877612772152));
#3252 = CARTESIAN_POINT('',(5.340717949774,0.87009070502));
#3253 = CARTESIAN_POINT('',(5.334385910676,0.8625257102));
#3254 = ( GEOMETRIC_REPRESENTATION_CONTEXT(2) 
PARAMETRIC_REPRESENTATION_CONTEXT() REPRESENTATION_CONTEXT('2D SPACE',''
  ) );
#3255 = PCURVE('',#3256,#3261);
#3256 = PLANE('',#3257);
#3257 = AXIS2_PLACEMENT_3D('',#3258,#3259,#3260);
#3258 = CARTESIAN_POINT('',(23.5,-39.04815604488,43.591759651274));
#3259 = DIRECTION('',(1.,0.,0.));
#3260 = DIRECTION('',(0.,0.258819045103,0.965925826289));
#3261 = DEFINITIONAL_REPRESENTATION('',(#3262),#3266);
#3262 = CIRCLE('',#3263,57.373774496716);
#3263 = AXIS2_PLACEMENT_2D('',#3264,#3265);
#3264 = CARTESIAN_POINT('',(-32.,-49.));
#3265 = DIRECTION('',(0.965925826289,0.258819045103));
#3266 = ( GEOMETRIC_REPRESENTATION_CONTEXT(2) 
PARAMETRIC_REPRESENTATION_CONTEXT() REPRESENTATION_CONTEXT('2D SPACE',''
  ) );
#3267 = ORIENTED_EDGE('',*,*,#3268,.T.);
#3268 = EDGE_CURVE('',#3235,#3269,#3271,.T.);
#3269 = VERTEX_POINT('',#3270);
#3270 = CARTESIAN_POINT('',(25.946437061469,-23.56678666784,
    51.140873770081));
#3271 = SURFACE_CURVE('',#3272,(#3293,#3317),.PCURVE_S1.);
#3272 = B_SPLINE_CURVE_WITH_KNOTS('',7,(#3273,#3274,#3275,#3276,#3277,
    #3278,#3279,#3280,#3281,#3282,#3283,#3284,#3285,#3286,#3287,#3288,
    #3289,#3290,#3291,#3292),.UNSPECIFIED.,.F.,.F.,(8,6,6,8),(0.,
    0.373172872927,0.760316087166,1.),.UNSPECIFIED.);
#3273 = CARTESIAN_POINT('',(23.5,-30.55248687357,48.56228522053));
#3274 = CARTESIAN_POINT('',(23.5,-30.17840925256,48.797632497821));
#3275 = CARTESIAN_POINT('',(23.524515623703,-29.80085229147,
    49.018612932916));
#3276 = CARTESIAN_POINT('',(23.570020639162,-29.42130145892,
    49.226177556355));
#3277 = CARTESIAN_POINT('',(23.634165375691,-29.04090632494,
    49.420864179835));
#3278 = CARTESIAN_POINT('',(23.715034881282,-28.6605168077,
    49.603188684137));
#3279 = CARTESIAN_POINT('',(23.811201523206,-28.28067527333,
    49.773599521287));
#3280 = CARTESIAN_POINT('',(24.03620101563,-27.50839138449,
    50.097349035218));
#3281 = CARTESIAN_POINT('',(24.166063114586,-27.11621261358,
    50.24972453746));
#3282 = CARTESIAN_POINT('',(24.309998672829,-26.72553698619,
    50.390023451133));
#3283 = CARTESIAN_POINT('',(24.46712523456,-26.33680166611,
    50.518471367627));
#3284 = CARTESIAN_POINT('',(24.636792367529,-25.95042160658,
    50.63519141737));
#3285 = CARTESIAN_POINT('',(24.818554775779,-25.56678771865,
    50.740217715216));
#3286 = CARTESIAN_POINT('',(25.132129347689,-24.9507005133,
    50.891176285996));
#3287 = CARTESIAN_POINT('',(25.256587483666,-24.71634002614,
    50.944375246171));
#3288 = CARTESIAN_POINT('',(25.385549588623,-24.48329448197,
    50.993026578868));
#3289 = CARTESIAN_POINT('',(25.518992912993,-24.2516776538,
    51.037084134519));
#3290 = CARTESIAN_POINT('',(25.656922361149,-24.02161892208,
    51.076479772257));
#3291 = CARTESIAN_POINT('',(25.79937616601,-23.79326538347,
    51.111119309788));
#3292 = CARTESIAN_POINT('',(25.946437479531,-23.56678602401,
    51.140873854667));
#3293 = PCURVE('',#33,#3294);
#3294 = DEFINITIONAL_REPRESENTATION('',(#3295),#3316);
#3295 = B_SPLINE_CURVE_WITH_KNOTS('',7,(#3296,#3297,#3298,#3299,#3300,
    #3301,#3302,#3303,#3304,#3305,#3306,#3307,#3308,#3309,#3310,#3311,
    #3312,#3313,#3314,#3315),.UNSPECIFIED.,.F.,.F.,(8,6,6,8),(0.,
    0.373172872927,0.760316087166,1.),.UNSPECIFIED.);
#3296 = CARTESIAN_POINT('',(5.36804526871,0.899896654493));
#3297 = CARTESIAN_POINT('',(5.373962208697,0.906002459992));
#3298 = CARTESIAN_POINT('',(5.380544538055,0.911790331535));
#3299 = CARTESIAN_POINT('',(5.387709192319,0.9172750529));
#3300 = CARTESIAN_POINT('',(5.395395969999,0.92246205458));
#3301 = CARTESIAN_POINT('',(5.403554014314,0.927356799749));
#3302 = CARTESIAN_POINT('',(5.412144177501,0.931963887576));
#3303 = CARTESIAN_POINT('',(5.430468980947,0.94077280154));
#3304 = CARTESIAN_POINT('',(5.440229613361,0.944950680265));
#3305 = CARTESIAN_POINT('',(5.450383890315,0.948824141116));
#3306 = CARTESIAN_POINT('',(5.460899400314,0.952392421847));
#3307 = CARTESIAN_POINT('',(5.471745867866,0.95565260351));
#3308 = CARTESIAN_POINT('',(5.482894717198,0.958599902391));
#3309 = CARTESIAN_POINT('',(5.50139331086,0.962852745797));
#3310 = CARTESIAN_POINT('',(5.508572064995,0.964355898826));
#3311 = CARTESIAN_POINT('',(5.515849652017,0.965734156897));
#3312 = CARTESIAN_POINT('',(5.523219379267,0.96698512479));
#3313 = CARTESIAN_POINT('',(5.530674320744,0.968105888281));
#3314 = CARTESIAN_POINT('',(5.538207332329,0.969092907286));
#3315 = CARTESIAN_POINT('',(5.545811118137,0.969941786909));
#3316 = ( GEOMETRIC_REPRESENTATION_CONTEXT(2) 
PARAMETRIC_REPRESENTATION_CONTEXT() REPRESENTATION_CONTEXT('2D SPACE',''
  ) );
#3317 = PCURVE('',#3318,#3323);
#3318 = CYLINDRICAL_SURFACE('',#3319,5.);
#3319 = AXIS2_PLACEMENT_3D('',#3320,#3321,#3322);
#3320 = CARTESIAN_POINT('',(28.5,-37.23642272916,50.353240435297));
#3321 = DIRECTION('',(0.,0.965925826289,-0.258819045103));
#3322 = DIRECTION('',(-1.,0.,0.));
#3323 = DEFINITIONAL_REPRESENTATION('',(#3324),#3345);
#3324 = B_SPLINE_CURVE_WITH_KNOTS('',7,(#3325,#3326,#3327,#3328,#3329,
    #3330,#3331,#3332,#3333,#3334,#3335,#3336,#3337,#3338,#3339,#3340,
    #3341,#3342,#3343,#3344),.UNSPECIFIED.,.F.,.F.,(8,6,6,8),(0.,
    0.373172872927,0.760316087166,1.),.UNSPECIFIED.);
#3325 = CARTESIAN_POINT('',(0.,6.919719582683));
#3326 = CARTESIAN_POINT('',(6.482928518949E-02,7.220138460281));
#3327 = CARTESIAN_POINT('',(0.127063316492,7.527636534694));
#3328 = CARTESIAN_POINT('',(0.1872531413,7.840532808605));
#3329 = CARTESIAN_POINT('',(0.245731183468,8.157577686729));
#3330 = CARTESIAN_POINT('',(0.302785740055,8.477816691379));
#3331 = CARTESIAN_POINT('',(0.358664680915,8.800609869175));
#3332 = CARTESIAN_POINT('',(0.470625981702,9.462786282583));
#3333 = CARTESIAN_POINT('',(0.526608241803,9.80216420394));
#3334 = CARTESIAN_POINT('',(0.581816104414,10.143215851272));
#3335 = CARTESIAN_POINT('',(0.636453782292,10.485460569437));
#3336 = CARTESIAN_POINT('',(0.690705868968,10.828465675881));
#3337 = CARTESIAN_POINT('',(0.744759088842,11.171844749957));
#3338 = CARTESIAN_POINT('',(0.832284791232,11.727868339713));
#3339 = CARTESIAN_POINT('',(0.865751688145,11.940474282842));
#3340 = CARTESIAN_POINT('',(0.899264918845,12.152987101193));
#3341 = CARTESIAN_POINT('',(0.932872211111,12.365308842841));
#3342 = CARTESIAN_POINT('',(0.966623376004,12.577332172033));
#3343 = CARTESIAN_POINT('',(1.000572819375,12.788939380472));
#3344 = CARTESIAN_POINT('',(1.034783007768,13.0000006));
#3345 = ( GEOMETRIC_REPRESENTATION_CONTEXT(2) 
PARAMETRIC_REPRESENTATION_CONTEXT() REPRESENTATION_CONTEXT('2D SPACE',''
  ) );
#3346 = ORIENTED_EDGE('',*,*,#3347,.F.);
#3347 = EDGE_CURVE('',#3348,#3269,#3350,.T.);
#3348 = VERTEX_POINT('',#3349);
#3349 = CARTESIAN_POINT('',(28.5,-21.37654434122,50.742421621635));
#3350 = SURFACE_CURVE('',#3351,(#3356,#3368),.PCURVE_S1.);
#3351 = CIRCLE('',#3352,4.74550314108);
#3352 = AXIS2_PLACEMENT_3D('',#3353,#3354,#3355);
#3353 = CARTESIAN_POINT('',(29.245040297582,-25.32454971811,
    48.216957592795));
#3354 = DIRECTION('',(0.473081992477,-0.409662230495,0.779980951883));
#3355 = DIRECTION('',(-0.855019815678,-2.775557561563E-17,0.518595328554
    ));
#3356 = PCURVE('',#33,#3357);
#3357 = DEFINITIONAL_REPRESENTATION('',(#3358),#3367);
#3358 = B_SPLINE_CURVE_WITH_KNOTS('',7,(#3359,#3360,#3361,#3362,#3363,
    #3364,#3365,#3366),.UNSPECIFIED.,.F.,.F.,(8,8),(5.135088366431,
    5.865067265356),.PIECEWISE_BEZIER_KNOTS.);
#3359 = CARTESIAN_POINT('',(5.639649519345,0.958666680842));
#3360 = CARTESIAN_POINT('',(5.628265376447,0.963240409522));
#3361 = CARTESIAN_POINT('',(5.615742615003,0.96694950848));
#3362 = CARTESIAN_POINT('',(5.602307734751,0.969689271346));
#3363 = CARTESIAN_POINT('',(5.588251065541,0.971380459313));
#3364 = CARTESIAN_POINT('',(5.573917764021,0.97198012443));
#3365 = CARTESIAN_POINT('',(5.559662083836,0.97148809657));
#3366 = CARTESIAN_POINT('',(5.545811096522,0.969941784495));
#3367 = ( GEOMETRIC_REPRESENTATION_CONTEXT(2) 
PARAMETRIC_REPRESENTATION_CONTEXT() REPRESENTATION_CONTEXT('2D SPACE',''
  ) );
#3368 = PCURVE('',#3369,#3374);
#3369 = SPHERICAL_SURFACE('',#3370,5.);
#3370 = AXIS2_PLACEMENT_3D('',#3371,#3372,#3373);
#3371 = CARTESIAN_POINT('',(28.5,-24.6793869874,46.988592848964));
#3372 = DIRECTION('',(0.,-0.965925826289,0.258819045103));
#3373 = DIRECTION('',(-1.,0.,0.));
#3374 = DEFINITIONAL_REPRESENTATION('',(#3375),#3385);
#3375 = B_SPLINE_CURVE_WITH_KNOTS('',8,(#3376,#3377,#3378,#3379,#3380,
    #3381,#3382,#3383,#3384),.UNSPECIFIED.,.F.,.F.,(9,9),(5.135088366431
    ,5.865067265356),.PIECEWISE_BEZIER_KNOTS.);
#3376 = CARTESIAN_POINT('',(-1.570796326795,-0.459776386843));
#3377 = CARTESIAN_POINT('',(-1.487018628473,-0.416608902847));
#3378 = CARTESIAN_POINT('',(-1.408916174642,-0.367785591101));
#3379 = CARTESIAN_POINT('',(-1.336396791777,-0.314215039383));
#3380 = CARTESIAN_POINT('',(-1.268892832179,-0.256750990099));
#3381 = CARTESIAN_POINT('',(-1.205677832593,-0.196082704616));
#3382 = CARTESIAN_POINT('',(-1.146047667072,-0.132772508126));
#3383 = CARTESIAN_POINT('',(-1.089310258721,-6.728176275467E-02));
#3384 = CARTESIAN_POINT('',(-1.034782910516,-2.84217094304E-15));
#3385 = ( GEOMETRIC_REPRESENTATION_CONTEXT(2) 
PARAMETRIC_REPRESENTATION_CONTEXT() REPRESENTATION_CONTEXT('2D SPACE',''
  ) );
#3386 = ORIENTED_EDGE('',*,*,#3387,.F.);
#3387 = EDGE_CURVE('',#3388,#3348,#3390,.T.);
#3388 = VERTEX_POINT('',#3389);
#3389 = CARTESIAN_POINT('',(36.905284174492,-19.84975785596,
    45.694497623452));
#3390 = SURFACE_CURVE('',#3391,(#3418,#3448),.PCURVE_S1.);
#3391 = B_SPLINE_CURVE_WITH_KNOTS('',7,(#3392,#3393,#3394,#3395,#3396,
    #3397,#3398,#3399,#3400,#3401,#3402,#3403,#3404,#3405,#3406,#3407,
    #3408,#3409,#3410,#3411,#3412,#3413,#3414,#3415,#3416,#3417),
  .UNSPECIFIED.,.F.,.F.,(8,6,6,6,8),(0.,0.209314413706,0.54756928463,
    0.923764643554,1.),.UNSPECIFIED.);
#3392 = CARTESIAN_POINT('',(36.905284174492,-19.84975785596,
    45.694497623452));
#3393 = CARTESIAN_POINT('',(36.674922647941,-19.79333824006,
    45.905058496522));
#3394 = CARTESIAN_POINT('',(36.440635455676,-19.74972677073,
    46.110657945188));
#3395 = CARTESIAN_POINT('',(36.203169961435,-19.717344612,
    46.311457407061));
#3396 = CARTESIAN_POINT('',(35.963093883387,-19.69504810884,
    46.507554347609));
#3397 = CARTESIAN_POINT('',(35.720845773377,-19.68188992887,
    46.699060286729));
#3398 = CARTESIAN_POINT('',(35.47673743622,-19.67709781901,
    46.886103788454));
#3399 = CARTESIAN_POINT('',(34.833787428223,-19.68477100931,
    47.364142749535));
#3400 = CARTESIAN_POINT('',(34.432423493215,-19.70968351012,
    47.648074911772));
#3401 = CARTESIAN_POINT('',(34.027799308963,-19.7520409244,
    47.921223749504));
#3402 = CARTESIAN_POINT('',(33.620625256296,-19.80999405972,
    48.183931600049));
#3403 = CARTESIAN_POINT('',(33.21144465706,-19.88206108474,
    48.436507625877));
#3404 = CARTESIAN_POINT('',(32.80063060736,-19.96711051837,
    48.679224032122));
#3405 = CARTESIAN_POINT('',(31.929916859025,-20.1723489307,
    49.171595894564));
#3406 = CARTESIAN_POINT('',(31.46979896029,-20.29538139995,
    49.418908680648));
#3407 = CARTESIAN_POINT('',(31.008422985535,-20.43216101563,
    49.654582041408));
#3408 = CARTESIAN_POINT('',(30.546142341469,-20.58182567743,
    49.878783802203));
#3409 = CARTESIAN_POINT('',(30.083279236161,-20.74376002142,
    50.091596417405));
#3410 = CARTESIAN_POINT('',(29.620125429349,-20.91757286523,
    50.293025052915));
#3411 = CARTESIAN_POINT('',(29.063081998568,-21.14076873002,
    50.52144958701));
#3412 = CARTESIAN_POINT('',(28.969219301471,-21.1788606707,
    50.559467009262));
#3413 = CARTESIAN_POINT('',(28.875359258743,-21.21743459111,
    50.597010891746));
#3414 = CARTESIAN_POINT('',(28.781504508872,-21.25648987533,
    50.634079957865));
#3415 = CARTESIAN_POINT('',(28.687657756927,-21.29602636401,
    50.670672688187));
#3416 = CARTESIAN_POINT('',(28.593821774559,-21.33604435437,
    50.706787320441));
#3417 = CARTESIAN_POINT('',(28.4999994,-21.37654460022,50.74242184952));
#3418 = PCURVE('',#33,#3419);
#3419 = DEFINITIONAL_REPRESENTATION('',(#3420),#3447);
#3420 = B_SPLINE_CURVE_WITH_KNOTS('',7,(#3421,#3422,#3423,#3424,#3425,
    #3426,#3427,#3428,#3429,#3430,#3431,#3432,#3433,#3434,#3435,#3436,
    #3437,#3438,#3439,#3440,#3441,#3442,#3443,#3444,#3445,#3446),
  .UNSPECIFIED.,.F.,.F.,(8,6,6,6,8),(0.,0.209314413706,0.54756928463,
    0.923764643554,1.),.UNSPECIFIED.);
#3421 = CARTESIAN_POINT('',(5.789712871671,0.828632851207));
#3422 = CARTESIAN_POINT('',(5.788294636883,0.833657593854));
#3423 = CARTESIAN_POINT('',(5.786544712001,0.838596058789));
#3424 = CARTESIAN_POINT('',(5.78449747727,0.843450321249));
#3425 = CARTESIAN_POINT('',(5.782177697887,0.848221021878));
#3426 = CARTESIAN_POINT('',(5.779605495663,0.852909154067));
#3427 = CARTESIAN_POINT('',(5.776796604832,0.85751620691));
#3428 = CARTESIAN_POINT('',(5.768860825458,0.869362055176));
#3429 = CARTESIAN_POINT('',(5.763373932074,0.876470785065));
#3430 = CARTESIAN_POINT('',(5.757355202524,0.883378324365));
#3431 = CARTESIAN_POINT('',(5.75083999804,0.890086897858));
#3432 = CARTESIAN_POINT('',(5.743856257962,0.896598014198));
#3433 = CARTESIAN_POINT('',(5.736424357963,0.902912512426));
#3434 = CARTESIAN_POINT('',(5.719809681983,0.915835777058));
#3435 = CARTESIAN_POINT('',(5.710526289477,0.922396337953));
#3436 = CARTESIAN_POINT('',(5.700729263897,0.92871231656));
#3437 = CARTESIAN_POINT('',(5.690434542139,0.93477993076));
#3438 = CARTESIAN_POINT('',(5.679654911317,0.940593199763));
#3439 = CARTESIAN_POINT('',(5.668400625117,0.946144012656));
#3440 = CARTESIAN_POINT('',(5.654302981012,0.952490434502));
#3441 = CARTESIAN_POINT('',(5.651908319506,0.953548560969));
#3442 = CARTESIAN_POINT('',(5.64949454101,0.954595333292));
#3443 = CARTESIAN_POINT('',(5.647061709909,0.955630646972));
#3444 = CARTESIAN_POINT('',(5.644609887829,0.956654390581));
#3445 = CARTESIAN_POINT('',(5.642139133634,0.957666445763));
#3446 = CARTESIAN_POINT('',(5.639649503424,0.958666687238));
#3447 = ( GEOMETRIC_REPRESENTATION_CONTEXT(2) 
PARAMETRIC_REPRESENTATION_CONTEXT() REPRESENTATION_CONTEXT('2D SPACE',''
  ) );
#3448 = PCURVE('',#3449,#3454);
#3449 = CYLINDRICAL_SURFACE('',#3450,5.);
#3450 = AXIS2_PLACEMENT_3D('',#3451,#3452,#3453);
#3451 = CARTESIAN_POINT('',(23.5,-24.6793869874,46.988592848964));
#3452 = DIRECTION('',(1.,0.,0.));
#3453 = DIRECTION('',(0.,0.965925826289,-0.258819045103));
#3454 = DEFINITIONAL_REPRESENTATION('',(#3455),#3482);
#3455 = B_SPLINE_CURVE_WITH_KNOTS('',7,(#3456,#3457,#3458,#3459,#3460,
    #3461,#3462,#3463,#3464,#3465,#3466,#3467,#3468,#3469,#3470,#3471,
    #3472,#3473,#3474,#3475,#3476,#3477,#3478,#3479,#3480,#3481),
  .UNSPECIFIED.,.F.,.F.,(8,6,6,6,8),(0.,0.209314413706,0.54756928463,
    0.923764643554,1.),.UNSPECIFIED.);
#3456 = CARTESIAN_POINT('',(-1.7763568394E-15,13.405284174492));
#3457 = CARTESIAN_POINT('',(4.359773128323E-02,13.174922647941));
#3458 = CARTESIAN_POINT('',(8.557400752722E-02,12.940635455677));
#3459 = CARTESIAN_POINT('',(0.126176964972,12.703169961435));
#3460 = CARTESIAN_POINT('',(0.165575195219,12.463093883387));
#3461 = CARTESIAN_POINT('',(0.203909075786,12.220845773377));
#3462 = CARTESIAN_POINT('',(0.241297556947,11.97673743622));
#3463 = CARTESIAN_POINT('',(0.336917664908,11.333787428223));
#3464 = CARTESIAN_POINT('',(0.393776806775,10.932423493215));
#3465 = CARTESIAN_POINT('',(0.448871778187,10.527799308963));
#3466 = CARTESIAN_POINT('',(0.502490272576,10.120625256296));
#3467 = CARTESIAN_POINT('',(0.554873282814,9.71144465706));
#3468 = CARTESIAN_POINT('',(0.606224227783,9.30063060736));
#3469 = CARTESIAN_POINT('',(0.712911219835,8.429916859025));
#3470 = CARTESIAN_POINT('',(0.768033701001,7.96979896029));
#3471 = CARTESIAN_POINT('',(0.822354114291,7.508422985535));
#3472 = CARTESIAN_POINT('',(0.876080110867,7.046142341469));
#3473 = CARTESIAN_POINT('',(0.929401173915,6.583279236161));
#3474 = CARTESIAN_POINT('',(0.982510162293,6.120125429349));
#3475 = CARTESIAN_POINT('',(1.046383211956,5.563081998568));
#3476 = CARTESIAN_POINT('',(1.057145861843,5.469219301471));
#3477 = CARTESIAN_POINT('',(1.067910171818,5.375359258743));
#3478 = CARTESIAN_POINT('',(1.078677911484,5.281504508872));
#3479 = CARTESIAN_POINT('',(1.089450890729,5.187657756927));
#3480 = CARTESIAN_POINT('',(1.100230959729,5.093821774559));
#3481 = CARTESIAN_POINT('',(1.111020008949,4.9999994));
#3482 = ( GEOMETRIC_REPRESENTATION_CONTEXT(2) 
PARAMETRIC_REPRESENTATION_CONTEXT() REPRESENTATION_CONTEXT('2D SPACE',''
  ) );
#3483 = ORIENTED_EDGE('',*,*,#3484,.T.);
#3484 = EDGE_CURVE('',#3388,#3485,#3487,.T.);
#3485 = VERTEX_POINT('',#3486);
#3486 = CARTESIAN_POINT('',(38.910152916687,-20.36739594616,
    43.762645970874));
#3487 = SURFACE_CURVE('',#3488,(#3493,#3503),.PCURVE_S1.);
#3488 = CIRCLE('',#3489,53.693575034635);
#3489 = AXIS2_PLACEMENT_3D('',#3490,#3491,#3492);
#3490 = CARTESIAN_POINT('',(0.,-29.94370061496,8.023390398178));
#3491 = DIRECTION('',(0.,0.965925826289,-0.258819045103));
#3492 = DIRECTION('',(0.,0.258819045103,0.965925826289));
#3493 = PCURVE('',#33,#3494);
#3494 = DEFINITIONAL_REPRESENTATION('',(#3495),#3502);
#3495 = B_SPLINE_CURVE_WITH_KNOTS('',5,(#3496,#3497,#3498,#3499,#3500,
    #3501),.UNSPECIFIED.,.F.,.F.,(6,6),(0.757808722979,0.810556193395),
  .PIECEWISE_BEZIER_KNOTS.);
#3496 = CARTESIAN_POINT('',(5.789712871671,0.828632851207));
#3497 = CARTESIAN_POINT('',(5.792245867216,0.819658560878));
#3498 = CARTESIAN_POINT('',(5.794629347285,0.810668987496));
#3499 = CARTESIAN_POINT('',(5.796871136742,0.80166545358));
#3500 = CARTESIAN_POINT('',(5.798978164997,0.792649146337));
#3501 = CARTESIAN_POINT('',(5.800956664615,0.783621151949));
#3502 = ( GEOMETRIC_REPRESENTATION_CONTEXT(2) 
PARAMETRIC_REPRESENTATION_CONTEXT() REPRESENTATION_CONTEXT('2D SPACE',''
  ) );
#3503 = PCURVE('',#3504,#3509);
#3504 = PLANE('',#3505);
#3505 = AXIS2_PLACEMENT_3D('',#3506,#3507,#3508);
#3506 = CARTESIAN_POINT('',(23.5,-21.66149117168,38.933016839428));
#3507 = DIRECTION('',(0.,0.965925826289,-0.258819045103));
#3508 = DIRECTION('',(0.,0.258819045103,0.965925826289));
#3509 = DEFINITIONAL_REPRESENTATION('',(#3510),#3514);
#3510 = CIRCLE('',#3511,53.693575034635);
#3511 = AXIS2_PLACEMENT_2D('',#3512,#3513);
#3512 = CARTESIAN_POINT('',(-32.,-23.5));
#3513 = DIRECTION('',(1.,0.));
#3514 = ( GEOMETRIC_REPRESENTATION_CONTEXT(2) 
PARAMETRIC_REPRESENTATION_CONTEXT() REPRESENTATION_CONTEXT('2D SPACE',''
  ) );
#3515 = ORIENTED_EDGE('',*,*,#3516,.T.);
#3516 = EDGE_CURVE('',#3485,#3517,#3519,.T.);
#3517 = VERTEX_POINT('',#3518);
#3518 = CARTESIAN_POINT('',(39.038442591886,-26.49112030312,
    40.227112064941));
#3519 = SURFACE_CURVE('',#3520,(#3579,#3641),.PCURVE_S1.);
#3520 = B_SPLINE_CURVE_WITH_KNOTS('',8,(#3521,#3522,#3523,#3524,#3525,
    #3526,#3527,#3528,#3529,#3530,#3531,#3532,#3533,#3534,#3535,#3536,
    #3537,#3538,#3539,#3540,#3541,#3542,#3543,#3544,#3545,#3546,#3547,
    #3548,#3549,#3550,#3551,#3552,#3553,#3554,#3555,#3556,#3557,#3558,
    #3559,#3560,#3561,#3562,#3563,#3564,#3565,#3566,#3567,#3568,#3569,
    #3570,#3571,#3572,#3573,#3574,#3575,#3576,#3577,#3578),
  .UNSPECIFIED.,.F.,.F.,(9,7,7,7,7,7,7,7,9),(0.,0.316019822982,
    0.392200144152,0.43300940141,0.51134298045,0.589668249047,
    0.628734103107,0.704724963416,1.),.UNSPECIFIED.);
#3521 = CARTESIAN_POINT('',(38.910152916687,-20.36739594616,
    43.762645970874));
#3522 = CARTESIAN_POINT('',(39.132340456357,-20.42787112259,
    43.536949539846));
#3523 = CARTESIAN_POINT('',(39.349089363927,-20.5024581412,
    43.306805893989));
#3524 = CARTESIAN_POINT('',(39.560320609163,-20.59290321867,
    43.071413813239));
#3525 = CARTESIAN_POINT('',(39.764915185718,-20.70145021301,
    42.830591772254));
#3526 = CARTESIAN_POINT('',(39.960849654321,-20.8306585064,
    42.584809347313));
#3527 = CARTESIAN_POINT('',(40.145048558815,-20.98360704424,
    42.335244440616));
#3528 = CARTESIAN_POINT('',(40.313624594084,-21.16350660598,
    42.083809427114));
#3529 = CARTESIAN_POINT('',(40.496701645447,-21.42597022411,
    41.772628272091));
#3530 = CARTESIAN_POINT('',(40.531007273194,-21.47874177259,
    41.71227824355));
#3531 = CARTESIAN_POINT('',(40.563973759263,-21.5333462348,
    41.652077615627));
#3532 = CARTESIAN_POINT('',(40.595508676442,-21.58981964927,
    41.592093452074));
#3533 = CARTESIAN_POINT('',(40.625513300894,-21.64818982535,
    41.532403290824));
#3534 = CARTESIAN_POINT('',(40.653884563434,-21.70847394928,
    41.473094659718));
#3535 = CARTESIAN_POINT('',(40.680517000812,-21.77067619006,
    41.414264592232));
#3536 = CARTESIAN_POINT('',(40.718583305226,-21.86912810355,
    41.324817469643));
#3537 = CARTESIAN_POINT('',(40.731332349428,-21.90401754759,
    41.293784035122));
#3538 = CARTESIAN_POINT('',(40.743535482619,-21.93945134324,
    41.262935523701));
#3539 = CARTESIAN_POINT('',(40.755176354309,-21.97542576238,
    41.232289412404));
#3540 = CARTESIAN_POINT('',(40.766238797552,-22.011935478,41.20186389689
    ));
#3541 = CARTESIAN_POINT('',(40.776707006,-22.04897339898,41.171677817112
    ));
#3542 = CARTESIAN_POINT('',(40.786565710959,-22.08653050486,
    41.141750582979));
#3543 = CARTESIAN_POINT('',(40.81352631175,-22.19766198114,
    41.055191684607));
#3544 = CARTESIAN_POINT('',(40.828955280822,-22.27261040574,
    40.999300509678));
#3545 = CARTESIAN_POINT('',(40.841980817715,-22.34935115148,
    40.944578834337));
#3546 = CARTESIAN_POINT('',(40.852510659597,-22.42777547283,
    40.891174210094));
#3547 = CARTESIAN_POINT('',(40.860470317978,-22.50775359564,
    40.83922925562));
#3548 = CARTESIAN_POINT('',(40.865806667944,-22.58913263104,
    40.788879431501));
#3549 = CARTESIAN_POINT('',(40.868491537379,-22.67173448944,
    40.740250814985));
#3550 = CARTESIAN_POINT('',(40.868559051444,-22.83896422825,
    40.646669898769));
#3551 = CARTESIAN_POINT('',(40.865942266449,-22.92360947495,
    40.6017073699));
#3552 = CARTESIAN_POINT('',(40.860674123744,-23.00908469272,
    40.558685647389));
#3553 = CARTESIAN_POINT('',(40.852782359653,-23.09518933464,
    40.517690809799));
#3554 = CARTESIAN_POINT('',(40.842319692911,-23.18172795383,
    40.478782579623));
#3555 = CARTESIAN_POINT('',(40.829360253275,-23.26851100865,
    40.441997247932));
#3556 = CARTESIAN_POINT('',(40.813996010148,-23.3553556678,
    40.407350599006));
#3557 = CARTESIAN_POINT('',(40.787523621217,-23.48534492287,
    40.358626122665));
#3558 = CARTESIAN_POINT('',(40.778141652004,-23.52857792584,40.342941859
    ));
#3559 = CARTESIAN_POINT('',(40.768200036392,-23.57176560761,
    40.327787252037));
#3560 = CARTESIAN_POINT('',(40.757712124352,-23.61488922284,
    40.31316022483));
#3561 = CARTESIAN_POINT('',(40.746691729445,-23.6579312797,
    40.299057560667));
#3562 = CARTESIAN_POINT('',(40.735152985284,-23.70087552184,
    40.285475048295));
#3563 = CARTESIAN_POINT('',(40.723110201998,-23.74370691042,
    40.272407627152));
#3564 = CARTESIAN_POINT('',(40.686199556458,-23.86948073764,
    40.235421539604));
#3565 = CARTESIAN_POINT('',(40.659969072453,-23.9520680852,
    40.212921552947));
#3566 = CARTESIAN_POINT('',(40.631991396685,-24.03407567526,
    40.192305337711));
#3567 = CARTESIAN_POINT('',(40.602371514959,-24.11542136176,
    40.173519924472));
#3568 = CARTESIAN_POINT('',(40.571212278289,-24.19603799033,
    40.156505941295));
#3569 = CARTESIAN_POINT('',(40.538612408301,-24.27587256251,
    40.141199945744));
#3570 = CARTESIAN_POINT('',(40.504664502636,-24.35488539993,
    40.127536756887));
#3571 = CARTESIAN_POINT('',(40.332633088988,-24.73676808325,
    40.068493642322));
#3572 = CARTESIAN_POINT('',(40.17716858941,-25.02671328119,
    40.045509572975));
#3573 = CARTESIAN_POINT('',(40.007567726328,-25.30292736921,
    40.042200188792));
#3574 = CARTESIAN_POINT('',(39.827171854415,-25.56538730485,
    40.055395104949));
#3575 = CARTESIAN_POINT('',(39.638630805107,-25.81453642701,
    40.082345353457));
#3576 = CARTESIAN_POINT('',(39.443761490927,-26.05111452685,
    40.120928279404));
#3577 = CARTESIAN_POINT('',(39.243624723413,-26.27620205194,
    40.169524893099));
#3578 = CARTESIAN_POINT('',(39.038442591886,-26.49112030312,
    40.227112064941));
#3579 = PCURVE('',#33,#3580);
#3580 = DEFINITIONAL_REPRESENTATION('',(#3581),#3640);
#3581 = B_SPLINE_CURVE_WITH_KNOTS('',8,(#3582,#3583,#3584,#3585,#3586,
    #3587,#3588,#3589,#3590,#3591,#3592,#3593,#3594,#3595,#3596,#3597,
    #3598,#3599,#3600,#3601,#3602,#3603,#3604,#3605,#3606,#3607,#3608,
    #3609,#3610,#3611,#3612,#3613,#3614,#3615,#3616,#3617,#3618,#3619,
    #3620,#3621,#3622,#3623,#3624,#3625,#3626,#3627,#3628,#3629,#3630,
    #3631,#3632,#3633,#3634,#3635,#3636,#3637,#3638,#3639),
  .UNSPECIFIED.,.F.,.F.,(9,7,7,7,7,7,7,7,9),(0.,0.316019822982,
    0.392200144152,0.43300940141,0.51134298045,0.589668249047,
    0.628734103107,0.704724963416,1.),.UNSPECIFIED.);
#3582 = CARTESIAN_POINT('',(5.800956664615,0.783621151949));
#3583 = CARTESIAN_POINT('',(5.802082882224,0.778482163714));
#3584 = CARTESIAN_POINT('',(5.802853813949,0.773271989596));
#3585 = CARTESIAN_POINT('',(5.803240478867,0.767973637727));
#3586 = CARTESIAN_POINT('',(5.803193948992,0.762584784752));
#3587 = CARTESIAN_POINT('',(5.802651539057,0.75711776133));
#3588 = CARTESIAN_POINT('',(5.801532476161,0.75160008397));
#3589 = CARTESIAN_POINT('',(5.799747610978,0.746074091209));
#3590 = CARTESIAN_POINT('',(5.796544971908,0.739273830557));
#3591 = CARTESIAN_POINT('',(5.795877196148,0.737956820433));
#3592 = CARTESIAN_POINT('',(5.795162257028,0.736644876082));
#3593 = CARTESIAN_POINT('',(5.794398726278,0.735339431471));
#3594 = CARTESIAN_POINT('',(5.793585270516,0.73404213779));
#3595 = CARTESIAN_POINT('',(5.792720711385,0.732754850978));
#3596 = CARTESIAN_POINT('',(5.79180408568,0.731479619254));
#3597 = CARTESIAN_POINT('',(5.790315415388,0.729543189427));
#3598 = CARTESIAN_POINT('',(5.789780995347,0.728871817255));
#3599 = CARTESIAN_POINT('',(5.789231349381,0.728204904931));
#3600 = CARTESIAN_POINT('',(5.788666407572,0.727542819138));
#3601 = CARTESIAN_POINT('',(5.788086130598,0.726885940818));
#3602 = CARTESIAN_POINT('',(5.787490514277,0.726234663547));
#3603 = CARTESIAN_POINT('',(5.786879594112,0.725589391906));
#3604 = CARTESIAN_POINT('',(5.785051562653,0.723724260082));
#3605 = CARTESIAN_POINT('',(5.783793413847,0.722521464696));
#3606 = CARTESIAN_POINT('',(5.782479745895,0.721345287126));
#3607 = CARTESIAN_POINT('',(5.781111762537,0.720198782804));
#3608 = CARTESIAN_POINT('',(5.779691199681,0.719084885334));
#3609 = CARTESIAN_POINT('',(5.778220396317,0.718006362657));
#3610 = CARTESIAN_POINT('',(5.776702365427,0.716965773211));
#3611 = CARTESIAN_POINT('',(5.77357953004,0.714965177112));
#3612 = CARTESIAN_POINT('',(5.771974406849,0.714004952196));
#3613 = CARTESIAN_POINT('',(5.770329235372,0.713087071138));
#3614 = CARTESIAN_POINT('',(5.76864791294,0.712213229945));
#3615 = CARTESIAN_POINT('',(5.766934452402,0.711384563749));
#3616 = CARTESIAN_POINT('',(5.765192940356,0.710601713715));
#3617 = CARTESIAN_POINT('',(5.763427495378,0.709864893946));
#3618 = CARTESIAN_POINT('',(5.760751797601,0.708829344348));
#3619 = CARTESIAN_POINT('',(5.759856376239,0.708496120491));
#3620 = CARTESIAN_POINT('',(5.758956435457,0.708174256432));
#3621 = CARTESIAN_POINT('',(5.758052430341,0.707863695211));
#3622 = CARTESIAN_POINT('',(5.757144796913,0.707564356399));
#3623 = CARTESIAN_POINT('',(5.75623395127,0.707276139213));
#3624 = CARTESIAN_POINT('',(5.755320288725,0.706998925625));
#3625 = CARTESIAN_POINT('',(5.75262217489,0.706214494991));
#3626 = CARTESIAN_POINT('',(5.75083097292,0.705737559227));
#3627 = CARTESIAN_POINT('',(5.749033249378,0.705300764702));
#3628 = CARTESIAN_POINT('',(5.74723138723,0.70490292633));
#3629 = CARTESIAN_POINT('',(5.745427477679,0.704542733863));
#3630 = CARTESIAN_POINT('',(5.743623317794,0.704218800326));
#3631 = CARTESIAN_POINT('',(5.741820408123,0.703929710457));
#3632 = CARTESIAN_POINT('',(5.733023974209,0.702680732613));
#3633 = CARTESIAN_POINT('',(5.726087058923,0.702195491928));
#3634 = CARTESIAN_POINT('',(5.719244915119,0.702125688725));
#3635 = CARTESIAN_POINT('',(5.712525376004,0.702404257963));
#3636 = CARTESIAN_POINT('',(5.70594291145,0.702973508141));
#3637 = CARTESIAN_POINT('',(5.699499706743,0.703789221272));
#3638 = CARTESIAN_POINT('',(5.693184603937,0.704817834805));
#3639 = CARTESIAN_POINT('',(5.686973036879,0.706038466621));
#3640 = ( GEOMETRIC_REPRESENTATION_CONTEXT(2) 
PARAMETRIC_REPRESENTATION_CONTEXT() REPRESENTATION_CONTEXT('2D SPACE',''
  ) );
#3641 = PCURVE('',#3642,#3647);
#3642 = CYLINDRICAL_SURFACE('',#3643,5.);
#3643 = AXIS2_PLACEMENT_3D('',#3644,#3645,#3646);
#3644 = CARTESIAN_POINT('',(23.5,-25.19702507761,45.056741196386));
#3645 = DIRECTION('',(1.,0.,0.));
#3646 = DIRECTION('',(0.,0.965925826289,-0.258819045103));
#3647 = DEFINITIONAL_REPRESENTATION('',(#3648),#3707);
#3648 = B_SPLINE_CURVE_WITH_KNOTS('',8,(#3649,#3650,#3651,#3652,#3653,
    #3654,#3655,#3656,#3657,#3658,#3659,#3660,#3661,#3662,#3663,#3664,
    #3665,#3666,#3667,#3668,#3669,#3670,#3671,#3672,#3673,#3674,#3675,
    #3676,#3677,#3678,#3679,#3680,#3681,#3682,#3683,#3684,#3685,#3686,
    #3687,#3688,#3689,#3690,#3691,#3692,#3693,#3694,#3695,#3696,#3697,
    #3698,#3699,#3700,#3701,#3702,#3703,#3704,#3705,#3706),
  .UNSPECIFIED.,.F.,.F.,(9,7,7,7,7,7,7,7,9),(0.,0.316019822982,
    0.392200144152,0.43300940141,0.51134298045,0.589668249047,
    0.628734103107,0.704724963416,1.),.UNSPECIFIED.);
#3649 = CARTESIAN_POINT('',(-1.42108547152E-15,15.410152916687));
#3650 = CARTESIAN_POINT('',(-4.67316278093E-02,15.632340456357));
#3651 = CARTESIAN_POINT('',(-9.505300308662E-02,15.849089363927));
#3652 = CARTESIAN_POINT('',(-0.145363856398,16.060320609162));
#3653 = CARTESIAN_POINT('',(-0.198018759367,16.264915185718));
#3654 = CARTESIAN_POINT('',(-0.253329477563,16.460849654321));
#3655 = CARTESIAN_POINT('',(-0.311635247771,16.645048558815));
#3656 = CARTESIAN_POINT('',(-0.373272536468,16.813624594084));
#3657 = CARTESIAN_POINT('',(-0.454690191084,16.996701645447));
#3658 = CARTESIAN_POINT('',(-0.470721322883,17.031007273194));
#3659 = CARTESIAN_POINT('',(-0.486971962851,17.063973759263));
#3660 = CARTESIAN_POINT('',(-0.503443252461,17.095508676442));
#3661 = CARTESIAN_POINT('',(-0.520134421166,17.125513300894));
#3662 = CARTESIAN_POINT('',(-0.537042542719,17.153884563434));
#3663 = CARTESIAN_POINT('',(-0.55416229149,17.180517000812));
#3664 = CARTESIAN_POINT('',(-0.58076572511,17.218583305226));
#3665 = CARTESIAN_POINT('',(-0.590104045033,17.231332349428));
#3666 = CARTESIAN_POINT('',(-0.599499290973,17.243535482619));
#3667 = CARTESIAN_POINT('',(-0.608949844066,17.255176354309));
#3668 = CARTESIAN_POINT('',(-0.618453813671,17.266238797552));
#3669 = CARTESIAN_POINT('',(-0.628009016872,17.276707006));
#3670 = CARTESIAN_POINT('',(-0.63761295798,17.286565710959));
#3671 = CARTESIAN_POINT('',(-0.665785744784,17.31352631175));
#3672 = CARTESIAN_POINT('',(-0.68448041539,17.328955280822));
#3673 = CARTESIAN_POINT('',(-0.703323793127,17.341980817715));
#3674 = CARTESIAN_POINT('',(-0.722291079878,17.352510659597));
#3675 = CARTESIAN_POINT('',(-0.741355271676,17.360470317978));
#3676 = CARTESIAN_POINT('',(-0.760486724254,17.365806667944));
#3677 = CARTESIAN_POINT('',(-0.779652718596,17.368491537379));
#3678 = CARTESIAN_POINT('',(-0.817979301236,17.368559051444));
#3679 = CARTESIAN_POINT('',(-0.837143875737,17.365942266449));
#3680 = CARTESIAN_POINT('',(-0.856274524314,17.360674123744));
#3681 = CARTESIAN_POINT('',(-0.875338514775,17.352782359653));
#3682 = CARTESIAN_POINT('',(-0.894306174866,17.342319692911));
#3683 = CARTESIAN_POINT('',(-0.913150458725,17.329360253275));
#3684 = CARTESIAN_POINT('',(-0.931846513331,17.313996010148));
#3685 = CARTESIAN_POINT('',(-0.959610721246,17.287523621217));
#3686 = CARTESIAN_POINT('',(-0.968808221989,17.278141652004));
#3687 = CARTESIAN_POINT('',(-0.977961257479,17.268200036392));
#3688 = CARTESIAN_POINT('',(-0.987067617824,17.257712124352));
#3689 = CARTESIAN_POINT('',(-0.996125356359,17.246691729445));
#3690 = CARTESIAN_POINT('',(-1.005132773065,17.235152985284));
#3691 = CARTESIAN_POINT('',(-1.014088397984,17.223110201998));
#3692 = CARTESIAN_POINT('',(-1.040308257851,17.186199556458));
#3693 = CARTESIAN_POINT('',(-1.057424300223,17.159969072453));
#3694 = CARTESIAN_POINT('',(-1.074330750136,17.131991396685));
#3695 = CARTESIAN_POINT('',(-1.091021942503,17.102371514959));
#3696 = CARTESIAN_POINT('',(-1.107494649702,17.071212278289));
#3697 = CARTESIAN_POINT('',(-1.123747832519,17.038612408301));
#3698 = CARTESIAN_POINT('',(-1.13978239108,17.004664502636));
#3699 = CARTESIAN_POINT('',(-1.217066405779,16.832633088988));
#3700 = CARTESIAN_POINT('',(-1.275076950162,16.677168589409));
#3701 = CARTESIAN_POINT('',(-1.330125767268,16.507567726329));
#3702 = CARTESIAN_POINT('',(-1.382493816175,16.327171854413));
#3703 = CARTESIAN_POINT('',(-1.432462737224,16.138630805108));
#3704 = CARTESIAN_POINT('',(-1.480297188055,15.943761490927));
#3705 = CARTESIAN_POINT('',(-1.526296377559,15.743624723413));
#3706 = CARTESIAN_POINT('',(-1.570796326795,15.538442591886));
#3707 = ( GEOMETRIC_REPRESENTATION_CONTEXT(2) 
PARAMETRIC_REPRESENTATION_CONTEXT() REPRESENTATION_CONTEXT('2D SPACE',''
  ) );
#3708 = ORIENTED_EDGE('',*,*,#3709,.F.);
#3709 = EDGE_CURVE('',#3710,#3517,#3712,.T.);
#3710 = VERTEX_POINT('',#3711);
#3711 = CARTESIAN_POINT('',(29.732137494637,-34.21852691343,
    42.297664425761));
#3712 = SURFACE_CURVE('',#3713,(#3718,#3728),.PCURVE_S1.);
#3713 = CIRCLE('',#3714,53.103672189407);
#3714 = AXIS2_PLACEMENT_3D('',#3715,#3716,#3717);
#3715 = CARTESIAN_POINT('',(0.,8.282209443281,30.90962644125));
#3716 = DIRECTION('',(0.,0.258819045103,0.965925826289));
#3717 = DIRECTION('',(0.,-0.965925826289,0.258819045103));
#3718 = PCURVE('',#33,#3719);
#3719 = DEFINITIONAL_REPRESENTATION('',(#3720),#3727);
#3720 = B_SPLINE_CURVE_WITH_KNOTS('',5,(#3721,#3722,#3723,#3724,#3725,
    #3726),.UNSPECIFIED.,.F.,.F.,(6,6),(0.594251272717,0.825867868282),
  .PIECEWISE_BEZIER_KNOTS.);
#3721 = CARTESIAN_POINT('',(5.427747980173,0.750795214399));
#3722 = CARTESIAN_POINT('',(5.480937513609,0.742931533444));
#3723 = CARTESIAN_POINT('',(5.533472802804,0.734466120995));
#3724 = CARTESIAN_POINT('',(5.585324703314,0.72545524383));
#3725 = CARTESIAN_POINT('',(5.636487868254,0.715959280884));
#3726 = CARTESIAN_POINT('',(5.686973036879,0.706038466621));
#3727 = ( GEOMETRIC_REPRESENTATION_CONTEXT(2) 
PARAMETRIC_REPRESENTATION_CONTEXT() REPRESENTATION_CONTEXT('2D SPACE',''
  ) );
#3728 = PCURVE('',#3729,#3734);
#3729 = PLANE('',#3730);
#3730 = AXIS2_PLACEMENT_3D('',#3731,#3732,#3733);
#3731 = CARTESIAN_POINT('',(23.5,-39.04815604488,43.591759651274));
#3732 = DIRECTION('',(0.,0.258819045103,0.965925826289));
#3733 = DIRECTION('',(1.,0.,0.));
#3734 = DEFINITIONAL_REPRESENTATION('',(#3735),#3739);
#3735 = CIRCLE('',#3736,53.103672189407);
#3736 = AXIS2_PLACEMENT_2D('',#3737,#3738);
#3737 = CARTESIAN_POINT('',(-23.5,49.));
#3738 = DIRECTION('',(0.,-1.));
#3739 = ( GEOMETRIC_REPRESENTATION_CONTEXT(2) 
PARAMETRIC_REPRESENTATION_CONTEXT() REPRESENTATION_CONTEXT('2D SPACE',''
  ) );
#3740 = ORIENTED_EDGE('',*,*,#3741,.F.);
#3741 = EDGE_CURVE('',#3742,#3710,#3744,.T.);
#3742 = VERTEX_POINT('',#3743);
#3743 = CARTESIAN_POINT('',(28.5,-34.9429096699,42.552826742781));
#3744 = SURFACE_CURVE('',#3745,(#3753,#3764),.PCURVE_S1.);
#3745 = B_SPLINE_CURVE_WITH_KNOTS('',6,(#3746,#3747,#3748,#3749,#3750,
    #3751,#3752),.UNSPECIFIED.,.F.,.F.,(7,7),(0.,1.),
  .PIECEWISE_BEZIER_KNOTS.);
#3746 = CARTESIAN_POINT('',(28.4999994,-34.94290998822,42.55282688324));
#3747 = CARTESIAN_POINT('',(28.707781359345,-34.83267426247,
    42.504185492624));
#3748 = CARTESIAN_POINT('',(28.914745661295,-34.71856678589,
    42.457644168893));
#3749 = CARTESIAN_POINT('',(29.12080389217,-34.60036883495,
    42.413425401546));
#3750 = CARTESIAN_POINT('',(29.325834055097,-34.47783247323,
    42.371795442317));
#3751 = CARTESIAN_POINT('',(29.529679027615,-34.35067265677,
    42.333072770971));
#3752 = CARTESIAN_POINT('',(29.732137494637,-34.21852691343,
    42.297664425761));
#3753 = PCURVE('',#33,#3754);
#3754 = DEFINITIONAL_REPRESENTATION('',(#3755),#3763);
#3755 = B_SPLINE_CURVE_WITH_KNOTS('',6,(#3756,#3757,#3758,#3759,#3760,
    #3761,#3762),.UNSPECIFIED.,.F.,.F.,(7,7),(0.,1.),
  .PIECEWISE_BEZIER_KNOTS.);
#3756 = CARTESIAN_POINT('',(5.396579657158,0.756438966926));
#3757 = CARTESIAN_POINT('',(5.401695697485,0.75536024414));
#3758 = CARTESIAN_POINT('',(5.406839456629,0.754329412409));
#3759 = CARTESIAN_POINT('',(5.412013666671,0.753351184211));
#3760 = CARTESIAN_POINT('',(5.417221081064,0.752431221535));
#3761 = CARTESIAN_POINT('',(5.422464625341,0.751576319517));
#3762 = CARTESIAN_POINT('',(5.427747980173,0.750795214399));
#3763 = ( GEOMETRIC_REPRESENTATION_CONTEXT(2) 
PARAMETRIC_REPRESENTATION_CONTEXT() REPRESENTATION_CONTEXT('2D SPACE',''
  ) );
#3764 = PCURVE('',#3765,#3770);
#3765 = CYLINDRICAL_SURFACE('',#3766,5.);
#3766 = AXIS2_PLACEMENT_3D('',#3767,#3768,#3769);
#3767 = CARTESIAN_POINT('',(23.5,-32.92443168792,47.127293557206));
#3768 = DIRECTION('',(1.,0.,0.));
#3769 = DIRECTION('',(0.,-0.965925826289,0.258819045103));
#3770 = DEFINITIONAL_REPRESENTATION('',(#3771),#3779);
#3771 = B_SPLINE_CURVE_WITH_KNOTS('',6,(#3772,#3773,#3774,#3775,#3776,
    #3777,#3778),.UNSPECIFIED.,.F.,.F.,(7,7),(0.,1.),
  .PIECEWISE_BEZIER_KNOTS.);
#3772 = CARTESIAN_POINT('',(1.417043007498,4.9999994));
#3773 = CARTESIAN_POINT('',(1.441141057306,5.207781359345));
#3774 = CARTESIAN_POINT('',(1.465778003287,5.414745661295));
#3775 = CARTESIAN_POINT('',(1.49100105329,5.62080389217));
#3776 = CARTESIAN_POINT('',(1.516865030374,5.825834055097));
#3777 = CARTESIAN_POINT('',(1.543434858711,6.029679027615));
#3778 = CARTESIAN_POINT('',(1.570796326795,6.232137494637));
#3779 = ( GEOMETRIC_REPRESENTATION_CONTEXT(2) 
PARAMETRIC_REPRESENTATION_CONTEXT() REPRESENTATION_CONTEXT('2D SPACE',''
  ) );
#3780 = ORIENTED_EDGE('',*,*,#3781,.F.);
#3781 = EDGE_CURVE('',#3782,#3742,#3784,.T.);
#3782 = VERTEX_POINT('',#3783);
#3783 = CARTESIAN_POINT('',(23.503298762317,-32.9714319305,
    46.951886263934));
#3784 = SURFACE_CURVE('',#3785,(#3790,#3808),.PCURVE_S1.);
#3785 = CIRCLE('',#3786,4.427048397535);
#3786 = AXIS2_PLACEMENT_3D('',#3787,#3788,#3789);
#3787 = CARTESIAN_POINT('',(27.467742425162,-31.73192312627,
    45.420363530679));
#3788 = DIRECTION('',(0.444161837272,-0.513114949812,0.734461238317));
#3789 = DIRECTION('',(0.,-0.819760084091,-0.572707084407));
#3790 = PCURVE('',#33,#3791);
#3791 = DEFINITIONAL_REPRESENTATION('',(#3792),#3807);
#3792 = B_SPLINE_CURVE_WITH_KNOTS('',7,(#3793,#3794,#3795,#3796,#3797,
    #3798,#3799,#3800,#3801,#3802,#3803,#3804,#3805,#3806),
  .UNSPECIFIED.,.F.,.F.,(8,6,8),(4.743788854833,5.645127936191,
    6.546467017548),.UNSPECIFIED.);
#3793 = CARTESIAN_POINT('',(5.331679372563,0.859151180228));
#3794 = CARTESIAN_POINT('',(5.325371490413,0.850931562681));
#3795 = CARTESIAN_POINT('',(5.32108974264,0.842071717735));
#3796 = CARTESIAN_POINT('',(5.318941171246,0.832818923605));
#3797 = CARTESIAN_POINT('',(5.318918822041,0.823436201239));
#3798 = CARTESIAN_POINT('',(5.320923259177,0.81417871792));
#3799 = CARTESIAN_POINT('',(5.324799136712,0.805280105876));
#3800 = CARTESIAN_POINT('',(5.335903860933,0.788609842032));
#3801 = CARTESIAN_POINT('',(5.343132726038,0.78083818603));
#3802 = CARTESIAN_POINT('',(5.351843293183,0.773834602278));
#3803 = CARTESIAN_POINT('',(5.36180185547,0.767774509209));
#3804 = CARTESIAN_POINT('',(5.372755055395,0.762796505252));
#3805 = CARTESIAN_POINT('',(5.384437861533,0.758999077715));
#3806 = CARTESIAN_POINT('',(5.396579671931,0.756438963811));
#3807 = ( GEOMETRIC_REPRESENTATION_CONTEXT(2) 
PARAMETRIC_REPRESENTATION_CONTEXT() REPRESENTATION_CONTEXT('2D SPACE',''
  ) );
#3808 = PCURVE('',#3809,#3814);
#3809 = SPHERICAL_SURFACE('',#3810,5.);
#3810 = AXIS2_PLACEMENT_3D('',#3811,#3812,#3813);
#3811 = CARTESIAN_POINT('',(28.5,-32.92443168792,47.127293557206));
#3812 = DIRECTION('',(0.,0.258819045103,0.965925826289));
#3813 = DIRECTION('',(-1.,0.,0.));
#3814 = DEFINITIONAL_REPRESENTATION('',(#3815),#3860);
#3815 = B_SPLINE_CURVE_WITH_KNOTS('',8,(#3816,#3817,#3818,#3819,#3820,
    #3821,#3822,#3823,#3824,#3825,#3826,#3827,#3828,#3829,#3830,#3831,
    #3832,#3833,#3834,#3835,#3836,#3837,#3838,#3839,#3840,#3841,#3842,
    #3843,#3844,#3845,#3846,#3847,#3848,#3849,#3850,#3851,#3852,#3853,
    #3854,#3855,#3856,#3857,#3858,#3859),.UNSPECIFIED.,.F.,.F.,(9,7,7,7,
    7,7,9),(4.743788854833,5.194458395512,5.532460551021,6.039463784284,
    6.292965400916,6.419716209232,6.546467017548),.UNSPECIFIED.);
#3816 = CARTESIAN_POINT('',(1.42202365513E-15,-3.632698781042E-02));
#3817 = CARTESIAN_POINT('',(3.157441469749E-02,-7.495632681208E-02));
#3818 = CARTESIAN_POINT('',(6.20933991474E-02,-0.114488563579));
#3819 = CARTESIAN_POINT('',(9.166582801589E-02,-0.154829782538));
#3820 = CARTESIAN_POINT('',(0.120401797136,-0.195896810535));
#3821 = CARTESIAN_POINT('',(0.148411116164,-0.237615801892));
#3822 = CARTESIAN_POINT('',(0.175803929992,-0.279920827074));
#3823 = CARTESIAN_POINT('',(0.202693468917,-0.32275246498));
#3824 = CARTESIAN_POINT('',(0.249081521564,-0.398534349259));
#3825 = CARTESIAN_POINT('',(0.268747228452,-0.431277965419));
#3826 = CARTESIAN_POINT('',(0.288249079221,-0.464264345594));
#3827 = CARTESIAN_POINT('',(0.307641022225,-0.497472184857));
#3828 = CARTESIAN_POINT('',(0.326980615993,-0.530881490657));
#3829 = CARTESIAN_POINT('',(0.346331084335,-0.564473237419));
#3830 = CARTESIAN_POINT('',(0.365764733771,-0.598228960177));
#3831 = CARTESIAN_POINT('',(0.414772232538,-0.682982277876));
#3832 = CARTESIAN_POINT('',(0.4445582102,-0.73416184361));
#3833 = CARTESIAN_POINT('',(0.475013847424,-0.78560719298));
#3834 = CARTESIAN_POINT('',(0.506515990305,-0.837255557661));
#3835 = CARTESIAN_POINT('',(0.53951316254,-0.889043900859));
#3836 = CARTESIAN_POINT('',(0.574747459134,-0.940891506823));
#3837 = CARTESIAN_POINT('',(0.613167382751,-0.992707660944));
#3838 = CARTESIAN_POINT('',(0.678963191166,-1.070112058194));
#3839 = CARTESIAN_POINT('',(0.702256269099,-1.095860201611));
#3840 = CARTESIAN_POINT('',(0.727193169112,-1.121532305147));
#3841 = CARTESIAN_POINT('',(0.754141449967,-1.147099535894));
#3842 = CARTESIAN_POINT('',(0.783587124646,-1.17252515599));
#3843 = CARTESIAN_POINT('',(0.816213902301,-1.19775693295));
#3844 = CARTESIAN_POINT('',(0.852999482514,-1.222722491512));
#3845 = CARTESIAN_POINT('',(0.916934613265,-1.25957426213));
#3846 = CARTESIAN_POINT('',(0.939705846037,-1.271758756306));
#3847 = CARTESIAN_POINT('',(0.96414613256,-1.283827372145));
#3848 = CARTESIAN_POINT('',(0.990510254346,-1.295759955478));
#3849 = CARTESIAN_POINT('',(1.019107354931,-1.30753132358));
#3850 = CARTESIAN_POINT('',(1.050322748143,-1.319109440406));
#3851 = CARTESIAN_POINT('',(1.084642008127,-1.330452202802));
#3852 = CARTESIAN_POINT('',(1.16069184457,-1.352551697319));
#3853 = CARTESIAN_POINT('',(1.202422352553,-1.363308360756));
#3854 = CARTESIAN_POINT('',(1.248459290615,-1.373714736704));
#3855 = CARTESIAN_POINT('',(1.299520488526,-1.383696343268));
#3856 = CARTESIAN_POINT('',(1.356433967028,-1.393160848827));
#3857 = CARTESIAN_POINT('',(1.420152933447,-1.401984641285));
#3858 = CARTESIAN_POINT('',(1.491556034169,-1.410005843098));
#3859 = CARTESIAN_POINT('',(1.570796326795,-1.417043077085));
#3860 = ( GEOMETRIC_REPRESENTATION_CONTEXT(2) 
PARAMETRIC_REPRESENTATION_CONTEXT() REPRESENTATION_CONTEXT('2D SPACE',''
  ) );
#3861 = ORIENTED_EDGE('',*,*,#3862,.F.);
#3862 = EDGE_CURVE('',#3237,#3782,#3863,.T.);
#3863 = SURFACE_CURVE('',#3864,(#3871,#3881),.PCURVE_S1.);
#3864 = B_SPLINE_CURVE_WITH_KNOTS('',3,(#3865,#3866,#3867,#3868,#3869,
    #3870),.UNSPECIFIED.,.F.,.F.,(4,1,1,4),(0.,0.87020416805,
    0.956455938368,1.),.UNSPECIFIED.);
#3865 = CARTESIAN_POINT('',(23.5,-32.77874429308,47.088256737412));
#3866 = CARTESIAN_POINT('',(23.5,-32.83493002808,47.049145120889));
#3867 = CARTESIAN_POINT('',(23.50089842688,-32.89626898114,
    47.005834543806));
#3868 = CARTESIAN_POINT('',(23.502920495926,-32.96033359292,
    46.959868176723));
#3869 = CARTESIAN_POINT('',(23.503202154057,-32.96864521435,
    46.953891564365));
#3870 = CARTESIAN_POINT('',(23.503298788995,-32.97143270005,
    46.951885710175));
#3871 = PCURVE('',#33,#3872);
#3872 = DEFINITIONAL_REPRESENTATION('',(#3873),#3880);
#3873 = B_SPLINE_CURVE_WITH_KNOTS('',3,(#3874,#3875,#3876,#3877,#3878,
    #3879),.UNSPECIFIED.,.F.,.F.,(4,1,1,4),(0.,0.87020416805,
    0.956455938368,1.),.UNSPECIFIED.);
#3874 = CARTESIAN_POINT('',(5.334385910676,0.8625257102));
#3875 = CARTESIAN_POINT('',(5.333574225697,0.861555976348));
#3876 = CARTESIAN_POINT('',(5.332709217716,0.860483935455));
#3877 = CARTESIAN_POINT('',(5.331830884893,0.859348321056));
#3878 = CARTESIAN_POINT('',(5.331717378621,0.859200704834));
#3879 = CARTESIAN_POINT('',(5.331679362067,0.859151166552));
#3880 = ( GEOMETRIC_REPRESENTATION_CONTEXT(2) 
PARAMETRIC_REPRESENTATION_CONTEXT() REPRESENTATION_CONTEXT('2D SPACE',''
  ) );
#3881 = PCURVE('',#3882,#3887);
#3882 = CYLINDRICAL_SURFACE('',#3883,5.);
#3883 = AXIS2_PLACEMENT_3D('',#3884,#3885,#3886);
#3884 = CARTESIAN_POINT('',(28.5,-37.75406081937,48.421388782719));
#3885 = DIRECTION('',(0.,0.965925826289,-0.258819045103));
#3886 = DIRECTION('',(-1.,0.,0.));
#3887 = DEFINITIONAL_REPRESENTATION('',(#3888),#3895);
#3888 = B_SPLINE_CURVE_WITH_KNOTS('',3,(#3889,#3890,#3891,#3892,#3893,
    #3894),.UNSPECIFIED.,.F.,.F.,(4,1,1,4),(0.,0.87020416805,
    0.956455938368,1.),.UNSPECIFIED.);
#3889 = CARTESIAN_POINT('',(0.,5.150826689663));
#3890 = CARTESIAN_POINT('',(-1.046417175745E-02,5.106678268404));
#3891 = CARTESIAN_POINT('',(-2.200622199755E-02,5.058638991682));
#3892 = CARTESIAN_POINT('',(-3.420915711161E-02,5.008654299856));
#3893 = CARTESIAN_POINT('',(-3.579499148408E-02,5.002172751154));
#3894 = CARTESIAN_POINT('',(-3.632713471991E-02,4.9999994));
#3895 = ( GEOMETRIC_REPRESENTATION_CONTEXT(2) 
PARAMETRIC_REPRESENTATION_CONTEXT() REPRESENTATION_CONTEXT('2D SPACE',''
  ) );
#3896 = ADVANCED_FACE('',(#3897),#156,.T.);
#3897 = FACE_BOUND('',#3898,.T.);
#3898 = EDGE_LOOP('',(#3899,#3925,#3980,#4014,#4075,#4099,#4143,#4319,
    #4343,#4344,#4388,#4389,#4445,#4467,#4468,#4668,#4698,#4867,#4899,
    #5086,#5158));
#3899 = ORIENTED_EDGE('',*,*,#3900,.T.);
#3900 = EDGE_CURVE('',#3901,#3903,#3905,.T.);
#3901 = VERTEX_POINT('',#3902);
#3902 = CARTESIAN_POINT('',(38.,-38.,-42.));
#3903 = VERTEX_POINT('',#3904);
#3904 = CARTESIAN_POINT('',(68.653071463676,-38.,-27.69803902718));
#3905 = SEAM_CURVE('',#3906,(#3911,#3918),.PCURVE_S1.);
#3906 = CIRCLE('',#3907,40.);
#3907 = AXIS2_PLACEMENT_3D('',#3908,#3909,#3910);
#3908 = CARTESIAN_POINT('',(38.,-38.,-2.));
#3909 = DIRECTION('',(-2.449293598295E-16,-1.,0.));
#3910 = DIRECTION('',(1.,-2.449293598295E-16,0.));
#3911 = PCURVE('',#156,#3912);
#3912 = DEFINITIONAL_REPRESENTATION('',(#3913),#3917);
#3913 = LINE('',#3914,#3915);
#3914 = CARTESIAN_POINT('',(0.,-6.28318530718));
#3915 = VECTOR('',#3916,1.);
#3916 = DIRECTION('',(0.,1.));
#3917 = ( GEOMETRIC_REPRESENTATION_CONTEXT(2) 
PARAMETRIC_REPRESENTATION_CONTEXT() REPRESENTATION_CONTEXT('2D SPACE',''
  ) );
#3918 = PCURVE('',#156,#3919);
#3919 = DEFINITIONAL_REPRESENTATION('',(#3920),#3924);
#3920 = LINE('',#3921,#3922);
#3921 = CARTESIAN_POINT('',(6.28318530718,-6.28318530718));
#3922 = VECTOR('',#3923,1.);
#3923 = DIRECTION('',(0.,1.));
#3924 = ( GEOMETRIC_REPRESENTATION_CONTEXT(2) 
PARAMETRIC_REPRESENTATION_CONTEXT() REPRESENTATION_CONTEXT('2D SPACE',''
  ) );
#3925 = ORIENTED_EDGE('',*,*,#3926,.F.);
#3926 = EDGE_CURVE('',#3927,#3903,#3929,.T.);
#3927 = VERTEX_POINT('',#3928);
#3928 = CARTESIAN_POINT('',(74.657195746538,-42.,-17.5));
#3929 = SURFACE_CURVE('',#3930,(#3943,#3959),.PCURVE_S1.);
#3930 = B_SPLINE_CURVE_WITH_KNOTS('',6,(#3931,#3932,#3933,#3934,#3935,
    #3936,#3937,#3938,#3939,#3940,#3941,#3942),.UNSPECIFIED.,.F.,.F.,(7,
    5,7),(0.,0.368313150484,1.),.UNSPECIFIED.);
#3931 = CARTESIAN_POINT('',(74.657195746538,-42.,-17.5));
#3932 = CARTESIAN_POINT('',(74.343477089294,-42.,-18.24193846631));
#3933 = CARTESIAN_POINT('',(74.017667638589,-41.95596218578,
    -18.97359920928));
#3934 = CARTESIAN_POINT('',(73.681110830732,-41.87017417279,
    -19.69232729952));
#3935 = CARTESIAN_POINT('',(73.335035759565,-41.74495179788,
    -20.39590493301));
#3936 = CARTESIAN_POINT('',(72.980549783814,-41.58255858774,
    -21.08252984055));
#3937 = CARTESIAN_POINT('',(71.997858124517,-41.04642961595,
    -22.89685255734));
#3938 = CARTESIAN_POINT('',(71.355374924398,-40.60471008296,
    -23.98850151943));
#3939 = CARTESIAN_POINT('',(70.695736389474,-40.07049054355,
    -25.01907285015));
#3940 = CARTESIAN_POINT('',(70.023072995761,-39.4531038424,
    -25.98328456595));
#3941 = CARTESIAN_POINT('',(69.341113709749,-38.7608746286,-26.877330174
    ));
#3942 = CARTESIAN_POINT('',(68.653071463676,-38.,-27.69803902718));
#3943 = PCURVE('',#156,#3944);
#3944 = DEFINITIONAL_REPRESENTATION('',(#3945),#3958);
#3945 = B_SPLINE_CURVE_WITH_KNOTS('',6,(#3946,#3947,#3948,#3949,#3950,
    #3951,#3952,#3953,#3954,#3955,#3956,#3957),.UNSPECIFIED.,.F.,.F.,(7,
    5,7),(0.,0.368313150484,1.),.UNSPECIFIED.);
#3946 = CARTESIAN_POINT('',(6.174496237682,-0.39791816196));
#3947 = CARTESIAN_POINT('',(6.173573366103,-0.41803864275));
#3948 = CARTESIAN_POINT('',(6.173783401425,-0.438084605767));
#3949 = CARTESIAN_POINT('',(6.175109842754,-0.457995880361));
#3950 = CARTESIAN_POINT('',(6.177542041424,-0.477719296539));
#3951 = CARTESIAN_POINT('',(6.181075345774,-0.497207653535));
#3952 = CARTESIAN_POINT('',(6.19366601106,-0.549367766065));
#3953 = CARTESIAN_POINT('',(6.204864312677,-0.581491390243));
#3954 = CARTESIAN_POINT('',(6.219322467028,-0.612593757507));
#3955 = CARTESIAN_POINT('',(6.237117675611,-0.642472806117));
#3956 = CARTESIAN_POINT('',(6.258363173792,-0.670918222525));
#3957 = CARTESIAN_POINT('',(6.28318530718,-0.697692337287));
#3958 = ( GEOMETRIC_REPRESENTATION_CONTEXT(2) 
PARAMETRIC_REPRESENTATION_CONTEXT() REPRESENTATION_CONTEXT('2D SPACE',''
  ) );
#3959 = PCURVE('',#3960,#3965);
#3960 = CYLINDRICAL_SURFACE('',#3961,15.);
#3961 = AXIS2_PLACEMENT_3D('',#3962,#3963,#3964);
#3962 = CARTESIAN_POINT('',(43.,-27.,-17.5));
#3963 = DIRECTION('',(1.,0.,-0.));
#3964 = DIRECTION('',(0.,-1.,0.));
#3965 = DEFINITIONAL_REPRESENTATION('',(#3966),#3979);
#3966 = B_SPLINE_CURVE_WITH_KNOTS('',6,(#3967,#3968,#3969,#3970,#3971,
    #3972,#3973,#3974,#3975,#3976,#3977,#3978),.UNSPECIFIED.,.F.,.F.,(7,
    5,7),(0.,0.368313150484,1.),.UNSPECIFIED.);
#3967 = CARTESIAN_POINT('',(0.,31.657195746538));
#3968 = CARTESIAN_POINT('',(4.94625644212E-02,31.343477089294));
#3969 = CARTESIAN_POINT('',(9.823995122669E-02,31.017667638589));
#3970 = CARTESIAN_POINT('',(0.146372960383,30.681110830732));
#3971 = CARTESIAN_POINT('',(0.193901481441,30.335035759565));
#3972 = CARTESIAN_POINT('',(0.24086797701,29.980549783814));
#3973 = CARTESIAN_POINT('',(0.366993156363,28.997858124517));
#3974 = CARTESIAN_POINT('',(0.445131706702,28.355374924398));
#3975 = CARTESIAN_POINT('',(0.522021787978,27.695736389474));
#3976 = CARTESIAN_POINT('',(0.597890298971,27.023072995761));
#3977 = CARTESIAN_POINT('',(0.672974453926,26.341113709749));
#3978 = CARTESIAN_POINT('',(0.747584349669,25.653071463676));
#3979 = ( GEOMETRIC_REPRESENTATION_CONTEXT(2) 
PARAMETRIC_REPRESENTATION_CONTEXT() REPRESENTATION_CONTEXT('2D SPACE',''
  ) );
#3980 = ORIENTED_EDGE('',*,*,#3981,.F.);
#3981 = EDGE_CURVE('',#3982,#3927,#3984,.T.);
#3982 = VERTEX_POINT('',#3983);
#3983 = CARTESIAN_POINT('',(77.796356617158,-42.,-2.5));
#3984 = SURFACE_CURVE('',#3985,(#3990,#4002),.PCURVE_S1.);
#3985 = CIRCLE('',#3986,39.799497484265);
#3986 = AXIS2_PLACEMENT_3D('',#3987,#3988,#3989);
#3987 = CARTESIAN_POINT('',(38.,-42.,-2.));
#3988 = DIRECTION('',(-0.,1.,0.));
#3989 = DIRECTION('',(0.,0.,1.));
#3990 = PCURVE('',#156,#3991);
#3991 = DEFINITIONAL_REPRESENTATION('',(#3992),#4001);
#3992 = B_SPLINE_CURVE_WITH_KNOTS('',7,(#3993,#3994,#3995,#3996,#3997,
    #3998,#3999,#4000),.UNSPECIFIED.,.F.,.F.,(8,8),(1.583359629975,
    1.970833035945),.PIECEWISE_BEZIER_KNOTS.);
#3993 = CARTESIAN_POINT('',(6.183010033237,-1.250032554372E-02));
#3994 = CARTESIAN_POINT('',(6.182940830744,-6.757616366768E-02));
#3995 = CARTESIAN_POINT('',(6.182515820278,-0.122651555047));
#3996 = CARTESIAN_POINT('',(6.181733253268,-0.177723740165));
#3997 = CARTESIAN_POINT('',(6.180578357408,-0.232789940028));
#3998 = CARTESIAN_POINT('',(6.179022403739,-0.287847057098));
#3999 = CARTESIAN_POINT('',(6.177020162896,-0.34289144972));
#4000 = CARTESIAN_POINT('',(6.174496237682,-0.39791816196));
#4001 = ( GEOMETRIC_REPRESENTATION_CONTEXT(2) 
PARAMETRIC_REPRESENTATION_CONTEXT() REPRESENTATION_CONTEXT('2D SPACE',''
  ) );
#4002 = PCURVE('',#4003,#4008);
#4003 = PLANE('',#4004);
#4004 = AXIS2_PLACEMENT_3D('',#4005,#4006,#4007);
#4005 = CARTESIAN_POINT('',(43.,-42.,-32.5));
#4006 = DIRECTION('',(-0.,1.,0.));
#4007 = DIRECTION('',(0.,0.,1.));
#4008 = DEFINITIONAL_REPRESENTATION('',(#4009),#4013);
#4009 = CIRCLE('',#4010,39.799497484265);
#4010 = AXIS2_PLACEMENT_2D('',#4011,#4012);
#4011 = CARTESIAN_POINT('',(30.5,-5.));
#4012 = DIRECTION('',(1.,0.));
#4013 = ( GEOMETRIC_REPRESENTATION_CONTEXT(2) 
PARAMETRIC_REPRESENTATION_CONTEXT() REPRESENTATION_CONTEXT('2D SPACE',''
  ) );
#4014 = ORIENTED_EDGE('',*,*,#4015,.T.);
#4015 = EDGE_CURVE('',#3982,#4016,#4018,.T.);
#4016 = VERTEX_POINT('',#4017);
#4017 = CARTESIAN_POINT('',(76.80654634243,-38.,7.698039027186));
#4018 = SURFACE_CURVE('',#4019,(#4034,#4052),.PCURVE_S1.);
#4019 = B_SPLINE_CURVE_WITH_KNOTS('',7,(#4020,#4021,#4022,#4023,#4024,
    #4025,#4026,#4027,#4028,#4029,#4030,#4031,#4032,#4033),
  .UNSPECIFIED.,.F.,.F.,(8,6,8),(0.,0.684334244481,1.),.UNSPECIFIED.);
#4020 = CARTESIAN_POINT('',(77.796356617158,-42.,-2.5));
#4021 = CARTESIAN_POINT('',(77.810277419802,-42.,-1.392005547189));
#4022 = CARTESIAN_POINT('',(77.797812985343,-41.90451538437,
    -0.282968051561));
#4023 = CARTESIAN_POINT('',(77.75876120062,-41.7132270139,0.814946905874
    ));
#4024 = CARTESIAN_POINT('',(77.693495868905,-41.42825528457,
    1.890544719142));
#4025 = CARTESIAN_POINT('',(77.602741089983,-41.0533647556,2.93342646237
    ));
#4026 = CARTESIAN_POINT('',(77.487575310191,-40.59388979342,
    3.933975360878));
#4027 = CARTESIAN_POINT('',(77.285871494573,-39.80928033918,
    5.321477631473));
#4028 = CARTESIAN_POINT('',(77.217320586933,-39.54506845457,
    5.748704736575));
#4029 = CARTESIAN_POINT('',(77.144028369782,-39.26496974884,
    6.164374333241));
#4030 = CARTESIAN_POINT('',(77.066143508366,-38.96967556141,
    6.567763641552));
#4031 = CARTESIAN_POINT('',(76.983823570705,-38.65991104933,
    6.958219704284));
#4032 = CARTESIAN_POINT('',(76.897233875897,-38.33642839268,
    7.335154328507));
#4033 = CARTESIAN_POINT('',(76.80654634243,-38.,7.698039027186));
#4034 = PCURVE('',#156,#4035);
#4035 = DEFINITIONAL_REPRESENTATION('',(#4036),#4051);
#4036 = B_SPLINE_CURVE_WITH_KNOTS('',7,(#4037,#4038,#4039,#4040,#4041,
    #4042,#4043,#4044,#4045,#4046,#4047,#4048,#4049,#4050),
  .UNSPECIFIED.,.F.,.F.,(8,6,8),(0.,0.684334244481,1.),.UNSPECIFIED.);
#4037 = CARTESIAN_POINT('',(6.183010033237,-1.250032554372E-02));
#4038 = CARTESIAN_POINT('',(6.183044840682,1.520170008186E-02));
#4039 = CARTESIAN_POINT('',(6.185388982511,4.291861140469E-02));
#4040 = CARTESIAN_POINT('',(6.190046645637,7.03809476022E-02));
#4041 = CARTESIAN_POINT('',(6.196988902404,9.734435917484E-02));
#4042 = CARTESIAN_POINT('',(6.206173223644,0.123576593622));
#4043 = CARTESIAN_POINT('',(6.217533712598,0.148850781092));
#4044 = CARTESIAN_POINT('',(6.237151632881,0.184063653754));
#4045 = CARTESIAN_POINT('',(6.243785057452,0.194931259928));
#4046 = CARTESIAN_POINT('',(6.250849505032,0.205530965506));
#4047 = CARTESIAN_POINT('',(6.25833424994,0.215843969693));
#4048 = CARTESIAN_POINT('',(6.266227429204,0.225852609367));
#4049 = CARTESIAN_POINT('',(6.274515935015,0.235540288822));
#4050 = CARTESIAN_POINT('',(6.28318530718,0.244891409519));
#4051 = ( GEOMETRIC_REPRESENTATION_CONTEXT(2) 
PARAMETRIC_REPRESENTATION_CONTEXT() REPRESENTATION_CONTEXT('2D SPACE',''
  ) );
#4052 = PCURVE('',#4053,#4058);
#4053 = CYLINDRICAL_SURFACE('',#4054,15.);
#4054 = AXIS2_PLACEMENT_3D('',#4055,#4056,#4057);
#4055 = CARTESIAN_POINT('',(43.,-27.,-2.5));
#4056 = DIRECTION('',(1.,0.,-0.));
#4057 = DIRECTION('',(0.,-1.,0.));
#4058 = DEFINITIONAL_REPRESENTATION('',(#4059),#4074);
#4059 = B_SPLINE_CURVE_WITH_KNOTS('',7,(#4060,#4061,#4062,#4063,#4064,
    #4065,#4066,#4067,#4068,#4069,#4070,#4071,#4072,#4073),
  .UNSPECIFIED.,.F.,.F.,(8,6,8),(0.,0.684334244481,1.),.UNSPECIFIED.);
#4060 = CARTESIAN_POINT('',(0.,34.796356617158));
#4061 = CARTESIAN_POINT('',(-7.38662968541E-02,34.810277419802));
#4062 = CARTESIAN_POINT('',(-0.147802118765,34.797812985343));
#4063 = CARTESIAN_POINT('',(-0.221654804118,34.75876120062));
#4064 = CARTESIAN_POINT('',(-0.295341501249,34.693495868905));
#4065 = CARTESIAN_POINT('',(-0.368791136406,34.602741089983));
#4066 = CARTESIAN_POINT('',(-0.441931827265,34.487575310191));
#4067 = CARTESIAN_POINT('',(-0.548197208825,34.285871494573));
#4068 = CARTESIAN_POINT('',(-0.58165982362,34.217320586933));
#4069 = CARTESIAN_POINT('',(-0.615034764541,34.144028369782));
#4070 = CARTESIAN_POINT('',(-0.648317636128,34.066143508366));
#4071 = CARTESIAN_POINT('',(-0.681505175154,33.983823570705));
#4072 = CARTESIAN_POINT('',(-0.714594831607,33.897233875897));
#4073 = CARTESIAN_POINT('',(-0.747584349669,33.80654634243));
#4074 = ( GEOMETRIC_REPRESENTATION_CONTEXT(2) 
PARAMETRIC_REPRESENTATION_CONTEXT() REPRESENTATION_CONTEXT('2D SPACE',''
  ) );
#4075 = ORIENTED_EDGE('',*,*,#4076,.T.);
#4076 = EDGE_CURVE('',#4016,#4077,#4079,.T.);
#4077 = VERTEX_POINT('',#4078);
#4078 = CARTESIAN_POINT('',(66.795628691013,-38.,25.763497047189));
#4079 = SEAM_CURVE('',#4080,(#4085,#4092),.PCURVE_S1.);
#4080 = CIRCLE('',#4081,40.);
#4081 = AXIS2_PLACEMENT_3D('',#4082,#4083,#4084);
#4082 = CARTESIAN_POINT('',(38.,-38.,-2.));
#4083 = DIRECTION('',(-2.449293598295E-16,-1.,0.));
#4084 = DIRECTION('',(1.,-2.449293598295E-16,0.));
#4085 = PCURVE('',#156,#4086);
#4086 = DEFINITIONAL_REPRESENTATION('',(#4087),#4091);
#4087 = LINE('',#4088,#4089);
#4088 = CARTESIAN_POINT('',(0.,-6.28318530718));
#4089 = VECTOR('',#4090,1.);
#4090 = DIRECTION('',(0.,1.));
#4091 = ( GEOMETRIC_REPRESENTATION_CONTEXT(2) 
PARAMETRIC_REPRESENTATION_CONTEXT() REPRESENTATION_CONTEXT('2D SPACE',''
  ) );
#4092 = PCURVE('',#156,#4093);
#4093 = DEFINITIONAL_REPRESENTATION('',(#4094),#4098);
#4094 = LINE('',#4095,#4096);
#4095 = CARTESIAN_POINT('',(6.28318530718,-6.28318530718));
#4096 = VECTOR('',#4097,1.);
#4097 = DIRECTION('',(0.,1.));
#4098 = ( GEOMETRIC_REPRESENTATION_CONTEXT(2) 
PARAMETRIC_REPRESENTATION_CONTEXT() REPRESENTATION_CONTEXT('2D SPACE',''
  ) );
#4099 = ORIENTED_EDGE('',*,*,#4100,.F.);
#4100 = EDGE_CURVE('',#4101,#4077,#4103,.T.);
#4101 = VERTEX_POINT('',#4102);
#4102 = CARTESIAN_POINT('',(71.948631603348,-48.,16.641094717321));
#4103 = SURFACE_CURVE('',#4104,(#4109,#4122),.PCURVE_S1.);
#4104 = CIRCLE('',#4105,15.31607033746);
#4105 = AXIS2_PLACEMENT_3D('',#4106,#4107,#4108);
#4106 = CARTESIAN_POINT('',(59.502645502646,-51.43915343915,
    24.878306878307));
#4107 = DIRECTION('',(0.581914373963,-0.363696483727,0.727392967453));
#4108 = DIRECTION('',(-0.780868809443,-2.775557561563E-17,0.624695047554
    ));
#4109 = PCURVE('',#156,#4110);
#4110 = DEFINITIONAL_REPRESENTATION('',(#4111),#4121);
#4111 = B_SPLINE_CURVE_WITH_KNOTS('',8,(#4112,#4113,#4114,#4115,#4116,
    #4117,#4118,#4119,#4120),.UNSPECIFIED.,.F.,.F.,(9,9),(3.385043717688
    ,4.370021013459),.PIECEWISE_BEZIER_KNOTS.);
#4112 = CARTESIAN_POINT('',(5.996724311932,0.484795425697));
#4113 = CARTESIAN_POINT('',(6.043418087685,0.507505374199));
#4114 = CARTESIAN_POINT('',(6.088052059717,0.534558086475));
#4115 = CARTESIAN_POINT('',(6.130141589059,0.565654680256));
#4116 = CARTESIAN_POINT('',(6.169204763082,0.600426585805));
#4117 = CARTESIAN_POINT('',(6.204739742512,0.638452814304));
#4118 = CARTESIAN_POINT('',(6.236161381076,0.679270197105));
#4119 = CARTESIAN_POINT('',(6.262705616035,0.722372371411));
#4120 = CARTESIAN_POINT('',(6.28318530718,0.767151468789));
#4121 = ( GEOMETRIC_REPRESENTATION_CONTEXT(2) 
PARAMETRIC_REPRESENTATION_CONTEXT() REPRESENTATION_CONTEXT('2D SPACE',''
  ) );
#4122 = PCURVE('',#4123,#4128);
#4123 = SPHERICAL_SURFACE('',#4124,18.);
#4124 = AXIS2_PLACEMENT_3D('',#4125,#4126,#4127);
#4125 = CARTESIAN_POINT('',(54.,-48.,18.));
#4126 = DIRECTION('',(0.,0.,1.));
#4127 = DIRECTION('',(1.,0.,-0.));
#4128 = DEFINITIONAL_REPRESENTATION('',(#4129),#4142);
#4129 = B_SPLINE_CURVE_WITH_KNOTS('',6,(#4130,#4131,#4132,#4133,#4134,
    #4135,#4136,#4137,#4138,#4139,#4140,#4141),.UNSPECIFIED.,.F.,.F.,(7,
    5,7),(3.385043717688,3.877532365573,4.370021013459),.UNSPECIFIED.);
#4130 = CARTESIAN_POINT('',(1.583502857405E-15,-7.556663562896E-02));
#4131 = CARTESIAN_POINT('',(6.332174194197E-02,-4.571390404375E-02));
#4132 = CARTESIAN_POINT('',(0.124750969229,-1.22317318702E-02));
#4133 = CARTESIAN_POINT('',(0.184221619006,2.452873935417E-02));
#4134 = CARTESIAN_POINT('',(0.241815545445,6.419898842309E-02));
#4135 = CARTESIAN_POINT('',(0.297713010702,0.106438361339));
#4136 = CARTESIAN_POINT('',(0.406618755785,0.195430449827));
#4137 = CARTESIAN_POINT('',(0.45962721678,0.242183189384));
#4138 = CARTESIAN_POINT('',(0.511443224426,0.290880259138));
#4139 = CARTESIAN_POINT('',(0.562396001752,0.341238441109));
#4140 = CARTESIAN_POINT('',(0.612866816428,0.393005444576));
#4141 = CARTESIAN_POINT('',(0.663368708146,0.445939165917));
#4142 = ( GEOMETRIC_REPRESENTATION_CONTEXT(2) 
PARAMETRIC_REPRESENTATION_CONTEXT() REPRESENTATION_CONTEXT('2D SPACE',''
  ) );
#4143 = ORIENTED_EDGE('',*,*,#4144,.F.);
#4144 = EDGE_CURVE('',#4145,#4101,#4147,.T.);
#4145 = VERTEX_POINT('',#4146);
#4146 = CARTESIAN_POINT('',(58.765346918743,-38.,32.187722465006));
#4147 = SURFACE_CURVE('',#4148,(#4153,#4229),.PCURVE_S1.);
#4148 = CIRCLE('',#4149,15.31607033746);
#4149 = AXIS2_PLACEMENT_3D('',#4150,#4151,#4152);
#4150 = CARTESIAN_POINT('',(59.502645502646,-51.43915343915,
    24.878306878307));
#4151 = DIRECTION('',(0.581914373963,-0.363696483727,0.727392967453));
#4152 = DIRECTION('',(-0.780868809443,-2.775557561563E-17,0.624695047554
    ));
#4153 = PCURVE('',#156,#4154);
#4154 = DEFINITIONAL_REPRESENTATION('',(#4155),#4228);
#4155 = B_SPLINE_CURVE_WITH_KNOTS('',8,(#4156,#4157,#4158,#4159,#4160,
    #4161,#4162,#4163,#4164,#4165,#4166,#4167,#4168,#4169,#4170,#4171,
    #4172,#4173,#4174,#4175,#4176,#4177,#4178,#4179,#4180,#4181,#4182,
    #4183,#4184,#4185,#4186,#4187,#4188,#4189,#4190,#4191,#4192,#4193,
    #4194,#4195,#4196,#4197,#4198,#4199,#4200,#4201,#4202,#4203,#4204,
    #4205,#4206,#4207,#4208,#4209,#4210,#4211,#4212,#4213,#4214,#4215,
    #4216,#4217,#4218,#4219,#4220,#4221,#4222,#4223,#4224,#4225,#4226,
    #4227),.UNSPECIFIED.,.F.,.F.,(9,7,7,7,7,7,7,7,7,7,9),(5.054756947311
    ,5.343098952158,5.613419581702,5.8668451719,6.10443166271,
    6.327168997845,6.744801501223,7.110229941679,7.749729712476,
    8.708979368672,9.668229024867),.UNSPECIFIED.);
#4156 = CARTESIAN_POINT('',(6.28318530718,1.024959300354));
#4157 = CARTESIAN_POINT('',(6.274871643141,1.038067922013));
#4158 = CARTESIAN_POINT('',(6.265187008017,1.050977263682));
#4159 = CARTESIAN_POINT('',(6.254033000527,1.06364761242));
#4160 = CARTESIAN_POINT('',(6.241305592276,1.076034999304));
#4161 = CARTESIAN_POINT('',(6.226897209393,1.088090679883));
#4162 = CARTESIAN_POINT('',(6.210701070998,1.099760456548));
#4163 = CARTESIAN_POINT('',(6.192619973614,1.110984449444));
#4164 = CARTESIAN_POINT('',(6.153795839115,1.131741803662));
#4165 = CARTESIAN_POINT('',(6.133289819132,1.141336989236));
#4166 = CARTESIAN_POINT('',(6.111003999964,1.150430127543));
#4167 = CARTESIAN_POINT('',(6.086898480939,1.158964200286));
#4168 = CARTESIAN_POINT('',(6.060962423258,1.166879007253));
#4169 = CARTESIAN_POINT('',(6.033230843307,1.174112873478));
#4170 = CARTESIAN_POINT('',(6.003799690526,1.180605618868));
#4171 = CARTESIAN_POINT('',(5.943795940084,1.191643965835));
#4172 = CARTESIAN_POINT('',(5.913409594726,1.196285897751));
#4173 = CARTESIAN_POINT('',(5.881803831744,1.200183779516));
#4174 = CARTESIAN_POINT('',(5.849160452627,1.203297130189));
#4175 = CARTESIAN_POINT('',(5.815715219602,1.205592763159));
#4176 = CARTESIAN_POINT('',(5.781746845932,1.207048094578));
#4177 = CARTESIAN_POINT('',(5.747555544007,1.207653321631));
#4178 = CARTESIAN_POINT('',(5.681450308816,1.207183747597));
#4179 = CARTESIAN_POINT('',(5.649527654667,1.206211585048));
#4180 = CARTESIAN_POINT('',(5.617912201865,1.20449656528));
#4181 = CARTESIAN_POINT('',(5.586845012878,1.202050318113));
#4182 = CARTESIAN_POINT('',(5.556545933783,1.19889392933));
#4183 = CARTESIAN_POINT('',(5.527199738925,1.195056189707));
#4184 = CARTESIAN_POINT('',(5.498949751322,1.190571179401));
#4185 = CARTESIAN_POINT('',(5.446543652762,1.180699641891));
#4186 = CARTESIAN_POINT('',(5.422242002891,1.175386980114));
#4187 = CARTESIAN_POINT('',(5.399083297702,1.169568932316));
#4188 = CARTESIAN_POINT('',(5.377124565568,1.163278730442));
#4189 = CARTESIAN_POINT('',(5.356394675177,1.156550542893));
#4190 = CARTESIAN_POINT('',(5.336899560014,1.149418269712));
#4191 = CARTESIAN_POINT('',(5.318628371611,1.141914736719));
#4192 = CARTESIAN_POINT('',(5.269550716087,1.119364919884));
#4193 = CARTESIAN_POINT('',(5.241764721154,1.103463599822));
#4194 = CARTESIAN_POINT('',(5.218047377502,1.086574303213));
#4195 = CARTESIAN_POINT('',(5.198092561796,1.068885361076));
#4196 = CARTESIAN_POINT('',(5.181557745314,1.050558236306));
#4197 = CARTESIAN_POINT('',(5.16811475961,1.031730052771));
#4198 = CARTESIAN_POINT('',(5.157462925241,1.012519659986));
#4199 = CARTESIAN_POINT('',(5.142219950066,0.975976513702));
#4200 = CARTESIAN_POINT('',(5.137037675502,0.958709231266));
#4201 = CARTESIAN_POINT('',(5.133606364049,0.941297172971));
#4202 = CARTESIAN_POINT('',(5.131764758296,0.923800304343));
#4203 = CARTESIAN_POINT('',(5.13137191391,0.906271485917));
#4204 = CARTESIAN_POINT('',(5.132305230533,0.888758034894));
#4205 = CARTESIAN_POINT('',(5.134457377909,0.871302908152));
#4206 = CARTESIAN_POINT('',(5.143469192319,0.823570129329));
#4207 = CARTESIAN_POINT('',(5.15264891409,0.793494099433));
#4208 = CARTESIAN_POINT('',(5.164769683503,0.763928729088));
#4209 = CARTESIAN_POINT('',(5.179452190267,0.735052472904));
#4210 = CARTESIAN_POINT('',(5.196401324317,0.70702456218));
#4211 = CARTESIAN_POINT('',(5.215378357543,0.67999144683));
#4212 = CARTESIAN_POINT('',(5.236182458892,0.654089142524));
#4213 = CARTESIAN_POINT('',(5.292322116503,0.592477669079));
#4214 = CARTESIAN_POINT('',(5.329722318294,0.558340635221));
#4215 = CARTESIAN_POINT('',(5.37024735737,0.527461597956));
#4216 = CARTESIAN_POINT('',(5.413432782988,0.500221996863));
#4217 = CARTESIAN_POINT('',(5.458848242571,0.476963038126));
#4218 = CARTESIAN_POINT('',(5.506054845194,0.45797170605));
#4219 = CARTESIAN_POINT('',(5.554595276091,0.443461541065));
#4220 = CARTESIAN_POINT('',(5.653402781308,0.42366528416));
#4221 = CARTESIAN_POINT('',(5.703669878638,0.418379190175));
#4222 = CARTESIAN_POINT('',(5.754329894906,0.417835958307));
#4223 = CARTESIAN_POINT('',(5.804899752235,0.422083696725));
#4224 = CARTESIAN_POINT('',(5.854888835289,0.431077884131));
#4225 = CARTESIAN_POINT('',(5.903822445164,0.444680763589));
#4226 = CARTESIAN_POINT('',(5.951250179148,0.462678661801));
#4227 = CARTESIAN_POINT('',(5.996724311932,0.484795425697));
#4228 = ( GEOMETRIC_REPRESENTATION_CONTEXT(2) 
PARAMETRIC_REPRESENTATION_CONTEXT() REPRESENTATION_CONTEXT('2D SPACE',''
  ) );
#4229 = PCURVE('',#4123,#4230);
#4230 = DEFINITIONAL_REPRESENTATION('',(#4231),#4318);
#4231 = B_SPLINE_CURVE_WITH_KNOTS('',8,(#4232,#4233,#4234,#4235,#4236,
    #4237,#4238,#4239,#4240,#4241,#4242,#4243,#4244,#4245,#4246,#4247,
    #4248,#4249,#4250,#4251,#4252,#4253,#4254,#4255,#4256,#4257,#4258,
    #4259,#4260,#4261,#4262,#4263,#4264,#4265,#4266,#4267,#4268,#4269,
    #4270,#4271,#4272,#4273,#4274,#4275,#4276,#4277,#4278,#4279,#4280,
    #4281,#4282,#4283,#4284,#4285,#4286,#4287,#4288,#4289,#4290,#4291,
    #4292,#4293,#4294,#4295,#4296,#4297,#4298,#4299,#4300,#4301,#4302,
    #4303,#4304,#4305,#4306,#4307,#4308,#4309,#4310,#4311,#4312,#4313,
    #4314,#4315,#4316,#4317),.UNSPECIFIED.,.F.,.F.,(9,7,7,7,7,7,7,7,7,7,
    7,7,9),(5.054756947311,5.343098952158,5.613419581702,5.740132376801,
    5.862885397053,5.981802385422,6.212204050388,6.428205611293,
    6.83320853799,7.541963659709,8.073530000999,8.870879512933,
    9.668229024867),.UNSPECIFIED.);
#4232 = CARTESIAN_POINT('',(1.126096564523,0.907889713957));
#4233 = CARTESIAN_POINT('',(1.155914118052,0.932462751331));
#4234 = CARTESIAN_POINT('',(1.187012662137,0.956939998936));
#4235 = CARTESIAN_POINT('',(1.21960220331,0.981283349702));
#4236 = CARTESIAN_POINT('',(1.253936546644,1.005447984569));
#4237 = CARTESIAN_POINT('',(1.290323304328,1.029379704085));
#4238 = CARTESIAN_POINT('',(1.329145300102,1.053011457587));
#4239 = CARTESIAN_POINT('',(1.370886767434,1.076256991846));
#4240 = CARTESIAN_POINT('',(1.458599275408,1.120320680919));
#4241 = CARTESIAN_POINT('',(1.504142910413,1.141199751352));
#4242 = CARTESIAN_POINT('',(1.553290484199,1.161540455968));
#4243 = CARTESIAN_POINT('',(1.606641458111,1.181223313931));
#4244 = CARTESIAN_POINT('',(1.664898914665,1.200095793582));
#4245 = CARTESIAN_POINT('',(1.728878390064,1.21796498341));
#4246 = CARTESIAN_POINT('',(1.799440476781,1.234573044619));
#4247 = CARTESIAN_POINT('',(1.913440055469,1.256667139719));
#4248 = CARTESIAN_POINT('',(1.951373001697,1.263374517768));
#4249 = CARTESIAN_POINT('',(1.990904857366,1.269706638951));
#4250 = CARTESIAN_POINT('',(2.032065593227,1.275629991632));
#4251 = CARTESIAN_POINT('',(2.074858223895,1.281109234107));
#4252 = CARTESIAN_POINT('',(2.119245449875,1.286108257533));
#4253 = CARTESIAN_POINT('',(2.165138230476,1.290591924012));
#4254 = CARTESIAN_POINT('',(2.258171957871,1.298341950884));
#4255 = CARTESIAN_POINT('',(2.305229126761,1.301641971114));
#4256 = CARTESIAN_POINT('',(2.353434697537,1.304399600865));
#4257 = CARTESIAN_POINT('',(2.402611925091,1.306588827411));
#4258 = CARTESIAN_POINT('',(2.452533628137,1.308188469857));
#4259 = CARTESIAN_POINT('',(2.502933237187,1.309184306908));
#4260 = CARTESIAN_POINT('',(2.553525272853,1.309570442337));
#4261 = CARTESIAN_POINT('',(2.652955823529,1.309134393584));
#4262 = CARTESIAN_POINT('',(2.701799673055,1.308349593047));
#4263 = CARTESIAN_POINT('',(2.750306595968,1.306996461362));
#4264 = CARTESIAN_POINT('',(2.798225306431,1.305083948363));
#4265 = CARTESIAN_POINT('',(2.845328631415,1.302627945772));
#4266 = CARTESIAN_POINT('',(2.891428218779,1.299649883229));
#4267 = CARTESIAN_POINT('',(2.936380790644,1.296174836398));
#4268 = CARTESIAN_POINT('',(3.0647576338,1.284586764861));
#4269 = CARTESIAN_POINT('',(3.144740229016,1.275179895214));
#4270 = CARTESIAN_POINT('',(3.219283990373,1.264206693801));
#4271 = CARTESIAN_POINT('',(3.288225604752,1.251894756396));
#4272 = CARTESIAN_POINT('',(3.351898409261,1.238454830885));
#4273 = CARTESIAN_POINT('',(3.410736188,1.224062963915));
#4274 = CARTESIAN_POINT('',(3.465225946351,1.208867571069));
#4275 = CARTESIAN_POINT('',(3.563276125555,1.178107537781));
#4276 = CARTESIAN_POINT('',(3.607306835621,1.162625339028));
#4277 = CARTESIAN_POINT('',(3.648308958612,1.146646133285));
#4278 = CARTESIAN_POINT('',(3.686652904211,1.130251722068));
#4279 = CARTESIAN_POINT('',(3.722663724519,1.113508117559));
#4280 = CARTESIAN_POINT('',(3.75661977802,1.096469306273));
#4281 = CARTESIAN_POINT('',(3.788762597822,1.07918035063));
#4282 = CARTESIAN_POINT('',(3.876554970112,1.028864302341));
#4283 = CARTESIAN_POINT('',(3.928163691333,0.995303213588));
#4284 = CARTESIAN_POINT('',(3.975491708474,0.961245634787));
#4285 = CARTESIAN_POINT('',(4.019490075552,0.926853788822));
#4286 = CARTESIAN_POINT('',(4.060841639446,0.892249060958));
#4287 = CARTESIAN_POINT('',(4.100071315855,0.857526392906));
#4288 = CARTESIAN_POINT('',(4.137586457814,0.822764514278));
#4289 = CARTESIAN_POINT('',(4.23694041119,0.727247937156));
#4290 = CARTESIAN_POINT('',(4.29591971034,0.666552209912));
#4291 = CARTESIAN_POINT('',(4.352408888531,0.606307197894));
#4292 = CARTESIAN_POINT('',(4.407412394274,0.546775578076));
#4293 = CARTESIAN_POINT('',(4.461696986586,0.488206369271));
#4294 = CARTESIAN_POINT('',(4.515843515103,0.430842969763));
#4295 = CARTESIAN_POINT('',(4.570342888461,0.374944731433));
#4296 = CARTESIAN_POINT('',(4.667051035224,0.280176739244));
#4297 = CARTESIAN_POINT('',(4.708926344784,0.240543495628));
#4298 = CARTESIAN_POINT('',(4.751403492296,0.202010115114));
#4299 = CARTESIAN_POINT('',(4.794631530463,0.164701383318));
#4300 = CARTESIAN_POINT('',(4.838739932561,0.128750856454));
#4301 = CARTESIAN_POINT('',(4.883838885494,9.430140929491E-02));
#4302 = CARTESIAN_POINT('',(4.930015631022,6.150409321451E-02));
#4303 = CARTESIAN_POINT('',(5.048293691384,-1.596787908492E-02));
#4304 = CARTESIAN_POINT('',(5.121813142598,-5.838193094603E-02));
#4305 = CARTESIAN_POINT('',(5.198077955296,-9.619930051576E-02));
#4306 = CARTESIAN_POINT('',(5.277126360292,-0.128867094226));
#4307 = CARTESIAN_POINT('',(5.358807984998,-0.155832339679));
#4308 = CARTESIAN_POINT('',(5.442688403814,-0.176597003796));
#4309 = CARTESIAN_POINT('',(5.528092328387,-0.190821765253));
#4310 = CARTESIAN_POINT('',(5.700415839711,-0.205883413198));
#4311 = CARTESIAN_POINT('',(5.787335373292,-0.20672027331));
#4312 = CARTESIAN_POINT('',(5.874246138377,-0.200709677753));
#4313 = CARTESIAN_POINT('',(5.96028927109,-0.187882356701));
#4314 = CARTESIAN_POINT('',(6.044642728459,-0.168492105075));
#4315 = CARTESIAN_POINT('',(6.126748781905,-0.142968429848));
#4316 = CARTESIAN_POINT('',(6.206295880008,-0.111815787353));
#4317 = CARTESIAN_POINT('',(6.28318530718,-7.556663562896E-02));
#4318 = ( GEOMETRIC_REPRESENTATION_CONTEXT(2) 
PARAMETRIC_REPRESENTATION_CONTEXT() REPRESENTATION_CONTEXT('2D SPACE',''
  ) );
#4319 = ORIENTED_EDGE('',*,*,#4320,.T.);
#4320 = EDGE_CURVE('',#4145,#4321,#4323,.T.);
#4321 = VERTEX_POINT('',#4322);
#4322 = CARTESIAN_POINT('',(38.,-38.,38.));
#4323 = SEAM_CURVE('',#4324,(#4329,#4336),.PCURVE_S1.);
#4324 = CIRCLE('',#4325,40.);
#4325 = AXIS2_PLACEMENT_3D('',#4326,#4327,#4328);
#4326 = CARTESIAN_POINT('',(38.,-38.,-2.));
#4327 = DIRECTION('',(-2.449293598295E-16,-1.,0.));
#4328 = DIRECTION('',(1.,-2.449293598295E-16,0.));
#4329 = PCURVE('',#156,#4330);
#4330 = DEFINITIONAL_REPRESENTATION('',(#4331),#4335);
#4331 = LINE('',#4332,#4333);
#4332 = CARTESIAN_POINT('',(0.,-6.28318530718));
#4333 = VECTOR('',#4334,1.);
#4334 = DIRECTION('',(0.,1.));
#4335 = ( GEOMETRIC_REPRESENTATION_CONTEXT(2) 
PARAMETRIC_REPRESENTATION_CONTEXT() REPRESENTATION_CONTEXT('2D SPACE',''
  ) );
#4336 = PCURVE('',#156,#4337);
#4337 = DEFINITIONAL_REPRESENTATION('',(#4338),#4342);
#4338 = LINE('',#4339,#4340);
#4339 = CARTESIAN_POINT('',(6.28318530718,-6.28318530718));
#4340 = VECTOR('',#4341,1.);
#4341 = DIRECTION('',(0.,1.));
#4342 = ( GEOMETRIC_REPRESENTATION_CONTEXT(2) 
PARAMETRIC_REPRESENTATION_CONTEXT() REPRESENTATION_CONTEXT('2D SPACE',''
  ) );
#4343 = ORIENTED_EDGE('',*,*,#4320,.F.);
#4344 = ORIENTED_EDGE('',*,*,#4345,.F.);
#4345 = EDGE_CURVE('',#4077,#4145,#4346,.T.);
#4346 = SURFACE_CURVE('',#4347,(#4352,#4370),.PCURVE_S1.);
#4347 = CIRCLE('',#4348,15.31607033746);
#4348 = AXIS2_PLACEMENT_3D('',#4349,#4350,#4351);
#4349 = CARTESIAN_POINT('',(59.502645502646,-51.43915343915,
    24.878306878307));
#4350 = DIRECTION('',(0.581914373963,-0.363696483727,0.727392967453));
#4351 = DIRECTION('',(-0.780868809443,-2.775557561563E-17,0.624695047554
    ));
#4352 = PCURVE('',#156,#4353);
#4353 = DEFINITIONAL_REPRESENTATION('',(#4354),#4369);
#4354 = B_SPLINE_CURVE_WITH_KNOTS('',7,(#4355,#4356,#4357,#4358,#4359,
    #4360,#4361,#4362,#4363,#4364,#4365,#4366,#4367,#4368),
  .UNSPECIFIED.,.F.,.F.,(8,6,8),(4.370021013459,4.712388980385,
    5.054756947311),.UNSPECIFIED.);
#4355 = CARTESIAN_POINT('',(0.,0.767151468789));
#4356 = CARTESIAN_POINT('',(8.135462614776E-03,0.784939758176));
#4357 = CARTESIAN_POINT('',(1.529398344022E-02,0.802998181866));
#4358 = CARTESIAN_POINT('',(2.139577121038E-02,0.821285902236));
#4359 = CARTESIAN_POINT('',(2.634876380558E-02,0.839759061326));
#4360 = CARTESIAN_POINT('',(3.004517708865E-02,0.858370073916));
#4361 = CARTESIAN_POINT('',(3.235729646559E-02,0.877066225092));
#4362 = CARTESIAN_POINT('',(3.390772587565E-02,0.914508919509));
#4363 = CARTESIAN_POINT('',(3.314603450733E-02,0.933255459607));
#4364 = CARTESIAN_POINT('',(3.069493303767E-02,0.951967243904));
#4365 = CARTESIAN_POINT('',(2.637687465242E-02,0.970577017001));
#4366 = CARTESIAN_POINT('',(1.998599537931E-02,0.989008118034));
#4367 = CARTESIAN_POINT('',(1.128157220784E-02,1.007171010966));
#4368 = CARTESIAN_POINT('',(8.881784197001E-16,1.024959300354));
#4369 = ( GEOMETRIC_REPRESENTATION_CONTEXT(2) 
PARAMETRIC_REPRESENTATION_CONTEXT() REPRESENTATION_CONTEXT('2D SPACE',''
  ) );
#4370 = PCURVE('',#4123,#4371);
#4371 = DEFINITIONAL_REPRESENTATION('',(#4372),#4387);
#4372 = B_SPLINE_CURVE_WITH_KNOTS('',7,(#4373,#4374,#4375,#4376,#4377,
    #4378,#4379,#4380,#4381,#4382,#4383,#4384,#4385,#4386),
  .UNSPECIFIED.,.F.,.F.,(8,6,8),(4.370021013459,4.712388980385,
    5.054756947311),.UNSPECIFIED.);
#4373 = CARTESIAN_POINT('',(0.663368708146,0.445939165917));
#4374 = CARTESIAN_POINT('',(0.693461172614,0.477480679995));
#4375 = CARTESIAN_POINT('',(0.723564435372,0.509424935003));
#4376 = CARTESIAN_POINT('',(0.753776941431,0.541725483512));
#4377 = CARTESIAN_POINT('',(0.784211375659,0.574336784433));
#4378 = CARTESIAN_POINT('',(0.814997536416,0.607213463283));
#4379 = CARTESIAN_POINT('',(0.846291656934,0.640308597112));
#4380 = CARTESIAN_POINT('',(0.910292691966,0.706833451017));
#4381 = CARTESIAN_POINT('',(0.94299963549,0.740263168151));
#4382 = CARTESIAN_POINT('',(0.976611783161,0.77380894261));
#4383 = CARTESIAN_POINT('',(1.011370551709,0.807415296271));
#4384 = CARTESIAN_POINT('',(1.047580118522,0.841018839637));
#4385 = CARTESIAN_POINT('',(1.08563439506,0.874544308826));
#4386 = CARTESIAN_POINT('',(1.126096564523,0.907889713957));
#4387 = ( GEOMETRIC_REPRESENTATION_CONTEXT(2) 
PARAMETRIC_REPRESENTATION_CONTEXT() REPRESENTATION_CONTEXT('2D SPACE',''
  ) );
#4388 = ORIENTED_EDGE('',*,*,#4076,.F.);
#4389 = ORIENTED_EDGE('',*,*,#4390,.T.);
#4390 = EDGE_CURVE('',#4016,#4391,#4393,.T.);
#4391 = VERTEX_POINT('',#4392);
#4392 = CARTESIAN_POINT('',(73.619517121938,-27.,12.5));
#4393 = SURFACE_CURVE('',#4394,(#4409,#4427),.PCURVE_S1.);
#4394 = B_SPLINE_CURVE_WITH_KNOTS('',7,(#4395,#4396,#4397,#4398,#4399,
    #4400,#4401,#4402,#4403,#4404,#4405,#4406,#4407,#4408),
  .UNSPECIFIED.,.F.,.F.,(8,6,8),(0.,0.395071527546,1.),.UNSPECIFIED.);
#4395 = CARTESIAN_POINT('',(76.80654634243,-38.,7.698039027186));
#4396 = CARTESIAN_POINT('',(76.674799948324,-37.51125335626,
    8.22522009276));
#4397 = CARTESIAN_POINT('',(76.534402728807,-36.99517601322,
    8.722759187937));
#4398 = CARTESIAN_POINT('',(76.385879536761,-36.45412791079,
    9.189046503957));
#4399 = CARTESIAN_POINT('',(76.229772915388,-35.89051598176,
    9.622787063519));
#4400 = CARTESIAN_POINT('',(76.066636299909,-35.30675548351,
    10.02294876946));
#4401 = CARTESIAN_POINT('',(75.897029751152,-34.70524248957,
    10.388724891826));
#4402 = CARTESIAN_POINT('',(75.452777209794,-33.14374057055,
    11.226006443224));
#4403 = CARTESIAN_POINT('',(75.1702072171,-32.16311094824,
    11.650437061906));
#4404 = CARTESIAN_POINT('',(74.875789567245,-31.15475586751,
    11.99074099536));
#4405 = CARTESIAN_POINT('',(74.571511961364,-30.12672870008,
    12.245870210771));
#4406 = CARTESIAN_POINT('',(74.259368805251,-29.08675453853,
    12.415520072311));
#4407 = CARTESIAN_POINT('',(73.941367221289,-28.04219501132,12.5));
#4408 = CARTESIAN_POINT('',(73.619517121938,-27.,12.5));
#4409 = PCURVE('',#156,#4410);
#4410 = DEFINITIONAL_REPRESENTATION('',(#4411),#4426);
#4411 = B_SPLINE_CURVE_WITH_KNOTS('',7,(#4412,#4413,#4414,#4415,#4416,
    #4417,#4418,#4419,#4420,#4421,#4422,#4423,#4424,#4425),
  .UNSPECIFIED.,.F.,.F.,(8,6,8),(0.,0.395071527546,1.),.UNSPECIFIED.);
#4412 = CARTESIAN_POINT('',(0.,0.244891409519));
#4413 = CARTESIAN_POINT('',(1.259443804727E-02,0.258476258346));
#4414 = CARTESIAN_POINT('',(2.599292610448E-02,0.271351072587));
#4415 = CARTESIAN_POINT('',(4.015137158218E-02,0.283468349475));
#4416 = CARTESIAN_POINT('',(5.50209311503E-02,0.294786381242));
#4417 = CARTESIAN_POINT('',(7.054746418529E-02,0.30526869326));
#4418 = CARTESIAN_POINT('',(8.667155644588E-02,0.314883951831));
#4419 = CARTESIAN_POINT('',(0.128834953123,0.336961953409));
#4420 = CARTESIAN_POINT('',(0.155590062525,0.348223418595));
#4421 = CARTESIAN_POINT('',(0.183368784595,0.357300879414));
#4422 = CARTESIAN_POINT('',(0.211921967592,0.364132057042));
#4423 = CARTESIAN_POINT('',(0.240979936217,0.368682814069));
#4424 = CARTESIAN_POINT('',(0.270269172925,0.370948948875));
#4425 = CARTESIAN_POINT('',(0.299528272866,0.370948948875));
#4426 = ( GEOMETRIC_REPRESENTATION_CONTEXT(2) 
PARAMETRIC_REPRESENTATION_CONTEXT() REPRESENTATION_CONTEXT('2D SPACE',''
  ) );
#4427 = PCURVE('',#4053,#4428);
#4428 = DEFINITIONAL_REPRESENTATION('',(#4429),#4444);
#4429 = B_SPLINE_CURVE_WITH_KNOTS('',7,(#4430,#4431,#4432,#4433,#4434,
    #4435,#4436,#4437,#4438,#4439,#4440,#4441,#4442,#4443),
  .UNSPECIFIED.,.F.,.F.,(8,6,8),(0.,0.395071527546,1.),.UNSPECIFIED.);
#4430 = CARTESIAN_POINT('',(-0.747584349669,33.80654634243));
#4431 = CARTESIAN_POINT('',(-0.795509901085,33.674799948324));
#4432 = CARTESIAN_POINT('',(-0.843225036367,33.534402728807));
#4433 = CARTESIAN_POINT('',(-0.890723923035,33.385879536761));
#4434 = CARTESIAN_POINT('',(-0.938006748821,33.229772915388));
#4435 = CARTESIAN_POINT('',(-0.985077253774,33.066636299909));
#4436 = CARTESIAN_POINT('',(-1.031941477782,32.897029751152));
#4437 = CARTESIAN_POINT('',(-1.150062482395,32.452777209794));
#4438 = CARTESIAN_POINT('',(-1.221048924655,32.1702072171));
#4439 = CARTESIAN_POINT('',(-1.291609979845,31.875789567245));
#4440 = CARTESIAN_POINT('',(-1.361799956112,31.571511961364));
#4441 = CARTESIAN_POINT('',(-1.431679347983,31.259368805251));
#4442 = CARTESIAN_POINT('',(-1.501316659373,30.941367221289));
#4443 = CARTESIAN_POINT('',(-1.570796326795,30.619517121938));
#4444 = ( GEOMETRIC_REPRESENTATION_CONTEXT(2) 
PARAMETRIC_REPRESENTATION_CONTEXT() REPRESENTATION_CONTEXT('2D SPACE',''
  ) );
#4445 = ORIENTED_EDGE('',*,*,#4446,.T.);
#4446 = EDGE_CURVE('',#4391,#22,#4447,.T.);
#4447 = SURFACE_CURVE('',#4448,(#4453,#4460),.PCURVE_S1.);
#4448 = CIRCLE('',#4449,37.279350852717);
#4449 = AXIS2_PLACEMENT_3D('',#4450,#4451,#4452);
#4450 = CARTESIAN_POINT('',(38.,-38.,12.5));
#4451 = DIRECTION('',(0.,0.,1.));
#4452 = DIRECTION('',(1.,0.,-0.));
#4453 = PCURVE('',#156,#4454);
#4454 = DEFINITIONAL_REPRESENTATION('',(#4455),#4459);
#4455 = LINE('',#4456,#4457);
#4456 = CARTESIAN_POINT('',(0.,0.370948948875));
#4457 = VECTOR('',#4458,1.);
#4458 = DIRECTION('',(1.,0.));
#4459 = ( GEOMETRIC_REPRESENTATION_CONTEXT(2) 
PARAMETRIC_REPRESENTATION_CONTEXT() REPRESENTATION_CONTEXT('2D SPACE',''
  ) );
#4460 = PCURVE('',#415,#4461);
#4461 = DEFINITIONAL_REPRESENTATION('',(#4462),#4466);
#4462 = CIRCLE('',#4463,37.279350852717);
#4463 = AXIS2_PLACEMENT_2D('',#4464,#4465);
#4464 = CARTESIAN_POINT('',(-5.,4.));
#4465 = DIRECTION('',(1.,0.));
#4466 = ( GEOMETRIC_REPRESENTATION_CONTEXT(2) 
PARAMETRIC_REPRESENTATION_CONTEXT() REPRESENTATION_CONTEXT('2D SPACE',''
  ) );
#4467 = ORIENTED_EDGE('',*,*,#21,.T.);
#4468 = ORIENTED_EDGE('',*,*,#4469,.F.);
#4469 = EDGE_CURVE('',#4470,#24,#4472,.T.);
#4470 = VERTEX_POINT('',#4471);
#4471 = CARTESIAN_POINT('',(49.,-19.11217323247,-35.5));
#4472 = SURFACE_CURVE('',#4473,(#4536,#4602),.PCURVE_S1.);
#4473 = B_SPLINE_CURVE_WITH_KNOTS('',7,(#4474,#4475,#4476,#4477,#4478,
    #4479,#4480,#4481,#4482,#4483,#4484,#4485,#4486,#4487,#4488,#4489,
    #4490,#4491,#4492,#4493,#4494,#4495,#4496,#4497,#4498,#4499,#4500,
    #4501,#4502,#4503,#4504,#4505,#4506,#4507,#4508,#4509,#4510,#4511,
    #4512,#4513,#4514,#4515,#4516,#4517,#4518,#4519,#4520,#4521,#4522,
    #4523,#4524,#4525,#4526,#4527,#4528,#4529,#4530,#4531,#4532,#4533,
    #4534,#4535),.UNSPECIFIED.,.F.,.F.,(8,6,6,6,6,6,6,6,6,6,8),(0.,
    0.235184975509,0.416314165711,0.584832722063,0.636686338718,
    0.664364634525,0.721015719675,0.775318218141,0.80231252045,
    0.851926959704,1.),.UNSPECIFIED.);
#4474 = CARTESIAN_POINT('',(49.,-19.11217323247,-35.5));
#4475 = CARTESIAN_POINT('',(49.,-18.6558897562,-35.24274020129));
#4476 = CARTESIAN_POINT('',(49.008579016159,-18.20270762572,
    -34.97485662016));
#4477 = CARTESIAN_POINT('',(49.027013991052,-17.7529098414,
    -34.69592395592));
#4478 = CARTESIAN_POINT('',(49.056790714616,-17.30696745249,
    -34.40552305528));
#4479 = CARTESIAN_POINT('',(49.099686653101,-16.86554948525,
    -34.10322744246));
#4480 = CARTESIAN_POINT('',(49.157816649569,-16.42952450491,
    -33.78860280708));
#4481 = CARTESIAN_POINT('',(49.292675325401,-15.66924878032,
    -33.20880525258));
#4482 = CARTESIAN_POINT('',(49.362033678222,-15.34247968909,
    -32.94899244152));
#4483 = CARTESIAN_POINT('',(49.443369269118,-15.02013699625,
    -32.6812918564));
#4484 = CARTESIAN_POINT('',(49.53819413006,-14.70294087242,
    -32.40546538153));
#4485 = CARTESIAN_POINT('',(49.648325872041,-14.39193568673,
    -32.12136589912));
#4486 = CARTESIAN_POINT('',(49.775902962635,-14.0884843474,
    -31.82895192202));
#4487 = CARTESIAN_POINT('',(50.061471384476,-13.52081516042,
    -31.24829119208));
#4488 = CARTESIAN_POINT('',(50.216503415677,-13.25578025077,
    -30.96162559158));
#4489 = CARTESIAN_POINT('',(50.391401139942,-13.00029686057,
    -30.66768813437));
#4490 = CARTESIAN_POINT('',(50.588937626737,-12.75655797197,
    -30.36674441278));
#4491 = CARTESIAN_POINT('',(50.812168355374,-12.52791646007,
    -30.05987774047));
#4492 = CARTESIAN_POINT('',(51.064228243169,-12.31873706109,
    -29.74906742176));
#4493 = CARTESIAN_POINT('',(51.436058295731,-12.07791686112,
    -29.34114156476));
#4494 = CARTESIAN_POINT('',(51.526558164043,-12.02365253789,
    -29.24510240296));
#4495 = CARTESIAN_POINT('',(51.620134827694,-11.97196227484,
    -29.14911893747));
#4496 = CARTESIAN_POINT('',(51.71684060002,-11.92303612242,-29.053324834
    ));
#4497 = CARTESIAN_POINT('',(51.816704608237,-11.87707471952,
    -28.9578764941));
#4498 = CARTESIAN_POINT('',(51.919725907216,-11.83428317326,
    -28.86295194703));
#4499 = CARTESIAN_POINT('',(52.082522107267,-11.77382437088,
    -28.71846672068));
#4500 = CARTESIAN_POINT('',(52.140065751105,-11.75374510341,
    -28.66839002605));
#4501 = CARTESIAN_POINT('',(52.198490940037,-11.73465817314,
    -28.61855040163));
#4502 = CARTESIAN_POINT('',(52.25778790397,-11.71659435092,
    -28.56898025111));
#4503 = CARTESIAN_POINT('',(52.317943272067,-11.69958366623,
    -28.51971347491));
#4504 = CARTESIAN_POINT('',(52.378939657358,-11.68365493165,
    -28.47078530704));
#4505 = CARTESIAN_POINT('',(52.56727747875,-11.63850283397,
    -28.32285504585));
#4506 = CARTESIAN_POINT('',(52.697249827577,-11.61281239886,
    -28.22503470825));
#4507 = CARTESIAN_POINT('',(52.830460988685,-11.59200408755,
    -28.12910388405));
#4508 = CARTESIAN_POINT('',(52.966649039277,-11.57627615288,
    -28.03538968113));
#4509 = CARTESIAN_POINT('',(53.105494445913,-11.56577247991,
    -27.94420685427));
#4510 = CARTESIAN_POINT('',(53.246613077519,-11.56057009076,
    -27.8558510893));
#4511 = CARTESIAN_POINT('',(53.526559648994,-11.56075920513,
    -27.68886806327));
#4512 = CARTESIAN_POINT('',(53.665267744907,-11.56572044413,
    -27.60997278531));
#4513 = CARTESIAN_POINT('',(53.805275042267,-11.57555050975,
    -27.53414460404));
#4514 = CARTESIAN_POINT('',(53.946191967852,-11.59018286084,
    -27.46155879615));
#4515 = CARTESIAN_POINT('',(54.087639948698,-11.60949423787,
    -27.39233518487));
#4516 = CARTESIAN_POINT('',(54.229253521713,-11.63331462889,
    -27.3265455605));
#4517 = CARTESIAN_POINT('',(54.440988141414,-11.67541725791,
    -27.23323900357));
#4518 = CARTESIAN_POINT('',(54.511252504164,-11.69046125744,
    -27.20311130398));
#4519 = CARTESIAN_POINT('',(54.581435465232,-11.70654456465,
    -27.17384066104));
#4520 = CARTESIAN_POINT('',(54.651499753183,-11.72364086613,
    -27.14542663317));
#4521 = CARTESIAN_POINT('',(54.721410850468,-11.74172263095,
    -27.11786607179));
#4522 = CARTESIAN_POINT('',(54.791136952427,-11.76076153707,
    -27.09115351469));
#4523 = CARTESIAN_POINT('',(54.988409131591,-11.81742810159,
    -27.01773000526));
#4524 = CARTESIAN_POINT('',(55.115444122202,-11.85726330054,
    -26.97301894341));
#4525 = CARTESIAN_POINT('',(55.241577441378,-11.90005681505,
    -26.93110017355));
#4526 = CARTESIAN_POINT('',(55.366663287468,-11.9456283631,
    -26.89190481187));
#4527 = CARTESIAN_POINT('',(55.490584663673,-11.99380035,-26.85534893702
    ));
#4528 = CARTESIAN_POINT('',(55.613251527799,-12.04440315814,
    -26.82133921608));
#4529 = CARTESIAN_POINT('',(56.096757233531,-12.25509133874,
    -26.69558646213));
#4530 = CARTESIAN_POINT('',(56.44671552211,-12.43296420482,
    -26.62332312846));
#4531 = CARTESIAN_POINT('',(56.78354550614,-12.62696879954,
    -26.57010551314));
#4532 = CARTESIAN_POINT('',(57.106884482819,-12.83385795806,
    -26.53329981609));
#4533 = CARTESIAN_POINT('',(57.416907121908,-13.05108572636,
    -26.51058379032));
#4534 = CARTESIAN_POINT('',(57.714265872097,-13.27685664944,-26.5));
#4535 = CARTESIAN_POINT('',(58.,-13.51020620748,-26.5));
#4536 = PCURVE('',#156,#4537);
#4537 = DEFINITIONAL_REPRESENTATION('',(#4538),#4601);
#4538 = B_SPLINE_CURVE_WITH_KNOTS('',7,(#4539,#4540,#4541,#4542,#4543,
    #4544,#4545,#4546,#4547,#4548,#4549,#4550,#4551,#4552,#4553,#4554,
    #4555,#4556,#4557,#4558,#4559,#4560,#4561,#4562,#4563,#4564,#4565,
    #4566,#4567,#4568,#4569,#4570,#4571,#4572,#4573,#4574,#4575,#4576,
    #4577,#4578,#4579,#4580,#4581,#4582,#4583,#4584,#4585,#4586,#4587,
    #4588,#4589,#4590,#4591,#4592,#4593,#4594,#4595,#4596,#4597,#4598,
    #4599,#4600),.UNSPECIFIED.,.F.,.F.,(8,6,6,6,6,6,6,6,6,6,8),(0.,
    0.235184975509,0.416314165711,0.584832722063,0.636686338718,
    0.664364634525,0.721015719675,0.775318218141,0.80231252045,
    0.851926959704,1.),.UNSPECIFIED.);
#4539 = CARTESIAN_POINT('',(1.043429220912,-0.992691962229));
#4540 = CARTESIAN_POINT('',(1.053934962908,-0.980922094624));
#4541 = CARTESIAN_POINT('',(1.063587922866,-0.968913882904));
#4542 = CARTESIAN_POINT('',(1.072388639262,-0.956663273453));
#4543 = CARTESIAN_POINT('',(1.080326653913,-0.944166941594));
#4544 = CARTESIAN_POINT('',(1.087379978945,-0.93142163386));
#4545 = CARTESIAN_POINT('',(1.09351488337,-0.918423719639));
#4546 = CARTESIAN_POINT('',(1.102649654338,-0.894952280061));
#4547 = CARTESIAN_POINT('',(1.10604434231,-0.884589455389));
#4548 = CARTESIAN_POINT('',(1.108835714215,-0.87406877937));
#4549 = CARTESIAN_POINT('',(1.110989043003,-0.863387634743));
#4550 = CARTESIAN_POINT('',(1.112457549973,-0.85254705701));
#4551 = CARTESIAN_POINT('',(1.113182889124,-0.841551472284));
#4552 = CARTESIAN_POINT('',(1.112985720016,-0.820032059424));
#4553 = CARTESIAN_POINT('',(1.112174584446,-0.809545505469));
#4554 = CARTESIAN_POINT('',(1.110583255408,-0.798930453103));
#4555 = CARTESIAN_POINT('',(1.108122776697,-0.788201326806));
#4556 = CARTESIAN_POINT('',(1.104684664651,-0.77740018195));
#4557 = CARTESIAN_POINT('',(1.100148798679,-0.766595587121));
#4558 = CARTESIAN_POINT('',(1.092591073909,-0.752580777123));
#4559 = CARTESIAN_POINT('',(1.090695973362,-0.749293188823));
#4560 = CARTESIAN_POINT('',(1.088680624023,-0.746019284614));
#4561 = CARTESIAN_POINT('',(1.086541787545,-0.742763387698));
#4562 = CARTESIAN_POINT('',(1.084276715057,-0.739530504625));
#4563 = CARTESIAN_POINT('',(1.081883392582,-0.73632627021));
#4564 = CARTESIAN_POINT('',(1.078014275965,-0.7314651498));
#4565 = CARTESIAN_POINT('',(1.076630945937,-0.729783356016));
#4566 = CARTESIAN_POINT('',(1.075210660932,-0.728112473971));
#4567 = CARTESIAN_POINT('',(1.073753371538,-0.726453512877));
#4568 = CARTESIAN_POINT('',(1.072259130671,-0.724807522683));
#4569 = CARTESIAN_POINT('',(1.070728109886,-0.723175588465));
#4570 = CARTESIAN_POINT('',(1.065952316708,-0.718249682675));
#4571 = CARTESIAN_POINT('',(1.06259075205,-0.715003618634));
#4572 = CARTESIAN_POINT('',(1.059079155289,-0.711830885095));
#4573 = CARTESIAN_POINT('',(1.055422483391,-0.708741362936));
#4574 = CARTESIAN_POINT('',(1.051627767549,-0.705744385716));
#4575 = CARTESIAN_POINT('',(1.047704464018,-0.702848563888));
#4576 = CARTESIAN_POINT('',(1.039792618246,-0.697390193039));
#4577 = CARTESIAN_POINT('',(1.035812742731,-0.694818266021));
#4578 = CARTESIAN_POINT('',(1.031735858283,-0.692352632692));
#4579 = CARTESIAN_POINT('',(1.027573043425,-0.689998017307));
#4580 = CARTESIAN_POINT('',(1.023335650569,-0.687757350721));
#4581 = CARTESIAN_POINT('',(1.019035181252,-0.685632057469));
#4582 = CARTESIAN_POINT('',(1.012519729774,-0.682623294079));
#4583 = CARTESIAN_POINT('',(1.010343427482,-0.681652744899));
#4584 = CARTESIAN_POINT('',(1.00815557744,-0.680710681874));
#4585 = CARTESIAN_POINT('',(1.005957443931,-0.679796996521));
#4586 = CARTESIAN_POINT('',(1.003750229627,-0.678911498402));
#4587 = CARTESIAN_POINT('',(1.00153507265,-0.678053928225));
#4588 = CARTESIAN_POINT('',(0.995229043885,-0.675698542913));
#4589 = CARTESIAN_POINT('',(0.991121888775,-0.674266420236));
#4590 = CARTESIAN_POINT('',(0.98699809077,-0.672925567891));
#4591 = CARTESIAN_POINT('',(0.982863372691,-0.671673356657));
#4592 = CARTESIAN_POINT('',(0.978722658938,-0.670506738875));
#4593 = CARTESIAN_POINT('',(0.974580066711,-0.669422424204));
#4594 = CARTESIAN_POINT('',(0.958079681552,-0.665416557553));
#4595 = CARTESIAN_POINT('',(0.945748436634,-0.663122891235));
#4596 = CARTESIAN_POINT('',(0.933507383284,-0.661437167542));
#4597 = CARTESIAN_POINT('',(0.921398382734,-0.6602725568));
#4598 = CARTESIAN_POINT('',(0.909443135795,-0.659554138713));
#4599 = CARTESIAN_POINT('',(0.897642516227,-0.659219403412));
#4600 = CARTESIAN_POINT('',(0.885975038325,-0.659219403412));
#4601 = ( GEOMETRIC_REPRESENTATION_CONTEXT(2) 
PARAMETRIC_REPRESENTATION_CONTEXT() REPRESENTATION_CONTEXT('2D SPACE',''
  ) );
#4602 = PCURVE('',#2842,#4603);
#4603 = DEFINITIONAL_REPRESENTATION('',(#4604),#4667);
#4604 = B_SPLINE_CURVE_WITH_KNOTS('',7,(#4605,#4606,#4607,#4608,#4609,
    #4610,#4611,#4612,#4613,#4614,#4615,#4616,#4617,#4618,#4619,#4620,
    #4621,#4622,#4623,#4624,#4625,#4626,#4627,#4628,#4629,#4630,#4631,
    #4632,#4633,#4634,#4635,#4636,#4637,#4638,#4639,#4640,#4641,#4642,
    #4643,#4644,#4645,#4646,#4647,#4648,#4649,#4650,#4651,#4652,#4653,
    #4654,#4655,#4656,#4657,#4658,#4659,#4660,#4661,#4662,#4663,#4664,
    #4665,#4666),.UNSPECIFIED.,.F.,.F.,(8,6,6,6,6,6,6,6,6,6,8),(0.,
    0.235184975509,0.416314165711,0.584832722063,0.636686338718,
    0.664364634525,0.721015719675,0.775318218141,0.80231252045,
    0.851926959704,1.),.UNSPECIFIED.);
#4605 = CARTESIAN_POINT('',(0.,16.887826767524));
#4606 = CARTESIAN_POINT('',(2.858442207868E-02,17.344110243797));
#4607 = CARTESIAN_POINT('',(5.834924990351E-02,17.797292374279));
#4608 = CARTESIAN_POINT('',(8.937998976643E-02,18.247090158599));
#4609 = CARTESIAN_POINT('',(0.121775183988,18.693032547503));
#4610 = CARTESIAN_POINT('',(0.155655197643,19.134450514748));
#4611 = CARTESIAN_POINT('',(0.191167833958,19.570475495085));
#4612 = CARTESIAN_POINT('',(0.257309476456,20.330751219675));
#4613 = CARTESIAN_POINT('',(0.287172868077,20.657520310905));
#4614 = CARTESIAN_POINT('',(0.318230411851,20.979863003749));
#4615 = CARTESIAN_POINT('',(0.350597668833,21.297059127576));
#4616 = CARTESIAN_POINT('',(0.384408654026,21.608064313266));
#4617 = CARTESIAN_POINT('',(0.419819778472,21.911515652598));
#4618 = CARTESIAN_POINT('',(0.491717872237,22.479184839571));
#4619 = CARTESIAN_POINT('',(0.527902074067,22.744219749227));
#4620 = CARTESIAN_POINT('',(0.565853530247,22.999703139422));
#4621 = CARTESIAN_POINT('',(0.605776246406,23.243442028025));
#4622 = CARTESIAN_POINT('',(0.647852329336,23.472083539927));
#4623 = CARTESIAN_POINT('',(0.692241742436,23.681262938908));
#4624 = CARTESIAN_POINT('',(0.75357075726,23.922083138872));
#4625 = CARTESIAN_POINT('',(0.768231102612,23.976347462109));
#4626 = CARTESIAN_POINT('',(0.783122060203,24.02803772516));
#4627 = CARTESIAN_POINT('',(0.79824221363,24.076963877571));
#4628 = CARTESIAN_POINT('',(0.813587282477,24.122925280477));
#4629 = CARTESIAN_POINT('',(0.829149671126,24.165716826737));
#4630 = CARTESIAN_POINT('',(0.853334806696,24.226175629114));
#4631 = CARTESIAN_POINT('',(0.861810183835,24.246254896588));
#4632 = CARTESIAN_POINT('',(0.870342306941,24.265341826851));
#4633 = CARTESIAN_POINT('',(0.878929010548,24.283405649073));
#4634 = CARTESIAN_POINT('',(0.887567775778,24.30041633377));
#4635 = CARTESIAN_POINT('',(0.896255700348,24.316345068346));
#4636 = CARTESIAN_POINT('',(0.922865476965,24.361497166025));
#4637 = CARTESIAN_POINT('',(0.940936128074,24.387187601132));
#4638 = CARTESIAN_POINT('',(0.959169384221,24.407995912448));
#4639 = CARTESIAN_POINT('',(0.977530233229,24.423723847117));
#4640 = CARTESIAN_POINT('',(0.995979935049,24.434227520083));
#4641 = CARTESIAN_POINT('',(1.014475268376,24.439429909231));
#4642 = CARTESIAN_POINT('',(1.050693641358,24.43924079487));
#4643 = CARTESIAN_POINT('',(1.068420470898,24.434279555861));
#4644 = CARTESIAN_POINT('',(1.086105833195,24.424449490244));
#4645 = CARTESIAN_POINT('',(1.103711617978,24.409817139152));
#4646 = CARTESIAN_POINT('',(1.121203429808,24.390505762123));
#4647 = CARTESIAN_POINT('',(1.138549980497,24.366685371109));
#4648 = CARTESIAN_POINT('',(1.164259099489,24.324582742085));
#4649 = CARTESIAN_POINT('',(1.172753231872,24.309538742554));
#4650 = CARTESIAN_POINT('',(1.181201702899,24.293455435347));
#4651 = CARTESIAN_POINT('',(1.189601711975,24.276359133865));
#4652 = CARTESIAN_POINT('',(1.19795080712,24.258277369041));
#4653 = CARTESIAN_POINT('',(1.206246858411,24.239238462921));
#4654 = CARTESIAN_POINT('',(1.22963497516,24.182571898404));
#4655 = CARTESIAN_POINT('',(1.244596303767,24.142736699453));
#4656 = CARTESIAN_POINT('',(1.259361210767,24.099943184946));
#4657 = CARTESIAN_POINT('',(1.273922202252,24.054371636894));
#4658 = CARTESIAN_POINT('',(1.288274710449,24.006199649994));
#4659 = CARTESIAN_POINT('',(1.302416707284,23.955596841855));
#4660 = CARTESIAN_POINT('',(1.357926857907,23.744908661259));
#4661 = CARTESIAN_POINT('',(1.397580190142,23.567035795173));
#4662 = CARTESIAN_POINT('',(1.435406503081,23.373031200453));
#4663 = CARTESIAN_POINT('',(1.471509018144,23.166142041937));
#4664 = CARTESIAN_POINT('',(1.506008220881,22.948914273638));
#4665 = CARTESIAN_POINT('',(1.539048090361,22.72314335056));
#4666 = CARTESIAN_POINT('',(1.570796326795,22.489793792517));
#4667 = ( GEOMETRIC_REPRESENTATION_CONTEXT(2) 
PARAMETRIC_REPRESENTATION_CONTEXT() REPRESENTATION_CONTEXT('2D SPACE',''
  ) );
#4668 = ORIENTED_EDGE('',*,*,#4669,.F.);
#4669 = EDGE_CURVE('',#4670,#4470,#4672,.T.);
#4670 = VERTEX_POINT('',#4671);
#4671 = CARTESIAN_POINT('',(49.,-27.,-38.85105154537));
#4672 = SURFACE_CURVE('',#4673,(#4678,#4691),.PCURVE_S1.);
#4673 = CIRCLE('',#4674,38.457769046059);
#4674 = AXIS2_PLACEMENT_3D('',#4675,#4676,#4677);
#4675 = CARTESIAN_POINT('',(49.,-38.,-2.));
#4676 = DIRECTION('',(1.,0.,-0.));
#4677 = DIRECTION('',(0.,0.,1.));
#4678 = PCURVE('',#156,#4679);
#4679 = DEFINITIONAL_REPRESENTATION('',(#4680),#4690);
#4680 = B_SPLINE_CURVE_WITH_KNOTS('',8,(#4681,#4682,#4683,#4684,#4685,
    #4686,#4687,#4688,#4689),.UNSPECIFIED.,.F.,.F.,(9,9),(3.431671764882
    ,3.654981034006),.PIECEWISE_BEZIER_KNOTS.);
#4681 = CARTESIAN_POINT('',(0.785398163397,-1.171349550841));
#4682 = CARTESIAN_POINT('',(0.832154875824,-1.151611613529));
#4683 = CARTESIAN_POINT('',(0.873469318192,-1.130818950419));
#4684 = CARTESIAN_POINT('',(0.910075771742,-1.109180583165));
#4685 = CARTESIAN_POINT('',(0.942689379198,-1.086854887505));
#4686 = CARTESIAN_POINT('',(0.971890224625,-1.063960094485));
#4687 = CARTESIAN_POINT('',(0.998161682676,-1.040588645617));
#4688 = CARTESIAN_POINT('',(1.02189874847,-1.016813134267));
#4689 = CARTESIAN_POINT('',(1.043429220912,-0.992691962229));
#4690 = ( GEOMETRIC_REPRESENTATION_CONTEXT(2) 
PARAMETRIC_REPRESENTATION_CONTEXT() REPRESENTATION_CONTEXT('2D SPACE',''
  ) );
#4691 = PCURVE('',#2526,#4692);
#4692 = DEFINITIONAL_REPRESENTATION('',(#4693),#4697);
#4693 = CIRCLE('',#4694,38.457769046059);
#4694 = AXIS2_PLACEMENT_2D('',#4695,#4696);
#4695 = CARTESIAN_POINT('',(47.5,2.));
#4696 = DIRECTION('',(1.,0.));
#4697 = ( GEOMETRIC_REPRESENTATION_CONTEXT(2) 
PARAMETRIC_REPRESENTATION_CONTEXT() REPRESENTATION_CONTEXT('2D SPACE',''
  ) );
#4698 = ORIENTED_EDGE('',*,*,#4699,.T.);
#4699 = EDGE_CURVE('',#4670,#4700,#4702,.T.);
#4700 = VERTEX_POINT('',#4701);
#4701 = CARTESIAN_POINT('',(58.,-36.,-36.58323293158));
#4702 = SURFACE_CURVE('',#4703,(#4754,#4808),.PCURVE_S1.);
#4703 = B_SPLINE_CURVE_WITH_KNOTS('',7,(#4704,#4705,#4706,#4707,#4708,
    #4709,#4710,#4711,#4712,#4713,#4714,#4715,#4716,#4717,#4718,#4719,
    #4720,#4721,#4722,#4723,#4724,#4725,#4726,#4727,#4728,#4729,#4730,
    #4731,#4732,#4733,#4734,#4735,#4736,#4737,#4738,#4739,#4740,#4741,
    #4742,#4743,#4744,#4745,#4746,#4747,#4748,#4749,#4750,#4751,#4752,
    #4753),.UNSPECIFIED.,.F.,.F.,(8,6,6,6,6,6,6,6,8),(0.,0.111846476248,
    0.172740329843,0.303323346459,0.411317605459,0.458491239492,
    0.53344030889,0.663496566733,1.),.UNSPECIFIED.);
#4704 = CARTESIAN_POINT('',(49.,-27.,-38.85105154537));
#4705 = CARTESIAN_POINT('',(49.,-27.2260985238,-38.91854171614));
#4706 = CARTESIAN_POINT('',(49.006626882439,-27.4540374216,
    -38.98284047086));
#4707 = CARTESIAN_POINT('',(49.020074298773,-27.68355941082,
    -39.04379039968));
#4708 = CARTESIAN_POINT('',(49.040524869466,-27.91436960012,
    -39.10122926707));
#4709 = CARTESIAN_POINT('',(49.068140812824,-28.14613500446,
    -39.15499435285));
#4710 = CARTESIAN_POINT('',(49.103054573828,-28.37848406015,
    -39.20492679327));
#4711 = CARTESIAN_POINT('',(49.168391981158,-28.73760078965,
    -39.27589253065));
#4712 = CARTESIAN_POINT('',(49.193615596444,-28.86424825842,
    -39.29972874098));
#4713 = CARTESIAN_POINT('',(49.221045476887,-28.99088307152,
    -39.32236039912));
#4714 = CARTESIAN_POINT('',(49.250693570153,-29.11743748696,
    -39.34376429379));
#4715 = CARTESIAN_POINT('',(49.282568181844,-29.24384153359,
    -39.36391835432));
#4716 = CARTESIAN_POINT('',(49.316673563836,-29.37002304912,
    -39.3828018488));
#4717 = CARTESIAN_POINT('',(49.430929624519,-29.76585942711,
    -39.43812423007));
#4718 = CARTESIAN_POINT('',(49.519113552041,-30.03446819597,
    -39.4699248905));
#4719 = CARTESIAN_POINT('',(49.617553455294,-30.30097079277,
    -39.49560237949));
#4720 = CARTESIAN_POINT('',(49.726152828009,-30.56460703989,
    -39.51500532044));
#4721 = CARTESIAN_POINT('',(49.84472332936,-30.82462115137,
    -39.52802655572));
#4722 = CARTESIAN_POINT('',(49.972975522486,-31.08026479848,
    -39.5346080929));
#4723 = CARTESIAN_POINT('',(50.224241371294,-31.53800012703,
    -39.53486842866));
#4724 = CARTESIAN_POINT('',(50.344333615125,-31.74172390642,
    -39.53058215803));
#4725 = CARTESIAN_POINT('',(50.470555043677,-31.94156146695,
    -39.52189123066));
#4726 = CARTESIAN_POINT('',(50.602646403547,-32.13713925682,
    -39.50882101435));
#4727 = CARTESIAN_POINT('',(50.740316948532,-32.3281200507,
    -39.49142115449));
#4728 = CARTESIAN_POINT('',(50.883247002713,-32.51420105305,
    -39.46976394102));
#4729 = CARTESIAN_POINT('',(51.095670957816,-32.77413682137,
    -39.43266353035));
#4730 = CARTESIAN_POINT('',(51.161190023406,-32.85217645942,
    -39.42058965351));
#4731 = CARTESIAN_POINT('',(51.227619469365,-32.92920926065,
    -39.40772875732));
#4732 = CARTESIAN_POINT('',(51.294930693982,-33.00521517952,
    -39.39408913685));
#4733 = CARTESIAN_POINT('',(51.363094744785,-33.0801757799,
    -39.37967966995));
#4734 = CARTESIAN_POINT('',(51.432082318537,-33.15407423507,
    -39.36450981724));
#4735 = CARTESIAN_POINT('',(51.612731925174,-33.34259286171,
    -39.32329575118));
#4736 = CARTESIAN_POINT('',(51.72560459011,-33.45557123774,
    -39.2961076412));
#4737 = CARTESIAN_POINT('',(51.840363005705,-33.56576892715,
    -39.26706537197));
#4738 = CARTESIAN_POINT('',(51.956888526729,-33.67313555166,
    -39.23621183738));
#4739 = CARTESIAN_POINT('',(52.075063279266,-33.77763088789,
    -39.20359218782));
#4740 = CARTESIAN_POINT('',(52.194770826914,-33.87922387188,
    -39.16925327254));
#4741 = CARTESIAN_POINT('',(52.526082176501,-34.14910595047,
    -39.07075597407));
#4742 = CARTESIAN_POINT('',(52.740538542053,-34.31151150966,
    -39.00323641079));
#4743 = CARTESIAN_POINT('',(52.958671961259,-34.4649934682,
    -38.93093460397));
#4744 = CARTESIAN_POINT('',(53.179917224651,-34.60951520678,
    -38.85410735242));
#4745 = CARTESIAN_POINT('',(53.403743477564,-34.74510420606,
    -38.77301179275));
#4746 = CARTESIAN_POINT('',(53.629659812022,-34.871837953,
    -38.68789914992));
#4747 = CARTESIAN_POINT('',(54.446005087292,-35.29511832859,
    -38.36901561028));
#4748 = CARTESIAN_POINT('',(55.045347591087,-35.54165225119,
    -38.11390789165));
#4749 = CARTESIAN_POINT('',(55.648225647149,-35.73195170839,
    -37.8376175086));
#4750 = CARTESIAN_POINT('',(56.248905460409,-35.8693421199,
    -37.54367891535));
#4751 = CARTESIAN_POINT('',(56.842971806966,-35.95748385528,
    -37.23513588042));
#4752 = CARTESIAN_POINT('',(57.427303149465,-36.,-36.91443207173));
#4753 = CARTESIAN_POINT('',(58.,-36.,-36.58323293158));
#4754 = PCURVE('',#156,#4755);
#4755 = DEFINITIONAL_REPRESENTATION('',(#4756),#4807);
#4756 = B_SPLINE_CURVE_WITH_KNOTS('',7,(#4757,#4758,#4759,#4760,#4761,
    #4762,#4763,#4764,#4765,#4766,#4767,#4768,#4769,#4770,#4771,#4772,
    #4773,#4774,#4775,#4776,#4777,#4778,#4779,#4780,#4781,#4782,#4783,
    #4784,#4785,#4786,#4787,#4788,#4789,#4790,#4791,#4792,#4793,#4794,
    #4795,#4796,#4797,#4798,#4799,#4800,#4801,#4802,#4803,#4804,#4805,
    #4806),.UNSPECIFIED.,.F.,.F.,(8,6,6,6,6,6,6,6,8),(0.,0.111846476248,
    0.172740329843,0.303323346459,0.411317605459,0.458491239492,
    0.53344030889,0.663496566733,1.),.UNSPECIFIED.);
#4757 = CARTESIAN_POINT('',(0.785398163397,-1.171349550841));
#4758 = CARTESIAN_POINT('',(0.77512095777,-1.175687983333));
#4759 = CARTESIAN_POINT('',(0.764212436298,-1.179873265209));
#4760 = CARTESIAN_POINT('',(0.752661157429,-1.183888864019));
#4761 = CARTESIAN_POINT('',(0.740461984282,-1.187716912334));
#4762 = CARTESIAN_POINT('',(0.727618584613,-1.191338753727));
#4763 = CARTESIAN_POINT('',(0.714145930783,-1.194735488754));
#4764 = CARTESIAN_POINT('',(0.692410804356,-1.199605162243));
#4765 = CARTESIAN_POINT('',(0.684570723487,-1.201249592381));
#4766 = CARTESIAN_POINT('',(0.676557122252,-1.202818832253));
#4767 = CARTESIAN_POINT('',(0.668375708015,-1.204309954589));
#4768 = CARTESIAN_POINT('',(0.660033370224,-1.205720123471));
#4769 = CARTESIAN_POINT('',(0.65153822027,-1.207046633857));
#4770 = CARTESIAN_POINT('',(0.624374723926,-1.210946732954));
#4771 = CARTESIAN_POINT('',(0.605188678888,-1.213210362118));
#4772 = CARTESIAN_POINT('',(0.585435577591,-1.215052468368));
#4773 = CARTESIAN_POINT('',(0.56523301466,-1.216451996103));
#4774 = CARTESIAN_POINT('',(0.544719804282,-1.217393788921));
#4775 = CARTESIAN_POINT('',(0.524049098885,-1.217869829707));
#4776 = CARTESIAN_POINT('',(0.486280695313,-1.217888659918));
#4777 = CARTESIAN_POINT('',(0.469181878359,-1.217578652141));
#4778 = CARTESIAN_POINT('',(0.45216869214,-1.216949964096));
#4779 = CARTESIAN_POINT('',(0.435327492449,-1.216006237158));
#4780 = CARTESIAN_POINT('',(0.418739727011,-1.214754491539));
#4781 = CARTESIAN_POINT('',(0.402478894437,-1.213204714922));
#4782 = CARTESIAN_POINT('',(0.379674623486,-1.210567778282));
#4783 = CARTESIAN_POINT('',(0.37281595241,-1.209711611033));
#4784 = CARTESIAN_POINT('',(0.366036677335,-1.208801994046));
#4785 = CARTESIAN_POINT('',(0.359341558754,-1.207840035954));
#4786 = CARTESIAN_POINT('',(0.35273493025,-1.206826909349));
#4787 = CARTESIAN_POINT('',(0.346220698502,-1.205763850779));
#4788 = CARTESIAN_POINT('',(0.329604914973,-1.202885917062));
#4789 = CARTESIAN_POINT('',(0.319649448447,-1.200996891586));
#4790 = CARTESIAN_POINT('',(0.309949937478,-1.198990253671));
#4791 = CARTESIAN_POINT('',(0.300517430821,-1.196871435646));
#4792 = CARTESIAN_POINT('',(0.291360264275,-1.194646032608));
#4793 = CARTESIAN_POINT('',(0.282484292742,-1.1923197022));
#4794 = CARTESIAN_POINT('',(0.258985192297,-1.185695888812));
#4795 = CARTESIAN_POINT('',(0.244934936925,-1.181206699615));
#4796 = CARTESIAN_POINT('',(0.23176081191,-1.176459976635));
#4797 = CARTESIAN_POINT('',(0.219461245753,-1.171484418706));
#4798 = CARTESIAN_POINT('',(0.208019578641,-1.166307299732));
#4799 = CARTESIAN_POINT('',(0.197409001381,-1.160953824744));
#4800 = CARTESIAN_POINT('',(0.162211512402,-1.141196972403));
#4801 = CARTESIAN_POINT('',(0.142193941724,-1.125928544484));
#4802 = CARTESIAN_POINT('',(0.126937433786,-1.110018744279));
#4803 = CARTESIAN_POINT('',(0.11565169929,-1.093744833082));
#4804 = CARTESIAN_POINT('',(0.107688986119,-1.077293951021));
#4805 = CARTESIAN_POINT('',(0.102503785415,-1.060793352305));
#4806 = CARTESIAN_POINT('',(9.966865249116E-02,-1.044315579214));
#4807 = ( GEOMETRIC_REPRESENTATION_CONTEXT(2) 
PARAMETRIC_REPRESENTATION_CONTEXT() REPRESENTATION_CONTEXT('2D SPACE',''
  ) );
#4808 = PCURVE('',#4809,#4814);
#4809 = CYLINDRICAL_SURFACE('',#4810,9.);
#4810 = AXIS2_PLACEMENT_3D('',#4811,#4812,#4813);
#4811 = CARTESIAN_POINT('',(58.,-27.,-49.5));
#4812 = DIRECTION('',(0.,0.,1.));
#4813 = DIRECTION('',(-1.,-0.,0.));
#4814 = DEFINITIONAL_REPRESENTATION('',(#4815),#4866);
#4815 = B_SPLINE_CURVE_WITH_KNOTS('',7,(#4816,#4817,#4818,#4819,#4820,
    #4821,#4822,#4823,#4824,#4825,#4826,#4827,#4828,#4829,#4830,#4831,
    #4832,#4833,#4834,#4835,#4836,#4837,#4838,#4839,#4840,#4841,#4842,
    #4843,#4844,#4845,#4846,#4847,#4848,#4849,#4850,#4851,#4852,#4853,
    #4854,#4855,#4856,#4857,#4858,#4859,#4860,#4861,#4862,#4863,#4864,
    #4865),.UNSPECIFIED.,.F.,.F.,(8,6,6,6,6,6,6,6,8),(0.,0.111846476248,
    0.172740329843,0.303323346459,0.411317605459,0.458491239492,
    0.53344030889,0.663496566733,1.),.UNSPECIFIED.);
#4816 = CARTESIAN_POINT('',(0.,10.648948454623));
#4817 = CARTESIAN_POINT('',(2.512205820036E-02,10.581458283854));
#4818 = CARTESIAN_POINT('',(5.044862415542E-02,10.517159529133));
#4819 = CARTESIAN_POINT('',(7.59769267881E-02,10.456209600311));
#4820 = CARTESIAN_POINT('',(0.101702084929,10.398770732925));
#4821 = CARTESIAN_POINT('',(0.127616745656,10.345005647146));
#4822 = CARTESIAN_POINT('',(0.153710722628,10.295073206728));
#4823 = CARTESIAN_POINT('',(0.194267617918,10.224107469347));
#4824 = CARTESIAN_POINT('',(0.208613954395,10.20027125902));
#4825 = CARTESIAN_POINT('',(0.223007559415,10.177639600871));
#4826 = CARTESIAN_POINT('',(0.237446189142,10.156235706205));
#4827 = CARTESIAN_POINT('',(0.251927410953,10.136081645674));
#4828 = CARTESIAN_POINT('',(0.26644857405,10.117198151199));
#4829 = CARTESIAN_POINT('',(0.312225931862,10.061875769922));
#4830 = CARTESIAN_POINT('',(0.343617983467,10.030075109498));
#4831 = CARTESIAN_POINT('',(0.37515093018,10.004397620501));
#4832 = CARTESIAN_POINT('',(0.406792785501,9.984994679557));
#4833 = CARTESIAN_POINT('',(0.438510356504,9.971973444275));
#4834 = CARTESIAN_POINT('',(0.47026756988,9.9653919071));
#4835 = CARTESIAN_POINT('',(0.528285889441,9.965131571338));
#4836 = CARTESIAN_POINT('',(0.55454975628,9.969417841961));
#4837 = CARTESIAN_POINT('',(0.58079241429,9.978108769339));
#4838 = CARTESIAN_POINT('',(0.606993179405,9.991178985646));
#4839 = CARTESIAN_POINT('',(0.633132567125,10.00857884551));
#4840 = CARTESIAN_POINT('',(0.659191641255,10.030236058971));
#4841 = CARTESIAN_POINT('',(0.696490987616,10.067336469647));
#4842 = CARTESIAN_POINT('',(0.707811843034,10.079410346488));
#4843 = CARTESIAN_POINT('',(0.719112470155,10.092271242676));
#4844 = CARTESIAN_POINT('',(0.730391476827,10.105910863143));
#4845 = CARTESIAN_POINT('',(0.741647537484,10.120320330043));
#4846 = CARTESIAN_POINT('',(0.752879393147,10.135490182758));
#4847 = CARTESIAN_POINT('',(0.781890577232,10.176704248812));
#4848 = CARTESIAN_POINT('',(0.799631256338,10.203892358799));
#4849 = CARTESIAN_POINT('',(0.817303049473,10.232934628028));
#4850 = CARTESIAN_POINT('',(0.834901705981,10.263788162611));
#4851 = CARTESIAN_POINT('',(0.852423491223,10.29640781218));
#4852 = CARTESIAN_POINT('',(0.869865113992,10.330746727452));
#4853 = CARTESIAN_POINT('',(0.917345265362,10.42924402593));
#4854 = CARTESIAN_POINT('',(0.947216629877,10.496763589201));
#4855 = CARTESIAN_POINT('',(0.976823291469,10.569065396026));
#4856 = CARTESIAN_POINT('',(1.006155118199,10.645892647579));
#4857 = CARTESIAN_POINT('',(1.035205740004,10.72698820725));
#4858 = CARTESIAN_POINT('',(1.063971986496,10.812100850076));
#4859 = CARTESIAN_POINT('',(1.166145035345,11.130984389717));
#4860 = CARTESIAN_POINT('',(1.237873176307,11.386092108345));
#4861 = CARTESIAN_POINT('',(1.307727620622,11.6623824914));
#4862 = CARTESIAN_POINT('',(1.375809470227,11.956321084641));
#4863 = CARTESIAN_POINT('',(1.442237627774,12.264864119578));
#4864 = CARTESIAN_POINT('',(1.507163343402,12.585567928264));
#4865 = CARTESIAN_POINT('',(1.570796326795,12.916767068419));
#4866 = ( GEOMETRIC_REPRESENTATION_CONTEXT(2) 
PARAMETRIC_REPRESENTATION_CONTEXT() REPRESENTATION_CONTEXT('2D SPACE',''
  ) );
#4867 = ORIENTED_EDGE('',*,*,#4868,.F.);
#4868 = EDGE_CURVE('',#4869,#4700,#4871,.T.);
#4869 = VERTEX_POINT('',#4870);
#4870 = CARTESIAN_POINT('',(59.765798859679,-36.,-35.5));
#4871 = SURFACE_CURVE('',#4872,(#4877,#4887),.PCURVE_S1.);
#4872 = CIRCLE('',#4873,39.949968710876);
#4873 = AXIS2_PLACEMENT_3D('',#4874,#4875,#4876);
#4874 = CARTESIAN_POINT('',(38.,-36.,-2.));
#4875 = DIRECTION('',(-0.,1.,0.));
#4876 = DIRECTION('',(0.,0.,1.));
#4877 = PCURVE('',#156,#4878);
#4878 = DEFINITIONAL_REPRESENTATION('',(#4879),#4886);
#4879 = B_SPLINE_CURVE_WITH_KNOTS('',5,(#4880,#4881,#4882,#4883,#4884,
    #4885),.UNSPECIFIED.,.F.,.F.,(6,6),(2.565410540469,2.617270683122),
  .PIECEWISE_BEZIER_KNOTS.);
#4880 = CARTESIAN_POINT('',(9.162997001372E-02,-0.992691962229));
#4881 = CARTESIAN_POINT('',(9.308455067629E-02,-1.003020479173));
#4882 = CARTESIAN_POINT('',(9.46089482848E-02,-1.013347270546));
#4883 = CARTESIAN_POINT('',(9.620932805392E-02,-1.023672180177));
#4884 = CARTESIAN_POINT('',(9.789291843847E-02,-1.033995025088));
#4885 = CARTESIAN_POINT('',(9.966865249116E-02,-1.044315579214));
#4886 = ( GEOMETRIC_REPRESENTATION_CONTEXT(2) 
PARAMETRIC_REPRESENTATION_CONTEXT() REPRESENTATION_CONTEXT('2D SPACE',''
  ) );
#4887 = PCURVE('',#4888,#4893);
#4888 = PLANE('',#4889);
#4889 = AXIS2_PLACEMENT_3D('',#4890,#4891,#4892);
#4890 = CARTESIAN_POINT('',(49.,-36.,-49.5));
#4891 = DIRECTION('',(-0.,1.,0.));
#4892 = DIRECTION('',(0.,0.,1.));
#4893 = DEFINITIONAL_REPRESENTATION('',(#4894),#4898);
#4894 = CIRCLE('',#4895,39.949968710876);
#4895 = AXIS2_PLACEMENT_2D('',#4896,#4897);
#4896 = CARTESIAN_POINT('',(47.5,-11.));
#4897 = DIRECTION('',(1.,0.));
#4898 = ( GEOMETRIC_REPRESENTATION_CONTEXT(2) 
PARAMETRIC_REPRESENTATION_CONTEXT() REPRESENTATION_CONTEXT('2D SPACE',''
  ) );
#4899 = ORIENTED_EDGE('',*,*,#4900,.T.);
#4900 = EDGE_CURVE('',#4869,#4901,#4903,.T.);
#4901 = VERTEX_POINT('',#4902);
#4902 = CARTESIAN_POINT('',(65.84569849126,-34.48331479164,
    -30.50000002708));
#4903 = SURFACE_CURVE('',#4904,(#4961,#5021),.PCURVE_S1.);
#4904 = B_SPLINE_CURVE_WITH_KNOTS('',7,(#4905,#4906,#4907,#4908,#4909,
    #4910,#4911,#4912,#4913,#4914,#4915,#4916,#4917,#4918,#4919,#4920,
    #4921,#4922,#4923,#4924,#4925,#4926,#4927,#4928,#4929,#4930,#4931,
    #4932,#4933,#4934,#4935,#4936,#4937,#4938,#4939,#4940,#4941,#4942,
    #4943,#4944,#4945,#4946,#4947,#4948,#4949,#4950,#4951,#4952,#4953,
    #4954,#4955,#4956,#4957,#4958,#4959,#4960),.UNSPECIFIED.,.F.,.F.,(8,
    6,6,6,6,6,6,6,6,8),(0.,0.286097281744,0.51204607784,0.687330751728,
    0.748505285993,0.782473110123,0.851714074273,0.915651222614,
    0.946326027688,1.),.UNSPECIFIED.);
#4905 = CARTESIAN_POINT('',(59.765798859679,-36.,-35.5));
#4906 = CARTESIAN_POINT('',(60.296248665079,-36.,-35.15535332031));
#4907 = CARTESIAN_POINT('',(60.822570149171,-35.98460279034,
    -34.79853390109));
#4908 = CARTESIAN_POINT('',(61.344421140452,-35.95184791738,
    -34.42939499289));
#4909 = CARTESIAN_POINT('',(61.861176840146,-35.89947773546,
    -34.04791008176));
#4910 = CARTESIAN_POINT('',(62.371925706032,-35.82482420103,
    -33.65419118488));
#4911 = CARTESIAN_POINT('',(62.875478327926,-35.72477625399,
    -33.24851487634));
#4912 = CARTESIAN_POINT('',(63.761078181377,-35.49289143707,
    -32.50168919274));
#4913 = CARTESIAN_POINT('',(64.146172826884,-35.37222333986,
    -32.16510771621));
#4914 = CARTESIAN_POINT('',(64.525006092409,-35.23116838657,
    -31.82153455982));
#4915 = CARTESIAN_POINT('',(64.896492914733,-35.0673642562,
    -31.47133429649));
#4916 = CARTESIAN_POINT('',(65.259016999901,-34.87801542457,
    -31.11524167682));
#4917 = CARTESIAN_POINT('',(65.610469003378,-34.65995271002,
    -30.75440159475));
#4918 = CARTESIAN_POINT('',(66.20989601592,-34.21409290833,
    -30.10791620619));
#4919 = CARTESIAN_POINT('',(66.4631140854,-33.99965615676,
    -29.82386364877));
#4920 = CARTESIAN_POINT('',(66.706569768277,-33.76350373314,
    -29.53872170511));
#4921 = CARTESIAN_POINT('',(66.938322647605,-33.50349310596,
    -29.25373411591));
#4922 = CARTESIAN_POINT('',(67.155704752125,-33.21753383893,
    -28.97088588402));
#4923 = CARTESIAN_POINT('',(67.355395090349,-32.90372413704,
    -28.69290179153));
#4924 = CARTESIAN_POINT('',(67.595615507587,-32.44069899624,
    -28.32908631296));
#4925 = CARTESIAN_POINT('',(67.655107055776,-32.31736913904,
    -28.23600794549));
#4926 = CARTESIAN_POINT('',(67.711766483393,-32.19046224927,
    -28.14413792586));
#4927 = CARTESIAN_POINT('',(67.765404023406,-32.05996448132,
    -28.05366079058));
#4928 = CARTESIAN_POINT('',(67.815821830023,-31.92589152517,
    -27.96477852226));
#4929 = CARTESIAN_POINT('',(67.862819597621,-31.78829524013,
    -27.87770720653));
#4930 = CARTESIAN_POINT('',(67.930287718693,-31.56896465376,
    -27.7454579055));
#4931 = CARTESIAN_POINT('',(67.953259906645,-31.48960245327,
    -27.69887068295));
#4932 = CARTESIAN_POINT('',(67.975082907681,-31.40920074804,
    -27.65295119622));
#4933 = CARTESIAN_POINT('',(67.995723356364,-31.32778068853,
    -27.60773948306));
#4934 = CARTESIAN_POINT('',(68.015148842541,-31.24536794066,
    -27.56327610128));
#4935 = CARTESIAN_POINT('',(68.033328396225,-31.16199311157,
    -27.51960178602));
#4936 = CARTESIAN_POINT('',(68.08469173422,-30.90585078589,
    -27.38942131273));
#4937 = CARTESIAN_POINT('',(68.113857036203,-30.73013852411,
    -27.30552141493));
#4938 = CARTESIAN_POINT('',(68.137475187016,-30.55089025474,
    -27.22541805495));
#4939 = CARTESIAN_POINT('',(68.155338361072,-30.36849693685,
    -27.14944518929));
#4940 = CARTESIAN_POINT('',(68.167296521837,-30.18341152082,
    -27.07790006387));
#4941 = CARTESIAN_POINT('',(68.173269345058,-29.99615484525,
    -27.01103318845));
#4942 = CARTESIAN_POINT('',(68.17324779707,-29.63295273956,
    -26.89179220368));
#4943 = CARTESIAN_POINT('',(68.168135126978,-29.45720944281,
    -26.83869035097));
#4944 = CARTESIAN_POINT('',(68.157919472676,-29.28055559494,
    -26.78988588393));
#4945 = CARTESIAN_POINT('',(68.14265918607,-29.10343853628,
    -26.74546796594));
#4946 = CARTESIAN_POINT('',(68.122464007703,-28.92628812644,
    -26.70546914935));
#4947 = CARTESIAN_POINT('',(68.097487444457,-28.74951587447,
    -26.66987273214));
#4948 = CARTESIAN_POINT('',(68.053733313543,-28.48907456532,
    -26.62362620288));
#4949 = CARTESIAN_POINT('',(68.038489943768,-28.40480841943,
    -26.60963139782));
#4950 = CARTESIAN_POINT('',(68.022209436022,-28.32075634659,
    -26.59662887907));
#4951 = CARTESIAN_POINT('',(68.004913656676,-28.23695633981,
    -26.58460946529));
#4952 = CARTESIAN_POINT('',(67.986625641178,-28.15344374224,
    -26.57356193583));
#4953 = CARTESIAN_POINT('',(67.96736929487,-28.07025131952,
    -26.56347335257));
#4954 = CARTESIAN_POINT('',(67.911823309856,-27.84245458762,
    -26.53832950048));
#4955 = CARTESIAN_POINT('',(67.87358775779,-27.69857321606,
    -26.5252218667));
#4956 = CARTESIAN_POINT('',(67.832593425578,-27.55592511817,
    -26.51492904301));
#4957 = CARTESIAN_POINT('',(67.788975366612,-27.41464444646,
    -26.50736098608));
#4958 = CARTESIAN_POINT('',(67.742869241184,-27.27484140095,
    -26.50241905175));
#4959 = CARTESIAN_POINT('',(67.69440785798,-27.13660402479,-26.5));
#4960 = CARTESIAN_POINT('',(67.643717715563,-27.,-26.5));
#4961 = PCURVE('',#156,#4962);
#4962 = DEFINITIONAL_REPRESENTATION('',(#4963),#5020);
#4963 = B_SPLINE_CURVE_WITH_KNOTS('',7,(#4964,#4965,#4966,#4967,#4968,
    #4969,#4970,#4971,#4972,#4973,#4974,#4975,#4976,#4977,#4978,#4979,
    #4980,#4981,#4982,#4983,#4984,#4985,#4986,#4987,#4988,#4989,#4990,
    #4991,#4992,#4993,#4994,#4995,#4996,#4997,#4998,#4999,#5000,#5001,
    #5002,#5003,#5004,#5005,#5006,#5007,#5008,#5009,#5010,#5011,#5012,
    #5013,#5014,#5015,#5016,#5017,#5018,#5019),.UNSPECIFIED.,.F.,.F.,(8,
    6,6,6,6,6,6,6,6,8),(0.,0.286097281744,0.51204607784,0.687330751728,
    0.748505285993,0.782473110123,0.851714074273,0.915651222614,
    0.946326027688,1.),.UNSPECIFIED.);
#4964 = CARTESIAN_POINT('',(9.162997001372E-02,-0.992691962229));
#4965 = CARTESIAN_POINT('',(8.940935335061E-02,-0.976924066076));
#4966 = CARTESIAN_POINT('',(8.803272384586E-02,-0.961043823674));
#4967 = CARTESIAN_POINT('',(8.750400963612E-02,-0.945049528523));
#4968 = CARTESIAN_POINT('',(8.784245871451E-02,-0.928944669622));
#4969 = CARTESIAN_POINT('',(8.908294019075E-02,-0.912737383259));
#4970 = CARTESIAN_POINT('',(9.127598726339E-02,-0.896440099547));
#4971 = CARTESIAN_POINT('',(9.705533303517E-02,-0.867134440898));
#4972 = CARTESIAN_POINT('',(0.100250201024,-0.854162919008));
#4973 = CARTESIAN_POINT('',(0.104130783182,-0.841152168637));
#4974 = CARTESIAN_POINT('',(0.108749649334,-0.828115319274));
#4975 = CARTESIAN_POINT('',(0.114173462007,-0.815077530259));
#4976 = CARTESIAN_POINT('',(0.120481654998,-0.802075483683));
#4977 = CARTESIAN_POINT('',(0.133464569059,-0.77913240871));
#4978 = CARTESIAN_POINT('',(0.139733717395,-0.769169780315));
#4979 = CARTESIAN_POINT('',(0.146656962897,-0.759282352746));
#4980 = CARTESIAN_POINT('',(0.154295874806,-0.749509151819));
#4981 = CARTESIAN_POINT('',(0.162713581928,-0.739911667767));
#4982 = CARTESIAN_POINT('',(0.171973490751,-0.730572066847));
#4983 = CARTESIAN_POINT('',(0.185688132879,-0.718457087365));
#4984 = CARTESIAN_POINT('',(0.189345387415,-0.715367680682));
#4985 = CARTESIAN_POINT('',(0.193113605079,-0.712328028452));
#4986 = CARTESIAN_POINT('',(0.196994100813,-0.70934362489));
#4987 = CARTESIAN_POINT('',(0.200987479037,-0.706420460906));
#4988 = CARTESIAN_POINT('',(0.205093441848,-0.703564912545));
#4989 = CARTESIAN_POINT('',(0.211652218521,-0.699239291795));
#4990 = CARTESIAN_POINT('',(0.21402810558,-0.697717860531));
#4991 = CARTESIAN_POINT('',(0.216437993251,-0.69622048572));
#4992 = CARTESIAN_POINT('',(0.218881511127,-0.694748338518));
#4993 = CARTESIAN_POINT('',(0.221358168946,-0.693302600836));
#4994 = CARTESIAN_POINT('',(0.223867341978,-0.691884455017));
#4995 = CARTESIAN_POINT('',(0.231587727601,-0.68766291933));
#4996 = CARTESIAN_POINT('',(0.236899781499,-0.684949916918));
#4997 = CARTESIAN_POINT('',(0.24233693425,-0.682366552873));
#4998 = CARTESIAN_POINT('',(0.247890256143,-0.679922364635));
#4999 = CARTESIAN_POINT('',(0.25354903134,-0.677625679779));
#5000 = CARTESIAN_POINT('',(0.259300417597,-0.675483355304));
#5001 = CARTESIAN_POINT('',(0.270511320384,-0.671669562751));
#5002 = CARTESIAN_POINT('',(0.275960372168,-0.669974280895));
#5003 = CARTESIAN_POINT('',(0.281464333771,-0.668418719095));
#5004 = CARTESIAN_POINT('',(0.287011610508,-0.667004953801));
#5005 = CARTESIAN_POINT('',(0.29259089847,-0.665733345329));
#5006 = CARTESIAN_POINT('',(0.298191142418,-0.664602793023));
#5007 = CARTESIAN_POINT('',(0.306493143766,-0.663135158254));
#5008 = CARTESIAN_POINT('',(0.309187247261,-0.66269123932));
#5009 = CARTESIAN_POINT('',(0.31188269089,-0.662278967073));
#5010 = CARTESIAN_POINT('',(0.314578428306,-0.661898005988));
#5011 = CARTESIAN_POINT('',(0.317273478344,-0.661547961585));
#5012 = CARTESIAN_POINT('',(0.319966923279,-0.661228390463));
#5013 = CARTESIAN_POINT('',(0.327366520241,-0.660432110584));
#5014 = CARTESIAN_POINT('',(0.332067583422,-0.660017238334));
#5015 = CARTESIAN_POINT('',(0.336756584481,-0.659691588709));
#5016 = CARTESIAN_POINT('',(0.341429663622,-0.659452207323));
#5017 = CARTESIAN_POINT('',(0.346083581181,-0.659295910154));
#5018 = CARTESIAN_POINT('',(0.350715685391,-0.659219403412));
#5019 = CARTESIAN_POINT('',(0.355323880156,-0.659219403412));
#5020 = ( GEOMETRIC_REPRESENTATION_CONTEXT(2) 
PARAMETRIC_REPRESENTATION_CONTEXT() REPRESENTATION_CONTEXT('2D SPACE',''
  ) );
#5021 = PCURVE('',#5022,#5027);
#5022 = CYLINDRICAL_SURFACE('',#5023,9.);
#5023 = AXIS2_PLACEMENT_3D('',#5024,#5025,#5026);
#5024 = CARTESIAN_POINT('',(49.,-27.,-35.5));
#5025 = DIRECTION('',(1.,0.,-0.));
#5026 = DIRECTION('',(0.,-1.,0.));
#5027 = DEFINITIONAL_REPRESENTATION('',(#5028),#5085);
#5028 = B_SPLINE_CURVE_WITH_KNOTS('',7,(#5029,#5030,#5031,#5032,#5033,
    #5034,#5035,#5036,#5037,#5038,#5039,#5040,#5041,#5042,#5043,#5044,
    #5045,#5046,#5047,#5048,#5049,#5050,#5051,#5052,#5053,#5054,#5055,
    #5056,#5057,#5058,#5059,#5060,#5061,#5062,#5063,#5064,#5065,#5066,
    #5067,#5068,#5069,#5070,#5071,#5072,#5073,#5074,#5075,#5076,#5077,
    #5078,#5079,#5080,#5081,#5082,#5083,#5084),.UNSPECIFIED.,.F.,.F.,(8,
    6,6,6,6,6,6,6,6,8),(0.,0.286097281744,0.51204607784,0.687330751728,
    0.748505285993,0.782473110123,0.851714074273,0.915651222614,
    0.946326027688,1.),.UNSPECIFIED.);
#5029 = CARTESIAN_POINT('',(0.,10.765798859679));
#5030 = CARTESIAN_POINT('',(-3.829407552069E-02,11.296248665079));
#5031 = CARTESIAN_POINT('',(-7.794064499034E-02,11.822570149171));
#5032 = CARTESIAN_POINT('',(-0.119047967592,12.344421140452));
#5033 = CARTESIAN_POINT('',(-0.161739068399,12.861176840146));
#5034 = CARTESIAN_POINT('',(-0.20616445188,13.371925706032));
#5035 = CARTESIAN_POINT('',(-0.252508663306,13.875478327926));
#5036 = CARTESIAN_POINT('',(-0.339397209057,14.761078181377));
#5037 = CARTESIAN_POINT('',(-0.379088821094,15.146172826884));
#5038 = CARTESIAN_POINT('',(-0.420286389034,15.525006092409));
#5039 = CARTESIAN_POINT('',(-0.463149178924,15.896492914733));
#5040 = CARTESIAN_POINT('',(-0.507858224419,16.259016999901));
#5041 = CARTESIAN_POINT('',(-0.554619299022,16.610469003378));
#5042 = CARTESIAN_POINT('',(-0.64187755912,17.20989601592));
#5043 = CARTESIAN_POINT('',(-0.681386297875,17.4631140854));
#5044 = CARTESIAN_POINT('',(-0.722455024154,17.706569768277));
#5045 = CARTESIAN_POINT('',(-0.765225270999,17.938322647605));
#5046 = CARTESIAN_POINT('',(-0.80981222543,18.155704752125));
#5047 = CARTESIAN_POINT('',(-0.856312136411,18.355395090349));
#5048 = CARTESIAN_POINT('',(-0.921740825655,18.595615507587));
#5049 = CARTESIAN_POINT('',(-0.93890553732,18.655107055776));
#5050 = CARTESIAN_POINT('',(-0.956307708511,18.711766483393));
#5051 = CARTESIAN_POINT('',(-0.973944847855,18.765404023406));
#5052 = CARTESIAN_POINT('',(-0.991811711169,18.815821830023));
#5053 = CARTESIAN_POINT('',(-1.009899891813,18.862819597621));
#5054 = CARTESIAN_POINT('',(-1.038357307203,18.930287718693));
#5055 = CARTESIAN_POINT('',(-1.048581675498,18.953259906645));
#5056 = CARTESIAN_POINT('',(-1.058868355985,18.975082907681));
#5057 = CARTESIAN_POINT('',(-1.06921485206,18.995723356364));
#5058 = CARTESIAN_POINT('',(-1.079618296694,19.015148842541));
#5059 = CARTESIAN_POINT('',(-1.090075418665,19.033328396225));
#5060 = CARTESIAN_POINT('',(-1.122000455596,19.08469173422));
#5061 = CARTESIAN_POINT('',(-1.143628877498,19.113857036203));
#5062 = CARTESIAN_POINT('',(-1.165432400753,19.137475187016));
#5063 = CARTESIAN_POINT('',(-1.187373069035,19.155338361072));
#5064 = CARTESIAN_POINT('',(-1.209409326362,19.167296521837));
#5065 = CARTESIAN_POINT('',(-1.231495000031,19.173269345058));
#5066 = CARTESIAN_POINT('',(-1.273970000961,19.17324779707));
#5067 = CARTESIAN_POINT('',(-1.294363174325,19.168135126978));
#5068 = CARTESIAN_POINT('',(-1.314717421769,19.157919472676));
#5069 = CARTESIAN_POINT('',(-1.334996219863,19.14265918607));
#5070 = CARTESIAN_POINT('',(-1.355166222042,19.122464007703));
#5071 = CARTESIAN_POINT('',(-1.375196577039,19.097487444457));
#5072 = CARTESIAN_POINT('',(-1.40458718127,19.053733313543));
#5073 = CARTESIAN_POINT('',(-1.414077740913,19.038489943768));
#5074 = CARTESIAN_POINT('',(-1.423527018752,19.022209436022));
#5075 = CARTESIAN_POINT('',(-1.432932397403,19.004913656676));
#5076 = CARTESIAN_POINT('',(-1.442291528906,18.986625641178));
#5077 = CARTESIAN_POINT('',(-1.451602314036,18.96736929487));
#5078 = CARTESIAN_POINT('',(-1.477066780773,18.911823309856));
#5079 = CARTESIAN_POINT('',(-1.493116873756,18.87358775779));
#5080 = CARTESIAN_POINT('',(-1.50900341494,18.832593425578));
#5081 = CARTESIAN_POINT('',(-1.524719014623,18.788975366612));
#5082 = CARTESIAN_POINT('',(-1.540258387616,18.742869241184));
#5083 = CARTESIAN_POINT('',(-1.555618101818,18.69440785798));
#5084 = CARTESIAN_POINT('',(-1.570796326795,18.643717715563));
#5085 = ( GEOMETRIC_REPRESENTATION_CONTEXT(2) 
PARAMETRIC_REPRESENTATION_CONTEXT() REPRESENTATION_CONTEXT('2D SPACE',''
  ) );
#5086 = ORIENTED_EDGE('',*,*,#5087,.F.);
#5087 = EDGE_CURVE('',#3903,#4901,#5088,.T.);
#5088 = SURFACE_CURVE('',#5089,(#5110,#5134),.PCURVE_S1.);
#5089 = B_SPLINE_CURVE_WITH_KNOTS('',7,(#5090,#5091,#5092,#5093,#5094,
    #5095,#5096,#5097,#5098,#5099,#5100,#5101,#5102,#5103,#5104,#5105,
    #5106,#5107,#5108,#5109),.UNSPECIFIED.,.F.,.F.,(8,6,6,8),(0.,
    0.228470597997,0.624323974187,1.),.UNSPECIFIED.);
#5090 = CARTESIAN_POINT('',(68.653071463676,-38.,-27.69803902718));
#5091 = CARTESIAN_POINT('',(68.410088756519,-37.73129647471,
    -27.98787306001));
#5092 = CARTESIAN_POINT('',(68.166391614888,-37.45429529618,
    -28.26878739373));
#5093 = CARTESIAN_POINT('',(67.922114898916,-37.16925338824,
    -28.54065063739));
#5094 = CARTESIAN_POINT('',(67.677397778924,-36.8764150362,
    -28.80332846067));
#5095 = CARTESIAN_POINT('',(67.432384206376,-36.57601067673,
    -29.05668287135));
#5096 = CARTESIAN_POINT('',(67.187223384846,-36.26825568769,
    -29.30057149278));
#5097 = CARTESIAN_POINT('',(66.517312304792,-35.4077349672,
    -29.94075766108));
#5098 = CARTESIAN_POINT('',(66.092613174646,-34.84069717541,
    -30.31777495822));
#5099 = CARTESIAN_POINT('',(65.668717332501,-34.25319921384,
    -30.66519875178));
#5100 = CARTESIAN_POINT('',(65.24649376602,-33.64611687015,
    -30.9821783816));
#5101 = CARTESIAN_POINT('',(64.826941928265,-33.02024560296,
    -31.2677430461));
#5102 = CARTESIAN_POINT('',(64.411216960036,-32.37624909758,
    -31.52076271661));
#5103 = CARTESIAN_POINT('',(63.611057485329,-31.08657709449,
    -31.94774941054));
#5104 = CARTESIAN_POINT('',(63.226230703613,-30.44285748012,
    -32.12502287285));
#5105 = CARTESIAN_POINT('',(62.847257674122,-29.78362040512,
    -32.27054428074));
#5106 = CARTESIAN_POINT('',(62.475587396995,-29.1092249084,
    -32.38282134178));
#5107 = CARTESIAN_POINT('',(62.113083461596,-28.4201414486,
    -32.46002482747));
#5108 = CARTESIAN_POINT('',(61.762059851261,-27.71691625649,-32.5));
#5109 = CARTESIAN_POINT('',(61.425413550245,-27.,-32.5));
#5110 = PCURVE('',#156,#5111);
#5111 = DEFINITIONAL_REPRESENTATION('',(#5112),#5133);
#5112 = B_SPLINE_CURVE_WITH_KNOTS('',7,(#5113,#5114,#5115,#5116,#5117,
    #5118,#5119,#5120,#5121,#5122,#5123,#5124,#5125,#5126,#5127,#5128,
    #5129,#5130,#5131,#5132),.UNSPECIFIED.,.F.,.F.,(8,6,6,8),(0.,
    0.228470597997,0.624323974187,1.),.UNSPECIFIED.);
#5113 = CARTESIAN_POINT('',(-8.881784197001E-16,-0.697692337287));
#5114 = CARTESIAN_POINT('',(8.765957617171E-03,-0.707147638795));
#5115 = CARTESIAN_POINT('',(1.796475251874E-02,-0.716399391961));
#5116 = CARTESIAN_POINT('',(2.760104676325E-02,-0.725437922974));
#5117 = CARTESIAN_POINT('',(3.76792291711E-02,-0.734252839045));
#5118 = CARTESIAN_POINT('',(4.820308239041E-02,-0.742833024509));
#5119 = CARTESIAN_POINT('',(5.917544996278E-02,-0.751166636927));
#5120 = CARTESIAN_POINT('',(9.038870707617E-02,-0.77323110782));
#5121 = CARTESIAN_POINT('',(0.111529034522,-0.786441974999));
#5122 = CARTESIAN_POINT('',(0.134029212941,-0.798810596678));
#5123 = CARTESIAN_POINT('',(0.157886486298,-0.81026412097));
#5124 = CARTESIAN_POINT('',(0.183075503904,-0.820721277791));
#5125 = CARTESIAN_POINT('',(0.209540806012,-0.830093093528));
#5126 = CARTESIAN_POINT('',(0.263432411679,-0.846055442128));
#5127 = CARTESIAN_POINT('',(0.290732771782,-0.852760941067));
#5128 = CARTESIAN_POINT('',(0.319019607681,-0.858319828547));
#5129 = CARTESIAN_POINT('',(0.348179165102,-0.862640574687));
#5130 = CARTESIAN_POINT('',(0.378047447581,-0.86562375992));
#5131 = CARTESIAN_POINT('',(0.40840891715,-0.867168424054));
#5132 = CARTESIAN_POINT('',(0.439013126333,-0.867168424054));
#5133 = ( GEOMETRIC_REPRESENTATION_CONTEXT(2) 
PARAMETRIC_REPRESENTATION_CONTEXT() REPRESENTATION_CONTEXT('2D SPACE',''
  ) );
#5134 = PCURVE('',#3960,#5135);
#5135 = DEFINITIONAL_REPRESENTATION('',(#5136),#5157);
#5136 = B_SPLINE_CURVE_WITH_KNOTS('',7,(#5137,#5138,#5139,#5140,#5141,
    #5142,#5143,#5144,#5145,#5146,#5147,#5148,#5149,#5150,#5151,#5152,
    #5153,#5154,#5155,#5156),.UNSPECIFIED.,.F.,.F.,(8,6,6,8),(0.,
    0.228470597997,0.624323974187,1.),.UNSPECIFIED.);
#5137 = CARTESIAN_POINT('',(0.747584349669,25.653071463676));
#5138 = CARTESIAN_POINT('',(0.773932898108,25.410088756519));
#5139 = CARTESIAN_POINT('',(0.800221458676,25.166391614888));
#5140 = CARTESIAN_POINT('',(0.826461845931,24.922114898916));
#5141 = CARTESIAN_POINT('',(0.852665681967,24.677397778924));
#5142 = CARTESIAN_POINT('',(0.878844678724,24.432384206376));
#5143 = CARTESIAN_POINT('',(0.905010920298,24.187223384846));
#5144 = CARTESIAN_POINT('',(0.976513344204,23.517312304792));
#5145 = CARTESIAN_POINT('',(1.021845743704,23.092613174646));
#5146 = CARTESIAN_POINT('',(1.06724693189,22.668717332501));
#5147 = CARTESIAN_POINT('',(1.112788803727,22.24649376602));
#5148 = CARTESIAN_POINT('',(1.158546400685,21.826941928265));
#5149 = CARTESIAN_POINT('',(1.204605461353,21.411216960036));
#5150 = CARTESIAN_POINT('',(1.295173336755,20.611057485329));
#5151 = CARTESIAN_POINT('',(1.339627676946,20.226230703613));
#5152 = CARTESIAN_POINT('',(1.384538902298,19.847257674122));
#5153 = CARTESIAN_POINT('',(1.430003041035,19.475587396995));
#5154 = CARTESIAN_POINT('',(1.476120223856,19.113083461596));
#5155 = CARTESIAN_POINT('',(1.523001909695,18.762059851261));
#5156 = CARTESIAN_POINT('',(1.570796326795,18.425413550245));
#5157 = ( GEOMETRIC_REPRESENTATION_CONTEXT(2) 
PARAMETRIC_REPRESENTATION_CONTEXT() REPRESENTATION_CONTEXT('2D SPACE',''
  ) );
#5158 = ORIENTED_EDGE('',*,*,#3900,.F.);
#5159 = ADVANCED_FACE('',(#5160),#2842,.T.);
#5160 = FACE_BOUND('',#5161,.T.);
#5161 = EDGE_LOOP('',(#5162,#5183,#5184));
#5162 = ORIENTED_EDGE('',*,*,#5163,.F.);
#5163 = EDGE_CURVE('',#4470,#2564,#5164,.T.);
#5164 = SURFACE_CURVE('',#5165,(#5169,#5176),.PCURVE_S1.);
#5165 = LINE('',#5166,#5167);
#5166 = CARTESIAN_POINT('',(49.,-36.,-35.5));
#5167 = VECTOR('',#5168,1.);
#5168 = DIRECTION('',(-0.,1.,0.));
#5169 = PCURVE('',#2842,#5170);
#5170 = DEFINITIONAL_REPRESENTATION('',(#5171),#5175);
#5171 = LINE('',#5172,#5173);
#5172 = CARTESIAN_POINT('',(0.,0.));
#5173 = VECTOR('',#5174,1.);
#5174 = DIRECTION('',(0.,1.));
#5175 = ( GEOMETRIC_REPRESENTATION_CONTEXT(2) 
PARAMETRIC_REPRESENTATION_CONTEXT() REPRESENTATION_CONTEXT('2D SPACE',''
  ) );
#5176 = PCURVE('',#2526,#5177);
#5177 = DEFINITIONAL_REPRESENTATION('',(#5178),#5182);
#5178 = LINE('',#5179,#5180);
#5179 = CARTESIAN_POINT('',(14.,0.));
#5180 = VECTOR('',#5181,1.);
#5181 = DIRECTION('',(0.,-1.));
#5182 = ( GEOMETRIC_REPRESENTATION_CONTEXT(2) 
PARAMETRIC_REPRESENTATION_CONTEXT() REPRESENTATION_CONTEXT('2D SPACE',''
  ) );
#5183 = ORIENTED_EDGE('',*,*,#4469,.T.);
#5184 = ORIENTED_EDGE('',*,*,#2592,.F.);
#5185 = ADVANCED_FACE('',(#5186),#2526,.F.);
#5186 = FACE_BOUND('',#5187,.F.);
#5187 = EDGE_LOOP('',(#5188,#5211,#5239,#5267,#5297,#5318,#5319,#5320,
    #5321));
#5188 = ORIENTED_EDGE('',*,*,#5189,.F.);
#5189 = EDGE_CURVE('',#5190,#4670,#5192,.T.);
#5190 = VERTEX_POINT('',#5191);
#5191 = CARTESIAN_POINT('',(49.,-27.,-40.5));
#5192 = SURFACE_CURVE('',#5193,(#5197,#5204),.PCURVE_S1.);
#5193 = LINE('',#5194,#5195);
#5194 = CARTESIAN_POINT('',(49.,-27.,-49.5));
#5195 = VECTOR('',#5196,1.);
#5196 = DIRECTION('',(0.,0.,1.));
#5197 = PCURVE('',#2526,#5198);
#5198 = DEFINITIONAL_REPRESENTATION('',(#5199),#5203);
#5199 = LINE('',#5200,#5201);
#5200 = CARTESIAN_POINT('',(0.,-9.));
#5201 = VECTOR('',#5202,1.);
#5202 = DIRECTION('',(1.,0.));
#5203 = ( GEOMETRIC_REPRESENTATION_CONTEXT(2) 
PARAMETRIC_REPRESENTATION_CONTEXT() REPRESENTATION_CONTEXT('2D SPACE',''
  ) );
#5204 = PCURVE('',#4809,#5205);
#5205 = DEFINITIONAL_REPRESENTATION('',(#5206),#5210);
#5206 = LINE('',#5207,#5208);
#5207 = CARTESIAN_POINT('',(0.,0.));
#5208 = VECTOR('',#5209,1.);
#5209 = DIRECTION('',(0.,1.));
#5210 = ( GEOMETRIC_REPRESENTATION_CONTEXT(2) 
PARAMETRIC_REPRESENTATION_CONTEXT() REPRESENTATION_CONTEXT('2D SPACE',''
  ) );
#5211 = ORIENTED_EDGE('',*,*,#5212,.T.);
#5212 = EDGE_CURVE('',#5190,#5213,#5215,.T.);
#5213 = VERTEX_POINT('',#5214);
#5214 = CARTESIAN_POINT('',(49.,27.,-40.5));
#5215 = SURFACE_CURVE('',#5216,(#5220,#5227),.PCURVE_S1.);
#5216 = LINE('',#5217,#5218);
#5217 = CARTESIAN_POINT('',(49.,-36.,-40.5));
#5218 = VECTOR('',#5219,1.);
#5219 = DIRECTION('',(-0.,1.,0.));
#5220 = PCURVE('',#2526,#5221);
#5221 = DEFINITIONAL_REPRESENTATION('',(#5222),#5226);
#5222 = LINE('',#5223,#5224);
#5223 = CARTESIAN_POINT('',(9.,0.));
#5224 = VECTOR('',#5225,1.);
#5225 = DIRECTION('',(0.,-1.));
#5226 = ( GEOMETRIC_REPRESENTATION_CONTEXT(2) 
PARAMETRIC_REPRESENTATION_CONTEXT() REPRESENTATION_CONTEXT('2D SPACE',''
  ) );
#5227 = PCURVE('',#5228,#5233);
#5228 = CYLINDRICAL_SURFACE('',#5229,9.);
#5229 = AXIS2_PLACEMENT_3D('',#5230,#5231,#5232);
#5230 = CARTESIAN_POINT('',(58.,-36.,-40.5));
#5231 = DIRECTION('',(-0.,1.,0.));
#5232 = DIRECTION('',(-1.,-0.,0.));
#5233 = DEFINITIONAL_REPRESENTATION('',(#5234),#5238);
#5234 = LINE('',#5235,#5236);
#5235 = CARTESIAN_POINT('',(-0.,0.));
#5236 = VECTOR('',#5237,1.);
#5237 = DIRECTION('',(-0.,1.));
#5238 = ( GEOMETRIC_REPRESENTATION_CONTEXT(2) 
PARAMETRIC_REPRESENTATION_CONTEXT() REPRESENTATION_CONTEXT('2D SPACE',''
  ) );
#5239 = ORIENTED_EDGE('',*,*,#5240,.T.);
#5240 = EDGE_CURVE('',#5213,#5241,#5243,.T.);
#5241 = VERTEX_POINT('',#5242);
#5242 = CARTESIAN_POINT('',(49.,27.,-38.85105154537));
#5243 = SURFACE_CURVE('',#5244,(#5248,#5255),.PCURVE_S1.);
#5244 = LINE('',#5245,#5246);
#5245 = CARTESIAN_POINT('',(49.,27.,-49.5));
#5246 = VECTOR('',#5247,1.);
#5247 = DIRECTION('',(0.,0.,1.));
#5248 = PCURVE('',#2526,#5249);
#5249 = DEFINITIONAL_REPRESENTATION('',(#5250),#5254);
#5250 = LINE('',#5251,#5252);
#5251 = CARTESIAN_POINT('',(0.,-63.));
#5252 = VECTOR('',#5253,1.);
#5253 = DIRECTION('',(1.,0.));
#5254 = ( GEOMETRIC_REPRESENTATION_CONTEXT(2) 
PARAMETRIC_REPRESENTATION_CONTEXT() REPRESENTATION_CONTEXT('2D SPACE',''
  ) );
#5255 = PCURVE('',#5256,#5261);
#5256 = CYLINDRICAL_SURFACE('',#5257,9.);
#5257 = AXIS2_PLACEMENT_3D('',#5258,#5259,#5260);
#5258 = CARTESIAN_POINT('',(58.,27.,-49.5));
#5259 = DIRECTION('',(0.,0.,1.));
#5260 = DIRECTION('',(-1.,-0.,0.));
#5261 = DEFINITIONAL_REPRESENTATION('',(#5262),#5266);
#5262 = LINE('',#5263,#5264);
#5263 = CARTESIAN_POINT('',(-0.,0.));
#5264 = VECTOR('',#5265,1.);
#5265 = DIRECTION('',(-0.,1.));
#5266 = ( GEOMETRIC_REPRESENTATION_CONTEXT(2) 
PARAMETRIC_REPRESENTATION_CONTEXT() REPRESENTATION_CONTEXT('2D SPACE',''
  ) );
#5267 = ORIENTED_EDGE('',*,*,#5268,.F.);
#5268 = EDGE_CURVE('',#5269,#5241,#5271,.T.);
#5269 = VERTEX_POINT('',#5270);
#5270 = CARTESIAN_POINT('',(49.,19.112173232476,-35.5));
#5271 = SURFACE_CURVE('',#5272,(#5277,#5284),.PCURVE_S1.);
#5272 = CIRCLE('',#5273,38.457769046059);
#5273 = AXIS2_PLACEMENT_3D('',#5274,#5275,#5276);
#5274 = CARTESIAN_POINT('',(49.,38.,-2.));
#5275 = DIRECTION('',(1.,0.,-0.));
#5276 = DIRECTION('',(0.,0.,1.));
#5277 = PCURVE('',#2526,#5278);
#5278 = DEFINITIONAL_REPRESENTATION('',(#5279),#5283);
#5279 = CIRCLE('',#5280,38.457769046059);
#5280 = AXIS2_PLACEMENT_2D('',#5281,#5282);
#5281 = CARTESIAN_POINT('',(47.5,-74.));
#5282 = DIRECTION('',(1.,0.));
#5283 = ( GEOMETRIC_REPRESENTATION_CONTEXT(2) 
PARAMETRIC_REPRESENTATION_CONTEXT() REPRESENTATION_CONTEXT('2D SPACE',''
  ) );
#5284 = PCURVE('',#595,#5285);
#5285 = DEFINITIONAL_REPRESENTATION('',(#5286),#5296);
#5286 = B_SPLINE_CURVE_WITH_KNOTS('',8,(#5287,#5288,#5289,#5290,#5291,
    #5292,#5293,#5294,#5295),.UNSPECIFIED.,.F.,.F.,(9,9),(2.628204273173
    ,2.851513542298),.PIECEWISE_BEZIER_KNOTS.);
#5287 = CARTESIAN_POINT('',(5.239756086268,-0.992691962229));
#5288 = CARTESIAN_POINT('',(5.26128655871,-1.016813134267));
#5289 = CARTESIAN_POINT('',(5.285023624503,-1.040588645618));
#5290 = CARTESIAN_POINT('',(5.311295082558,-1.06396009448));
#5291 = CARTESIAN_POINT('',(5.340495927981,-1.086854887513));
#5292 = CARTESIAN_POINT('',(5.373109535438,-1.10918058316));
#5293 = CARTESIAN_POINT('',(5.409715988986,-1.13081895042));
#5294 = CARTESIAN_POINT('',(5.451030431356,-1.151611613529));
#5295 = CARTESIAN_POINT('',(5.497787143782,-1.171349550841));
#5296 = ( GEOMETRIC_REPRESENTATION_CONTEXT(2) 
PARAMETRIC_REPRESENTATION_CONTEXT() REPRESENTATION_CONTEXT('2D SPACE',''
  ) );
#5297 = ORIENTED_EDGE('',*,*,#5298,.F.);
#5298 = EDGE_CURVE('',#2123,#5269,#5299,.T.);
#5299 = SURFACE_CURVE('',#5300,(#5304,#5311),.PCURVE_S1.);
#5300 = LINE('',#5301,#5302);
#5301 = CARTESIAN_POINT('',(49.,-36.,-35.5));
#5302 = VECTOR('',#5303,1.);
#5303 = DIRECTION('',(-0.,1.,0.));
#5304 = PCURVE('',#2526,#5305);
#5305 = DEFINITIONAL_REPRESENTATION('',(#5306),#5310);
#5306 = LINE('',#5307,#5308);
#5307 = CARTESIAN_POINT('',(14.,0.));
#5308 = VECTOR('',#5309,1.);
#5309 = DIRECTION('',(0.,-1.));
#5310 = ( GEOMETRIC_REPRESENTATION_CONTEXT(2) 
PARAMETRIC_REPRESENTATION_CONTEXT() REPRESENTATION_CONTEXT('2D SPACE',''
  ) );
#5311 = PCURVE('',#2374,#5312);
#5312 = DEFINITIONAL_REPRESENTATION('',(#5313),#5317);
#5313 = LINE('',#5314,#5315);
#5314 = CARTESIAN_POINT('',(0.,0.));
#5315 = VECTOR('',#5316,1.);
#5316 = DIRECTION('',(0.,1.));
#5317 = ( GEOMETRIC_REPRESENTATION_CONTEXT(2) 
PARAMETRIC_REPRESENTATION_CONTEXT() REPRESENTATION_CONTEXT('2D SPACE',''
  ) );
#5318 = ORIENTED_EDGE('',*,*,#2504,.F.);
#5319 = ORIENTED_EDGE('',*,*,#2563,.F.);
#5320 = ORIENTED_EDGE('',*,*,#5163,.F.);
#5321 = ORIENTED_EDGE('',*,*,#4669,.F.);
#5322 = ADVANCED_FACE('',(#5323),#2374,.T.);
#5323 = FACE_BOUND('',#5324,.T.);
#5324 = EDGE_LOOP('',(#5325,#5523,#5524));
#5325 = ORIENTED_EDGE('',*,*,#5326,.F.);
#5326 = EDGE_CURVE('',#5269,#1784,#5327,.T.);
#5327 = SURFACE_CURVE('',#5328,(#5391,#5457),.PCURVE_S1.);
#5328 = B_SPLINE_CURVE_WITH_KNOTS('',7,(#5329,#5330,#5331,#5332,#5333,
    #5334,#5335,#5336,#5337,#5338,#5339,#5340,#5341,#5342,#5343,#5344,
    #5345,#5346,#5347,#5348,#5349,#5350,#5351,#5352,#5353,#5354,#5355,
    #5356,#5357,#5358,#5359,#5360,#5361,#5362,#5363,#5364,#5365,#5366,
    #5367,#5368,#5369,#5370,#5371,#5372,#5373,#5374,#5375,#5376,#5377,
    #5378,#5379,#5380,#5381,#5382,#5383,#5384,#5385,#5386,#5387,#5388,
    #5389,#5390),.UNSPECIFIED.,.F.,.F.,(8,6,6,6,6,6,6,6,6,6,8),(0.,
    0.235184975509,0.416314165711,0.584832722063,0.636686338719,
    0.664364634525,0.721015719675,0.775318218141,0.80231252045,
    0.851926959704,1.),.UNSPECIFIED.);
#5329 = CARTESIAN_POINT('',(49.,19.112173232476,-35.5));
#5330 = CARTESIAN_POINT('',(49.,18.655889756204,-35.24274020129));
#5331 = CARTESIAN_POINT('',(49.008579016159,18.202707625719,
    -34.97485662016));
#5332 = CARTESIAN_POINT('',(49.027013991052,17.752909841404,
    -34.69592395592));
#5333 = CARTESIAN_POINT('',(49.056790714617,17.306967452494,
    -34.40552305528));
#5334 = CARTESIAN_POINT('',(49.099686653101,16.865549485254,
    -34.10322744246));
#5335 = CARTESIAN_POINT('',(49.157816649569,16.429524504914,
    -33.78860280708));
#5336 = CARTESIAN_POINT('',(49.292675325401,15.669248780325,
    -33.20880525258));
#5337 = CARTESIAN_POINT('',(49.362033678223,15.342479689094,
    -32.94899244151));
#5338 = CARTESIAN_POINT('',(49.443369269118,15.020136996251,
    -32.68129185641));
#5339 = CARTESIAN_POINT('',(49.53819413006,14.702940872424,
    -32.40546538153));
#5340 = CARTESIAN_POINT('',(49.648325872041,14.391935686733,
    -32.12136589912));
#5341 = CARTESIAN_POINT('',(49.775902962635,14.088484347402,
    -31.82895192202));
#5342 = CARTESIAN_POINT('',(50.061471384476,13.520815160429,
    -31.24829119208));
#5343 = CARTESIAN_POINT('',(50.216503415676,13.255780250774,
    -30.96162559158));
#5344 = CARTESIAN_POINT('',(50.391401139944,13.000296860576,
    -30.66768813436));
#5345 = CARTESIAN_POINT('',(50.588937626735,12.756557971977,
    -30.36674441278));
#5346 = CARTESIAN_POINT('',(50.812168355375,12.527916460072,
    -30.05987774047));
#5347 = CARTESIAN_POINT('',(51.064228243169,12.318737061093,
    -29.74906742176));
#5348 = CARTESIAN_POINT('',(51.436058295731,12.077916861128,
    -29.34114156476));
#5349 = CARTESIAN_POINT('',(51.526558164043,12.023652537891,
    -29.24510240296));
#5350 = CARTESIAN_POINT('',(51.620134827694,11.97196227484,
    -29.14911893747));
#5351 = CARTESIAN_POINT('',(51.71684060002,11.923036122429,-29.053324834
    ));
#5352 = CARTESIAN_POINT('',(51.816704608237,11.877074719523,
    -28.9578764941));
#5353 = CARTESIAN_POINT('',(51.919725907216,11.834283173263,
    -28.86295194703));
#5354 = CARTESIAN_POINT('',(52.082522107267,11.773824370886,
    -28.71846672068));
#5355 = CARTESIAN_POINT('',(52.140065751105,11.753745103412,
    -28.66839002605));
#5356 = CARTESIAN_POINT('',(52.198490940037,11.734658173149,
    -28.61855040163));
#5357 = CARTESIAN_POINT('',(52.25778790397,11.716594350927,
    -28.56898025111));
#5358 = CARTESIAN_POINT('',(52.317943272067,11.69958366623,
    -28.51971347491));
#5359 = CARTESIAN_POINT('',(52.378939657358,11.683654931654,
    -28.47078530704));
#5360 = CARTESIAN_POINT('',(52.56727747875,11.638502833975,
    -28.32285504585));
#5361 = CARTESIAN_POINT('',(52.697249827576,11.612812398868,
    -28.22503470825));
#5362 = CARTESIAN_POINT('',(52.830460988685,11.592004087552,
    -28.12910388405));
#5363 = CARTESIAN_POINT('',(52.966649039277,11.576276152883,
    -28.03538968113));
#5364 = CARTESIAN_POINT('',(53.105494445913,11.565772479917,
    -27.94420685427));
#5365 = CARTESIAN_POINT('',(53.246613077519,11.560570090769,
    -27.8558510893));
#5366 = CARTESIAN_POINT('',(53.526559648994,11.56075920513,
    -27.68886806327));
#5367 = CARTESIAN_POINT('',(53.665267744907,11.565720444139,
    -27.60997278531));
#5368 = CARTESIAN_POINT('',(53.805275042267,11.575550509756,
    -27.53414460404));
#5369 = CARTESIAN_POINT('',(53.946191967852,11.590182860848,
    -27.46155879615));
#5370 = CARTESIAN_POINT('',(54.087639948698,11.609494237877,
    -27.39233518487));
#5371 = CARTESIAN_POINT('',(54.229253521713,11.633314628891,
    -27.3265455605));
#5372 = CARTESIAN_POINT('',(54.440988141414,11.675417257915,
    -27.23323900357));
#5373 = CARTESIAN_POINT('',(54.511252504164,11.690461257446,
    -27.20311130398));
#5374 = CARTESIAN_POINT('',(54.581435465232,11.706544564653,
    -27.17384066104));
#5375 = CARTESIAN_POINT('',(54.651499753183,11.723640866135,
    -27.14542663317));
#5376 = CARTESIAN_POINT('',(54.721410850468,11.741722630959,
    -27.11786607179));
#5377 = CARTESIAN_POINT('',(54.791136952427,11.760761537079,
    -27.09115351469));
#5378 = CARTESIAN_POINT('',(54.988409131591,11.817428101596,
    -27.01773000526));
#5379 = CARTESIAN_POINT('',(55.115444122202,11.857263300547,
    -26.97301894341));
#5380 = CARTESIAN_POINT('',(55.241577441378,11.900056815054,
    -26.93110017355));
#5381 = CARTESIAN_POINT('',(55.366663287468,11.945628363106,
    -26.89190481187));
#5382 = CARTESIAN_POINT('',(55.490584663673,11.993800350007,
    -26.85534893702));
#5383 = CARTESIAN_POINT('',(55.613251527799,12.044403158145,
    -26.82133921608));
#5384 = CARTESIAN_POINT('',(56.096757233532,12.255091338742,
    -26.69558646213));
#5385 = CARTESIAN_POINT('',(56.446715522109,12.432964204826,
    -26.62332312846));
#5386 = CARTESIAN_POINT('',(56.78354550614,12.626968799547,
    -26.57010551314));
#5387 = CARTESIAN_POINT('',(57.10688448282,12.833857958063,
    -26.53329981609));
#5388 = CARTESIAN_POINT('',(57.416907121907,13.051085726361,
    -26.51058379032));
#5389 = CARTESIAN_POINT('',(57.714265872098,13.27685664944,-26.5));
#5390 = CARTESIAN_POINT('',(58.,13.510206207483,-26.5));
#5391 = PCURVE('',#2374,#5392);
#5392 = DEFINITIONAL_REPRESENTATION('',(#5393),#5456);
#5393 = B_SPLINE_CURVE_WITH_KNOTS('',7,(#5394,#5395,#5396,#5397,#5398,
    #5399,#5400,#5401,#5402,#5403,#5404,#5405,#5406,#5407,#5408,#5409,
    #5410,#5411,#5412,#5413,#5414,#5415,#5416,#5417,#5418,#5419,#5420,
    #5421,#5422,#5423,#5424,#5425,#5426,#5427,#5428,#5429,#5430,#5431,
    #5432,#5433,#5434,#5435,#5436,#5437,#5438,#5439,#5440,#5441,#5442,
    #5443,#5444,#5445,#5446,#5447,#5448,#5449,#5450,#5451,#5452,#5453,
    #5454,#5455),.UNSPECIFIED.,.F.,.F.,(8,6,6,6,6,6,6,6,6,6,8),(0.,
    0.235184975509,0.416314165711,0.584832722063,0.636686338719,
    0.664364634525,0.721015719675,0.775318218141,0.80231252045,
    0.851926959704,1.),.UNSPECIFIED.);
#5394 = CARTESIAN_POINT('',(0.,55.112173232476));
#5395 = CARTESIAN_POINT('',(2.858442207866E-02,54.655889756204));
#5396 = CARTESIAN_POINT('',(5.834924990361E-02,54.202707625719));
#5397 = CARTESIAN_POINT('',(8.937998976623E-02,53.752909841404));
#5398 = CARTESIAN_POINT('',(0.121775183988,53.306967452494));
#5399 = CARTESIAN_POINT('',(0.155655197643,52.865549485254));
#5400 = CARTESIAN_POINT('',(0.191167833958,52.429524504914));
#5401 = CARTESIAN_POINT('',(0.257309476456,51.669248780325));
#5402 = CARTESIAN_POINT('',(0.287172868077,51.342479689094));
#5403 = CARTESIAN_POINT('',(0.318230411851,51.020136996251));
#5404 = CARTESIAN_POINT('',(0.350597668834,50.702940872424));
#5405 = CARTESIAN_POINT('',(0.384408654026,50.391935686733));
#5406 = CARTESIAN_POINT('',(0.419819778472,50.088484347402));
#5407 = CARTESIAN_POINT('',(0.491717872237,49.520815160429));
#5408 = CARTESIAN_POINT('',(0.527902074067,49.255780250774));
#5409 = CARTESIAN_POINT('',(0.565853530247,49.000296860576));
#5410 = CARTESIAN_POINT('',(0.605776246406,48.756557971977));
#5411 = CARTESIAN_POINT('',(0.647852329336,48.527916460072));
#5412 = CARTESIAN_POINT('',(0.692241742436,48.318737061093));
#5413 = CARTESIAN_POINT('',(0.75357075726,48.077916861128));
#5414 = CARTESIAN_POINT('',(0.768231102612,48.023652537891));
#5415 = CARTESIAN_POINT('',(0.783122060203,47.97196227484));
#5416 = CARTESIAN_POINT('',(0.79824221363,47.923036122429));
#5417 = CARTESIAN_POINT('',(0.813587282477,47.877074719523));
#5418 = CARTESIAN_POINT('',(0.829149671126,47.834283173263));
#5419 = CARTESIAN_POINT('',(0.853334806696,47.773824370886));
#5420 = CARTESIAN_POINT('',(0.861810183835,47.753745103412));
#5421 = CARTESIAN_POINT('',(0.870342306941,47.734658173149));
#5422 = CARTESIAN_POINT('',(0.878929010548,47.716594350927));
#5423 = CARTESIAN_POINT('',(0.887567775778,47.69958366623));
#5424 = CARTESIAN_POINT('',(0.896255700348,47.683654931654));
#5425 = CARTESIAN_POINT('',(0.922865476965,47.638502833975));
#5426 = CARTESIAN_POINT('',(0.940936128074,47.612812398868));
#5427 = CARTESIAN_POINT('',(0.959169384221,47.592004087552));
#5428 = CARTESIAN_POINT('',(0.977530233229,47.576276152883));
#5429 = CARTESIAN_POINT('',(0.995979935049,47.565772479917));
#5430 = CARTESIAN_POINT('',(1.014475268376,47.560570090769));
#5431 = CARTESIAN_POINT('',(1.050693641358,47.56075920513));
#5432 = CARTESIAN_POINT('',(1.068420470898,47.565720444139));
#5433 = CARTESIAN_POINT('',(1.086105833195,47.575550509756));
#5434 = CARTESIAN_POINT('',(1.103711617978,47.590182860848));
#5435 = CARTESIAN_POINT('',(1.121203429808,47.609494237877));
#5436 = CARTESIAN_POINT('',(1.138549980497,47.633314628891));
#5437 = CARTESIAN_POINT('',(1.164259099489,47.675417257915));
#5438 = CARTESIAN_POINT('',(1.172753231872,47.690461257446));
#5439 = CARTESIAN_POINT('',(1.181201702899,47.706544564653));
#5440 = CARTESIAN_POINT('',(1.189601711975,47.723640866135));
#5441 = CARTESIAN_POINT('',(1.19795080712,47.741722630959));
#5442 = CARTESIAN_POINT('',(1.206246858411,47.760761537079));
#5443 = CARTESIAN_POINT('',(1.22963497516,47.817428101596));
#5444 = CARTESIAN_POINT('',(1.244596303767,47.857263300547));
#5445 = CARTESIAN_POINT('',(1.259361210767,47.900056815054));
#5446 = CARTESIAN_POINT('',(1.273922202252,47.945628363106));
#5447 = CARTESIAN_POINT('',(1.288274710449,47.993800350007));
#5448 = CARTESIAN_POINT('',(1.302416707284,48.044403158145));
#5449 = CARTESIAN_POINT('',(1.357926857907,48.255091338742));
#5450 = CARTESIAN_POINT('',(1.397580190142,48.432964204826));
#5451 = CARTESIAN_POINT('',(1.435406503082,48.626968799547));
#5452 = CARTESIAN_POINT('',(1.471509018144,48.833857958063));
#5453 = CARTESIAN_POINT('',(1.506008220881,49.051085726361));
#5454 = CARTESIAN_POINT('',(1.539048090361,49.27685664944));
#5455 = CARTESIAN_POINT('',(1.570796326795,49.510206207483));
#5456 = ( GEOMETRIC_REPRESENTATION_CONTEXT(2) 
PARAMETRIC_REPRESENTATION_CONTEXT() REPRESENTATION_CONTEXT('2D SPACE',''
  ) );
#5457 = PCURVE('',#595,#5458);
#5458 = DEFINITIONAL_REPRESENTATION('',(#5459),#5522);
#5459 = B_SPLINE_CURVE_WITH_KNOTS('',7,(#5460,#5461,#5462,#5463,#5464,
    #5465,#5466,#5467,#5468,#5469,#5470,#5471,#5472,#5473,#5474,#5475,
    #5476,#5477,#5478,#5479,#5480,#5481,#5482,#5483,#5484,#5485,#5486,
    #5487,#5488,#5489,#5490,#5491,#5492,#5493,#5494,#5495,#5496,#5497,
    #5498,#5499,#5500,#5501,#5502,#5503,#5504,#5505,#5506,#5507,#5508,
    #5509,#5510,#5511,#5512,#5513,#5514,#5515,#5516,#5517,#5518,#5519,
    #5520,#5521),.UNSPECIFIED.,.F.,.F.,(8,6,6,6,6,6,6,6,6,6,8),(0.,
    0.235184975509,0.416314165711,0.584832722063,0.636686338719,
    0.664364634525,0.721015719675,0.775318218141,0.80231252045,
    0.851926959704,1.),.UNSPECIFIED.);
#5460 = CARTESIAN_POINT('',(5.239756086268,-0.992691962229));
#5461 = CARTESIAN_POINT('',(5.229250344271,-0.980922094624));
#5462 = CARTESIAN_POINT('',(5.219597384313,-0.968913882904));
#5463 = CARTESIAN_POINT('',(5.210796667917,-0.956663273453));
#5464 = CARTESIAN_POINT('',(5.202858653266,-0.944166941594));
#5465 = CARTESIAN_POINT('',(5.195805328235,-0.93142163386));
#5466 = CARTESIAN_POINT('',(5.189670423809,-0.918423719639));
#5467 = CARTESIAN_POINT('',(5.180535652841,-0.894952280061));
#5468 = CARTESIAN_POINT('',(5.177140964869,-0.884589455389));
#5469 = CARTESIAN_POINT('',(5.174349592965,-0.87406877937));
#5470 = CARTESIAN_POINT('',(5.172196264176,-0.863387634743));
#5471 = CARTESIAN_POINT('',(5.170727757206,-0.85254705701));
#5472 = CARTESIAN_POINT('',(5.170002418056,-0.841551472284));
#5473 = CARTESIAN_POINT('',(5.170199587163,-0.820032059424));
#5474 = CARTESIAN_POINT('',(5.171010722734,-0.809545505469));
#5475 = CARTESIAN_POINT('',(5.172602051772,-0.798930453103));
#5476 = CARTESIAN_POINT('',(5.175062530483,-0.788201326806));
#5477 = CARTESIAN_POINT('',(5.178500642529,-0.77740018195));
#5478 = CARTESIAN_POINT('',(5.1830365085,-0.766595587121));
#5479 = CARTESIAN_POINT('',(5.190594233271,-0.752580777123));
#5480 = CARTESIAN_POINT('',(5.192489333818,-0.749293188823));
#5481 = CARTESIAN_POINT('',(5.194504683156,-0.746019284614));
#5482 = CARTESIAN_POINT('',(5.196643519634,-0.742763387698));
#5483 = CARTESIAN_POINT('',(5.198908592122,-0.739530504625));
#5484 = CARTESIAN_POINT('',(5.201301914598,-0.73632627021));
#5485 = CARTESIAN_POINT('',(5.205171031214,-0.7314651498));
#5486 = CARTESIAN_POINT('',(5.206554361242,-0.729783356016));
#5487 = CARTESIAN_POINT('',(5.207974646247,-0.728112473971));
#5488 = CARTESIAN_POINT('',(5.209431935642,-0.726453512877));
#5489 = CARTESIAN_POINT('',(5.210926176509,-0.724807522683));
#5490 = CARTESIAN_POINT('',(5.212457197294,-0.723175588465));
#5491 = CARTESIAN_POINT('',(5.217232990471,-0.718249682675));
#5492 = CARTESIAN_POINT('',(5.220594555129,-0.715003618634));
#5493 = CARTESIAN_POINT('',(5.224106151891,-0.711830885095));
#5494 = CARTESIAN_POINT('',(5.227762823788,-0.708741362936));
#5495 = CARTESIAN_POINT('',(5.231557539631,-0.705744385716));
#5496 = CARTESIAN_POINT('',(5.235480843161,-0.702848563888));
#5497 = CARTESIAN_POINT('',(5.243392688933,-0.697390193039));
#5498 = CARTESIAN_POINT('',(5.247372564449,-0.694818266021));
#5499 = CARTESIAN_POINT('',(5.251449448897,-0.692352632692));
#5500 = CARTESIAN_POINT('',(5.255612263755,-0.689998017307));
#5501 = CARTESIAN_POINT('',(5.25984965661,-0.687757350721));
#5502 = CARTESIAN_POINT('',(5.264150125928,-0.685632057469));
#5503 = CARTESIAN_POINT('',(5.270665577405,-0.682623294079));
#5504 = CARTESIAN_POINT('',(5.272841879697,-0.681652744899));
#5505 = CARTESIAN_POINT('',(5.275029729739,-0.680710681874));
#5506 = CARTESIAN_POINT('',(5.277227863248,-0.679796996521));
#5507 = CARTESIAN_POINT('',(5.279435077552,-0.678911498402));
#5508 = CARTESIAN_POINT('',(5.281650234529,-0.678053928225));
#5509 = CARTESIAN_POINT('',(5.287956263295,-0.675698542913));
#5510 = CARTESIAN_POINT('',(5.292063418405,-0.674266420236));
#5511 = CARTESIAN_POINT('',(5.29618721641,-0.672925567891));
#5512 = CARTESIAN_POINT('',(5.300321934488,-0.671673356657));
#5513 = CARTESIAN_POINT('',(5.304462648241,-0.670506738875));
#5514 = CARTESIAN_POINT('',(5.308605240469,-0.669422424204));
#5515 = CARTESIAN_POINT('',(5.325105625627,-0.665416557553));
#5516 = CARTESIAN_POINT('',(5.337436870546,-0.663122891235));
#5517 = CARTESIAN_POINT('',(5.349677923896,-0.661437167542));
#5518 = CARTESIAN_POINT('',(5.361786924445,-0.6602725568));
#5519 = CARTESIAN_POINT('',(5.373742171384,-0.659554138713));
#5520 = CARTESIAN_POINT('',(5.385542790953,-0.659219403412));
#5521 = CARTESIAN_POINT('',(5.397210268855,-0.659219403412));
#5522 = ( GEOMETRIC_REPRESENTATION_CONTEXT(2) 
PARAMETRIC_REPRESENTATION_CONTEXT() REPRESENTATION_CONTEXT('2D SPACE',''
  ) );
#5523 = ORIENTED_EDGE('',*,*,#5298,.F.);
#5524 = ORIENTED_EDGE('',*,*,#2122,.T.);
#5525 = ADVANCED_FACE('',(#5526),#595,.T.);
#5526 = FACE_BOUND('',#5527,.T.);
#5527 = EDGE_LOOP('',(#5528,#5554,#5555,#5634,#5821,#5853,#6015,#6016,
    #6017,#6018,#6076,#6159,#6345,#6346,#6370,#6431,#6455,#6506,#6530,
    #6531,#6714,#6751,#6752,#6808,#6842));
#5528 = ORIENTED_EDGE('',*,*,#5529,.F.);
#5529 = EDGE_CURVE('',#5530,#5532,#5534,.T.);
#5530 = VERTEX_POINT('',#5531);
#5531 = CARTESIAN_POINT('',(38.,38.,-42.));
#5532 = VERTEX_POINT('',#5533);
#5533 = CARTESIAN_POINT('',(68.653071463676,38.,-27.69803902718));
#5534 = SEAM_CURVE('',#5535,(#5540,#5547),.PCURVE_S1.);
#5535 = CIRCLE('',#5536,40.);
#5536 = AXIS2_PLACEMENT_3D('',#5537,#5538,#5539);
#5537 = CARTESIAN_POINT('',(38.,38.,-2.));
#5538 = DIRECTION('',(-2.449293598295E-16,-1.,0.));
#5539 = DIRECTION('',(1.,-2.449293598295E-16,0.));
#5540 = PCURVE('',#595,#5541);
#5541 = DEFINITIONAL_REPRESENTATION('',(#5542),#5546);
#5542 = LINE('',#5543,#5544);
#5543 = CARTESIAN_POINT('',(0.,-6.28318530718));
#5544 = VECTOR('',#5545,1.);
#5545 = DIRECTION('',(0.,1.));
#5546 = ( GEOMETRIC_REPRESENTATION_CONTEXT(2) 
PARAMETRIC_REPRESENTATION_CONTEXT() REPRESENTATION_CONTEXT('2D SPACE',''
  ) );
#5547 = PCURVE('',#595,#5548);
#5548 = DEFINITIONAL_REPRESENTATION('',(#5549),#5553);
#5549 = LINE('',#5550,#5551);
#5550 = CARTESIAN_POINT('',(6.28318530718,-6.28318530718));
#5551 = VECTOR('',#5552,1.);
#5552 = DIRECTION('',(0.,1.));
#5553 = ( GEOMETRIC_REPRESENTATION_CONTEXT(2) 
PARAMETRIC_REPRESENTATION_CONTEXT() REPRESENTATION_CONTEXT('2D SPACE',''
  ) );
#5554 = ORIENTED_EDGE('',*,*,#5529,.T.);
#5555 = ORIENTED_EDGE('',*,*,#5556,.T.);
#5556 = EDGE_CURVE('',#5532,#5557,#5559,.T.);
#5557 = VERTEX_POINT('',#5558);
#5558 = CARTESIAN_POINT('',(65.84569849126,34.483314791642,
    -30.50000002708));
#5559 = SURFACE_CURVE('',#5560,(#5581,#5605),.PCURVE_S1.);
#5560 = B_SPLINE_CURVE_WITH_KNOTS('',7,(#5561,#5562,#5563,#5564,#5565,
    #5566,#5567,#5568,#5569,#5570,#5571,#5572,#5573,#5574,#5575,#5576,
    #5577,#5578,#5579,#5580),.UNSPECIFIED.,.F.,.F.,(8,6,6,8),(0.,
    0.228470597997,0.624323974187,1.),.UNSPECIFIED.);
#5561 = CARTESIAN_POINT('',(68.653071463676,38.,-27.69803902718));
#5562 = CARTESIAN_POINT('',(68.410088756519,37.731296474713,
    -27.98787306001));
#5563 = CARTESIAN_POINT('',(68.166391614888,37.454295296181,
    -28.26878739373));
#5564 = CARTESIAN_POINT('',(67.922114898917,37.169253388241,
    -28.54065063739));
#5565 = CARTESIAN_POINT('',(67.677397778924,36.876415036206,
    -28.80332846067));
#5566 = CARTESIAN_POINT('',(67.432384206376,36.576010676733,
    -29.05668287135));
#5567 = CARTESIAN_POINT('',(67.187223384846,36.268255687694,
    -29.30057149278));
#5568 = CARTESIAN_POINT('',(66.517312304792,35.4077349672,
    -29.94075766108));
#5569 = CARTESIAN_POINT('',(66.092613174646,34.840697175409,
    -30.31777495822));
#5570 = CARTESIAN_POINT('',(65.668717332501,34.253199213844,
    -30.66519875178));
#5571 = CARTESIAN_POINT('',(65.24649376602,33.646116870157,
    -30.9821783816));
#5572 = CARTESIAN_POINT('',(64.826941928265,33.020245602968,
    -31.2677430461));
#5573 = CARTESIAN_POINT('',(64.411216960036,32.376249097582,
    -31.52076271661));
#5574 = CARTESIAN_POINT('',(63.611057485329,31.086577094492,
    -31.94774941054));
#5575 = CARTESIAN_POINT('',(63.226230703611,30.44285748012,
    -32.12502287286));
#5576 = CARTESIAN_POINT('',(62.847257674124,29.783620405125,
    -32.27054428074));
#5577 = CARTESIAN_POINT('',(62.475587396993,29.109224908403,
    -32.38282134178));
#5578 = CARTESIAN_POINT('',(62.113083461598,28.420141448609,
    -32.46002482747));
#5579 = CARTESIAN_POINT('',(61.762059851261,27.716916256497,-32.5));
#5580 = CARTESIAN_POINT('',(61.425413550245,27.,-32.5));
#5581 = PCURVE('',#595,#5582);
#5582 = DEFINITIONAL_REPRESENTATION('',(#5583),#5604);
#5583 = B_SPLINE_CURVE_WITH_KNOTS('',7,(#5584,#5585,#5586,#5587,#5588,
    #5589,#5590,#5591,#5592,#5593,#5594,#5595,#5596,#5597,#5598,#5599,
    #5600,#5601,#5602,#5603),.UNSPECIFIED.,.F.,.F.,(8,6,6,8),(0.,
    0.228470597997,0.624323974187,1.),.UNSPECIFIED.);
#5584 = CARTESIAN_POINT('',(6.28318530718,-0.697692337287));
#5585 = CARTESIAN_POINT('',(6.274419349562,-0.707147638795));
#5586 = CARTESIAN_POINT('',(6.265220554661,-0.716399391961));
#5587 = CARTESIAN_POINT('',(6.255584260416,-0.725437922974));
#5588 = CARTESIAN_POINT('',(6.245506078008,-0.734252839045));
#5589 = CARTESIAN_POINT('',(6.234982224789,-0.742833024509));
#5590 = CARTESIAN_POINT('',(6.224009857217,-0.751166636927));
#5591 = CARTESIAN_POINT('',(6.192796600103,-0.77323110782));
#5592 = CARTESIAN_POINT('',(6.171656272658,-0.786441974999));
#5593 = CARTESIAN_POINT('',(6.149156094239,-0.798810596678));
#5594 = CARTESIAN_POINT('',(6.125298820881,-0.81026412097));
#5595 = CARTESIAN_POINT('',(6.100109803275,-0.820721277791));
#5596 = CARTESIAN_POINT('',(6.073644501167,-0.830093093528));
#5597 = CARTESIAN_POINT('',(6.019752895501,-0.846055442128));
#5598 = CARTESIAN_POINT('',(5.992452535397,-0.852760941067));
#5599 = CARTESIAN_POINT('',(5.964165699499,-0.858319828547));
#5600 = CARTESIAN_POINT('',(5.935006142077,-0.862640574687));
#5601 = CARTESIAN_POINT('',(5.905137859599,-0.86562375992));
#5602 = CARTESIAN_POINT('',(5.874776390029,-0.867168424054));
#5603 = CARTESIAN_POINT('',(5.844172180846,-0.867168424054));
#5604 = ( GEOMETRIC_REPRESENTATION_CONTEXT(2) 
PARAMETRIC_REPRESENTATION_CONTEXT() REPRESENTATION_CONTEXT('2D SPACE',''
  ) );
#5605 = PCURVE('',#5606,#5611);
#5606 = CYLINDRICAL_SURFACE('',#5607,15.);
#5607 = AXIS2_PLACEMENT_3D('',#5608,#5609,#5610);
#5608 = CARTESIAN_POINT('',(43.,27.,-17.5));
#5609 = DIRECTION('',(1.,0.,-0.));
#5610 = DIRECTION('',(0.,1.,0.));
#5611 = DEFINITIONAL_REPRESENTATION('',(#5612),#5633);
#5612 = B_SPLINE_CURVE_WITH_KNOTS('',7,(#5613,#5614,#5615,#5616,#5617,
    #5618,#5619,#5620,#5621,#5622,#5623,#5624,#5625,#5626,#5627,#5628,
    #5629,#5630,#5631,#5632),.UNSPECIFIED.,.F.,.F.,(8,6,6,8),(0.,
    0.228470597997,0.624323974187,1.),.UNSPECIFIED.);
#5613 = CARTESIAN_POINT('',(-0.747584349669,25.653071463676));
#5614 = CARTESIAN_POINT('',(-0.773932898108,25.410088756519));
#5615 = CARTESIAN_POINT('',(-0.800221458676,25.166391614888));
#5616 = CARTESIAN_POINT('',(-0.826461845931,24.922114898917));
#5617 = CARTESIAN_POINT('',(-0.852665681967,24.677397778924));
#5618 = CARTESIAN_POINT('',(-0.878844678724,24.432384206376));
#5619 = CARTESIAN_POINT('',(-0.905010920298,24.187223384846));
#5620 = CARTESIAN_POINT('',(-0.976513344204,23.517312304792));
#5621 = CARTESIAN_POINT('',(-1.021845743704,23.092613174646));
#5622 = CARTESIAN_POINT('',(-1.06724693189,22.668717332501));
#5623 = CARTESIAN_POINT('',(-1.112788803727,22.24649376602));
#5624 = CARTESIAN_POINT('',(-1.158546400685,21.826941928265));
#5625 = CARTESIAN_POINT('',(-1.204605461353,21.411216960036));
#5626 = CARTESIAN_POINT('',(-1.295173336755,20.611057485329));
#5627 = CARTESIAN_POINT('',(-1.339627676946,20.226230703611));
#5628 = CARTESIAN_POINT('',(-1.384538902298,19.847257674124));
#5629 = CARTESIAN_POINT('',(-1.430003041035,19.475587396993));
#5630 = CARTESIAN_POINT('',(-1.476120223856,19.113083461598));
#5631 = CARTESIAN_POINT('',(-1.523001909695,18.762059851261));
#5632 = CARTESIAN_POINT('',(-1.570796326795,18.425413550245));
#5633 = ( GEOMETRIC_REPRESENTATION_CONTEXT(2) 
PARAMETRIC_REPRESENTATION_CONTEXT() REPRESENTATION_CONTEXT('2D SPACE',''
  ) );
#5634 = ORIENTED_EDGE('',*,*,#5635,.F.);
#5635 = EDGE_CURVE('',#5636,#5557,#5638,.T.);
#5636 = VERTEX_POINT('',#5637);
#5637 = CARTESIAN_POINT('',(59.765798859679,36.,-35.5));
#5638 = SURFACE_CURVE('',#5639,(#5696,#5756),.PCURVE_S1.);
#5639 = B_SPLINE_CURVE_WITH_KNOTS('',7,(#5640,#5641,#5642,#5643,#5644,
    #5645,#5646,#5647,#5648,#5649,#5650,#5651,#5652,#5653,#5654,#5655,
    #5656,#5657,#5658,#5659,#5660,#5661,#5662,#5663,#5664,#5665,#5666,
    #5667,#5668,#5669,#5670,#5671,#5672,#5673,#5674,#5675,#5676,#5677,
    #5678,#5679,#5680,#5681,#5682,#5683,#5684,#5685,#5686,#5687,#5688,
    #5689,#5690,#5691,#5692,#5693,#5694,#5695),.UNSPECIFIED.,.F.,.F.,(8,
    6,6,6,6,6,6,6,6,8),(0.,0.286097281744,0.51204607784,0.687330751728,
    0.748505285993,0.782473110123,0.851714074273,0.915651222614,
    0.946326027688,1.),.UNSPECIFIED.);
#5640 = CARTESIAN_POINT('',(59.765798859679,36.,-35.5));
#5641 = CARTESIAN_POINT('',(60.296248665079,36.,-35.15535332031));
#5642 = CARTESIAN_POINT('',(60.82257014917,35.984602790346,
    -34.79853390109));
#5643 = CARTESIAN_POINT('',(61.344421140453,35.951847917388,
    -34.42939499288));
#5644 = CARTESIAN_POINT('',(61.861176840145,35.899477735461,
    -34.04791008177));
#5645 = CARTESIAN_POINT('',(62.371925706032,35.824824201037,
    -33.65419118488));
#5646 = CARTESIAN_POINT('',(62.875478327926,35.72477625399,
    -33.24851487634));
#5647 = CARTESIAN_POINT('',(63.761078181378,35.492891437077,
    -32.50168919274));
#5648 = CARTESIAN_POINT('',(64.146172826881,35.372223339862,
    -32.16510771621));
#5649 = CARTESIAN_POINT('',(64.525006092415,35.231168386577,
    -31.82153455981));
#5650 = CARTESIAN_POINT('',(64.896492914727,35.067364256211,
    -31.4713342965));
#5651 = CARTESIAN_POINT('',(65.259016999905,34.878015424577,
    -31.11524167682));
#5652 = CARTESIAN_POINT('',(65.610469003377,34.65995271003,
    -30.75440159475));
#5653 = CARTESIAN_POINT('',(66.20989601592,34.214092908332,
    -30.10791620619));
#5654 = CARTESIAN_POINT('',(66.463114085399,33.999656156769,
    -29.82386364877));
#5655 = CARTESIAN_POINT('',(66.706569768278,33.763503733146,
    -29.53872170511));
#5656 = CARTESIAN_POINT('',(66.938322647605,33.503493105966,
    -29.25373411591));
#5657 = CARTESIAN_POINT('',(67.155704752124,33.217533838932,
    -28.97088588402));
#5658 = CARTESIAN_POINT('',(67.35539509035,32.903724137044,
    -28.69290179153));
#5659 = CARTESIAN_POINT('',(67.595615507587,32.440698996243,
    -28.32908631296));
#5660 = CARTESIAN_POINT('',(67.655107055776,32.317369139042,
    -28.23600794549));
#5661 = CARTESIAN_POINT('',(67.711766483393,32.190462249272,
    -28.14413792586));
#5662 = CARTESIAN_POINT('',(67.765404023406,32.059964481328,
    -28.05366079058));
#5663 = CARTESIAN_POINT('',(67.815821830023,31.925891525174,
    -27.96477852226));
#5664 = CARTESIAN_POINT('',(67.862819597621,31.788295240137,
    -27.87770720653));
#5665 = CARTESIAN_POINT('',(67.930287718693,31.56896465376,
    -27.7454579055));
#5666 = CARTESIAN_POINT('',(67.953259906645,31.489602453273,
    -27.69887068295));
#5667 = CARTESIAN_POINT('',(67.975082907681,31.409200748045,
    -27.65295119622));
#5668 = CARTESIAN_POINT('',(67.995723356364,31.327780688539,
    -27.60773948306));
#5669 = CARTESIAN_POINT('',(68.015148842541,31.245367940667,
    -27.56327610128));
#5670 = CARTESIAN_POINT('',(68.033328396225,31.161993111575,
    -27.51960178602));
#5671 = CARTESIAN_POINT('',(68.08469173422,30.905850785898,
    -27.38942131273));
#5672 = CARTESIAN_POINT('',(68.113857036203,30.730138524113,
    -27.30552141493));
#5673 = CARTESIAN_POINT('',(68.137475187016,30.550890254746,
    -27.22541805495));
#5674 = CARTESIAN_POINT('',(68.155338361072,30.368496936859,
    -27.14944518929));
#5675 = CARTESIAN_POINT('',(68.167296521837,30.183411520824,
    -27.07790006387));
#5676 = CARTESIAN_POINT('',(68.173269345058,29.99615484525,
    -27.01103318845));
#5677 = CARTESIAN_POINT('',(68.17324779707,29.632952739561,
    -26.89179220368));
#5678 = CARTESIAN_POINT('',(68.168135126978,29.457209442814,
    -26.83869035097));
#5679 = CARTESIAN_POINT('',(68.157919472676,29.28055559494,
    -26.78988588393));
#5680 = CARTESIAN_POINT('',(68.14265918607,29.103438536284,
    -26.74546796594));
#5681 = CARTESIAN_POINT('',(68.122464007703,28.926288126449,
    -26.70546914935));
#5682 = CARTESIAN_POINT('',(68.097487444457,28.749515874479,
    -26.66987273214));
#5683 = CARTESIAN_POINT('',(68.053733313543,28.489074565322,
    -26.62362620288));
#5684 = CARTESIAN_POINT('',(68.038489943768,28.404808419434,
    -26.60963139782));
#5685 = CARTESIAN_POINT('',(68.022209436022,28.320756346598,
    -26.59662887907));
#5686 = CARTESIAN_POINT('',(68.004913656676,28.236956339818,
    -26.58460946529));
#5687 = CARTESIAN_POINT('',(67.986625641178,28.153443742243,
    -26.57356193583));
#5688 = CARTESIAN_POINT('',(67.96736929487,28.070251319527,
    -26.56347335257));
#5689 = CARTESIAN_POINT('',(67.911823309856,27.842454587628,
    -26.53832950048));
#5690 = CARTESIAN_POINT('',(67.87358775779,27.69857321606,-26.5252218667
    ));
#5691 = CARTESIAN_POINT('',(67.832593425578,27.555925118171,
    -26.51492904301));
#5692 = CARTESIAN_POINT('',(67.788975366612,27.414644446467,
    -26.50736098608));
#5693 = CARTESIAN_POINT('',(67.742869241184,27.274841400952,
    -26.50241905175));
#5694 = CARTESIAN_POINT('',(67.69440785798,27.136604024796,-26.5));
#5695 = CARTESIAN_POINT('',(67.643717715563,27.,-26.5));
#5696 = PCURVE('',#595,#5697);
#5697 = DEFINITIONAL_REPRESENTATION('',(#5698),#5755);
#5698 = B_SPLINE_CURVE_WITH_KNOTS('',7,(#5699,#5700,#5701,#5702,#5703,
    #5704,#5705,#5706,#5707,#5708,#5709,#5710,#5711,#5712,#5713,#5714,
    #5715,#5716,#5717,#5718,#5719,#5720,#5721,#5722,#5723,#5724,#5725,
    #5726,#5727,#5728,#5729,#5730,#5731,#5732,#5733,#5734,#5735,#5736,
    #5737,#5738,#5739,#5740,#5741,#5742,#5743,#5744,#5745,#5746,#5747,
    #5748,#5749,#5750,#5751,#5752,#5753,#5754),.UNSPECIFIED.,.F.,.F.,(8,
    6,6,6,6,6,6,6,6,8),(0.,0.286097281744,0.51204607784,0.687330751728,
    0.748505285993,0.782473110123,0.851714074273,0.915651222614,
    0.946326027688,1.),.UNSPECIFIED.);
#5699 = CARTESIAN_POINT('',(6.191555337166,-0.992691962229));
#5700 = CARTESIAN_POINT('',(6.193775953829,-0.976924066076));
#5701 = CARTESIAN_POINT('',(6.195152583334,-0.961043823674));
#5702 = CARTESIAN_POINT('',(6.195681297543,-0.945049528523));
#5703 = CARTESIAN_POINT('',(6.195342848465,-0.928944669622));
#5704 = CARTESIAN_POINT('',(6.194102366989,-0.912737383259));
#5705 = CARTESIAN_POINT('',(6.191909319916,-0.896440099547));
#5706 = CARTESIAN_POINT('',(6.186129974144,-0.867134440898));
#5707 = CARTESIAN_POINT('',(6.182935106156,-0.854162919008));
#5708 = CARTESIAN_POINT('',(6.179054523997,-0.841152168637));
#5709 = CARTESIAN_POINT('',(6.174435657846,-0.828115319274));
#5710 = CARTESIAN_POINT('',(6.169011845173,-0.815077530259));
#5711 = CARTESIAN_POINT('',(6.162703652182,-0.802075483683));
#5712 = CARTESIAN_POINT('',(6.149720738121,-0.77913240871));
#5713 = CARTESIAN_POINT('',(6.143451589785,-0.769169780315));
#5714 = CARTESIAN_POINT('',(6.136528344283,-0.759282352746));
#5715 = CARTESIAN_POINT('',(6.128889432374,-0.749509151819));
#5716 = CARTESIAN_POINT('',(6.120471725252,-0.739911667767));
#5717 = CARTESIAN_POINT('',(6.111211816428,-0.730572066847));
#5718 = CARTESIAN_POINT('',(6.0974971743,-0.718457087365));
#5719 = CARTESIAN_POINT('',(6.093839919765,-0.715367680682));
#5720 = CARTESIAN_POINT('',(6.0900717021,-0.712328028452));
#5721 = CARTESIAN_POINT('',(6.086191206366,-0.70934362489));
#5722 = CARTESIAN_POINT('',(6.082197828143,-0.706420460906));
#5723 = CARTESIAN_POINT('',(6.078091865331,-0.703564912545));
#5724 = CARTESIAN_POINT('',(6.071533088658,-0.699239291795));
#5725 = CARTESIAN_POINT('',(6.069157201599,-0.697717860531));
#5726 = CARTESIAN_POINT('',(6.066747313929,-0.69622048572));
#5727 = CARTESIAN_POINT('',(6.064303796053,-0.694748338518));
#5728 = CARTESIAN_POINT('',(6.061827138234,-0.693302600836));
#5729 = CARTESIAN_POINT('',(6.059317965202,-0.691884455017));
#5730 = CARTESIAN_POINT('',(6.051597579578,-0.68766291933));
#5731 = CARTESIAN_POINT('',(6.046285525681,-0.684949916918));
#5732 = CARTESIAN_POINT('',(6.040848372929,-0.682366552873));
#5733 = CARTESIAN_POINT('',(6.035295051037,-0.679922364635));
#5734 = CARTESIAN_POINT('',(6.02963627584,-0.677625679779));
#5735 = CARTESIAN_POINT('',(6.023884889583,-0.675483355304));
#5736 = CARTESIAN_POINT('',(6.012673986796,-0.671669562751));
#5737 = CARTESIAN_POINT('',(6.007224935012,-0.669974280895));
#5738 = CARTESIAN_POINT('',(6.001720973409,-0.668418719095));
#5739 = CARTESIAN_POINT('',(5.996173696672,-0.667004953801));
#5740 = CARTESIAN_POINT('',(5.99059440871,-0.665733345329));
#5741 = CARTESIAN_POINT('',(5.984994164762,-0.664602793023));
#5742 = CARTESIAN_POINT('',(5.976692163414,-0.663135158254));
#5743 = CARTESIAN_POINT('',(5.973998059919,-0.66269123932));
#5744 = CARTESIAN_POINT('',(5.971302616289,-0.662278967073));
#5745 = CARTESIAN_POINT('',(5.968606878873,-0.661898005988));
#5746 = CARTESIAN_POINT('',(5.965911828836,-0.661547961585));
#5747 = CARTESIAN_POINT('',(5.9632183839,-0.661228390463));
#5748 = CARTESIAN_POINT('',(5.955818786939,-0.660432110584));
#5749 = CARTESIAN_POINT('',(5.951117723757,-0.660017238334));
#5750 = CARTESIAN_POINT('',(5.946428722699,-0.659691588709));
#5751 = CARTESIAN_POINT('',(5.941755643558,-0.659452207323));
#5752 = CARTESIAN_POINT('',(5.937101725999,-0.659295910154));
#5753 = CARTESIAN_POINT('',(5.932469621789,-0.659219403412));
#5754 = CARTESIAN_POINT('',(5.927861427024,-0.659219403412));
#5755 = ( GEOMETRIC_REPRESENTATION_CONTEXT(2) 
PARAMETRIC_REPRESENTATION_CONTEXT() REPRESENTATION_CONTEXT('2D SPACE',''
  ) );
#5756 = PCURVE('',#5757,#5762);
#5757 = CYLINDRICAL_SURFACE('',#5758,9.);
#5758 = AXIS2_PLACEMENT_3D('',#5759,#5760,#5761);
#5759 = CARTESIAN_POINT('',(49.,27.,-35.5));
#5760 = DIRECTION('',(1.,0.,-0.));
#5761 = DIRECTION('',(0.,1.,0.));
#5762 = DEFINITIONAL_REPRESENTATION('',(#5763),#5820);
#5763 = B_SPLINE_CURVE_WITH_KNOTS('',7,(#5764,#5765,#5766,#5767,#5768,
    #5769,#5770,#5771,#5772,#5773,#5774,#5775,#5776,#5777,#5778,#5779,
    #5780,#5781,#5782,#5783,#5784,#5785,#5786,#5787,#5788,#5789,#5790,
    #5791,#5792,#5793,#5794,#5795,#5796,#5797,#5798,#5799,#5800,#5801,
    #5802,#5803,#5804,#5805,#5806,#5807,#5808,#5809,#5810,#5811,#5812,
    #5813,#5814,#5815,#5816,#5817,#5818,#5819),.UNSPECIFIED.,.F.,.F.,(8,
    6,6,6,6,6,6,6,6,8),(0.,0.286097281744,0.51204607784,0.687330751728,
    0.748505285993,0.782473110123,0.851714074273,0.915651222614,
    0.946326027688,1.),.UNSPECIFIED.);
#5764 = CARTESIAN_POINT('',(0.,10.765798859679));
#5765 = CARTESIAN_POINT('',(3.82940755207E-02,11.296248665079));
#5766 = CARTESIAN_POINT('',(7.79406449903E-02,11.82257014917));
#5767 = CARTESIAN_POINT('',(0.119047967592,12.344421140453));
#5768 = CARTESIAN_POINT('',(0.161739068399,12.861176840145));
#5769 = CARTESIAN_POINT('',(0.20616445188,13.371925706032));
#5770 = CARTESIAN_POINT('',(0.252508663306,13.875478327926));
#5771 = CARTESIAN_POINT('',(0.339397209057,14.761078181378));
#5772 = CARTESIAN_POINT('',(0.379088821093,15.146172826881));
#5773 = CARTESIAN_POINT('',(0.420286389035,15.525006092415));
#5774 = CARTESIAN_POINT('',(0.463149178923,15.896492914727));
#5775 = CARTESIAN_POINT('',(0.50785822442,16.259016999905));
#5776 = CARTESIAN_POINT('',(0.554619299022,16.610469003377));
#5777 = CARTESIAN_POINT('',(0.64187755912,17.20989601592));
#5778 = CARTESIAN_POINT('',(0.681386297874,17.463114085399));
#5779 = CARTESIAN_POINT('',(0.722455024154,17.706569768278));
#5780 = CARTESIAN_POINT('',(0.765225270999,17.938322647605));
#5781 = CARTESIAN_POINT('',(0.80981222543,18.155704752124));
#5782 = CARTESIAN_POINT('',(0.856312136411,18.35539509035));
#5783 = CARTESIAN_POINT('',(0.921740825655,18.595615507587));
#5784 = CARTESIAN_POINT('',(0.93890553732,18.655107055776));
#5785 = CARTESIAN_POINT('',(0.956307708511,18.711766483393));
#5786 = CARTESIAN_POINT('',(0.973944847855,18.765404023406));
#5787 = CARTESIAN_POINT('',(0.991811711169,18.815821830023));
#5788 = CARTESIAN_POINT('',(1.009899891813,18.862819597621));
#5789 = CARTESIAN_POINT('',(1.038357307203,18.930287718693));
#5790 = CARTESIAN_POINT('',(1.048581675498,18.953259906645));
#5791 = CARTESIAN_POINT('',(1.058868355985,18.975082907681));
#5792 = CARTESIAN_POINT('',(1.06921485206,18.995723356364));
#5793 = CARTESIAN_POINT('',(1.079618296694,19.015148842541));
#5794 = CARTESIAN_POINT('',(1.090075418665,19.033328396225));
#5795 = CARTESIAN_POINT('',(1.122000455596,19.08469173422));
#5796 = CARTESIAN_POINT('',(1.143628877498,19.113857036203));
#5797 = CARTESIAN_POINT('',(1.165432400753,19.137475187016));
#5798 = CARTESIAN_POINT('',(1.187373069035,19.155338361072));
#5799 = CARTESIAN_POINT('',(1.209409326362,19.167296521837));
#5800 = CARTESIAN_POINT('',(1.231495000031,19.173269345058));
#5801 = CARTESIAN_POINT('',(1.273970000961,19.17324779707));
#5802 = CARTESIAN_POINT('',(1.294363174325,19.168135126978));
#5803 = CARTESIAN_POINT('',(1.314717421769,19.157919472676));
#5804 = CARTESIAN_POINT('',(1.334996219863,19.14265918607));
#5805 = CARTESIAN_POINT('',(1.355166222042,19.122464007703));
#5806 = CARTESIAN_POINT('',(1.375196577039,19.097487444457));
#5807 = CARTESIAN_POINT('',(1.40458718127,19.053733313543));
#5808 = CARTESIAN_POINT('',(1.414077740913,19.038489943768));
#5809 = CARTESIAN_POINT('',(1.423527018752,19.022209436022));
#5810 = CARTESIAN_POINT('',(1.432932397403,19.004913656676));
#5811 = CARTESIAN_POINT('',(1.442291528906,18.986625641178));
#5812 = CARTESIAN_POINT('',(1.451602314036,18.96736929487));
#5813 = CARTESIAN_POINT('',(1.477066780773,18.911823309856));
#5814 = CARTESIAN_POINT('',(1.493116873756,18.87358775779));
#5815 = CARTESIAN_POINT('',(1.50900341494,18.832593425578));
#5816 = CARTESIAN_POINT('',(1.524719014623,18.788975366612));
#5817 = CARTESIAN_POINT('',(1.540258387616,18.742869241184));
#5818 = CARTESIAN_POINT('',(1.555618101818,18.69440785798));
#5819 = CARTESIAN_POINT('',(1.570796326795,18.643717715563));
#5820 = ( GEOMETRIC_REPRESENTATION_CONTEXT(2) 
PARAMETRIC_REPRESENTATION_CONTEXT() REPRESENTATION_CONTEXT('2D SPACE',''
  ) );
#5821 = ORIENTED_EDGE('',*,*,#5822,.T.);
#5822 = EDGE_CURVE('',#5636,#5823,#5825,.T.);
#5823 = VERTEX_POINT('',#5824);
#5824 = CARTESIAN_POINT('',(58.,36.,-36.58323293158));
#5825 = SURFACE_CURVE('',#5826,(#5831,#5841),.PCURVE_S1.);
#5826 = CIRCLE('',#5827,39.949968710876);
#5827 = AXIS2_PLACEMENT_3D('',#5828,#5829,#5830);
#5828 = CARTESIAN_POINT('',(38.,36.,-2.));
#5829 = DIRECTION('',(-0.,1.,0.));
#5830 = DIRECTION('',(0.,0.,1.));
#5831 = PCURVE('',#595,#5832);
#5832 = DEFINITIONAL_REPRESENTATION('',(#5833),#5840);
#5833 = B_SPLINE_CURVE_WITH_KNOTS('',5,(#5834,#5835,#5836,#5837,#5838,
    #5839),.UNSPECIFIED.,.F.,.F.,(6,6),(2.565410540469,2.617270683122),
  .PIECEWISE_BEZIER_KNOTS.);
#5834 = CARTESIAN_POINT('',(6.191555337166,-0.992691962229));
#5835 = CARTESIAN_POINT('',(6.190100756503,-1.003020479173));
#5836 = CARTESIAN_POINT('',(6.188576358895,-1.013347270546));
#5837 = CARTESIAN_POINT('',(6.186975979126,-1.023672180177));
#5838 = CARTESIAN_POINT('',(6.185292388741,-1.033995025088));
#5839 = CARTESIAN_POINT('',(6.183516654688,-1.044315579214));
#5840 = ( GEOMETRIC_REPRESENTATION_CONTEXT(2) 
PARAMETRIC_REPRESENTATION_CONTEXT() REPRESENTATION_CONTEXT('2D SPACE',''
  ) );
#5841 = PCURVE('',#5842,#5847);
#5842 = PLANE('',#5843);
#5843 = AXIS2_PLACEMENT_3D('',#5844,#5845,#5846);
#5844 = CARTESIAN_POINT('',(49.,36.,-49.5));
#5845 = DIRECTION('',(-0.,1.,0.));
#5846 = DIRECTION('',(0.,0.,1.));
#5847 = DEFINITIONAL_REPRESENTATION('',(#5848),#5852);
#5848 = CIRCLE('',#5849,39.949968710876);
#5849 = AXIS2_PLACEMENT_2D('',#5850,#5851);
#5850 = CARTESIAN_POINT('',(47.5,-11.));
#5851 = DIRECTION('',(1.,0.));
#5852 = ( GEOMETRIC_REPRESENTATION_CONTEXT(2) 
PARAMETRIC_REPRESENTATION_CONTEXT() REPRESENTATION_CONTEXT('2D SPACE',''
  ) );
#5853 = ORIENTED_EDGE('',*,*,#5854,.F.);
#5854 = EDGE_CURVE('',#5241,#5823,#5855,.T.);
#5855 = SURFACE_CURVE('',#5856,(#5907,#5961),.PCURVE_S1.);
#5856 = B_SPLINE_CURVE_WITH_KNOTS('',7,(#5857,#5858,#5859,#5860,#5861,
    #5862,#5863,#5864,#5865,#5866,#5867,#5868,#5869,#5870,#5871,#5872,
    #5873,#5874,#5875,#5876,#5877,#5878,#5879,#5880,#5881,#5882,#5883,
    #5884,#5885,#5886,#5887,#5888,#5889,#5890,#5891,#5892,#5893,#5894,
    #5895,#5896,#5897,#5898,#5899,#5900,#5901,#5902,#5903,#5904,#5905,
    #5906),.UNSPECIFIED.,.F.,.F.,(8,6,6,6,6,6,6,6,8),(0.,0.111846476247,
    0.172740329842,0.303323346459,0.411317605459,0.458491239493,
    0.53344030889,0.663496566733,1.),.UNSPECIFIED.);
#5857 = CARTESIAN_POINT('',(49.,27.,-38.85105154537));
#5858 = CARTESIAN_POINT('',(49.,27.226098523803,-38.91854171614));
#5859 = CARTESIAN_POINT('',(49.006626882439,27.4540374216,
    -38.98284047086));
#5860 = CARTESIAN_POINT('',(49.020074298773,27.683559410822,
    -39.04379039968));
#5861 = CARTESIAN_POINT('',(49.040524869466,27.914369600127,
    -39.10122926707));
#5862 = CARTESIAN_POINT('',(49.068140812824,28.146135004468,
    -39.15499435285));
#5863 = CARTESIAN_POINT('',(49.103054573828,28.378484060156,
    -39.20492679327));
#5864 = CARTESIAN_POINT('',(49.168391981158,28.737600789656,
    -39.27589253065));
#5865 = CARTESIAN_POINT('',(49.193615596444,28.864248258427,
    -39.29972874098));
#5866 = CARTESIAN_POINT('',(49.221045476887,28.990883071523,
    -39.32236039912));
#5867 = CARTESIAN_POINT('',(49.250693570153,29.117437486966,
    -39.34376429379));
#5868 = CARTESIAN_POINT('',(49.282568181844,29.243841533593,
    -39.36391835432));
#5869 = CARTESIAN_POINT('',(49.316673563836,29.370023049125,
    -39.3828018488));
#5870 = CARTESIAN_POINT('',(49.430929624519,29.765859427119,
    -39.43812423007));
#5871 = CARTESIAN_POINT('',(49.519113552041,30.034468195973,
    -39.4699248905));
#5872 = CARTESIAN_POINT('',(49.617553455294,30.300970792771,
    -39.49560237949));
#5873 = CARTESIAN_POINT('',(49.726152828009,30.564607039898,
    -39.51500532044));
#5874 = CARTESIAN_POINT('',(49.84472332936,30.824621151377,
    -39.52802655572));
#5875 = CARTESIAN_POINT('',(49.972975522486,31.080264798487,
    -39.5346080929));
#5876 = CARTESIAN_POINT('',(50.224241371294,31.538000127038,
    -39.53486842866));
#5877 = CARTESIAN_POINT('',(50.344333615125,31.741723906421,
    -39.53058215803));
#5878 = CARTESIAN_POINT('',(50.470555043677,31.941561466951,
    -39.52189123066));
#5879 = CARTESIAN_POINT('',(50.602646403547,32.137139256825,
    -39.50882101435));
#5880 = CARTESIAN_POINT('',(50.740316948532,32.328120050707,
    -39.49142115449));
#5881 = CARTESIAN_POINT('',(50.883247002713,32.514201053054,
    -39.46976394102));
#5882 = CARTESIAN_POINT('',(51.095670957816,32.77413682137,
    -39.43266353035));
#5883 = CARTESIAN_POINT('',(51.161190023406,32.852176459425,
    -39.42058965351));
#5884 = CARTESIAN_POINT('',(51.227619469365,32.929209260654,
    -39.40772875732));
#5885 = CARTESIAN_POINT('',(51.294930693982,33.005215179522,
    -39.39408913685));
#5886 = CARTESIAN_POINT('',(51.363094744785,33.080175779902,
    -39.37967966995));
#5887 = CARTESIAN_POINT('',(51.432082318537,33.154074235075,
    -39.36450981724));
#5888 = CARTESIAN_POINT('',(51.612731925174,33.342592861713,
    -39.32329575118));
#5889 = CARTESIAN_POINT('',(51.72560459011,33.455571237744,
    -39.2961076412));
#5890 = CARTESIAN_POINT('',(51.840363005705,33.565768927156,
    -39.26706537197));
#5891 = CARTESIAN_POINT('',(51.956888526729,33.673135551664,
    -39.23621183738));
#5892 = CARTESIAN_POINT('',(52.075063279266,33.777630887893,
    -39.20359218782));
#5893 = CARTESIAN_POINT('',(52.194770826914,33.879223871888,
    -39.16925327254));
#5894 = CARTESIAN_POINT('',(52.526082176501,34.149105950473,
    -39.07075597407));
#5895 = CARTESIAN_POINT('',(52.740538542053,34.31151150966,
    -39.00323641079));
#5896 = CARTESIAN_POINT('',(52.958671961259,34.464993468202,
    -38.93093460397));
#5897 = CARTESIAN_POINT('',(53.179917224651,34.609515206781,
    -38.85410735242));
#5898 = CARTESIAN_POINT('',(53.403743477564,34.745104206067,
    -38.77301179275));
#5899 = CARTESIAN_POINT('',(53.629659812022,34.871837953004,
    -38.68789914992));
#5900 = CARTESIAN_POINT('',(54.446005087291,35.295118328589,
    -38.36901561028));
#5901 = CARTESIAN_POINT('',(55.045347591092,35.541652251199,
    -38.11390789165));
#5902 = CARTESIAN_POINT('',(55.64822564714,35.731951708393,
    -37.8376175086));
#5903 = CARTESIAN_POINT('',(56.248905460418,35.869342119909,
    -37.54367891535));
#5904 = CARTESIAN_POINT('',(56.842971806961,35.95748385528,
    -37.23513588042));
#5905 = CARTESIAN_POINT('',(57.427303149466,36.,-36.91443207173));
#5906 = CARTESIAN_POINT('',(58.,36.,-36.58323293158));
#5907 = PCURVE('',#595,#5908);
#5908 = DEFINITIONAL_REPRESENTATION('',(#5909),#5960);
#5909 = B_SPLINE_CURVE_WITH_KNOTS('',7,(#5910,#5911,#5912,#5913,#5914,
    #5915,#5916,#5917,#5918,#5919,#5920,#5921,#5922,#5923,#5924,#5925,
    #5926,#5927,#5928,#5929,#5930,#5931,#5932,#5933,#5934,#5935,#5936,
    #5937,#5938,#5939,#5940,#5941,#5942,#5943,#5944,#5945,#5946,#5947,
    #5948,#5949,#5950,#5951,#5952,#5953,#5954,#5955,#5956,#5957,#5958,
    #5959),.UNSPECIFIED.,.F.,.F.,(8,6,6,6,6,6,6,6,8),(0.,0.111846476247,
    0.172740329842,0.303323346459,0.411317605459,0.458491239493,
    0.53344030889,0.663496566733,1.),.UNSPECIFIED.);
#5910 = CARTESIAN_POINT('',(5.497787143782,-1.171349550841));
#5911 = CARTESIAN_POINT('',(5.50806434941,-1.175687983333));
#5912 = CARTESIAN_POINT('',(5.518972870881,-1.179873265209));
#5913 = CARTESIAN_POINT('',(5.530524149751,-1.183888864019));
#5914 = CARTESIAN_POINT('',(5.542723322898,-1.187716912334));
#5915 = CARTESIAN_POINT('',(5.555566722566,-1.191338753727));
#5916 = CARTESIAN_POINT('',(5.569039376397,-1.194735488754));
#5917 = CARTESIAN_POINT('',(5.590774502824,-1.199605162243));
#5918 = CARTESIAN_POINT('',(5.598614583692,-1.201249592381));
#5919 = CARTESIAN_POINT('',(5.606628184927,-1.202818832253));
#5920 = CARTESIAN_POINT('',(5.614809599164,-1.204309954589));
#5921 = CARTESIAN_POINT('',(5.623151936956,-1.205720123471));
#5922 = CARTESIAN_POINT('',(5.63164708691,-1.207046633857));
#5923 = CARTESIAN_POINT('',(5.658810583254,-1.210946732954));
#5924 = CARTESIAN_POINT('',(5.677996628292,-1.213210362118));
#5925 = CARTESIAN_POINT('',(5.697749729589,-1.215052468368));
#5926 = CARTESIAN_POINT('',(5.71795229252,-1.216451996103));
#5927 = CARTESIAN_POINT('',(5.738465502898,-1.217393788921));
#5928 = CARTESIAN_POINT('',(5.759136208294,-1.217869829707));
#5929 = CARTESIAN_POINT('',(5.796904611867,-1.217888659918));
#5930 = CARTESIAN_POINT('',(5.814003428821,-1.217578652141));
#5931 = CARTESIAN_POINT('',(5.831016615039,-1.216949964096));
#5932 = CARTESIAN_POINT('',(5.847857814731,-1.216006237158));
#5933 = CARTESIAN_POINT('',(5.864445580169,-1.214754491539));
#5934 = CARTESIAN_POINT('',(5.880706412743,-1.213204714922));
#5935 = CARTESIAN_POINT('',(5.903510683694,-1.210567778282));
#5936 = CARTESIAN_POINT('',(5.91036935477,-1.209711611033));
#5937 = CARTESIAN_POINT('',(5.917148629845,-1.208801994046));
#5938 = CARTESIAN_POINT('',(5.923843748426,-1.207840035954));
#5939 = CARTESIAN_POINT('',(5.93045037693,-1.206826909349));
#5940 = CARTESIAN_POINT('',(5.936964608678,-1.205763850779));
#5941 = CARTESIAN_POINT('',(5.953580392206,-1.202885917062));
#5942 = CARTESIAN_POINT('',(5.963535858732,-1.200996891586));
#5943 = CARTESIAN_POINT('',(5.973235369702,-1.198990253671));
#5944 = CARTESIAN_POINT('',(5.982667876358,-1.196871435646));
#5945 = CARTESIAN_POINT('',(5.991825042904,-1.194646032608));
#5946 = CARTESIAN_POINT('',(6.000701014437,-1.1923197022));
#5947 = CARTESIAN_POINT('',(6.024200114883,-1.185695888812));
#5948 = CARTESIAN_POINT('',(6.038250370255,-1.181206699615));
#5949 = CARTESIAN_POINT('',(6.051424495269,-1.176459976635));
#5950 = CARTESIAN_POINT('',(6.063724061427,-1.171484418706));
#5951 = CARTESIAN_POINT('',(6.075165728539,-1.166307299732));
#5952 = CARTESIAN_POINT('',(6.085776305798,-1.160953824744));
#5953 = CARTESIAN_POINT('',(6.120973794778,-1.141196972403));
#5954 = CARTESIAN_POINT('',(6.140991365455,-1.125928544484));
#5955 = CARTESIAN_POINT('',(6.156247873394,-1.11001874428));
#5956 = CARTESIAN_POINT('',(6.16753360789,-1.093744833082));
#5957 = CARTESIAN_POINT('',(6.175496321061,-1.077293951021));
#5958 = CARTESIAN_POINT('',(6.180681521765,-1.060793352305));
#5959 = CARTESIAN_POINT('',(6.183516654688,-1.044315579214));
#5960 = ( GEOMETRIC_REPRESENTATION_CONTEXT(2) 
PARAMETRIC_REPRESENTATION_CONTEXT() REPRESENTATION_CONTEXT('2D SPACE',''
  ) );
#5961 = PCURVE('',#5256,#5962);
#5962 = DEFINITIONAL_REPRESENTATION('',(#5963),#6014);
#5963 = B_SPLINE_CURVE_WITH_KNOTS('',7,(#5964,#5965,#5966,#5967,#5968,
    #5969,#5970,#5971,#5972,#5973,#5974,#5975,#5976,#5977,#5978,#5979,
    #5980,#5981,#5982,#5983,#5984,#5985,#5986,#5987,#5988,#5989,#5990,
    #5991,#5992,#5993,#5994,#5995,#5996,#5997,#5998,#5999,#6000,#6001,
    #6002,#6003,#6004,#6005,#6006,#6007,#6008,#6009,#6010,#6011,#6012,
    #6013),.UNSPECIFIED.,.F.,.F.,(8,6,6,6,6,6,6,6,8),(0.,0.111846476247,
    0.172740329842,0.303323346459,0.411317605459,0.458491239493,
    0.53344030889,0.663496566733,1.),.UNSPECIFIED.);
#5964 = CARTESIAN_POINT('',(0.,10.648948454623));
#5965 = CARTESIAN_POINT('',(-2.512205820034E-02,10.581458283854));
#5966 = CARTESIAN_POINT('',(-5.044862415543E-02,10.517159529133));
#5967 = CARTESIAN_POINT('',(-7.597692678811E-02,10.456209600311));
#5968 = CARTESIAN_POINT('',(-0.101702084929,10.398770732925));
#5969 = CARTESIAN_POINT('',(-0.127616745656,10.345005647146));
#5970 = CARTESIAN_POINT('',(-0.153710722628,10.295073206728));
#5971 = CARTESIAN_POINT('',(-0.194267617918,10.224107469347));
#5972 = CARTESIAN_POINT('',(-0.208613954395,10.20027125902));
#5973 = CARTESIAN_POINT('',(-0.223007559415,10.177639600871));
#5974 = CARTESIAN_POINT('',(-0.237446189142,10.156235706205));
#5975 = CARTESIAN_POINT('',(-0.251927410953,10.136081645674));
#5976 = CARTESIAN_POINT('',(-0.26644857405,10.117198151199));
#5977 = CARTESIAN_POINT('',(-0.312225931862,10.061875769922));
#5978 = CARTESIAN_POINT('',(-0.343617983467,10.030075109498));
#5979 = CARTESIAN_POINT('',(-0.37515093018,10.004397620501));
#5980 = CARTESIAN_POINT('',(-0.406792785501,9.984994679557));
#5981 = CARTESIAN_POINT('',(-0.438510356504,9.971973444275));
#5982 = CARTESIAN_POINT('',(-0.47026756988,9.9653919071));
#5983 = CARTESIAN_POINT('',(-0.528285889441,9.965131571338));
#5984 = CARTESIAN_POINT('',(-0.55454975628,9.969417841961));
#5985 = CARTESIAN_POINT('',(-0.58079241429,9.978108769339));
#5986 = CARTESIAN_POINT('',(-0.606993179405,9.991178985646));
#5987 = CARTESIAN_POINT('',(-0.633132567125,10.00857884551));
#5988 = CARTESIAN_POINT('',(-0.659191641255,10.030236058971));
#5989 = CARTESIAN_POINT('',(-0.696490987616,10.067336469647));
#5990 = CARTESIAN_POINT('',(-0.707811843034,10.079410346488));
#5991 = CARTESIAN_POINT('',(-0.719112470155,10.092271242676));
#5992 = CARTESIAN_POINT('',(-0.730391476827,10.105910863143));
#5993 = CARTESIAN_POINT('',(-0.741647537484,10.120320330043));
#5994 = CARTESIAN_POINT('',(-0.752879393147,10.135490182758));
#5995 = CARTESIAN_POINT('',(-0.781890577232,10.176704248812));
#5996 = CARTESIAN_POINT('',(-0.799631256338,10.203892358799));
#5997 = CARTESIAN_POINT('',(-0.817303049473,10.232934628028));
#5998 = CARTESIAN_POINT('',(-0.834901705981,10.263788162611));
#5999 = CARTESIAN_POINT('',(-0.852423491223,10.29640781218));
#6000 = CARTESIAN_POINT('',(-0.869865113992,10.330746727452));
#6001 = CARTESIAN_POINT('',(-0.917345265362,10.42924402593));
#6002 = CARTESIAN_POINT('',(-0.947216629877,10.496763589201));
#6003 = CARTESIAN_POINT('',(-0.976823291469,10.569065396026));
#6004 = CARTESIAN_POINT('',(-1.006155118199,10.645892647579));
#6005 = CARTESIAN_POINT('',(-1.035205740004,10.72698820725));
#6006 = CARTESIAN_POINT('',(-1.063971986496,10.812100850076));
#6007 = CARTESIAN_POINT('',(-1.166145035345,11.130984389717));
#6008 = CARTESIAN_POINT('',(-1.237873176307,11.386092108346));
#6009 = CARTESIAN_POINT('',(-1.307727620621,11.662382491396));
#6010 = CARTESIAN_POINT('',(-1.375809470228,11.956321084645));
#6011 = CARTESIAN_POINT('',(-1.442237627773,12.264864119576));
#6012 = CARTESIAN_POINT('',(-1.507163343402,12.585567928265));
#6013 = CARTESIAN_POINT('',(-1.570796326795,12.916767068419));
#6014 = ( GEOMETRIC_REPRESENTATION_CONTEXT(2) 
PARAMETRIC_REPRESENTATION_CONTEXT() REPRESENTATION_CONTEXT('2D SPACE',''
  ) );
#6015 = ORIENTED_EDGE('',*,*,#5268,.F.);
#6016 = ORIENTED_EDGE('',*,*,#5326,.T.);
#6017 = ORIENTED_EDGE('',*,*,#1783,.F.);
#6018 = ORIENTED_EDGE('',*,*,#6019,.F.);
#6019 = EDGE_CURVE('',#6020,#1749,#6022,.T.);
#6020 = VERTEX_POINT('',#6021);
#6021 = CARTESIAN_POINT('',(32.770609527698,53.350893286978,
    34.565059149139));
#6022 = SURFACE_CURVE('',#6023,(#6028,#6069),.PCURVE_S1.);
#6023 = CIRCLE('',#6024,22.370733826559);
#6024 = AXIS2_PLACEMENT_3D('',#6025,#6026,#6027);
#6025 = CARTESIAN_POINT('',(48.246838903539,38.,29.53652740151));
#6026 = DIRECTION('',(0.309016994375,0.,0.951056516295));
#6027 = DIRECTION('',(-0.951056516295,0.,0.309016994375));
#6028 = PCURVE('',#595,#6029);
#6029 = DEFINITIONAL_REPRESENTATION('',(#6030),#6068);
#6030 = B_SPLINE_CURVE_WITH_KNOTS('',8,(#6031,#6032,#6033,#6034,#6035,
    #6036,#6037,#6038,#6039,#6040,#6041,#6042,#6043,#6044,#6045,#6046,
    #6047,#6048,#6049,#6050,#6051,#6052,#6053,#6054,#6055,#6056,#6057,
    #6058,#6059,#6060,#6061,#6062,#6063,#6064,#6065,#6066,#6067),
  .UNSPECIFIED.,.F.,.F.,(9,7,7,7,7,9),(5.319268280612,5.70179344614,
    5.988687320286,6.203857725895,6.526613334309,6.849368942724),
  .UNSPECIFIED.);
#6031 = CARTESIAN_POINT('',(1.673121069794,1.090754394183));
#6032 = CARTESIAN_POINT('',(1.721495244499,1.105452954601));
#6033 = CARTESIAN_POINT('',(1.771549040959,1.120068067834));
#6034 = CARTESIAN_POINT('',(1.823492632297,1.134543981254));
#6035 = CARTESIAN_POINT('',(1.87756528834,1.148817057905));
#6036 = CARTESIAN_POINT('',(1.934034814825,1.162814274778));
#6037 = CARTESIAN_POINT('',(1.993199863624,1.176450260586));
#6038 = CARTESIAN_POINT('',(2.055376458552,1.189624575071));
#6039 = CARTESIAN_POINT('',(2.169955298487,1.21166819952));
#6040 = CARTESIAN_POINT('',(2.220915079624,1.220790369569));
#6041 = CARTESIAN_POINT('',(2.273849758237,1.229538408214));
#6042 = CARTESIAN_POINT('',(2.328869895397,1.237858314321));
#6043 = CARTESIAN_POINT('',(2.386063945089,1.245691157069));
#6044 = CARTESIAN_POINT('',(2.445481047138,1.252973525424));
#6045 = CARTESIAN_POINT('',(2.5070996428,1.259639946476));
#6046 = CARTESIAN_POINT('',(2.618591065588,1.270117983569));
#6047 = CARTESIAN_POINT('',(2.667549183397,1.274226649898));
#6048 = CARTESIAN_POINT('',(2.717636620604,1.277926800986));
#6049 = CARTESIAN_POINT('',(2.768778673064,1.281192627779));
#6050 = CARTESIAN_POINT('',(2.820867736092,1.284000099367));
#6051 = CARTESIAN_POINT('',(2.873762150072,1.286328410289));
#6052 = CARTESIAN_POINT('',(2.92729058493,1.288161370914));
#6053 = CARTESIAN_POINT('',(3.062223373197,1.291478517534));
#6054 = CARTESIAN_POINT('',(3.144183586032,1.292330071173));
#6055 = CARTESIAN_POINT('',(3.226504707329,1.292006627944));
#6056 = CARTESIAN_POINT('',(3.308456162931,1.290499233821));
#6057 = CARTESIAN_POINT('',(3.389288811133,1.28783295858));
#6058 = CARTESIAN_POINT('',(3.468393332934,1.284064723347));
#6059 = CARTESIAN_POINT('',(3.545334700725,1.27926950483));
#6060 = CARTESIAN_POINT('',(3.694336078186,1.267794273484));
#6061 = CARTESIAN_POINT('',(3.766396108353,1.261114257747));
#6062 = CARTESIAN_POINT('',(3.835738112404,1.253576373859));
#6063 = CARTESIAN_POINT('',(3.902242883203,1.245274621499));
#6064 = CARTESIAN_POINT('',(3.965935039234,1.236302824579));
#6065 = CARTESIAN_POINT('',(4.026917754017,1.226748234446));
#6066 = CARTESIAN_POINT('',(4.085338302794,1.216690511987));
#6067 = CARTESIAN_POINT('',(4.141363793137,1.206201333281));
#6068 = ( GEOMETRIC_REPRESENTATION_CONTEXT(2) 
PARAMETRIC_REPRESENTATION_CONTEXT() REPRESENTATION_CONTEXT('2D SPACE',''
  ) );
#6069 = PCURVE('',#1771,#6070);
#6070 = DEFINITIONAL_REPRESENTATION('',(#6071),#6075);
#6071 = CIRCLE('',#6072,22.370733826559);
#6072 = AXIS2_PLACEMENT_2D('',#6073,#6074);
#6073 = CARTESIAN_POINT('',(29.758181607966,-5.));
#6074 = DIRECTION('',(-1.,0.));
#6075 = ( GEOMETRIC_REPRESENTATION_CONTEXT(2) 
PARAMETRIC_REPRESENTATION_CONTEXT() REPRESENTATION_CONTEXT('2D SPACE',''
  ) );
#6076 = ORIENTED_EDGE('',*,*,#6077,.F.);
#6077 = EDGE_CURVE('',#6078,#6020,#6080,.T.);
#6078 = VERTEX_POINT('',#6079);
#6079 = CARTESIAN_POINT('',(36.26265718452,43.,37.648223666912));
#6080 = SURFACE_CURVE('',#6081,(#6105,#6132),.PCURVE_S1.);
#6081 = B_SPLINE_CURVE_WITH_KNOTS('',8,(#6082,#6083,#6084,#6085,#6086,
    #6087,#6088,#6089,#6090,#6091,#6092,#6093,#6094,#6095,#6096,#6097,
    #6098,#6099,#6100,#6101,#6102,#6103,#6104),.UNSPECIFIED.,.F.,.F.,(9,
    7,7,9),(0.,0.423864061075,0.694166328131,1.),.UNSPECIFIED.);
#6082 = CARTESIAN_POINT('',(36.26265718452,43.,37.648223666912));
#6083 = CARTESIAN_POINT('',(36.25974194612,43.643358181688,
    37.566962632269));
#6084 = CARTESIAN_POINT('',(36.227655113221,44.282956730713,
    37.472775941441));
#6085 = CARTESIAN_POINT('',(36.167165724076,44.915678733253,
    37.36621990138));
#6086 = CARTESIAN_POINT('',(36.07963495521,45.539089967482,
    37.247975942146));
#6087 = CARTESIAN_POINT('',(35.966740743486,46.151288313231,
    37.118763572491));
#6088 = CARTESIAN_POINT('',(35.830324563708,46.750846321087,
    36.979301643114));
#6089 = CARTESIAN_POINT('',(35.672261547012,47.336759090235,
    36.830271070302));
#6090 = CARTESIAN_POINT('',(35.380912660498,48.272948517183,
    36.571528672413));
#6091 = CARTESIAN_POINT('',(35.259401326767,48.631675414755,
    36.467137048262));
#6092 = CARTESIAN_POINT('',(35.130298931244,48.984421320176,
    36.359265199948));
#6093 = CARTESIAN_POINT('',(34.994071761708,49.331068169763,
    36.248065514653));
#6094 = CARTESIAN_POINT('',(34.851174579206,49.671539514415,
    36.13368203411));
#6095 = CARTESIAN_POINT('',(34.702045351996,50.005796693987,
    36.016249077717));
#6096 = CARTESIAN_POINT('',(34.547100961708,50.333835462917,
    35.895889837033));
#6097 = CARTESIAN_POINT('',(34.205286447162,51.019837743473,
    35.633348627976));
#6098 = CARTESIAN_POINT('',(34.016903781513,51.376052809158,
    35.490383113622));
#6099 = CARTESIAN_POINT('',(33.822153996175,51.724371659617,
    35.343977748111));
#6100 = CARTESIAN_POINT('',(33.621575516949,52.064865990952,
    35.194280167358));
#6101 = CARTESIAN_POINT('',(33.415675393803,52.397633491296,
    35.041425377868));
#6102 = CARTESIAN_POINT('',(33.204927610617,52.722795532187,
    34.88553484094));
#6103 = CARTESIAN_POINT('',(32.98977139493,53.040494859932,
    34.726715556867));
#6104 = CARTESIAN_POINT('',(32.770609527698,53.350893286978,
    34.565059149139));
#6105 = PCURVE('',#595,#6106);
#6106 = DEFINITIONAL_REPRESENTATION('',(#6107),#6131);
#6107 = B_SPLINE_CURVE_WITH_KNOTS('',8,(#6108,#6109,#6110,#6111,#6112,
    #6113,#6114,#6115,#6116,#6117,#6118,#6119,#6120,#6121,#6122,#6123,
    #6124,#6125,#6126,#6127,#6128,#6129,#6130),.UNSPECIFIED.,.F.,.F.,(9,
    7,7,9),(0.,0.423864061075,0.694166328131,1.),.UNSPECIFIED.);
#6108 = CARTESIAN_POINT('',(1.905214190926,1.438076102922));
#6109 = CARTESIAN_POINT('',(1.865841525273,1.422724243262));
#6110 = CARTESIAN_POINT('',(1.842256452873,1.406948067036));
#6111 = CARTESIAN_POINT('',(1.827616553612,1.391041625659));
#6112 = CARTESIAN_POINT('',(1.819142346049,1.375114778477));
#6113 = CARTESIAN_POINT('',(1.814963854416,1.359252130314));
#6114 = CARTESIAN_POINT('',(1.813959730258,1.3434971122));
#6115 = CARTESIAN_POINT('',(1.81532105205,1.327881990566));
#6116 = CARTESIAN_POINT('',(1.820500811344,1.302565494767));
#6117 = CARTESIAN_POINT('',(1.823250046807,1.29277161206));
#6118 = CARTESIAN_POINT('',(1.826584825435,1.283046413832));
#6119 = CARTESIAN_POINT('',(1.83039480736,1.273392808052));
#6120 = CARTESIAN_POINT('',(1.834594488299,1.263812493534));
#6121 = CARTESIAN_POINT('',(1.839115082008,1.254306250571));
#6122 = CARTESIAN_POINT('',(1.843899849284,1.24487409307));
#6123 = CARTESIAN_POINT('',(1.854563548486,1.224926249714));
#6124 = CARTESIAN_POINT('',(1.860502992233,1.214431529566));
#6125 = CARTESIAN_POINT('',(1.866655277441,1.204029938923));
#6126 = CARTESIAN_POINT('',(1.872968288654,1.193719854932));
#6127 = CARTESIAN_POINT('',(1.879401133131,1.183499239235));
#6128 = CARTESIAN_POINT('',(1.885921551707,1.173365662475));
#6129 = CARTESIAN_POINT('',(1.892503329638,1.163316328804));
#6130 = CARTESIAN_POINT('',(1.899123707454,1.153348100385));
#6131 = ( GEOMETRIC_REPRESENTATION_CONTEXT(2) 
PARAMETRIC_REPRESENTATION_CONTEXT() REPRESENTATION_CONTEXT('2D SPACE',''
  ) );
#6132 = PCURVE('',#966,#6133);
#6133 = DEFINITIONAL_REPRESENTATION('',(#6134),#6158);
#6134 = B_SPLINE_CURVE_WITH_KNOTS('',8,(#6135,#6136,#6137,#6138,#6139,
    #6140,#6141,#6142,#6143,#6144,#6145,#6146,#6147,#6148,#6149,#6150,
    #6151,#6152,#6153,#6154,#6155,#6156,#6157),.UNSPECIFIED.,.F.,.F.,(9,
    7,7,9),(0.,0.423864061075,0.694166328131,1.),.UNSPECIFIED.);
#6135 = CARTESIAN_POINT('',(1.7763568394E-15,-4.011365776564));
#6136 = CARTESIAN_POINT('',(-4.058044800383E-02,-3.933181081837));
#6137 = CARTESIAN_POINT('',(-8.079305902169E-02,-3.833688839115));
#6138 = CARTESIAN_POINT('',(-0.120482805589,-3.713655773642));
#6139 = CARTESIAN_POINT('',(-0.159537445774,-3.574150590584));
#6140 = CARTESIAN_POINT('',(-0.197873781086,-3.416376094455));
#6141 = CARTESIAN_POINT('',(-0.235432736082,-3.241584999882));
#6142 = CARTESIAN_POINT('',(-0.272175845304,-3.051004344142));
#6143 = CARTESIAN_POINT('',(-0.330981817553,-2.714893943363));
#6144 = CARTESIAN_POINT('',(-0.353539565974,-2.578062541835));
#6145 = CARTESIAN_POINT('',(-0.375751226222,-2.43557548334));
#6146 = CARTESIAN_POINT('',(-0.397613470368,-2.287721787549));
#6147 = CARTESIAN_POINT('',(-0.419124733521,-2.134778975181));
#6148 = CARTESIAN_POINT('',(-0.440285040335,-1.977010131209));
#6149 = CARTESIAN_POINT('',(-0.461095874892,-1.814661241279));
#6150 = CARTESIAN_POINT('',(-0.504714347637,-1.459343219689));
#6151 = CARTESIAN_POINT('',(-0.527423994465,-1.265161490526));
#6152 = CARTESIAN_POINT('',(-0.549693407174,-1.065740720317));
#6153 = CARTESIAN_POINT('',(-0.571527729207,-0.861387701881));
#6154 = CARTESIAN_POINT('',(-0.592932857437,-0.652387521094));
#6155 = CARTESIAN_POINT('',(-0.61391542488,-0.439002163588));
#6156 = CARTESIAN_POINT('',(-0.634482783419,-0.221469121465));
#6157 = CARTESIAN_POINT('',(-0.654642986509,0.));
#6158 = ( GEOMETRIC_REPRESENTATION_CONTEXT(2) 
PARAMETRIC_REPRESENTATION_CONTEXT() REPRESENTATION_CONTEXT('2D SPACE',''
  ) );
#6159 = ORIENTED_EDGE('',*,*,#6160,.F.);
#6160 = EDGE_CURVE('',#477,#6078,#6161,.T.);
#6161 = SURFACE_CURVE('',#6162,(#6221,#6283),.PCURVE_S1.);
#6162 = B_SPLINE_CURVE_WITH_KNOTS('',8,(#6163,#6164,#6165,#6166,#6167,
    #6168,#6169,#6170,#6171,#6172,#6173,#6174,#6175,#6176,#6177,#6178,
    #6179,#6180,#6181,#6182,#6183,#6184,#6185,#6186,#6187,#6188,#6189,
    #6190,#6191,#6192,#6193,#6194,#6195,#6196,#6197,#6198,#6199,#6200,
    #6201,#6202,#6203,#6204,#6205,#6206,#6207,#6208,#6209,#6210,#6211,
    #6212,#6213,#6214,#6215,#6216,#6217,#6218,#6219,#6220),
  .UNSPECIFIED.,.F.,.F.,(9,7,7,7,7,7,7,7,9),(0.,0.291524442282,
    0.419595098542,0.539570995921,0.660859830235,0.745695654328,
    0.832773433012,0.917155988562,1.),.UNSPECIFIED.);
#6163 = CARTESIAN_POINT('',(28.84907124797,28.810217457253,
    35.839244175754));
#6164 = CARTESIAN_POINT('',(29.273832733473,29.144041596656,
    36.023041011303));
#6165 = CARTESIAN_POINT('',(29.695550343425,29.492857754027,
    36.19990738573));
#6166 = CARTESIAN_POINT('',(30.113369222255,29.857394200823,
    36.369555721894));
#6167 = CARTESIAN_POINT('',(30.526270570896,30.23834100962,
    36.531636983913));
#6168 = CARTESIAN_POINT('',(30.933074577918,30.636334652362,
    36.685750995244));
#6169 = CARTESIAN_POINT('',(31.332446630707,31.051940432089,
    36.831455080351));
#6170 = CARTESIAN_POINT('',(31.722907219902,31.485632503165,
    36.96827094916));
#6171 = CARTESIAN_POINT('',(32.269758207016,32.136401935342,
    37.151666554439));
#6172 = CARTESIAN_POINT('',(32.434630277495,32.338581458453,
    37.205826576633));
#6173 = CARTESIAN_POINT('',(32.597323034675,32.544336108432,
    37.258126020987));
#6174 = CARTESIAN_POINT('',(32.757688780592,32.753682794926,
    37.308518841644));
#6175 = CARTESIAN_POINT('',(32.915571952199,32.966628018427,
    37.356957198559));
#6176 = CARTESIAN_POINT('',(33.070809958233,33.183166562285,
    37.403391956874));
#6177 = CARTESIAN_POINT('',(33.223234147167,33.403279891522,
    37.447773223032));
#6178 = CARTESIAN_POINT('',(33.512662453039,33.836452458442,
    37.52965643305));
#6179 = CARTESIAN_POINT('',(33.650023409299,34.04906492013,
    37.56741338118));
#6180 = CARTESIAN_POINT('',(33.784618691524,34.264753833783,
    37.603282992297));
#6181 = CARTESIAN_POINT('',(33.916299728705,34.483476835051,
    37.637223341966));
#6182 = CARTESIAN_POINT('',(34.044906269616,34.705163633278,
    37.66919064098));
#6183 = CARTESIAN_POINT('',(34.170268825797,34.929711713565,
    37.699140833499));
#6184 = CARTESIAN_POINT('',(34.292211750199,35.15698111259,
    37.727031503415));
#6185 = CARTESIAN_POINT('',(34.530197244495,35.619110281373,
    37.778898931476));
#6186 = CARTESIAN_POINT('',(34.646168117425,35.854040352962,
    37.802831156222));
#6187 = CARTESIAN_POINT('',(34.758275936837,36.091372470138,
    37.824578499727));
#6188 = CARTESIAN_POINT('',(34.86628567763,36.330773964747,
    37.844095058986));
#6189 = CARTESIAN_POINT('',(34.969945501362,36.571795044435,
    37.861341411806));
#6190 = CARTESIAN_POINT('',(35.068995085713,36.81383358753,
    37.876292550832));
#6191 = CARTESIAN_POINT('',(35.163227140503,37.056218016987,
    37.888954777747));
#6192 = CARTESIAN_POINT('',(35.314983004428,37.467737307784,
    37.906641312829));
#6193 = CARTESIAN_POINT('',(35.375028948282,37.636996753361,
    37.912817578858));
#6194 = CARTESIAN_POINT('',(35.432602945141,37.805894704349,
    37.917900173325));
#6195 = CARTESIAN_POINT('',(35.487712764505,37.974315703736,
    37.92191162369));
#6196 = CARTESIAN_POINT('',(35.540429647777,38.142310798891,
    37.924881864582));
#6197 = CARTESIAN_POINT('',(35.590877840437,38.310145198803,
    37.926837483411));
#6198 = CARTESIAN_POINT('',(35.639187961489,38.478215893494,
    37.927791034742));
#6199 = CARTESIAN_POINT('',(35.732978301988,38.820188048996,
    37.927686695307));
#6200 = CARTESIAN_POINT('',(35.778359260911,38.994159991157,
    37.926574973036));
#6201 = CARTESIAN_POINT('',(35.821732621047,39.16937141753,
    37.924400340509));
#6202 = CARTESIAN_POINT('',(35.863170127823,39.346270688849,
    37.921141675546));
#6203 = CARTESIAN_POINT('',(35.902673915159,39.525178123339,
    37.916762006136));
#6204 = CARTESIAN_POINT('',(35.940173039396,39.706174797947,
    37.911220827358));
#6205 = CARTESIAN_POINT('',(35.975563358682,39.889145768367,
    37.904486559226));
#6206 = CARTESIAN_POINT('',(36.04087050868,40.252753135977,
    37.888845919846));
#6207 = CARTESIAN_POINT('',(36.070929090976,40.433320702895,
    37.880011803834));
#6208 = CARTESIAN_POINT('',(36.098809405403,40.615305287587,
    37.870023365936));
#6209 = CARTESIAN_POINT('',(36.124424366639,40.798471031877,
    37.858870702807));
#6210 = CARTESIAN_POINT('',(36.1477032061,40.982579345656,
    37.846551091646));
#6211 = CARTESIAN_POINT('',(36.168594267725,41.167408134011,
    37.833067834282));
#6212 = CARTESIAN_POINT('',(36.187063761464,41.352761803134,
    37.818428457683));
#6213 = CARTESIAN_POINT('',(36.218824972973,41.720796238677,
    37.787143913059));
#6214 = CARTESIAN_POINT('',(36.232205735776,41.903472151358,
    37.770539538543));
#6215 = CARTESIAN_POINT('',(36.243214230622,42.086358552427,
    37.752836414799));
#6216 = CARTESIAN_POINT('',(36.251842354909,42.269328351416,
    37.734044276196));
#6217 = CARTESIAN_POINT('',(36.258090668427,42.452268902085,
    37.714174514198));
#6218 = CARTESIAN_POINT('',(36.261966698203,42.635081890398,
    37.693239453769));
#6219 = CARTESIAN_POINT('',(36.263483315436,42.817682806399,
    37.671251715994));
#6220 = CARTESIAN_POINT('',(36.26265718452,43.,37.648223666912));
#6221 = PCURVE('',#595,#6222);
#6222 = DEFINITIONAL_REPRESENTATION('',(#6223),#6282);
#6223 = B_SPLINE_CURVE_WITH_KNOTS('',8,(#6224,#6225,#6226,#6227,#6228,
    #6229,#6230,#6231,#6232,#6233,#6234,#6235,#6236,#6237,#6238,#6239,
    #6240,#6241,#6242,#6243,#6244,#6245,#6246,#6247,#6248,#6249,#6250,
    #6251,#6252,#6253,#6254,#6255,#6256,#6257,#6258,#6259,#6260,#6261,
    #6262,#6263,#6264,#6265,#6266,#6267,#6268,#6269,#6270,#6271,#6272,
    #6273,#6274,#6275,#6276,#6277,#6278,#6279,#6280,#6281),
  .UNSPECIFIED.,.F.,.F.,(9,7,7,7,7,7,7,7,9),(0.,0.291524442282,
    0.419595098542,0.539570995921,0.660859830235,0.745695654328,
    0.832773433012,0.917155988562,1.),.UNSPECIFIED.);
#6224 = CARTESIAN_POINT('',(3.929109258959,1.240607394323));
#6225 = CARTESIAN_POINT('',(3.934155080319,1.254779548834));
#6226 = CARTESIAN_POINT('',(3.938696318188,1.269087066801));
#6227 = CARTESIAN_POINT('',(3.942572882982,1.283534385486));
#6228 = CARTESIAN_POINT('',(3.945583402357,1.298123161212));
#6229 = CARTESIAN_POINT('',(3.947433061112,1.312850751629));
#6230 = CARTESIAN_POINT('',(3.947724489438,1.327710332341));
#6231 = CARTESIAN_POINT('',(3.945868676527,1.342688257087));
#6232 = CARTESIAN_POINT('',(3.938563022851,1.364372975518));
#6233 = CARTESIAN_POINT('',(3.935711596067,1.371008293681));
#6234 = CARTESIAN_POINT('',(3.932147965273,1.377657549067));
#6235 = CARTESIAN_POINT('',(3.927761613293,1.384317198402));
#6236 = CARTESIAN_POINT('',(3.922419071526,1.390982750083));
#6237 = CARTESIAN_POINT('',(3.915955034534,1.397648433014));
#6238 = CARTESIAN_POINT('',(3.908157664341,1.404306615402));
#6239 = CARTESIAN_POINT('',(3.889933240956,1.417167625073));
#6240 = CARTESIAN_POINT('',(3.879704157095,1.423372215973));
#6241 = CARTESIAN_POINT('',(3.867830252448,1.429552631499));
#6242 = CARTESIAN_POINT('',(3.854029632831,1.435697996441));
#6243 = CARTESIAN_POINT('',(3.837950606729,1.441794318867));
#6244 = CARTESIAN_POINT('',(3.819145740624,1.44782320532));
#6245 = CARTESIAN_POINT('',(3.797038453243,1.453759647462));
#6246 = CARTESIAN_POINT('',(3.744439606852,1.465441685235));
#6247 = CARTESIAN_POINT('',(3.713857073608,1.471184828264));
#6248 = CARTESIAN_POINT('',(3.678370829181,1.476761838587));
#6249 = CARTESIAN_POINT('',(3.637035587712,1.482123877201));
#6250 = CARTESIAN_POINT('',(3.588785943906,1.487206708336));
#6251 = CARTESIAN_POINT('',(3.532321314639,1.49192666663));
#6252 = CARTESIAN_POINT('',(3.466569748063,1.496175423605));
#6253 = CARTESIAN_POINT('',(3.339200860722,1.502412628969));
#6254 = CARTESIAN_POINT('',(3.282278697814,1.504696679243));
#6255 = CARTESIAN_POINT('',(3.220899338993,1.506660127015));
#6256 = CARTESIAN_POINT('',(3.155351667614,1.508267740433));
#6257 = CARTESIAN_POINT('',(3.086251642887,1.509489204681));
#6258 = CARTESIAN_POINT('',(3.014658943787,1.510303504508));
#6259 = CARTESIAN_POINT('',(2.941835257285,1.510700274323));
#6260 = CARTESIAN_POINT('',(2.794286633793,1.510656858367));
#6261 = CARTESIAN_POINT('',(2.719547868232,1.510194272772));
#6262 = CARTESIAN_POINT('',(2.646151454482,1.509290085836));
#6263 = CARTESIAN_POINT('',(2.575466719777,1.507954103087));
#6264 = CARTESIAN_POINT('',(2.508633333554,1.506208163625));
#6265 = CARTESIAN_POINT('',(2.44628502129,1.504084617086));
#6266 = CARTESIAN_POINT('',(2.388700088919,1.501621230693));
#6267 = CARTESIAN_POINT('',(2.284720862785,1.496181076386));
#6268 = CARTESIAN_POINT('',(2.238025704845,1.493222002842));
#6269 = CARTESIAN_POINT('',(2.195810779422,1.490017148357));
#6270 = CARTESIAN_POINT('',(2.157821714996,1.486602110122));
#6271 = CARTESIAN_POINT('',(2.123689797811,1.483009243556));
#6272 = CARTESIAN_POINT('',(2.093026528489,1.479266217232));
#6273 = CARTESIAN_POINT('',(2.065469692276,1.475395988773));
#6274 = CARTESIAN_POINT('',(2.016344165985,1.46751294147));
#6275 = CARTESIAN_POINT('',(1.994675097195,1.463503797191));
#6276 = CARTESIAN_POINT('',(1.975352634276,1.459408794313));
#6277 = CARTESIAN_POINT('',(1.958091056677,1.455242612168));
#6278 = CARTESIAN_POINT('',(1.942642517598,1.451017240038));
#6279 = CARTESIAN_POINT('',(1.928795860609,1.446742518928));
#6280 = CARTESIAN_POINT('',(1.916371760862,1.442426569037));
#6281 = CARTESIAN_POINT('',(1.905214190926,1.438076102922));
#6282 = ( GEOMETRIC_REPRESENTATION_CONTEXT(2) 
PARAMETRIC_REPRESENTATION_CONTEXT() REPRESENTATION_CONTEXT('2D SPACE',''
  ) );
#6283 = PCURVE('',#966,#6284);
#6284 = DEFINITIONAL_REPRESENTATION('',(#6285),#6344);
#6285 = B_SPLINE_CURVE_WITH_KNOTS('',8,(#6286,#6287,#6288,#6289,#6290,
    #6291,#6292,#6293,#6294,#6295,#6296,#6297,#6298,#6299,#6300,#6301,
    #6302,#6303,#6304,#6305,#6306,#6307,#6308,#6309,#6310,#6311,#6312,
    #6313,#6314,#6315,#6316,#6317,#6318,#6319,#6320,#6321,#6322,#6323,
    #6324,#6325,#6326,#6327,#6328,#6329,#6330,#6331,#6332,#6333,#6334,
    #6335,#6336,#6337,#6338,#6339,#6340,#6341,#6342,#6343),
  .UNSPECIFIED.,.F.,.F.,(9,7,7,7,7,7,7,7,9),(0.,0.291524442282,
    0.419595098542,0.539570995921,0.660859830235,0.745695654328,
    0.832773433012,0.917155988562,1.),.UNSPECIFIED.);
#6286 = CARTESIAN_POINT('',(-5.295610049454,5.724561286218E-14));
#6287 = CARTESIAN_POINT('',(-5.323470482467,-0.3060596957));
#6288 = CARTESIAN_POINT('',(-5.3521071634,-0.604587521915));
#6289 = CARTESIAN_POINT('',(-5.381542945877,-0.895045811631));
#6290 = CARTESIAN_POINT('',(-5.411797394354,-1.176787785775));
#6291 = CARTESIAN_POINT('',(-5.442886444823,-1.449068272052));
#6292 = CARTESIAN_POINT('',(-5.474822136387,-1.711053843035));
#6293 = CARTESIAN_POINT('',(-5.507612310829,-1.961832424293));
#6294 = CARTESIAN_POINT('',(-5.556042143167,-2.305238258162));
#6295 = CARTESIAN_POINT('',(-5.570988798327,-2.407695771868));
#6296 = CARTESIAN_POINT('',(-5.586100118328,-2.50771032605));
#6297 = CARTESIAN_POINT('',(-5.6013755336,-2.605192487315));
#6298 = CARTESIAN_POINT('',(-5.616813895327,-2.70004868545));
#6299 = CARTESIAN_POINT('',(-5.632413422584,-2.792181946965));
#6300 = CARTESIAN_POINT('',(-5.648171630759,-2.881492704081));
#6301 = CARTESIAN_POINT('',(-5.678993025447,-3.048806529711));
#6302 = CARTESIAN_POINT('',(-5.694036242153,-3.127162391113));
#6303 = CARTESIAN_POINT('',(-5.709212921788,-3.202868648073));
#6304 = CARTESIAN_POINT('',(-5.724519546256,-3.275839517117));
#6305 = CARTESIAN_POINT('',(-5.739950888605,-3.345983831882));
#6306 = CARTESIAN_POINT('',(-5.755499793815,-3.41320731796));
#6307 = CARTESIAN_POINT('',(-5.771156900743,-3.477415357312));
#6308 = CARTESIAN_POINT('',(-5.802836104537,-3.600285774904));
#6309 = CARTESIAN_POINT('',(-5.818861311798,-3.658883643785));
#6310 = CARTESIAN_POINT('',(-5.834972486093,-3.714209817942));
#6311 = CARTESIAN_POINT('',(-5.851148016045,-3.766148014258));
#6312 = CARTESIAN_POINT('',(-5.867359044855,-3.814582917663));
#6313 = CARTESIAN_POINT('',(-5.883567400895,-3.859410300707));
#6314 = CARTESIAN_POINT('',(-5.899731364834,-3.90057210047));
#6315 = CARTESIAN_POINT('',(-5.927066134813,-3.96428813586));
#6316 = CARTESIAN_POINT('',(-5.938277809784,-3.988717331007));
#6317 = CARTESIAN_POINT('',(-5.949435468967,-4.01134250906));
#6318 = CARTESIAN_POINT('',(-5.960532866388,-4.032187495805));
#6319 = CARTESIAN_POINT('',(-5.971574801044,-4.051302775587));
#6320 = CARTESIAN_POINT('',(-5.982579925806,-4.068752028483));
#6321 = CARTESIAN_POINT('',(-5.993575133802,-4.084587558095));
#6322 = CARTESIAN_POINT('',(-6.015896703658,-4.113471134518));
#6323 = CARTESIAN_POINT('',(-6.027226342307,-4.126437311336));
#6324 = CARTESIAN_POINT('',(-6.03861149477,-4.137772218286));
#6325 = CARTESIAN_POINT('',(-6.050081684328,-4.147477937538));
#6326 = CARTESIAN_POINT('',(-6.061657756252,-4.155519966034));
#6327 = CARTESIAN_POINT('',(-6.07334496489,-4.161837858513));
#6328 = CARTESIAN_POINT('',(-6.085136064789,-4.166369399019));
#6329 = CARTESIAN_POINT('',(-6.108522694423,-4.171675286222));
#6330 = CARTESIAN_POINT('',(-6.120115182189,-4.172562155379));
#6331 = CARTESIAN_POINT('',(-6.131777820795,-4.171678077395));
#6332 = CARTESIAN_POINT('',(-6.143495966524,-4.168986722784));
#6333 = CARTESIAN_POINT('',(-6.155254982375,-4.164463633314));
#6334 = CARTESIAN_POINT('',(-6.167041446913,-4.15809598661));
#6335 = CARTESIAN_POINT('',(-6.178843753449,-4.149880499543));
#6336 = CARTESIAN_POINT('',(-6.20224514451,-4.129941883638));
#6337 = CARTESIAN_POINT('',(-6.213844522361,-4.118285068159));
#6338 = CARTESIAN_POINT('',(-6.225442105652,-4.104850208954));
#6339 = CARTESIAN_POINT('',(-6.237030732773,-4.089644060115));
#6340 = CARTESIAN_POINT('',(-6.248604202096,-4.072677628552));
#6341 = CARTESIAN_POINT('',(-6.260157244098,-4.053964961984));
#6342 = CARTESIAN_POINT('',(-6.271685471465,-4.033522041193));
#6343 = CARTESIAN_POINT('',(-6.28318530718,-4.011365776564));
#6344 = ( GEOMETRIC_REPRESENTATION_CONTEXT(2) 
PARAMETRIC_REPRESENTATION_CONTEXT() REPRESENTATION_CONTEXT('2D SPACE',''
  ) );
#6345 = ORIENTED_EDGE('',*,*,#476,.F.);
#6346 = ORIENTED_EDGE('',*,*,#6347,.T.);
#6347 = EDGE_CURVE('',#453,#6348,#6350,.T.);
#6348 = VERTEX_POINT('',#6349);
#6349 = CARTESIAN_POINT('',(73.619517121938,27.,12.5));
#6350 = SURFACE_CURVE('',#6351,(#6356,#6363),.PCURVE_S1.);
#6351 = CIRCLE('',#6352,37.279350852717);
#6352 = AXIS2_PLACEMENT_3D('',#6353,#6354,#6355);
#6353 = CARTESIAN_POINT('',(38.,38.,12.5));
#6354 = DIRECTION('',(0.,0.,1.));
#6355 = DIRECTION('',(1.,0.,-0.));
#6356 = PCURVE('',#595,#6357);
#6357 = DEFINITIONAL_REPRESENTATION('',(#6358),#6362);
#6358 = LINE('',#6359,#6360);
#6359 = CARTESIAN_POINT('',(0.,0.370948948875));
#6360 = VECTOR('',#6361,1.);
#6361 = DIRECTION('',(1.,0.));
#6362 = ( GEOMETRIC_REPRESENTATION_CONTEXT(2) 
PARAMETRIC_REPRESENTATION_CONTEXT() REPRESENTATION_CONTEXT('2D SPACE',''
  ) );
#6363 = PCURVE('',#415,#6364);
#6364 = DEFINITIONAL_REPRESENTATION('',(#6365),#6369);
#6365 = CIRCLE('',#6366,37.279350852717);
#6366 = AXIS2_PLACEMENT_2D('',#6367,#6368);
#6367 = CARTESIAN_POINT('',(-5.,80.));
#6368 = DIRECTION('',(1.,0.));
#6369 = ( GEOMETRIC_REPRESENTATION_CONTEXT(2) 
PARAMETRIC_REPRESENTATION_CONTEXT() REPRESENTATION_CONTEXT('2D SPACE',''
  ) );
#6370 = ORIENTED_EDGE('',*,*,#6371,.F.);
#6371 = EDGE_CURVE('',#6372,#6348,#6374,.T.);
#6372 = VERTEX_POINT('',#6373);
#6373 = CARTESIAN_POINT('',(76.80654634243,38.,7.698039027186));
#6374 = SURFACE_CURVE('',#6375,(#6390,#6408),.PCURVE_S1.);
#6375 = B_SPLINE_CURVE_WITH_KNOTS('',7,(#6376,#6377,#6378,#6379,#6380,
    #6381,#6382,#6383,#6384,#6385,#6386,#6387,#6388,#6389),
  .UNSPECIFIED.,.F.,.F.,(8,6,8),(0.,0.395071527546,1.),.UNSPECIFIED.);
#6376 = CARTESIAN_POINT('',(76.80654634243,38.,7.698039027186));
#6377 = CARTESIAN_POINT('',(76.674799948324,37.511253356261,
    8.22522009276));
#6378 = CARTESIAN_POINT('',(76.534402728807,36.995176013225,
    8.722759187937));
#6379 = CARTESIAN_POINT('',(76.385879536761,36.454127910791,
    9.189046503957));
#6380 = CARTESIAN_POINT('',(76.229772915388,35.890515981764,
    9.622787063519));
#6381 = CARTESIAN_POINT('',(76.06663629991,35.306755483516,
    10.02294876946));
#6382 = CARTESIAN_POINT('',(75.897029751152,34.705242489575,
    10.388724891826));
#6383 = CARTESIAN_POINT('',(75.452777209793,33.143740570549,
    11.226006443225));
#6384 = CARTESIAN_POINT('',(75.170207217101,32.16311094825,
    11.650437061905));
#6385 = CARTESIAN_POINT('',(74.875789567244,31.154755867508,
    11.990740995361));
#6386 = CARTESIAN_POINT('',(74.571511961366,30.126728700091,
    12.24587021077));
#6387 = CARTESIAN_POINT('',(74.259368805251,29.086754538527,
    12.415520072311));
#6388 = CARTESIAN_POINT('',(73.941367221289,28.042195011322,12.5));
#6389 = CARTESIAN_POINT('',(73.619517121938,27.,12.5));
#6390 = PCURVE('',#595,#6391);
#6391 = DEFINITIONAL_REPRESENTATION('',(#6392),#6407);
#6392 = B_SPLINE_CURVE_WITH_KNOTS('',7,(#6393,#6394,#6395,#6396,#6397,
    #6398,#6399,#6400,#6401,#6402,#6403,#6404,#6405,#6406),
  .UNSPECIFIED.,.F.,.F.,(8,6,8),(0.,0.395071527546,1.),.UNSPECIFIED.);
#6393 = CARTESIAN_POINT('',(6.28318530718,0.244891409519));
#6394 = CARTESIAN_POINT('',(6.270590869132,0.258476258346));
#6395 = CARTESIAN_POINT('',(6.257192381075,0.271351072587));
#6396 = CARTESIAN_POINT('',(6.243033935597,0.283468349475));
#6397 = CARTESIAN_POINT('',(6.228164376029,0.294786381242));
#6398 = CARTESIAN_POINT('',(6.212637842994,0.30526869326));
#6399 = CARTESIAN_POINT('',(6.196513750734,0.314883951831));
#6400 = CARTESIAN_POINT('',(6.154350354057,0.336961953409));
#6401 = CARTESIAN_POINT('',(6.127595244655,0.348223418595));
#6402 = CARTESIAN_POINT('',(6.099816522585,0.357300879414));
#6403 = CARTESIAN_POINT('',(6.071263339588,0.364132057042));
#6404 = CARTESIAN_POINT('',(6.042205370962,0.368682814069));
#6405 = CARTESIAN_POINT('',(6.012916134254,0.370948948875));
#6406 = CARTESIAN_POINT('',(5.983657034313,0.370948948875));
#6407 = ( GEOMETRIC_REPRESENTATION_CONTEXT(2) 
PARAMETRIC_REPRESENTATION_CONTEXT() REPRESENTATION_CONTEXT('2D SPACE',''
  ) );
#6408 = PCURVE('',#6409,#6414);
#6409 = CYLINDRICAL_SURFACE('',#6410,15.);
#6410 = AXIS2_PLACEMENT_3D('',#6411,#6412,#6413);
#6411 = CARTESIAN_POINT('',(43.,27.,-2.5));
#6412 = DIRECTION('',(1.,0.,-0.));
#6413 = DIRECTION('',(0.,1.,0.));
#6414 = DEFINITIONAL_REPRESENTATION('',(#6415),#6430);
#6415 = B_SPLINE_CURVE_WITH_KNOTS('',7,(#6416,#6417,#6418,#6419,#6420,
    #6421,#6422,#6423,#6424,#6425,#6426,#6427,#6428,#6429),
  .UNSPECIFIED.,.F.,.F.,(8,6,8),(0.,0.395071527546,1.),.UNSPECIFIED.);
#6416 = CARTESIAN_POINT('',(0.747584349669,33.80654634243));
#6417 = CARTESIAN_POINT('',(0.795509901085,33.674799948324));
#6418 = CARTESIAN_POINT('',(0.843225036367,33.534402728807));
#6419 = CARTESIAN_POINT('',(0.890723923035,33.385879536761));
#6420 = CARTESIAN_POINT('',(0.938006748821,33.229772915388));
#6421 = CARTESIAN_POINT('',(0.985077253774,33.066636299909));
#6422 = CARTESIAN_POINT('',(1.031941477782,32.897029751152));
#6423 = CARTESIAN_POINT('',(1.150062482395,32.452777209793));
#6424 = CARTESIAN_POINT('',(1.221048924655,32.170207217101));
#6425 = CARTESIAN_POINT('',(1.291609979846,31.875789567244));
#6426 = CARTESIAN_POINT('',(1.361799956112,31.571511961366));
#6427 = CARTESIAN_POINT('',(1.431679347983,31.259368805251));
#6428 = CARTESIAN_POINT('',(1.501316659373,30.941367221289));
#6429 = CARTESIAN_POINT('',(1.570796326795,30.619517121938));
#6430 = ( GEOMETRIC_REPRESENTATION_CONTEXT(2) 
PARAMETRIC_REPRESENTATION_CONTEXT() REPRESENTATION_CONTEXT('2D SPACE',''
  ) );
#6431 = ORIENTED_EDGE('',*,*,#6432,.T.);
#6432 = EDGE_CURVE('',#6372,#6433,#6435,.T.);
#6433 = VERTEX_POINT('',#6434);
#6434 = CARTESIAN_POINT('',(66.795628691013,38.,25.763497047189));
#6435 = SEAM_CURVE('',#6436,(#6441,#6448),.PCURVE_S1.);
#6436 = CIRCLE('',#6437,40.);
#6437 = AXIS2_PLACEMENT_3D('',#6438,#6439,#6440);
#6438 = CARTESIAN_POINT('',(38.,38.,-2.));
#6439 = DIRECTION('',(-2.449293598295E-16,-1.,0.));
#6440 = DIRECTION('',(1.,-2.449293598295E-16,0.));
#6441 = PCURVE('',#595,#6442);
#6442 = DEFINITIONAL_REPRESENTATION('',(#6443),#6447);
#6443 = LINE('',#6444,#6445);
#6444 = CARTESIAN_POINT('',(0.,-6.28318530718));
#6445 = VECTOR('',#6446,1.);
#6446 = DIRECTION('',(0.,1.));
#6447 = ( GEOMETRIC_REPRESENTATION_CONTEXT(2) 
PARAMETRIC_REPRESENTATION_CONTEXT() REPRESENTATION_CONTEXT('2D SPACE',''
  ) );
#6448 = PCURVE('',#595,#6449);
#6449 = DEFINITIONAL_REPRESENTATION('',(#6450),#6454);
#6450 = LINE('',#6451,#6452);
#6451 = CARTESIAN_POINT('',(6.28318530718,-6.28318530718));
#6452 = VECTOR('',#6453,1.);
#6453 = DIRECTION('',(0.,1.));
#6454 = ( GEOMETRIC_REPRESENTATION_CONTEXT(2) 
PARAMETRIC_REPRESENTATION_CONTEXT() REPRESENTATION_CONTEXT('2D SPACE',''
  ) );
#6455 = ORIENTED_EDGE('',*,*,#6456,.F.);
#6456 = EDGE_CURVE('',#6457,#6433,#6459,.T.);
#6457 = VERTEX_POINT('',#6458);
#6458 = CARTESIAN_POINT('',(58.765346918743,38.,32.187722465006));
#6459 = SURFACE_CURVE('',#6460,(#6465,#6483),.PCURVE_S1.);
#6460 = CIRCLE('',#6461,15.31607033746);
#6461 = AXIS2_PLACEMENT_3D('',#6462,#6463,#6464);
#6462 = CARTESIAN_POINT('',(59.502645502646,51.439153439153,
    24.878306878307));
#6463 = DIRECTION('',(0.581914373963,0.363696483727,0.727392967453));
#6464 = DIRECTION('',(-0.780868809443,2.775557561563E-17,0.624695047554)
  );
#6465 = PCURVE('',#595,#6466);
#6466 = DEFINITIONAL_REPRESENTATION('',(#6467),#6482);
#6467 = B_SPLINE_CURVE_WITH_KNOTS('',7,(#6468,#6469,#6470,#6471,#6472,
    #6473,#6474,#6475,#6476,#6477,#6478,#6479,#6480,#6481),
  .UNSPECIFIED.,.F.,.F.,(8,6,8),(1.228428359869,1.570796326795,
    1.913164293721),.UNSPECIFIED.);
#6468 = CARTESIAN_POINT('',(6.28318530718,1.024959300354));
#6469 = CARTESIAN_POINT('',(6.271903734972,1.007171010966));
#6470 = CARTESIAN_POINT('',(6.263199311802,0.989008118034));
#6471 = CARTESIAN_POINT('',(6.256808432523,0.970577017));
#6472 = CARTESIAN_POINT('',(6.252490374147,0.951967243905));
#6473 = CARTESIAN_POINT('',(6.25003927267,0.933255459607));
#6474 = CARTESIAN_POINT('',(6.249277581304,0.914508919509));
#6475 = CARTESIAN_POINT('',(6.250828010714,0.877066225092));
#6476 = CARTESIAN_POINT('',(6.253140130091,0.858370073916));
#6477 = CARTESIAN_POINT('',(6.256836543374,0.839759061326));
#6478 = CARTESIAN_POINT('',(6.261789535969,0.821285902236));
#6479 = CARTESIAN_POINT('',(6.267891323739,0.802998181866));
#6480 = CARTESIAN_POINT('',(6.275049844565,0.784939758176));
#6481 = CARTESIAN_POINT('',(6.28318530718,0.767151468789));
#6482 = ( GEOMETRIC_REPRESENTATION_CONTEXT(2) 
PARAMETRIC_REPRESENTATION_CONTEXT() REPRESENTATION_CONTEXT('2D SPACE',''
  ) );
#6483 = PCURVE('',#6484,#6489);
#6484 = SPHERICAL_SURFACE('',#6485,18.);
#6485 = AXIS2_PLACEMENT_3D('',#6486,#6487,#6488);
#6486 = CARTESIAN_POINT('',(54.,48.,18.));
#6487 = DIRECTION('',(0.,0.,1.));
#6488 = DIRECTION('',(1.,0.,-0.));
#6489 = DEFINITIONAL_REPRESENTATION('',(#6490),#6505);
#6490 = B_SPLINE_CURVE_WITH_KNOTS('',7,(#6491,#6492,#6493,#6494,#6495,
    #6496,#6497,#6498,#6499,#6500,#6501,#6502,#6503,#6504),
  .UNSPECIFIED.,.F.,.F.,(8,6,8),(1.228428359869,1.570796326795,
    1.913164293721),.UNSPECIFIED.);
#6491 = CARTESIAN_POINT('',(5.157088742657,0.907889713957));
#6492 = CARTESIAN_POINT('',(5.197550912119,0.874544308826));
#6493 = CARTESIAN_POINT('',(5.235605188657,0.841018839637));
#6494 = CARTESIAN_POINT('',(5.27181475547,0.807415296271));
#6495 = CARTESIAN_POINT('',(5.306573524021,0.77380894261));
#6496 = CARTESIAN_POINT('',(5.34018567169,0.740263168151));
#6497 = CARTESIAN_POINT('',(5.372892615214,0.706833451017));
#6498 = CARTESIAN_POINT('',(5.436893650246,0.640308597112));
#6499 = CARTESIAN_POINT('',(5.468187770763,0.607213463283));
#6500 = CARTESIAN_POINT('',(5.49897393152,0.574336784433));
#6501 = CARTESIAN_POINT('',(5.529408365749,0.541725483512));
#6502 = CARTESIAN_POINT('',(5.559620871808,0.509424935003));
#6503 = CARTESIAN_POINT('',(5.589724134566,0.477480679995));
#6504 = CARTESIAN_POINT('',(5.619816599033,0.445939165917));
#6505 = ( GEOMETRIC_REPRESENTATION_CONTEXT(2) 
PARAMETRIC_REPRESENTATION_CONTEXT() REPRESENTATION_CONTEXT('2D SPACE',''
  ) );
#6506 = ORIENTED_EDGE('',*,*,#6507,.T.);
#6507 = EDGE_CURVE('',#6457,#6508,#6510,.T.);
#6508 = VERTEX_POINT('',#6509);
#6509 = CARTESIAN_POINT('',(38.,38.,38.));
#6510 = SEAM_CURVE('',#6511,(#6516,#6523),.PCURVE_S1.);
#6511 = CIRCLE('',#6512,40.);
#6512 = AXIS2_PLACEMENT_3D('',#6513,#6514,#6515);
#6513 = CARTESIAN_POINT('',(38.,38.,-2.));
#6514 = DIRECTION('',(-2.449293598295E-16,-1.,0.));
#6515 = DIRECTION('',(1.,-2.449293598295E-16,0.));
#6516 = PCURVE('',#595,#6517);
#6517 = DEFINITIONAL_REPRESENTATION('',(#6518),#6522);
#6518 = LINE('',#6519,#6520);
#6519 = CARTESIAN_POINT('',(0.,-6.28318530718));
#6520 = VECTOR('',#6521,1.);
#6521 = DIRECTION('',(0.,1.));
#6522 = ( GEOMETRIC_REPRESENTATION_CONTEXT(2) 
PARAMETRIC_REPRESENTATION_CONTEXT() REPRESENTATION_CONTEXT('2D SPACE',''
  ) );
#6523 = PCURVE('',#595,#6524);
#6524 = DEFINITIONAL_REPRESENTATION('',(#6525),#6529);
#6525 = LINE('',#6526,#6527);
#6526 = CARTESIAN_POINT('',(6.28318530718,-6.28318530718));
#6527 = VECTOR('',#6528,1.);
#6528 = DIRECTION('',(0.,1.));
#6529 = ( GEOMETRIC_REPRESENTATION_CONTEXT(2) 
PARAMETRIC_REPRESENTATION_CONTEXT() REPRESENTATION_CONTEXT('2D SPACE',''
  ) );
#6530 = ORIENTED_EDGE('',*,*,#6507,.F.);
#6531 = ORIENTED_EDGE('',*,*,#6532,.F.);
#6532 = EDGE_CURVE('',#6533,#6457,#6535,.T.);
#6533 = VERTEX_POINT('',#6534);
#6534 = CARTESIAN_POINT('',(71.948631603348,48.,16.641094717321));
#6535 = SURFACE_CURVE('',#6536,(#6541,#6610),.PCURVE_S1.);
#6536 = CIRCLE('',#6537,15.31607033746);
#6537 = AXIS2_PLACEMENT_3D('',#6538,#6539,#6540);
#6538 = CARTESIAN_POINT('',(59.502645502646,51.439153439153,
    24.878306878307));
#6539 = DIRECTION('',(0.581914373963,0.363696483727,0.727392967453));
#6540 = DIRECTION('',(-0.780868809443,2.775557561563E-17,0.624695047554)
  );
#6541 = PCURVE('',#595,#6542);
#6542 = DEFINITIONAL_REPRESENTATION('',(#6543),#6609);
#6543 = B_SPLINE_CURVE_WITH_KNOTS('',8,(#6544,#6545,#6546,#6547,#6548,
    #6549,#6550,#6551,#6552,#6553,#6554,#6555,#6556,#6557,#6558,#6559,
    #6560,#6561,#6562,#6563,#6564,#6565,#6566,#6567,#6568,#6569,#6570,
    #6571,#6572,#6573,#6574,#6575,#6576,#6577,#6578,#6579,#6580,#6581,
    #6582,#6583,#6584,#6585,#6586,#6587,#6588,#6589,#6590,#6591,#6592,
    #6593,#6594,#6595,#6596,#6597,#6598,#6599,#6600,#6601,#6602,#6603,
    #6604,#6605,#6606,#6607,#6608),.UNSPECIFIED.,.F.,.F.,(9,7,7,7,7,7,7,
    7,7,9),(2.898141589492,4.051509608881,4.916535623423,5.565305134329,
    6.051882267509,6.416815117394,6.690514754808,6.895789482868,
    7.203701574958,7.511613667049),.UNSPECIFIED.);
#6544 = CARTESIAN_POINT('',(0.286460995247,0.484795425697));
#6545 = CARTESIAN_POINT('',(0.34113749174,0.458203007337));
#6546 = CARTESIAN_POINT('',(0.398638288161,0.437565151321));
#6547 = CARTESIAN_POINT('',(0.458185002293,0.423361910631));
#6548 = CARTESIAN_POINT('',(0.518994275648,0.415942591679));
#6549 = CARTESIAN_POINT('',(0.580221237292,0.41549258641));
#6550 = CARTESIAN_POINT('',(0.641000153714,0.421986668891));
#6551 = CARTESIAN_POINT('',(0.700511029812,0.435212761298));
#6552 = CARTESIAN_POINT('',(0.801047192714,0.469500553269));
#6553 = CARTESIAN_POINT('',(0.842974484282,0.48777672114));
#6554 = CARTESIAN_POINT('',(0.883407269292,0.509480245379));
#6555 = CARTESIAN_POINT('',(0.922019949127,0.534408707611));
#6556 = CARTESIAN_POINT('',(0.958491158412,0.562319163623));
#6557 = CARTESIAN_POINT('',(0.992489189047,0.592938327749));
#6558 = CARTESIAN_POINT('',(1.023636523773,0.625967388877));
#6559 = CARTESIAN_POINT('',(1.072296326619,0.687403528386));
#6560 = CARTESIAN_POINT('',(1.091270793283,0.714901783513));
#6561 = CARTESIAN_POINT('',(1.108158200256,0.743428194393));
#6562 = CARTESIAN_POINT('',(1.122715373745,0.772831691971));
#6563 = CARTESIAN_POINT('',(1.13464509654,0.802948414653));
#6564 = CARTESIAN_POINT('',(1.143575343154,0.833596859301));
#6565 = CARTESIAN_POINT('',(1.149017682686,0.864569057931));
#6566 = CARTESIAN_POINT('',(1.151303279505,0.918891054417));
#6567 = CARTESIAN_POINT('',(1.14995617435,0.942210692853));
#6568 = CARTESIAN_POINT('',(1.146008869787,0.965461591398));
#6569 = CARTESIAN_POINT('',(1.139137744299,0.988521534199));
#6570 = CARTESIAN_POINT('',(1.128957953598,1.011248293092));
#6571 = CARTESIAN_POINT('',(1.115019434045,1.033474004319));
#6572 = CARTESIAN_POINT('',(1.096799506292,1.054993111687));
#6573 = CARTESIAN_POINT('',(1.056549355371,1.09098083259));
#6574 = CARTESIAN_POINT('',(1.036610440117,1.105867124717));
#6575 = CARTESIAN_POINT('',(1.013772408314,1.120111770546));
#6576 = CARTESIAN_POINT('',(0.987831926082,1.133596623223));
#6577 = CARTESIAN_POINT('',(0.958618454359,1.146189460969));
#6578 = CARTESIAN_POINT('',(0.926028119679,1.157743758423));
#6579 = CARTESIAN_POINT('',(0.890114390668,1.168106234767));
#6580 = CARTESIAN_POINT('',(0.821892824012,1.183903635585));
#6581 = CARTESIAN_POINT('',(0.790928118573,1.189922792362));
#6582 = CARTESIAN_POINT('',(0.758343336242,1.195130204557));
#6583 = CARTESIAN_POINT('',(0.724308576079,1.199468346262));
#6584 = CARTESIAN_POINT('',(0.68906606935,1.202886366967));
#6585 = CARTESIAN_POINT('',(0.652932922607,1.205345332248));
#6586 = CARTESIAN_POINT('',(0.616270574683,1.206822540851));
#6587 = CARTESIAN_POINT('',(0.551834911847,1.207679143309));
#6588 = CARTESIAN_POINT('',(0.524130742574,1.207490665157));
#6589 = CARTESIAN_POINT('',(0.496494243632,1.206744084921));
#6590 = CARTESIAN_POINT('',(0.46908522205,1.205442184498));
#6591 = CARTESIAN_POINT('',(0.442058162805,1.20359325497));
#6592 = CARTESIAN_POINT('',(0.415553869731,1.201210597201));
#6593 = CARTESIAN_POINT('',(0.38969355902,1.198311596039));
#6594 = CARTESIAN_POINT('',(0.326903770197,1.18982425545));
#6595 = CARTESIAN_POINT('',(0.290904779287,1.183615999009));
#6596 = CARTESIAN_POINT('',(0.256919334395,1.176360773989));
#6597 = CARTESIAN_POINT('',(0.225180296038,1.168142861358));
#6598 = CARTESIAN_POINT('',(0.195799431982,1.15905402707));
#6599 = CARTESIAN_POINT('',(0.168797528326,1.149185129243));
#6600 = CARTESIAN_POINT('',(0.144135809031,1.138622873726));
#6601 = CARTESIAN_POINT('',(9.933901568128E-02,1.116273157903));
#6602 = CARTESIAN_POINT('',(7.920393988475E-02,1.104485696632));
#6603 = CARTESIAN_POINT('',(6.125542586902E-02,1.092166406492));
#6604 = CARTESIAN_POINT('',(4.537862123161E-02,1.079390104507));
#6605 = CARTESIAN_POINT('',(3.14437534828E-02,1.066224150175));
#6606 = CARTESIAN_POINT('',(1.931922592474E-02,1.052728687401));
#6607 = CARTESIAN_POINT('',(8.877921510309E-03,1.038957618503));
#6608 = CARTESIAN_POINT('',(-8.881784197001E-16,1.024959300354));
#6609 = ( GEOMETRIC_REPRESENTATION_CONTEXT(2) 
PARAMETRIC_REPRESENTATION_CONTEXT() REPRESENTATION_CONTEXT('2D SPACE',''
  ) );
#6610 = PCURVE('',#6484,#6611);
#6611 = DEFINITIONAL_REPRESENTATION('',(#6612),#6713);
#6612 = B_SPLINE_CURVE_WITH_KNOTS('',8,(#6613,#6614,#6615,#6616,#6617,
    #6618,#6619,#6620,#6621,#6622,#6623,#6624,#6625,#6626,#6627,#6628,
    #6629,#6630,#6631,#6632,#6633,#6634,#6635,#6636,#6637,#6638,#6639,
    #6640,#6641,#6642,#6643,#6644,#6645,#6646,#6647,#6648,#6649,#6650,
    #6651,#6652,#6653,#6654,#6655,#6656,#6657,#6658,#6659,#6660,#6661,
    #6662,#6663,#6664,#6665,#6666,#6667,#6668,#6669,#6670,#6671,#6672,
    #6673,#6674,#6675,#6676,#6677,#6678,#6679,#6680,#6681,#6682,#6683,
    #6684,#6685,#6686,#6687,#6688,#6689,#6690,#6691,#6692,#6693,#6694,
    #6695,#6696,#6697,#6698,#6699,#6700,#6701,#6702,#6703,#6704,#6705,
    #6706,#6707,#6708,#6709,#6710,#6711,#6712),.UNSPECIFIED.,.F.,.F.,(9,
    7,7,7,7,7,7,7,7,7,7,7,7,7,9),(2.898141589492,3.474825599186,
    3.979424107669,4.862471497514,5.524757039898,6.021471196685,
    6.207739005481,6.370723338177,6.513334629286,6.638119509006,
    6.747306278761,6.938383125833,7.081690761137,7.296652214093,
    7.511613667049),.UNSPECIFIED.);
#6613 = CARTESIAN_POINT('',(1.583502857405E-15,-7.556663562896E-02));
#6614 = CARTESIAN_POINT('',(5.561037224014E-02,-0.101783878947));
#6615 = CARTESIAN_POINT('',(0.11261099925,-0.125335162139));
#6616 = CARTESIAN_POINT('',(0.170964207943,-0.146019134357));
#6617 = CARTESIAN_POINT('',(0.230575384974,-0.163641786612));
#6618 = CARTESIAN_POINT('',(0.291282490983,-0.178026569208));
#6619 = CARTESIAN_POINT('',(0.35285748235,-0.189030444692));
#6620 = CARTESIAN_POINT('',(0.415022039837,-0.196558079333));
#6621 = CARTESIAN_POINT('',(0.532130721766,-0.204073635897));
#6622 = CARTESIAN_POINT('',(0.587006029179,-0.204886393421));
#6623 = CARTESIAN_POINT('',(0.641907391063,-0.202975815597));
#6624 = CARTESIAN_POINT('',(0.696624716197,-0.198343475201));
#6625 = CARTESIAN_POINT('',(0.750951830839,-0.191024309406));
#6626 = CARTESIAN_POINT('',(0.804703184911,-0.181083938796));
#6627 = CARTESIAN_POINT('',(0.857726119214,-0.16861258874));
#6628 = CARTESIAN_POINT('',(1.001212603264,-0.127652070823));
#6629 = CARTESIAN_POINT('',(1.089931234931,-9.416472806095E-02));
#6630 = CARTESIAN_POINT('',(1.175429490771,-5.383234354891E-02));
#6631 = CARTESIAN_POINT('',(1.257408912494,-7.397324608377E-03));
#6632 = CARTESIAN_POINT('',(1.335969646703,4.435143793359E-02));
#6633 = CARTESIAN_POINT('',(1.411440854187,0.100688050776));
#6634 = CARTESIAN_POINT('',(1.484303615645,0.160952849775));
#6635 = CARTESIAN_POINT('',(1.60836689756,0.272249727599));
#6636 = CARTESIAN_POINT('',(1.660429074967,0.321823412666));
#6637 = CARTESIAN_POINT('',(1.711652873224,0.373021089596));
#6638 = CARTESIAN_POINT('',(1.762358659998,0.425611572583));
#6639 = CARTESIAN_POINT('',(1.812916443476,0.47938207222));
#6640 = CARTESIAN_POINT('',(1.863773527219,0.534129762713));
#6641 = CARTESIAN_POINT('',(1.915483765344,0.589654644168));
#6642 = CARTESIAN_POINT('',(2.008890664715,0.687792580405));
#6643 = CARTESIAN_POINT('',(2.049858839161,0.730163276573));
#6644 = CARTESIAN_POINT('',(2.092106334145,0.772751423328));
#6645 = CARTESIAN_POINT('',(2.136057793958,0.815455104964));
#6646 = CARTESIAN_POINT('',(2.182257134248,0.858159631259));
#6647 = CARTESIAN_POINT('',(2.231431591604,0.900723610082));
#6648 = CARTESIAN_POINT('',(2.284601123467,0.942966650973));
#6649 = CARTESIAN_POINT('',(2.365435928652,1.00021494614));
#6650 = CARTESIAN_POINT('',(2.388271991439,1.01574262524));
#6651 = CARTESIAN_POINT('',(2.411984007877,1.031169686744));
#6652 = CARTESIAN_POINT('',(2.436669404321,1.04647885247));
#6653 = CARTESIAN_POINT('',(2.462439974691,1.061650245775));
#6654 = CARTESIAN_POINT('',(2.489424572277,1.076660668241));
#6655 = CARTESIAN_POINT('',(2.517771805312,1.09148259862));
#6656 = CARTESIAN_POINT('',(2.57379855093,1.118858190001));
#6657 = CARTESIAN_POINT('',(2.601118587951,1.131463789146));
#6658 = CARTESIAN_POINT('',(2.629727299087,1.143877519433));
#6659 = CARTESIAN_POINT('',(2.659752214083,1.156073863241));
#6660 = CARTESIAN_POINT('',(2.691334257887,1.168023353388));
#6661 = CARTESIAN_POINT('',(2.724628404328,1.179691648069));
#6662 = CARTESIAN_POINT('',(2.759800596483,1.19103856508));
#6663 = CARTESIAN_POINT('',(2.829581097957,1.211623759891));
#6664 = CARTESIAN_POINT('',(2.863710324255,1.220948339128));
#6665 = CARTESIAN_POINT('',(2.899515749518,1.229959668554));
#6666 = CARTESIAN_POINT('',(2.937108392799,1.238622712529));
#6667 = CARTESIAN_POINT('',(2.976593737571,1.246898066157));
#6668 = CARTESIAN_POINT('',(3.018060871198,1.254741982881));
#6669 = CARTESIAN_POINT('',(3.061566111822,1.262107168081));
#6670 = CARTESIAN_POINT('',(3.146963007179,1.274926862964));
#6671 = CARTESIAN_POINT('',(3.188376619984,1.280505141077));
#6672 = CARTESIAN_POINT('',(3.231353209472,1.285646199285));
#6673 = CARTESIAN_POINT('',(3.275862445267,1.290316085379));
#6674 = CARTESIAN_POINT('',(3.321832397204,1.294480745302));
#6675 = CARTESIAN_POINT('',(3.369138838406,1.298107893186));
#6676 = CARTESIAN_POINT('',(3.417601812542,1.301169281425));
#6677 = CARTESIAN_POINT('',(3.510218549059,1.305807086364));
#6678 = CARTESIAN_POINT('',(3.554153730611,1.307521287668));
#6679 = CARTESIAN_POINT('',(3.59865285632,1.308770552629));
#6680 = CARTESIAN_POINT('',(3.643540132581,1.309543577881));
#6681 = CARTESIAN_POINT('',(3.688618926824,1.309833653777));
#6682 = CARTESIAN_POINT('',(3.733684070233,1.309639305539));
#6683 = CARTESIAN_POINT('',(3.778535992122,1.308964338241));
#6684 = CARTESIAN_POINT('',(3.900787472374,1.305809479012));
#6685 = CARTESIAN_POINT('',(3.97736841725,1.302355564201));
#6686 = CARTESIAN_POINT('',(4.051750796854,1.297500271071));
#6687 = CARTESIAN_POINT('',(4.123094401693,1.291331417133));
#6688 = CARTESIAN_POINT('',(4.190893120407,1.283970347643));
#6689 = CARTESIAN_POINT('',(4.254968295925,1.275543827604));
#6690 = CARTESIAN_POINT('',(4.315324041261,1.266173618512));
#6691 = CARTESIAN_POINT('',(4.414660302444,1.248319469358));
#6692 = CARTESIAN_POINT('',(4.455212299236,1.24019958522));
#6693 = CARTESIAN_POINT('',(4.493797044491,1.231658722798));
#6694 = CARTESIAN_POINT('',(4.530505149181,1.222740574302));
#6695 = CARTESIAN_POINT('',(4.565446102521,1.213484660339));
#6696 = CARTESIAN_POINT('',(4.598735388866,1.203926093388));
#6697 = CARTESIAN_POINT('',(4.630487019222,1.19409584091));
#6698 = CARTESIAN_POINT('',(4.706298164548,1.168909958882));
#6699 = CARTESIAN_POINT('',(4.748573558662,1.153249169113));
#6700 = CARTESIAN_POINT('',(4.7880100635,1.137132032621));
#6701 = CARTESIAN_POINT('',(4.824957310505,1.120633339716));
#6702 = CARTESIAN_POINT('',(4.859719544847,1.103813547237));
#6703 = CARTESIAN_POINT('',(4.892556649182,1.086722252686));
#6704 = CARTESIAN_POINT('',(4.923693603052,1.069400942241));
#6705 = CARTESIAN_POINT('',(4.982952748678,1.034368262627));
#6706 = CARTESIAN_POINT('',(5.011074975069,1.016656902857));
#6707 = CARTESIAN_POINT('',(5.037882946695,0.998785500881));
#6708 = CARTESIAN_POINT('',(5.063538452877,0.980782699338));
#6709 = CARTESIAN_POINT('',(5.088178092537,0.9626724565));
#6710 = CARTESIAN_POINT('',(5.111918330641,0.944475291691));
#6711 = CARTESIAN_POINT('',(5.134859499181,0.926209125381));
#6712 = CARTESIAN_POINT('',(5.157088742657,0.907889713957));
#6713 = ( GEOMETRIC_REPRESENTATION_CONTEXT(2) 
PARAMETRIC_REPRESENTATION_CONTEXT() REPRESENTATION_CONTEXT('2D SPACE',''
  ) );
#6714 = ORIENTED_EDGE('',*,*,#6715,.F.);
#6715 = EDGE_CURVE('',#6433,#6533,#6716,.T.);
#6716 = SURFACE_CURVE('',#6717,(#6722,#6735),.PCURVE_S1.);
#6717 = CIRCLE('',#6718,15.31607033746);
#6718 = AXIS2_PLACEMENT_3D('',#6719,#6720,#6721);
#6719 = CARTESIAN_POINT('',(59.502645502646,51.439153439153,
    24.878306878307));
#6720 = DIRECTION('',(0.581914373963,0.363696483727,0.727392967453));
#6721 = DIRECTION('',(-0.780868809443,2.775557561563E-17,0.624695047554)
  );
#6722 = PCURVE('',#595,#6723);
#6723 = DEFINITIONAL_REPRESENTATION('',(#6724),#6734);
#6724 = B_SPLINE_CURVE_WITH_KNOTS('',8,(#6725,#6726,#6727,#6728,#6729,
    #6730,#6731,#6732,#6733),.UNSPECIFIED.,.F.,.F.,(9,9),(1.913164293721
    ,2.898141589492),.PIECEWISE_BEZIER_KNOTS.);
#6725 = CARTESIAN_POINT('',(-8.881784197001E-16,0.767151468789));
#6726 = CARTESIAN_POINT('',(2.04796911444E-02,0.722372371411));
#6727 = CARTESIAN_POINT('',(4.702392610162E-02,0.679270197104));
#6728 = CARTESIAN_POINT('',(7.844556468422E-02,0.638452814307));
#6729 = CARTESIAN_POINT('',(0.113980544064,0.6004265858));
#6730 = CARTESIAN_POINT('',(0.153043718142,0.565654680259));
#6731 = CARTESIAN_POINT('',(0.195133247457,0.534558086474));
#6732 = CARTESIAN_POINT('',(0.239767219494,0.507505374199));
#6733 = CARTESIAN_POINT('',(0.286460995247,0.484795425697));
#6734 = ( GEOMETRIC_REPRESENTATION_CONTEXT(2) 
PARAMETRIC_REPRESENTATION_CONTEXT() REPRESENTATION_CONTEXT('2D SPACE',''
  ) );
#6735 = PCURVE('',#6484,#6736);
#6736 = DEFINITIONAL_REPRESENTATION('',(#6737),#6750);
#6737 = B_SPLINE_CURVE_WITH_KNOTS('',6,(#6738,#6739,#6740,#6741,#6742,
    #6743,#6744,#6745,#6746,#6747,#6748,#6749),.UNSPECIFIED.,.F.,.F.,(7,
    5,7),(1.913164293721,2.405652941606,2.898141589492),.UNSPECIFIED.);
#6738 = CARTESIAN_POINT('',(5.619816599033,0.445939165917));
#6739 = CARTESIAN_POINT('',(5.670318490751,0.393005444576));
#6740 = CARTESIAN_POINT('',(5.720789305427,0.341238441109));
#6741 = CARTESIAN_POINT('',(5.771742082753,0.290880259138));
#6742 = CARTESIAN_POINT('',(5.823558090399,0.242183189384));
#6743 = CARTESIAN_POINT('',(5.876566551394,0.195430449827));
#6744 = CARTESIAN_POINT('',(5.985472296478,0.106438361339));
#6745 = CARTESIAN_POINT('',(6.041369761735,6.41989884231E-02));
#6746 = CARTESIAN_POINT('',(6.098963688174,2.452873935416E-02));
#6747 = CARTESIAN_POINT('',(6.158434337951,-1.223173187019E-02));
#6748 = CARTESIAN_POINT('',(6.219863565238,-4.571390404375E-02));
#6749 = CARTESIAN_POINT('',(6.28318530718,-7.556663562896E-02));
#6750 = ( GEOMETRIC_REPRESENTATION_CONTEXT(2) 
PARAMETRIC_REPRESENTATION_CONTEXT() REPRESENTATION_CONTEXT('2D SPACE',''
  ) );
#6751 = ORIENTED_EDGE('',*,*,#6432,.F.);
#6752 = ORIENTED_EDGE('',*,*,#6753,.F.);
#6753 = EDGE_CURVE('',#6754,#6372,#6756,.T.);
#6754 = VERTEX_POINT('',#6755);
#6755 = CARTESIAN_POINT('',(77.796356617158,42.,-2.5));
#6756 = SURFACE_CURVE('',#6757,(#6772,#6790),.PCURVE_S1.);
#6757 = B_SPLINE_CURVE_WITH_KNOTS('',7,(#6758,#6759,#6760,#6761,#6762,
    #6763,#6764,#6765,#6766,#6767,#6768,#6769,#6770,#6771),
  .UNSPECIFIED.,.F.,.F.,(8,6,8),(0.,0.684334244481,1.),.UNSPECIFIED.);
#6758 = CARTESIAN_POINT('',(77.796356617158,42.,-2.5));
#6759 = CARTESIAN_POINT('',(77.810277419802,42.,-1.392005547186));
#6760 = CARTESIAN_POINT('',(77.797812985343,41.904515384375,
    -0.282968051569));
#6761 = CARTESIAN_POINT('',(77.75876120062,41.713227013906,
    0.814946905886));
#6762 = CARTESIAN_POINT('',(77.693495868906,41.428255284578,
    1.890544719131));
#6763 = CARTESIAN_POINT('',(77.602741089983,41.053364755601,
    2.933426462375));
#6764 = CARTESIAN_POINT('',(77.487575310191,40.59388979343,
    3.933975360876));
#6765 = CARTESIAN_POINT('',(77.285871494573,39.809280339181,
    5.321477631474));
#6766 = CARTESIAN_POINT('',(77.217320586933,39.545068454579,
    5.748704736575));
#6767 = CARTESIAN_POINT('',(77.144028369782,39.264969748842,
    6.16437433324));
#6768 = CARTESIAN_POINT('',(77.066143508366,38.969675561417,
    6.567763641552));
#6769 = CARTESIAN_POINT('',(76.983823570705,38.659911049339,
    6.958219704284));
#6770 = CARTESIAN_POINT('',(76.897233875897,38.336428392682,
    7.335154328507));
#6771 = CARTESIAN_POINT('',(76.80654634243,38.,7.698039027186));
#6772 = PCURVE('',#595,#6773);
#6773 = DEFINITIONAL_REPRESENTATION('',(#6774),#6789);
#6774 = B_SPLINE_CURVE_WITH_KNOTS('',7,(#6775,#6776,#6777,#6778,#6779,
    #6780,#6781,#6782,#6783,#6784,#6785,#6786,#6787,#6788),
  .UNSPECIFIED.,.F.,.F.,(8,6,8),(0.,0.684334244481,1.),.UNSPECIFIED.);
#6775 = CARTESIAN_POINT('',(0.100175273943,-1.250032554372E-02));
#6776 = CARTESIAN_POINT('',(0.100140466498,1.520170008192E-02));
#6777 = CARTESIAN_POINT('',(9.779632466868E-02,4.29186114045E-02));
#6778 = CARTESIAN_POINT('',(9.313866154274E-02,7.038094760254E-02));
#6779 = CARTESIAN_POINT('',(8.619640477537E-02,9.734435917454E-02));
#6780 = CARTESIAN_POINT('',(7.7012083536E-02,0.123576593622));
#6781 = CARTESIAN_POINT('',(6.565159458143E-02,0.148850781092));
#6782 = CARTESIAN_POINT('',(4.603367429839E-02,0.184063653754));
#6783 = CARTESIAN_POINT('',(3.94002497274E-02,0.194931259928));
#6784 = CARTESIAN_POINT('',(3.23358021476E-02,0.205530965506));
#6785 = CARTESIAN_POINT('',(2.485105723956E-02,0.215843969693));
#6786 = CARTESIAN_POINT('',(1.695787797555E-02,0.225852609367));
#6787 = CARTESIAN_POINT('',(8.669372165017E-03,0.235540288822));
#6788 = CARTESIAN_POINT('',(0.,0.244891409519));
#6789 = ( GEOMETRIC_REPRESENTATION_CONTEXT(2) 
PARAMETRIC_REPRESENTATION_CONTEXT() REPRESENTATION_CONTEXT('2D SPACE',''
  ) );
#6790 = PCURVE('',#6409,#6791);
#6791 = DEFINITIONAL_REPRESENTATION('',(#6792),#6807);
#6792 = B_SPLINE_CURVE_WITH_KNOTS('',7,(#6793,#6794,#6795,#6796,#6797,
    #6798,#6799,#6800,#6801,#6802,#6803,#6804,#6805,#6806),
  .UNSPECIFIED.,.F.,.F.,(8,6,8),(0.,0.684334244481,1.),.UNSPECIFIED.);
#6793 = CARTESIAN_POINT('',(0.,34.796356617158));
#6794 = CARTESIAN_POINT('',(7.386629685424E-02,34.810277419802));
#6795 = CARTESIAN_POINT('',(0.147802118764,34.797812985343));
#6796 = CARTESIAN_POINT('',(0.221654804119,34.75876120062));
#6797 = CARTESIAN_POINT('',(0.295341501248,34.693495868906));
#6798 = CARTESIAN_POINT('',(0.368791136407,34.602741089983));
#6799 = CARTESIAN_POINT('',(0.441931827265,34.487575310191));
#6800 = CARTESIAN_POINT('',(0.548197208825,34.285871494573));
#6801 = CARTESIAN_POINT('',(0.58165982362,34.217320586933));
#6802 = CARTESIAN_POINT('',(0.615034764541,34.144028369782));
#6803 = CARTESIAN_POINT('',(0.648317636128,34.066143508366));
#6804 = CARTESIAN_POINT('',(0.681505175154,33.983823570705));
#6805 = CARTESIAN_POINT('',(0.714594831607,33.897233875897));
#6806 = CARTESIAN_POINT('',(0.747584349669,33.80654634243));
#6807 = ( GEOMETRIC_REPRESENTATION_CONTEXT(2) 
PARAMETRIC_REPRESENTATION_CONTEXT() REPRESENTATION_CONTEXT('2D SPACE',''
  ) );
#6808 = ORIENTED_EDGE('',*,*,#6809,.T.);
#6809 = EDGE_CURVE('',#6754,#6810,#6812,.T.);
#6810 = VERTEX_POINT('',#6811);
#6811 = CARTESIAN_POINT('',(74.657195746538,42.,-17.5));
#6812 = SURFACE_CURVE('',#6813,(#6818,#6830),.PCURVE_S1.);
#6813 = CIRCLE('',#6814,39.799497484265);
#6814 = AXIS2_PLACEMENT_3D('',#6815,#6816,#6817);
#6815 = CARTESIAN_POINT('',(38.,42.,-2.));
#6816 = DIRECTION('',(-0.,1.,0.));
#6817 = DIRECTION('',(0.,0.,1.));
#6818 = PCURVE('',#595,#6819);
#6819 = DEFINITIONAL_REPRESENTATION('',(#6820),#6829);
#6820 = B_SPLINE_CURVE_WITH_KNOTS('',7,(#6821,#6822,#6823,#6824,#6825,
    #6826,#6827,#6828),.UNSPECIFIED.,.F.,.F.,(8,8),(1.583359629975,
    1.970833035945),.PIECEWISE_BEZIER_KNOTS.);
#6821 = CARTESIAN_POINT('',(0.100175273943,-1.250032554372E-02));
#6822 = CARTESIAN_POINT('',(0.100244476435,-6.757616366768E-02));
#6823 = CARTESIAN_POINT('',(0.100669486902,-0.122651555047));
#6824 = CARTESIAN_POINT('',(0.101452053912,-0.177723740165));
#6825 = CARTESIAN_POINT('',(0.102606949774,-0.232789940028));
#6826 = CARTESIAN_POINT('',(0.10416290344,-0.287847057098));
#6827 = CARTESIAN_POINT('',(0.106165144284,-0.34289144972));
#6828 = CARTESIAN_POINT('',(0.108689069498,-0.39791816196));
#6829 = ( GEOMETRIC_REPRESENTATION_CONTEXT(2) 
PARAMETRIC_REPRESENTATION_CONTEXT() REPRESENTATION_CONTEXT('2D SPACE',''
  ) );
#6830 = PCURVE('',#6831,#6836);
#6831 = PLANE('',#6832);
#6832 = AXIS2_PLACEMENT_3D('',#6833,#6834,#6835);
#6833 = CARTESIAN_POINT('',(43.,42.,-32.5));
#6834 = DIRECTION('',(-0.,1.,0.));
#6835 = DIRECTION('',(0.,0.,1.));
#6836 = DEFINITIONAL_REPRESENTATION('',(#6837),#6841);
#6837 = CIRCLE('',#6838,39.799497484265);
#6838 = AXIS2_PLACEMENT_2D('',#6839,#6840);
#6839 = CARTESIAN_POINT('',(30.5,-5.));
#6840 = DIRECTION('',(1.,0.));
#6841 = ( GEOMETRIC_REPRESENTATION_CONTEXT(2) 
PARAMETRIC_REPRESENTATION_CONTEXT() REPRESENTATION_CONTEXT('2D SPACE',''
  ) );
#6842 = ORIENTED_EDGE('',*,*,#6843,.T.);
#6843 = EDGE_CURVE('',#6810,#5532,#6844,.T.);
#6844 = SURFACE_CURVE('',#6845,(#6858,#6874),.PCURVE_S1.);
#6845 = B_SPLINE_CURVE_WITH_KNOTS('',6,(#6846,#6847,#6848,#6849,#6850,
    #6851,#6852,#6853,#6854,#6855,#6856,#6857),.UNSPECIFIED.,.F.,.F.,(7,
    5,7),(0.,0.368313150484,1.),.UNSPECIFIED.);
#6846 = CARTESIAN_POINT('',(74.657195746538,42.,-17.5));
#6847 = CARTESIAN_POINT('',(74.343477089294,42.,-18.24193846631));
#6848 = CARTESIAN_POINT('',(74.01766763859,41.955962185788,
    -18.97359920928));
#6849 = CARTESIAN_POINT('',(73.681110830731,41.870174172796,
    -19.69232729953));
#6850 = CARTESIAN_POINT('',(73.335035759565,41.744951797886,
    -20.395904933));
#6851 = CARTESIAN_POINT('',(72.980549783813,41.582558587744,
    -21.08252984055));
#6852 = CARTESIAN_POINT('',(71.997858124516,41.046429615957,
    -22.89685255734));
#6853 = CARTESIAN_POINT('',(71.355374924398,40.604710082969,
    -23.98850151943));
#6854 = CARTESIAN_POINT('',(70.695736389474,40.070490543549,
    -25.01907285015));
#6855 = CARTESIAN_POINT('',(70.023072995762,39.453103842408,
    -25.98328456595));
#6856 = CARTESIAN_POINT('',(69.341113709749,38.760874628605,
    -26.877330174));
#6857 = CARTESIAN_POINT('',(68.653071463676,38.,-27.69803902718));
#6858 = PCURVE('',#595,#6859);
#6859 = DEFINITIONAL_REPRESENTATION('',(#6860),#6873);
#6860 = B_SPLINE_CURVE_WITH_KNOTS('',6,(#6861,#6862,#6863,#6864,#6865,
    #6866,#6867,#6868,#6869,#6870,#6871,#6872),.UNSPECIFIED.,.F.,.F.,(7,
    5,7),(0.,0.368313150484,1.),.UNSPECIFIED.);
#6861 = CARTESIAN_POINT('',(0.108689069498,-0.39791816196));
#6862 = CARTESIAN_POINT('',(0.109611941076,-0.41803864275));
#6863 = CARTESIAN_POINT('',(0.109401905754,-0.438084605767));
#6864 = CARTESIAN_POINT('',(0.108075464426,-0.457995880361));
#6865 = CARTESIAN_POINT('',(0.105643265756,-0.477719296539));
#6866 = CARTESIAN_POINT('',(0.102109961406,-0.497207653535));
#6867 = CARTESIAN_POINT('',(8.951929611986E-02,-0.549367766065));
#6868 = CARTESIAN_POINT('',(7.832099450215E-02,-0.581491390243));
#6869 = CARTESIAN_POINT('',(6.386284015159E-02,-0.612593757507));
#6870 = CARTESIAN_POINT('',(4.606763156874E-02,-0.642472806117));
#6871 = CARTESIAN_POINT('',(2.48221333874E-02,-0.670918222525));
#6872 = CARTESIAN_POINT('',(0.,-0.697692337287));
#6873 = ( GEOMETRIC_REPRESENTATION_CONTEXT(2) 
PARAMETRIC_REPRESENTATION_CONTEXT() REPRESENTATION_CONTEXT('2D SPACE',''
  ) );
#6874 = PCURVE('',#5606,#6875);
#6875 = DEFINITIONAL_REPRESENTATION('',(#6876),#6889);
#6876 = B_SPLINE_CURVE_WITH_KNOTS('',6,(#6877,#6878,#6879,#6880,#6881,
    #6882,#6883,#6884,#6885,#6886,#6887,#6888),.UNSPECIFIED.,.F.,.F.,(7,
    5,7),(0.,0.368313150484,1.),.UNSPECIFIED.);
#6877 = CARTESIAN_POINT('',(0.,31.657195746538));
#6878 = CARTESIAN_POINT('',(-4.946256442126E-02,31.343477089294));
#6879 = CARTESIAN_POINT('',(-9.823995122654E-02,31.01766763859));
#6880 = CARTESIAN_POINT('',(-0.146372960383,30.681110830731));
#6881 = CARTESIAN_POINT('',(-0.193901481441,30.335035759565));
#6882 = CARTESIAN_POINT('',(-0.24086797701,29.980549783813));
#6883 = CARTESIAN_POINT('',(-0.366993156363,28.997858124516));
#6884 = CARTESIAN_POINT('',(-0.445131706702,28.355374924398));
#6885 = CARTESIAN_POINT('',(-0.522021787978,27.695736389474));
#6886 = CARTESIAN_POINT('',(-0.597890298971,27.023072995762));
#6887 = CARTESIAN_POINT('',(-0.672974453926,26.341113709749));
#6888 = CARTESIAN_POINT('',(-0.747584349669,25.653071463676));
#6889 = ( GEOMETRIC_REPRESENTATION_CONTEXT(2) 
PARAMETRIC_REPRESENTATION_CONTEXT() REPRESENTATION_CONTEXT('2D SPACE',''
  ) );
#6890 = ADVANCED_FACE('',(#6891),#1771,.F.);
#6891 = FACE_BOUND('',#6892,.F.);
#6892 = EDGE_LOOP('',(#6893,#6894,#6916));
#6893 = ORIENTED_EDGE('',*,*,#6019,.F.);
#6894 = ORIENTED_EDGE('',*,*,#6895,.T.);
#6895 = EDGE_CURVE('',#6020,#1531,#6896,.T.);
#6896 = SURFACE_CURVE('',#6897,(#6902,#6909),.PCURVE_S1.);
#6897 = CIRCLE('',#6898,17.);
#6898 = AXIS2_PLACEMENT_3D('',#6899,#6900,#6901);
#6899 = CARTESIAN_POINT('',(19.945126372189,43.,38.732311240067));
#6900 = DIRECTION('',(0.309016994375,-0.,0.951056516295));
#6901 = DIRECTION('',(0.951056516295,0.,-0.309016994375));
#6902 = PCURVE('',#1771,#6903);
#6903 = DEFINITIONAL_REPRESENTATION('',(#6904),#6908);
#6904 = CIRCLE('',#6905,17.);
#6905 = AXIS2_PLACEMENT_2D('',#6906,#6907);
#6906 = CARTESIAN_POINT('',(0.,0.));
#6907 = DIRECTION('',(1.,0.));
#6908 = ( GEOMETRIC_REPRESENTATION_CONTEXT(2) 
PARAMETRIC_REPRESENTATION_CONTEXT() REPRESENTATION_CONTEXT('2D SPACE',''
  ) );
#6909 = PCURVE('',#966,#6910);
#6910 = DEFINITIONAL_REPRESENTATION('',(#6911),#6915);
#6911 = LINE('',#6912,#6913);
#6912 = CARTESIAN_POINT('',(-0.,-0.));
#6913 = VECTOR('',#6914,1.);
#6914 = DIRECTION('',(-1.,-0.));
#6915 = ( GEOMETRIC_REPRESENTATION_CONTEXT(2) 
PARAMETRIC_REPRESENTATION_CONTEXT() REPRESENTATION_CONTEXT('2D SPACE',''
  ) );
#6916 = ORIENTED_EDGE('',*,*,#1748,.F.);
#6917 = ADVANCED_FACE('',(#6918),#966,.T.);
#6918 = FACE_BOUND('',#6919,.T.);
#6919 = EDGE_LOOP('',(#6920,#6943,#6970,#6971,#6972,#6973,#6974,#7078,
    #7115,#7275,#7307,#7437,#7462,#7463));
#6920 = ORIENTED_EDGE('',*,*,#6921,.T.);
#6921 = EDGE_CURVE('',#6078,#6922,#6924,.T.);
#6922 = VERTEX_POINT('',#6923);
#6923 = CARTESIAN_POINT('',(37.679122717412,43.,77.131599952589));
#6924 = SEAM_CURVE('',#6925,(#6929,#6936),.PCURVE_S1.);
#6925 = LINE('',#6926,#6927);
#6926 = CARTESIAN_POINT('',(36.113087149206,43.,33.479022335693));
#6927 = VECTOR('',#6928,1.);
#6928 = DIRECTION('',(3.585192146875E-02,6.728726998753E-17,
    0.999357113212));
#6929 = PCURVE('',#966,#6930);
#6930 = DEFINITIONAL_REPRESENTATION('',(#6931),#6935);
#6931 = LINE('',#6932,#6933);
#6932 = CARTESIAN_POINT('',(-6.28318530718,0.));
#6933 = VECTOR('',#6934,1.);
#6934 = DIRECTION('',(-0.,-1.));
#6935 = ( GEOMETRIC_REPRESENTATION_CONTEXT(2) 
PARAMETRIC_REPRESENTATION_CONTEXT() REPRESENTATION_CONTEXT('2D SPACE',''
  ) );
#6936 = PCURVE('',#966,#6937);
#6937 = DEFINITIONAL_REPRESENTATION('',(#6938),#6942);
#6938 = LINE('',#6939,#6940);
#6939 = CARTESIAN_POINT('',(0.,-0.));
#6940 = VECTOR('',#6941,1.);
#6941 = DIRECTION('',(-0.,-1.));
#6942 = ( GEOMETRIC_REPRESENTATION_CONTEXT(2) 
PARAMETRIC_REPRESENTATION_CONTEXT() REPRESENTATION_CONTEXT('2D SPACE',''
  ) );
#6943 = ORIENTED_EDGE('',*,*,#6944,.F.);
#6944 = EDGE_CURVE('',#6922,#6922,#6945,.T.);
#6945 = SURFACE_CURVE('',#6946,(#6951,#6958),.PCURVE_S1.);
#6946 = CIRCLE('',#6947,5.);
#6947 = AXIS2_PLACEMENT_3D('',#6948,#6949,#6950);
#6948 = CARTESIAN_POINT('',(32.923840135937,43.,78.676684924463));
#6949 = DIRECTION('',(0.309016994375,-0.,0.951056516295));
#6950 = DIRECTION('',(0.951056516295,0.,-0.309016994375));
#6951 = PCURVE('',#966,#6952);
#6952 = DEFINITIONAL_REPRESENTATION('',(#6953),#6957);
#6953 = LINE('',#6954,#6955);
#6954 = CARTESIAN_POINT('',(-0.,-42.));
#6955 = VECTOR('',#6956,1.);
#6956 = DIRECTION('',(-1.,-0.));
#6957 = ( GEOMETRIC_REPRESENTATION_CONTEXT(2) 
PARAMETRIC_REPRESENTATION_CONTEXT() REPRESENTATION_CONTEXT('2D SPACE',''
  ) );
#6958 = PCURVE('',#6959,#6964);
#6959 = PLANE('',#6960);
#6960 = AXIS2_PLACEMENT_3D('',#6961,#6962,#6963);
#6961 = CARTESIAN_POINT('',(32.923840135937,43.,78.676684924463));
#6962 = DIRECTION('',(0.309016994375,0.,0.951056516295));
#6963 = DIRECTION('',(0.951056516295,0.,-0.309016994375));
#6964 = DEFINITIONAL_REPRESENTATION('',(#6965),#6969);
#6965 = CIRCLE('',#6966,5.);
#6966 = AXIS2_PLACEMENT_2D('',#6967,#6968);
#6967 = CARTESIAN_POINT('',(0.,0.));
#6968 = DIRECTION('',(1.,0.));
#6969 = ( GEOMETRIC_REPRESENTATION_CONTEXT(2) 
PARAMETRIC_REPRESENTATION_CONTEXT() REPRESENTATION_CONTEXT('2D SPACE',''
  ) );
#6970 = ORIENTED_EDGE('',*,*,#6921,.F.);
#6971 = ORIENTED_EDGE('',*,*,#6077,.T.);
#6972 = ORIENTED_EDGE('',*,*,#6895,.T.);
#6973 = ORIENTED_EDGE('',*,*,#1530,.T.);
#6974 = ORIENTED_EDGE('',*,*,#6975,.T.);
#6975 = EDGE_CURVE('',#1452,#6976,#6978,.T.);
#6976 = VERTEX_POINT('',#6977);
#6977 = CARTESIAN_POINT('',(27.801035440586,31.125405400992,
    53.841351064196));
#6978 = SURFACE_CURVE('',#6979,(#7010,#7044),.PCURVE_S1.);
#6979 = B_SPLINE_CURVE_WITH_KNOTS('',8,(#6980,#6981,#6982,#6983,#6984,
    #6985,#6986,#6987,#6988,#6989,#6990,#6991,#6992,#6993,#6994,#6995,
    #6996,#6997,#6998,#6999,#7000,#7001,#7002,#7003,#7004,#7005,#7006,
    #7007,#7008,#7009),.UNSPECIFIED.,.F.,.F.,(9,7,7,7,9),(0.,
    0.201127237001,0.646634743283,0.80393521118,1.),.UNSPECIFIED.);
#6980 = CARTESIAN_POINT('',(23.5,28.870754284471,48.111666331395));
#6981 = CARTESIAN_POINT('',(23.5,28.919870225969,48.299608011007));
#6982 = CARTESIAN_POINT('',(23.506514686089,28.969710735453,
    48.486327092984));
#6983 = CARTESIAN_POINT('',(23.519359580528,29.0201390865,
    48.671773745406));
#6984 = CARTESIAN_POINT('',(23.538396107117,29.071040083103,
    48.855887077985));
#6985 = CARTESIAN_POINT('',(23.563521524536,29.122316775373,
    49.038598169474));
#6986 = CARTESIAN_POINT('',(23.594662278484,29.173888482141,
    49.219831970011));
#6987 = CARTESIAN_POINT('',(23.631770772623,29.225690120486,
    49.399508078399));
#6988 = CARTESIAN_POINT('',(23.770194194095,29.392817330019,
    49.971891424494));
#6989 = CARTESIAN_POINT('',(23.894684197644,29.508785507577,
    50.357955592126));
#6990 = CARTESIAN_POINT('',(24.048056471056,29.625108972419,
    50.735037996252));
#6991 = CARTESIAN_POINT('',(24.230674511549,29.741584258584,
    51.101852555516));
#6992 = CARTESIAN_POINT('',(24.443176380081,29.858278383097,
    51.456637303315));
#6993 = CARTESIAN_POINT('',(24.686430197561,29.97566338183,
    51.797112227605));
#6994 = CARTESIAN_POINT('',(24.961396071093,30.094750124988,
    52.120479802635));
#6995 = CARTESIAN_POINT('',(25.378010354908,30.260722477393,
    52.53009977751));
#6996 = CARTESIAN_POINT('',(25.490800271767,30.304466300014,
    52.63438661001));
#6997 = CARTESIAN_POINT('',(25.607705626303,30.348721797743,
    52.73590811001));
#6998 = CARTESIAN_POINT('',(25.728758201248,30.393576313514,
    52.834482304955));
#6999 = CARTESIAN_POINT('',(25.853980147409,30.439127818043,
    52.929909455767));
#7000 = CARTESIAN_POINT('',(25.983382016297,30.485485906702,
    53.021972885783));
#7001 = CARTESIAN_POINT('',(26.116960792756,30.532772796399,
    53.11043980971));
#7002 = CARTESIAN_POINT('',(26.426378295827,30.641391350717,
    53.300538414247));
#7003 = CARTESIAN_POINT('',(26.604499590226,30.703305353549,
    53.400029658433));
#7004 = CARTESIAN_POINT('',(26.789034167755,30.76713242856,
    53.493064226447));
#7005 = CARTESIAN_POINT('',(26.979881512126,30.833156514436,
    53.579107758503));
#7006 = CARTESIAN_POINT('',(27.176852793994,30.901680831492,
    53.657577444086));
#7007 = CARTESIAN_POINT('',(27.379657711249,30.973022146472,
    53.727858541337));
#7008 = CARTESIAN_POINT('',(27.587893609399,31.0474978616,
    53.789323175445));
#7009 = CARTESIAN_POINT('',(27.801036882053,31.125405927876,
    53.841351416058));
#7010 = PCURVE('',#966,#7011);
#7011 = DEFINITIONAL_REPRESENTATION('',(#7012),#7043);
#7012 = B_SPLINE_CURVE_WITH_KNOTS('',8,(#7013,#7014,#7015,#7016,#7017,
    #7018,#7019,#7020,#7021,#7022,#7023,#7024,#7025,#7026,#7027,#7028,
    #7029,#7030,#7031,#7032,#7033,#7034,#7035,#7036,#7037,#7038,#7039,
    #7040,#7041,#7042),.UNSPECIFIED.,.F.,.F.,(9,7,7,7,9),(0.,
    0.201127237001,0.646634743283,0.80393521118,1.),.UNSPECIFIED.);
#7013 = CARTESIAN_POINT('',(-4.746525139269,-10.0188131421));
#7014 = CARTESIAN_POINT('',(-4.742538076055,-10.19755630118));
#7015 = CARTESIAN_POINT('',(-4.738984550668,-10.37714984952));
#7016 = CARTESIAN_POINT('',(-4.73585881034,-10.55748938741));
#7017 = CARTESIAN_POINT('',(-4.73315858185,-10.73847418232));
#7018 = CARTESIAN_POINT('',(-4.73088435771,-10.92000693746));
#7019 = CARTESIAN_POINT('',(-4.729038939605,-11.10199354662));
#7020 = CARTESIAN_POINT('',(-4.727627239065,-11.28434283565));
#7021 = CARTESIAN_POINT('',(-4.724505732175,-11.87148693642));
#7022 = CARTESIAN_POINT('',(-4.724519077006,-12.27712530548));
#7023 = CARTESIAN_POINT('',(-4.726767616133,-12.68314662206));
#7024 = CARTESIAN_POINT('',(-4.731382806242,-13.08844007691));
#7025 = CARTESIAN_POINT('',(-4.738534299877,-13.4915271119));
#7026 = CARTESIAN_POINT('',(-4.748430048387,-13.89050757083));
#7027 = CARTESIAN_POINT('',(-4.761306523056,-14.28301753801));
#7028 = CARTESIAN_POINT('',(-4.783154426118,-14.80133017812));
#7029 = CARTESIAN_POINT('',(-4.789261686966,-14.93536685084));
#7030 = CARTESIAN_POINT('',(-4.795786892477,-15.06804527624));
#7031 = CARTESIAN_POINT('',(-4.802741940981,-15.19920220955));
#7032 = CARTESIAN_POINT('',(-4.810138640707,-15.3286545326));
#7033 = CARTESIAN_POINT('',(-4.817988533095,-15.45619943422));
#7034 = CARTESIAN_POINT('',(-4.826302716109,-15.58161459071));
#7035 = CARTESIAN_POINT('',(-4.846046523121,-15.8580243741));
#7036 = CARTESIAN_POINT('',(-4.857737733249,-16.00768867722));
#7037 = CARTESIAN_POINT('',(-4.870185994561,-16.15319412988));
#7038 = CARTESIAN_POINT('',(-4.883408328209,-16.29400146447));
#7039 = CARTESIAN_POINT('',(-4.897416375835,-16.42949804378));
#7040 = CARTESIAN_POINT('',(-4.912214641214,-16.55900950526));
#7041 = CARTESIAN_POINT('',(-4.927798677579,-16.68181427742));
#7042 = CARTESIAN_POINT('',(-4.944153220624,-16.79716096817));
#7043 = ( GEOMETRIC_REPRESENTATION_CONTEXT(2) 
PARAMETRIC_REPRESENTATION_CONTEXT() REPRESENTATION_CONTEXT('2D SPACE',''
  ) );
#7044 = PCURVE('',#1501,#7045);
#7045 = DEFINITIONAL_REPRESENTATION('',(#7046),#7077);
#7046 = B_SPLINE_CURVE_WITH_KNOTS('',8,(#7047,#7048,#7049,#7050,#7051,
    #7052,#7053,#7054,#7055,#7056,#7057,#7058,#7059,#7060,#7061,#7062,
    #7063,#7064,#7065,#7066,#7067,#7068,#7069,#7070,#7071,#7072,#7073,
    #7074,#7075,#7076),.UNSPECIFIED.,.F.,.F.,(9,7,7,7,9),(0.,
    0.201127237001,0.646634743283,0.80393521118,1.),.UNSPECIFIED.);
#7047 = CARTESIAN_POINT('',(0.,9.339222725999));
#7048 = CARTESIAN_POINT('',(3.376511621916E-02,9.435307968427));
#7049 = CARTESIAN_POINT('',(6.725655048823E-02,9.531776658233));
#7050 = CARTESIAN_POINT('',(0.10053035567,9.628483830383));
#7051 = CARTESIAN_POINT('',(0.133635499044,9.725302454515));
#7052 = CARTESIAN_POINT('',(0.166616254781,9.822121046093));
#7053 = CARTESIAN_POINT('',(0.199514064239,9.918842248762));
#7054 = CARTESIAN_POINT('',(0.232368864096,10.015382387884));
#7055 = CARTESIAN_POINT('',(0.337986631476,10.324958586916));
#7056 = CARTESIAN_POINT('',(0.41069402617,10.536896003863));
#7057 = CARTESIAN_POINT('',(0.483810123911,10.746851950517));
#7058 = CARTESIAN_POINT('',(0.557708946298,10.954297031508));
#7059 = CARTESIAN_POINT('',(0.632736713867,11.158839949793));
#7060 = CARTESIAN_POINT('',(0.709241558837,11.360346546474));
#7061 = CARTESIAN_POINT('',(0.78759463509,11.559069194245));
#7062 = CARTESIAN_POINT('',(0.896767667874,11.825403626635));
#7063 = CARTESIAN_POINT('',(0.925538827225,11.89464833305));
#7064 = CARTESIAN_POINT('',(0.954611122144,11.963671558949));
#7065 = CARTESIAN_POINT('',(0.98400193668,12.032510573166));
#7066 = CARTESIAN_POINT('',(1.013728051654,12.101208311866));
#7067 = CARTESIAN_POINT('',(1.043805924846,12.169814556005));
#7068 = CARTESIAN_POINT('',(1.074251971192,12.238387108782));
#7069 = CARTESIAN_POINT('',(1.14351151674,12.392505714914));
#7070 = CARTESIAN_POINT('',(1.182533679828,12.478060278075));
#7071 = CARTESIAN_POINT('',(1.222183817632,12.563791616298));
#7072 = CARTESIAN_POINT('',(1.262488621517,12.649835690807));
#7073 = CARTESIAN_POINT('',(1.303467664125,12.736334547473));
#7074 = CARTESIAN_POINT('',(1.345133753138,12.823435052573));
#7075 = CARTESIAN_POINT('',(1.387492963494,12.911281287153));
#7076 = CARTESIAN_POINT('',(1.430544348056,13.0000006));
#7077 = ( GEOMETRIC_REPRESENTATION_CONTEXT(2) 
PARAMETRIC_REPRESENTATION_CONTEXT() REPRESENTATION_CONTEXT('2D SPACE',''
  ) );
#7078 = ORIENTED_EDGE('',*,*,#7079,.T.);
#7079 = EDGE_CURVE('',#6976,#7080,#7082,.T.);
#7080 = VERTEX_POINT('',#7081);
#7081 = CARTESIAN_POINT('',(28.5,31.388250006715,53.954302914417));
#7082 = SURFACE_CURVE('',#7083,(#7090,#7100),.PCURVE_S1.);
#7083 = B_SPLINE_CURVE_WITH_KNOTS('',5,(#7084,#7085,#7086,#7087,#7088,
    #7089),.UNSPECIFIED.,.F.,.F.,(6,6),(0.,1.),
  .PIECEWISE_BEZIER_KNOTS.);
#7084 = CARTESIAN_POINT('',(27.801035440585,31.125405400992,
    53.841351064195));
#7085 = CARTESIAN_POINT('',(27.9359417764,31.174716319009,
    53.874281720191));
#7086 = CARTESIAN_POINT('',(28.073575363154,31.225562171331,
    53.90234600924));
#7087 = CARTESIAN_POINT('',(28.213697225736,31.27804996894,
    53.925241964282));
#7088 = CARTESIAN_POINT('',(28.355981316668,31.332267122996,
    53.942654462853));
#7089 = CARTESIAN_POINT('',(28.5,31.388250006715,53.954302914417));
#7090 = PCURVE('',#966,#7091);
#7091 = DEFINITIONAL_REPRESENTATION('',(#7092),#7099);
#7092 = B_SPLINE_CURVE_WITH_KNOTS('',5,(#7093,#7094,#7095,#7096,#7097,
    #7098),.UNSPECIFIED.,.F.,.F.,(6,6),(0.,1.),
  .PIECEWISE_BEZIER_KNOTS.);
#7093 = CARTESIAN_POINT('',(-4.94415311002,-16.79716018809));
#7094 = CARTESIAN_POINT('',(-4.9545045095,-16.87016745348));
#7095 = CARTESIAN_POINT('',(-4.965255913402,-16.93938929576));
#7096 = CARTESIAN_POINT('',(-4.976399789582,-17.00446467982));
#7097 = CARTESIAN_POINT('',(-4.987921284179,-17.06499315218));
#7098 = CARTESIAN_POINT('',(-4.999794772253,-17.1205757086));
#7099 = ( GEOMETRIC_REPRESENTATION_CONTEXT(2) 
PARAMETRIC_REPRESENTATION_CONTEXT() REPRESENTATION_CONTEXT('2D SPACE',''
  ) );
#7100 = PCURVE('',#7101,#7106);
#7101 = SPHERICAL_SURFACE('',#7102,5.);
#7102 = AXIS2_PLACEMENT_3D('',#7103,#7104,#7105);
#7103 = CARTESIAN_POINT('',(28.5,32.406793597721,49.059145209785));
#7104 = DIRECTION('',(0.,-0.965925826289,-0.258819045103));
#7105 = DIRECTION('',(-1.,-0.,0.));
#7106 = DEFINITIONAL_REPRESENTATION('',(#7107),#7114);
#7107 = B_SPLINE_CURVE_WITH_KNOTS('',5,(#7108,#7109,#7110,#7111,#7112,
    #7113),.UNSPECIFIED.,.F.,.F.,(6,6),(0.,1.),
  .PIECEWISE_BEZIER_KNOTS.);
#7108 = CARTESIAN_POINT('',(-1.430544056904,6.679379271901E-14));
#7109 = CARTESIAN_POINT('',(-1.457792886808,-1.123075403397E-02));
#7110 = CARTESIAN_POINT('',(-1.485439304109,-2.250613410784E-02));
#7111 = CARTESIAN_POINT('',(-1.513490554019,-3.383412588799E-02));
#7112 = CARTESIAN_POINT('',(-1.541946301592,-4.521841983496E-02));
#7113 = CARTESIAN_POINT('',(-1.570796326795,-5.665479984494E-02));
#7114 = ( GEOMETRIC_REPRESENTATION_CONTEXT(2) 
PARAMETRIC_REPRESENTATION_CONTEXT() REPRESENTATION_CONTEXT('2D SPACE',''
  ) );
#7115 = ORIENTED_EDGE('',*,*,#7116,.F.);
#7116 = EDGE_CURVE('',#7117,#7080,#7119,.T.);
#7117 = VERTEX_POINT('',#7118);
#7118 = CARTESIAN_POINT('',(35.361388009505,37.236422729166,
    50.353240435297));
#7119 = SURFACE_CURVE('',#7120,(#7168,#7219),.PCURVE_S1.);
#7120 = B_SPLINE_CURVE_WITH_KNOTS('',6,(#7121,#7122,#7123,#7124,#7125,
    #7126,#7127,#7128,#7129,#7130,#7131,#7132,#7133,#7134,#7135,#7136,
    #7137,#7138,#7139,#7140,#7141,#7142,#7143,#7144,#7145,#7146,#7147,
    #7148,#7149,#7150,#7151,#7152,#7153,#7154,#7155,#7156,#7157,#7158,
    #7159,#7160,#7161,#7162,#7163,#7164,#7165,#7166,#7167),
  .UNSPECIFIED.,.F.,.F.,(7,5,5,5,5,5,5,5,5,7),(0.,0.117236030555,
    0.169053149626,0.266193295564,0.369013461042,0.42037467237,
    0.519069687183,0.691130671013,0.922942109602,1.),.UNSPECIFIED.);
#7121 = CARTESIAN_POINT('',(35.361388009505,37.236422729166,
    50.353240435297));
#7122 = CARTESIAN_POINT('',(35.336642911636,37.185514340167,
    50.543233129574));
#7123 = CARTESIAN_POINT('',(35.306579443707,37.125318618918,
    50.73201104328));
#7124 = CARTESIAN_POINT('',(35.270803546137,37.055744691001,
    50.919070461798));
#7125 = CARTESIAN_POINT('',(35.228858458284,36.976754410739,
    51.10377135377));
#7126 = CARTESIAN_POINT('',(35.180239140539,36.888426308549,
    51.285351311008));
#7127 = CARTESIAN_POINT('',(35.099835026969,36.748009705336,
    51.541454056843));
#7128 = CARTESIAN_POINT('',(35.073796201221,36.703203987548,
    51.619173307552));
#7129 = CARTESIAN_POINT('',(35.046324504147,36.656658881226,
    51.696036412209));
#7130 = CARTESIAN_POINT('',(35.017382968138,36.608410100215,
    51.77196260336));
#7131 = CARTESIAN_POINT('',(34.986939098351,36.558504171717,
    51.846867976177));
#7132 = CARTESIAN_POINT('',(34.895030635361,36.41044722346,
    52.059015281835));
#7133 = CARTESIAN_POINT('',(34.829715383393,36.308264627717,
    52.193494486157));
#7134 = CARTESIAN_POINT('',(34.758867280656,36.200862323128,
    52.32350286766));
#7135 = CARTESIAN_POINT('',(34.682401822087,36.088783058955,
    52.44847319341));
#7136 = CARTESIAN_POINT('',(34.600360431278,35.972704642157,
    52.567902818538));
#7137 = CARTESIAN_POINT('',(34.420462704878,35.727206017536,
    52.801500743611));
#7138 = CARTESIAN_POINT('',(34.321937666022,35.597368410344,
    52.914985340247));
#7139 = CARTESIAN_POINT('',(34.217659935002,35.46490139615,
    53.021337674441));
#7140 = CARTESIAN_POINT('',(34.108016471004,35.33078636344,
    53.120334624843));
#7141 = CARTESIAN_POINT('',(33.993501478118,35.195945762106,
    53.211964322221));
#7142 = CARTESIAN_POINT('',(33.815331678154,34.993912794827,
    53.338528500137));
#7143 = CARTESIAN_POINT('',(33.754899805835,34.926631611421,
    53.378890789137));
#7144 = CARTESIAN_POINT('',(33.693453539682,34.859468930693,
    53.417474746805));
#7145 = CARTESIAN_POINT('',(33.63105793044,34.792512529429,
    53.454312268079));
#7146 = CARTESIAN_POINT('',(33.567776457257,34.725839908501,
    53.489443510741));
#7147 = CARTESIAN_POINT('',(33.380482724601,34.532075576535,
    53.587230318495));
#7148 = CARTESIAN_POINT('',(33.25425345088,34.405934480863,
    53.645411448161));
#7149 = CARTESIAN_POINT('',(33.125399210359,34.281559505943,
    53.697788215523));
#7150 = CARTESIAN_POINT('',(32.994302157338,34.159284711947,
    53.744757988452));
#7151 = CARTESIAN_POINT('',(32.861285830433,34.039331889722,
    53.786726074145));
#7152 = CARTESIAN_POINT('',(32.49179469883,33.716985939774,
    53.88921765918));
#7153 = CARTESIAN_POINT('',(32.251997858691,33.519665760463,
    53.940320657125));
#7154 = CARTESIAN_POINT('',(32.008427655563,33.330452382223,
    53.979529067458));
#7155 = CARTESIAN_POINT('',(31.762037995504,33.149486560226,
    54.008683686356));
#7156 = CARTESIAN_POINT('',(31.513451256854,32.976645592056,
    54.029323856801));
#7157 = CARTESIAN_POINT('',(30.925394142587,32.589330095925,
    54.060787691534));
#7158 = CARTESIAN_POINT('',(30.58453453847,32.381368688946,
    54.065703818832));
#7159 = CARTESIAN_POINT('',(30.241095732226,32.187093581343,
    54.060618293435));
#7160 = CARTESIAN_POINT('',(29.8956105415,32.005915235205,
    54.047800820562));
#7161 = CARTESIAN_POINT('',(29.548333527628,31.837275606598,
    54.029124038355));
#7162 = CARTESIAN_POINT('',(29.083152827003,31.628667324836,
    53.998506147259));
#7163 = CARTESIAN_POINT('',(28.966902412062,31.577961284259,
    53.990392840877));
#7164 = CARTESIAN_POINT('',(28.850460002086,31.528578648261,
    53.981862407066));
#7165 = CARTESIAN_POINT('',(28.733827962378,31.480506344119,
    53.972969651306));
#7166 = CARTESIAN_POINT('',(28.617007647246,31.433733165703,
    53.963766673084));
#7167 = CARTESIAN_POINT('',(28.4999994,31.388249773483,53.954302865888)
  );
#7168 = PCURVE('',#966,#7169);
#7169 = DEFINITIONAL_REPRESENTATION('',(#7170),#7218);
#7170 = B_SPLINE_CURVE_WITH_KNOTS('',6,(#7171,#7172,#7173,#7174,#7175,
    #7176,#7177,#7178,#7179,#7180,#7181,#7182,#7183,#7184,#7185,#7186,
    #7187,#7188,#7189,#7190,#7191,#7192,#7193,#7194,#7195,#7196,#7197,
    #7198,#7199,#7200,#7201,#7202,#7203,#7204,#7205,#7206,#7207,#7208,
    #7209,#7210,#7211,#7212,#7213,#7214,#7215,#7216,#7217),
  .UNSPECIFIED.,.F.,.F.,(7,5,5,5,5,5,5,5,5,7),(0.,0.117236030555,
    0.169053149626,0.266193295564,0.369013461042,0.42037467237,
    0.519069687183,0.691130671013,0.922942109602,1.),.UNSPECIFIED.);
#7171 = CARTESIAN_POINT('',(-5.80318064176,-15.81604727218));
#7172 = CARTESIAN_POINT('',(-5.796519808452,-15.98909440636));
#7173 = CARTESIAN_POINT('',(-5.788962377039,-16.15934274882));
#7174 = CARTESIAN_POINT('',(-5.780479185493,-16.3261914674));
#7175 = CARTESIAN_POINT('',(-5.771044153619,-16.4888907093));
#7176 = CARTESIAN_POINT('',(-5.760639728534,-16.64655931542));
#7177 = CARTESIAN_POINT('',(-5.744241691813,-16.86528126317));
#7178 = CARTESIAN_POINT('',(-5.739026675965,-16.93115022333));
#7179 = CARTESIAN_POINT('',(-5.733623248504,-16.99576215862));
#7180 = CARTESIAN_POINT('',(-5.728032640815,-17.059028831));
#7181 = CARTESIAN_POINT('',(-5.722257172823,-17.12086040079));
#7182 = CARTESIAN_POINT('',(-5.705133659182,-17.29422320125));
#7183 = CARTESIAN_POINT('',(-5.693328380524,-17.40193700198));
#7184 = CARTESIAN_POINT('',(-5.680911137041,-17.50368905262));
#7185 = CARTESIAN_POINT('',(-5.667921906414,-17.59891376909));
#7186 = CARTESIAN_POINT('',(-5.654416509393,-17.6871459083));
#7187 = CARTESIAN_POINT('',(-5.625705859396,-17.85371928243));
#7188 = CARTESIAN_POINT('',(-5.610443418945,-17.93120363618));
#7189 = CARTESIAN_POINT('',(-5.594770095401,-18.00012712562));
#7190 = CARTESIAN_POINT('',(-5.578778519786,-18.06039712669));
#7191 = CARTESIAN_POINT('',(-5.562559973348,-18.11215506856));
#7192 = CARTESIAN_POINT('',(-5.538029538668,-18.17746725862));
#7193 = CARTESIAN_POINT('',(-5.529822085221,-18.19717960104));
#7194 = CARTESIAN_POINT('',(-5.521588869849,-18.21488718492));
#7195 = CARTESIAN_POINT('',(-5.513339069534,-18.23064044594));
#7196 = CARTESIAN_POINT('',(-5.50508093242,-18.24449719256));
#7197 = CARTESIAN_POINT('',(-5.480950973831,-18.27962102695));
#7198 = CARTESIAN_POINT('',(-5.465076986213,-18.29594757868));
#7199 = CARTESIAN_POINT('',(-5.44924985643,-18.30594269446));
#7200 = CARTESIAN_POINT('',(-5.433507459622,-18.31010238578));
#7201 = CARTESIAN_POINT('',(-5.417876291657,-18.30891210161));
#7202 = CARTESIAN_POINT('',(-5.375343879695,-18.29220835249));
#7203 = CARTESIAN_POINT('',(-5.34871190867,-18.26670889288));
#7204 = CARTESIAN_POINT('',(-5.322548687111,-18.22873097494));
#7205 = CARTESIAN_POINT('',(-5.296882150111,-18.18032007302));
#7206 = CARTESIAN_POINT('',(-5.271707475917,-18.1231325148));
#7207 = CARTESIAN_POINT('',(-5.2136907423,-17.97133675788));
#7208 = CARTESIAN_POINT('',(-5.181241056542,-17.87068086241));
#7209 = CARTESIAN_POINT('',(-5.149569027862,-17.75971581269));
#7210 = CARTESIAN_POINT('',(-5.118601957865,-17.64076487635));
#7211 = CARTESIAN_POINT('',(-5.088257332197,-17.51568770189));
#7212 = CARTESIAN_POINT('',(-5.04852830034,-17.3428196151));
#7213 = CARTESIAN_POINT('',(-5.038675577558,-17.29918004837));
#7214 = CARTESIAN_POINT('',(-5.028878841698,-17.25508444016));
#7215 = CARTESIAN_POINT('',(-5.019135090673,-17.21058564449));
#7216 = CARTESIAN_POINT('',(-5.009441359998,-17.16573362942));
#7217 = CARTESIAN_POINT('',(-4.999794722787,-17.12057547704));
#7218 = ( GEOMETRIC_REPRESENTATION_CONTEXT(2) 
PARAMETRIC_REPRESENTATION_CONTEXT() REPRESENTATION_CONTEXT('2D SPACE',''
  ) );
#7219 = PCURVE('',#7220,#7225);
#7220 = CYLINDRICAL_SURFACE('',#7221,5.);
#7221 = AXIS2_PLACEMENT_3D('',#7222,#7223,#7224);
#7222 = CARTESIAN_POINT('',(23.5,32.406793597721,49.059145209785));
#7223 = DIRECTION('',(1.,0.,0.));
#7224 = DIRECTION('',(0.,0.965925826289,0.258819045103));
#7225 = DEFINITIONAL_REPRESENTATION('',(#7226),#7274);
#7226 = B_SPLINE_CURVE_WITH_KNOTS('',6,(#7227,#7228,#7229,#7230,#7231,
    #7232,#7233,#7234,#7235,#7236,#7237,#7238,#7239,#7240,#7241,#7242,
    #7243,#7244,#7245,#7246,#7247,#7248,#7249,#7250,#7251,#7252,#7253,
    #7254,#7255,#7256,#7257,#7258,#7259,#7260,#7261,#7262,#7263,#7264,
    #7265,#7266,#7267,#7268,#7269,#7270,#7271,#7272,#7273),
  .UNSPECIFIED.,.F.,.F.,(7,5,5,5,5,5,5,5,5,7),(0.,0.117236030555,
    0.169053149626,0.266193295564,0.369013461042,0.42037467237,
    0.519069687183,0.691130671013,0.922942109602,1.),.UNSPECIFIED.);
#7227 = CARTESIAN_POINT('',(-1.7763568394E-15,11.861388009505));
#7228 = CARTESIAN_POINT('',(3.933898216737E-02,11.836642911636));
#7229 = CARTESIAN_POINT('',(7.892402729366E-02,11.806579443707));
#7230 = CARTESIAN_POINT('',(0.118772159605,11.770803546137));
#7231 = CARTESIAN_POINT('',(0.158877990009,11.728858458284));
#7232 = CARTESIAN_POINT('',(0.199214661257,11.680239140539));
#7233 = CARTESIAN_POINT('',(0.257628850931,11.599835026969));
#7234 = CARTESIAN_POINT('',(0.275566672919,11.573796201221));
#7235 = CARTESIAN_POINT('',(0.293531922333,11.546324504147));
#7236 = CARTESIAN_POINT('',(0.311517543825,11.517382968138));
#7237 = CARTESIAN_POINT('',(0.329514917536,11.486939098351));
#7238 = CARTESIAN_POINT('',(0.381255555037,11.395030635361));
#7239 = CARTESIAN_POINT('',(0.415007197577,11.329715383393));
#7240 = CARTESIAN_POINT('',(0.448692057452,11.258867280656));
#7241 = CARTESIAN_POINT('',(0.482224667628,11.182401822087));
#7242 = CARTESIAN_POINT('',(0.515508458992,11.100360431278));
#7243 = CARTESIAN_POINT('',(0.583283842514,10.920462704878));
#7244 = CARTESIAN_POINT('',(0.617741610279,10.821937666022));
#7245 = CARTESIAN_POINT('',(0.651673278153,10.717659935002));
#7246 = CARTESIAN_POINT('',(0.684973362941,10.608016471004));
#7247 = CARTESIAN_POINT('',(0.717556290647,10.493501478118));
#7248 = CARTESIAN_POINT('',(0.765236815392,10.315331678154));
#7249 = CARTESIAN_POINT('',(0.780925765733,10.254899805835));
#7250 = CARTESIAN_POINT('',(0.796413034391,10.193453539682));
#7251 = CARTESIAN_POINT('',(0.811693439672,10.13105793044));
#7252 = CARTESIAN_POINT('',(0.826763529062,10.067776457257));
#7253 = CARTESIAN_POINT('',(0.870171766121,9.880482724601));
#7254 = CARTESIAN_POINT('',(0.897936991724,9.75425345088));
#7255 = CARTESIAN_POINT('',(0.924905766627,9.625399210359));
#7256 = CARTESIAN_POINT('',(0.951084505721,9.494302157338));
#7257 = CARTESIAN_POINT('',(0.976490554019,9.361285830433));
#7258 = CARTESIAN_POINT('',(1.044140073294,8.99179469883));
#7259 = CARTESIAN_POINT('',(1.084845765557,8.751997858691));
#7260 = CARTESIAN_POINT('',(1.123428415874,8.508427655563));
#7261 = CARTESIAN_POINT('',(1.160040144921,8.262037995504));
#7262 = CARTESIAN_POINT('',(1.19482909333,8.013451256854));
#7263 = CARTESIAN_POINT('',(1.27254737083,7.425394142587));
#7264 = CARTESIAN_POINT('',(1.314082813282,7.08453453847));
#7265 = CARTESIAN_POINT('',(1.352887079322,6.741095732226));
#7266 = CARTESIAN_POINT('',(1.389167379818,6.3956105415));
#7267 = CARTESIAN_POINT('',(1.423080350423,6.048333527628));
#7268 = CARTESIAN_POINT('',(1.465248997769,5.583152827003));
#7269 = CARTESIAN_POINT('',(1.475518360962,5.466902412062));
#7270 = CARTESIAN_POINT('',(1.485540027007,5.350460002086));
#7271 = CARTESIAN_POINT('',(1.49531662258,5.233827962378));
#7272 = CARTESIAN_POINT('',(1.504850067474,5.117007647246));
#7273 = CARTESIAN_POINT('',(1.514141574595,4.9999994));
#7274 = ( GEOMETRIC_REPRESENTATION_CONTEXT(2) 
PARAMETRIC_REPRESENTATION_CONTEXT() REPRESENTATION_CONTEXT('2D SPACE',''
  ) );
#7275 = ORIENTED_EDGE('',*,*,#7276,.F.);
#7276 = EDGE_CURVE('',#7277,#7117,#7279,.T.);
#7277 = VERTEX_POINT('',#7278);
#7278 = CARTESIAN_POINT('',(35.584317414835,37.754060819371,
    48.421388782719));
#7279 = SURFACE_CURVE('',#7280,(#7285,#7295),.PCURVE_S1.);
#7280 = HYPERBOLA('',#7281,305.4102302684,38.747282766634);
#7281 = AXIS2_PLACEMENT_3D('',#7282,#7283,#7284);
#7282 = CARTESIAN_POINT('',(126.27768676669,-41.28675115118,
    343.40571492832));
#7283 = DIRECTION('',(-1.387778780781E-17,0.965925826289,0.258819045103)
  );
#7284 = DIRECTION('',(-0.318826864976,0.245312048387,-0.915517028288));
#7285 = PCURVE('',#966,#7286);
#7286 = DEFINITIONAL_REPRESENTATION('',(#7287),#7294);
#7287 = B_SPLINE_CURVE_WITH_KNOTS('',5,(#7288,#7289,#7290,#7291,#7292,
    #7293),.UNSPECIFIED.,.F.,.F.,(6,6),(-0.292314389431,-0.267013045309)
  ,.PIECEWISE_BEZIER_KNOTS.);
#7288 = CARTESIAN_POINT('',(-5.87339973304,-13.86988975248));
#7289 = CARTESIAN_POINT('',(-5.858360303355,-14.31401167282));
#7290 = CARTESIAN_POINT('',(-5.843137898534,-14.74825114407));
#7291 = CARTESIAN_POINT('',(-5.827732010894,-15.17263185857));
#7292 = CARTESIAN_POINT('',(-5.812142472303,-15.58717645434));
#7293 = CARTESIAN_POINT('',(-5.796369525715,-15.99190652232));
#7294 = ( GEOMETRIC_REPRESENTATION_CONTEXT(2) 
PARAMETRIC_REPRESENTATION_CONTEXT() REPRESENTATION_CONTEXT('2D SPACE',''
  ) );
#7295 = PCURVE('',#7296,#7301);
#7296 = PLANE('',#7297);
#7297 = AXIS2_PLACEMENT_3D('',#7298,#7299,#7300);
#7298 = CARTESIAN_POINT('',(23.5,39.048156044884,43.591759651274));
#7299 = DIRECTION('',(0.,0.965925826289,0.258819045103));
#7300 = DIRECTION('',(0.,-0.258819045103,0.965925826289));
#7301 = DEFINITIONAL_REPRESENTATION('',(#7302),#7306);
#7302 = ( BOUNDED_CURVE() B_SPLINE_CURVE(2,(#7303,#7304,#7305),
.UNSPECIFIED.,.F.,.F.) B_SPLINE_CURVE_WITH_KNOTS((3,3),(-0.292314389431,
-0.267013045309),.PIECEWISE_BEZIER_KNOTS.) CURVE() 
GEOMETRIC_REPRESENTATION_ITEM() RATIONAL_B_SPLINE_CURVE((1.,
1.000080020819,1.)) REPRESENTATION_ITEM('') );
#7303 = CARTESIAN_POINT('',(4.8,12.103680810962));
#7304 = CARTESIAN_POINT('',(6.048709266921,11.984330551645));
#7305 = CARTESIAN_POINT('',(7.2,11.835917694672));
#7306 = ( GEOMETRIC_REPRESENTATION_CONTEXT(2) 
PARAMETRIC_REPRESENTATION_CONTEXT() REPRESENTATION_CONTEXT('2D SPACE',''
  ) );
#7307 = ORIENTED_EDGE('',*,*,#7308,.T.);
#7308 = EDGE_CURVE('',#7277,#7309,#7311,.T.);
#7309 = VERTEX_POINT('',#7310);
#7310 = CARTESIAN_POINT('',(33.656786746349,34.218526913438,
    42.297664425761));
#7311 = SURFACE_CURVE('',#7312,(#7350,#7391),.PCURVE_S1.);
#7312 = B_SPLINE_CURVE_WITH_KNOTS('',6,(#7313,#7314,#7315,#7316,#7317,
    #7318,#7319,#7320,#7321,#7322,#7323,#7324,#7325,#7326,#7327,#7328,
    #7329,#7330,#7331,#7332,#7333,#7334,#7335,#7336,#7337,#7338,#7339,
    #7340,#7341,#7342,#7343,#7344,#7345,#7346,#7347,#7348,#7349),
  .UNSPECIFIED.,.F.,.F.,(7,5,5,5,5,5,5,7),(0.,7.357468803299E-02,
    0.268348506572,0.486290294931,0.589808253586,0.685377562525,
    0.85927290429,1.),.UNSPECIFIED.);
#7313 = CARTESIAN_POINT('',(35.584317414835,37.754060819371,
    48.421388782719));
#7314 = CARTESIAN_POINT('',(35.593970937009,37.779539521939,
    48.326300970224));
#7315 = CARTESIAN_POINT('',(35.602491202218,37.802682876883,
    48.230942099506));
#7316 = CARTESIAN_POINT('',(35.609922511921,37.823507361778,
    48.135369357375));
#7317 = CARTESIAN_POINT('',(35.616304538415,37.842029582182,
    48.039636157478));
#7318 = CARTESIAN_POINT('',(35.621672324833,37.858266271633,
    47.943792140292));
#7319 = CARTESIAN_POINT('',(35.637661916273,37.909211745023,
    47.593983954999));
#7320 = CARTESIAN_POINT('',(35.642371603344,37.930284797337,
    47.339659371099));
#7321 = CARTESIAN_POINT('',(35.64075607447,37.935773310126,
    47.085709071224));
#7322 = CARTESIAN_POINT('',(35.633149311587,37.92592840174,
    46.832903982438));
#7323 = CARTESIAN_POINT('',(35.619712537862,37.900966874793,
    46.581977527791));
#7324 = CARTESIAN_POINT('',(35.578859689067,37.816362246683,
    46.055736356913));
#7325 = CARTESIAN_POINT('',(35.549975540365,37.752956416918,
    45.78112827662));
#7326 = CARTESIAN_POINT('',(35.513768322135,37.671048775263,
    45.510793846542));
#7327 = CARTESIAN_POINT('',(35.469979494571,37.570812717832,
    45.245897825038));
#7328 = CARTESIAN_POINT('',(35.418165076037,37.452491424413,
    44.987743731663));
#7329 = CARTESIAN_POINT('',(35.329031456887,37.251873388016,
    44.619002893512));
#7330 = CARTESIAN_POINT('',(35.298386260717,37.183282002128,
    44.502107106383));
#7331 = CARTESIAN_POINT('',(35.265737974975,37.110749637778,
    44.387216367599));
#7332 = CARTESIAN_POINT('',(35.23102002025,37.034335042273,
    44.274498792076));
#7333 = CARTESIAN_POINT('',(35.194163570046,36.954113795245,
    44.164130458071));
#7334 = CARTESIAN_POINT('',(35.119037412516,36.792696562323,
    43.956734819477));
#7335 = CARTESIAN_POINT('',(35.081093568997,36.71204850372,
    43.859333973644));
#7336 = CARTESIAN_POINT('',(35.041216429632,36.628315760431,
    43.764233242783));
#7337 = CARTESIAN_POINT('',(34.999354103174,36.541591515774,
    43.671579871333));
#7338 = CARTESIAN_POINT('',(34.955459182562,36.451988044668,
    43.581521585759));
#7339 = CARTESIAN_POINT('',(34.825852232553,36.191605159546,
    43.335320892564));
#7340 = CARTESIAN_POINT('',(34.735341378725,36.014460755602,
    43.185489005566));
#7341 = CARTESIAN_POINT('',(34.637739232751,35.829050070859,
    43.045619973776));
#7342 = CARTESIAN_POINT('',(34.532898971875,35.636414861002,
    42.916523262226));
#7343 = CARTESIAN_POINT('',(34.420805459454,35.437803277433,
    42.79884892306));
#7344 = CARTESIAN_POINT('',(34.205259454118,35.070259290679,
    42.607361404469));
#7345 = CARTESIAN_POINT('',(34.104223767081,34.902869035708,
    42.529451695604));
#7346 = CARTESIAN_POINT('',(33.99867104647,34.733246331216,
    42.459504119481));
#7347 = CARTESIAN_POINT('',(33.888761305831,34.562155227405,
    42.397601062749));
#7348 = CARTESIAN_POINT('',(33.774709326051,34.390344349154,
    42.343702768907));
#7349 = CARTESIAN_POINT('',(33.656786746349,34.218526913438,
    42.297664425761));
#7350 = PCURVE('',#966,#7351);
#7351 = DEFINITIONAL_REPRESENTATION('',(#7352),#7390);
#7352 = B_SPLINE_CURVE_WITH_KNOTS('',6,(#7353,#7354,#7355,#7356,#7357,
    #7358,#7359,#7360,#7361,#7362,#7363,#7364,#7365,#7366,#7367,#7368,
    #7369,#7370,#7371,#7372,#7373,#7374,#7375,#7376,#7377,#7378,#7379,
    #7380,#7381,#7382,#7383,#7384,#7385,#7386,#7387,#7388,#7389),
  .UNSPECIFIED.,.F.,.F.,(7,5,5,5,5,5,5,7),(0.,7.357468803299E-02,
    0.268348506572,0.486290294931,0.589808253586,0.685377562525,
    0.85927290429,1.),.UNSPECIFIED.);
#7353 = CARTESIAN_POINT('',(-5.867347253967,-14.04763614428));
#7354 = CARTESIAN_POINT('',(-5.870341609428,-13.96018536299));
#7355 = CARTESIAN_POINT('',(-5.873126711854,-13.87212659435));
#7356 = CARTESIAN_POINT('',(-5.875706165269,-13.78352791616));
#7357 = CARTESIAN_POINT('',(-5.878083467061,-13.69445238722));
#7358 = CARTESIAN_POINT('',(-5.880262007982,-13.60495804735));
#7359 = CARTESIAN_POINT('',(-5.88749482571,-13.27721174876));
#7360 = CARTESIAN_POINT('',(-5.891373972955,-13.03679006933));
#7361 = CARTESIAN_POINT('',(-5.893944563281,-12.79476975594));
#7362 = CARTESIAN_POINT('',(-5.895256216037,-12.5519872099));
#7363 = CARTESIAN_POINT('',(-5.895350564231,-12.30918977867));
#7364 = CARTESIAN_POINT('',(-5.893036909324,-11.79608045941));
#7365 = CARTESIAN_POINT('',(-5.890330195551,-11.52598696241));
#7366 = CARTESIAN_POINT('',(-5.886183205408,-11.25769499535));
#7367 = CARTESIAN_POINT('',(-5.880626264991,-10.99223241608));
#7368 = CARTESIAN_POINT('',(-5.873684926518,-10.73070174748));
#7369 = CARTESIAN_POINT('',(-5.861439702421,-10.35246456745));
#7370 = CARTESIAN_POINT('',(-5.857189729416,-10.23182018096));
#7371 = CARTESIAN_POINT('',(-5.852635885388,-10.11246372004));
#7372 = CARTESIAN_POINT('',(-5.84778123166,-9.994534497327));
#7373 = CARTESIAN_POINT('',(-5.842629349012,-9.878178704613));
#7374 = CARTESIAN_POINT('',(-5.832157992528,-9.657718471678));
#7375 = CARTESIAN_POINT('',(-5.82688176844,-9.553359470078));
#7376 = CARTESIAN_POINT('',(-5.821359479891,-9.450590586537));
#7377 = CARTESIAN_POINT('',(-5.815595270176,-9.349535823563));
#7378 = CARTESIAN_POINT('',(-5.809594151045,-9.250321027786));
#7379 = CARTESIAN_POINT('',(-5.792022839586,-8.976119504064));
#7380 = CARTESIAN_POINT('',(-5.779917856024,-8.805651519577));
#7381 = CARTESIAN_POINT('',(-5.76708643677,-8.642467443672));
#7382 = CARTESIAN_POINT('',(-5.753577406186,-8.487291752615));
#7383 = CARTESIAN_POINT('',(-5.739450753426,-8.340738005254));
#7384 = CARTESIAN_POINT('',(-5.712910677629,-8.092015174189));
#7385 = CARTESIAN_POINT('',(-5.700682786948,-7.986696893559));
#7386 = CARTESIAN_POINT('',(-5.688137567291,-7.887555211016));
#7387 = CARTESIAN_POINT('',(-5.675315337251,-7.794717927827));
#7388 = CARTESIAN_POINT('',(-5.662256857505,-7.708213604258));
#7389 = CARTESIAN_POINT('',(-5.649002937086,-7.627988456861));
#7390 = ( GEOMETRIC_REPRESENTATION_CONTEXT(2) 
PARAMETRIC_REPRESENTATION_CONTEXT() REPRESENTATION_CONTEXT('2D SPACE',''
  ) );
#7391 = PCURVE('',#7392,#7397);
#7392 = CYLINDRICAL_SURFACE('',#7393,5.);
#7393 = AXIS2_PLACEMENT_3D('',#7394,#7395,#7396);
#7394 = CARTESIAN_POINT('',(23.5,32.924431687926,47.127293557206));
#7395 = DIRECTION('',(1.,0.,0.));
#7396 = DIRECTION('',(0.,0.965925826289,0.258819045103));
#7397 = DEFINITIONAL_REPRESENTATION('',(#7398),#7436);
#7398 = B_SPLINE_CURVE_WITH_KNOTS('',6,(#7399,#7400,#7401,#7402,#7403,
    #7404,#7405,#7406,#7407,#7408,#7409,#7410,#7411,#7412,#7413,#7414,
    #7415,#7416,#7417,#7418,#7419,#7420,#7421,#7422,#7423,#7424,#7425,
    #7426,#7427,#7428,#7429,#7430,#7431,#7432,#7433,#7434,#7435),
  .UNSPECIFIED.,.F.,.F.,(7,5,5,5,5,5,5,7),(0.,7.357468803299E-02,
    0.268348506572,0.486290294931,0.589808253586,0.685377562525,
    0.85927290429,1.),.UNSPECIFIED.);
#7399 = CARTESIAN_POINT('',(0.,12.084317414835));
#7400 = CARTESIAN_POINT('',(-1.968842946472E-02,12.093970937009));
#7401 = CARTESIAN_POINT('',(-3.930835157003E-02,12.102491202218));
#7402 = CARTESIAN_POINT('',(-5.886326579792E-02,12.109922511921));
#7403 = CARTESIAN_POINT('',(-7.835699827207E-02,12.116304538415));
#7404 = CARTESIAN_POINT('',(-9.77937017579E-02,12.121672324833));
#7405 = CARTESIAN_POINT('',(-0.168493406922,12.137661916273));
#7406 = CARTESIAN_POINT('',(-0.219434738368,12.142371603344));
#7407 = CARTESIAN_POINT('',(-0.270095921589,12.14075607447));
#7408 = CARTESIAN_POINT('',(-0.320557539188,12.133149311587));
#7409 = CARTESIAN_POINT('',(-0.370899019169,12.119712537862));
#7410 = CARTESIAN_POINT('',(-0.47749877771,12.078859689067));
#7411 = CARTESIAN_POINT('',(-0.53373700466,12.049975540365));
#7412 = CARTESIAN_POINT('',(-0.590039711337,12.013768322135));
#7413 = CARTESIAN_POINT('',(-0.64648975934,11.969979494571));
#7414 = CARTESIAN_POINT('',(-0.703152129915,11.918165076037));
#7415 = CARTESIAN_POINT('',(-0.787108643003,11.829031456887));
#7416 = CARTESIAN_POINT('',(-0.814201209756,11.798386260717));
#7417 = CARTESIAN_POINT('',(-0.841353754551,11.765737974975));
#7418 = CARTESIAN_POINT('',(-0.868567513402,11.73102002025));
#7419 = CARTESIAN_POINT('',(-0.89584132668,11.694163570046));
#7420 = CARTESIAN_POINT('',(-0.948403089965,11.619037412516));
#7421 = CARTESIAN_POINT('',(-0.973682687278,11.581093568997));
#7422 = CARTESIAN_POINT('',(-0.999007070671,11.541216429632));
#7423 = CARTESIAN_POINT('',(-1.024371074727,11.499354103174));
#7424 = CARTESIAN_POINT('',(-1.04976732688,11.455459182562));
#7425 = CARTESIAN_POINT('',(-1.121437133129,11.325852232553));
#7426 = CARTESIAN_POINT('',(-1.167768544435,11.235341378725));
#7427 = CARTESIAN_POINT('',(-1.21411036477,11.137739232751));
#7428 = CARTESIAN_POINT('',(-1.260381103522,11.032898971875));
#7429 = CARTESIAN_POINT('',(-1.306483263646,10.920805459454));
#7430 = CARTESIAN_POINT('',(-1.389370187096,10.705259454118));
#7431 = CARTESIAN_POINT('',(-1.426259924479,10.604223767081));
#7432 = CARTESIAN_POINT('',(-1.462901769208,10.498671046469));
#7433 = CARTESIAN_POINT('',(-1.499239285433,10.388761305831));
#7434 = CARTESIAN_POINT('',(-1.53522062708,10.274709326051));
#7435 = CARTESIAN_POINT('',(-1.570796326795,10.156786746349));
#7436 = ( GEOMETRIC_REPRESENTATION_CONTEXT(2) 
PARAMETRIC_REPRESENTATION_CONTEXT() REPRESENTATION_CONTEXT('2D SPACE',''
  ) );
#7437 = ORIENTED_EDGE('',*,*,#7438,.F.);
#7438 = EDGE_CURVE('',#821,#7309,#7439,.T.);
#7439 = SURFACE_CURVE('',#7440,(#7445,#7455),.PCURVE_S1.);
#7440 = ELLIPSE('',#7441,16.824000177142,15.338253033315);
#7441 = AXIS2_PLACEMENT_3D('',#7442,#7443,#7444);
#7442 = CARTESIAN_POINT('',(20.251173774784,41.755893811242,
    44.317295799085));
#7443 = DIRECTION('',(1.387778780781E-17,-0.258819045103,0.965925826289)
  );
#7444 = DIRECTION('',(-0.782178434311,-0.601824422603,-0.161258368022));
#7445 = PCURVE('',#966,#7446);
#7446 = DEFINITIONAL_REPRESENTATION('',(#7447),#7454);
#7447 = B_SPLINE_CURVE_WITH_KNOTS('',5,(#7448,#7449,#7450,#7451,#7452,
    #7453),.UNSPECIFIED.,.F.,.F.,(6,6),(1.34075027038,1.968348782184),
  .PIECEWISE_BEZIER_KNOTS.);
#7448 = CARTESIAN_POINT('',(-5.078393959772,-3.890614541107));
#7449 = CARTESIAN_POINT('',(-5.199567486301,-4.702927139026));
#7450 = CARTESIAN_POINT('',(-5.322953492207,-5.545088457138));
#7451 = CARTESIAN_POINT('',(-5.448768482709,-6.390433189819));
#7452 = CARTESIAN_POINT('',(-5.57711818089,-7.210337350004));
#7453 = CARTESIAN_POINT('',(-5.707908713414,-7.979563358892));
#7454 = ( GEOMETRIC_REPRESENTATION_CONTEXT(2) 
PARAMETRIC_REPRESENTATION_CONTEXT() REPRESENTATION_CONTEXT('2D SPACE',''
  ) );
#7455 = PCURVE('',#1063,#7456);
#7456 = DEFINITIONAL_REPRESENTATION('',(#7457),#7461);
#7457 = ELLIPSE('',#7458,16.824000177142,15.338253033315);
#7458 = AXIS2_PLACEMENT_2D('',#7459,#7460);
#7459 = CARTESIAN_POINT('',(-3.248826225216,20.803256412308));
#7460 = DIRECTION('',(-0.782178434311,-0.62305448951));
#7461 = ( GEOMETRIC_REPRESENTATION_CONTEXT(2) 
PARAMETRIC_REPRESENTATION_CONTEXT() REPRESENTATION_CONTEXT('2D SPACE',''
  ) );
#7462 = ORIENTED_EDGE('',*,*,#820,.T.);
#7463 = ORIENTED_EDGE('',*,*,#6160,.T.);
#7464 = ADVANCED_FACE('',(#7465),#1501,.T.);
#7465 = FACE_BOUND('',#7466,.T.);
#7466 = EDGE_LOOP('',(#7467,#7489,#7517,#7539,#7540));
#7467 = ORIENTED_EDGE('',*,*,#7468,.F.);
#7468 = EDGE_CURVE('',#7469,#1398,#7471,.T.);
#7469 = VERTEX_POINT('',#7470);
#7470 = CARTESIAN_POINT('',(28.5,23.385291761896,51.81822198041));
#7471 = SURFACE_CURVE('',#7472,(#7477,#7483),.PCURVE_S1.);
#7472 = CIRCLE('',#7473,5.);
#7473 = AXIS2_PLACEMENT_3D('',#7474,#7475,#7476);
#7474 = CARTESIAN_POINT('',(28.5,24.679386987408,46.988592848964));
#7475 = DIRECTION('',(-0.,-0.965925826289,-0.258819045103));
#7476 = DIRECTION('',(-1.,0.,0.));
#7477 = PCURVE('',#1501,#7478);
#7478 = DEFINITIONAL_REPRESENTATION('',(#7479),#7482);
#7479 = B_SPLINE_CURVE_WITH_KNOTS('',1,(#7480,#7481),.UNSPECIFIED.,.F.,
  .F.,(2,2),(4.712388980385,6.28318530718),.PIECEWISE_BEZIER_KNOTS.);
#7480 = CARTESIAN_POINT('',(1.570796326795,5.));
#7481 = CARTESIAN_POINT('',(0.,5.));
#7482 = ( GEOMETRIC_REPRESENTATION_CONTEXT(2) 
PARAMETRIC_REPRESENTATION_CONTEXT() REPRESENTATION_CONTEXT('2D SPACE',''
  ) );
#7483 = PCURVE('',#1419,#7484);
#7484 = DEFINITIONAL_REPRESENTATION('',(#7485),#7488);
#7485 = B_SPLINE_CURVE_WITH_KNOTS('',1,(#7486,#7487),.UNSPECIFIED.,.F.,
  .F.,(2,2),(4.712388980385,6.28318530718),.PIECEWISE_BEZIER_KNOTS.);
#7486 = CARTESIAN_POINT('',(0.,-1.570796326795));
#7487 = CARTESIAN_POINT('',(0.,0.));
#7488 = ( GEOMETRIC_REPRESENTATION_CONTEXT(2) 
PARAMETRIC_REPRESENTATION_CONTEXT() REPRESENTATION_CONTEXT('2D SPACE',''
  ) );
#7489 = ORIENTED_EDGE('',*,*,#7490,.T.);
#7490 = EDGE_CURVE('',#7469,#7491,#7493,.T.);
#7491 = VERTEX_POINT('',#7492);
#7492 = CARTESIAN_POINT('',(28.5,31.112698372208,53.88877434123));
#7493 = SURFACE_CURVE('',#7494,(#7498,#7505),.PCURVE_S1.);
#7494 = LINE('',#7495,#7496);
#7495 = CARTESIAN_POINT('',(28.5,18.55566263045,50.524126754897));
#7496 = VECTOR('',#7497,1.);
#7497 = DIRECTION('',(0.,0.965925826289,0.258819045103));
#7498 = PCURVE('',#1501,#7499);
#7499 = DEFINITIONAL_REPRESENTATION('',(#7500),#7504);
#7500 = LINE('',#7501,#7502);
#7501 = CARTESIAN_POINT('',(1.570796326795,0.));
#7502 = VECTOR('',#7503,1.);
#7503 = DIRECTION('',(0.,1.));
#7504 = ( GEOMETRIC_REPRESENTATION_CONTEXT(2) 
PARAMETRIC_REPRESENTATION_CONTEXT() REPRESENTATION_CONTEXT('2D SPACE',''
  ) );
#7505 = PCURVE('',#7506,#7511);
#7506 = PLANE('',#7507);
#7507 = AXIS2_PLACEMENT_3D('',#7508,#7509,#7510);
#7508 = CARTESIAN_POINT('',(23.5,18.55566263045,50.524126754897));
#7509 = DIRECTION('',(0.,-0.258819045103,0.965925826289));
#7510 = DIRECTION('',(1.,0.,0.));
#7511 = DEFINITIONAL_REPRESENTATION('',(#7512),#7516);
#7512 = LINE('',#7513,#7514);
#7513 = CARTESIAN_POINT('',(5.,0.));
#7514 = VECTOR('',#7515,1.);
#7515 = DIRECTION('',(0.,1.));
#7516 = ( GEOMETRIC_REPRESENTATION_CONTEXT(2) 
PARAMETRIC_REPRESENTATION_CONTEXT() REPRESENTATION_CONTEXT('2D SPACE',''
  ) );
#7517 = ORIENTED_EDGE('',*,*,#7518,.F.);
#7518 = EDGE_CURVE('',#6976,#7491,#7519,.T.);
#7519 = SURFACE_CURVE('',#7520,(#7525,#7532),.PCURVE_S1.);
#7520 = CIRCLE('',#7521,5.);
#7521 = AXIS2_PLACEMENT_3D('',#7522,#7523,#7524);
#7522 = CARTESIAN_POINT('',(28.5,32.406793597721,49.059145209785));
#7523 = DIRECTION('',(0.,0.965925826289,0.258819045103));
#7524 = DIRECTION('',(-1.,-0.,0.));
#7525 = PCURVE('',#1501,#7526);
#7526 = DEFINITIONAL_REPRESENTATION('',(#7527),#7531);
#7527 = LINE('',#7528,#7529);
#7528 = CARTESIAN_POINT('',(0.,13.));
#7529 = VECTOR('',#7530,1.);
#7530 = DIRECTION('',(1.,0.));
#7531 = ( GEOMETRIC_REPRESENTATION_CONTEXT(2) 
PARAMETRIC_REPRESENTATION_CONTEXT() REPRESENTATION_CONTEXT('2D SPACE',''
  ) );
#7532 = PCURVE('',#7101,#7533);
#7533 = DEFINITIONAL_REPRESENTATION('',(#7534),#7538);
#7534 = LINE('',#7535,#7536);
#7535 = CARTESIAN_POINT('',(-0.,0.));
#7536 = VECTOR('',#7537,1.);
#7537 = DIRECTION('',(-1.,0.));
#7538 = ( GEOMETRIC_REPRESENTATION_CONTEXT(2) 
PARAMETRIC_REPRESENTATION_CONTEXT() REPRESENTATION_CONTEXT('2D SPACE',''
  ) );
#7539 = ORIENTED_EDGE('',*,*,#6975,.F.);
#7540 = ORIENTED_EDGE('',*,*,#1451,.T.);
#7541 = ADVANCED_FACE('',(#7542),#1419,.T.);
#7542 = FACE_BOUND('',#7543,.F.);
#7543 = EDGE_LOOP('',(#7544,#7545,#7565));
#7544 = ORIENTED_EDGE('',*,*,#7468,.F.);
#7545 = ORIENTED_EDGE('',*,*,#7546,.T.);
#7546 = EDGE_CURVE('',#7469,#1301,#7547,.T.);
#7547 = SURFACE_CURVE('',#7548,(#7553,#7559),.PCURVE_S1.);
#7548 = CIRCLE('',#7549,5.);
#7549 = AXIS2_PLACEMENT_3D('',#7550,#7551,#7552);
#7550 = CARTESIAN_POINT('',(28.5,24.679386987408,46.988592848964));
#7551 = DIRECTION('',(1.,-5.914589856893E-17,-1.584809575716E-17));
#7552 = DIRECTION('',(-6.123233995737E-17,-0.965925826289,
    -0.258819045103));
#7553 = PCURVE('',#1419,#7554);
#7554 = DEFINITIONAL_REPRESENTATION('',(#7555),#7558);
#7555 = B_SPLINE_CURVE_WITH_KNOTS('',1,(#7556,#7557),.UNSPECIFIED.,.F.,
  .F.,(2,2),(4.712388980385,6.28318530718),.PIECEWISE_BEZIER_KNOTS.);
#7556 = CARTESIAN_POINT('',(-1.570796326795,-1.570796326795));
#7557 = CARTESIAN_POINT('',(-1.570796326795,0.));
#7558 = ( GEOMETRIC_REPRESENTATION_CONTEXT(2) 
PARAMETRIC_REPRESENTATION_CONTEXT() REPRESENTATION_CONTEXT('2D SPACE',''
  ) );
#7559 = PCURVE('',#1362,#7560);
#7560 = DEFINITIONAL_REPRESENTATION('',(#7561),#7564);
#7561 = B_SPLINE_CURVE_WITH_KNOTS('',1,(#7562,#7563),.UNSPECIFIED.,.F.,
  .F.,(2,2),(4.712388980385,6.28318530718),.PIECEWISE_BEZIER_KNOTS.);
#7562 = CARTESIAN_POINT('',(-1.570796326795,5.));
#7563 = CARTESIAN_POINT('',(0.,5.));
#7564 = ( GEOMETRIC_REPRESENTATION_CONTEXT(2) 
PARAMETRIC_REPRESENTATION_CONTEXT() REPRESENTATION_CONTEXT('2D SPACE',''
  ) );
#7565 = ORIENTED_EDGE('',*,*,#1397,.F.);
#7566 = ADVANCED_FACE('',(#7567),#1362,.T.);
#7567 = FACE_BOUND('',#7568,.F.);
#7568 = EDGE_LOOP('',(#7569,#7570,#7593,#7620,#7641));
#7569 = ORIENTED_EDGE('',*,*,#7546,.F.);
#7570 = ORIENTED_EDGE('',*,*,#7571,.T.);
#7571 = EDGE_CURVE('',#7469,#7572,#7574,.T.);
#7572 = VERTEX_POINT('',#7573);
#7573 = CARTESIAN_POINT('',(61.5,23.385291761896,51.81822198041));
#7574 = SURFACE_CURVE('',#7575,(#7579,#7586),.PCURVE_S1.);
#7575 = LINE('',#7576,#7577);
#7576 = CARTESIAN_POINT('',(23.5,23.385291761896,51.81822198041));
#7577 = VECTOR('',#7578,1.);
#7578 = DIRECTION('',(1.,0.,0.));
#7579 = PCURVE('',#1362,#7580);
#7580 = DEFINITIONAL_REPRESENTATION('',(#7581),#7585);
#7581 = LINE('',#7582,#7583);
#7582 = CARTESIAN_POINT('',(-1.570796326795,0.));
#7583 = VECTOR('',#7584,1.);
#7584 = DIRECTION('',(-0.,1.));
#7585 = ( GEOMETRIC_REPRESENTATION_CONTEXT(2) 
PARAMETRIC_REPRESENTATION_CONTEXT() REPRESENTATION_CONTEXT('2D SPACE',''
  ) );
#7586 = PCURVE('',#7506,#7587);
#7587 = DEFINITIONAL_REPRESENTATION('',(#7588),#7592);
#7588 = LINE('',#7589,#7590);
#7589 = CARTESIAN_POINT('',(0.,5.));
#7590 = VECTOR('',#7591,1.);
#7591 = DIRECTION('',(1.,0.));
#7592 = ( GEOMETRIC_REPRESENTATION_CONTEXT(2) 
PARAMETRIC_REPRESENTATION_CONTEXT() REPRESENTATION_CONTEXT('2D SPACE',''
  ) );
#7593 = ORIENTED_EDGE('',*,*,#7594,.T.);
#7594 = EDGE_CURVE('',#7572,#7595,#7597,.T.);
#7595 = VERTEX_POINT('',#7596);
#7596 = CARTESIAN_POINT('',(61.5,19.849757855963,45.694497623452));
#7597 = SURFACE_CURVE('',#7598,(#7603,#7609),.PCURVE_S1.);
#7598 = CIRCLE('',#7599,5.);
#7599 = AXIS2_PLACEMENT_3D('',#7600,#7601,#7602);
#7600 = CARTESIAN_POINT('',(61.5,24.679386987408,46.988592848964));
#7601 = DIRECTION('',(1.,5.914589856893E-17,1.584809575716E-17));
#7602 = DIRECTION('',(6.123233995737E-17,-0.965925826289,-0.258819045103
    ));
#7603 = PCURVE('',#1362,#7604);
#7604 = DEFINITIONAL_REPRESENTATION('',(#7605),#7608);
#7605 = B_SPLINE_CURVE_WITH_KNOTS('',1,(#7606,#7607),.UNSPECIFIED.,.F.,
  .F.,(2,2),(4.712388980385,6.28318530718),.PIECEWISE_BEZIER_KNOTS.);
#7606 = CARTESIAN_POINT('',(-1.570796326795,38.));
#7607 = CARTESIAN_POINT('',(0.,38.));
#7608 = ( GEOMETRIC_REPRESENTATION_CONTEXT(2) 
PARAMETRIC_REPRESENTATION_CONTEXT() REPRESENTATION_CONTEXT('2D SPACE',''
  ) );
#7609 = PCURVE('',#7610,#7615);
#7610 = SPHERICAL_SURFACE('',#7611,5.);
#7611 = AXIS2_PLACEMENT_3D('',#7612,#7613,#7614);
#7612 = CARTESIAN_POINT('',(61.5,24.679386987408,46.988592848964));
#7613 = DIRECTION('',(-0.,0.258819045103,-0.965925826289));
#7614 = DIRECTION('',(1.,0.,0.));
#7615 = DEFINITIONAL_REPRESENTATION('',(#7616),#7619);
#7616 = B_SPLINE_CURVE_WITH_KNOTS('',1,(#7617,#7618),.UNSPECIFIED.,.F.,
  .F.,(2,2),(4.712388980385,6.28318530718),.PIECEWISE_BEZIER_KNOTS.);
#7617 = CARTESIAN_POINT('',(1.570796326795,-1.570796326795));
#7618 = CARTESIAN_POINT('',(1.570796326795,0.));
#7619 = ( GEOMETRIC_REPRESENTATION_CONTEXT(2) 
PARAMETRIC_REPRESENTATION_CONTEXT() REPRESENTATION_CONTEXT('2D SPACE',''
  ) );
#7620 = ORIENTED_EDGE('',*,*,#7621,.F.);
#7621 = EDGE_CURVE('',#1269,#7595,#7622,.T.);
#7622 = SURFACE_CURVE('',#7623,(#7627,#7634),.PCURVE_S1.);
#7623 = LINE('',#7624,#7625);
#7624 = CARTESIAN_POINT('',(23.5,19.849757855963,45.694497623452));
#7625 = VECTOR('',#7626,1.);
#7626 = DIRECTION('',(1.,0.,0.));
#7627 = PCURVE('',#1362,#7628);
#7628 = DEFINITIONAL_REPRESENTATION('',(#7629),#7633);
#7629 = LINE('',#7630,#7631);
#7630 = CARTESIAN_POINT('',(-0.,0.));
#7631 = VECTOR('',#7632,1.);
#7632 = DIRECTION('',(-0.,1.));
#7633 = ( GEOMETRIC_REPRESENTATION_CONTEXT(2) 
PARAMETRIC_REPRESENTATION_CONTEXT() REPRESENTATION_CONTEXT('2D SPACE',''
  ) );
#7634 = PCURVE('',#1288,#7635);
#7635 = DEFINITIONAL_REPRESENTATION('',(#7636),#7640);
#7636 = LINE('',#7637,#7638);
#7637 = CARTESIAN_POINT('',(7.,0.));
#7638 = VECTOR('',#7639,1.);
#7639 = DIRECTION('',(0.,1.));
#7640 = ( GEOMETRIC_REPRESENTATION_CONTEXT(2) 
PARAMETRIC_REPRESENTATION_CONTEXT() REPRESENTATION_CONTEXT('2D SPACE',''
  ) );
#7641 = ORIENTED_EDGE('',*,*,#1300,.T.);
#7642 = ADVANCED_FACE('',(#7643),#1288,.F.);
#7643 = FACE_BOUND('',#7644,.F.);
#7644 = EDGE_LOOP('',(#7645,#7668,#7669,#7670));
#7645 = ORIENTED_EDGE('',*,*,#7646,.F.);
#7646 = EDGE_CURVE('',#1076,#7647,#7649,.T.);
#7647 = VERTEX_POINT('',#7648);
#7648 = CARTESIAN_POINT('',(61.5,20.367395946168,43.762645970874));
#7649 = SURFACE_CURVE('',#7650,(#7654,#7661),.PCURVE_S1.);
#7650 = LINE('',#7651,#7652);
#7651 = CARTESIAN_POINT('',(23.5,20.367395946168,43.762645970874));
#7652 = VECTOR('',#7653,1.);
#7653 = DIRECTION('',(1.,0.,0.));
#7654 = PCURVE('',#1288,#7655);
#7655 = DEFINITIONAL_REPRESENTATION('',(#7656),#7660);
#7656 = LINE('',#7657,#7658);
#7657 = CARTESIAN_POINT('',(5.,0.));
#7658 = VECTOR('',#7659,1.);
#7659 = DIRECTION('',(0.,1.));
#7660 = ( GEOMETRIC_REPRESENTATION_CONTEXT(2) 
PARAMETRIC_REPRESENTATION_CONTEXT() REPRESENTATION_CONTEXT('2D SPACE',''
  ) );
#7661 = PCURVE('',#1201,#7662);
#7662 = DEFINITIONAL_REPRESENTATION('',(#7663),#7667);
#7663 = LINE('',#7664,#7665);
#7664 = CARTESIAN_POINT('',(0.,0.));
#7665 = VECTOR('',#7666,1.);
#7666 = DIRECTION('',(0.,1.));
#7667 = ( GEOMETRIC_REPRESENTATION_CONTEXT(2) 
PARAMETRIC_REPRESENTATION_CONTEXT() REPRESENTATION_CONTEXT('2D SPACE',''
  ) );
#7668 = ORIENTED_EDGE('',*,*,#1268,.F.);
#7669 = ORIENTED_EDGE('',*,*,#7621,.T.);
#7670 = ORIENTED_EDGE('',*,*,#7671,.F.);
#7671 = EDGE_CURVE('',#7647,#7595,#7672,.T.);
#7672 = SURFACE_CURVE('',#7673,(#7677,#7684),.PCURVE_S1.);
#7673 = LINE('',#7674,#7675);
#7674 = CARTESIAN_POINT('',(61.5,21.66149117168,38.933016839428));
#7675 = VECTOR('',#7676,1.);
#7676 = DIRECTION('',(0.,-0.258819045103,0.965925826289));
#7677 = PCURVE('',#1288,#7678);
#7678 = DEFINITIONAL_REPRESENTATION('',(#7679),#7683);
#7679 = LINE('',#7680,#7681);
#7680 = CARTESIAN_POINT('',(0.,38.));
#7681 = VECTOR('',#7682,1.);
#7682 = DIRECTION('',(1.,0.));
#7683 = ( GEOMETRIC_REPRESENTATION_CONTEXT(2) 
PARAMETRIC_REPRESENTATION_CONTEXT() REPRESENTATION_CONTEXT('2D SPACE',''
  ) );
#7684 = PCURVE('',#7685,#7690);
#7685 = CYLINDRICAL_SURFACE('',#7686,5.);
#7686 = AXIS2_PLACEMENT_3D('',#7687,#7688,#7689);
#7687 = CARTESIAN_POINT('',(61.5,26.491120303126,40.227112064941));
#7688 = DIRECTION('',(0.,-0.258819045103,0.965925826289));
#7689 = DIRECTION('',(1.,0.,0.));
#7690 = DEFINITIONAL_REPRESENTATION('',(#7691),#7695);
#7691 = LINE('',#7692,#7693);
#7692 = CARTESIAN_POINT('',(-1.570796326795,0.));
#7693 = VECTOR('',#7694,1.);
#7694 = DIRECTION('',(-0.,1.));
#7695 = ( GEOMETRIC_REPRESENTATION_CONTEXT(2) 
PARAMETRIC_REPRESENTATION_CONTEXT() REPRESENTATION_CONTEXT('2D SPACE',''
  ) );
#7696 = ADVANCED_FACE('',(#7697),#1201,.T.);
#7697 = FACE_BOUND('',#7698,.T.);
#7698 = EDGE_LOOP('',(#7699,#7700,#7723,#7748));
#7699 = ORIENTED_EDGE('',*,*,#1075,.T.);
#7700 = ORIENTED_EDGE('',*,*,#7701,.T.);
#7701 = EDGE_CURVE('',#1044,#7702,#7704,.T.);
#7702 = VERTEX_POINT('',#7703);
#7703 = CARTESIAN_POINT('',(61.5,26.491120303126,40.227112064941));
#7704 = SURFACE_CURVE('',#7705,(#7709,#7716),.PCURVE_S1.);
#7705 = LINE('',#7706,#7707);
#7706 = CARTESIAN_POINT('',(23.5,26.491120303126,40.227112064941));
#7707 = VECTOR('',#7708,1.);
#7708 = DIRECTION('',(1.,0.,0.));
#7709 = PCURVE('',#1201,#7710);
#7710 = DEFINITIONAL_REPRESENTATION('',(#7711),#7715);
#7711 = LINE('',#7712,#7713);
#7712 = CARTESIAN_POINT('',(1.570796326795,0.));
#7713 = VECTOR('',#7714,1.);
#7714 = DIRECTION('',(0.,1.));
#7715 = ( GEOMETRIC_REPRESENTATION_CONTEXT(2) 
PARAMETRIC_REPRESENTATION_CONTEXT() REPRESENTATION_CONTEXT('2D SPACE',''
  ) );
#7716 = PCURVE('',#1063,#7717);
#7717 = DEFINITIONAL_REPRESENTATION('',(#7718),#7722);
#7718 = LINE('',#7719,#7720);
#7719 = CARTESIAN_POINT('',(0.,5.));
#7720 = VECTOR('',#7721,1.);
#7721 = DIRECTION('',(1.,0.));
#7722 = ( GEOMETRIC_REPRESENTATION_CONTEXT(2) 
PARAMETRIC_REPRESENTATION_CONTEXT() REPRESENTATION_CONTEXT('2D SPACE',''
  ) );
#7723 = ORIENTED_EDGE('',*,*,#7724,.T.);
#7724 = EDGE_CURVE('',#7702,#7647,#7725,.T.);
#7725 = SURFACE_CURVE('',#7726,(#7731,#7737),.PCURVE_S1.);
#7726 = CIRCLE('',#7727,5.);
#7727 = AXIS2_PLACEMENT_3D('',#7728,#7729,#7730);
#7728 = CARTESIAN_POINT('',(61.5,25.197025077613,45.056741196386));
#7729 = DIRECTION('',(-1.,-5.914589856893E-17,-1.584809575716E-17));
#7730 = DIRECTION('',(6.123233995737E-17,-0.965925826289,-0.258819045103
    ));
#7731 = PCURVE('',#1201,#7732);
#7732 = DEFINITIONAL_REPRESENTATION('',(#7733),#7736);
#7733 = B_SPLINE_CURVE_WITH_KNOTS('',1,(#7734,#7735),.UNSPECIFIED.,.F.,
  .F.,(2,2),(4.712388980385,6.28318530718),.PIECEWISE_BEZIER_KNOTS.);
#7734 = CARTESIAN_POINT('',(1.570796326795,38.));
#7735 = CARTESIAN_POINT('',(0.,38.));
#7736 = ( GEOMETRIC_REPRESENTATION_CONTEXT(2) 
PARAMETRIC_REPRESENTATION_CONTEXT() REPRESENTATION_CONTEXT('2D SPACE',''
  ) );
#7737 = PCURVE('',#7738,#7743);
#7738 = SPHERICAL_SURFACE('',#7739,5.);
#7739 = AXIS2_PLACEMENT_3D('',#7740,#7741,#7742);
#7740 = CARTESIAN_POINT('',(61.5,25.197025077613,45.056741196386));
#7741 = DIRECTION('',(0.,-0.258819045103,0.965925826289));
#7742 = DIRECTION('',(1.,0.,0.));
#7743 = DEFINITIONAL_REPRESENTATION('',(#7744),#7747);
#7744 = B_SPLINE_CURVE_WITH_KNOTS('',1,(#7745,#7746),.UNSPECIFIED.,.F.,
  .F.,(2,2),(4.712388980385,6.28318530718),.PIECEWISE_BEZIER_KNOTS.);
#7745 = CARTESIAN_POINT('',(-1.570796326795,-1.570796326795));
#7746 = CARTESIAN_POINT('',(-1.570796326795,0.));
#7747 = ( GEOMETRIC_REPRESENTATION_CONTEXT(2) 
PARAMETRIC_REPRESENTATION_CONTEXT() REPRESENTATION_CONTEXT('2D SPACE',''
  ) );
#7748 = ORIENTED_EDGE('',*,*,#7646,.F.);
#7749 = ADVANCED_FACE('',(#7750),#1063,.F.);
#7750 = FACE_BOUND('',#7751,.F.);
#7751 = EDGE_LOOP('',(#7752,#7753,#7754,#7782,#7803));
#7752 = ORIENTED_EDGE('',*,*,#1043,.F.);
#7753 = ORIENTED_EDGE('',*,*,#7701,.T.);
#7754 = ORIENTED_EDGE('',*,*,#7755,.T.);
#7755 = EDGE_CURVE('',#7702,#7756,#7758,.T.);
#7756 = VERTEX_POINT('',#7757);
#7757 = CARTESIAN_POINT('',(61.5,34.218526913438,42.297664425761));
#7758 = SURFACE_CURVE('',#7759,(#7763,#7770),.PCURVE_S1.);
#7759 = LINE('',#7760,#7761);
#7760 = CARTESIAN_POINT('',(61.5,21.66149117168,38.933016839428));
#7761 = VECTOR('',#7762,1.);
#7762 = DIRECTION('',(0.,0.965925826289,0.258819045103));
#7763 = PCURVE('',#1063,#7764);
#7764 = DEFINITIONAL_REPRESENTATION('',(#7765),#7769);
#7765 = LINE('',#7766,#7767);
#7766 = CARTESIAN_POINT('',(38.,0.));
#7767 = VECTOR('',#7768,1.);
#7768 = DIRECTION('',(0.,1.));
#7769 = ( GEOMETRIC_REPRESENTATION_CONTEXT(2) 
PARAMETRIC_REPRESENTATION_CONTEXT() REPRESENTATION_CONTEXT('2D SPACE',''
  ) );
#7770 = PCURVE('',#7771,#7776);
#7771 = CYLINDRICAL_SURFACE('',#7772,5.);
#7772 = AXIS2_PLACEMENT_3D('',#7773,#7774,#7775);
#7773 = CARTESIAN_POINT('',(61.5,20.367395946168,43.762645970874));
#7774 = DIRECTION('',(0.,0.965925826289,0.258819045103));
#7775 = DIRECTION('',(1.,0.,0.));
#7776 = DEFINITIONAL_REPRESENTATION('',(#7777),#7781);
#7777 = LINE('',#7778,#7779);
#7778 = CARTESIAN_POINT('',(1.570796326795,0.));
#7779 = VECTOR('',#7780,1.);
#7780 = DIRECTION('',(0.,1.));
#7781 = ( GEOMETRIC_REPRESENTATION_CONTEXT(2) 
PARAMETRIC_REPRESENTATION_CONTEXT() REPRESENTATION_CONTEXT('2D SPACE',''
  ) );
#7782 = ORIENTED_EDGE('',*,*,#7783,.F.);
#7783 = EDGE_CURVE('',#7309,#7756,#7784,.T.);
#7784 = SURFACE_CURVE('',#7785,(#7789,#7796),.PCURVE_S1.);
#7785 = LINE('',#7786,#7787);
#7786 = CARTESIAN_POINT('',(23.5,34.218526913438,42.297664425761));
#7787 = VECTOR('',#7788,1.);
#7788 = DIRECTION('',(1.,0.,0.));
#7789 = PCURVE('',#1063,#7790);
#7790 = DEFINITIONAL_REPRESENTATION('',(#7791),#7795);
#7791 = LINE('',#7792,#7793);
#7792 = CARTESIAN_POINT('',(0.,13.));
#7793 = VECTOR('',#7794,1.);
#7794 = DIRECTION('',(1.,0.));
#7795 = ( GEOMETRIC_REPRESENTATION_CONTEXT(2) 
PARAMETRIC_REPRESENTATION_CONTEXT() REPRESENTATION_CONTEXT('2D SPACE',''
  ) );
#7796 = PCURVE('',#7392,#7797);
#7797 = DEFINITIONAL_REPRESENTATION('',(#7798),#7802);
#7798 = LINE('',#7799,#7800);
#7799 = CARTESIAN_POINT('',(-1.570796326795,0.));
#7800 = VECTOR('',#7801,1.);
#7801 = DIRECTION('',(-0.,1.));
#7802 = ( GEOMETRIC_REPRESENTATION_CONTEXT(2) 
PARAMETRIC_REPRESENTATION_CONTEXT() REPRESENTATION_CONTEXT('2D SPACE',''
  ) );
#7803 = ORIENTED_EDGE('',*,*,#7438,.F.);
#7804 = ADVANCED_FACE('',(#7805),#415,.T.);
#7805 = FACE_BOUND('',#7806,.T.);
#7806 = EDGE_LOOP('',(#7807,#7808,#7831,#7859,#7880,#7881,#7882));
#7807 = ORIENTED_EDGE('',*,*,#4446,.F.);
#7808 = ORIENTED_EDGE('',*,*,#7809,.T.);
#7809 = EDGE_CURVE('',#4391,#7810,#7812,.T.);
#7810 = VERTEX_POINT('',#7811);
#7811 = CARTESIAN_POINT('',(86.,-27.,12.5));
#7812 = SURFACE_CURVE('',#7813,(#7817,#7824),.PCURVE_S1.);
#7813 = LINE('',#7814,#7815);
#7814 = CARTESIAN_POINT('',(43.,-27.,12.5));
#7815 = VECTOR('',#7816,1.);
#7816 = DIRECTION('',(1.,0.,-0.));
#7817 = PCURVE('',#415,#7818);
#7818 = DEFINITIONAL_REPRESENTATION('',(#7819),#7823);
#7819 = LINE('',#7820,#7821);
#7820 = CARTESIAN_POINT('',(0.,15.));
#7821 = VECTOR('',#7822,1.);
#7822 = DIRECTION('',(1.,0.));
#7823 = ( GEOMETRIC_REPRESENTATION_CONTEXT(2) 
PARAMETRIC_REPRESENTATION_CONTEXT() REPRESENTATION_CONTEXT('2D SPACE',''
  ) );
#7824 = PCURVE('',#4053,#7825);
#7825 = DEFINITIONAL_REPRESENTATION('',(#7826),#7830);
#7826 = LINE('',#7827,#7828);
#7827 = CARTESIAN_POINT('',(-1.570796326795,0.));
#7828 = VECTOR('',#7829,1.);
#7829 = DIRECTION('',(-0.,1.));
#7830 = ( GEOMETRIC_REPRESENTATION_CONTEXT(2) 
PARAMETRIC_REPRESENTATION_CONTEXT() REPRESENTATION_CONTEXT('2D SPACE',''
  ) );
#7831 = ORIENTED_EDGE('',*,*,#7832,.T.);
#7832 = EDGE_CURVE('',#7810,#7833,#7835,.T.);
#7833 = VERTEX_POINT('',#7834);
#7834 = CARTESIAN_POINT('',(86.,27.,12.5));
#7835 = SURFACE_CURVE('',#7836,(#7840,#7847),.PCURVE_S1.);
#7836 = LINE('',#7837,#7838);
#7837 = CARTESIAN_POINT('',(86.,-42.,12.5));
#7838 = VECTOR('',#7839,1.);
#7839 = DIRECTION('',(-0.,1.,0.));
#7840 = PCURVE('',#415,#7841);
#7841 = DEFINITIONAL_REPRESENTATION('',(#7842),#7846);
#7842 = LINE('',#7843,#7844);
#7843 = CARTESIAN_POINT('',(43.,0.));
#7844 = VECTOR('',#7845,1.);
#7845 = DIRECTION('',(0.,1.));
#7846 = ( GEOMETRIC_REPRESENTATION_CONTEXT(2) 
PARAMETRIC_REPRESENTATION_CONTEXT() REPRESENTATION_CONTEXT('2D SPACE',''
  ) );
#7847 = PCURVE('',#7848,#7853);
#7848 = CYLINDRICAL_SURFACE('',#7849,15.);
#7849 = AXIS2_PLACEMENT_3D('',#7850,#7851,#7852);
#7850 = CARTESIAN_POINT('',(86.,-42.,-2.5));
#7851 = DIRECTION('',(-0.,1.,0.));
#7852 = DIRECTION('',(1.,0.,-0.));
#7853 = DEFINITIONAL_REPRESENTATION('',(#7854),#7858);
#7854 = LINE('',#7855,#7856);
#7855 = CARTESIAN_POINT('',(-1.570796326795,0.));
#7856 = VECTOR('',#7857,1.);
#7857 = DIRECTION('',(-0.,1.));
#7858 = ( GEOMETRIC_REPRESENTATION_CONTEXT(2) 
PARAMETRIC_REPRESENTATION_CONTEXT() REPRESENTATION_CONTEXT('2D SPACE',''
  ) );
#7859 = ORIENTED_EDGE('',*,*,#7860,.F.);
#7860 = EDGE_CURVE('',#6348,#7833,#7861,.T.);
#7861 = SURFACE_CURVE('',#7862,(#7866,#7873),.PCURVE_S1.);
#7862 = LINE('',#7863,#7864);
#7863 = CARTESIAN_POINT('',(43.,27.,12.5));
#7864 = VECTOR('',#7865,1.);
#7865 = DIRECTION('',(1.,0.,-0.));
#7866 = PCURVE('',#415,#7867);
#7867 = DEFINITIONAL_REPRESENTATION('',(#7868),#7872);
#7868 = LINE('',#7869,#7870);
#7869 = CARTESIAN_POINT('',(0.,69.));
#7870 = VECTOR('',#7871,1.);
#7871 = DIRECTION('',(1.,0.));
#7872 = ( GEOMETRIC_REPRESENTATION_CONTEXT(2) 
PARAMETRIC_REPRESENTATION_CONTEXT() REPRESENTATION_CONTEXT('2D SPACE',''
  ) );
#7873 = PCURVE('',#6409,#7874);
#7874 = DEFINITIONAL_REPRESENTATION('',(#7875),#7879);
#7875 = LINE('',#7876,#7877);
#7876 = CARTESIAN_POINT('',(1.570796326795,0.));
#7877 = VECTOR('',#7878,1.);
#7878 = DIRECTION('',(0.,1.));
#7879 = ( GEOMETRIC_REPRESENTATION_CONTEXT(2) 
PARAMETRIC_REPRESENTATION_CONTEXT() REPRESENTATION_CONTEXT('2D SPACE',''
  ) );
#7880 = ORIENTED_EDGE('',*,*,#6347,.F.);
#7881 = ORIENTED_EDGE('',*,*,#452,.F.);
#7882 = ORIENTED_EDGE('',*,*,#398,.F.);
#7883 = ADVANCED_FACE('',(#7884),#3122,.T.);
#7884 = FACE_BOUND('',#7885,.T.);
#7885 = EDGE_LOOP('',(#7886,#7911,#7938,#7939,#7961,#7962));
#7886 = ORIENTED_EDGE('',*,*,#7887,.T.);
#7887 = EDGE_CURVE('',#7888,#7890,#7892,.T.);
#7888 = VERTEX_POINT('',#7889);
#7889 = CARTESIAN_POINT('',(9.537625632961,-43.,48.31183806569));
#7890 = VERTEX_POINT('',#7891);
#7891 = CARTESIAN_POINT('',(-14.85376632632,-43.,84.548007817587));
#7892 = SEAM_CURVE('',#7893,(#7897,#7904),.PCURVE_S1.);
#7893 = LINE('',#7894,#7895);
#7894 = CARTESIAN_POINT('',(9.537625632961,-43.,48.31183806569));
#7895 = VECTOR('',#7896,1.);
#7896 = DIRECTION('',(-0.55840255917,6.728726998753E-17,0.829570118744)
  );
#7897 = PCURVE('',#3122,#7898);
#7898 = DEFINITIONAL_REPRESENTATION('',(#7899),#7903);
#7899 = LINE('',#7900,#7901);
#7900 = CARTESIAN_POINT('',(-6.28318530718,0.));
#7901 = VECTOR('',#7902,1.);
#7902 = DIRECTION('',(-0.,-1.));
#7903 = ( GEOMETRIC_REPRESENTATION_CONTEXT(2) 
PARAMETRIC_REPRESENTATION_CONTEXT() REPRESENTATION_CONTEXT('2D SPACE',''
  ) );
#7904 = PCURVE('',#3122,#7905);
#7905 = DEFINITIONAL_REPRESENTATION('',(#7906),#7910);
#7906 = LINE('',#7907,#7908);
#7907 = CARTESIAN_POINT('',(0.,-0.));
#7908 = VECTOR('',#7909,1.);
#7909 = DIRECTION('',(-0.,-1.));
#7910 = ( GEOMETRIC_REPRESENTATION_CONTEXT(2) 
PARAMETRIC_REPRESENTATION_CONTEXT() REPRESENTATION_CONTEXT('2D SPACE',''
  ) );
#7911 = ORIENTED_EDGE('',*,*,#7912,.F.);
#7912 = EDGE_CURVE('',#7890,#7890,#7913,.T.);
#7913 = SURFACE_CURVE('',#7914,(#7919,#7926),.PCURVE_S1.);
#7914 = CIRCLE('',#7915,5.);
#7915 = AXIS2_PLACEMENT_3D('',#7916,#7917,#7918);
#7916 = CARTESIAN_POINT('',(-19.6090489078,-43.,83.002922845713));
#7917 = DIRECTION('',(-0.309016994375,0.,0.951056516295));
#7918 = DIRECTION('',(0.951056516295,0.,0.309016994375));
#7919 = PCURVE('',#3122,#7920);
#7920 = DEFINITIONAL_REPRESENTATION('',(#7921),#7925);
#7921 = LINE('',#7922,#7923);
#7922 = CARTESIAN_POINT('',(-0.,-42.));
#7923 = VECTOR('',#7924,1.);
#7924 = DIRECTION('',(-1.,-0.));
#7925 = ( GEOMETRIC_REPRESENTATION_CONTEXT(2) 
PARAMETRIC_REPRESENTATION_CONTEXT() REPRESENTATION_CONTEXT('2D SPACE',''
  ) );
#7926 = PCURVE('',#7927,#7932);
#7927 = PLANE('',#7928);
#7928 = AXIS2_PLACEMENT_3D('',#7929,#7930,#7931);
#7929 = CARTESIAN_POINT('',(-19.6090489078,-43.,83.002922845713));
#7930 = DIRECTION('',(-0.309016994375,0.,0.951056516295));
#7931 = DIRECTION('',(0.951056516295,0.,0.309016994375));
#7932 = DEFINITIONAL_REPRESENTATION('',(#7933),#7937);
#7933 = CIRCLE('',#7934,5.);
#7934 = AXIS2_PLACEMENT_2D('',#7935,#7936);
#7935 = CARTESIAN_POINT('',(0.,0.));
#7936 = DIRECTION('',(1.,0.));
#7937 = ( GEOMETRIC_REPRESENTATION_CONTEXT(2) 
PARAMETRIC_REPRESENTATION_CONTEXT() REPRESENTATION_CONTEXT('2D SPACE',''
  ) );
#7938 = ORIENTED_EDGE('',*,*,#7887,.F.);
#7939 = ORIENTED_EDGE('',*,*,#7940,.T.);
#7940 = EDGE_CURVE('',#7888,#2975,#7941,.T.);
#7941 = SURFACE_CURVE('',#7942,(#7947,#7954),.PCURVE_S1.);
#7942 = CIRCLE('',#7943,17.);
#7943 = AXIS2_PLACEMENT_3D('',#7944,#7945,#7946);
#7944 = CARTESIAN_POINT('',(-6.630335144057,-43.,43.058549161316));
#7945 = DIRECTION('',(-0.309016994375,0.,0.951056516295));
#7946 = DIRECTION('',(0.951056516295,0.,0.309016994375));
#7947 = PCURVE('',#3122,#7948);
#7948 = DEFINITIONAL_REPRESENTATION('',(#7949),#7953);
#7949 = LINE('',#7950,#7951);
#7950 = CARTESIAN_POINT('',(-0.,-0.));
#7951 = VECTOR('',#7952,1.);
#7952 = DIRECTION('',(-1.,-0.));
#7953 = ( GEOMETRIC_REPRESENTATION_CONTEXT(2) 
PARAMETRIC_REPRESENTATION_CONTEXT() REPRESENTATION_CONTEXT('2D SPACE',''
  ) );
#7954 = PCURVE('',#3220,#7955);
#7955 = DEFINITIONAL_REPRESENTATION('',(#7956),#7960);
#7956 = CIRCLE('',#7957,17.);
#7957 = AXIS2_PLACEMENT_2D('',#7958,#7959);
#7958 = CARTESIAN_POINT('',(0.,0.));
#7959 = DIRECTION('',(1.,0.));
#7960 = ( GEOMETRIC_REPRESENTATION_CONTEXT(2) 
PARAMETRIC_REPRESENTATION_CONTEXT() REPRESENTATION_CONTEXT('2D SPACE',''
  ) );
#7961 = ORIENTED_EDGE('',*,*,#2974,.T.);
#7962 = ORIENTED_EDGE('',*,*,#7963,.T.);
#7963 = EDGE_CURVE('',#2977,#7888,#7964,.T.);
#7964 = SURFACE_CURVE('',#7965,(#7970,#7977),.PCURVE_S1.);
#7965 = CIRCLE('',#7966,17.);
#7966 = AXIS2_PLACEMENT_3D('',#7967,#7968,#7969);
#7967 = CARTESIAN_POINT('',(-6.630335144057,-43.,43.058549161316));
#7968 = DIRECTION('',(-0.309016994375,0.,0.951056516295));
#7969 = DIRECTION('',(0.951056516295,0.,0.309016994375));
#7970 = PCURVE('',#3122,#7971);
#7971 = DEFINITIONAL_REPRESENTATION('',(#7972),#7976);
#7972 = LINE('',#7973,#7974);
#7973 = CARTESIAN_POINT('',(-0.,-0.));
#7974 = VECTOR('',#7975,1.);
#7975 = DIRECTION('',(-1.,-0.));
#7976 = ( GEOMETRIC_REPRESENTATION_CONTEXT(2) 
PARAMETRIC_REPRESENTATION_CONTEXT() REPRESENTATION_CONTEXT('2D SPACE',''
  ) );
#7977 = PCURVE('',#3220,#7978);
#7978 = DEFINITIONAL_REPRESENTATION('',(#7979),#7983);
#7979 = CIRCLE('',#7980,17.);
#7980 = AXIS2_PLACEMENT_2D('',#7981,#7982);
#7981 = CARTESIAN_POINT('',(0.,0.));
#7982 = DIRECTION('',(1.,0.));
#7983 = ( GEOMETRIC_REPRESENTATION_CONTEXT(2) 
PARAMETRIC_REPRESENTATION_CONTEXT() REPRESENTATION_CONTEXT('2D SPACE',''
  ) );
#7984 = ADVANCED_FACE('',(#7985),#3220,.F.);
#7985 = FACE_BOUND('',#7986,.F.);
#7986 = EDGE_LOOP('',(#7987,#7988,#7989));
#7987 = ORIENTED_EDGE('',*,*,#7963,.T.);
#7988 = ORIENTED_EDGE('',*,*,#7940,.T.);
#7989 = ORIENTED_EDGE('',*,*,#3199,.F.);
#7990 = ADVANCED_FACE('',(#7991),#3256,.F.);
#7991 = FACE_BOUND('',#7992,.F.);
#7992 = EDGE_LOOP('',(#7993,#8023,#8044,#8045));
#7993 = ORIENTED_EDGE('',*,*,#7994,.F.);
#7994 = EDGE_CURVE('',#7995,#7997,#7999,.T.);
#7995 = VERTEX_POINT('',#7996);
#7996 = CARTESIAN_POINT('',(23.5,-32.92443168792,47.127293557206));
#7997 = VERTEX_POINT('',#7998);
#7998 = CARTESIAN_POINT('',(23.5,-32.40679359772,49.059145209785));
#7999 = SURFACE_CURVE('',#8000,(#8004,#8011),.PCURVE_S1.);
#8000 = LINE('',#8001,#8002);
#8001 = CARTESIAN_POINT('',(23.5,-34.21852691343,42.297664425761));
#8002 = VECTOR('',#8003,1.);
#8003 = DIRECTION('',(0.,0.258819045103,0.965925826289));
#8004 = PCURVE('',#3256,#8005);
#8005 = DEFINITIONAL_REPRESENTATION('',(#8006),#8010);
#8006 = LINE('',#8007,#8008);
#8007 = CARTESIAN_POINT('',(0.,-5.));
#8008 = VECTOR('',#8009,1.);
#8009 = DIRECTION('',(1.,0.));
#8010 = ( GEOMETRIC_REPRESENTATION_CONTEXT(2) 
PARAMETRIC_REPRESENTATION_CONTEXT() REPRESENTATION_CONTEXT('2D SPACE',''
  ) );
#8011 = PCURVE('',#8012,#8017);
#8012 = CYLINDRICAL_SURFACE('',#8013,5.);
#8013 = AXIS2_PLACEMENT_3D('',#8014,#8015,#8016);
#8014 = CARTESIAN_POINT('',(28.5,-34.21852691343,42.297664425761));
#8015 = DIRECTION('',(0.,0.258819045103,0.965925826289));
#8016 = DIRECTION('',(-1.,0.,0.));
#8017 = DEFINITIONAL_REPRESENTATION('',(#8018),#8022);
#8018 = LINE('',#8019,#8020);
#8019 = CARTESIAN_POINT('',(0.,0.));
#8020 = VECTOR('',#8021,1.);
#8021 = DIRECTION('',(0.,1.));
#8022 = ( GEOMETRIC_REPRESENTATION_CONTEXT(2) 
PARAMETRIC_REPRESENTATION_CONTEXT() REPRESENTATION_CONTEXT('2D SPACE',''
  ) );
#8023 = ORIENTED_EDGE('',*,*,#8024,.T.);
#8024 = EDGE_CURVE('',#7995,#3237,#8025,.T.);
#8025 = SURFACE_CURVE('',#8026,(#8030,#8037),.PCURVE_S1.);
#8026 = LINE('',#8027,#8028);
#8027 = CARTESIAN_POINT('',(23.5,-37.75406081937,48.421388782719));
#8028 = VECTOR('',#8029,1.);
#8029 = DIRECTION('',(0.,0.965925826289,-0.258819045103));
#8030 = PCURVE('',#3256,#8031);
#8031 = DEFINITIONAL_REPRESENTATION('',(#8032),#8036);
#8032 = LINE('',#8033,#8034);
#8033 = CARTESIAN_POINT('',(5.,0.));
#8034 = VECTOR('',#8035,1.);
#8035 = DIRECTION('',(0.,-1.));
#8036 = ( GEOMETRIC_REPRESENTATION_CONTEXT(2) 
PARAMETRIC_REPRESENTATION_CONTEXT() REPRESENTATION_CONTEXT('2D SPACE',''
  ) );
#8037 = PCURVE('',#3882,#8038);
#8038 = DEFINITIONAL_REPRESENTATION('',(#8039),#8043);
#8039 = LINE('',#8040,#8041);
#8040 = CARTESIAN_POINT('',(-0.,0.));
#8041 = VECTOR('',#8042,1.);
#8042 = DIRECTION('',(-0.,1.));
#8043 = ( GEOMETRIC_REPRESENTATION_CONTEXT(2) 
PARAMETRIC_REPRESENTATION_CONTEXT() REPRESENTATION_CONTEXT('2D SPACE',''
  ) );
#8044 = ORIENTED_EDGE('',*,*,#3234,.F.);
#8045 = ORIENTED_EDGE('',*,*,#8046,.F.);
#8046 = EDGE_CURVE('',#7997,#3235,#8047,.T.);
#8047 = SURFACE_CURVE('',#8048,(#8052,#8059),.PCURVE_S1.);
#8048 = LINE('',#8049,#8050);
#8049 = CARTESIAN_POINT('',(23.5,-37.23642272916,50.353240435297));
#8050 = VECTOR('',#8051,1.);
#8051 = DIRECTION('',(0.,0.965925826289,-0.258819045103));
#8052 = PCURVE('',#3256,#8053);
#8053 = DEFINITIONAL_REPRESENTATION('',(#8054),#8058);
#8054 = LINE('',#8055,#8056);
#8055 = CARTESIAN_POINT('',(7.,0.));
#8056 = VECTOR('',#8057,1.);
#8057 = DIRECTION('',(0.,-1.));
#8058 = ( GEOMETRIC_REPRESENTATION_CONTEXT(2) 
PARAMETRIC_REPRESENTATION_CONTEXT() REPRESENTATION_CONTEXT('2D SPACE',''
  ) );
#8059 = PCURVE('',#3318,#8060);
#8060 = DEFINITIONAL_REPRESENTATION('',(#8061),#8065);
#8061 = LINE('',#8062,#8063);
#8062 = CARTESIAN_POINT('',(0.,0.));
#8063 = VECTOR('',#8064,1.);
#8064 = DIRECTION('',(0.,1.));
#8065 = ( GEOMETRIC_REPRESENTATION_CONTEXT(2) 
PARAMETRIC_REPRESENTATION_CONTEXT() REPRESENTATION_CONTEXT('2D SPACE',''
  ) );
#8066 = ADVANCED_FACE('',(#8067),#3318,.T.);
#8067 = FACE_BOUND('',#8068,.T.);
#8068 = EDGE_LOOP('',(#8069,#8096,#8124,#8146,#8147));
#8069 = ORIENTED_EDGE('',*,*,#8070,.F.);
#8070 = EDGE_CURVE('',#8071,#7997,#8073,.T.);
#8071 = VERTEX_POINT('',#8072);
#8072 = CARTESIAN_POINT('',(28.5,-31.1126983722,53.88877434123));
#8073 = SURFACE_CURVE('',#8074,(#8079,#8085),.PCURVE_S1.);
#8074 = CIRCLE('',#8075,5.);
#8075 = AXIS2_PLACEMENT_3D('',#8076,#8077,#8078);
#8076 = CARTESIAN_POINT('',(28.5,-32.40679359772,49.059145209785));
#8077 = DIRECTION('',(0.,-0.965925826289,0.258819045103));
#8078 = DIRECTION('',(-1.,0.,0.));
#8079 = PCURVE('',#3318,#8080);
#8080 = DEFINITIONAL_REPRESENTATION('',(#8081),#8084);
#8081 = B_SPLINE_CURVE_WITH_KNOTS('',1,(#8082,#8083),.UNSPECIFIED.,.F.,
  .F.,(2,2),(4.712388980385,6.28318530718),.PIECEWISE_BEZIER_KNOTS.);
#8082 = CARTESIAN_POINT('',(1.570796326795,5.));
#8083 = CARTESIAN_POINT('',(0.,5.));
#8084 = ( GEOMETRIC_REPRESENTATION_CONTEXT(2) 
PARAMETRIC_REPRESENTATION_CONTEXT() REPRESENTATION_CONTEXT('2D SPACE',''
  ) );
#8085 = PCURVE('',#8086,#8091);
#8086 = SPHERICAL_SURFACE('',#8087,5.);
#8087 = AXIS2_PLACEMENT_3D('',#8088,#8089,#8090);
#8088 = CARTESIAN_POINT('',(28.5,-32.40679359772,49.059145209785));
#8089 = DIRECTION('',(-0.,-0.258819045103,-0.965925826289));
#8090 = DIRECTION('',(-1.,0.,0.));
#8091 = DEFINITIONAL_REPRESENTATION('',(#8092),#8095);
#8092 = B_SPLINE_CURVE_WITH_KNOTS('',1,(#8093,#8094),.UNSPECIFIED.,.F.,
  .F.,(2,2),(4.712388980385,6.28318530718),.PIECEWISE_BEZIER_KNOTS.);
#8093 = CARTESIAN_POINT('',(0.,-1.570796326795));
#8094 = CARTESIAN_POINT('',(0.,0.));
#8095 = ( GEOMETRIC_REPRESENTATION_CONTEXT(2) 
PARAMETRIC_REPRESENTATION_CONTEXT() REPRESENTATION_CONTEXT('2D SPACE',''
  ) );
#8096 = ORIENTED_EDGE('',*,*,#8097,.T.);
#8097 = EDGE_CURVE('',#8071,#8098,#8100,.T.);
#8098 = VERTEX_POINT('',#8099);
#8099 = CARTESIAN_POINT('',(28.5,-23.38529176189,51.81822198041));
#8100 = SURFACE_CURVE('',#8101,(#8105,#8112),.PCURVE_S1.);
#8101 = LINE('',#8102,#8103);
#8102 = CARTESIAN_POINT('',(28.5,-35.94232750365,55.182869566743));
#8103 = VECTOR('',#8104,1.);
#8104 = DIRECTION('',(0.,0.965925826289,-0.258819045103));
#8105 = PCURVE('',#3318,#8106);
#8106 = DEFINITIONAL_REPRESENTATION('',(#8107),#8111);
#8107 = LINE('',#8108,#8109);
#8108 = CARTESIAN_POINT('',(1.570796326795,0.));
#8109 = VECTOR('',#8110,1.);
#8110 = DIRECTION('',(0.,1.));
#8111 = ( GEOMETRIC_REPRESENTATION_CONTEXT(2) 
PARAMETRIC_REPRESENTATION_CONTEXT() REPRESENTATION_CONTEXT('2D SPACE',''
  ) );
#8112 = PCURVE('',#8113,#8118);
#8113 = PLANE('',#8114);
#8114 = AXIS2_PLACEMENT_3D('',#8115,#8116,#8117);
#8115 = CARTESIAN_POINT('',(23.5,-35.94232750365,55.182869566743));
#8116 = DIRECTION('',(0.,0.258819045103,0.965925826289));
#8117 = DIRECTION('',(1.,0.,0.));
#8118 = DEFINITIONAL_REPRESENTATION('',(#8119),#8123);
#8119 = LINE('',#8120,#8121);
#8120 = CARTESIAN_POINT('',(5.,0.));
#8121 = VECTOR('',#8122,1.);
#8122 = DIRECTION('',(0.,1.));
#8123 = ( GEOMETRIC_REPRESENTATION_CONTEXT(2) 
PARAMETRIC_REPRESENTATION_CONTEXT() REPRESENTATION_CONTEXT('2D SPACE',''
  ) );
#8124 = ORIENTED_EDGE('',*,*,#8125,.F.);
#8125 = EDGE_CURVE('',#3269,#8098,#8126,.T.);
#8126 = SURFACE_CURVE('',#8127,(#8132,#8139),.PCURVE_S1.);
#8127 = CIRCLE('',#8128,5.);
#8128 = AXIS2_PLACEMENT_3D('',#8129,#8130,#8131);
#8129 = CARTESIAN_POINT('',(28.5,-24.6793869874,46.988592848964));
#8130 = DIRECTION('',(0.,0.965925826289,-0.258819045103));
#8131 = DIRECTION('',(-1.,0.,0.));
#8132 = PCURVE('',#3318,#8133);
#8133 = DEFINITIONAL_REPRESENTATION('',(#8134),#8138);
#8134 = LINE('',#8135,#8136);
#8135 = CARTESIAN_POINT('',(0.,13.));
#8136 = VECTOR('',#8137,1.);
#8137 = DIRECTION('',(1.,0.));
#8138 = ( GEOMETRIC_REPRESENTATION_CONTEXT(2) 
PARAMETRIC_REPRESENTATION_CONTEXT() REPRESENTATION_CONTEXT('2D SPACE',''
  ) );
#8139 = PCURVE('',#3369,#8140);
#8140 = DEFINITIONAL_REPRESENTATION('',(#8141),#8145);
#8141 = LINE('',#8142,#8143);
#8142 = CARTESIAN_POINT('',(-0.,0.));
#8143 = VECTOR('',#8144,1.);
#8144 = DIRECTION('',(-1.,0.));
#8145 = ( GEOMETRIC_REPRESENTATION_CONTEXT(2) 
PARAMETRIC_REPRESENTATION_CONTEXT() REPRESENTATION_CONTEXT('2D SPACE',''
  ) );
#8146 = ORIENTED_EDGE('',*,*,#3268,.F.);
#8147 = ORIENTED_EDGE('',*,*,#8046,.F.);
#8148 = ADVANCED_FACE('',(#8149),#3882,.T.);
#8149 = FACE_BOUND('',#8150,.F.);
#8150 = EDGE_LOOP('',(#8151,#8171,#8172));
#8151 = ORIENTED_EDGE('',*,*,#8152,.F.);
#8152 = EDGE_CURVE('',#3782,#7995,#8153,.T.);
#8153 = SURFACE_CURVE('',#8154,(#8159,#8165),.PCURVE_S1.);
#8154 = CIRCLE('',#8155,5.);
#8155 = AXIS2_PLACEMENT_3D('',#8156,#8157,#8158);
#8156 = CARTESIAN_POINT('',(28.5,-32.92443168792,47.127293557206));
#8157 = DIRECTION('',(0.,0.965925826289,-0.258819045103));
#8158 = DIRECTION('',(-1.,0.,0.));
#8159 = PCURVE('',#3882,#8160);
#8160 = DEFINITIONAL_REPRESENTATION('',(#8161),#8164);
#8161 = B_SPLINE_CURVE_WITH_KNOTS('',1,(#8162,#8163),.UNSPECIFIED.,.F.,
  .F.,(2,2),(4.712388980385,6.28318530718),.PIECEWISE_BEZIER_KNOTS.);
#8162 = CARTESIAN_POINT('',(-1.570796326795,5.));
#8163 = CARTESIAN_POINT('',(0.,5.));
#8164 = ( GEOMETRIC_REPRESENTATION_CONTEXT(2) 
PARAMETRIC_REPRESENTATION_CONTEXT() REPRESENTATION_CONTEXT('2D SPACE',''
  ) );
#8165 = PCURVE('',#3809,#8166);
#8166 = DEFINITIONAL_REPRESENTATION('',(#8167),#8170);
#8167 = B_SPLINE_CURVE_WITH_KNOTS('',1,(#8168,#8169),.UNSPECIFIED.,.F.,
  .F.,(2,2),(4.712388980385,6.28318530718),.PIECEWISE_BEZIER_KNOTS.);
#8168 = CARTESIAN_POINT('',(0.,-1.570796326795));
#8169 = CARTESIAN_POINT('',(0.,0.));
#8170 = ( GEOMETRIC_REPRESENTATION_CONTEXT(2) 
PARAMETRIC_REPRESENTATION_CONTEXT() REPRESENTATION_CONTEXT('2D SPACE',''
  ) );
#8171 = ORIENTED_EDGE('',*,*,#3862,.F.);
#8172 = ORIENTED_EDGE('',*,*,#8024,.F.);
#8173 = ADVANCED_FACE('',(#8174),#3369,.T.);
#8174 = FACE_BOUND('',#8175,.F.);
#8175 = EDGE_LOOP('',(#8176,#8177,#8197));
#8176 = ORIENTED_EDGE('',*,*,#3347,.F.);
#8177 = ORIENTED_EDGE('',*,*,#8178,.T.);
#8178 = EDGE_CURVE('',#3348,#8098,#8179,.T.);
#8179 = SURFACE_CURVE('',#8180,(#8185,#8191),.PCURVE_S1.);
#8180 = CIRCLE('',#8181,5.);
#8181 = AXIS2_PLACEMENT_3D('',#8182,#8183,#8184);
#8182 = CARTESIAN_POINT('',(28.5,-24.6793869874,46.988592848964));
#8183 = DIRECTION('',(1.,1.584809575716E-17,5.914589856893E-17));
#8184 = DIRECTION('',(-6.123233995737E-17,0.258819045103,0.965925826289)
  );
#8185 = PCURVE('',#3369,#8186);
#8186 = DEFINITIONAL_REPRESENTATION('',(#8187),#8190);
#8187 = B_SPLINE_CURVE_WITH_KNOTS('',1,(#8188,#8189),.UNSPECIFIED.,.F.,
  .F.,(2,2),(4.712388980385,6.28318530718),.PIECEWISE_BEZIER_KNOTS.);
#8188 = CARTESIAN_POINT('',(-1.570796326795,-1.570796326795));
#8189 = CARTESIAN_POINT('',(-1.570796326795,0.));
#8190 = ( GEOMETRIC_REPRESENTATION_CONTEXT(2) 
PARAMETRIC_REPRESENTATION_CONTEXT() REPRESENTATION_CONTEXT('2D SPACE',''
  ) );
#8191 = PCURVE('',#3449,#8192);
#8192 = DEFINITIONAL_REPRESENTATION('',(#8193),#8196);
#8193 = B_SPLINE_CURVE_WITH_KNOTS('',1,(#8194,#8195),.UNSPECIFIED.,.F.,
  .F.,(2,2),(4.712388980385,6.28318530718),.PIECEWISE_BEZIER_KNOTS.);
#8194 = CARTESIAN_POINT('',(0.,5.));
#8195 = CARTESIAN_POINT('',(1.570796326795,5.));
#8196 = ( GEOMETRIC_REPRESENTATION_CONTEXT(2) 
PARAMETRIC_REPRESENTATION_CONTEXT() REPRESENTATION_CONTEXT('2D SPACE',''
  ) );
#8197 = ORIENTED_EDGE('',*,*,#8125,.F.);
#8198 = ADVANCED_FACE('',(#8199),#3809,.T.);
#8199 = FACE_BOUND('',#8200,.T.);
#8200 = EDGE_LOOP('',(#8201,#8202,#8203,#8225));
#8201 = ORIENTED_EDGE('',*,*,#8152,.F.);
#8202 = ORIENTED_EDGE('',*,*,#3781,.T.);
#8203 = ORIENTED_EDGE('',*,*,#8204,.T.);
#8204 = EDGE_CURVE('',#3742,#8205,#8207,.T.);
#8205 = VERTEX_POINT('',#8206);
#8206 = CARTESIAN_POINT('',(28.5,-37.75406081937,48.421388782719));
#8207 = SURFACE_CURVE('',#8208,(#8213,#8219),.PCURVE_S1.);
#8208 = CIRCLE('',#8209,5.);
#8209 = AXIS2_PLACEMENT_3D('',#8210,#8211,#8212);
#8210 = CARTESIAN_POINT('',(28.5,-32.92443168792,47.127293557206));
#8211 = DIRECTION('',(-1.,5.914589856893E-17,-1.584809575716E-17));
#8212 = DIRECTION('',(-6.123233995737E-17,-0.965925826289,0.258819045103
    ));
#8213 = PCURVE('',#3809,#8214);
#8214 = DEFINITIONAL_REPRESENTATION('',(#8215),#8218);
#8215 = B_SPLINE_CURVE_WITH_KNOTS('',1,(#8216,#8217),.UNSPECIFIED.,.F.,
  .F.,(2,2),(4.712388980385,6.28318530718),.PIECEWISE_BEZIER_KNOTS.);
#8216 = CARTESIAN_POINT('',(1.570796326795,-1.570796326795));
#8217 = CARTESIAN_POINT('',(1.570796326795,0.));
#8218 = ( GEOMETRIC_REPRESENTATION_CONTEXT(2) 
PARAMETRIC_REPRESENTATION_CONTEXT() REPRESENTATION_CONTEXT('2D SPACE',''
  ) );
#8219 = PCURVE('',#3765,#8220);
#8220 = DEFINITIONAL_REPRESENTATION('',(#8221),#8224);
#8221 = B_SPLINE_CURVE_WITH_KNOTS('',1,(#8222,#8223),.UNSPECIFIED.,.F.,
  .F.,(2,2),(4.712388980385,6.28318530718),.PIECEWISE_BEZIER_KNOTS.);
#8222 = CARTESIAN_POINT('',(1.570796326795,5.));
#8223 = CARTESIAN_POINT('',(0.,5.));
#8224 = ( GEOMETRIC_REPRESENTATION_CONTEXT(2) 
PARAMETRIC_REPRESENTATION_CONTEXT() REPRESENTATION_CONTEXT('2D SPACE',''
  ) );
#8225 = ORIENTED_EDGE('',*,*,#8226,.F.);
#8226 = EDGE_CURVE('',#7995,#8205,#8227,.T.);
#8227 = SURFACE_CURVE('',#8228,(#8233,#8240),.PCURVE_S1.);
#8228 = CIRCLE('',#8229,5.);
#8229 = AXIS2_PLACEMENT_3D('',#8230,#8231,#8232);
#8230 = CARTESIAN_POINT('',(28.5,-32.92443168792,47.127293557206));
#8231 = DIRECTION('',(0.,0.258819045103,0.965925826289));
#8232 = DIRECTION('',(-1.,0.,0.));
#8233 = PCURVE('',#3809,#8234);
#8234 = DEFINITIONAL_REPRESENTATION('',(#8235),#8239);
#8235 = LINE('',#8236,#8237);
#8236 = CARTESIAN_POINT('',(0.,0.));
#8237 = VECTOR('',#8238,1.);
#8238 = DIRECTION('',(1.,0.));
#8239 = ( GEOMETRIC_REPRESENTATION_CONTEXT(2) 
PARAMETRIC_REPRESENTATION_CONTEXT() REPRESENTATION_CONTEXT('2D SPACE',''
  ) );
#8240 = PCURVE('',#8012,#8241);
#8241 = DEFINITIONAL_REPRESENTATION('',(#8242),#8246);
#8242 = LINE('',#8243,#8244);
#8243 = CARTESIAN_POINT('',(0.,5.));
#8244 = VECTOR('',#8245,1.);
#8245 = DIRECTION('',(1.,0.));
#8246 = ( GEOMETRIC_REPRESENTATION_CONTEXT(2) 
PARAMETRIC_REPRESENTATION_CONTEXT() REPRESENTATION_CONTEXT('2D SPACE',''
  ) );
#8247 = ADVANCED_FACE('',(#8248),#3449,.T.);
#8248 = FACE_BOUND('',#8249,.T.);
#8249 = EDGE_LOOP('',(#8250,#8251,#8252,#8275,#8302));
#8250 = ORIENTED_EDGE('',*,*,#3387,.T.);
#8251 = ORIENTED_EDGE('',*,*,#8178,.T.);
#8252 = ORIENTED_EDGE('',*,*,#8253,.T.);
#8253 = EDGE_CURVE('',#8098,#8254,#8256,.T.);
#8254 = VERTEX_POINT('',#8255);
#8255 = CARTESIAN_POINT('',(61.5,-23.38529176189,51.81822198041));
#8256 = SURFACE_CURVE('',#8257,(#8261,#8268),.PCURVE_S1.);
#8257 = LINE('',#8258,#8259);
#8258 = CARTESIAN_POINT('',(23.5,-23.38529176189,51.81822198041));
#8259 = VECTOR('',#8260,1.);
#8260 = DIRECTION('',(1.,0.,0.));
#8261 = PCURVE('',#3449,#8262);
#8262 = DEFINITIONAL_REPRESENTATION('',(#8263),#8267);
#8263 = LINE('',#8264,#8265);
#8264 = CARTESIAN_POINT('',(1.570796326795,0.));
#8265 = VECTOR('',#8266,1.);
#8266 = DIRECTION('',(0.,1.));
#8267 = ( GEOMETRIC_REPRESENTATION_CONTEXT(2) 
PARAMETRIC_REPRESENTATION_CONTEXT() REPRESENTATION_CONTEXT('2D SPACE',''
  ) );
#8268 = PCURVE('',#8113,#8269);
#8269 = DEFINITIONAL_REPRESENTATION('',(#8270),#8274);
#8270 = LINE('',#8271,#8272);
#8271 = CARTESIAN_POINT('',(0.,13.));
#8272 = VECTOR('',#8273,1.);
#8273 = DIRECTION('',(1.,0.));
#8274 = ( GEOMETRIC_REPRESENTATION_CONTEXT(2) 
PARAMETRIC_REPRESENTATION_CONTEXT() REPRESENTATION_CONTEXT('2D SPACE',''
  ) );
#8275 = ORIENTED_EDGE('',*,*,#8276,.F.);
#8276 = EDGE_CURVE('',#8277,#8254,#8279,.T.);
#8277 = VERTEX_POINT('',#8278);
#8278 = CARTESIAN_POINT('',(61.5,-19.84975785596,45.694497623452));
#8279 = SURFACE_CURVE('',#8280,(#8285,#8291),.PCURVE_S1.);
#8280 = CIRCLE('',#8281,5.);
#8281 = AXIS2_PLACEMENT_3D('',#8282,#8283,#8284);
#8282 = CARTESIAN_POINT('',(61.5,-24.6793869874,46.988592848964));
#8283 = DIRECTION('',(1.,-1.584809575716E-17,-5.914589856893E-17));
#8284 = DIRECTION('',(6.123233995737E-17,0.258819045103,0.965925826289)
  );
#8285 = PCURVE('',#3449,#8286);
#8286 = DEFINITIONAL_REPRESENTATION('',(#8287),#8290);
#8287 = B_SPLINE_CURVE_WITH_KNOTS('',1,(#8288,#8289),.UNSPECIFIED.,.F.,
  .F.,(2,2),(4.712388980385,6.28318530718),.PIECEWISE_BEZIER_KNOTS.);
#8288 = CARTESIAN_POINT('',(0.,38.));
#8289 = CARTESIAN_POINT('',(1.570796326795,38.));
#8290 = ( GEOMETRIC_REPRESENTATION_CONTEXT(2) 
PARAMETRIC_REPRESENTATION_CONTEXT() REPRESENTATION_CONTEXT('2D SPACE',''
  ) );
#8291 = PCURVE('',#8292,#8297);
#8292 = SPHERICAL_SURFACE('',#8293,5.);
#8293 = AXIS2_PLACEMENT_3D('',#8294,#8295,#8296);
#8294 = CARTESIAN_POINT('',(61.5,-24.6793869874,46.988592848964));
#8295 = DIRECTION('',(0.,-0.965925826289,0.258819045103));
#8296 = DIRECTION('',(1.,0.,0.));
#8297 = DEFINITIONAL_REPRESENTATION('',(#8298),#8301);
#8298 = B_SPLINE_CURVE_WITH_KNOTS('',1,(#8299,#8300),.UNSPECIFIED.,.F.,
  .F.,(2,2),(4.712388980385,6.28318530718),.PIECEWISE_BEZIER_KNOTS.);
#8299 = CARTESIAN_POINT('',(1.570796326795,-1.570796326795));
#8300 = CARTESIAN_POINT('',(1.570796326795,0.));
#8301 = ( GEOMETRIC_REPRESENTATION_CONTEXT(2) 
PARAMETRIC_REPRESENTATION_CONTEXT() REPRESENTATION_CONTEXT('2D SPACE',''
  ) );
#8302 = ORIENTED_EDGE('',*,*,#8303,.F.);
#8303 = EDGE_CURVE('',#3388,#8277,#8304,.T.);
#8304 = SURFACE_CURVE('',#8305,(#8309,#8316),.PCURVE_S1.);
#8305 = LINE('',#8306,#8307);
#8306 = CARTESIAN_POINT('',(23.5,-19.84975785596,45.694497623452));
#8307 = VECTOR('',#8308,1.);
#8308 = DIRECTION('',(1.,0.,0.));
#8309 = PCURVE('',#3449,#8310);
#8310 = DEFINITIONAL_REPRESENTATION('',(#8311),#8315);
#8311 = LINE('',#8312,#8313);
#8312 = CARTESIAN_POINT('',(0.,0.));
#8313 = VECTOR('',#8314,1.);
#8314 = DIRECTION('',(0.,1.));
#8315 = ( GEOMETRIC_REPRESENTATION_CONTEXT(2) 
PARAMETRIC_REPRESENTATION_CONTEXT() REPRESENTATION_CONTEXT('2D SPACE',''
  ) );
#8316 = PCURVE('',#3504,#8317);
#8317 = DEFINITIONAL_REPRESENTATION('',(#8318),#8322);
#8318 = LINE('',#8319,#8320);
#8319 = CARTESIAN_POINT('',(7.,0.));
#8320 = VECTOR('',#8321,1.);
#8321 = DIRECTION('',(0.,1.));
#8322 = ( GEOMETRIC_REPRESENTATION_CONTEXT(2) 
PARAMETRIC_REPRESENTATION_CONTEXT() REPRESENTATION_CONTEXT('2D SPACE',''
  ) );
#8323 = ADVANCED_FACE('',(#8324),#3765,.T.);
#8324 = FACE_BOUND('',#8325,.T.);
#8325 = EDGE_LOOP('',(#8326,#8327,#8328,#8351,#8378));
#8326 = ORIENTED_EDGE('',*,*,#8204,.F.);
#8327 = ORIENTED_EDGE('',*,*,#3741,.T.);
#8328 = ORIENTED_EDGE('',*,*,#8329,.T.);
#8329 = EDGE_CURVE('',#3710,#8330,#8332,.T.);
#8330 = VERTEX_POINT('',#8331);
#8331 = CARTESIAN_POINT('',(61.5,-34.21852691343,42.297664425761));
#8332 = SURFACE_CURVE('',#8333,(#8337,#8344),.PCURVE_S1.);
#8333 = LINE('',#8334,#8335);
#8334 = CARTESIAN_POINT('',(23.5,-34.21852691343,42.297664425761));
#8335 = VECTOR('',#8336,1.);
#8336 = DIRECTION('',(1.,0.,0.));
#8337 = PCURVE('',#3765,#8338);
#8338 = DEFINITIONAL_REPRESENTATION('',(#8339),#8343);
#8339 = LINE('',#8340,#8341);
#8340 = CARTESIAN_POINT('',(1.570796326795,0.));
#8341 = VECTOR('',#8342,1.);
#8342 = DIRECTION('',(0.,1.));
#8343 = ( GEOMETRIC_REPRESENTATION_CONTEXT(2) 
PARAMETRIC_REPRESENTATION_CONTEXT() REPRESENTATION_CONTEXT('2D SPACE',''
  ) );
#8344 = PCURVE('',#3729,#8345);
#8345 = DEFINITIONAL_REPRESENTATION('',(#8346),#8350);
#8346 = LINE('',#8347,#8348);
#8347 = CARTESIAN_POINT('',(0.,5.));
#8348 = VECTOR('',#8349,1.);
#8349 = DIRECTION('',(1.,0.));
#8350 = ( GEOMETRIC_REPRESENTATION_CONTEXT(2) 
PARAMETRIC_REPRESENTATION_CONTEXT() REPRESENTATION_CONTEXT('2D SPACE',''
  ) );
#8351 = ORIENTED_EDGE('',*,*,#8352,.T.);
#8352 = EDGE_CURVE('',#8330,#8353,#8355,.T.);
#8353 = VERTEX_POINT('',#8354);
#8354 = CARTESIAN_POINT('',(61.5,-37.75406081937,48.421388782719));
#8355 = SURFACE_CURVE('',#8356,(#8361,#8367),.PCURVE_S1.);
#8356 = CIRCLE('',#8357,5.);
#8357 = AXIS2_PLACEMENT_3D('',#8358,#8359,#8360);
#8358 = CARTESIAN_POINT('',(61.5,-32.92443168792,47.127293557206));
#8359 = DIRECTION('',(-1.,-5.914589856893E-17,1.584809575716E-17));
#8360 = DIRECTION('',(6.123233995737E-17,-0.965925826289,0.258819045103)
  );
#8361 = PCURVE('',#3765,#8362);
#8362 = DEFINITIONAL_REPRESENTATION('',(#8363),#8366);
#8363 = B_SPLINE_CURVE_WITH_KNOTS('',1,(#8364,#8365),.UNSPECIFIED.,.F.,
  .F.,(2,2),(4.712388980385,6.28318530718),.PIECEWISE_BEZIER_KNOTS.);
#8364 = CARTESIAN_POINT('',(1.570796326795,38.));
#8365 = CARTESIAN_POINT('',(0.,38.));
#8366 = ( GEOMETRIC_REPRESENTATION_CONTEXT(2) 
PARAMETRIC_REPRESENTATION_CONTEXT() REPRESENTATION_CONTEXT('2D SPACE',''
  ) );
#8367 = PCURVE('',#8368,#8373);
#8368 = SPHERICAL_SURFACE('',#8369,5.);
#8369 = AXIS2_PLACEMENT_3D('',#8370,#8371,#8372);
#8370 = CARTESIAN_POINT('',(61.5,-32.92443168792,47.127293557206));
#8371 = DIRECTION('',(0.,0.258819045103,0.965925826289));
#8372 = DIRECTION('',(1.,0.,0.));
#8373 = DEFINITIONAL_REPRESENTATION('',(#8374),#8377);
#8374 = B_SPLINE_CURVE_WITH_KNOTS('',1,(#8375,#8376),.UNSPECIFIED.,.F.,
  .F.,(2,2),(4.712388980385,6.28318530718),.PIECEWISE_BEZIER_KNOTS.);
#8375 = CARTESIAN_POINT('',(-1.570796326795,-1.570796326795));
#8376 = CARTESIAN_POINT('',(-1.570796326795,0.));
#8377 = ( GEOMETRIC_REPRESENTATION_CONTEXT(2) 
PARAMETRIC_REPRESENTATION_CONTEXT() REPRESENTATION_CONTEXT('2D SPACE',''
  ) );
#8378 = ORIENTED_EDGE('',*,*,#8379,.F.);
#8379 = EDGE_CURVE('',#8205,#8353,#8380,.T.);
#8380 = SURFACE_CURVE('',#8381,(#8385,#8392),.PCURVE_S1.);
#8381 = LINE('',#8382,#8383);
#8382 = CARTESIAN_POINT('',(23.5,-37.75406081937,48.421388782719));
#8383 = VECTOR('',#8384,1.);
#8384 = DIRECTION('',(1.,0.,0.));
#8385 = PCURVE('',#3765,#8386);
#8386 = DEFINITIONAL_REPRESENTATION('',(#8387),#8391);
#8387 = LINE('',#8388,#8389);
#8388 = CARTESIAN_POINT('',(0.,0.));
#8389 = VECTOR('',#8390,1.);
#8390 = DIRECTION('',(0.,1.));
#8391 = ( GEOMETRIC_REPRESENTATION_CONTEXT(2) 
PARAMETRIC_REPRESENTATION_CONTEXT() REPRESENTATION_CONTEXT('2D SPACE',''
  ) );
#8392 = PCURVE('',#8393,#8398);
#8393 = PLANE('',#8394);
#8394 = AXIS2_PLACEMENT_3D('',#8395,#8396,#8397);
#8395 = CARTESIAN_POINT('',(23.5,-39.04815604488,43.591759651274));
#8396 = DIRECTION('',(0.,0.965925826289,-0.258819045103));
#8397 = DIRECTION('',(0.,0.258819045103,0.965925826289));
#8398 = DEFINITIONAL_REPRESENTATION('',(#8399),#8403);
#8399 = LINE('',#8400,#8401);
#8400 = CARTESIAN_POINT('',(5.,0.));
#8401 = VECTOR('',#8402,1.);
#8402 = DIRECTION('',(0.,1.));
#8403 = ( GEOMETRIC_REPRESENTATION_CONTEXT(2) 
PARAMETRIC_REPRESENTATION_CONTEXT() REPRESENTATION_CONTEXT('2D SPACE',''
  ) );
#8404 = ADVANCED_FACE('',(#8405),#3504,.T.);
#8405 = FACE_BOUND('',#8406,.T.);
#8406 = EDGE_LOOP('',(#8407,#8430,#8431,#8432));
#8407 = ORIENTED_EDGE('',*,*,#8408,.F.);
#8408 = EDGE_CURVE('',#3485,#8409,#8411,.T.);
#8409 = VERTEX_POINT('',#8410);
#8410 = CARTESIAN_POINT('',(61.5,-20.36739594616,43.762645970874));
#8411 = SURFACE_CURVE('',#8412,(#8416,#8423),.PCURVE_S1.);
#8412 = LINE('',#8413,#8414);
#8413 = CARTESIAN_POINT('',(23.5,-20.36739594616,43.762645970874));
#8414 = VECTOR('',#8415,1.);
#8415 = DIRECTION('',(1.,0.,0.));
#8416 = PCURVE('',#3504,#8417);
#8417 = DEFINITIONAL_REPRESENTATION('',(#8418),#8422);
#8418 = LINE('',#8419,#8420);
#8419 = CARTESIAN_POINT('',(5.,0.));
#8420 = VECTOR('',#8421,1.);
#8421 = DIRECTION('',(0.,1.));
#8422 = ( GEOMETRIC_REPRESENTATION_CONTEXT(2) 
PARAMETRIC_REPRESENTATION_CONTEXT() REPRESENTATION_CONTEXT('2D SPACE',''
  ) );
#8423 = PCURVE('',#3642,#8424);
#8424 = DEFINITIONAL_REPRESENTATION('',(#8425),#8429);
#8425 = LINE('',#8426,#8427);
#8426 = CARTESIAN_POINT('',(-0.,0.));
#8427 = VECTOR('',#8428,1.);
#8428 = DIRECTION('',(-0.,1.));
#8429 = ( GEOMETRIC_REPRESENTATION_CONTEXT(2) 
PARAMETRIC_REPRESENTATION_CONTEXT() REPRESENTATION_CONTEXT('2D SPACE',''
  ) );
#8430 = ORIENTED_EDGE('',*,*,#3484,.F.);
#8431 = ORIENTED_EDGE('',*,*,#8303,.T.);
#8432 = ORIENTED_EDGE('',*,*,#8433,.F.);
#8433 = EDGE_CURVE('',#8409,#8277,#8434,.T.);
#8434 = SURFACE_CURVE('',#8435,(#8439,#8446),.PCURVE_S1.);
#8435 = LINE('',#8436,#8437);
#8436 = CARTESIAN_POINT('',(61.5,-21.66149117168,38.933016839428));
#8437 = VECTOR('',#8438,1.);
#8438 = DIRECTION('',(0.,0.258819045103,0.965925826289));
#8439 = PCURVE('',#3504,#8440);
#8440 = DEFINITIONAL_REPRESENTATION('',(#8441),#8445);
#8441 = LINE('',#8442,#8443);
#8442 = CARTESIAN_POINT('',(0.,38.));
#8443 = VECTOR('',#8444,1.);
#8444 = DIRECTION('',(1.,0.));
#8445 = ( GEOMETRIC_REPRESENTATION_CONTEXT(2) 
PARAMETRIC_REPRESENTATION_CONTEXT() REPRESENTATION_CONTEXT('2D SPACE',''
  ) );
#8446 = PCURVE('',#8447,#8452);
#8447 = CYLINDRICAL_SURFACE('',#8448,5.);
#8448 = AXIS2_PLACEMENT_3D('',#8449,#8450,#8451);
#8449 = CARTESIAN_POINT('',(61.5,-26.49112030312,40.227112064941));
#8450 = DIRECTION('',(0.,0.258819045103,0.965925826289));
#8451 = DIRECTION('',(1.,0.,0.));
#8452 = DEFINITIONAL_REPRESENTATION('',(#8453),#8457);
#8453 = LINE('',#8454,#8455);
#8454 = CARTESIAN_POINT('',(1.570796326795,0.));
#8455 = VECTOR('',#8456,1.);
#8456 = DIRECTION('',(0.,1.));
#8457 = ( GEOMETRIC_REPRESENTATION_CONTEXT(2) 
PARAMETRIC_REPRESENTATION_CONTEXT() REPRESENTATION_CONTEXT('2D SPACE',''
  ) );
#8458 = ADVANCED_FACE('',(#8459),#3729,.F.);
#8459 = FACE_BOUND('',#8460,.F.);
#8460 = EDGE_LOOP('',(#8461,#8462,#8463,#8491));
#8461 = ORIENTED_EDGE('',*,*,#3709,.F.);
#8462 = ORIENTED_EDGE('',*,*,#8329,.T.);
#8463 = ORIENTED_EDGE('',*,*,#8464,.T.);
#8464 = EDGE_CURVE('',#8330,#8465,#8467,.T.);
#8465 = VERTEX_POINT('',#8466);
#8466 = CARTESIAN_POINT('',(61.5,-26.49112030312,40.227112064941));
#8467 = SURFACE_CURVE('',#8468,(#8472,#8479),.PCURVE_S1.);
#8468 = LINE('',#8469,#8470);
#8469 = CARTESIAN_POINT('',(61.5,-39.04815604488,43.591759651274));
#8470 = VECTOR('',#8471,1.);
#8471 = DIRECTION('',(0.,0.965925826289,-0.258819045103));
#8472 = PCURVE('',#3729,#8473);
#8473 = DEFINITIONAL_REPRESENTATION('',(#8474),#8478);
#8474 = LINE('',#8475,#8476);
#8475 = CARTESIAN_POINT('',(38.,0.));
#8476 = VECTOR('',#8477,1.);
#8477 = DIRECTION('',(0.,1.));
#8478 = ( GEOMETRIC_REPRESENTATION_CONTEXT(2) 
PARAMETRIC_REPRESENTATION_CONTEXT() REPRESENTATION_CONTEXT('2D SPACE',''
  ) );
#8479 = PCURVE('',#8480,#8485);
#8480 = CYLINDRICAL_SURFACE('',#8481,5.);
#8481 = AXIS2_PLACEMENT_3D('',#8482,#8483,#8484);
#8482 = CARTESIAN_POINT('',(61.5,-37.75406081937,48.421388782719));
#8483 = DIRECTION('',(0.,0.965925826289,-0.258819045103));
#8484 = DIRECTION('',(1.,0.,0.));
#8485 = DEFINITIONAL_REPRESENTATION('',(#8486),#8490);
#8486 = LINE('',#8487,#8488);
#8487 = CARTESIAN_POINT('',(1.570796326795,0.));
#8488 = VECTOR('',#8489,1.);
#8489 = DIRECTION('',(0.,1.));
#8490 = ( GEOMETRIC_REPRESENTATION_CONTEXT(2) 
PARAMETRIC_REPRESENTATION_CONTEXT() REPRESENTATION_CONTEXT('2D SPACE',''
  ) );
#8491 = ORIENTED_EDGE('',*,*,#8492,.F.);
#8492 = EDGE_CURVE('',#3517,#8465,#8493,.T.);
#8493 = SURFACE_CURVE('',#8494,(#8498,#8505),.PCURVE_S1.);
#8494 = LINE('',#8495,#8496);
#8495 = CARTESIAN_POINT('',(23.5,-26.49112030312,40.227112064941));
#8496 = VECTOR('',#8497,1.);
#8497 = DIRECTION('',(1.,0.,0.));
#8498 = PCURVE('',#3729,#8499);
#8499 = DEFINITIONAL_REPRESENTATION('',(#8500),#8504);
#8500 = LINE('',#8501,#8502);
#8501 = CARTESIAN_POINT('',(0.,13.));
#8502 = VECTOR('',#8503,1.);
#8503 = DIRECTION('',(1.,0.));
#8504 = ( GEOMETRIC_REPRESENTATION_CONTEXT(2) 
PARAMETRIC_REPRESENTATION_CONTEXT() REPRESENTATION_CONTEXT('2D SPACE',''
  ) );
#8505 = PCURVE('',#3642,#8506);
#8506 = DEFINITIONAL_REPRESENTATION('',(#8507),#8511);
#8507 = LINE('',#8508,#8509);
#8508 = CARTESIAN_POINT('',(-1.570796326795,0.));
#8509 = VECTOR('',#8510,1.);
#8510 = DIRECTION('',(-0.,1.));
#8511 = ( GEOMETRIC_REPRESENTATION_CONTEXT(2) 
PARAMETRIC_REPRESENTATION_CONTEXT() REPRESENTATION_CONTEXT('2D SPACE',''
  ) );
#8512 = ADVANCED_FACE('',(#8513),#3642,.T.);
#8513 = FACE_BOUND('',#8514,.F.);
#8514 = EDGE_LOOP('',(#8515,#8516,#8517,#8542));
#8515 = ORIENTED_EDGE('',*,*,#3516,.T.);
#8516 = ORIENTED_EDGE('',*,*,#8492,.T.);
#8517 = ORIENTED_EDGE('',*,*,#8518,.T.);
#8518 = EDGE_CURVE('',#8465,#8409,#8519,.T.);
#8519 = SURFACE_CURVE('',#8520,(#8525,#8531),.PCURVE_S1.);
#8520 = CIRCLE('',#8521,5.);
#8521 = AXIS2_PLACEMENT_3D('',#8522,#8523,#8524);
#8522 = CARTESIAN_POINT('',(61.5,-25.19702507761,45.056741196386));
#8523 = DIRECTION('',(1.,-1.02041622266E-16,2.734197028053E-17));
#8524 = DIRECTION('',(1.056412609424E-16,0.965925826289,-0.258819045103)
  );
#8525 = PCURVE('',#3642,#8526);
#8526 = DEFINITIONAL_REPRESENTATION('',(#8527),#8530);
#8527 = B_SPLINE_CURVE_WITH_KNOTS('',1,(#8528,#8529),.UNSPECIFIED.,.F.,
  .F.,(2,2),(4.712388980385,6.28318530718),.PIECEWISE_BEZIER_KNOTS.);
#8528 = CARTESIAN_POINT('',(-1.570796326795,38.));
#8529 = CARTESIAN_POINT('',(0.,38.));
#8530 = ( GEOMETRIC_REPRESENTATION_CONTEXT(2) 
PARAMETRIC_REPRESENTATION_CONTEXT() REPRESENTATION_CONTEXT('2D SPACE',''
  ) );
#8531 = PCURVE('',#8532,#8537);
#8532 = SPHERICAL_SURFACE('',#8533,5.);
#8533 = AXIS2_PLACEMENT_3D('',#8534,#8535,#8536);
#8534 = CARTESIAN_POINT('',(61.5,-25.19702507761,45.056741196386));
#8535 = DIRECTION('',(0.,0.258819045103,0.965925826289));
#8536 = DIRECTION('',(1.,1.715828947882E-16,-4.597549809349E-17));
#8537 = DEFINITIONAL_REPRESENTATION('',(#8538),#8541);
#8538 = B_SPLINE_CURVE_WITH_KNOTS('',1,(#8539,#8540),.UNSPECIFIED.,.F.,
  .F.,(2,2),(4.712388980385,6.28318530718),.PIECEWISE_BEZIER_KNOTS.);
#8539 = CARTESIAN_POINT('',(1.570796326795,-1.570796326795));
#8540 = CARTESIAN_POINT('',(1.570796326795,0.));
#8541 = ( GEOMETRIC_REPRESENTATION_CONTEXT(2) 
PARAMETRIC_REPRESENTATION_CONTEXT() REPRESENTATION_CONTEXT('2D SPACE',''
  ) );
#8542 = ORIENTED_EDGE('',*,*,#8408,.F.);
#8543 = ADVANCED_FACE('',(#8544),#3960,.T.);
#8544 = FACE_BOUND('',#8545,.T.);
#8545 = EDGE_LOOP('',(#8546,#8547,#8548,#8569,#8596));
#8546 = ORIENTED_EDGE('',*,*,#3926,.T.);
#8547 = ORIENTED_EDGE('',*,*,#5087,.T.);
#8548 = ORIENTED_EDGE('',*,*,#8549,.T.);
#8549 = EDGE_CURVE('',#4901,#8550,#8552,.T.);
#8550 = VERTEX_POINT('',#8551);
#8551 = CARTESIAN_POINT('',(86.,-34.48331477354,-30.5));
#8552 = SURFACE_CURVE('',#8553,(#8557,#8563),.PCURVE_S1.);
#8553 = LINE('',#8554,#8555);
#8554 = CARTESIAN_POINT('',(43.,-34.48331477354,-30.5));
#8555 = VECTOR('',#8556,1.);
#8556 = DIRECTION('',(1.,0.,-0.));
#8557 = PCURVE('',#3960,#8558);
#8558 = DEFINITIONAL_REPRESENTATION('',(#8559),#8562);
#8559 = B_SPLINE_CURVE_WITH_KNOTS('',1,(#8560,#8561),.UNSPECIFIED.,.F.,
  .F.,(2,2),(18.425412950245,43.0000006),.PIECEWISE_BEZIER_KNOTS.);
#8560 = CARTESIAN_POINT('',(1.048481504989,18.425412950245));
#8561 = CARTESIAN_POINT('',(1.048481504989,43.0000006));
#8562 = ( GEOMETRIC_REPRESENTATION_CONTEXT(2) 
PARAMETRIC_REPRESENTATION_CONTEXT() REPRESENTATION_CONTEXT('2D SPACE',''
  ) );
#8563 = PCURVE('',#5022,#8564);
#8564 = DEFINITIONAL_REPRESENTATION('',(#8565),#8568);
#8565 = B_SPLINE_CURVE_WITH_KNOTS('',1,(#8566,#8567),.UNSPECIFIED.,.F.,
  .F.,(2,2),(18.425412950245,43.0000006),.PIECEWISE_BEZIER_KNOTS.);
#8566 = CARTESIAN_POINT('',(-0.589030970216,12.425412950245));
#8567 = CARTESIAN_POINT('',(-0.589030970216,37.0000006));
#8568 = ( GEOMETRIC_REPRESENTATION_CONTEXT(2) 
PARAMETRIC_REPRESENTATION_CONTEXT() REPRESENTATION_CONTEXT('2D SPACE',''
  ) );
#8569 = ORIENTED_EDGE('',*,*,#8570,.T.);
#8570 = EDGE_CURVE('',#8550,#8571,#8573,.T.);
#8571 = VERTEX_POINT('',#8572);
#8572 = CARTESIAN_POINT('',(86.,-42.,-17.5));
#8573 = SURFACE_CURVE('',#8574,(#8579,#8585),.PCURVE_S1.);
#8574 = CIRCLE('',#8575,15.);
#8575 = AXIS2_PLACEMENT_3D('',#8576,#8577,#8578);
#8576 = CARTESIAN_POINT('',(86.,-27.,-17.5));
#8577 = DIRECTION('',(-1.,-6.123233995737E-17,0.));
#8578 = DIRECTION('',(6.123233995737E-17,-1.,-0.));
#8579 = PCURVE('',#3960,#8580);
#8580 = DEFINITIONAL_REPRESENTATION('',(#8581),#8584);
#8581 = B_SPLINE_CURVE_WITH_KNOTS('',1,(#8582,#8583),.UNSPECIFIED.,.F.,
  .F.,(2,2),(4.712388980385,6.28318530718),.PIECEWISE_BEZIER_KNOTS.);
#8582 = CARTESIAN_POINT('',(1.570796326795,43.));
#8583 = CARTESIAN_POINT('',(0.,43.));
#8584 = ( GEOMETRIC_REPRESENTATION_CONTEXT(2) 
PARAMETRIC_REPRESENTATION_CONTEXT() REPRESENTATION_CONTEXT('2D SPACE',''
  ) );
#8585 = PCURVE('',#8586,#8591);
#8586 = SPHERICAL_SURFACE('',#8587,15.);
#8587 = AXIS2_PLACEMENT_3D('',#8588,#8589,#8590);
#8588 = CARTESIAN_POINT('',(86.,-27.,-17.5));
#8589 = DIRECTION('',(0.,0.,1.));
#8590 = DIRECTION('',(1.,0.,-0.));
#8591 = DEFINITIONAL_REPRESENTATION('',(#8592),#8595);
#8592 = B_SPLINE_CURVE_WITH_KNOTS('',1,(#8593,#8594),.UNSPECIFIED.,.F.,
  .F.,(2,2),(4.712388980385,6.28318530718),.PIECEWISE_BEZIER_KNOTS.);
#8593 = CARTESIAN_POINT('',(-1.570796326795,-1.570796326795));
#8594 = CARTESIAN_POINT('',(-1.570796326795,0.));
#8595 = ( GEOMETRIC_REPRESENTATION_CONTEXT(2) 
PARAMETRIC_REPRESENTATION_CONTEXT() REPRESENTATION_CONTEXT('2D SPACE',''
  ) );
#8596 = ORIENTED_EDGE('',*,*,#8597,.F.);
#8597 = EDGE_CURVE('',#3927,#8571,#8598,.T.);
#8598 = SURFACE_CURVE('',#8599,(#8603,#8610),.PCURVE_S1.);
#8599 = LINE('',#8600,#8601);
#8600 = CARTESIAN_POINT('',(43.,-42.,-17.5));
#8601 = VECTOR('',#8602,1.);
#8602 = DIRECTION('',(1.,0.,-0.));
#8603 = PCURVE('',#3960,#8604);
#8604 = DEFINITIONAL_REPRESENTATION('',(#8605),#8609);
#8605 = LINE('',#8606,#8607);
#8606 = CARTESIAN_POINT('',(0.,0.));
#8607 = VECTOR('',#8608,1.);
#8608 = DIRECTION('',(0.,1.));
#8609 = ( GEOMETRIC_REPRESENTATION_CONTEXT(2) 
PARAMETRIC_REPRESENTATION_CONTEXT() REPRESENTATION_CONTEXT('2D SPACE',''
  ) );
#8610 = PCURVE('',#4003,#8611);
#8611 = DEFINITIONAL_REPRESENTATION('',(#8612),#8616);
#8612 = LINE('',#8613,#8614);
#8613 = CARTESIAN_POINT('',(15.,0.));
#8614 = VECTOR('',#8615,1.);
#8615 = DIRECTION('',(0.,1.));
#8616 = ( GEOMETRIC_REPRESENTATION_CONTEXT(2) 
PARAMETRIC_REPRESENTATION_CONTEXT() REPRESENTATION_CONTEXT('2D SPACE',''
  ) );
#8617 = ADVANCED_FACE('',(#8618),#5022,.T.);
#8618 = FACE_BOUND('',#8619,.F.);
#8619 = EDGE_LOOP('',(#8620,#8643,#8644,#8645,#8689));
#8620 = ORIENTED_EDGE('',*,*,#8621,.F.);
#8621 = EDGE_CURVE('',#4869,#8622,#8624,.T.);
#8622 = VERTEX_POINT('',#8623);
#8623 = CARTESIAN_POINT('',(88.,-36.,-35.5));
#8624 = SURFACE_CURVE('',#8625,(#8629,#8636),.PCURVE_S1.);
#8625 = LINE('',#8626,#8627);
#8626 = CARTESIAN_POINT('',(49.,-36.,-35.5));
#8627 = VECTOR('',#8628,1.);
#8628 = DIRECTION('',(1.,0.,-0.));
#8629 = PCURVE('',#5022,#8630);
#8630 = DEFINITIONAL_REPRESENTATION('',(#8631),#8635);
#8631 = LINE('',#8632,#8633);
#8632 = CARTESIAN_POINT('',(-0.,0.));
#8633 = VECTOR('',#8634,1.);
#8634 = DIRECTION('',(-0.,1.));
#8635 = ( GEOMETRIC_REPRESENTATION_CONTEXT(2) 
PARAMETRIC_REPRESENTATION_CONTEXT() REPRESENTATION_CONTEXT('2D SPACE',''
  ) );
#8636 = PCURVE('',#4888,#8637);
#8637 = DEFINITIONAL_REPRESENTATION('',(#8638),#8642);
#8638 = LINE('',#8639,#8640);
#8639 = CARTESIAN_POINT('',(14.,0.));
#8640 = VECTOR('',#8641,1.);
#8641 = DIRECTION('',(0.,1.));
#8642 = ( GEOMETRIC_REPRESENTATION_CONTEXT(2) 
PARAMETRIC_REPRESENTATION_CONTEXT() REPRESENTATION_CONTEXT('2D SPACE',''
  ) );
#8643 = ORIENTED_EDGE('',*,*,#4900,.T.);
#8644 = ORIENTED_EDGE('',*,*,#8549,.T.);
#8645 = ORIENTED_EDGE('',*,*,#8646,.F.);
#8646 = EDGE_CURVE('',#8647,#8550,#8649,.T.);
#8647 = VERTEX_POINT('',#8648);
#8648 = CARTESIAN_POINT('',(88.,-34.4078703559,-30.38888888888));
#8649 = SURFACE_CURVE('',#8650,(#8661,#8675),.PCURVE_S1.);
#8650 = B_SPLINE_CURVE_WITH_KNOTS('',5,(#8651,#8652,#8653,#8654,#8655,
    #8656,#8657,#8658,#8659,#8660),.UNSPECIFIED.,.F.,.F.,(6,4,6),(0.,
    0.457076057393,1.),.UNSPECIFIED.);
#8651 = CARTESIAN_POINT('',(88.0000006,-34.4078703099,-30.38888882222));
#8652 = CARTESIAN_POINT('',(87.817691755322,-34.42184645231,
    -30.40914536659));
#8653 = CARTESIAN_POINT('',(87.635201469781,-34.43414184096,
    -30.42711396752));
#8654 = CARTESIAN_POINT('',(87.452559275488,-34.44479492972,
    -30.44278220412));
#8655 = CARTESIAN_POINT('',(87.269793645843,-34.45383525465,
    -30.45614062444));
#8656 = CARTESIAN_POINT('',(86.869725326036,-34.47013052812,
    -30.48029879429));
#8657 = CARTESIAN_POINT('',(86.652383303491,-34.47673125966,
    -30.4901467147));
#8658 = CARTESIAN_POINT('',(86.434951885771,-34.48112027365,
    -30.49671556835));
#8659 = CARTESIAN_POINT('',(86.217475992707,-34.48331477354,-30.5));
#8660 = CARTESIAN_POINT('',(86.,-34.48331477354,-30.5));
#8661 = PCURVE('',#5022,#8662);
#8662 = DEFINITIONAL_REPRESENTATION('',(#8663),#8674);
#8663 = B_SPLINE_CURVE_WITH_KNOTS('',5,(#8664,#8665,#8666,#8667,#8668,
    #8669,#8670,#8671,#8672,#8673),.UNSPECIFIED.,.F.,.F.,(6,4,6),(0.,
    0.457076057393,1.),.UNSPECIFIED.);
#8664 = CARTESIAN_POINT('',(-0.603953773902,39.0000006));
#8665 = CARTESIAN_POINT('',(-0.601219311293,38.817691755322));
#8666 = CARTESIAN_POINT('',(-0.598800146051,38.635201469781));
#8667 = CARTESIAN_POINT('',(-0.596694956313,38.452559275488));
#8668 = CARTESIAN_POINT('',(-0.594902740675,38.269793645843));
#8669 = CARTESIAN_POINT('',(-0.591664937145,37.869725326036));
#8670 = CARTESIAN_POINT('',(-0.590347672627,37.652383303491));
#8671 = CARTESIAN_POINT('',(-0.589469870309,37.434951885771));
#8672 = CARTESIAN_POINT('',(-0.589030970216,37.217475992707));
#8673 = CARTESIAN_POINT('',(-0.589030970216,37.));
#8674 = ( GEOMETRIC_REPRESENTATION_CONTEXT(2) 
PARAMETRIC_REPRESENTATION_CONTEXT() REPRESENTATION_CONTEXT('2D SPACE',''
  ) );
#8675 = PCURVE('',#8586,#8676);
#8676 = DEFINITIONAL_REPRESENTATION('',(#8677),#8688);
#8677 = B_SPLINE_CURVE_WITH_KNOTS('',5,(#8678,#8679,#8680,#8681,#8682,
    #8683,#8684,#8685,#8686,#8687),.UNSPECIFIED.,.F.,.F.,(6,4,6),(0.,
    0.457076057393,1.),.UNSPECIFIED.);
#8678 = CARTESIAN_POINT('',(-1.30710014227,-1.033819838602));
#8679 = CARTESIAN_POINT('',(-1.330513074748,-1.036459779485));
#8680 = CARTESIAN_POINT('',(-1.354151391351,-1.038816202348));
#8681 = CARTESIAN_POINT('',(-1.377989327256,-1.040881135844));
#8682 = CARTESIAN_POINT('',(-1.401996441562,-1.042648214675));
#8683 = CARTESIAN_POINT('',(-1.45481298127,-1.045852199873));
#8684 = CARTESIAN_POINT('',(-1.483677616366,-1.047164791756));
#8685 = CARTESIAN_POINT('',(-1.512673429618,-1.048042608178));
#8686 = CARTESIAN_POINT('',(-1.541734874846,-1.048481504989));
#8687 = CARTESIAN_POINT('',(-1.570796326795,-1.048481504989));
#8688 = ( GEOMETRIC_REPRESENTATION_CONTEXT(2) 
PARAMETRIC_REPRESENTATION_CONTEXT() REPRESENTATION_CONTEXT('2D SPACE',''
  ) );
#8689 = ORIENTED_EDGE('',*,*,#8690,.T.);
#8690 = EDGE_CURVE('',#8647,#8622,#8691,.T.);
#8691 = SURFACE_CURVE('',#8692,(#8697,#8703),.PCURVE_S1.);
#8692 = CIRCLE('',#8693,9.);
#8693 = AXIS2_PLACEMENT_3D('',#8694,#8695,#8696);
#8694 = CARTESIAN_POINT('',(88.,-27.,-35.5));
#8695 = DIRECTION('',(1.,2.832769448824E-16,0.));
#8696 = DIRECTION('',(2.832769448824E-16,-1.,0.));
#8697 = PCURVE('',#5022,#8698);
#8698 = DEFINITIONAL_REPRESENTATION('',(#8699),#8702);
#8699 = B_SPLINE_CURVE_WITH_KNOTS('',1,(#8700,#8701),.UNSPECIFIED.,.F.,
  .F.,(2,2),(4.712388980385,6.28318530718),.PIECEWISE_BEZIER_KNOTS.);
#8700 = CARTESIAN_POINT('',(-1.570796326795,39.));
#8701 = CARTESIAN_POINT('',(0.,39.));
#8702 = ( GEOMETRIC_REPRESENTATION_CONTEXT(2) 
PARAMETRIC_REPRESENTATION_CONTEXT() REPRESENTATION_CONTEXT('2D SPACE',''
  ) );
#8703 = PCURVE('',#8704,#8709);
#8704 = SPHERICAL_SURFACE('',#8705,9.);
#8705 = AXIS2_PLACEMENT_3D('',#8706,#8707,#8708);
#8706 = CARTESIAN_POINT('',(88.,-27.,-35.5));
#8707 = DIRECTION('',(-0.,-0.,-1.));
#8708 = DIRECTION('',(1.,0.,0.));
#8709 = DEFINITIONAL_REPRESENTATION('',(#8710),#8713);
#8710 = B_SPLINE_CURVE_WITH_KNOTS('',1,(#8711,#8712),.UNSPECIFIED.,.F.,
  .F.,(2,2),(4.712388980385,6.28318530718),.PIECEWISE_BEZIER_KNOTS.);
#8711 = CARTESIAN_POINT('',(1.570796326795,-1.570796326795));
#8712 = CARTESIAN_POINT('',(1.570796326795,0.));
#8713 = ( GEOMETRIC_REPRESENTATION_CONTEXT(2) 
PARAMETRIC_REPRESENTATION_CONTEXT() REPRESENTATION_CONTEXT('2D SPACE',''
  ) );
#8714 = ADVANCED_FACE('',(#8715),#4888,.F.);
#8715 = FACE_BOUND('',#8716,.F.);
#8716 = EDGE_LOOP('',(#8717,#8747,#8768,#8769,#8770));
#8717 = ORIENTED_EDGE('',*,*,#8718,.F.);
#8718 = EDGE_CURVE('',#8719,#8721,#8723,.T.);
#8719 = VERTEX_POINT('',#8720);
#8720 = CARTESIAN_POINT('',(58.,-36.,-40.5));
#8721 = VERTEX_POINT('',#8722);
#8722 = CARTESIAN_POINT('',(88.,-36.,-40.5));
#8723 = SURFACE_CURVE('',#8724,(#8728,#8735),.PCURVE_S1.);
#8724 = LINE('',#8725,#8726);
#8725 = CARTESIAN_POINT('',(49.,-36.,-40.5));
#8726 = VECTOR('',#8727,1.);
#8727 = DIRECTION('',(1.,0.,-0.));
#8728 = PCURVE('',#4888,#8729);
#8729 = DEFINITIONAL_REPRESENTATION('',(#8730),#8734);
#8730 = LINE('',#8731,#8732);
#8731 = CARTESIAN_POINT('',(9.,0.));
#8732 = VECTOR('',#8733,1.);
#8733 = DIRECTION('',(0.,1.));
#8734 = ( GEOMETRIC_REPRESENTATION_CONTEXT(2) 
PARAMETRIC_REPRESENTATION_CONTEXT() REPRESENTATION_CONTEXT('2D SPACE',''
  ) );
#8735 = PCURVE('',#8736,#8741);
#8736 = CYLINDRICAL_SURFACE('',#8737,9.);
#8737 = AXIS2_PLACEMENT_3D('',#8738,#8739,#8740);
#8738 = CARTESIAN_POINT('',(49.,-27.,-40.5));
#8739 = DIRECTION('',(1.,0.,-0.));
#8740 = DIRECTION('',(0.,-1.,0.));
#8741 = DEFINITIONAL_REPRESENTATION('',(#8742),#8746);
#8742 = LINE('',#8743,#8744);
#8743 = CARTESIAN_POINT('',(0.,0.));
#8744 = VECTOR('',#8745,1.);
#8745 = DIRECTION('',(0.,1.));
#8746 = ( GEOMETRIC_REPRESENTATION_CONTEXT(2) 
PARAMETRIC_REPRESENTATION_CONTEXT() REPRESENTATION_CONTEXT('2D SPACE',''
  ) );
#8747 = ORIENTED_EDGE('',*,*,#8748,.T.);
#8748 = EDGE_CURVE('',#8719,#4700,#8749,.T.);
#8749 = SURFACE_CURVE('',#8750,(#8754,#8761),.PCURVE_S1.);
#8750 = LINE('',#8751,#8752);
#8751 = CARTESIAN_POINT('',(58.,-36.,-49.5));
#8752 = VECTOR('',#8753,1.);
#8753 = DIRECTION('',(0.,0.,1.));
#8754 = PCURVE('',#4888,#8755);
#8755 = DEFINITIONAL_REPRESENTATION('',(#8756),#8760);
#8756 = LINE('',#8757,#8758);
#8757 = CARTESIAN_POINT('',(0.,9.));
#8758 = VECTOR('',#8759,1.);
#8759 = DIRECTION('',(1.,0.));
#8760 = ( GEOMETRIC_REPRESENTATION_CONTEXT(2) 
PARAMETRIC_REPRESENTATION_CONTEXT() REPRESENTATION_CONTEXT('2D SPACE',''
  ) );
#8761 = PCURVE('',#4809,#8762);
#8762 = DEFINITIONAL_REPRESENTATION('',(#8763),#8767);
#8763 = LINE('',#8764,#8765);
#8764 = CARTESIAN_POINT('',(1.570796326795,0.));
#8765 = VECTOR('',#8766,1.);
#8766 = DIRECTION('',(0.,1.));
#8767 = ( GEOMETRIC_REPRESENTATION_CONTEXT(2) 
PARAMETRIC_REPRESENTATION_CONTEXT() REPRESENTATION_CONTEXT('2D SPACE',''
  ) );
#8768 = ORIENTED_EDGE('',*,*,#4868,.F.);
#8769 = ORIENTED_EDGE('',*,*,#8621,.T.);
#8770 = ORIENTED_EDGE('',*,*,#8771,.F.);
#8771 = EDGE_CURVE('',#8721,#8622,#8772,.T.);
#8772 = SURFACE_CURVE('',#8773,(#8777,#8784),.PCURVE_S1.);
#8773 = LINE('',#8774,#8775);
#8774 = CARTESIAN_POINT('',(88.,-36.,-49.5));
#8775 = VECTOR('',#8776,1.);
#8776 = DIRECTION('',(0.,0.,1.));
#8777 = PCURVE('',#4888,#8778);
#8778 = DEFINITIONAL_REPRESENTATION('',(#8779),#8783);
#8779 = LINE('',#8780,#8781);
#8780 = CARTESIAN_POINT('',(0.,39.));
#8781 = VECTOR('',#8782,1.);
#8782 = DIRECTION('',(1.,0.));
#8783 = ( GEOMETRIC_REPRESENTATION_CONTEXT(2) 
PARAMETRIC_REPRESENTATION_CONTEXT() REPRESENTATION_CONTEXT('2D SPACE',''
  ) );
#8784 = PCURVE('',#8785,#8790);
#8785 = CYLINDRICAL_SURFACE('',#8786,9.);
#8786 = AXIS2_PLACEMENT_3D('',#8787,#8788,#8789);
#8787 = CARTESIAN_POINT('',(88.,-27.,-49.5));
#8788 = DIRECTION('',(0.,0.,1.));
#8789 = DIRECTION('',(1.,0.,-0.));
#8790 = DEFINITIONAL_REPRESENTATION('',(#8791),#8795);
#8791 = LINE('',#8792,#8793);
#8792 = CARTESIAN_POINT('',(-1.570796326795,0.));
#8793 = VECTOR('',#8794,1.);
#8794 = DIRECTION('',(-0.,1.));
#8795 = ( GEOMETRIC_REPRESENTATION_CONTEXT(2) 
PARAMETRIC_REPRESENTATION_CONTEXT() REPRESENTATION_CONTEXT('2D SPACE',''
  ) );
#8796 = ADVANCED_FACE('',(#8797),#4809,.T.);
#8797 = FACE_BOUND('',#8798,.T.);
#8798 = EDGE_LOOP('',(#8799,#8800,#8827,#8828));
#8799 = ORIENTED_EDGE('',*,*,#5189,.F.);
#8800 = ORIENTED_EDGE('',*,*,#8801,.T.);
#8801 = EDGE_CURVE('',#5190,#8719,#8802,.T.);
#8802 = SURFACE_CURVE('',#8803,(#8808,#8815),.PCURVE_S1.);
#8803 = CIRCLE('',#8804,9.);
#8804 = AXIS2_PLACEMENT_3D('',#8805,#8806,#8807);
#8805 = CARTESIAN_POINT('',(58.,-27.,-40.5));
#8806 = DIRECTION('',(0.,0.,1.));
#8807 = DIRECTION('',(-1.,0.,0.));
#8808 = PCURVE('',#4809,#8809);
#8809 = DEFINITIONAL_REPRESENTATION('',(#8810),#8814);
#8810 = LINE('',#8811,#8812);
#8811 = CARTESIAN_POINT('',(0.,9.));
#8812 = VECTOR('',#8813,1.);
#8813 = DIRECTION('',(1.,0.));
#8814 = ( GEOMETRIC_REPRESENTATION_CONTEXT(2) 
PARAMETRIC_REPRESENTATION_CONTEXT() REPRESENTATION_CONTEXT('2D SPACE',''
  ) );
#8815 = PCURVE('',#8816,#8821);
#8816 = SPHERICAL_SURFACE('',#8817,9.);
#8817 = AXIS2_PLACEMENT_3D('',#8818,#8819,#8820);
#8818 = CARTESIAN_POINT('',(58.,-27.,-40.5));
#8819 = DIRECTION('',(0.,0.,1.));
#8820 = DIRECTION('',(-1.,0.,0.));
#8821 = DEFINITIONAL_REPRESENTATION('',(#8822),#8826);
#8822 = LINE('',#8823,#8824);
#8823 = CARTESIAN_POINT('',(0.,0.));
#8824 = VECTOR('',#8825,1.);
#8825 = DIRECTION('',(1.,0.));
#8826 = ( GEOMETRIC_REPRESENTATION_CONTEXT(2) 
PARAMETRIC_REPRESENTATION_CONTEXT() REPRESENTATION_CONTEXT('2D SPACE',''
  ) );
#8827 = ORIENTED_EDGE('',*,*,#8748,.T.);
#8828 = ORIENTED_EDGE('',*,*,#4699,.F.);
#8829 = ADVANCED_FACE('',(#8830),#4053,.T.);
#8830 = FACE_BOUND('',#8831,.F.);
#8831 = EDGE_LOOP('',(#8832,#8833,#8834,#8861,#8882));
#8832 = ORIENTED_EDGE('',*,*,#4390,.T.);
#8833 = ORIENTED_EDGE('',*,*,#7809,.T.);
#8834 = ORIENTED_EDGE('',*,*,#8835,.T.);
#8835 = EDGE_CURVE('',#7810,#8836,#8838,.T.);
#8836 = VERTEX_POINT('',#8837);
#8837 = CARTESIAN_POINT('',(86.,-42.,-2.5));
#8838 = SURFACE_CURVE('',#8839,(#8844,#8850),.PCURVE_S1.);
#8839 = CIRCLE('',#8840,15.);
#8840 = AXIS2_PLACEMENT_3D('',#8841,#8842,#8843);
#8841 = CARTESIAN_POINT('',(86.,-27.,-2.5));
#8842 = DIRECTION('',(1.,6.123233995737E-17,0.));
#8843 = DIRECTION('',(6.123233995737E-17,-1.,0.));
#8844 = PCURVE('',#4053,#8845);
#8845 = DEFINITIONAL_REPRESENTATION('',(#8846),#8849);
#8846 = B_SPLINE_CURVE_WITH_KNOTS('',1,(#8847,#8848),.UNSPECIFIED.,.F.,
  .F.,(2,2),(4.712388980385,6.28318530718),.PIECEWISE_BEZIER_KNOTS.);
#8847 = CARTESIAN_POINT('',(-1.570796326795,43.));
#8848 = CARTESIAN_POINT('',(0.,43.));
#8849 = ( GEOMETRIC_REPRESENTATION_CONTEXT(2) 
PARAMETRIC_REPRESENTATION_CONTEXT() REPRESENTATION_CONTEXT('2D SPACE',''
  ) );
#8850 = PCURVE('',#8851,#8856);
#8851 = SPHERICAL_SURFACE('',#8852,15.);
#8852 = AXIS2_PLACEMENT_3D('',#8853,#8854,#8855);
#8853 = CARTESIAN_POINT('',(86.,-27.,-2.5));
#8854 = DIRECTION('',(-0.,-0.,-1.));
#8855 = DIRECTION('',(1.,0.,0.));
#8856 = DEFINITIONAL_REPRESENTATION('',(#8857),#8860);
#8857 = B_SPLINE_CURVE_WITH_KNOTS('',1,(#8858,#8859),.UNSPECIFIED.,.F.,
  .F.,(2,2),(4.712388980385,6.28318530718),.PIECEWISE_BEZIER_KNOTS.);
#8858 = CARTESIAN_POINT('',(1.570796326795,-1.570796326795));
#8859 = CARTESIAN_POINT('',(1.570796326795,0.));
#8860 = ( GEOMETRIC_REPRESENTATION_CONTEXT(2) 
PARAMETRIC_REPRESENTATION_CONTEXT() REPRESENTATION_CONTEXT('2D SPACE',''
  ) );
#8861 = ORIENTED_EDGE('',*,*,#8862,.F.);
#8862 = EDGE_CURVE('',#3982,#8836,#8863,.T.);
#8863 = SURFACE_CURVE('',#8864,(#8868,#8875),.PCURVE_S1.);
#8864 = LINE('',#8865,#8866);
#8865 = CARTESIAN_POINT('',(43.,-42.,-2.5));
#8866 = VECTOR('',#8867,1.);
#8867 = DIRECTION('',(1.,0.,-0.));
#8868 = PCURVE('',#4053,#8869);
#8869 = DEFINITIONAL_REPRESENTATION('',(#8870),#8874);
#8870 = LINE('',#8871,#8872);
#8871 = CARTESIAN_POINT('',(-0.,0.));
#8872 = VECTOR('',#8873,1.);
#8873 = DIRECTION('',(-0.,1.));
#8874 = ( GEOMETRIC_REPRESENTATION_CONTEXT(2) 
PARAMETRIC_REPRESENTATION_CONTEXT() REPRESENTATION_CONTEXT('2D SPACE',''
  ) );
#8875 = PCURVE('',#4003,#8876);
#8876 = DEFINITIONAL_REPRESENTATION('',(#8877),#8881);
#8877 = LINE('',#8878,#8879);
#8878 = CARTESIAN_POINT('',(30.,0.));
#8879 = VECTOR('',#8880,1.);
#8880 = DIRECTION('',(0.,1.));
#8881 = ( GEOMETRIC_REPRESENTATION_CONTEXT(2) 
PARAMETRIC_REPRESENTATION_CONTEXT() REPRESENTATION_CONTEXT('2D SPACE',''
  ) );
#8882 = ORIENTED_EDGE('',*,*,#4015,.T.);
#8883 = ADVANCED_FACE('',(#8884),#4123,.F.);
#8884 = FACE_BOUND('',#8885,.F.);
#8885 = EDGE_LOOP('',(#8886,#8887,#8911,#8912,#8913));
#8886 = ORIENTED_EDGE('',*,*,#4100,.F.);
#8887 = ORIENTED_EDGE('',*,*,#8888,.F.);
#8888 = EDGE_CURVE('',#8889,#4101,#8891,.T.);
#8889 = VERTEX_POINT('',#8890);
#8890 = CARTESIAN_POINT('',(54.,-48.,0.));
#8891 = SEAM_CURVE('',#8892,(#8897,#8904),.PCURVE_S1.);
#8892 = CIRCLE('',#8893,18.);
#8893 = AXIS2_PLACEMENT_3D('',#8894,#8895,#8896);
#8894 = CARTESIAN_POINT('',(54.,-48.,18.));
#8895 = DIRECTION('',(-2.449293598295E-16,-1.,0.));
#8896 = DIRECTION('',(1.,-2.449293598295E-16,0.));
#8897 = PCURVE('',#4123,#8898);
#8898 = DEFINITIONAL_REPRESENTATION('',(#8899),#8903);
#8899 = LINE('',#8900,#8901);
#8900 = CARTESIAN_POINT('',(6.28318530718,-6.28318530718));
#8901 = VECTOR('',#8902,1.);
#8902 = DIRECTION('',(0.,1.));
#8903 = ( GEOMETRIC_REPRESENTATION_CONTEXT(2) 
PARAMETRIC_REPRESENTATION_CONTEXT() REPRESENTATION_CONTEXT('2D SPACE',''
  ) );
#8904 = PCURVE('',#4123,#8905);
#8905 = DEFINITIONAL_REPRESENTATION('',(#8906),#8910);
#8906 = LINE('',#8907,#8908);
#8907 = CARTESIAN_POINT('',(0.,-6.28318530718));
#8908 = VECTOR('',#8909,1.);
#8909 = DIRECTION('',(0.,1.));
#8910 = ( GEOMETRIC_REPRESENTATION_CONTEXT(2) 
PARAMETRIC_REPRESENTATION_CONTEXT() REPRESENTATION_CONTEXT('2D SPACE',''
  ) );
#8911 = ORIENTED_EDGE('',*,*,#8888,.T.);
#8912 = ORIENTED_EDGE('',*,*,#4144,.F.);
#8913 = ORIENTED_EDGE('',*,*,#4345,.F.);
#8914 = ADVANCED_FACE('',(#8915),#4003,.F.);
#8915 = FACE_BOUND('',#8916,.F.);
#8916 = EDGE_LOOP('',(#8917,#8918,#8919,#8920));
#8917 = ORIENTED_EDGE('',*,*,#8597,.F.);
#8918 = ORIENTED_EDGE('',*,*,#3981,.F.);
#8919 = ORIENTED_EDGE('',*,*,#8862,.T.);
#8920 = ORIENTED_EDGE('',*,*,#8921,.F.);
#8921 = EDGE_CURVE('',#8571,#8836,#8922,.T.);
#8922 = SURFACE_CURVE('',#8923,(#8927,#8934),.PCURVE_S1.);
#8923 = LINE('',#8924,#8925);
#8924 = CARTESIAN_POINT('',(86.,-42.,-32.5));
#8925 = VECTOR('',#8926,1.);
#8926 = DIRECTION('',(0.,0.,1.));
#8927 = PCURVE('',#4003,#8928);
#8928 = DEFINITIONAL_REPRESENTATION('',(#8929),#8933);
#8929 = LINE('',#8930,#8931);
#8930 = CARTESIAN_POINT('',(0.,43.));
#8931 = VECTOR('',#8932,1.);
#8932 = DIRECTION('',(1.,0.));
#8933 = ( GEOMETRIC_REPRESENTATION_CONTEXT(2) 
PARAMETRIC_REPRESENTATION_CONTEXT() REPRESENTATION_CONTEXT('2D SPACE',''
  ) );
#8934 = PCURVE('',#8935,#8940);
#8935 = CYLINDRICAL_SURFACE('',#8936,15.);
#8936 = AXIS2_PLACEMENT_3D('',#8937,#8938,#8939);
#8937 = CARTESIAN_POINT('',(86.,-27.,-32.5));
#8938 = DIRECTION('',(0.,0.,1.));
#8939 = DIRECTION('',(1.,0.,-0.));
#8940 = DEFINITIONAL_REPRESENTATION('',(#8941),#8945);
#8941 = LINE('',#8942,#8943);
#8942 = CARTESIAN_POINT('',(-1.570796326795,0.));
#8943 = VECTOR('',#8944,1.);
#8944 = DIRECTION('',(-0.,1.));
#8945 = ( GEOMETRIC_REPRESENTATION_CONTEXT(2) 
PARAMETRIC_REPRESENTATION_CONTEXT() REPRESENTATION_CONTEXT('2D SPACE',''
  ) );
#8946 = ADVANCED_FACE('',(#8947),#5256,.T.);
#8947 = FACE_BOUND('',#8948,.F.);
#8948 = EDGE_LOOP('',(#8949,#8950,#8979,#9000));
#8949 = ORIENTED_EDGE('',*,*,#5240,.F.);
#8950 = ORIENTED_EDGE('',*,*,#8951,.T.);
#8951 = EDGE_CURVE('',#5213,#8952,#8954,.T.);
#8952 = VERTEX_POINT('',#8953);
#8953 = CARTESIAN_POINT('',(58.,36.,-40.5));
#8954 = SURFACE_CURVE('',#8955,(#8960,#8967),.PCURVE_S1.);
#8955 = CIRCLE('',#8956,9.);
#8956 = AXIS2_PLACEMENT_3D('',#8957,#8958,#8959);
#8957 = CARTESIAN_POINT('',(58.,27.,-40.5));
#8958 = DIRECTION('',(-0.,0.,-1.));
#8959 = DIRECTION('',(-1.,0.,0.));
#8960 = PCURVE('',#5256,#8961);
#8961 = DEFINITIONAL_REPRESENTATION('',(#8962),#8966);
#8962 = LINE('',#8963,#8964);
#8963 = CARTESIAN_POINT('',(-0.,9.));
#8964 = VECTOR('',#8965,1.);
#8965 = DIRECTION('',(-1.,0.));
#8966 = ( GEOMETRIC_REPRESENTATION_CONTEXT(2) 
PARAMETRIC_REPRESENTATION_CONTEXT() REPRESENTATION_CONTEXT('2D SPACE',''
  ) );
#8967 = PCURVE('',#8968,#8973);
#8968 = SPHERICAL_SURFACE('',#8969,9.);
#8969 = AXIS2_PLACEMENT_3D('',#8970,#8971,#8972);
#8970 = CARTESIAN_POINT('',(58.,27.,-40.5));
#8971 = DIRECTION('',(0.,0.,1.));
#8972 = DIRECTION('',(-1.,0.,0.));
#8973 = DEFINITIONAL_REPRESENTATION('',(#8974),#8978);
#8974 = LINE('',#8975,#8976);
#8975 = CARTESIAN_POINT('',(-0.,0.));
#8976 = VECTOR('',#8977,1.);
#8977 = DIRECTION('',(-1.,0.));
#8978 = ( GEOMETRIC_REPRESENTATION_CONTEXT(2) 
PARAMETRIC_REPRESENTATION_CONTEXT() REPRESENTATION_CONTEXT('2D SPACE',''
  ) );
#8979 = ORIENTED_EDGE('',*,*,#8980,.T.);
#8980 = EDGE_CURVE('',#8952,#5823,#8981,.T.);
#8981 = SURFACE_CURVE('',#8982,(#8986,#8993),.PCURVE_S1.);
#8982 = LINE('',#8983,#8984);
#8983 = CARTESIAN_POINT('',(58.,36.,-49.5));
#8984 = VECTOR('',#8985,1.);
#8985 = DIRECTION('',(0.,0.,1.));
#8986 = PCURVE('',#5256,#8987);
#8987 = DEFINITIONAL_REPRESENTATION('',(#8988),#8992);
#8988 = LINE('',#8989,#8990);
#8989 = CARTESIAN_POINT('',(-1.570796326795,0.));
#8990 = VECTOR('',#8991,1.);
#8991 = DIRECTION('',(-0.,1.));
#8992 = ( GEOMETRIC_REPRESENTATION_CONTEXT(2) 
PARAMETRIC_REPRESENTATION_CONTEXT() REPRESENTATION_CONTEXT('2D SPACE',''
  ) );
#8993 = PCURVE('',#5842,#8994);
#8994 = DEFINITIONAL_REPRESENTATION('',(#8995),#8999);
#8995 = LINE('',#8996,#8997);
#8996 = CARTESIAN_POINT('',(0.,9.));
#8997 = VECTOR('',#8998,1.);
#8998 = DIRECTION('',(1.,0.));
#8999 = ( GEOMETRIC_REPRESENTATION_CONTEXT(2) 
PARAMETRIC_REPRESENTATION_CONTEXT() REPRESENTATION_CONTEXT('2D SPACE',''
  ) );
#9000 = ORIENTED_EDGE('',*,*,#5854,.F.);
#9001 = ADVANCED_FACE('',(#9002),#5228,.T.);
#9002 = FACE_BOUND('',#9003,.F.);
#9003 = EDGE_LOOP('',(#9004,#9026,#9054,#9074));
#9004 = ORIENTED_EDGE('',*,*,#9005,.F.);
#9005 = EDGE_CURVE('',#9006,#5190,#9008,.T.);
#9006 = VERTEX_POINT('',#9007);
#9007 = CARTESIAN_POINT('',(58.,-27.,-49.5));
#9008 = SURFACE_CURVE('',#9009,(#9014,#9020),.PCURVE_S1.);
#9009 = CIRCLE('',#9010,9.);
#9010 = AXIS2_PLACEMENT_3D('',#9011,#9012,#9013);
#9011 = CARTESIAN_POINT('',(58.,-27.,-40.5));
#9012 = DIRECTION('',(0.,1.,-0.));
#9013 = DIRECTION('',(-1.,0.,0.));
#9014 = PCURVE('',#5228,#9015);
#9015 = DEFINITIONAL_REPRESENTATION('',(#9016),#9019);
#9016 = B_SPLINE_CURVE_WITH_KNOTS('',1,(#9017,#9018),.UNSPECIFIED.,.F.,
  .F.,(2,2),(4.712388980385,6.28318530718),.PIECEWISE_BEZIER_KNOTS.);
#9017 = CARTESIAN_POINT('',(-1.570796326795,9.));
#9018 = CARTESIAN_POINT('',(0.,9.));
#9019 = ( GEOMETRIC_REPRESENTATION_CONTEXT(2) 
PARAMETRIC_REPRESENTATION_CONTEXT() REPRESENTATION_CONTEXT('2D SPACE',''
  ) );
#9020 = PCURVE('',#8816,#9021);
#9021 = DEFINITIONAL_REPRESENTATION('',(#9022),#9025);
#9022 = B_SPLINE_CURVE_WITH_KNOTS('',1,(#9023,#9024),.UNSPECIFIED.,.F.,
  .F.,(2,2),(4.712388980385,6.28318530718),.PIECEWISE_BEZIER_KNOTS.);
#9023 = CARTESIAN_POINT('',(0.,-1.570796326795));
#9024 = CARTESIAN_POINT('',(0.,0.));
#9025 = ( GEOMETRIC_REPRESENTATION_CONTEXT(2) 
PARAMETRIC_REPRESENTATION_CONTEXT() REPRESENTATION_CONTEXT('2D SPACE',''
  ) );
#9026 = ORIENTED_EDGE('',*,*,#9027,.T.);
#9027 = EDGE_CURVE('',#9006,#9028,#9030,.T.);
#9028 = VERTEX_POINT('',#9029);
#9029 = CARTESIAN_POINT('',(58.,27.,-49.5));
#9030 = SURFACE_CURVE('',#9031,(#9035,#9042),.PCURVE_S1.);
#9031 = LINE('',#9032,#9033);
#9032 = CARTESIAN_POINT('',(58.,-36.,-49.5));
#9033 = VECTOR('',#9034,1.);
#9034 = DIRECTION('',(-0.,1.,0.));
#9035 = PCURVE('',#5228,#9036);
#9036 = DEFINITIONAL_REPRESENTATION('',(#9037),#9041);
#9037 = LINE('',#9038,#9039);
#9038 = CARTESIAN_POINT('',(-1.570796326795,0.));
#9039 = VECTOR('',#9040,1.);
#9040 = DIRECTION('',(-0.,1.));
#9041 = ( GEOMETRIC_REPRESENTATION_CONTEXT(2) 
PARAMETRIC_REPRESENTATION_CONTEXT() REPRESENTATION_CONTEXT('2D SPACE',''
  ) );
#9042 = PCURVE('',#9043,#9048);
#9043 = PLANE('',#9044);
#9044 = AXIS2_PLACEMENT_3D('',#9045,#9046,#9047);
#9045 = CARTESIAN_POINT('',(49.,-36.,-49.5));
#9046 = DIRECTION('',(0.,0.,1.));
#9047 = DIRECTION('',(1.,0.,-0.));
#9048 = DEFINITIONAL_REPRESENTATION('',(#9049),#9053);
#9049 = LINE('',#9050,#9051);
#9050 = CARTESIAN_POINT('',(9.,0.));
#9051 = VECTOR('',#9052,1.);
#9052 = DIRECTION('',(0.,1.));
#9053 = ( GEOMETRIC_REPRESENTATION_CONTEXT(2) 
PARAMETRIC_REPRESENTATION_CONTEXT() REPRESENTATION_CONTEXT('2D SPACE',''
  ) );
#9054 = ORIENTED_EDGE('',*,*,#9055,.T.);
#9055 = EDGE_CURVE('',#9028,#5213,#9056,.T.);
#9056 = SURFACE_CURVE('',#9057,(#9062,#9068),.PCURVE_S1.);
#9057 = CIRCLE('',#9058,9.);
#9058 = AXIS2_PLACEMENT_3D('',#9059,#9060,#9061);
#9059 = CARTESIAN_POINT('',(58.,27.,-40.5));
#9060 = DIRECTION('',(0.,1.,-0.));
#9061 = DIRECTION('',(-1.,0.,0.));
#9062 = PCURVE('',#5228,#9063);
#9063 = DEFINITIONAL_REPRESENTATION('',(#9064),#9067);
#9064 = B_SPLINE_CURVE_WITH_KNOTS('',1,(#9065,#9066),.UNSPECIFIED.,.F.,
  .F.,(2,2),(4.712388980385,6.28318530718),.PIECEWISE_BEZIER_KNOTS.);
#9065 = CARTESIAN_POINT('',(-1.570796326795,63.));
#9066 = CARTESIAN_POINT('',(0.,63.));
#9067 = ( GEOMETRIC_REPRESENTATION_CONTEXT(2) 
PARAMETRIC_REPRESENTATION_CONTEXT() REPRESENTATION_CONTEXT('2D SPACE',''
  ) );
#9068 = PCURVE('',#8968,#9069);
#9069 = DEFINITIONAL_REPRESENTATION('',(#9070),#9073);
#9070 = B_SPLINE_CURVE_WITH_KNOTS('',1,(#9071,#9072),.UNSPECIFIED.,.F.,
  .F.,(2,2),(4.712388980385,6.28318530718),.PIECEWISE_BEZIER_KNOTS.);
#9071 = CARTESIAN_POINT('',(0.,-1.570796326795));
#9072 = CARTESIAN_POINT('',(0.,0.));
#9073 = ( GEOMETRIC_REPRESENTATION_CONTEXT(2) 
PARAMETRIC_REPRESENTATION_CONTEXT() REPRESENTATION_CONTEXT('2D SPACE',''
  ) );
#9074 = ORIENTED_EDGE('',*,*,#5212,.F.);
#9075 = ADVANCED_FACE('',(#9076),#5606,.T.);
#9076 = FACE_BOUND('',#9077,.F.);
#9077 = EDGE_LOOP('',(#9078,#9079,#9080,#9101,#9128));
#9078 = ORIENTED_EDGE('',*,*,#6843,.T.);
#9079 = ORIENTED_EDGE('',*,*,#5556,.T.);
#9080 = ORIENTED_EDGE('',*,*,#9081,.T.);
#9081 = EDGE_CURVE('',#5557,#9082,#9084,.T.);
#9082 = VERTEX_POINT('',#9083);
#9083 = CARTESIAN_POINT('',(86.,34.483314773548,-30.5));
#9084 = SURFACE_CURVE('',#9085,(#9089,#9095),.PCURVE_S1.);
#9085 = LINE('',#9086,#9087);
#9086 = CARTESIAN_POINT('',(43.,34.483314773548,-30.5));
#9087 = VECTOR('',#9088,1.);
#9088 = DIRECTION('',(1.,0.,-0.));
#9089 = PCURVE('',#5606,#9090);
#9090 = DEFINITIONAL_REPRESENTATION('',(#9091),#9094);
#9091 = B_SPLINE_CURVE_WITH_KNOTS('',1,(#9092,#9093),.UNSPECIFIED.,.F.,
  .F.,(2,2),(18.425412950245,43.0000006),.PIECEWISE_BEZIER_KNOTS.);
#9092 = CARTESIAN_POINT('',(-1.048481504989,18.425412950245));
#9093 = CARTESIAN_POINT('',(-1.048481504989,43.0000006));
#9094 = ( GEOMETRIC_REPRESENTATION_CONTEXT(2) 
PARAMETRIC_REPRESENTATION_CONTEXT() REPRESENTATION_CONTEXT('2D SPACE',''
  ) );
#9095 = PCURVE('',#5757,#9096);
#9096 = DEFINITIONAL_REPRESENTATION('',(#9097),#9100);
#9097 = B_SPLINE_CURVE_WITH_KNOTS('',1,(#9098,#9099),.UNSPECIFIED.,.F.,
  .F.,(2,2),(18.425412950245,43.0000006),.PIECEWISE_BEZIER_KNOTS.);
#9098 = CARTESIAN_POINT('',(0.589030970216,12.425412950245));
#9099 = CARTESIAN_POINT('',(0.589030970216,37.0000006));
#9100 = ( GEOMETRIC_REPRESENTATION_CONTEXT(2) 
PARAMETRIC_REPRESENTATION_CONTEXT() REPRESENTATION_CONTEXT('2D SPACE',''
  ) );
#9101 = ORIENTED_EDGE('',*,*,#9102,.T.);
#9102 = EDGE_CURVE('',#9082,#9103,#9105,.T.);
#9103 = VERTEX_POINT('',#9104);
#9104 = CARTESIAN_POINT('',(86.,42.,-17.5));
#9105 = SURFACE_CURVE('',#9106,(#9111,#9117),.PCURVE_S1.);
#9106 = CIRCLE('',#9107,15.);
#9107 = AXIS2_PLACEMENT_3D('',#9108,#9109,#9110);
#9108 = CARTESIAN_POINT('',(86.,27.,-17.5));
#9109 = DIRECTION('',(1.,-4.64293662957E-17,0.));
#9110 = DIRECTION('',(4.64293662957E-17,1.,0.));
#9111 = PCURVE('',#5606,#9112);
#9112 = DEFINITIONAL_REPRESENTATION('',(#9113),#9116);
#9113 = B_SPLINE_CURVE_WITH_KNOTS('',1,(#9114,#9115),.UNSPECIFIED.,.F.,
  .F.,(2,2),(4.712388980385,6.28318530718),.PIECEWISE_BEZIER_KNOTS.);
#9114 = CARTESIAN_POINT('',(-1.570796326795,43.));
#9115 = CARTESIAN_POINT('',(0.,43.));
#9116 = ( GEOMETRIC_REPRESENTATION_CONTEXT(2) 
PARAMETRIC_REPRESENTATION_CONTEXT() REPRESENTATION_CONTEXT('2D SPACE',''
  ) );
#9117 = PCURVE('',#9118,#9123);
#9118 = SPHERICAL_SURFACE('',#9119,15.);
#9119 = AXIS2_PLACEMENT_3D('',#9120,#9121,#9122);
#9120 = CARTESIAN_POINT('',(86.,27.,-17.5));
#9121 = DIRECTION('',(0.,0.,1.));
#9122 = DIRECTION('',(1.,2.368475785867E-16,-0.));
#9123 = DEFINITIONAL_REPRESENTATION('',(#9124),#9127);
#9124 = B_SPLINE_CURVE_WITH_KNOTS('',1,(#9125,#9126),.UNSPECIFIED.,.F.,
  .F.,(2,2),(4.712388980385,6.28318530718),.PIECEWISE_BEZIER_KNOTS.);
#9125 = CARTESIAN_POINT('',(1.570796326795,-1.570796326795));
#9126 = CARTESIAN_POINT('',(1.570796326795,0.));
#9127 = ( GEOMETRIC_REPRESENTATION_CONTEXT(2) 
PARAMETRIC_REPRESENTATION_CONTEXT() REPRESENTATION_CONTEXT('2D SPACE',''
  ) );
#9128 = ORIENTED_EDGE('',*,*,#9129,.F.);
#9129 = EDGE_CURVE('',#6810,#9103,#9130,.T.);
#9130 = SURFACE_CURVE('',#9131,(#9135,#9142),.PCURVE_S1.);
#9131 = LINE('',#9132,#9133);
#9132 = CARTESIAN_POINT('',(43.,42.,-17.5));
#9133 = VECTOR('',#9134,1.);
#9134 = DIRECTION('',(1.,0.,-0.));
#9135 = PCURVE('',#5606,#9136);
#9136 = DEFINITIONAL_REPRESENTATION('',(#9137),#9141);
#9137 = LINE('',#9138,#9139);
#9138 = CARTESIAN_POINT('',(-0.,0.));
#9139 = VECTOR('',#9140,1.);
#9140 = DIRECTION('',(-0.,1.));
#9141 = ( GEOMETRIC_REPRESENTATION_CONTEXT(2) 
PARAMETRIC_REPRESENTATION_CONTEXT() REPRESENTATION_CONTEXT('2D SPACE',''
  ) );
#9142 = PCURVE('',#6831,#9143);
#9143 = DEFINITIONAL_REPRESENTATION('',(#9144),#9148);
#9144 = LINE('',#9145,#9146);
#9145 = CARTESIAN_POINT('',(15.,0.));
#9146 = VECTOR('',#9147,1.);
#9147 = DIRECTION('',(0.,1.));
#9148 = ( GEOMETRIC_REPRESENTATION_CONTEXT(2) 
PARAMETRIC_REPRESENTATION_CONTEXT() REPRESENTATION_CONTEXT('2D SPACE',''
  ) );
#9149 = ADVANCED_FACE('',(#9150),#6831,.T.);
#9150 = FACE_BOUND('',#9151,.T.);
#9151 = EDGE_LOOP('',(#9152,#9153,#9154,#9177));
#9152 = ORIENTED_EDGE('',*,*,#9129,.F.);
#9153 = ORIENTED_EDGE('',*,*,#6809,.F.);
#9154 = ORIENTED_EDGE('',*,*,#9155,.T.);
#9155 = EDGE_CURVE('',#6754,#9156,#9158,.T.);
#9156 = VERTEX_POINT('',#9157);
#9157 = CARTESIAN_POINT('',(86.,42.,-2.5));
#9158 = SURFACE_CURVE('',#9159,(#9163,#9170),.PCURVE_S1.);
#9159 = LINE('',#9160,#9161);
#9160 = CARTESIAN_POINT('',(43.,42.,-2.5));
#9161 = VECTOR('',#9162,1.);
#9162 = DIRECTION('',(1.,0.,-0.));
#9163 = PCURVE('',#6831,#9164);
#9164 = DEFINITIONAL_REPRESENTATION('',(#9165),#9169);
#9165 = LINE('',#9166,#9167);
#9166 = CARTESIAN_POINT('',(30.,0.));
#9167 = VECTOR('',#9168,1.);
#9168 = DIRECTION('',(0.,1.));
#9169 = ( GEOMETRIC_REPRESENTATION_CONTEXT(2) 
PARAMETRIC_REPRESENTATION_CONTEXT() REPRESENTATION_CONTEXT('2D SPACE',''
  ) );
#9170 = PCURVE('',#6409,#9171);
#9171 = DEFINITIONAL_REPRESENTATION('',(#9172),#9176);
#9172 = LINE('',#9173,#9174);
#9173 = CARTESIAN_POINT('',(0.,0.));
#9174 = VECTOR('',#9175,1.);
#9175 = DIRECTION('',(0.,1.));
#9176 = ( GEOMETRIC_REPRESENTATION_CONTEXT(2) 
PARAMETRIC_REPRESENTATION_CONTEXT() REPRESENTATION_CONTEXT('2D SPACE',''
  ) );
#9177 = ORIENTED_EDGE('',*,*,#9178,.F.);
#9178 = EDGE_CURVE('',#9103,#9156,#9179,.T.);
#9179 = SURFACE_CURVE('',#9180,(#9184,#9191),.PCURVE_S1.);
#9180 = LINE('',#9181,#9182);
#9181 = CARTESIAN_POINT('',(86.,42.,-32.5));
#9182 = VECTOR('',#9183,1.);
#9183 = DIRECTION('',(0.,0.,1.));
#9184 = PCURVE('',#6831,#9185);
#9185 = DEFINITIONAL_REPRESENTATION('',(#9186),#9190);
#9186 = LINE('',#9187,#9188);
#9187 = CARTESIAN_POINT('',(0.,43.));
#9188 = VECTOR('',#9189,1.);
#9189 = DIRECTION('',(1.,0.));
#9190 = ( GEOMETRIC_REPRESENTATION_CONTEXT(2) 
PARAMETRIC_REPRESENTATION_CONTEXT() REPRESENTATION_CONTEXT('2D SPACE',''
  ) );
#9191 = PCURVE('',#9192,#9197);
#9192 = CYLINDRICAL_SURFACE('',#9193,15.);
#9193 = AXIS2_PLACEMENT_3D('',#9194,#9195,#9196);
#9194 = CARTESIAN_POINT('',(86.,27.,-32.5));
#9195 = DIRECTION('',(0.,0.,1.));
#9196 = DIRECTION('',(1.,0.,-0.));
#9197 = DEFINITIONAL_REPRESENTATION('',(#9198),#9202);
#9198 = LINE('',#9199,#9200);
#9199 = CARTESIAN_POINT('',(1.570796326795,0.));
#9200 = VECTOR('',#9201,1.);
#9201 = DIRECTION('',(0.,1.));
#9202 = ( GEOMETRIC_REPRESENTATION_CONTEXT(2) 
PARAMETRIC_REPRESENTATION_CONTEXT() REPRESENTATION_CONTEXT('2D SPACE',''
  ) );
#9203 = ADVANCED_FACE('',(#9204),#6409,.T.);
#9204 = FACE_BOUND('',#9205,.T.);
#9205 = EDGE_LOOP('',(#9206,#9207,#9208,#9209,#9210));
#9206 = ORIENTED_EDGE('',*,*,#9155,.F.);
#9207 = ORIENTED_EDGE('',*,*,#6753,.T.);
#9208 = ORIENTED_EDGE('',*,*,#6371,.T.);
#9209 = ORIENTED_EDGE('',*,*,#7860,.T.);
#9210 = ORIENTED_EDGE('',*,*,#9211,.F.);
#9211 = EDGE_CURVE('',#9156,#7833,#9212,.T.);
#9212 = SURFACE_CURVE('',#9213,(#9218,#9224),.PCURVE_S1.);
#9213 = CIRCLE('',#9214,15.);
#9214 = AXIS2_PLACEMENT_3D('',#9215,#9216,#9217);
#9215 = CARTESIAN_POINT('',(86.,27.,-2.5));
#9216 = DIRECTION('',(1.,0.,-6.123233995737E-17));
#9217 = DIRECTION('',(6.123233995737E-17,0.,1.));
#9218 = PCURVE('',#6409,#9219);
#9219 = DEFINITIONAL_REPRESENTATION('',(#9220),#9223);
#9220 = B_SPLINE_CURVE_WITH_KNOTS('',1,(#9221,#9222),.UNSPECIFIED.,.F.,
  .F.,(2,2),(4.712388980385,6.28318530718),.PIECEWISE_BEZIER_KNOTS.);
#9221 = CARTESIAN_POINT('',(0.,43.));
#9222 = CARTESIAN_POINT('',(1.570796326795,43.));
#9223 = ( GEOMETRIC_REPRESENTATION_CONTEXT(2) 
PARAMETRIC_REPRESENTATION_CONTEXT() REPRESENTATION_CONTEXT('2D SPACE',''
  ) );
#9224 = PCURVE('',#9225,#9230);
#9225 = SPHERICAL_SURFACE('',#9226,15.);
#9226 = AXIS2_PLACEMENT_3D('',#9227,#9228,#9229);
#9227 = CARTESIAN_POINT('',(86.,27.,-2.5));
#9228 = DIRECTION('',(0.,-1.,-0.));
#9229 = DIRECTION('',(1.,0.,0.));
#9230 = DEFINITIONAL_REPRESENTATION('',(#9231),#9234);
#9231 = B_SPLINE_CURVE_WITH_KNOTS('',1,(#9232,#9233),.UNSPECIFIED.,.F.,
  .F.,(2,2),(4.712388980385,6.28318530718),.PIECEWISE_BEZIER_KNOTS.);
#9232 = CARTESIAN_POINT('',(1.570796326795,-1.570796326795));
#9233 = CARTESIAN_POINT('',(1.570796326795,0.));
#9234 = ( GEOMETRIC_REPRESENTATION_CONTEXT(2) 
PARAMETRIC_REPRESENTATION_CONTEXT() REPRESENTATION_CONTEXT('2D SPACE',''
  ) );
#9235 = ADVANCED_FACE('',(#9236),#6484,.F.);
#9236 = FACE_BOUND('',#9237,.F.);
#9237 = EDGE_LOOP('',(#9238,#9239,#9263,#9264,#9265));
#9238 = ORIENTED_EDGE('',*,*,#6532,.F.);
#9239 = ORIENTED_EDGE('',*,*,#9240,.F.);
#9240 = EDGE_CURVE('',#9241,#6533,#9243,.T.);
#9241 = VERTEX_POINT('',#9242);
#9242 = CARTESIAN_POINT('',(54.,48.,0.));
#9243 = SEAM_CURVE('',#9244,(#9249,#9256),.PCURVE_S1.);
#9244 = CIRCLE('',#9245,18.);
#9245 = AXIS2_PLACEMENT_3D('',#9246,#9247,#9248);
#9246 = CARTESIAN_POINT('',(54.,48.,18.));
#9247 = DIRECTION('',(-2.449293598295E-16,-1.,0.));
#9248 = DIRECTION('',(1.,-2.449293598295E-16,0.));
#9249 = PCURVE('',#6484,#9250);
#9250 = DEFINITIONAL_REPRESENTATION('',(#9251),#9255);
#9251 = LINE('',#9252,#9253);
#9252 = CARTESIAN_POINT('',(6.28318530718,-6.28318530718));
#9253 = VECTOR('',#9254,1.);
#9254 = DIRECTION('',(0.,1.));
#9255 = ( GEOMETRIC_REPRESENTATION_CONTEXT(2) 
PARAMETRIC_REPRESENTATION_CONTEXT() REPRESENTATION_CONTEXT('2D SPACE',''
  ) );
#9256 = PCURVE('',#6484,#9257);
#9257 = DEFINITIONAL_REPRESENTATION('',(#9258),#9262);
#9258 = LINE('',#9259,#9260);
#9259 = CARTESIAN_POINT('',(0.,-6.28318530718));
#9260 = VECTOR('',#9261,1.);
#9261 = DIRECTION('',(0.,1.));
#9262 = ( GEOMETRIC_REPRESENTATION_CONTEXT(2) 
PARAMETRIC_REPRESENTATION_CONTEXT() REPRESENTATION_CONTEXT('2D SPACE',''
  ) );
#9263 = ORIENTED_EDGE('',*,*,#9240,.T.);
#9264 = ORIENTED_EDGE('',*,*,#6715,.F.);
#9265 = ORIENTED_EDGE('',*,*,#6456,.F.);
#9266 = ADVANCED_FACE('',(#9267),#5842,.T.);
#9267 = FACE_BOUND('',#9268,.T.);
#9268 = EDGE_LOOP('',(#9269,#9297,#9298,#9299,#9322));
#9269 = ORIENTED_EDGE('',*,*,#9270,.F.);
#9270 = EDGE_CURVE('',#8952,#9271,#9273,.T.);
#9271 = VERTEX_POINT('',#9272);
#9272 = CARTESIAN_POINT('',(88.,36.,-40.5));
#9273 = SURFACE_CURVE('',#9274,(#9278,#9285),.PCURVE_S1.);
#9274 = LINE('',#9275,#9276);
#9275 = CARTESIAN_POINT('',(49.,36.,-40.5));
#9276 = VECTOR('',#9277,1.);
#9277 = DIRECTION('',(1.,0.,-0.));
#9278 = PCURVE('',#5842,#9279);
#9279 = DEFINITIONAL_REPRESENTATION('',(#9280),#9284);
#9280 = LINE('',#9281,#9282);
#9281 = CARTESIAN_POINT('',(9.,0.));
#9282 = VECTOR('',#9283,1.);
#9283 = DIRECTION('',(0.,1.));
#9284 = ( GEOMETRIC_REPRESENTATION_CONTEXT(2) 
PARAMETRIC_REPRESENTATION_CONTEXT() REPRESENTATION_CONTEXT('2D SPACE',''
  ) );
#9285 = PCURVE('',#9286,#9291);
#9286 = CYLINDRICAL_SURFACE('',#9287,9.);
#9287 = AXIS2_PLACEMENT_3D('',#9288,#9289,#9290);
#9288 = CARTESIAN_POINT('',(49.,27.,-40.5));
#9289 = DIRECTION('',(1.,0.,-0.));
#9290 = DIRECTION('',(0.,1.,0.));
#9291 = DEFINITIONAL_REPRESENTATION('',(#9292),#9296);
#9292 = LINE('',#9293,#9294);
#9293 = CARTESIAN_POINT('',(-0.,0.));
#9294 = VECTOR('',#9295,1.);
#9295 = DIRECTION('',(-0.,1.));
#9296 = ( GEOMETRIC_REPRESENTATION_CONTEXT(2) 
PARAMETRIC_REPRESENTATION_CONTEXT() REPRESENTATION_CONTEXT('2D SPACE',''
  ) );
#9297 = ORIENTED_EDGE('',*,*,#8980,.T.);
#9298 = ORIENTED_EDGE('',*,*,#5822,.F.);
#9299 = ORIENTED_EDGE('',*,*,#9300,.T.);
#9300 = EDGE_CURVE('',#5636,#9301,#9303,.T.);
#9301 = VERTEX_POINT('',#9302);
#9302 = CARTESIAN_POINT('',(88.,36.,-35.5));
#9303 = SURFACE_CURVE('',#9304,(#9308,#9315),.PCURVE_S1.);
#9304 = LINE('',#9305,#9306);
#9305 = CARTESIAN_POINT('',(49.,36.,-35.5));
#9306 = VECTOR('',#9307,1.);
#9307 = DIRECTION('',(1.,0.,-0.));
#9308 = PCURVE('',#5842,#9309);
#9309 = DEFINITIONAL_REPRESENTATION('',(#9310),#9314);
#9310 = LINE('',#9311,#9312);
#9311 = CARTESIAN_POINT('',(14.,0.));
#9312 = VECTOR('',#9313,1.);
#9313 = DIRECTION('',(0.,1.));
#9314 = ( GEOMETRIC_REPRESENTATION_CONTEXT(2) 
PARAMETRIC_REPRESENTATION_CONTEXT() REPRESENTATION_CONTEXT('2D SPACE',''
  ) );
#9315 = PCURVE('',#5757,#9316);
#9316 = DEFINITIONAL_REPRESENTATION('',(#9317),#9321);
#9317 = LINE('',#9318,#9319);
#9318 = CARTESIAN_POINT('',(0.,0.));
#9319 = VECTOR('',#9320,1.);
#9320 = DIRECTION('',(0.,1.));
#9321 = ( GEOMETRIC_REPRESENTATION_CONTEXT(2) 
PARAMETRIC_REPRESENTATION_CONTEXT() REPRESENTATION_CONTEXT('2D SPACE',''
  ) );
#9322 = ORIENTED_EDGE('',*,*,#9323,.F.);
#9323 = EDGE_CURVE('',#9271,#9301,#9324,.T.);
#9324 = SURFACE_CURVE('',#9325,(#9329,#9336),.PCURVE_S1.);
#9325 = LINE('',#9326,#9327);
#9326 = CARTESIAN_POINT('',(88.,36.,-49.5));
#9327 = VECTOR('',#9328,1.);
#9328 = DIRECTION('',(0.,0.,1.));
#9329 = PCURVE('',#5842,#9330);
#9330 = DEFINITIONAL_REPRESENTATION('',(#9331),#9335);
#9331 = LINE('',#9332,#9333);
#9332 = CARTESIAN_POINT('',(0.,39.));
#9333 = VECTOR('',#9334,1.);
#9334 = DIRECTION('',(1.,0.));
#9335 = ( GEOMETRIC_REPRESENTATION_CONTEXT(2) 
PARAMETRIC_REPRESENTATION_CONTEXT() REPRESENTATION_CONTEXT('2D SPACE',''
  ) );
#9336 = PCURVE('',#9337,#9342);
#9337 = CYLINDRICAL_SURFACE('',#9338,9.);
#9338 = AXIS2_PLACEMENT_3D('',#9339,#9340,#9341);
#9339 = CARTESIAN_POINT('',(88.,27.,-49.5));
#9340 = DIRECTION('',(0.,0.,1.));
#9341 = DIRECTION('',(1.,0.,-0.));
#9342 = DEFINITIONAL_REPRESENTATION('',(#9343),#9347);
#9343 = LINE('',#9344,#9345);
#9344 = CARTESIAN_POINT('',(1.570796326795,0.));
#9345 = VECTOR('',#9346,1.);
#9346 = DIRECTION('',(0.,1.));
#9347 = ( GEOMETRIC_REPRESENTATION_CONTEXT(2) 
PARAMETRIC_REPRESENTATION_CONTEXT() REPRESENTATION_CONTEXT('2D SPACE',''
  ) );
#9348 = ADVANCED_FACE('',(#9349),#5757,.T.);
#9349 = FACE_BOUND('',#9350,.T.);
#9350 = EDGE_LOOP('',(#9351,#9352,#9353,#9354,#9398));
#9351 = ORIENTED_EDGE('',*,*,#9300,.F.);
#9352 = ORIENTED_EDGE('',*,*,#5635,.T.);
#9353 = ORIENTED_EDGE('',*,*,#9081,.T.);
#9354 = ORIENTED_EDGE('',*,*,#9355,.F.);
#9355 = EDGE_CURVE('',#9356,#9082,#9358,.T.);
#9356 = VERTEX_POINT('',#9357);
#9357 = CARTESIAN_POINT('',(88.,34.407870355904,-30.38888888888));
#9358 = SURFACE_CURVE('',#9359,(#9370,#9384),.PCURVE_S1.);
#9359 = B_SPLINE_CURVE_WITH_KNOTS('',5,(#9360,#9361,#9362,#9363,#9364,
    #9365,#9366,#9367,#9368,#9369),.UNSPECIFIED.,.F.,.F.,(6,4,6),(0.,
    0.45707605739,1.),.UNSPECIFIED.);
#9360 = CARTESIAN_POINT('',(88.0000006,34.407870309907,-30.38888882222)
  );
#9361 = CARTESIAN_POINT('',(87.817691755323,34.421846452312,
    -30.40914536659));
#9362 = CARTESIAN_POINT('',(87.635201469784,34.434141840965,
    -30.42711396752));
#9363 = CARTESIAN_POINT('',(87.452559275493,34.444794929724,
    -30.44278220412));
#9364 = CARTESIAN_POINT('',(87.269793645849,34.45383525465,
    -30.45614062444));
#9365 = CARTESIAN_POINT('',(86.869725326042,34.470130528125,
    -30.48029879429));
#9366 = CARTESIAN_POINT('',(86.652383303496,34.476731259666,
    -30.4901467147));
#9367 = CARTESIAN_POINT('',(86.434951885774,34.481120273652,
    -30.49671556835));
#9368 = CARTESIAN_POINT('',(86.217475992709,34.483314773548,-30.5));
#9369 = CARTESIAN_POINT('',(86.,34.483314773548,-30.5));
#9370 = PCURVE('',#5757,#9371);
#9371 = DEFINITIONAL_REPRESENTATION('',(#9372),#9383);
#9372 = B_SPLINE_CURVE_WITH_KNOTS('',5,(#9373,#9374,#9375,#9376,#9377,
    #9378,#9379,#9380,#9381,#9382),.UNSPECIFIED.,.F.,.F.,(6,4,6),(0.,
    0.45707605739,1.),.UNSPECIFIED.);
#9373 = CARTESIAN_POINT('',(0.603953773902,39.0000006));
#9374 = CARTESIAN_POINT('',(0.601219311293,38.817691755323));
#9375 = CARTESIAN_POINT('',(0.598800146051,38.635201469784));
#9376 = CARTESIAN_POINT('',(0.596694956313,38.452559275493));
#9377 = CARTESIAN_POINT('',(0.594902740676,38.269793645849));
#9378 = CARTESIAN_POINT('',(0.591664937145,37.869725326042));
#9379 = CARTESIAN_POINT('',(0.590347672627,37.652383303496));
#9380 = CARTESIAN_POINT('',(0.589469870309,37.434951885774));
#9381 = CARTESIAN_POINT('',(0.589030970216,37.217475992709));
#9382 = CARTESIAN_POINT('',(0.589030970216,37.));
#9383 = ( GEOMETRIC_REPRESENTATION_CONTEXT(2) 
PARAMETRIC_REPRESENTATION_CONTEXT() REPRESENTATION_CONTEXT('2D SPACE',''
  ) );
#9384 = PCURVE('',#9118,#9385);
#9385 = DEFINITIONAL_REPRESENTATION('',(#9386),#9397);
#9386 = B_SPLINE_CURVE_WITH_KNOTS('',5,(#9387,#9388,#9389,#9390,#9391,
    #9392,#9393,#9394,#9395,#9396),.UNSPECIFIED.,.F.,.F.,(6,4,6),(0.,
    0.45707605739,1.),.UNSPECIFIED.);
#9387 = CARTESIAN_POINT('',(1.30710014227,-1.033819838602));
#9388 = CARTESIAN_POINT('',(1.330513074747,-1.036459779485));
#9389 = CARTESIAN_POINT('',(1.354151391351,-1.038816202348));
#9390 = CARTESIAN_POINT('',(1.377989327256,-1.040881135843));
#9391 = CARTESIAN_POINT('',(1.401996441561,-1.042648214675));
#9392 = CARTESIAN_POINT('',(1.454812981269,-1.045852199873));
#9393 = CARTESIAN_POINT('',(1.483677616365,-1.047164791756));
#9394 = CARTESIAN_POINT('',(1.512673429617,-1.048042608178));
#9395 = CARTESIAN_POINT('',(1.541734874846,-1.048481504989));
#9396 = CARTESIAN_POINT('',(1.570796326795,-1.048481504989));
#9397 = ( GEOMETRIC_REPRESENTATION_CONTEXT(2) 
PARAMETRIC_REPRESENTATION_CONTEXT() REPRESENTATION_CONTEXT('2D SPACE',''
  ) );
#9398 = ORIENTED_EDGE('',*,*,#9399,.F.);
#9399 = EDGE_CURVE('',#9301,#9356,#9400,.T.);
#9400 = SURFACE_CURVE('',#9401,(#9406,#9412),.PCURVE_S1.);
#9401 = CIRCLE('',#9402,9.);
#9402 = AXIS2_PLACEMENT_3D('',#9403,#9404,#9405);
#9403 = CARTESIAN_POINT('',(88.,27.,-35.5));
#9404 = DIRECTION('',(1.,0.,-2.832769448824E-16));
#9405 = DIRECTION('',(2.832769448824E-16,0.,1.));
#9406 = PCURVE('',#5757,#9407);
#9407 = DEFINITIONAL_REPRESENTATION('',(#9408),#9411);
#9408 = B_SPLINE_CURVE_WITH_KNOTS('',1,(#9409,#9410),.UNSPECIFIED.,.F.,
  .F.,(2,2),(4.712388980385,6.28318530718),.PIECEWISE_BEZIER_KNOTS.);
#9409 = CARTESIAN_POINT('',(0.,39.));
#9410 = CARTESIAN_POINT('',(1.570796326795,39.));
#9411 = ( GEOMETRIC_REPRESENTATION_CONTEXT(2) 
PARAMETRIC_REPRESENTATION_CONTEXT() REPRESENTATION_CONTEXT('2D SPACE',''
  ) );
#9412 = PCURVE('',#9413,#9418);
#9413 = SPHERICAL_SURFACE('',#9414,9.);
#9414 = AXIS2_PLACEMENT_3D('',#9415,#9416,#9417);
#9415 = CARTESIAN_POINT('',(88.,27.,-35.5));
#9416 = DIRECTION('',(0.,-1.,-0.));
#9417 = DIRECTION('',(1.,0.,0.));
#9418 = DEFINITIONAL_REPRESENTATION('',(#9419),#9422);
#9419 = B_SPLINE_CURVE_WITH_KNOTS('',1,(#9420,#9421),.UNSPECIFIED.,.F.,
  .F.,(2,2),(4.712388980385,6.28318530718),.PIECEWISE_BEZIER_KNOTS.);
#9420 = CARTESIAN_POINT('',(1.570796326795,-1.570796326795));
#9421 = CARTESIAN_POINT('',(1.570796326795,0.));
#9422 = ( GEOMETRIC_REPRESENTATION_CONTEXT(2) 
PARAMETRIC_REPRESENTATION_CONTEXT() REPRESENTATION_CONTEXT('2D SPACE',''
  ) );
#9423 = ADVANCED_FACE('',(#9424),#7392,.T.);
#9424 = FACE_BOUND('',#9425,.F.);
#9425 = EDGE_LOOP('',(#9426,#9449,#9450,#9451));
#9426 = ORIENTED_EDGE('',*,*,#9427,.F.);
#9427 = EDGE_CURVE('',#7277,#9428,#9430,.T.);
#9428 = VERTEX_POINT('',#9429);
#9429 = CARTESIAN_POINT('',(61.5,37.754060819371,48.421388782719));
#9430 = SURFACE_CURVE('',#9431,(#9435,#9442),.PCURVE_S1.);
#9431 = LINE('',#9432,#9433);
#9432 = CARTESIAN_POINT('',(23.5,37.754060819371,48.421388782719));
#9433 = VECTOR('',#9434,1.);
#9434 = DIRECTION('',(1.,0.,0.));
#9435 = PCURVE('',#7392,#9436);
#9436 = DEFINITIONAL_REPRESENTATION('',(#9437),#9441);
#9437 = LINE('',#9438,#9439);
#9438 = CARTESIAN_POINT('',(-0.,0.));
#9439 = VECTOR('',#9440,1.);
#9440 = DIRECTION('',(-0.,1.));
#9441 = ( GEOMETRIC_REPRESENTATION_CONTEXT(2) 
PARAMETRIC_REPRESENTATION_CONTEXT() REPRESENTATION_CONTEXT('2D SPACE',''
  ) );
#9442 = PCURVE('',#7296,#9443);
#9443 = DEFINITIONAL_REPRESENTATION('',(#9444),#9448);
#9444 = LINE('',#9445,#9446);
#9445 = CARTESIAN_POINT('',(5.,0.));
#9446 = VECTOR('',#9447,1.);
#9447 = DIRECTION('',(0.,1.));
#9448 = ( GEOMETRIC_REPRESENTATION_CONTEXT(2) 
PARAMETRIC_REPRESENTATION_CONTEXT() REPRESENTATION_CONTEXT('2D SPACE',''
  ) );
#9449 = ORIENTED_EDGE('',*,*,#7308,.T.);
#9450 = ORIENTED_EDGE('',*,*,#7783,.T.);
#9451 = ORIENTED_EDGE('',*,*,#9452,.T.);
#9452 = EDGE_CURVE('',#7756,#9428,#9453,.T.);
#9453 = SURFACE_CURVE('',#9454,(#9459,#9465),.PCURVE_S1.);
#9454 = CIRCLE('',#9455,5.);
#9455 = AXIS2_PLACEMENT_3D('',#9456,#9457,#9458);
#9456 = CARTESIAN_POINT('',(61.5,32.924431687926,47.127293557206));
#9457 = DIRECTION('',(1.,-1.02041622266E-16,-2.734197028053E-17));
#9458 = DIRECTION('',(1.056412609424E-16,0.965925826289,0.258819045103)
  );
#9459 = PCURVE('',#7392,#9460);
#9460 = DEFINITIONAL_REPRESENTATION('',(#9461),#9464);
#9461 = B_SPLINE_CURVE_WITH_KNOTS('',1,(#9462,#9463),.UNSPECIFIED.,.F.,
  .F.,(2,2),(4.712388980385,6.28318530718),.PIECEWISE_BEZIER_KNOTS.);
#9462 = CARTESIAN_POINT('',(-1.570796326795,38.));
#9463 = CARTESIAN_POINT('',(0.,38.));
#9464 = ( GEOMETRIC_REPRESENTATION_CONTEXT(2) 
PARAMETRIC_REPRESENTATION_CONTEXT() REPRESENTATION_CONTEXT('2D SPACE',''
  ) );
#9465 = PCURVE('',#9466,#9471);
#9466 = SPHERICAL_SURFACE('',#9467,5.);
#9467 = AXIS2_PLACEMENT_3D('',#9468,#9469,#9470);
#9468 = CARTESIAN_POINT('',(61.5,32.924431687926,47.127293557206));
#9469 = DIRECTION('',(0.,-0.258819045103,0.965925826289));
#9470 = DIRECTION('',(1.,1.715828947882E-16,4.597549809349E-17));
#9471 = DEFINITIONAL_REPRESENTATION('',(#9472),#9475);
#9472 = B_SPLINE_CURVE_WITH_KNOTS('',1,(#9473,#9474),.UNSPECIFIED.,.F.,
  .F.,(2,2),(4.712388980385,6.28318530718),.PIECEWISE_BEZIER_KNOTS.);
#9473 = CARTESIAN_POINT('',(1.570796326795,-1.570796326795));
#9474 = CARTESIAN_POINT('',(1.570796326795,0.));
#9475 = ( GEOMETRIC_REPRESENTATION_CONTEXT(2) 
PARAMETRIC_REPRESENTATION_CONTEXT() REPRESENTATION_CONTEXT('2D SPACE',''
  ) );
#9476 = ADVANCED_FACE('',(#9477),#7296,.T.);
#9477 = FACE_BOUND('',#9478,.T.);
#9478 = EDGE_LOOP('',(#9479,#9480,#9481,#9504));
#9479 = ORIENTED_EDGE('',*,*,#9427,.F.);
#9480 = ORIENTED_EDGE('',*,*,#7276,.T.);
#9481 = ORIENTED_EDGE('',*,*,#9482,.T.);
#9482 = EDGE_CURVE('',#7117,#9483,#9485,.T.);
#9483 = VERTEX_POINT('',#9484);
#9484 = CARTESIAN_POINT('',(61.5,37.236422729166,50.353240435297));
#9485 = SURFACE_CURVE('',#9486,(#9490,#9497),.PCURVE_S1.);
#9486 = LINE('',#9487,#9488);
#9487 = CARTESIAN_POINT('',(23.5,37.236422729166,50.353240435297));
#9488 = VECTOR('',#9489,1.);
#9489 = DIRECTION('',(1.,0.,0.));
#9490 = PCURVE('',#7296,#9491);
#9491 = DEFINITIONAL_REPRESENTATION('',(#9492),#9496);
#9492 = LINE('',#9493,#9494);
#9493 = CARTESIAN_POINT('',(7.,0.));
#9494 = VECTOR('',#9495,1.);
#9495 = DIRECTION('',(0.,1.));
#9496 = ( GEOMETRIC_REPRESENTATION_CONTEXT(2) 
PARAMETRIC_REPRESENTATION_CONTEXT() REPRESENTATION_CONTEXT('2D SPACE',''
  ) );
#9497 = PCURVE('',#7220,#9498);
#9498 = DEFINITIONAL_REPRESENTATION('',(#9499),#9503);
#9499 = LINE('',#9500,#9501);
#9500 = CARTESIAN_POINT('',(0.,0.));
#9501 = VECTOR('',#9502,1.);
#9502 = DIRECTION('',(0.,1.));
#9503 = ( GEOMETRIC_REPRESENTATION_CONTEXT(2) 
PARAMETRIC_REPRESENTATION_CONTEXT() REPRESENTATION_CONTEXT('2D SPACE',''
  ) );
#9504 = ORIENTED_EDGE('',*,*,#9505,.F.);
#9505 = EDGE_CURVE('',#9428,#9483,#9506,.T.);
#9506 = SURFACE_CURVE('',#9507,(#9511,#9518),.PCURVE_S1.);
#9507 = LINE('',#9508,#9509);
#9508 = CARTESIAN_POINT('',(61.5,39.048156044884,43.591759651274));
#9509 = VECTOR('',#9510,1.);
#9510 = DIRECTION('',(0.,-0.258819045103,0.965925826289));
#9511 = PCURVE('',#7296,#9512);
#9512 = DEFINITIONAL_REPRESENTATION('',(#9513),#9517);
#9513 = LINE('',#9514,#9515);
#9514 = CARTESIAN_POINT('',(0.,38.));
#9515 = VECTOR('',#9516,1.);
#9516 = DIRECTION('',(1.,0.));
#9517 = ( GEOMETRIC_REPRESENTATION_CONTEXT(2) 
PARAMETRIC_REPRESENTATION_CONTEXT() REPRESENTATION_CONTEXT('2D SPACE',''
  ) );
#9518 = PCURVE('',#9519,#9524);
#9519 = CYLINDRICAL_SURFACE('',#9520,5.);
#9520 = AXIS2_PLACEMENT_3D('',#9521,#9522,#9523);
#9521 = CARTESIAN_POINT('',(61.5,34.218526913438,42.297664425761));
#9522 = DIRECTION('',(0.,-0.258819045103,0.965925826289));
#9523 = DIRECTION('',(1.,0.,0.));
#9524 = DEFINITIONAL_REPRESENTATION('',(#9525),#9529);
#9525 = LINE('',#9526,#9527);
#9526 = CARTESIAN_POINT('',(1.570796326795,0.));
#9527 = VECTOR('',#9528,1.);
#9528 = DIRECTION('',(0.,1.));
#9529 = ( GEOMETRIC_REPRESENTATION_CONTEXT(2) 
PARAMETRIC_REPRESENTATION_CONTEXT() REPRESENTATION_CONTEXT('2D SPACE',''
  ) );
#9530 = ADVANCED_FACE('',(#9531),#7220,.T.);
#9531 = FACE_BOUND('',#9532,.T.);
#9532 = EDGE_LOOP('',(#9533,#9534,#9554,#9577,#9602));
#9533 = ORIENTED_EDGE('',*,*,#7116,.T.);
#9534 = ORIENTED_EDGE('',*,*,#9535,.T.);
#9535 = EDGE_CURVE('',#7080,#7491,#9536,.T.);
#9536 = SURFACE_CURVE('',#9537,(#9542,#9548),.PCURVE_S1.);
#9537 = CIRCLE('',#9538,5.);
#9538 = AXIS2_PLACEMENT_3D('',#9539,#9540,#9541);
#9539 = CARTESIAN_POINT('',(28.5,32.406793597721,49.059145209785));
#9540 = DIRECTION('',(1.,-1.584809575716E-17,5.914589856893E-17));
#9541 = DIRECTION('',(-6.123233995737E-17,-0.258819045103,0.965925826289
    ));
#9542 = PCURVE('',#7220,#9543);
#9543 = DEFINITIONAL_REPRESENTATION('',(#9544),#9547);
#9544 = B_SPLINE_CURVE_WITH_KNOTS('',1,(#9545,#9546),.UNSPECIFIED.,.F.,
  .F.,(2,2),(4.712388980385,6.28318530718),.PIECEWISE_BEZIER_KNOTS.);
#9545 = CARTESIAN_POINT('',(0.,5.));
#9546 = CARTESIAN_POINT('',(1.570796326795,5.));
#9547 = ( GEOMETRIC_REPRESENTATION_CONTEXT(2) 
PARAMETRIC_REPRESENTATION_CONTEXT() REPRESENTATION_CONTEXT('2D SPACE',''
  ) );
#9548 = PCURVE('',#7101,#9549);
#9549 = DEFINITIONAL_REPRESENTATION('',(#9550),#9553);
#9550 = B_SPLINE_CURVE_WITH_KNOTS('',1,(#9551,#9552),.UNSPECIFIED.,.F.,
  .F.,(2,2),(4.712388980385,6.28318530718),.PIECEWISE_BEZIER_KNOTS.);
#9551 = CARTESIAN_POINT('',(-1.570796326795,-1.570796326795));
#9552 = CARTESIAN_POINT('',(-1.570796326795,0.));
#9553 = ( GEOMETRIC_REPRESENTATION_CONTEXT(2) 
PARAMETRIC_REPRESENTATION_CONTEXT() REPRESENTATION_CONTEXT('2D SPACE',''
  ) );
#9554 = ORIENTED_EDGE('',*,*,#9555,.T.);
#9555 = EDGE_CURVE('',#7491,#9556,#9558,.T.);
#9556 = VERTEX_POINT('',#9557);
#9557 = CARTESIAN_POINT('',(61.5,31.112698372208,53.88877434123));
#9558 = SURFACE_CURVE('',#9559,(#9563,#9570),.PCURVE_S1.);
#9559 = LINE('',#9560,#9561);
#9560 = CARTESIAN_POINT('',(23.5,31.112698372208,53.88877434123));
#9561 = VECTOR('',#9562,1.);
#9562 = DIRECTION('',(1.,0.,0.));
#9563 = PCURVE('',#7220,#9564);
#9564 = DEFINITIONAL_REPRESENTATION('',(#9565),#9569);
#9565 = LINE('',#9566,#9567);
#9566 = CARTESIAN_POINT('',(1.570796326795,0.));
#9567 = VECTOR('',#9568,1.);
#9568 = DIRECTION('',(0.,1.));
#9569 = ( GEOMETRIC_REPRESENTATION_CONTEXT(2) 
PARAMETRIC_REPRESENTATION_CONTEXT() REPRESENTATION_CONTEXT('2D SPACE',''
  ) );
#9570 = PCURVE('',#7506,#9571);
#9571 = DEFINITIONAL_REPRESENTATION('',(#9572),#9576);
#9572 = LINE('',#9573,#9574);
#9573 = CARTESIAN_POINT('',(0.,13.));
#9574 = VECTOR('',#9575,1.);
#9575 = DIRECTION('',(1.,0.));
#9576 = ( GEOMETRIC_REPRESENTATION_CONTEXT(2) 
PARAMETRIC_REPRESENTATION_CONTEXT() REPRESENTATION_CONTEXT('2D SPACE',''
  ) );
#9577 = ORIENTED_EDGE('',*,*,#9578,.F.);
#9578 = EDGE_CURVE('',#9483,#9556,#9579,.T.);
#9579 = SURFACE_CURVE('',#9580,(#9585,#9591),.PCURVE_S1.);
#9580 = CIRCLE('',#9581,5.);
#9581 = AXIS2_PLACEMENT_3D('',#9582,#9583,#9584);
#9582 = CARTESIAN_POINT('',(61.5,32.406793597721,49.059145209785));
#9583 = DIRECTION('',(1.,1.584809575716E-17,-5.914589856893E-17));
#9584 = DIRECTION('',(6.123233995737E-17,-0.258819045103,0.965925826289)
  );
#9585 = PCURVE('',#7220,#9586);
#9586 = DEFINITIONAL_REPRESENTATION('',(#9587),#9590);
#9587 = B_SPLINE_CURVE_WITH_KNOTS('',1,(#9588,#9589),.UNSPECIFIED.,.F.,
  .F.,(2,2),(4.712388980385,6.28318530718),.PIECEWISE_BEZIER_KNOTS.);
#9588 = CARTESIAN_POINT('',(0.,38.));
#9589 = CARTESIAN_POINT('',(1.570796326795,38.));
#9590 = ( GEOMETRIC_REPRESENTATION_CONTEXT(2) 
PARAMETRIC_REPRESENTATION_CONTEXT() REPRESENTATION_CONTEXT('2D SPACE',''
  ) );
#9591 = PCURVE('',#9592,#9597);
#9592 = SPHERICAL_SURFACE('',#9593,5.);
#9593 = AXIS2_PLACEMENT_3D('',#9594,#9595,#9596);
#9594 = CARTESIAN_POINT('',(61.5,32.406793597721,49.059145209785));
#9595 = DIRECTION('',(0.,-0.965925826289,-0.258819045103));
#9596 = DIRECTION('',(1.,0.,0.));
#9597 = DEFINITIONAL_REPRESENTATION('',(#9598),#9601);
#9598 = B_SPLINE_CURVE_WITH_KNOTS('',1,(#9599,#9600),.UNSPECIFIED.,.F.,
  .F.,(2,2),(4.712388980385,6.28318530718),.PIECEWISE_BEZIER_KNOTS.);
#9599 = CARTESIAN_POINT('',(1.570796326795,-1.570796326795));
#9600 = CARTESIAN_POINT('',(1.570796326795,0.));
#9601 = ( GEOMETRIC_REPRESENTATION_CONTEXT(2) 
PARAMETRIC_REPRESENTATION_CONTEXT() REPRESENTATION_CONTEXT('2D SPACE',''
  ) );
#9602 = ORIENTED_EDGE('',*,*,#9482,.F.);
#9603 = ADVANCED_FACE('',(#9604),#7101,.T.);
#9604 = FACE_BOUND('',#9605,.F.);
#9605 = EDGE_LOOP('',(#9606,#9607,#9608));
#9606 = ORIENTED_EDGE('',*,*,#7079,.T.);
#9607 = ORIENTED_EDGE('',*,*,#9535,.T.);
#9608 = ORIENTED_EDGE('',*,*,#7518,.F.);
#9609 = ADVANCED_FACE('',(#9610),#6959,.T.);
#9610 = FACE_BOUND('',#9611,.T.);
#9611 = EDGE_LOOP('',(#9612));
#9612 = ORIENTED_EDGE('',*,*,#6944,.T.);
#9613 = ADVANCED_FACE('',(#9614),#7506,.T.);
#9614 = FACE_BOUND('',#9615,.T.);
#9615 = EDGE_LOOP('',(#9616,#9617,#9618,#9644));
#9616 = ORIENTED_EDGE('',*,*,#7490,.F.);
#9617 = ORIENTED_EDGE('',*,*,#7571,.T.);
#9618 = ORIENTED_EDGE('',*,*,#9619,.T.);
#9619 = EDGE_CURVE('',#7572,#9556,#9620,.T.);
#9620 = SURFACE_CURVE('',#9621,(#9625,#9632),.PCURVE_S1.);
#9621 = LINE('',#9622,#9623);
#9622 = CARTESIAN_POINT('',(61.5,18.55566263045,50.524126754897));
#9623 = VECTOR('',#9624,1.);
#9624 = DIRECTION('',(0.,0.965925826289,0.258819045103));
#9625 = PCURVE('',#7506,#9626);
#9626 = DEFINITIONAL_REPRESENTATION('',(#9627),#9631);
#9627 = LINE('',#9628,#9629);
#9628 = CARTESIAN_POINT('',(38.,0.));
#9629 = VECTOR('',#9630,1.);
#9630 = DIRECTION('',(0.,1.));
#9631 = ( GEOMETRIC_REPRESENTATION_CONTEXT(2) 
PARAMETRIC_REPRESENTATION_CONTEXT() REPRESENTATION_CONTEXT('2D SPACE',''
  ) );
#9632 = PCURVE('',#9633,#9638);
#9633 = CYLINDRICAL_SURFACE('',#9634,5.);
#9634 = AXIS2_PLACEMENT_3D('',#9635,#9636,#9637);
#9635 = CARTESIAN_POINT('',(61.5,19.849757855963,45.694497623452));
#9636 = DIRECTION('',(0.,0.965925826289,0.258819045103));
#9637 = DIRECTION('',(1.,0.,0.));
#9638 = DEFINITIONAL_REPRESENTATION('',(#9639),#9643);
#9639 = LINE('',#9640,#9641);
#9640 = CARTESIAN_POINT('',(-1.570796326795,0.));
#9641 = VECTOR('',#9642,1.);
#9642 = DIRECTION('',(-0.,1.));
#9643 = ( GEOMETRIC_REPRESENTATION_CONTEXT(2) 
PARAMETRIC_REPRESENTATION_CONTEXT() REPRESENTATION_CONTEXT('2D SPACE',''
  ) );
#9644 = ORIENTED_EDGE('',*,*,#9555,.F.);
#9645 = ADVANCED_FACE('',(#9646),#7610,.T.);
#9646 = FACE_BOUND('',#9647,.T.);
#9647 = EDGE_LOOP('',(#9648,#9670,#9671));
#9648 = ORIENTED_EDGE('',*,*,#9649,.F.);
#9649 = EDGE_CURVE('',#7572,#9650,#9652,.T.);
#9650 = VERTEX_POINT('',#9651);
#9651 = CARTESIAN_POINT('',(66.5,24.679386987408,46.988592848964));
#9652 = SURFACE_CURVE('',#9653,(#9658,#9664),.PCURVE_S1.);
#9653 = CIRCLE('',#9654,5.);
#9654 = AXIS2_PLACEMENT_3D('',#9655,#9656,#9657);
#9655 = CARTESIAN_POINT('',(61.5,24.679386987408,46.988592848964));
#9656 = DIRECTION('',(-0.,0.965925826289,0.258819045103));
#9657 = DIRECTION('',(1.,0.,0.));
#9658 = PCURVE('',#7610,#9659);
#9659 = DEFINITIONAL_REPRESENTATION('',(#9660),#9663);
#9660 = B_SPLINE_CURVE_WITH_KNOTS('',1,(#9661,#9662),.UNSPECIFIED.,.F.,
  .F.,(2,2),(4.712388980385,6.28318530718),.PIECEWISE_BEZIER_KNOTS.);
#9661 = CARTESIAN_POINT('',(0.,-1.570796326795));
#9662 = CARTESIAN_POINT('',(0.,0.));
#9663 = ( GEOMETRIC_REPRESENTATION_CONTEXT(2) 
PARAMETRIC_REPRESENTATION_CONTEXT() REPRESENTATION_CONTEXT('2D SPACE',''
  ) );
#9664 = PCURVE('',#9633,#9665);
#9665 = DEFINITIONAL_REPRESENTATION('',(#9666),#9669);
#9666 = B_SPLINE_CURVE_WITH_KNOTS('',1,(#9667,#9668),.UNSPECIFIED.,.F.,
  .F.,(2,2),(4.712388980385,6.28318530718),.PIECEWISE_BEZIER_KNOTS.);
#9667 = CARTESIAN_POINT('',(-1.570796326795,5.));
#9668 = CARTESIAN_POINT('',(0.,5.));
#9669 = ( GEOMETRIC_REPRESENTATION_CONTEXT(2) 
PARAMETRIC_REPRESENTATION_CONTEXT() REPRESENTATION_CONTEXT('2D SPACE',''
  ) );
#9670 = ORIENTED_EDGE('',*,*,#7594,.T.);
#9671 = ORIENTED_EDGE('',*,*,#9672,.F.);
#9672 = EDGE_CURVE('',#9650,#7595,#9673,.T.);
#9673 = SURFACE_CURVE('',#9674,(#9679,#9686),.PCURVE_S1.);
#9674 = CIRCLE('',#9675,5.);
#9675 = AXIS2_PLACEMENT_3D('',#9676,#9677,#9678);
#9676 = CARTESIAN_POINT('',(61.5,24.679386987408,46.988592848964));
#9677 = DIRECTION('',(0.,0.258819045103,-0.965925826289));
#9678 = DIRECTION('',(1.,0.,0.));
#9679 = PCURVE('',#7610,#9680);
#9680 = DEFINITIONAL_REPRESENTATION('',(#9681),#9685);
#9681 = LINE('',#9682,#9683);
#9682 = CARTESIAN_POINT('',(0.,0.));
#9683 = VECTOR('',#9684,1.);
#9684 = DIRECTION('',(1.,0.));
#9685 = ( GEOMETRIC_REPRESENTATION_CONTEXT(2) 
PARAMETRIC_REPRESENTATION_CONTEXT() REPRESENTATION_CONTEXT('2D SPACE',''
  ) );
#9686 = PCURVE('',#7685,#9687);
#9687 = DEFINITIONAL_REPRESENTATION('',(#9688),#9692);
#9688 = LINE('',#9689,#9690);
#9689 = CARTESIAN_POINT('',(-0.,7.));
#9690 = VECTOR('',#9691,1.);
#9691 = DIRECTION('',(-1.,0.));
#9692 = ( GEOMETRIC_REPRESENTATION_CONTEXT(2) 
PARAMETRIC_REPRESENTATION_CONTEXT() REPRESENTATION_CONTEXT('2D SPACE',''
  ) );
#9693 = ADVANCED_FACE('',(#9694),#7685,.T.);
#9694 = FACE_BOUND('',#9695,.F.);
#9695 = EDGE_LOOP('',(#9696,#9724,#9746,#9747));
#9696 = ORIENTED_EDGE('',*,*,#9697,.F.);
#9697 = EDGE_CURVE('',#9698,#9650,#9700,.T.);
#9698 = VERTEX_POINT('',#9699);
#9699 = CARTESIAN_POINT('',(66.5,25.197025077613,45.056741196386));
#9700 = SURFACE_CURVE('',#9701,(#9705,#9712),.PCURVE_S1.);
#9701 = LINE('',#9702,#9703);
#9702 = CARTESIAN_POINT('',(66.5,26.491120303126,40.227112064941));
#9703 = VECTOR('',#9704,1.);
#9704 = DIRECTION('',(0.,-0.258819045103,0.965925826289));
#9705 = PCURVE('',#7685,#9706);
#9706 = DEFINITIONAL_REPRESENTATION('',(#9707),#9711);
#9707 = LINE('',#9708,#9709);
#9708 = CARTESIAN_POINT('',(-0.,0.));
#9709 = VECTOR('',#9710,1.);
#9710 = DIRECTION('',(-0.,1.));
#9711 = ( GEOMETRIC_REPRESENTATION_CONTEXT(2) 
PARAMETRIC_REPRESENTATION_CONTEXT() REPRESENTATION_CONTEXT('2D SPACE',''
  ) );
#9712 = PCURVE('',#9713,#9718);
#9713 = PLANE('',#9714);
#9714 = AXIS2_PLACEMENT_3D('',#9715,#9716,#9717);
#9715 = CARTESIAN_POINT('',(66.5,21.66149117168,38.933016839428));
#9716 = DIRECTION('',(1.,0.,0.));
#9717 = DIRECTION('',(0.,-0.258819045103,0.965925826289));
#9718 = DEFINITIONAL_REPRESENTATION('',(#9719),#9723);
#9719 = LINE('',#9720,#9721);
#9720 = CARTESIAN_POINT('',(0.,-5.));
#9721 = VECTOR('',#9722,1.);
#9722 = DIRECTION('',(1.,0.));
#9723 = ( GEOMETRIC_REPRESENTATION_CONTEXT(2) 
PARAMETRIC_REPRESENTATION_CONTEXT() REPRESENTATION_CONTEXT('2D SPACE',''
  ) );
#9724 = ORIENTED_EDGE('',*,*,#9725,.T.);
#9725 = EDGE_CURVE('',#9698,#7647,#9726,.T.);
#9726 = SURFACE_CURVE('',#9727,(#9732,#9739),.PCURVE_S1.);
#9727 = CIRCLE('',#9728,5.);
#9728 = AXIS2_PLACEMENT_3D('',#9729,#9730,#9731);
#9729 = CARTESIAN_POINT('',(61.5,25.197025077613,45.056741196386));
#9730 = DIRECTION('',(0.,0.258819045103,-0.965925826289));
#9731 = DIRECTION('',(1.,0.,0.));
#9732 = PCURVE('',#7685,#9733);
#9733 = DEFINITIONAL_REPRESENTATION('',(#9734),#9738);
#9734 = LINE('',#9735,#9736);
#9735 = CARTESIAN_POINT('',(-0.,5.));
#9736 = VECTOR('',#9737,1.);
#9737 = DIRECTION('',(-1.,0.));
#9738 = ( GEOMETRIC_REPRESENTATION_CONTEXT(2) 
PARAMETRIC_REPRESENTATION_CONTEXT() REPRESENTATION_CONTEXT('2D SPACE',''
  ) );
#9739 = PCURVE('',#7738,#9740);
#9740 = DEFINITIONAL_REPRESENTATION('',(#9741),#9745);
#9741 = LINE('',#9742,#9743);
#9742 = CARTESIAN_POINT('',(-0.,0.));
#9743 = VECTOR('',#9744,1.);
#9744 = DIRECTION('',(-1.,0.));
#9745 = ( GEOMETRIC_REPRESENTATION_CONTEXT(2) 
PARAMETRIC_REPRESENTATION_CONTEXT() REPRESENTATION_CONTEXT('2D SPACE',''
  ) );
#9746 = ORIENTED_EDGE('',*,*,#7671,.T.);
#9747 = ORIENTED_EDGE('',*,*,#9672,.F.);
#9748 = ADVANCED_FACE('',(#9749),#7738,.T.);
#9749 = FACE_BOUND('',#9750,.F.);
#9750 = EDGE_LOOP('',(#9751,#9771,#9772));
#9751 = ORIENTED_EDGE('',*,*,#9752,.F.);
#9752 = EDGE_CURVE('',#7702,#9698,#9753,.T.);
#9753 = SURFACE_CURVE('',#9754,(#9759,#9765),.PCURVE_S1.);
#9754 = CIRCLE('',#9755,5.);
#9755 = AXIS2_PLACEMENT_3D('',#9756,#9757,#9758);
#9756 = CARTESIAN_POINT('',(61.5,25.197025077613,45.056741196386));
#9757 = DIRECTION('',(0.,-0.965925826289,-0.258819045103));
#9758 = DIRECTION('',(1.,0.,0.));
#9759 = PCURVE('',#7738,#9760);
#9760 = DEFINITIONAL_REPRESENTATION('',(#9761),#9764);
#9761 = B_SPLINE_CURVE_WITH_KNOTS('',1,(#9762,#9763),.UNSPECIFIED.,.F.,
  .F.,(2,2),(4.712388980385,6.28318530718),.PIECEWISE_BEZIER_KNOTS.);
#9762 = CARTESIAN_POINT('',(0.,-1.570796326795));
#9763 = CARTESIAN_POINT('',(0.,0.));
#9764 = ( GEOMETRIC_REPRESENTATION_CONTEXT(2) 
PARAMETRIC_REPRESENTATION_CONTEXT() REPRESENTATION_CONTEXT('2D SPACE',''
  ) );
#9765 = PCURVE('',#7771,#9766);
#9766 = DEFINITIONAL_REPRESENTATION('',(#9767),#9770);
#9767 = B_SPLINE_CURVE_WITH_KNOTS('',1,(#9768,#9769),.UNSPECIFIED.,.F.,
  .F.,(2,2),(4.712388980385,6.28318530718),.PIECEWISE_BEZIER_KNOTS.);
#9768 = CARTESIAN_POINT('',(1.570796326795,5.));
#9769 = CARTESIAN_POINT('',(0.,5.));
#9770 = ( GEOMETRIC_REPRESENTATION_CONTEXT(2) 
PARAMETRIC_REPRESENTATION_CONTEXT() REPRESENTATION_CONTEXT('2D SPACE',''
  ) );
#9771 = ORIENTED_EDGE('',*,*,#7724,.T.);
#9772 = ORIENTED_EDGE('',*,*,#9725,.F.);
#9773 = ADVANCED_FACE('',(#9774),#7771,.T.);
#9774 = FACE_BOUND('',#9775,.T.);
#9775 = EDGE_LOOP('',(#9776,#9777,#9778,#9800));
#9776 = ORIENTED_EDGE('',*,*,#9752,.F.);
#9777 = ORIENTED_EDGE('',*,*,#7755,.T.);
#9778 = ORIENTED_EDGE('',*,*,#9779,.T.);
#9779 = EDGE_CURVE('',#7756,#9780,#9782,.T.);
#9780 = VERTEX_POINT('',#9781);
#9781 = CARTESIAN_POINT('',(66.5,32.924431687926,47.127293557206));
#9782 = SURFACE_CURVE('',#9783,(#9788,#9794),.PCURVE_S1.);
#9783 = CIRCLE('',#9784,5.);
#9784 = AXIS2_PLACEMENT_3D('',#9785,#9786,#9787);
#9785 = CARTESIAN_POINT('',(61.5,32.924431687926,47.127293557206));
#9786 = DIRECTION('',(1.7763568394E-16,-0.965925826289,-0.258819045103)
  );
#9787 = DIRECTION('',(1.,1.715828947882E-16,4.597549809349E-17));
#9788 = PCURVE('',#7771,#9789);
#9789 = DEFINITIONAL_REPRESENTATION('',(#9790),#9793);
#9790 = B_SPLINE_CURVE_WITH_KNOTS('',1,(#9791,#9792),.UNSPECIFIED.,.F.,
  .F.,(2,2),(4.712388980385,6.28318530718),.PIECEWISE_BEZIER_KNOTS.);
#9791 = CARTESIAN_POINT('',(1.570796326795,13.));
#9792 = CARTESIAN_POINT('',(0.,13.));
#9793 = ( GEOMETRIC_REPRESENTATION_CONTEXT(2) 
PARAMETRIC_REPRESENTATION_CONTEXT() REPRESENTATION_CONTEXT('2D SPACE',''
  ) );
#9794 = PCURVE('',#9466,#9795);
#9795 = DEFINITIONAL_REPRESENTATION('',(#9796),#9799);
#9796 = B_SPLINE_CURVE_WITH_KNOTS('',1,(#9797,#9798),.UNSPECIFIED.,.F.,
  .F.,(2,2),(4.712388980385,6.28318530718),.PIECEWISE_BEZIER_KNOTS.);
#9797 = CARTESIAN_POINT('',(0.,-1.570796326795));
#9798 = CARTESIAN_POINT('',(0.,0.));
#9799 = ( GEOMETRIC_REPRESENTATION_CONTEXT(2) 
PARAMETRIC_REPRESENTATION_CONTEXT() REPRESENTATION_CONTEXT('2D SPACE',''
  ) );
#9800 = ORIENTED_EDGE('',*,*,#9801,.F.);
#9801 = EDGE_CURVE('',#9698,#9780,#9802,.T.);
#9802 = SURFACE_CURVE('',#9803,(#9807,#9814),.PCURVE_S1.);
#9803 = LINE('',#9804,#9805);
#9804 = CARTESIAN_POINT('',(66.5,20.367395946168,43.762645970874));
#9805 = VECTOR('',#9806,1.);
#9806 = DIRECTION('',(0.,0.965925826289,0.258819045103));
#9807 = PCURVE('',#7771,#9808);
#9808 = DEFINITIONAL_REPRESENTATION('',(#9809),#9813);
#9809 = LINE('',#9810,#9811);
#9810 = CARTESIAN_POINT('',(0.,0.));
#9811 = VECTOR('',#9812,1.);
#9812 = DIRECTION('',(0.,1.));
#9813 = ( GEOMETRIC_REPRESENTATION_CONTEXT(2) 
PARAMETRIC_REPRESENTATION_CONTEXT() REPRESENTATION_CONTEXT('2D SPACE',''
  ) );
#9814 = PCURVE('',#9713,#9815);
#9815 = DEFINITIONAL_REPRESENTATION('',(#9816),#9820);
#9816 = LINE('',#9817,#9818);
#9817 = CARTESIAN_POINT('',(5.,0.));
#9818 = VECTOR('',#9819,1.);
#9819 = DIRECTION('',(0.,-1.));
#9820 = ( GEOMETRIC_REPRESENTATION_CONTEXT(2) 
PARAMETRIC_REPRESENTATION_CONTEXT() REPRESENTATION_CONTEXT('2D SPACE',''
  ) );
#9821 = ADVANCED_FACE('',(#9822),#7848,.T.);
#9822 = FACE_BOUND('',#9823,.F.);
#9823 = EDGE_LOOP('',(#9824,#9846,#9847,#9871,#9899,#10212));
#9824 = ORIENTED_EDGE('',*,*,#9825,.F.);
#9825 = EDGE_CURVE('',#7810,#9826,#9828,.T.);
#9826 = VERTEX_POINT('',#9827);
#9827 = CARTESIAN_POINT('',(101.,-27.,-2.5));
#9828 = SURFACE_CURVE('',#9829,(#9834,#9840),.PCURVE_S1.);
#9829 = CIRCLE('',#9830,15.);
#9830 = AXIS2_PLACEMENT_3D('',#9831,#9832,#9833);
#9831 = CARTESIAN_POINT('',(86.,-27.,-2.5));
#9832 = DIRECTION('',(-0.,1.,0.));
#9833 = DIRECTION('',(1.,0.,0.));
#9834 = PCURVE('',#7848,#9835);
#9835 = DEFINITIONAL_REPRESENTATION('',(#9836),#9839);
#9836 = B_SPLINE_CURVE_WITH_KNOTS('',1,(#9837,#9838),.UNSPECIFIED.,.F.,
  .F.,(2,2),(4.712388980385,6.28318530718),.PIECEWISE_BEZIER_KNOTS.);
#9837 = CARTESIAN_POINT('',(-1.570796326795,15.));
#9838 = CARTESIAN_POINT('',(0.,15.));
#9839 = ( GEOMETRIC_REPRESENTATION_CONTEXT(2) 
PARAMETRIC_REPRESENTATION_CONTEXT() REPRESENTATION_CONTEXT('2D SPACE',''
  ) );
#9840 = PCURVE('',#8851,#9841);
#9841 = DEFINITIONAL_REPRESENTATION('',(#9842),#9845);
#9842 = B_SPLINE_CURVE_WITH_KNOTS('',1,(#9843,#9844),.UNSPECIFIED.,.F.,
  .F.,(2,2),(4.712388980385,6.28318530718),.PIECEWISE_BEZIER_KNOTS.);
#9843 = CARTESIAN_POINT('',(0.,-1.570796326795));
#9844 = CARTESIAN_POINT('',(0.,0.));
#9845 = ( GEOMETRIC_REPRESENTATION_CONTEXT(2) 
PARAMETRIC_REPRESENTATION_CONTEXT() REPRESENTATION_CONTEXT('2D SPACE',''
  ) );
#9846 = ORIENTED_EDGE('',*,*,#7832,.T.);
#9847 = ORIENTED_EDGE('',*,*,#9848,.F.);
#9848 = EDGE_CURVE('',#9849,#7833,#9851,.T.);
#9849 = VERTEX_POINT('',#9850);
#9850 = CARTESIAN_POINT('',(101.,27.,-2.5));
#9851 = SURFACE_CURVE('',#9852,(#9857,#9864),.PCURVE_S1.);
#9852 = CIRCLE('',#9853,15.);
#9853 = AXIS2_PLACEMENT_3D('',#9854,#9855,#9856);
#9854 = CARTESIAN_POINT('',(86.,27.,-2.5));
#9855 = DIRECTION('',(0.,-1.,-0.));
#9856 = DIRECTION('',(1.,0.,0.));
#9857 = PCURVE('',#7848,#9858);
#9858 = DEFINITIONAL_REPRESENTATION('',(#9859),#9863);
#9859 = LINE('',#9860,#9861);
#9860 = CARTESIAN_POINT('',(-0.,69.));
#9861 = VECTOR('',#9862,1.);
#9862 = DIRECTION('',(-1.,0.));
#9863 = ( GEOMETRIC_REPRESENTATION_CONTEXT(2) 
PARAMETRIC_REPRESENTATION_CONTEXT() REPRESENTATION_CONTEXT('2D SPACE',''
  ) );
#9864 = PCURVE('',#9225,#9865);
#9865 = DEFINITIONAL_REPRESENTATION('',(#9866),#9870);
#9866 = LINE('',#9867,#9868);
#9867 = CARTESIAN_POINT('',(0.,0.));
#9868 = VECTOR('',#9869,1.);
#9869 = DIRECTION('',(1.,0.));
#9870 = ( GEOMETRIC_REPRESENTATION_CONTEXT(2) 
PARAMETRIC_REPRESENTATION_CONTEXT() REPRESENTATION_CONTEXT('2D SPACE',''
  ) );
#9871 = ORIENTED_EDGE('',*,*,#9872,.F.);
#9872 = EDGE_CURVE('',#9873,#9849,#9875,.T.);
#9873 = VERTEX_POINT('',#9874);
#9874 = CARTESIAN_POINT('',(101.,22.444375687463,-2.5));
#9875 = SURFACE_CURVE('',#9876,(#9880,#9887),.PCURVE_S1.);
#9876 = LINE('',#9877,#9878);
#9877 = CARTESIAN_POINT('',(101.,-42.,-2.5));
#9878 = VECTOR('',#9879,1.);
#9879 = DIRECTION('',(-0.,1.,0.));
#9880 = PCURVE('',#7848,#9881);
#9881 = DEFINITIONAL_REPRESENTATION('',(#9882),#9886);
#9882 = LINE('',#9883,#9884);
#9883 = CARTESIAN_POINT('',(-0.,0.));
#9884 = VECTOR('',#9885,1.);
#9885 = DIRECTION('',(-0.,1.));
#9886 = ( GEOMETRIC_REPRESENTATION_CONTEXT(2) 
PARAMETRIC_REPRESENTATION_CONTEXT() REPRESENTATION_CONTEXT('2D SPACE',''
  ) );
#9887 = PCURVE('',#9888,#9893);
#9888 = PLANE('',#9889);
#9889 = AXIS2_PLACEMENT_3D('',#9890,#9891,#9892);
#9890 = CARTESIAN_POINT('',(101.,-42.,-32.5));
#9891 = DIRECTION('',(1.,0.,-0.));
#9892 = DIRECTION('',(0.,0.,1.));
#9893 = DEFINITIONAL_REPRESENTATION('',(#9894),#9898);
#9894 = LINE('',#9895,#9896);
#9895 = CARTESIAN_POINT('',(30.,0.));
#9896 = VECTOR('',#9897,1.);
#9897 = DIRECTION('',(0.,-1.));
#9898 = ( GEOMETRIC_REPRESENTATION_CONTEXT(2) 
PARAMETRIC_REPRESENTATION_CONTEXT() REPRESENTATION_CONTEXT('2D SPACE',''
  ) );
#9899 = ORIENTED_EDGE('',*,*,#9900,.T.);
#9900 = EDGE_CURVE('',#9873,#9901,#9903,.T.);
#9901 = VERTEX_POINT('',#9902);
#9902 = CARTESIAN_POINT('',(101.,-22.44437568746,-2.5));
#9903 = SURFACE_CURVE('',#9904,(#10003,#10105),.PCURVE_S1.);
#9904 = B_SPLINE_CURVE_WITH_KNOTS('',7,(#9905,#9906,#9907,#9908,#9909,
    #9910,#9911,#9912,#9913,#9914,#9915,#9916,#9917,#9918,#9919,#9920,
    #9921,#9922,#9923,#9924,#9925,#9926,#9927,#9928,#9929,#9930,#9931,
    #9932,#9933,#9934,#9935,#9936,#9937,#9938,#9939,#9940,#9941,#9942,
    #9943,#9944,#9945,#9946,#9947,#9948,#9949,#9950,#9951,#9952,#9953,
    #9954,#9955,#9956,#9957,#9958,#9959,#9960,#9961,#9962,#9963,#9964,
    #9965,#9966,#9967,#9968,#9969,#9970,#9971,#9972,#9973,#9974,#9975,
    #9976,#9977,#9978,#9979,#9980,#9981,#9982,#9983,#9984,#9985,#9986,
    #9987,#9988,#9989,#9990,#9991,#9992,#9993,#9994,#9995,#9996,#9997,
    #9998,#9999,#10000,#10001,#10002),.UNSPECIFIED.,.F.,.F.,(8,6,6,6,6,6
    ,6,6,6,6,6,6,6,6,6,6,8),(0.,3.146325785714E-02,6.300731939202E-02,
    0.107853017992,0.170010817013,0.221026966277,0.288066688216,
    0.386961088106,0.499999993258,0.613038898411,0.712235839734,
    0.778973039959,0.829989187665,0.892146984789,0.93699268202,
    0.968667502837,1.),.UNSPECIFIED.);
#9905 = CARTESIAN_POINT('',(101.,22.444375687463,-2.5));
#9906 = CARTESIAN_POINT('',(101.,22.43614808422,-2.130673163602));
#9907 = CARTESIAN_POINT('',(100.98939091582,22.418472144016,
    -1.76174400482));
#9908 = CARTESIAN_POINT('',(100.96821395707,22.391391994404,
    -1.3941956647));
#9909 = CARTESIAN_POINT('',(100.93663215645,22.35503365114,
    -1.02894193058));
#9910 = CARTESIAN_POINT('',(100.89491129221,22.309589601279,
    -0.66683142627));
#9911 = CARTESIAN_POINT('',(100.84340499448,22.255309382735,
    -0.30865044102));
#9912 = CARTESIAN_POINT('',(100.72152677426,22.129521621446,
    0.399309569073));
#9913 = CARTESIAN_POINT('',(100.65110165979,22.057964939649,
    0.749093915009));
#9914 = CARTESIAN_POINT('',(100.57169490563,21.978123806638,
    1.093526176772));
#9915 = CARTESIAN_POINT('',(100.48379477599,21.890333980957,
    1.432024143014));
#9916 = CARTESIAN_POINT('',(100.38792658616,21.794952790736,
    1.764111447471));
#9917 = CARTESIAN_POINT('',(100.28463312371,21.69234660149,
    2.089406313808));
#9918 = CARTESIAN_POINT('',(100.01782978236,21.427258492082,
    2.860003561778));
#9919 = CARTESIAN_POINT('',(99.847300317168,21.257778395205,
    3.298052081192));
#9920 = CARTESIAN_POINT('',(99.664417713018,21.075472541445,
    3.720986648558));
#9921 = CARTESIAN_POINT('',(99.470724462168,20.881356676719,
    4.128367390724));
#9922 = CARTESIAN_POINT('',(99.267692183387,20.676393049911,
    4.520020697873));
#9923 = CARTESIAN_POINT('',(99.056675070418,20.461457813246,
    4.895987206039));
#9924 = CARTESIAN_POINT('',(98.537018791382,19.926643526211,
    5.756145877886));
#9925 = CARTESIAN_POINT('',(98.222209832533,19.598354120386,
    6.225974313481));
#9926 = CARTESIAN_POINT('',(97.897629774787,19.254427850967,
    6.666672323929));
#9927 = CARTESIAN_POINT('',(97.566107280482,18.896616669485,
    7.079207895719));
#9928 = CARTESIAN_POINT('',(97.230096768415,18.52643260677,7.46476719653
    ));
#9929 = CARTESIAN_POINT('',(96.8916680361,18.145118240818,7.824693632979
    ));
#9930 = CARTESIAN_POINT('',(96.274156763809,17.432256760345,
    8.435954934118));
#9931 = CARTESIAN_POINT('',(95.995353548606,17.104090553428,
    8.695147610419));
#9932 = CARTESIAN_POINT('',(95.71707331629,16.769647808912,
    8.938759636312));
#9933 = CARTESIAN_POINT('',(95.440181688233,16.429416622572,
    9.167541029298));
#9934 = CARTESIAN_POINT('',(95.165448698599,16.083825428223,
    9.382230618607));
#9935 = CARTESIAN_POINT('',(94.893555075842,15.733240883511,
    9.58355678865));
#9936 = CARTESIAN_POINT('',(94.272324831998,14.911096252909,
    10.020166272063));
#9937 = CARTESIAN_POINT('',(93.925520056218,14.436168583075,
    10.246231086548));
#9938 = CARTESIAN_POINT('',(93.586043822727,13.953866649401,
    10.452046032616));
#9939 = CARTESIAN_POINT('',(93.255100223586,13.464798456343,
    10.639124802084));
#9940 = CARTESIAN_POINT('',(92.933752069707,12.969495323218,
    10.808904379132));
#9941 = CARTESIAN_POINT('',(92.62293590429,12.468409178824,
    10.962755133171));
#9942 = CARTESIAN_POINT('',(91.881730790969,11.21472983694,
    11.307337152276));
#9943 = CARTESIAN_POINT('',(91.464767607968,10.455877124422,
    11.480825959163));
#9944 = CARTESIAN_POINT('',(91.075231177399,9.686526593251,
    11.62661074141));
#9945 = CARTESIAN_POINT('',(90.715448247942,8.907792987297,
    11.748418694214));
#9946 = CARTESIAN_POINT('',(90.387442156824,8.120735228307,
    11.849645995615));
#9947 = CARTESIAN_POINT('',(90.092936571908,7.326351167972,
    11.933293128374));
#9948 = CARTESIAN_POINT('',(89.536687076476,5.610254404273,
    12.080329835634));
#9949 = CARTESIAN_POINT('',(89.285673744164,4.68664312917,
    12.139105527053));
#9950 = CARTESIAN_POINT('',(89.082523591855,3.756268263928,
    12.182023570239));
#9951 = CARTESIAN_POINT('',(88.928957503367,2.82072402638,
    12.212097419632));
#9952 = CARTESIAN_POINT('',(88.826170579945,1.881669670559,
    12.231445871537));
#9953 = CARTESIAN_POINT('',(88.774777990038,0.940830297727,
    12.241119601509));
#9954 = CARTESIAN_POINT('',(88.774777990038,-0.940830297728,
    12.241119601509));
#9955 = CARTESIAN_POINT('',(88.826170579945,-1.881669670556,
    12.231445871534));
#9956 = CARTESIAN_POINT('',(88.928957503368,-2.820724026382,
    12.212097419638));
#9957 = CARTESIAN_POINT('',(89.082523591855,-3.756268263928,
    12.182023570234));
#9958 = CARTESIAN_POINT('',(89.285673744164,-4.686643129169,
    12.139105527055));
#9959 = CARTESIAN_POINT('',(89.536687076476,-5.610254404273,
    12.080329835634));
#9960 = CARTESIAN_POINT('',(90.093730635494,-7.328800949878,
    11.933083228867));
#9961 = CARTESIAN_POINT('',(90.389244203706,-8.125594953938,
    11.849134117751));
#9962 = CARTESIAN_POINT('',(90.718459055286,-8.915015021984,
    11.74748930403));
#9963 = CARTESIAN_POINT('',(91.079634987679,-9.696054186629,
    11.625119252691));
#9964 = CARTESIAN_POINT('',(91.470728231881,-10.46764326841,
    11.478593996601));
#9965 = CARTESIAN_POINT('',(91.889387565055,-11.22865625216,
    11.30414903225));
#9966 = CARTESIAN_POINT('',(92.631354215142,-12.48197393266,
    10.958584893503));
#9967 = CARTESIAN_POINT('',(92.941004197262,-12.98066894456,
    10.805070320558));
#9968 = CARTESIAN_POINT('',(93.261074480054,-13.4736248258,
    10.635745911432));
#9969 = CARTESIAN_POINT('',(93.59063961694,-13.96039491784,
    10.449258769741));
#9970 = CARTESIAN_POINT('',(93.928649917323,-14.44045441338,
    10.244190525556));
#9971 = CARTESIAN_POINT('',(94.273916742431,-14.91320300902,
    10.019047454687));
#9972 = CARTESIAN_POINT('',(94.893555075843,-15.73324088351,
    9.583556788649));
#9973 = CARTESIAN_POINT('',(95.165448698598,-16.08382542822,
    9.382230618608));
#9974 = CARTESIAN_POINT('',(95.440181688234,-16.42941662257,
    9.167541029297));
#9975 = CARTESIAN_POINT('',(95.71707331629,-16.76964780891,
    8.938759636312));
#9976 = CARTESIAN_POINT('',(95.995353548605,-17.10409055342,
    8.69514761042));
#9977 = CARTESIAN_POINT('',(96.27415676381,-17.43225676034,
    8.435954934117));
#9978 = CARTESIAN_POINT('',(96.891668036101,-18.14511824081,
    7.824693632979));
#9979 = CARTESIAN_POINT('',(97.230096768414,-18.52643260676,
    7.464767196531));
#9980 = CARTESIAN_POINT('',(97.566107280482,-18.89661666948,
    7.079207895719));
#9981 = CARTESIAN_POINT('',(97.897629774788,-19.25442785096,
    6.666672323929));
#9982 = CARTESIAN_POINT('',(98.222209832533,-19.59835412038,
    6.225974313481));
#9983 = CARTESIAN_POINT('',(98.537018791383,-19.92664352621,
    5.756145877885));
#9984 = CARTESIAN_POINT('',(99.056675070418,-20.46145781324,
    4.89598720604));
#9985 = CARTESIAN_POINT('',(99.267692183388,-20.67639304991,
    4.52002069787));
#9986 = CARTESIAN_POINT('',(99.470724462168,-20.88135667671,
    4.128367390726));
#9987 = CARTESIAN_POINT('',(99.664417713018,-21.07547254144,
    3.72098664856));
#9988 = CARTESIAN_POINT('',(99.847300317169,-21.2577783952,
    3.298052081189));
#9989 = CARTESIAN_POINT('',(100.01782978236,-21.42725849208,
    2.860003561779));
#9990 = CARTESIAN_POINT('',(100.2850898246,-21.69280036632,
    2.088087243196));
#9991 = CARTESIAN_POINT('',(100.38878289045,-21.79580339721,
    1.761414269901));
#9992 = CARTESIAN_POINT('',(100.48498670333,-21.89151986151,
    1.427893638606));
#9993 = CARTESIAN_POINT('',(100.57315169163,-21.97957880246,
    1.087912343896));
#9994 = CARTESIAN_POINT('',(100.65274613565,-22.05961851364,
    0.741953517728));
#9995 = CARTESIAN_POINT('',(100.72327616374,-22.13129933634,
    0.390607905391));
#9996 = CARTESIAN_POINT('',(100.84468681436,-22.25666062042,
    -0.317583110961));
#9997 = CARTESIAN_POINT('',(100.89577651229,-22.3105323717,
    -0.674356681002));
#9998 = CARTESIAN_POINT('',(100.93715612214,-22.35563714039,
    -1.035014350804));
#9999 = CARTESIAN_POINT('',(100.96847745974,-22.39172916211,
    -1.398778589915));
#10000 = CARTESIAN_POINT('',(100.9894789133,-22.41861890493,
    -1.764810697205));
#10001 = CARTESIAN_POINT('',(101.,-22.43618227723,-2.132208045276));
#10002 = CARTESIAN_POINT('',(101.,-22.44437568746,-2.5));
#10003 = PCURVE('',#7848,#10004);
#10004 = DEFINITIONAL_REPRESENTATION('',(#10005),#10104);
#10005 = B_SPLINE_CURVE_WITH_KNOTS('',7,(#10006,#10007,#10008,#10009,
    #10010,#10011,#10012,#10013,#10014,#10015,#10016,#10017,#10018,
    #10019,#10020,#10021,#10022,#10023,#10024,#10025,#10026,#10027,
    #10028,#10029,#10030,#10031,#10032,#10033,#10034,#10035,#10036,
    #10037,#10038,#10039,#10040,#10041,#10042,#10043,#10044,#10045,
    #10046,#10047,#10048,#10049,#10050,#10051,#10052,#10053,#10054,
    #10055,#10056,#10057,#10058,#10059,#10060,#10061,#10062,#10063,
    #10064,#10065,#10066,#10067,#10068,#10069,#10070,#10071,#10072,
    #10073,#10074,#10075,#10076,#10077,#10078,#10079,#10080,#10081,
    #10082,#10083,#10084,#10085,#10086,#10087,#10088,#10089,#10090,
    #10091,#10092,#10093,#10094,#10095,#10096,#10097,#10098,#10099,
    #10100,#10101,#10102,#10103),.UNSPECIFIED.,.F.,.F.,(8,6,6,6,6,6,6,6,
    6,6,6,6,6,6,6,6,8),(0.,3.146325785714E-02,6.300731939202E-02,
    0.107853017992,0.170010817013,0.221026966277,0.288066688216,
    0.386961088106,0.499999993258,0.613038898411,0.712235839734,
    0.778973039959,0.829989187665,0.892146984789,0.93699268202,
    0.968667502837,1.),.UNSPECIFIED.);
#10006 = CARTESIAN_POINT('',(0.,64.444375687463));
#10007 = CARTESIAN_POINT('',(-2.462178909323E-02,64.43614808422));
#10008 = CARTESIAN_POINT('',(-4.921706560126E-02,64.418472144016));
#10009 = CARTESIAN_POINT('',(-7.374467095023E-02,64.391391994404));
#10010 = CARTESIAN_POINT('',(-9.816781956141E-02,64.35503365114));
#10011 = CARTESIAN_POINT('',(-0.122452780225,64.309589601279));
#10012 = CARTESIAN_POINT('',(-0.146567905175,64.255309382735));
#10013 = CARTESIAN_POINT('',(-0.194459527103,64.129521621446));
#10014 = CARTESIAN_POINT('',(-0.218236973168,64.057964939649));
#10015 = CARTESIAN_POINT('',(-0.241786892534,63.978123806638));
#10016 = CARTESIAN_POINT('',(-0.265086324181,63.890333980957));
#10017 = CARTESIAN_POINT('',(-0.28811655239,63.794952790736));
#10018 = CARTESIAN_POINT('',(-0.310862344791,63.69234660149));
#10019 = CARTESIAN_POINT('',(-0.365227535514,63.427258492082));
#10020 = CARTESIAN_POINT('',(-0.396543057854,63.257778395205));
#10021 = CARTESIAN_POINT('',(-0.427229012733,63.075472541445));
#10022 = CARTESIAN_POINT('',(-0.457268053892,62.881356676719));
#10023 = CARTESIAN_POINT('',(-0.486651830593,62.676393049911));
#10024 = CARTESIAN_POINT('',(-0.515379562264,62.461457813246));
#10025 = CARTESIAN_POINT('',(-0.58237593328,61.926643526211));
#10026 = CARTESIAN_POINT('',(-0.620037638345,61.598354120386));
#10027 = CARTESIAN_POINT('',(-0.656470229157,61.254427850967));
#10028 = CARTESIAN_POINT('',(-0.691699747744,60.896616669485));
#10029 = CARTESIAN_POINT('',(-0.725755144478,60.52643260677));
#10030 = CARTESIAN_POINT('',(-0.758670344124,60.145118240818));
#10031 = CARTESIAN_POINT('',(-0.816595988021,59.432256760345));
#10032 = CARTESIAN_POINT('',(-0.841961733151,59.104090553428));
#10033 = CARTESIAN_POINT('',(-0.866601036561,58.769647808912));
#10034 = CARTESIAN_POINT('',(-0.890529689768,58.429416622572));
#10035 = CARTESIAN_POINT('',(-0.913761473063,58.083825428223));
#10036 = CARTESIAN_POINT('',(-0.936309028987,57.733240883511));
#10037 = CARTESIAN_POINT('',(-0.986929835288,56.911096252909));
#10038 = CARTESIAN_POINT('',(-1.014511618409,56.436168583075));
#10039 = CARTESIAN_POINT('',(-1.040956194307,55.953866649401));
#10040 = CARTESIAN_POINT('',(-1.066280658902,55.464798456343));
#10041 = CARTESIAN_POINT('',(-1.090496136492,54.969495323218));
#10042 = CARTESIAN_POINT('',(-1.11360985184,54.468409178824));
#10043 = CARTESIAN_POINT('',(-1.168102329931,53.21472983694));
#10044 = CARTESIAN_POINT('',(-1.198184885027,52.455877124422));
#10045 = CARTESIAN_POINT('',(-1.225886721395,51.686526593251));
#10046 = CARTESIAN_POINT('',(-1.251190889701,50.907792987297));
#10047 = CARTESIAN_POINT('',(-1.274065858908,50.120735228307));
#10048 = CARTESIAN_POINT('',(-1.294472710504,49.326351167972));
#10049 = CARTESIAN_POINT('',(-1.332829705778,47.610254404273));
#10050 = CARTESIAN_POINT('',(-1.350009619935,46.68664312917));
#10051 = CARTESIAN_POINT('',(-1.363848427014,45.756268263928));
#10052 = CARTESIAN_POINT('',(-1.374280380225,44.82072402638));
#10053 = CARTESIAN_POINT('',(-1.381253182899,43.881669670559));
#10054 = CARTESIAN_POINT('',(-1.384739525076,42.940830297727));
#10055 = CARTESIAN_POINT('',(-1.384739525076,41.059169702272));
#10056 = CARTESIAN_POINT('',(-1.381253182899,40.118330329444));
#10057 = CARTESIAN_POINT('',(-1.374280380225,39.179275973618));
#10058 = CARTESIAN_POINT('',(-1.363848427014,38.243731736072));
#10059 = CARTESIAN_POINT('',(-1.350009619935,37.313356870831));
#10060 = CARTESIAN_POINT('',(-1.332829705778,36.389745595727));
#10061 = CARTESIAN_POINT('',(-1.294417954692,34.671199050122));
#10062 = CARTESIAN_POINT('',(-1.273940990899,33.874405046062));
#10063 = CARTESIAN_POINT('',(-1.250980913427,33.084984978016));
#10064 = CARTESIAN_POINT('',(-1.225576983384,32.303945813371));
#10065 = CARTESIAN_POINT('',(-1.197760969785,31.532356731584));
#10066 = CARTESIAN_POINT('',(-1.1675498612,30.771343747833));
#10067 = CARTESIAN_POINT('',(-1.112983730727,29.518026067337));
#10068 = CARTESIAN_POINT('',(-1.089949566663,29.019331055431));
#10069 = CARTESIAN_POINT('',(-1.065823439518,28.526375174192));
#10070 = CARTESIAN_POINT('',(-1.04059815607,28.039605082159));
#10071 = CARTESIAN_POINT('',(-1.01426268304,27.559545586619));
#10072 = CARTESIAN_POINT('',(-0.986800118825,27.086796990977));
#10073 = CARTESIAN_POINT('',(-0.936309028987,26.266759116487));
#10074 = CARTESIAN_POINT('',(-0.913761473064,25.916174571779));
#10075 = CARTESIAN_POINT('',(-0.890529689767,25.570583377428));
#10076 = CARTESIAN_POINT('',(-0.866601036561,25.230352191087));
#10077 = CARTESIAN_POINT('',(-0.841961733151,24.895909446574));
#10078 = CARTESIAN_POINT('',(-0.816595988021,24.567743239654));
#10079 = CARTESIAN_POINT('',(-0.758670344124,23.854881759181));
#10080 = CARTESIAN_POINT('',(-0.725755144478,23.473567393231));
#10081 = CARTESIAN_POINT('',(-0.691699747744,23.103383330515));
#10082 = CARTESIAN_POINT('',(-0.656470229157,22.745572149033));
#10083 = CARTESIAN_POINT('',(-0.620037638345,22.401645879614));
#10084 = CARTESIAN_POINT('',(-0.58237593328,22.073356473789));
#10085 = CARTESIAN_POINT('',(-0.515379562264,21.538542186754));
#10086 = CARTESIAN_POINT('',(-0.486651830592,21.323606950087));
#10087 = CARTESIAN_POINT('',(-0.457268053892,21.118643323282));
#10088 = CARTESIAN_POINT('',(-0.427229012734,20.924527458556));
#10089 = CARTESIAN_POINT('',(-0.396543057854,20.742221604794));
#10090 = CARTESIAN_POINT('',(-0.365227535514,20.572741507919));
#10091 = CARTESIAN_POINT('',(-0.310769285121,20.307199633673));
#10092 = CARTESIAN_POINT('',(-0.287927959333,20.204196602786));
#10093 = CARTESIAN_POINT('',(-0.264799883583,20.108480138489));
#10094 = CARTESIAN_POINT('',(-0.241400499984,20.020421197539));
#10095 = CARTESIAN_POINT('',(-0.217748788478,19.940381486353));
#10096 = CARTESIAN_POINT('',(-0.193868045298,19.868700663656));
#10097 = CARTESIAN_POINT('',(-0.14596652309,19.743339379577));
#10098 = CARTESIAN_POINT('',(-0.121948111084,19.689467628293));
#10099 = CARTESIAN_POINT('',(-9.776178457967E-02,19.644362859606));
#10100 = CARTESIAN_POINT('',(-7.343883984384E-02,19.608270837882));
#10101 = CARTESIAN_POINT('',(-4.901261946464E-02,19.581381095068));
#10102 = CARTESIAN_POINT('',(-2.451946364827E-02,19.563817722766));
#10103 = CARTESIAN_POINT('',(0.,19.555624312537));
#10104 = ( GEOMETRIC_REPRESENTATION_CONTEXT(2) 
PARAMETRIC_REPRESENTATION_CONTEXT() REPRESENTATION_CONTEXT('2D SPACE',''
  ) );
#10105 = PCURVE('',#10106,#10111);
#10106 = SPHERICAL_SURFACE('',#10107,23.);
#10107 = AXIS2_PLACEMENT_3D('',#10108,#10109,#10110);
#10108 = CARTESIAN_POINT('',(106.,0.,-3.));
#10109 = DIRECTION('',(0.,0.,1.));
#10110 = DIRECTION('',(1.,0.,-0.));
#10111 = DEFINITIONAL_REPRESENTATION('',(#10112),#10211);
#10112 = B_SPLINE_CURVE_WITH_KNOTS('',7,(#10113,#10114,#10115,#10116,
    #10117,#10118,#10119,#10120,#10121,#10122,#10123,#10124,#10125,
    #10126,#10127,#10128,#10129,#10130,#10131,#10132,#10133,#10134,
    #10135,#10136,#10137,#10138,#10139,#10140,#10141,#10142,#10143,
    #10144,#10145,#10146,#10147,#10148,#10149,#10150,#10151,#10152,
    #10153,#10154,#10155,#10156,#10157,#10158,#10159,#10160,#10161,
    #10162,#10163,#10164,#10165,#10166,#10167,#10168,#10169,#10170,
    #10171,#10172,#10173,#10174,#10175,#10176,#10177,#10178,#10179,
    #10180,#10181,#10182,#10183,#10184,#10185,#10186,#10187,#10188,
    #10189,#10190,#10191,#10192,#10193,#10194,#10195,#10196,#10197,
    #10198,#10199,#10200,#10201,#10202,#10203,#10204,#10205,#10206,
    #10207,#10208,#10209,#10210),.UNSPECIFIED.,.F.,.F.,(8,6,6,6,6,6,6,6,
    6,6,6,6,6,6,6,6,8),(0.,3.146325785714E-02,6.300731939202E-02,
    0.107853017992,0.170010817013,0.221026966277,0.288066688216,
    0.386961088106,0.499999993258,0.613038898411,0.712235839734,
    0.778973039959,0.829989187665,0.892146984789,0.93699268202,
    0.968667502837,1.),.UNSPECIFIED.);
#10113 = CARTESIAN_POINT('',(1.789990031818,2.174084308088E-02));
#10114 = CARTESIAN_POINT('',(1.790067834213,3.78023273152E-02));
#10115 = CARTESIAN_POINT('',(1.790685381133,5.385306144972E-02));
#10116 = CARTESIAN_POINT('',(1.79184139137,6.985704177328E-02));
#10117 = CARTESIAN_POINT('',(1.793530695452,8.57811482563E-02));
#10118 = CARTESIAN_POINT('',(1.795745084988,0.101594586617));
#10119 = CARTESIAN_POINT('',(1.798473714619,0.117268489607));
#10120 = CARTESIAN_POINT('',(1.804940692157,0.148322690867));
#10121 = CARTESIAN_POINT('',(1.808681886401,0.163703414917));
#10122 = CARTESIAN_POINT('',(1.812913427114,0.178891726139));
#10123 = CARTESIAN_POINT('',(1.817620273682,0.193865799399));
#10124 = CARTESIAN_POINT('',(1.82278628936,0.208607391217));
#10125 = CARTESIAN_POINT('',(1.82839476806,0.223101366954));
#10126 = CARTESIAN_POINT('',(1.843007181455,0.257571876188));
#10127 = CARTESIAN_POINT('',(1.852445350105,0.277282315633));
#10128 = CARTESIAN_POINT('',(1.862695831155,0.296434976712));
#10129 = CARTESIAN_POINT('',(1.873711239513,0.315008919551));
#10130 = CARTESIAN_POINT('',(1.885445584922,0.332991931102));
#10131 = CARTESIAN_POINT('',(1.897855748832,0.35037911399));
#10132 = CARTESIAN_POINT('',(1.928987184945,0.390448065441));
#10133 = CARTESIAN_POINT('',(1.948291207951,0.412577275352));
#10134 = CARTESIAN_POINT('',(1.968715131229,0.433570102538));
#10135 = CARTESIAN_POINT('',(1.990164712951,0.453443425123));
#10136 = CARTESIAN_POINT('',(2.012551389895,0.47222211438));
#10137 = CARTESIAN_POINT('',(2.035794783637,0.489938838503));
#10138 = CARTESIAN_POINT('',(2.079552985266,0.520333482817));
#10139 = CARTESIAN_POINT('',(2.099807003786,0.53334323932));
#10140 = CARTESIAN_POINT('',(2.120550413601,0.545681917341));
#10141 = CARTESIAN_POINT('',(2.141744487159,0.557369716163));
#10142 = CARTESIAN_POINT('',(2.163351641216,0.568427488154));
#10143 = CARTESIAN_POINT('',(2.185336166673,0.578877046445));
#10144 = CARTESIAN_POINT('',(2.237007699124,0.601703040543));
#10145 = CARTESIAN_POINT('',(2.26694240156,0.61365262249));
#10146 = CARTESIAN_POINT('',(2.297394587144,0.624641179484));
#10147 = CARTESIAN_POINT('',(2.328290429263,0.634719469081));
#10148 = CARTESIAN_POINT('',(2.359559707326,0.643939253734));
#10149 = CARTESIAN_POINT('',(2.391138490565,0.652353576623));
#10150 = CARTESIAN_POINT('',(2.469931238984,0.671318330659));
#10151 = CARTESIAN_POINT('',(2.517437539671,0.680982307609));
#10152 = CARTESIAN_POINT('',(2.565314050396,0.689179199205));
#10153 = CARTESIAN_POINT('',(2.613404311729,0.696076661835));
#10154 = CARTESIAN_POINT('',(2.661586962408,0.701839948142));
#10155 = CARTESIAN_POINT('',(2.709782363269,0.706622342275));
#10156 = CARTESIAN_POINT('',(2.813003541494,0.715056268583));
#10157 = CARTESIAN_POINT('',(2.868016586844,0.718447918116));
#10158 = CARTESIAN_POINT('',(2.922916150637,0.720932448913));
#10159 = CARTESIAN_POINT('',(2.977685042779,0.722676611822));
#10160 = CARTESIAN_POINT('',(3.032353444566,0.723799875442));
#10161 = CARTESIAN_POINT('',(3.086973311257,0.724361477752));
#10162 = CARTESIAN_POINT('',(3.196211995923,0.724361477752));
#10163 = CARTESIAN_POINT('',(3.250831862613,0.723799875442));
#10164 = CARTESIAN_POINT('',(3.305500264401,0.722676611822));
#10165 = CARTESIAN_POINT('',(3.360269156542,0.720932448913));
#10166 = CARTESIAN_POINT('',(3.415168720335,0.718447918116));
#10167 = CARTESIAN_POINT('',(3.470181765685,0.715056268583));
#10168 = CARTESIAN_POINT('',(3.573550295377,0.706610302581));
#10169 = CARTESIAN_POINT('',(3.621893189442,0.701810682447));
#10170 = CARTESIAN_POINT('',(3.670223130837,0.696023748429));
#10171 = CARTESIAN_POINT('',(3.718459651791,0.689094744316));
#10172 = CARTESIAN_POINT('',(3.766480006164,0.680856817772));
#10173 = CARTESIAN_POINT('',(3.814125941274,0.671140751275));
#10174 = CARTESIAN_POINT('',(3.892901693275,0.652125520178));
#10175 = CARTESIAN_POINT('',(3.924331012245,0.643731063844));
#10176 = CARTESIAN_POINT('',(3.955452463092,0.634537454001));
#10177 = CARTESIAN_POINT('',(3.986202907058,0.624492373563));
#10178 = CARTESIAN_POINT('',(4.016513039795,0.613544763122));
#10179 = CARTESIAN_POINT('',(4.046310017018,0.601644548642));
#10180 = CARTESIAN_POINT('',(4.097849140506,0.578877046445));
#10181 = CARTESIAN_POINT('',(4.119833665963,0.568427488154));
#10182 = CARTESIAN_POINT('',(4.141440820021,0.557369716163));
#10183 = CARTESIAN_POINT('',(4.162634893579,0.545681917341));
#10184 = CARTESIAN_POINT('',(4.183378303394,0.53334323932));
#10185 = CARTESIAN_POINT('',(4.203632321913,0.520333482817));
#10186 = CARTESIAN_POINT('',(4.247390523542,0.489938838503));
#10187 = CARTESIAN_POINT('',(4.270633917285,0.47222211438));
#10188 = CARTESIAN_POINT('',(4.293020594229,0.453443425123));
#10189 = CARTESIAN_POINT('',(4.314470175951,0.433570102538));
#10190 = CARTESIAN_POINT('',(4.334894099229,0.412577275352));
#10191 = CARTESIAN_POINT('',(4.354198122235,0.390448065441));
#10192 = CARTESIAN_POINT('',(4.385329558347,0.35037911399));
#10193 = CARTESIAN_POINT('',(4.397739722257,0.332991931102));
#10194 = CARTESIAN_POINT('',(4.409474067667,0.315008919551));
#10195 = CARTESIAN_POINT('',(4.420489476025,0.296434976712));
#10196 = CARTESIAN_POINT('',(4.430739957075,0.277282315632));
#10197 = CARTESIAN_POINT('',(4.440178125724,0.257571876188));
#10198 = CARTESIAN_POINT('',(4.454815551933,0.223042362026));
#10199 = CARTESIAN_POINT('',(4.460445511336,0.208487215573));
#10200 = CARTESIAN_POINT('',(4.465629260267,0.193682446125));
#10201 = CARTESIAN_POINT('',(4.470349884183,0.178643393315));
#10202 = CARTESIAN_POINT('',(4.474591050101,0.163388555457));
#10203 = CARTESIAN_POINT('',(4.478337544452,0.147940072186));
#10204 = CARTESIAN_POINT('',(4.48477950011,0.116877606825));
#10205 = CARTESIAN_POINT('',(4.487486147185,0.101265961798));
#10206 = CARTESIAN_POINT('',(4.489682640929,8.551640869972E-02));
#10207 = CARTESIAN_POINT('',(4.491358301878,6.965749036538E-02));
#10208 = CARTESIAN_POINT('',(4.492505049724,5.37196411993E-02));
#10209 = CARTESIAN_POINT('',(4.493117796305,3.773557755486E-02));
#10210 = CARTESIAN_POINT('',(4.493195275362,2.174084308088E-02));
#10211 = ( GEOMETRIC_REPRESENTATION_CONTEXT(2) 
PARAMETRIC_REPRESENTATION_CONTEXT() REPRESENTATION_CONTEXT('2D SPACE',''
  ) );
#10212 = ORIENTED_EDGE('',*,*,#10213,.F.);
#10213 = EDGE_CURVE('',#9826,#9901,#10214,.T.);
#10214 = SURFACE_CURVE('',#10215,(#10219,#10226),.PCURVE_S1.);
#10215 = LINE('',#10216,#10217);
#10216 = CARTESIAN_POINT('',(101.,-42.,-2.5));
#10217 = VECTOR('',#10218,1.);
#10218 = DIRECTION('',(-0.,1.,0.));
#10219 = PCURVE('',#7848,#10220);
#10220 = DEFINITIONAL_REPRESENTATION('',(#10221),#10225);
#10221 = LINE('',#10222,#10223);
#10222 = CARTESIAN_POINT('',(-0.,0.));
#10223 = VECTOR('',#10224,1.);
#10224 = DIRECTION('',(-0.,1.));
#10225 = ( GEOMETRIC_REPRESENTATION_CONTEXT(2) 
PARAMETRIC_REPRESENTATION_CONTEXT() REPRESENTATION_CONTEXT('2D SPACE',''
  ) );
#10226 = PCURVE('',#10227,#10232);
#10227 = PLANE('',#10228);
#10228 = AXIS2_PLACEMENT_3D('',#10229,#10230,#10231);
#10229 = CARTESIAN_POINT('',(101.,-42.,-32.5));
#10230 = DIRECTION('',(1.,0.,-0.));
#10231 = DIRECTION('',(0.,0.,1.));
#10232 = DEFINITIONAL_REPRESENTATION('',(#10233),#10237);
#10233 = LINE('',#10234,#10235);
#10234 = CARTESIAN_POINT('',(30.,0.));
#10235 = VECTOR('',#10236,1.);
#10236 = DIRECTION('',(0.,-1.));
#10237 = ( GEOMETRIC_REPRESENTATION_CONTEXT(2) 
PARAMETRIC_REPRESENTATION_CONTEXT() REPRESENTATION_CONTEXT('2D SPACE',''
  ) );
#10238 = ADVANCED_FACE('',(#10239),#7927,.T.);
#10239 = FACE_BOUND('',#10240,.T.);
#10240 = EDGE_LOOP('',(#10241));
#10241 = ORIENTED_EDGE('',*,*,#7912,.T.);
#10242 = ADVANCED_FACE('',(#10243),#8012,.T.);
#10243 = FACE_BOUND('',#10244,.T.);
#10244 = EDGE_LOOP('',(#10245,#10246,#10247,#10270));
#10245 = ORIENTED_EDGE('',*,*,#7994,.F.);
#10246 = ORIENTED_EDGE('',*,*,#8226,.T.);
#10247 = ORIENTED_EDGE('',*,*,#10248,.T.);
#10248 = EDGE_CURVE('',#8205,#10249,#10251,.T.);
#10249 = VERTEX_POINT('',#10250);
#10250 = CARTESIAN_POINT('',(28.5,-37.23642272916,50.353240435297));
#10251 = SURFACE_CURVE('',#10252,(#10256,#10263),.PCURVE_S1.);
#10252 = LINE('',#10253,#10254);
#10253 = CARTESIAN_POINT('',(28.5,-39.04815604488,43.591759651274));
#10254 = VECTOR('',#10255,1.);
#10255 = DIRECTION('',(0.,0.258819045103,0.965925826289));
#10256 = PCURVE('',#8012,#10257);
#10257 = DEFINITIONAL_REPRESENTATION('',(#10258),#10262);
#10258 = LINE('',#10259,#10260);
#10259 = CARTESIAN_POINT('',(1.570796326795,0.));
#10260 = VECTOR('',#10261,1.);
#10261 = DIRECTION('',(0.,1.));
#10262 = ( GEOMETRIC_REPRESENTATION_CONTEXT(2) 
PARAMETRIC_REPRESENTATION_CONTEXT() REPRESENTATION_CONTEXT('2D SPACE',''
  ) );
#10263 = PCURVE('',#8393,#10264);
#10264 = DEFINITIONAL_REPRESENTATION('',(#10265),#10269);
#10265 = LINE('',#10266,#10267);
#10266 = CARTESIAN_POINT('',(0.,5.));
#10267 = VECTOR('',#10268,1.);
#10268 = DIRECTION('',(1.,0.));
#10269 = ( GEOMETRIC_REPRESENTATION_CONTEXT(2) 
PARAMETRIC_REPRESENTATION_CONTEXT() REPRESENTATION_CONTEXT('2D SPACE',''
  ) );
#10270 = ORIENTED_EDGE('',*,*,#10271,.F.);
#10271 = EDGE_CURVE('',#7997,#10249,#10272,.T.);
#10272 = SURFACE_CURVE('',#10273,(#10278,#10285),.PCURVE_S1.);
#10273 = CIRCLE('',#10274,5.);
#10274 = AXIS2_PLACEMENT_3D('',#10275,#10276,#10277);
#10275 = CARTESIAN_POINT('',(28.5,-32.40679359772,49.059145209785));
#10276 = DIRECTION('',(0.,0.258819045103,0.965925826289));
#10277 = DIRECTION('',(-1.,0.,0.));
#10278 = PCURVE('',#8012,#10279);
#10279 = DEFINITIONAL_REPRESENTATION('',(#10280),#10284);
#10280 = LINE('',#10281,#10282);
#10281 = CARTESIAN_POINT('',(0.,7.));
#10282 = VECTOR('',#10283,1.);
#10283 = DIRECTION('',(1.,0.));
#10284 = ( GEOMETRIC_REPRESENTATION_CONTEXT(2) 
PARAMETRIC_REPRESENTATION_CONTEXT() REPRESENTATION_CONTEXT('2D SPACE',''
  ) );
#10285 = PCURVE('',#8086,#10286);
#10286 = DEFINITIONAL_REPRESENTATION('',(#10287),#10291);
#10287 = LINE('',#10288,#10289);
#10288 = CARTESIAN_POINT('',(-0.,0.));
#10289 = VECTOR('',#10290,1.);
#10290 = DIRECTION('',(-1.,0.));
#10291 = ( GEOMETRIC_REPRESENTATION_CONTEXT(2) 
PARAMETRIC_REPRESENTATION_CONTEXT() REPRESENTATION_CONTEXT('2D SPACE',''
  ) );
#10292 = ADVANCED_FACE('',(#10293),#8086,.T.);
#10293 = FACE_BOUND('',#10294,.F.);
#10294 = EDGE_LOOP('',(#10295,#10296,#10321));
#10295 = ORIENTED_EDGE('',*,*,#8070,.F.);
#10296 = ORIENTED_EDGE('',*,*,#10297,.T.);
#10297 = EDGE_CURVE('',#8071,#10249,#10298,.T.);
#10298 = SURFACE_CURVE('',#10299,(#10304,#10310),.PCURVE_S1.);
#10299 = CIRCLE('',#10300,5.);
#10300 = AXIS2_PLACEMENT_3D('',#10301,#10302,#10303);
#10301 = CARTESIAN_POINT('',(28.5,-32.40679359772,49.059145209785));
#10302 = DIRECTION('',(1.,-5.914589856893E-17,1.584809575716E-17));
#10303 = DIRECTION('',(-6.123233995737E-17,-0.965925826289,
    0.258819045103));
#10304 = PCURVE('',#8086,#10305);
#10305 = DEFINITIONAL_REPRESENTATION('',(#10306),#10309);
#10306 = B_SPLINE_CURVE_WITH_KNOTS('',1,(#10307,#10308),.UNSPECIFIED.,
  .F.,.F.,(2,2),(4.712388980385,6.28318530718),
  .PIECEWISE_BEZIER_KNOTS.);
#10307 = CARTESIAN_POINT('',(-1.570796326795,-1.570796326795));
#10308 = CARTESIAN_POINT('',(-1.570796326795,0.));
#10309 = ( GEOMETRIC_REPRESENTATION_CONTEXT(2) 
PARAMETRIC_REPRESENTATION_CONTEXT() REPRESENTATION_CONTEXT('2D SPACE',''
  ) );
#10310 = PCURVE('',#10311,#10316);
#10311 = CYLINDRICAL_SURFACE('',#10312,5.);
#10312 = AXIS2_PLACEMENT_3D('',#10313,#10314,#10315);
#10313 = CARTESIAN_POINT('',(23.5,-32.40679359772,49.059145209785));
#10314 = DIRECTION('',(1.,0.,0.));
#10315 = DIRECTION('',(0.,-0.965925826289,0.258819045103));
#10316 = DEFINITIONAL_REPRESENTATION('',(#10317),#10320);
#10317 = B_SPLINE_CURVE_WITH_KNOTS('',1,(#10318,#10319),.UNSPECIFIED.,
  .F.,.F.,(2,2),(4.712388980385,6.28318530718),
  .PIECEWISE_BEZIER_KNOTS.);
#10318 = CARTESIAN_POINT('',(-1.570796326795,5.));
#10319 = CARTESIAN_POINT('',(0.,5.));
#10320 = ( GEOMETRIC_REPRESENTATION_CONTEXT(2) 
PARAMETRIC_REPRESENTATION_CONTEXT() REPRESENTATION_CONTEXT('2D SPACE',''
  ) );
#10321 = ORIENTED_EDGE('',*,*,#10271,.F.);
#10322 = ADVANCED_FACE('',(#10323),#8113,.T.);
#10323 = FACE_BOUND('',#10324,.T.);
#10324 = EDGE_LOOP('',(#10325,#10326,#10349,#10375));
#10325 = ORIENTED_EDGE('',*,*,#8097,.F.);
#10326 = ORIENTED_EDGE('',*,*,#10327,.T.);
#10327 = EDGE_CURVE('',#8071,#10328,#10330,.T.);
#10328 = VERTEX_POINT('',#10329);
#10329 = CARTESIAN_POINT('',(61.5,-31.1126983722,53.88877434123));
#10330 = SURFACE_CURVE('',#10331,(#10335,#10342),.PCURVE_S1.);
#10331 = LINE('',#10332,#10333);
#10332 = CARTESIAN_POINT('',(23.5,-31.1126983722,53.88877434123));
#10333 = VECTOR('',#10334,1.);
#10334 = DIRECTION('',(1.,0.,0.));
#10335 = PCURVE('',#8113,#10336);
#10336 = DEFINITIONAL_REPRESENTATION('',(#10337),#10341);
#10337 = LINE('',#10338,#10339);
#10338 = CARTESIAN_POINT('',(0.,5.));
#10339 = VECTOR('',#10340,1.);
#10340 = DIRECTION('',(1.,0.));
#10341 = ( GEOMETRIC_REPRESENTATION_CONTEXT(2) 
PARAMETRIC_REPRESENTATION_CONTEXT() REPRESENTATION_CONTEXT('2D SPACE',''
  ) );
#10342 = PCURVE('',#10311,#10343);
#10343 = DEFINITIONAL_REPRESENTATION('',(#10344),#10348);
#10344 = LINE('',#10345,#10346);
#10345 = CARTESIAN_POINT('',(-1.570796326795,0.));
#10346 = VECTOR('',#10347,1.);
#10347 = DIRECTION('',(-0.,1.));
#10348 = ( GEOMETRIC_REPRESENTATION_CONTEXT(2) 
PARAMETRIC_REPRESENTATION_CONTEXT() REPRESENTATION_CONTEXT('2D SPACE',''
  ) );
#10349 = ORIENTED_EDGE('',*,*,#10350,.T.);
#10350 = EDGE_CURVE('',#10328,#8254,#10351,.T.);
#10351 = SURFACE_CURVE('',#10352,(#10356,#10363),.PCURVE_S1.);
#10352 = LINE('',#10353,#10354);
#10353 = CARTESIAN_POINT('',(61.5,-35.94232750365,55.182869566743));
#10354 = VECTOR('',#10355,1.);
#10355 = DIRECTION('',(0.,0.965925826289,-0.258819045103));
#10356 = PCURVE('',#8113,#10357);
#10357 = DEFINITIONAL_REPRESENTATION('',(#10358),#10362);
#10358 = LINE('',#10359,#10360);
#10359 = CARTESIAN_POINT('',(38.,0.));
#10360 = VECTOR('',#10361,1.);
#10361 = DIRECTION('',(0.,1.));
#10362 = ( GEOMETRIC_REPRESENTATION_CONTEXT(2) 
PARAMETRIC_REPRESENTATION_CONTEXT() REPRESENTATION_CONTEXT('2D SPACE',''
  ) );
#10363 = PCURVE('',#10364,#10369);
#10364 = CYLINDRICAL_SURFACE('',#10365,5.);
#10365 = AXIS2_PLACEMENT_3D('',#10366,#10367,#10368);
#10366 = CARTESIAN_POINT('',(61.5,-37.23642272916,50.353240435297));
#10367 = DIRECTION('',(0.,0.965925826289,-0.258819045103));
#10368 = DIRECTION('',(1.,0.,0.));
#10369 = DEFINITIONAL_REPRESENTATION('',(#10370),#10374);
#10370 = LINE('',#10371,#10372);
#10371 = CARTESIAN_POINT('',(-1.570796326795,0.));
#10372 = VECTOR('',#10373,1.);
#10373 = DIRECTION('',(-0.,1.));
#10374 = ( GEOMETRIC_REPRESENTATION_CONTEXT(2) 
PARAMETRIC_REPRESENTATION_CONTEXT() REPRESENTATION_CONTEXT('2D SPACE',''
  ) );
#10375 = ORIENTED_EDGE('',*,*,#8253,.F.);
#10376 = ADVANCED_FACE('',(#10377),#8292,.T.);
#10377 = FACE_BOUND('',#10378,.T.);
#10378 = EDGE_LOOP('',(#10379,#10401,#10402));
#10379 = ORIENTED_EDGE('',*,*,#10380,.F.);
#10380 = EDGE_CURVE('',#8277,#10381,#10383,.T.);
#10381 = VERTEX_POINT('',#10382);
#10382 = CARTESIAN_POINT('',(66.5,-24.6793869874,46.988592848964));
#10383 = SURFACE_CURVE('',#10384,(#10389,#10395),.PCURVE_S1.);
#10384 = CIRCLE('',#10385,5.);
#10385 = AXIS2_PLACEMENT_3D('',#10386,#10387,#10388);
#10386 = CARTESIAN_POINT('',(61.5,-24.6793869874,46.988592848964));
#10387 = DIRECTION('',(0.,-0.258819045103,-0.965925826289));
#10388 = DIRECTION('',(1.,0.,0.));
#10389 = PCURVE('',#8292,#10390);
#10390 = DEFINITIONAL_REPRESENTATION('',(#10391),#10394);
#10391 = B_SPLINE_CURVE_WITH_KNOTS('',1,(#10392,#10393),.UNSPECIFIED.,
  .F.,.F.,(2,2),(4.712388980385,6.28318530718),
  .PIECEWISE_BEZIER_KNOTS.);
#10392 = CARTESIAN_POINT('',(0.,-1.570796326795));
#10393 = CARTESIAN_POINT('',(0.,0.));
#10394 = ( GEOMETRIC_REPRESENTATION_CONTEXT(2) 
PARAMETRIC_REPRESENTATION_CONTEXT() REPRESENTATION_CONTEXT('2D SPACE',''
  ) );
#10395 = PCURVE('',#8447,#10396);
#10396 = DEFINITIONAL_REPRESENTATION('',(#10397),#10400);
#10397 = B_SPLINE_CURVE_WITH_KNOTS('',1,(#10398,#10399),.UNSPECIFIED.,
  .F.,.F.,(2,2),(4.712388980385,6.28318530718),
  .PIECEWISE_BEZIER_KNOTS.);
#10398 = CARTESIAN_POINT('',(1.570796326795,7.));
#10399 = CARTESIAN_POINT('',(0.,7.));
#10400 = ( GEOMETRIC_REPRESENTATION_CONTEXT(2) 
PARAMETRIC_REPRESENTATION_CONTEXT() REPRESENTATION_CONTEXT('2D SPACE',''
  ) );
#10401 = ORIENTED_EDGE('',*,*,#8276,.T.);
#10402 = ORIENTED_EDGE('',*,*,#10403,.F.);
#10403 = EDGE_CURVE('',#10381,#8254,#10404,.T.);
#10404 = SURFACE_CURVE('',#10405,(#10410,#10417),.PCURVE_S1.);
#10405 = CIRCLE('',#10406,5.);
#10406 = AXIS2_PLACEMENT_3D('',#10407,#10408,#10409);
#10407 = CARTESIAN_POINT('',(61.5,-24.6793869874,46.988592848964));
#10408 = DIRECTION('',(0.,-0.965925826289,0.258819045103));
#10409 = DIRECTION('',(1.,0.,0.));
#10410 = PCURVE('',#8292,#10411);
#10411 = DEFINITIONAL_REPRESENTATION('',(#10412),#10416);
#10412 = LINE('',#10413,#10414);
#10413 = CARTESIAN_POINT('',(0.,0.));
#10414 = VECTOR('',#10415,1.);
#10415 = DIRECTION('',(1.,0.));
#10416 = ( GEOMETRIC_REPRESENTATION_CONTEXT(2) 
PARAMETRIC_REPRESENTATION_CONTEXT() REPRESENTATION_CONTEXT('2D SPACE',''
  ) );
#10417 = PCURVE('',#10364,#10418);
#10418 = DEFINITIONAL_REPRESENTATION('',(#10419),#10423);
#10419 = LINE('',#10420,#10421);
#10420 = CARTESIAN_POINT('',(-0.,13.));
#10421 = VECTOR('',#10422,1.);
#10422 = DIRECTION('',(-1.,0.));
#10423 = ( GEOMETRIC_REPRESENTATION_CONTEXT(2) 
PARAMETRIC_REPRESENTATION_CONTEXT() REPRESENTATION_CONTEXT('2D SPACE',''
  ) );
#10424 = ADVANCED_FACE('',(#10425),#8393,.F.);
#10425 = FACE_BOUND('',#10426,.F.);
#10426 = EDGE_LOOP('',(#10427,#10428,#10451,#10477));
#10427 = ORIENTED_EDGE('',*,*,#10248,.T.);
#10428 = ORIENTED_EDGE('',*,*,#10429,.T.);
#10429 = EDGE_CURVE('',#10249,#10430,#10432,.T.);
#10430 = VERTEX_POINT('',#10431);
#10431 = CARTESIAN_POINT('',(61.5,-37.23642272916,50.353240435297));
#10432 = SURFACE_CURVE('',#10433,(#10437,#10444),.PCURVE_S1.);
#10433 = LINE('',#10434,#10435);
#10434 = CARTESIAN_POINT('',(23.5,-37.23642272916,50.353240435297));
#10435 = VECTOR('',#10436,1.);
#10436 = DIRECTION('',(1.,0.,0.));
#10437 = PCURVE('',#8393,#10438);
#10438 = DEFINITIONAL_REPRESENTATION('',(#10439),#10443);
#10439 = LINE('',#10440,#10441);
#10440 = CARTESIAN_POINT('',(7.,0.));
#10441 = VECTOR('',#10442,1.);
#10442 = DIRECTION('',(0.,1.));
#10443 = ( GEOMETRIC_REPRESENTATION_CONTEXT(2) 
PARAMETRIC_REPRESENTATION_CONTEXT() REPRESENTATION_CONTEXT('2D SPACE',''
  ) );
#10444 = PCURVE('',#10311,#10445);
#10445 = DEFINITIONAL_REPRESENTATION('',(#10446),#10450);
#10446 = LINE('',#10447,#10448);
#10447 = CARTESIAN_POINT('',(-0.,0.));
#10448 = VECTOR('',#10449,1.);
#10449 = DIRECTION('',(-0.,1.));
#10450 = ( GEOMETRIC_REPRESENTATION_CONTEXT(2) 
PARAMETRIC_REPRESENTATION_CONTEXT() REPRESENTATION_CONTEXT('2D SPACE',''
  ) );
#10451 = ORIENTED_EDGE('',*,*,#10452,.F.);
#10452 = EDGE_CURVE('',#8353,#10430,#10453,.T.);
#10453 = SURFACE_CURVE('',#10454,(#10458,#10465),.PCURVE_S1.);
#10454 = LINE('',#10455,#10456);
#10455 = CARTESIAN_POINT('',(61.5,-39.04815604488,43.591759651274));
#10456 = VECTOR('',#10457,1.);
#10457 = DIRECTION('',(0.,0.258819045103,0.965925826289));
#10458 = PCURVE('',#8393,#10459);
#10459 = DEFINITIONAL_REPRESENTATION('',(#10460),#10464);
#10460 = LINE('',#10461,#10462);
#10461 = CARTESIAN_POINT('',(0.,38.));
#10462 = VECTOR('',#10463,1.);
#10463 = DIRECTION('',(1.,0.));
#10464 = ( GEOMETRIC_REPRESENTATION_CONTEXT(2) 
PARAMETRIC_REPRESENTATION_CONTEXT() REPRESENTATION_CONTEXT('2D SPACE',''
  ) );
#10465 = PCURVE('',#10466,#10471);
#10466 = CYLINDRICAL_SURFACE('',#10467,5.);
#10467 = AXIS2_PLACEMENT_3D('',#10468,#10469,#10470);
#10468 = CARTESIAN_POINT('',(61.5,-34.21852691343,42.297664425761));
#10469 = DIRECTION('',(0.,0.258819045103,0.965925826289));
#10470 = DIRECTION('',(1.,0.,0.));
#10471 = DEFINITIONAL_REPRESENTATION('',(#10472),#10476);
#10472 = LINE('',#10473,#10474);
#10473 = CARTESIAN_POINT('',(-1.570796326795,0.));
#10474 = VECTOR('',#10475,1.);
#10475 = DIRECTION('',(-0.,1.));
#10476 = ( GEOMETRIC_REPRESENTATION_CONTEXT(2) 
PARAMETRIC_REPRESENTATION_CONTEXT() REPRESENTATION_CONTEXT('2D SPACE',''
  ) );
#10477 = ORIENTED_EDGE('',*,*,#8379,.F.);
#10478 = ADVANCED_FACE('',(#10479),#8368,.T.);
#10479 = FACE_BOUND('',#10480,.F.);
#10480 = EDGE_LOOP('',(#10481,#10503,#10504));
#10481 = ORIENTED_EDGE('',*,*,#10482,.F.);
#10482 = EDGE_CURVE('',#8330,#10483,#10485,.T.);
#10483 = VERTEX_POINT('',#10484);
#10484 = CARTESIAN_POINT('',(66.5,-32.92443168792,47.127293557206));
#10485 = SURFACE_CURVE('',#10486,(#10491,#10497),.PCURVE_S1.);
#10486 = CIRCLE('',#10487,5.);
#10487 = AXIS2_PLACEMENT_3D('',#10488,#10489,#10490);
#10488 = CARTESIAN_POINT('',(61.5,-32.92443168792,47.127293557206));
#10489 = DIRECTION('',(0.,-0.965925826289,0.258819045103));
#10490 = DIRECTION('',(1.,0.,0.));
#10491 = PCURVE('',#8368,#10492);
#10492 = DEFINITIONAL_REPRESENTATION('',(#10493),#10496);
#10493 = B_SPLINE_CURVE_WITH_KNOTS('',1,(#10494,#10495),.UNSPECIFIED.,
  .F.,.F.,(2,2),(4.712388980385,6.28318530718),
  .PIECEWISE_BEZIER_KNOTS.);
#10494 = CARTESIAN_POINT('',(0.,-1.570796326795));
#10495 = CARTESIAN_POINT('',(0.,0.));
#10496 = ( GEOMETRIC_REPRESENTATION_CONTEXT(2) 
PARAMETRIC_REPRESENTATION_CONTEXT() REPRESENTATION_CONTEXT('2D SPACE',''
  ) );
#10497 = PCURVE('',#8480,#10498);
#10498 = DEFINITIONAL_REPRESENTATION('',(#10499),#10502);
#10499 = B_SPLINE_CURVE_WITH_KNOTS('',1,(#10500,#10501),.UNSPECIFIED.,
  .F.,.F.,(2,2),(4.712388980385,6.28318530718),
  .PIECEWISE_BEZIER_KNOTS.);
#10500 = CARTESIAN_POINT('',(1.570796326795,5.));
#10501 = CARTESIAN_POINT('',(0.,5.));
#10502 = ( GEOMETRIC_REPRESENTATION_CONTEXT(2) 
PARAMETRIC_REPRESENTATION_CONTEXT() REPRESENTATION_CONTEXT('2D SPACE',''
  ) );
#10503 = ORIENTED_EDGE('',*,*,#8352,.T.);
#10504 = ORIENTED_EDGE('',*,*,#10505,.F.);
#10505 = EDGE_CURVE('',#10483,#8353,#10506,.T.);
#10506 = SURFACE_CURVE('',#10507,(#10512,#10519),.PCURVE_S1.);
#10507 = CIRCLE('',#10508,5.);
#10508 = AXIS2_PLACEMENT_3D('',#10509,#10510,#10511);
#10509 = CARTESIAN_POINT('',(61.5,-32.92443168792,47.127293557206));
#10510 = DIRECTION('',(0.,-0.258819045103,-0.965925826289));
#10511 = DIRECTION('',(1.,0.,0.));
#10512 = PCURVE('',#8368,#10513);
#10513 = DEFINITIONAL_REPRESENTATION('',(#10514),#10518);
#10514 = LINE('',#10515,#10516);
#10515 = CARTESIAN_POINT('',(-0.,0.));
#10516 = VECTOR('',#10517,1.);
#10517 = DIRECTION('',(-1.,0.));
#10518 = ( GEOMETRIC_REPRESENTATION_CONTEXT(2) 
PARAMETRIC_REPRESENTATION_CONTEXT() REPRESENTATION_CONTEXT('2D SPACE',''
  ) );
#10519 = PCURVE('',#10466,#10520);
#10520 = DEFINITIONAL_REPRESENTATION('',(#10521),#10525);
#10521 = LINE('',#10522,#10523);
#10522 = CARTESIAN_POINT('',(-0.,5.));
#10523 = VECTOR('',#10524,1.);
#10524 = DIRECTION('',(-1.,0.));
#10525 = ( GEOMETRIC_REPRESENTATION_CONTEXT(2) 
PARAMETRIC_REPRESENTATION_CONTEXT() REPRESENTATION_CONTEXT('2D SPACE',''
  ) );
#10526 = ADVANCED_FACE('',(#10527),#8447,.T.);
#10527 = FACE_BOUND('',#10528,.T.);
#10528 = EDGE_LOOP('',(#10529,#10557,#10579,#10580));
#10529 = ORIENTED_EDGE('',*,*,#10530,.F.);
#10530 = EDGE_CURVE('',#10531,#10381,#10533,.T.);
#10531 = VERTEX_POINT('',#10532);
#10532 = CARTESIAN_POINT('',(66.5,-25.19702507761,45.056741196386));
#10533 = SURFACE_CURVE('',#10534,(#10538,#10545),.PCURVE_S1.);
#10534 = LINE('',#10535,#10536);
#10535 = CARTESIAN_POINT('',(66.5,-26.49112030312,40.227112064941));
#10536 = VECTOR('',#10537,1.);
#10537 = DIRECTION('',(0.,0.258819045103,0.965925826289));
#10538 = PCURVE('',#8447,#10539);
#10539 = DEFINITIONAL_REPRESENTATION('',(#10540),#10544);
#10540 = LINE('',#10541,#10542);
#10541 = CARTESIAN_POINT('',(0.,0.));
#10542 = VECTOR('',#10543,1.);
#10543 = DIRECTION('',(0.,1.));
#10544 = ( GEOMETRIC_REPRESENTATION_CONTEXT(2) 
PARAMETRIC_REPRESENTATION_CONTEXT() REPRESENTATION_CONTEXT('2D SPACE',''
  ) );
#10545 = PCURVE('',#10546,#10551);
#10546 = PLANE('',#10547);
#10547 = AXIS2_PLACEMENT_3D('',#10548,#10549,#10550);
#10548 = CARTESIAN_POINT('',(66.5,-39.04815604488,43.591759651274));
#10549 = DIRECTION('',(1.,0.,0.));
#10550 = DIRECTION('',(0.,0.258819045103,0.965925826289));
#10551 = DEFINITIONAL_REPRESENTATION('',(#10552),#10556);
#10552 = LINE('',#10553,#10554);
#10553 = CARTESIAN_POINT('',(0.,-13.));
#10554 = VECTOR('',#10555,1.);
#10555 = DIRECTION('',(1.,0.));
#10556 = ( GEOMETRIC_REPRESENTATION_CONTEXT(2) 
PARAMETRIC_REPRESENTATION_CONTEXT() REPRESENTATION_CONTEXT('2D SPACE',''
  ) );
#10557 = ORIENTED_EDGE('',*,*,#10558,.T.);
#10558 = EDGE_CURVE('',#10531,#8409,#10559,.T.);
#10559 = SURFACE_CURVE('',#10560,(#10565,#10572),.PCURVE_S1.);
#10560 = CIRCLE('',#10561,5.);
#10561 = AXIS2_PLACEMENT_3D('',#10562,#10563,#10564);
#10562 = CARTESIAN_POINT('',(61.5,-25.19702507761,45.056741196386));
#10563 = DIRECTION('',(-6.162975822039E-33,0.258819045103,0.965925826289
    ));
#10564 = DIRECTION('',(1.,1.715828947882E-16,-4.597549809349E-17));
#10565 = PCURVE('',#8447,#10566);
#10566 = DEFINITIONAL_REPRESENTATION('',(#10567),#10571);
#10567 = LINE('',#10568,#10569);
#10568 = CARTESIAN_POINT('',(0.,5.));
#10569 = VECTOR('',#10570,1.);
#10570 = DIRECTION('',(1.,0.));
#10571 = ( GEOMETRIC_REPRESENTATION_CONTEXT(2) 
PARAMETRIC_REPRESENTATION_CONTEXT() REPRESENTATION_CONTEXT('2D SPACE',''
  ) );
#10572 = PCURVE('',#8532,#10573);
#10573 = DEFINITIONAL_REPRESENTATION('',(#10574),#10578);
#10574 = LINE('',#10575,#10576);
#10575 = CARTESIAN_POINT('',(0.,0.));
#10576 = VECTOR('',#10577,1.);
#10577 = DIRECTION('',(1.,0.));
#10578 = ( GEOMETRIC_REPRESENTATION_CONTEXT(2) 
PARAMETRIC_REPRESENTATION_CONTEXT() REPRESENTATION_CONTEXT('2D SPACE',''
  ) );
#10579 = ORIENTED_EDGE('',*,*,#8433,.T.);
#10580 = ORIENTED_EDGE('',*,*,#10380,.T.);
#10581 = ADVANCED_FACE('',(#10582),#8480,.T.);
#10582 = FACE_BOUND('',#10583,.T.);
#10583 = EDGE_LOOP('',(#10584,#10585,#10586,#10606));
#10584 = ORIENTED_EDGE('',*,*,#10482,.F.);
#10585 = ORIENTED_EDGE('',*,*,#8464,.T.);
#10586 = ORIENTED_EDGE('',*,*,#10587,.T.);
#10587 = EDGE_CURVE('',#8465,#10531,#10588,.T.);
#10588 = SURFACE_CURVE('',#10589,(#10594,#10600),.PCURVE_S1.);
#10589 = CIRCLE('',#10590,5.);
#10590 = AXIS2_PLACEMENT_3D('',#10591,#10592,#10593);
#10591 = CARTESIAN_POINT('',(61.5,-25.19702507761,45.056741196386));
#10592 = DIRECTION('',(1.7763568394E-16,-0.965925826289,0.258819045103)
  );
#10593 = DIRECTION('',(1.,1.715828947882E-16,-4.597549809349E-17));
#10594 = PCURVE('',#8480,#10595);
#10595 = DEFINITIONAL_REPRESENTATION('',(#10596),#10599);
#10596 = B_SPLINE_CURVE_WITH_KNOTS('',1,(#10597,#10598),.UNSPECIFIED.,
  .F.,.F.,(2,2),(4.712388980385,6.28318530718),
  .PIECEWISE_BEZIER_KNOTS.);
#10597 = CARTESIAN_POINT('',(1.570796326795,13.));
#10598 = CARTESIAN_POINT('',(0.,13.));
#10599 = ( GEOMETRIC_REPRESENTATION_CONTEXT(2) 
PARAMETRIC_REPRESENTATION_CONTEXT() REPRESENTATION_CONTEXT('2D SPACE',''
  ) );
#10600 = PCURVE('',#8532,#10601);
#10601 = DEFINITIONAL_REPRESENTATION('',(#10602),#10605);
#10602 = B_SPLINE_CURVE_WITH_KNOTS('',1,(#10603,#10604),.UNSPECIFIED.,
  .F.,.F.,(2,2),(4.712388980385,6.28318530718),
  .PIECEWISE_BEZIER_KNOTS.);
#10603 = CARTESIAN_POINT('',(0.,-1.570796326795));
#10604 = CARTESIAN_POINT('',(0.,0.));
#10605 = ( GEOMETRIC_REPRESENTATION_CONTEXT(2) 
PARAMETRIC_REPRESENTATION_CONTEXT() REPRESENTATION_CONTEXT('2D SPACE',''
  ) );
#10606 = ORIENTED_EDGE('',*,*,#10607,.F.);
#10607 = EDGE_CURVE('',#10483,#10531,#10608,.T.);
#10608 = SURFACE_CURVE('',#10609,(#10613,#10620),.PCURVE_S1.);
#10609 = LINE('',#10610,#10611);
#10610 = CARTESIAN_POINT('',(66.5,-37.75406081937,48.421388782719));
#10611 = VECTOR('',#10612,1.);
#10612 = DIRECTION('',(0.,0.965925826289,-0.258819045103));
#10613 = PCURVE('',#8480,#10614);
#10614 = DEFINITIONAL_REPRESENTATION('',(#10615),#10619);
#10615 = LINE('',#10616,#10617);
#10616 = CARTESIAN_POINT('',(0.,0.));
#10617 = VECTOR('',#10618,1.);
#10618 = DIRECTION('',(0.,1.));
#10619 = ( GEOMETRIC_REPRESENTATION_CONTEXT(2) 
PARAMETRIC_REPRESENTATION_CONTEXT() REPRESENTATION_CONTEXT('2D SPACE',''
  ) );
#10620 = PCURVE('',#10546,#10621);
#10621 = DEFINITIONAL_REPRESENTATION('',(#10622),#10626);
#10622 = LINE('',#10623,#10624);
#10623 = CARTESIAN_POINT('',(5.,0.));
#10624 = VECTOR('',#10625,1.);
#10625 = DIRECTION('',(0.,-1.));
#10626 = ( GEOMETRIC_REPRESENTATION_CONTEXT(2) 
PARAMETRIC_REPRESENTATION_CONTEXT() REPRESENTATION_CONTEXT('2D SPACE',''
  ) );
#10627 = ADVANCED_FACE('',(#10628),#8532,.T.);
#10628 = FACE_BOUND('',#10629,.T.);
#10629 = EDGE_LOOP('',(#10630,#10631,#10632));
#10630 = ORIENTED_EDGE('',*,*,#10587,.F.);
#10631 = ORIENTED_EDGE('',*,*,#8518,.T.);
#10632 = ORIENTED_EDGE('',*,*,#10558,.F.);
#10633 = ADVANCED_FACE('',(#10634),#8586,.T.);
#10634 = FACE_BOUND('',#10635,.F.);
#10635 = EDGE_LOOP('',(#10636,#10665,#10702,#10703,#10704));
#10636 = ORIENTED_EDGE('',*,*,#10637,.F.);
#10637 = EDGE_CURVE('',#10638,#10640,#10642,.T.);
#10638 = VERTEX_POINT('',#10639);
#10639 = CARTESIAN_POINT('',(94.822926523121,-27.,-29.63078594187));
#10640 = VERTEX_POINT('',#10641);
#10641 = CARTESIAN_POINT('',(101.,-27.,-17.5));
#10642 = SURFACE_CURVE('',#10643,(#10648,#10654),.PCURVE_S1.);
#10643 = CIRCLE('',#10644,15.);
#10644 = AXIS2_PLACEMENT_3D('',#10645,#10646,#10647);
#10645 = CARTESIAN_POINT('',(86.,-27.,-17.5));
#10646 = DIRECTION('',(0.,-1.,0.));
#10647 = DIRECTION('',(1.,0.,0.));
#10648 = PCURVE('',#8586,#10649);
#10649 = DEFINITIONAL_REPRESENTATION('',(#10650),#10653);
#10650 = B_SPLINE_CURVE_WITH_KNOTS('',1,(#10651,#10652),.UNSPECIFIED.,
  .F.,.F.,(2,2),(4.712388980385,6.28318530718),
  .PIECEWISE_BEZIER_KNOTS.);
#10651 = CARTESIAN_POINT('',(0.,-1.570796326795));
#10652 = CARTESIAN_POINT('',(0.,0.));
#10653 = ( GEOMETRIC_REPRESENTATION_CONTEXT(2) 
PARAMETRIC_REPRESENTATION_CONTEXT() REPRESENTATION_CONTEXT('2D SPACE',''
  ) );
#10654 = PCURVE('',#10655,#10660);
#10655 = CYLINDRICAL_SURFACE('',#10656,15.);
#10656 = AXIS2_PLACEMENT_3D('',#10657,#10658,#10659);
#10657 = CARTESIAN_POINT('',(86.,-42.,-17.5));
#10658 = DIRECTION('',(-0.,1.,0.));
#10659 = DIRECTION('',(1.,0.,-0.));
#10660 = DEFINITIONAL_REPRESENTATION('',(#10661),#10664);
#10661 = B_SPLINE_CURVE_WITH_KNOTS('',1,(#10662,#10663),.UNSPECIFIED.,
  .F.,.F.,(2,2),(4.712388980385,6.28318530718),
  .PIECEWISE_BEZIER_KNOTS.);
#10662 = CARTESIAN_POINT('',(1.570796326795,15.));
#10663 = CARTESIAN_POINT('',(0.,15.));
#10664 = ( GEOMETRIC_REPRESENTATION_CONTEXT(2) 
PARAMETRIC_REPRESENTATION_CONTEXT() REPRESENTATION_CONTEXT('2D SPACE',''
  ) );
#10665 = ORIENTED_EDGE('',*,*,#10666,.T.);
#10666 = EDGE_CURVE('',#10638,#8647,#10667,.T.);
#10667 = SURFACE_CURVE('',#10668,(#10673,#10686),.PCURVE_S1.);
#10668 = CIRCLE('',#10669,7.429341959502);
#10669 = AXIS2_PLACEMENT_3D('',#10670,#10671,#10672);
#10670 = CARTESIAN_POINT('',(87.439024390244,-27.,-30.45121951219));
#10671 = DIRECTION('',(0.110431526075,1.961657966285E-16,-0.993883734674
    ));
#10672 = DIRECTION('',(0.993883734674,0.,0.110431526075));
#10673 = PCURVE('',#8586,#10674);
#10674 = DEFINITIONAL_REPRESENTATION('',(#10675),#10685);
#10675 = B_SPLINE_CURVE_WITH_KNOTS('',8,(#10676,#10677,#10678,#10679,
    #10680,#10681,#10682,#10683,#10684),.UNSPECIFIED.,.F.,.F.,(9,9),(
    4.782003168203E-16,1.494750267143),.PIECEWISE_BEZIER_KNOTS.);
#10676 = CARTESIAN_POINT('',(0.,-0.941971101257));
#10677 = CARTESIAN_POINT('',(-0.157331737513,-0.941971101257));
#10678 = CARTESIAN_POINT('',(-0.31466337236,-0.945681176867));
#10679 = CARTESIAN_POINT('',(-0.472770865499,-0.953101122962));
#10680 = CARTESIAN_POINT('',(-0.632425479164,-0.96406144439));
#10681 = CARTESIAN_POINT('',(-0.794507153861,-0.978219335164));
#10682 = CARTESIAN_POINT('',(-0.96005416194,-0.995065264679));
#10683 = CARTESIAN_POINT('',(-1.130433114172,-1.013899635663));
#10684 = CARTESIAN_POINT('',(-1.307100219325,-1.033819847291));
#10685 = ( GEOMETRIC_REPRESENTATION_CONTEXT(2) 
PARAMETRIC_REPRESENTATION_CONTEXT() REPRESENTATION_CONTEXT('2D SPACE',''
  ) );
#10686 = PCURVE('',#8704,#10687);
#10687 = DEFINITIONAL_REPRESENTATION('',(#10688),#10701);
#10688 = B_SPLINE_CURVE_WITH_KNOTS('',6,(#10689,#10690,#10691,#10692,
    #10693,#10694,#10695,#10696,#10697,#10698,#10699,#10700),
  .UNSPECIFIED.,.F.,.F.,(7,5,7),(4.782003168203E-16,0.747375133571,
    1.494750267143),.UNSPECIFIED.);
#10689 = CARTESIAN_POINT('',(5.207023213223E-16,-0.71039713987));
#10690 = CARTESIAN_POINT('',(0.135633524718,-0.71039713987));
#10691 = CARTESIAN_POINT('',(0.27126688466,-0.708158363326));
#10692 = CARTESIAN_POINT('',(0.406429163889,-0.70368014871));
#10693 = CARTESIAN_POINT('',(0.540642906335,-0.697101306596));
#10694 = CARTESIAN_POINT('',(0.673582845992,-0.688689499192));
#10695 = CARTESIAN_POINT('',(0.936564199332,-0.668857138882));
#10696 = CARTESIAN_POINT('',(1.066605684696,-0.657436706504));
#10697 = CARTESIAN_POINT('',(1.195020570995,-0.644841193754));
#10698 = CARTESIAN_POINT('',(1.321784877534,-0.631465013957));
#10699 = CARTESIAN_POINT('',(1.446995661969,-0.617709394328));
#10700 = CARTESIAN_POINT('',(1.570796326795,-0.603953764903));
#10701 = ( GEOMETRIC_REPRESENTATION_CONTEXT(2) 
PARAMETRIC_REPRESENTATION_CONTEXT() REPRESENTATION_CONTEXT('2D SPACE',''
  ) );
#10702 = ORIENTED_EDGE('',*,*,#8646,.T.);
#10703 = ORIENTED_EDGE('',*,*,#8570,.T.);
#10704 = ORIENTED_EDGE('',*,*,#10705,.F.);
#10705 = EDGE_CURVE('',#10640,#8571,#10706,.T.);
#10706 = SURFACE_CURVE('',#10707,(#10712,#10719),.PCURVE_S1.);
#10707 = CIRCLE('',#10708,15.);
#10708 = AXIS2_PLACEMENT_3D('',#10709,#10710,#10711);
#10709 = CARTESIAN_POINT('',(86.,-27.,-17.5));
#10710 = DIRECTION('',(0.,-0.,-1.));
#10711 = DIRECTION('',(1.,0.,-0.));
#10712 = PCURVE('',#8586,#10713);
#10713 = DEFINITIONAL_REPRESENTATION('',(#10714),#10718);
#10714 = LINE('',#10715,#10716);
#10715 = CARTESIAN_POINT('',(-0.,0.));
#10716 = VECTOR('',#10717,1.);
#10717 = DIRECTION('',(-1.,0.));
#10718 = ( GEOMETRIC_REPRESENTATION_CONTEXT(2) 
PARAMETRIC_REPRESENTATION_CONTEXT() REPRESENTATION_CONTEXT('2D SPACE',''
  ) );
#10719 = PCURVE('',#8935,#10720);
#10720 = DEFINITIONAL_REPRESENTATION('',(#10721),#10725);
#10721 = LINE('',#10722,#10723);
#10722 = CARTESIAN_POINT('',(-0.,15.));
#10723 = VECTOR('',#10724,1.);
#10724 = DIRECTION('',(-1.,0.));
#10725 = ( GEOMETRIC_REPRESENTATION_CONTEXT(2) 
PARAMETRIC_REPRESENTATION_CONTEXT() REPRESENTATION_CONTEXT('2D SPACE',''
  ) );
#10726 = ADVANCED_FACE('',(#10727),#8704,.T.);
#10727 = FACE_BOUND('',#10728,.T.);
#10728 = EDGE_LOOP('',(#10729,#10756,#10757,#10758));
#10729 = ORIENTED_EDGE('',*,*,#10730,.F.);
#10730 = EDGE_CURVE('',#10638,#10731,#10733,.T.);
#10731 = VERTEX_POINT('',#10732);
#10732 = CARTESIAN_POINT('',(97.,-27.,-35.5));
#10733 = SURFACE_CURVE('',#10734,(#10739,#10745),.PCURVE_S1.);
#10734 = CIRCLE('',#10735,9.);
#10735 = AXIS2_PLACEMENT_3D('',#10736,#10737,#10738);
#10736 = CARTESIAN_POINT('',(88.,-27.,-35.5));
#10737 = DIRECTION('',(-0.,1.,0.));
#10738 = DIRECTION('',(1.,0.,0.));
#10739 = PCURVE('',#8704,#10740);
#10740 = DEFINITIONAL_REPRESENTATION('',(#10741),#10744);
#10741 = B_SPLINE_CURVE_WITH_KNOTS('',1,(#10742,#10743),.UNSPECIFIED.,
  .F.,.F.,(2,2),(4.712388980385,6.28318530718),
  .PIECEWISE_BEZIER_KNOTS.);
#10742 = CARTESIAN_POINT('',(0.,-1.570796326795));
#10743 = CARTESIAN_POINT('',(0.,0.));
#10744 = ( GEOMETRIC_REPRESENTATION_CONTEXT(2) 
PARAMETRIC_REPRESENTATION_CONTEXT() REPRESENTATION_CONTEXT('2D SPACE',''
  ) );
#10745 = PCURVE('',#10746,#10751);
#10746 = CYLINDRICAL_SURFACE('',#10747,9.);
#10747 = AXIS2_PLACEMENT_3D('',#10748,#10749,#10750);
#10748 = CARTESIAN_POINT('',(88.,-36.,-35.5));
#10749 = DIRECTION('',(-0.,1.,0.));
#10750 = DIRECTION('',(1.,0.,-0.));
#10751 = DEFINITIONAL_REPRESENTATION('',(#10752),#10755);
#10752 = B_SPLINE_CURVE_WITH_KNOTS('',1,(#10753,#10754),.UNSPECIFIED.,
  .F.,.F.,(2,2),(4.712388980385,6.28318530718),
  .PIECEWISE_BEZIER_KNOTS.);
#10753 = CARTESIAN_POINT('',(-1.570796326795,9.));
#10754 = CARTESIAN_POINT('',(0.,9.));
#10755 = ( GEOMETRIC_REPRESENTATION_CONTEXT(2) 
PARAMETRIC_REPRESENTATION_CONTEXT() REPRESENTATION_CONTEXT('2D SPACE',''
  ) );
#10756 = ORIENTED_EDGE('',*,*,#10666,.T.);
#10757 = ORIENTED_EDGE('',*,*,#8690,.T.);
#10758 = ORIENTED_EDGE('',*,*,#10759,.F.);
#10759 = EDGE_CURVE('',#10731,#8622,#10760,.T.);
#10760 = SURFACE_CURVE('',#10761,(#10766,#10773),.PCURVE_S1.);
#10761 = CIRCLE('',#10762,9.);
#10762 = AXIS2_PLACEMENT_3D('',#10763,#10764,#10765);
#10763 = CARTESIAN_POINT('',(88.,-27.,-35.5));
#10764 = DIRECTION('',(0.,0.,-1.));
#10765 = DIRECTION('',(1.,0.,0.));
#10766 = PCURVE('',#8704,#10767);
#10767 = DEFINITIONAL_REPRESENTATION('',(#10768),#10772);
#10768 = LINE('',#10769,#10770);
#10769 = CARTESIAN_POINT('',(0.,0.));
#10770 = VECTOR('',#10771,1.);
#10771 = DIRECTION('',(1.,0.));
#10772 = ( GEOMETRIC_REPRESENTATION_CONTEXT(2) 
PARAMETRIC_REPRESENTATION_CONTEXT() REPRESENTATION_CONTEXT('2D SPACE',''
  ) );
#10773 = PCURVE('',#8785,#10774);
#10774 = DEFINITIONAL_REPRESENTATION('',(#10775),#10779);
#10775 = LINE('',#10776,#10777);
#10776 = CARTESIAN_POINT('',(-0.,14.));
#10777 = VECTOR('',#10778,1.);
#10778 = DIRECTION('',(-1.,0.));
#10779 = ( GEOMETRIC_REPRESENTATION_CONTEXT(2) 
PARAMETRIC_REPRESENTATION_CONTEXT() REPRESENTATION_CONTEXT('2D SPACE',''
  ) );
#10780 = ADVANCED_FACE('',(#10781),#8736,.T.);
#10781 = FACE_BOUND('',#10782,.T.);
#10782 = EDGE_LOOP('',(#10783,#10803,#10826,#10851));
#10783 = ORIENTED_EDGE('',*,*,#10784,.F.);
#10784 = EDGE_CURVE('',#9006,#8719,#10785,.T.);
#10785 = SURFACE_CURVE('',#10786,(#10791,#10797),.PCURVE_S1.);
#10786 = CIRCLE('',#10787,9.);
#10787 = AXIS2_PLACEMENT_3D('',#10788,#10789,#10790);
#10788 = CARTESIAN_POINT('',(58.,-27.,-40.5));
#10789 = DIRECTION('',(-1.,2.832769448824E-16,0.));
#10790 = DIRECTION('',(-2.832769448824E-16,-1.,0.));
#10791 = PCURVE('',#8736,#10792);
#10792 = DEFINITIONAL_REPRESENTATION('',(#10793),#10796);
#10793 = B_SPLINE_CURVE_WITH_KNOTS('',1,(#10794,#10795),.UNSPECIFIED.,
  .F.,.F.,(2,2),(4.712388980385,6.28318530718),
  .PIECEWISE_BEZIER_KNOTS.);
#10794 = CARTESIAN_POINT('',(1.570796326795,9.));
#10795 = CARTESIAN_POINT('',(0.,9.));
#10796 = ( GEOMETRIC_REPRESENTATION_CONTEXT(2) 
PARAMETRIC_REPRESENTATION_CONTEXT() REPRESENTATION_CONTEXT('2D SPACE',''
  ) );
#10797 = PCURVE('',#8816,#10798);
#10798 = DEFINITIONAL_REPRESENTATION('',(#10799),#10802);
#10799 = B_SPLINE_CURVE_WITH_KNOTS('',1,(#10800,#10801),.UNSPECIFIED.,
  .F.,.F.,(2,2),(4.712388980385,6.28318530718),
  .PIECEWISE_BEZIER_KNOTS.);
#10800 = CARTESIAN_POINT('',(1.570796326795,-1.570796326795));
#10801 = CARTESIAN_POINT('',(1.570796326795,0.));
#10802 = ( GEOMETRIC_REPRESENTATION_CONTEXT(2) 
PARAMETRIC_REPRESENTATION_CONTEXT() REPRESENTATION_CONTEXT('2D SPACE',''
  ) );
#10803 = ORIENTED_EDGE('',*,*,#10804,.T.);
#10804 = EDGE_CURVE('',#9006,#10805,#10807,.T.);
#10805 = VERTEX_POINT('',#10806);
#10806 = CARTESIAN_POINT('',(88.,-27.,-49.5));
#10807 = SURFACE_CURVE('',#10808,(#10812,#10819),.PCURVE_S1.);
#10808 = LINE('',#10809,#10810);
#10809 = CARTESIAN_POINT('',(49.,-27.,-49.5));
#10810 = VECTOR('',#10811,1.);
#10811 = DIRECTION('',(1.,0.,-0.));
#10812 = PCURVE('',#8736,#10813);
#10813 = DEFINITIONAL_REPRESENTATION('',(#10814),#10818);
#10814 = LINE('',#10815,#10816);
#10815 = CARTESIAN_POINT('',(1.570796326795,0.));
#10816 = VECTOR('',#10817,1.);
#10817 = DIRECTION('',(0.,1.));
#10818 = ( GEOMETRIC_REPRESENTATION_CONTEXT(2) 
PARAMETRIC_REPRESENTATION_CONTEXT() REPRESENTATION_CONTEXT('2D SPACE',''
  ) );
#10819 = PCURVE('',#9043,#10820);
#10820 = DEFINITIONAL_REPRESENTATION('',(#10821),#10825);
#10821 = LINE('',#10822,#10823);
#10822 = CARTESIAN_POINT('',(0.,9.));
#10823 = VECTOR('',#10824,1.);
#10824 = DIRECTION('',(1.,0.));
#10825 = ( GEOMETRIC_REPRESENTATION_CONTEXT(2) 
PARAMETRIC_REPRESENTATION_CONTEXT() REPRESENTATION_CONTEXT('2D SPACE',''
  ) );
#10826 = ORIENTED_EDGE('',*,*,#10827,.T.);
#10827 = EDGE_CURVE('',#10805,#8721,#10828,.T.);
#10828 = SURFACE_CURVE('',#10829,(#10834,#10840),.PCURVE_S1.);
#10829 = CIRCLE('',#10830,9.);
#10830 = AXIS2_PLACEMENT_3D('',#10831,#10832,#10833);
#10831 = CARTESIAN_POINT('',(88.,-27.,-40.5));
#10832 = DIRECTION('',(-1.,-2.832769448824E-16,0.));
#10833 = DIRECTION('',(2.832769448824E-16,-1.,-0.));
#10834 = PCURVE('',#8736,#10835);
#10835 = DEFINITIONAL_REPRESENTATION('',(#10836),#10839);
#10836 = B_SPLINE_CURVE_WITH_KNOTS('',1,(#10837,#10838),.UNSPECIFIED.,
  .F.,.F.,(2,2),(4.712388980385,6.28318530718),
  .PIECEWISE_BEZIER_KNOTS.);
#10837 = CARTESIAN_POINT('',(1.570796326795,39.));
#10838 = CARTESIAN_POINT('',(0.,39.));
#10839 = ( GEOMETRIC_REPRESENTATION_CONTEXT(2) 
PARAMETRIC_REPRESENTATION_CONTEXT() REPRESENTATION_CONTEXT('2D SPACE',''
  ) );
#10840 = PCURVE('',#10841,#10846);
#10841 = SPHERICAL_SURFACE('',#10842,9.);
#10842 = AXIS2_PLACEMENT_3D('',#10843,#10844,#10845);
#10843 = CARTESIAN_POINT('',(88.,-27.,-40.5));
#10844 = DIRECTION('',(0.,0.,1.));
#10845 = DIRECTION('',(1.,0.,-0.));
#10846 = DEFINITIONAL_REPRESENTATION('',(#10847),#10850);
#10847 = B_SPLINE_CURVE_WITH_KNOTS('',1,(#10848,#10849),.UNSPECIFIED.,
  .F.,.F.,(2,2),(4.712388980385,6.28318530718),
  .PIECEWISE_BEZIER_KNOTS.);
#10848 = CARTESIAN_POINT('',(-1.570796326795,-1.570796326795));
#10849 = CARTESIAN_POINT('',(-1.570796326795,0.));
#10850 = ( GEOMETRIC_REPRESENTATION_CONTEXT(2) 
PARAMETRIC_REPRESENTATION_CONTEXT() REPRESENTATION_CONTEXT('2D SPACE',''
  ) );
#10851 = ORIENTED_EDGE('',*,*,#8718,.F.);
#10852 = ADVANCED_FACE('',(#10853),#8785,.T.);
#10853 = FACE_BOUND('',#10854,.F.);
#10854 = EDGE_LOOP('',(#10855,#10883,#10905,#10906));
#10855 = ORIENTED_EDGE('',*,*,#10856,.F.);
#10856 = EDGE_CURVE('',#10857,#10731,#10859,.T.);
#10857 = VERTEX_POINT('',#10858);
#10858 = CARTESIAN_POINT('',(97.,-27.,-40.5));
#10859 = SURFACE_CURVE('',#10860,(#10864,#10871),.PCURVE_S1.);
#10860 = LINE('',#10861,#10862);
#10861 = CARTESIAN_POINT('',(97.,-27.,-49.5));
#10862 = VECTOR('',#10863,1.);
#10863 = DIRECTION('',(0.,0.,1.));
#10864 = PCURVE('',#8785,#10865);
#10865 = DEFINITIONAL_REPRESENTATION('',(#10866),#10870);
#10866 = LINE('',#10867,#10868);
#10867 = CARTESIAN_POINT('',(-0.,0.));
#10868 = VECTOR('',#10869,1.);
#10869 = DIRECTION('',(-0.,1.));
#10870 = ( GEOMETRIC_REPRESENTATION_CONTEXT(2) 
PARAMETRIC_REPRESENTATION_CONTEXT() REPRESENTATION_CONTEXT('2D SPACE',''
  ) );
#10871 = PCURVE('',#10872,#10877);
#10872 = PLANE('',#10873);
#10873 = AXIS2_PLACEMENT_3D('',#10874,#10875,#10876);
#10874 = CARTESIAN_POINT('',(97.,-36.,-49.5));
#10875 = DIRECTION('',(1.,0.,-0.));
#10876 = DIRECTION('',(0.,0.,1.));
#10877 = DEFINITIONAL_REPRESENTATION('',(#10878),#10882);
#10878 = LINE('',#10879,#10880);
#10879 = CARTESIAN_POINT('',(0.,-9.));
#10880 = VECTOR('',#10881,1.);
#10881 = DIRECTION('',(1.,0.));
#10882 = ( GEOMETRIC_REPRESENTATION_CONTEXT(2) 
PARAMETRIC_REPRESENTATION_CONTEXT() REPRESENTATION_CONTEXT('2D SPACE',''
  ) );
#10883 = ORIENTED_EDGE('',*,*,#10884,.T.);
#10884 = EDGE_CURVE('',#10857,#8721,#10885,.T.);
#10885 = SURFACE_CURVE('',#10886,(#10891,#10898),.PCURVE_S1.);
#10886 = CIRCLE('',#10887,9.);
#10887 = AXIS2_PLACEMENT_3D('',#10888,#10889,#10890);
#10888 = CARTESIAN_POINT('',(88.,-27.,-40.5));
#10889 = DIRECTION('',(0.,-0.,-1.));
#10890 = DIRECTION('',(1.,0.,-0.));
#10891 = PCURVE('',#8785,#10892);
#10892 = DEFINITIONAL_REPRESENTATION('',(#10893),#10897);
#10893 = LINE('',#10894,#10895);
#10894 = CARTESIAN_POINT('',(-0.,9.));
#10895 = VECTOR('',#10896,1.);
#10896 = DIRECTION('',(-1.,0.));
#10897 = ( GEOMETRIC_REPRESENTATION_CONTEXT(2) 
PARAMETRIC_REPRESENTATION_CONTEXT() REPRESENTATION_CONTEXT('2D SPACE',''
  ) );
#10898 = PCURVE('',#10841,#10899);
#10899 = DEFINITIONAL_REPRESENTATION('',(#10900),#10904);
#10900 = LINE('',#10901,#10902);
#10901 = CARTESIAN_POINT('',(-0.,0.));
#10902 = VECTOR('',#10903,1.);
#10903 = DIRECTION('',(-1.,0.));
#10904 = ( GEOMETRIC_REPRESENTATION_CONTEXT(2) 
PARAMETRIC_REPRESENTATION_CONTEXT() REPRESENTATION_CONTEXT('2D SPACE',''
  ) );
#10905 = ORIENTED_EDGE('',*,*,#8771,.T.);
#10906 = ORIENTED_EDGE('',*,*,#10759,.F.);
#10907 = ADVANCED_FACE('',(#10908),#8816,.T.);
#10908 = FACE_BOUND('',#10909,.T.);
#10909 = EDGE_LOOP('',(#10910,#10911,#10912));
#10910 = ORIENTED_EDGE('',*,*,#9005,.F.);
#10911 = ORIENTED_EDGE('',*,*,#10784,.T.);
#10912 = ORIENTED_EDGE('',*,*,#8801,.F.);
#10913 = ADVANCED_FACE('',(#10914),#8851,.T.);
#10914 = FACE_BOUND('',#10915,.T.);
#10915 = EDGE_LOOP('',(#10916,#10917,#10918));
#10916 = ORIENTED_EDGE('',*,*,#9825,.F.);
#10917 = ORIENTED_EDGE('',*,*,#8835,.T.);
#10918 = ORIENTED_EDGE('',*,*,#10919,.F.);
#10919 = EDGE_CURVE('',#9826,#8836,#10920,.T.);
#10920 = SURFACE_CURVE('',#10921,(#10926,#10933),.PCURVE_S1.);
#10921 = CIRCLE('',#10922,15.);
#10922 = AXIS2_PLACEMENT_3D('',#10923,#10924,#10925);
#10923 = CARTESIAN_POINT('',(86.,-27.,-2.5));
#10924 = DIRECTION('',(0.,0.,-1.));
#10925 = DIRECTION('',(1.,0.,0.));
#10926 = PCURVE('',#8851,#10927);
#10927 = DEFINITIONAL_REPRESENTATION('',(#10928),#10932);
#10928 = LINE('',#10929,#10930);
#10929 = CARTESIAN_POINT('',(0.,0.));
#10930 = VECTOR('',#10931,1.);
#10931 = DIRECTION('',(1.,0.));
#10932 = ( GEOMETRIC_REPRESENTATION_CONTEXT(2) 
PARAMETRIC_REPRESENTATION_CONTEXT() REPRESENTATION_CONTEXT('2D SPACE',''
  ) );
#10933 = PCURVE('',#8935,#10934);
#10934 = DEFINITIONAL_REPRESENTATION('',(#10935),#10939);
#10935 = LINE('',#10936,#10937);
#10936 = CARTESIAN_POINT('',(-0.,30.));
#10937 = VECTOR('',#10938,1.);
#10938 = DIRECTION('',(-1.,0.));
#10939 = ( GEOMETRIC_REPRESENTATION_CONTEXT(2) 
PARAMETRIC_REPRESENTATION_CONTEXT() REPRESENTATION_CONTEXT('2D SPACE',''
  ) );
#10940 = ADVANCED_FACE('',(#10941),#8935,.T.);
#10941 = FACE_BOUND('',#10942,.F.);
#10942 = EDGE_LOOP('',(#10943,#10964,#10965,#10966));
#10943 = ORIENTED_EDGE('',*,*,#10944,.F.);
#10944 = EDGE_CURVE('',#10640,#9826,#10945,.T.);
#10945 = SURFACE_CURVE('',#10946,(#10950,#10957),.PCURVE_S1.);
#10946 = LINE('',#10947,#10948);
#10947 = CARTESIAN_POINT('',(101.,-27.,-32.5));
#10948 = VECTOR('',#10949,1.);
#10949 = DIRECTION('',(0.,0.,1.));
#10950 = PCURVE('',#8935,#10951);
#10951 = DEFINITIONAL_REPRESENTATION('',(#10952),#10956);
#10952 = LINE('',#10953,#10954);
#10953 = CARTESIAN_POINT('',(-0.,0.));
#10954 = VECTOR('',#10955,1.);
#10955 = DIRECTION('',(-0.,1.));
#10956 = ( GEOMETRIC_REPRESENTATION_CONTEXT(2) 
PARAMETRIC_REPRESENTATION_CONTEXT() REPRESENTATION_CONTEXT('2D SPACE',''
  ) );
#10957 = PCURVE('',#10227,#10958);
#10958 = DEFINITIONAL_REPRESENTATION('',(#10959),#10963);
#10959 = LINE('',#10960,#10961);
#10960 = CARTESIAN_POINT('',(0.,-15.));
#10961 = VECTOR('',#10962,1.);
#10962 = DIRECTION('',(1.,0.));
#10963 = ( GEOMETRIC_REPRESENTATION_CONTEXT(2) 
PARAMETRIC_REPRESENTATION_CONTEXT() REPRESENTATION_CONTEXT('2D SPACE',''
  ) );
#10964 = ORIENTED_EDGE('',*,*,#10705,.T.);
#10965 = ORIENTED_EDGE('',*,*,#8921,.T.);
#10966 = ORIENTED_EDGE('',*,*,#10919,.F.);
#10967 = ADVANCED_FACE('',(#10968),#8968,.T.);
#10968 = FACE_BOUND('',#10969,.F.);
#10969 = EDGE_LOOP('',(#10970,#10971,#10991));
#10970 = ORIENTED_EDGE('',*,*,#9055,.F.);
#10971 = ORIENTED_EDGE('',*,*,#10972,.T.);
#10972 = EDGE_CURVE('',#9028,#8952,#10973,.T.);
#10973 = SURFACE_CURVE('',#10974,(#10979,#10985),.PCURVE_S1.);
#10974 = CIRCLE('',#10975,9.);
#10975 = AXIS2_PLACEMENT_3D('',#10976,#10977,#10978);
#10976 = CARTESIAN_POINT('',(58.,27.,-40.5));
#10977 = DIRECTION('',(1.,2.832769448824E-16,-0.));
#10978 = DIRECTION('',(-2.832769448824E-16,1.,0.));
#10979 = PCURVE('',#8968,#10980);
#10980 = DEFINITIONAL_REPRESENTATION('',(#10981),#10984);
#10981 = B_SPLINE_CURVE_WITH_KNOTS('',1,(#10982,#10983),.UNSPECIFIED.,
  .F.,.F.,(2,2),(4.712388980385,6.28318530718),
  .PIECEWISE_BEZIER_KNOTS.);
#10982 = CARTESIAN_POINT('',(-1.570796326795,-1.570796326795));
#10983 = CARTESIAN_POINT('',(-1.570796326795,0.));
#10984 = ( GEOMETRIC_REPRESENTATION_CONTEXT(2) 
PARAMETRIC_REPRESENTATION_CONTEXT() REPRESENTATION_CONTEXT('2D SPACE',''
  ) );
#10985 = PCURVE('',#9286,#10986);
#10986 = DEFINITIONAL_REPRESENTATION('',(#10987),#10990);
#10987 = B_SPLINE_CURVE_WITH_KNOTS('',1,(#10988,#10989),.UNSPECIFIED.,
  .F.,.F.,(2,2),(4.712388980385,6.28318530718),
  .PIECEWISE_BEZIER_KNOTS.);
#10988 = CARTESIAN_POINT('',(-1.570796326795,9.));
#10989 = CARTESIAN_POINT('',(0.,9.));
#10990 = ( GEOMETRIC_REPRESENTATION_CONTEXT(2) 
PARAMETRIC_REPRESENTATION_CONTEXT() REPRESENTATION_CONTEXT('2D SPACE',''
  ) );
#10991 = ORIENTED_EDGE('',*,*,#8951,.F.);
#10992 = ADVANCED_FACE('',(#10993),#9043,.F.);
#10993 = FACE_BOUND('',#10994,.F.);
#10994 = EDGE_LOOP('',(#10995,#10996,#10997,#11025));
#10995 = ORIENTED_EDGE('',*,*,#9027,.F.);
#10996 = ORIENTED_EDGE('',*,*,#10804,.T.);
#10997 = ORIENTED_EDGE('',*,*,#10998,.T.);
#10998 = EDGE_CURVE('',#10805,#10999,#11001,.T.);
#10999 = VERTEX_POINT('',#11000);
#11000 = CARTESIAN_POINT('',(88.,27.,-49.5));
#11001 = SURFACE_CURVE('',#11002,(#11006,#11013),.PCURVE_S1.);
#11002 = LINE('',#11003,#11004);
#11003 = CARTESIAN_POINT('',(88.,-36.,-49.5));
#11004 = VECTOR('',#11005,1.);
#11005 = DIRECTION('',(-0.,1.,0.));
#11006 = PCURVE('',#9043,#11007);
#11007 = DEFINITIONAL_REPRESENTATION('',(#11008),#11012);
#11008 = LINE('',#11009,#11010);
#11009 = CARTESIAN_POINT('',(39.,0.));
#11010 = VECTOR('',#11011,1.);
#11011 = DIRECTION('',(0.,1.));
#11012 = ( GEOMETRIC_REPRESENTATION_CONTEXT(2) 
PARAMETRIC_REPRESENTATION_CONTEXT() REPRESENTATION_CONTEXT('2D SPACE',''
  ) );
#11013 = PCURVE('',#11014,#11019);
#11014 = CYLINDRICAL_SURFACE('',#11015,9.);
#11015 = AXIS2_PLACEMENT_3D('',#11016,#11017,#11018);
#11016 = CARTESIAN_POINT('',(88.,-36.,-40.5));
#11017 = DIRECTION('',(-0.,1.,0.));
#11018 = DIRECTION('',(1.,0.,-0.));
#11019 = DEFINITIONAL_REPRESENTATION('',(#11020),#11024);
#11020 = LINE('',#11021,#11022);
#11021 = CARTESIAN_POINT('',(1.570796326795,0.));
#11022 = VECTOR('',#11023,1.);
#11023 = DIRECTION('',(0.,1.));
#11024 = ( GEOMETRIC_REPRESENTATION_CONTEXT(2) 
PARAMETRIC_REPRESENTATION_CONTEXT() REPRESENTATION_CONTEXT('2D SPACE',''
  ) );
#11025 = ORIENTED_EDGE('',*,*,#11026,.F.);
#11026 = EDGE_CURVE('',#9028,#10999,#11027,.T.);
#11027 = SURFACE_CURVE('',#11028,(#11032,#11039),.PCURVE_S1.);
#11028 = LINE('',#11029,#11030);
#11029 = CARTESIAN_POINT('',(49.,27.,-49.5));
#11030 = VECTOR('',#11031,1.);
#11031 = DIRECTION('',(1.,0.,-0.));
#11032 = PCURVE('',#9043,#11033);
#11033 = DEFINITIONAL_REPRESENTATION('',(#11034),#11038);
#11034 = LINE('',#11035,#11036);
#11035 = CARTESIAN_POINT('',(0.,63.));
#11036 = VECTOR('',#11037,1.);
#11037 = DIRECTION('',(1.,0.));
#11038 = ( GEOMETRIC_REPRESENTATION_CONTEXT(2) 
PARAMETRIC_REPRESENTATION_CONTEXT() REPRESENTATION_CONTEXT('2D SPACE',''
  ) );
#11039 = PCURVE('',#9286,#11040);
#11040 = DEFINITIONAL_REPRESENTATION('',(#11041),#11045);
#11041 = LINE('',#11042,#11043);
#11042 = CARTESIAN_POINT('',(-1.570796326795,0.));
#11043 = VECTOR('',#11044,1.);
#11044 = DIRECTION('',(-0.,1.));
#11045 = ( GEOMETRIC_REPRESENTATION_CONTEXT(2) 
PARAMETRIC_REPRESENTATION_CONTEXT() REPRESENTATION_CONTEXT('2D SPACE',''
  ) );
#11046 = ADVANCED_FACE('',(#11047),#9118,.T.);
#11047 = FACE_BOUND('',#11048,.T.);
#11048 = EDGE_LOOP('',(#11049,#11073,#11121,#11122,#11123));
#11049 = ORIENTED_EDGE('',*,*,#11050,.F.);
#11050 = EDGE_CURVE('',#11051,#11053,#11055,.T.);
#11051 = VERTEX_POINT('',#11052);
#11052 = CARTESIAN_POINT('',(94.822926523121,27.,-29.63078594187));
#11053 = VERTEX_POINT('',#11054);
#11054 = CARTESIAN_POINT('',(101.,27.,-17.5));
#11055 = SURFACE_CURVE('',#11056,(#11061,#11067),.PCURVE_S1.);
#11056 = CIRCLE('',#11057,15.);
#11057 = AXIS2_PLACEMENT_3D('',#11058,#11059,#11060);
#11058 = CARTESIAN_POINT('',(86.,27.,-17.5));
#11059 = DIRECTION('',(2.368475785867E-16,-1.,0.));
#11060 = DIRECTION('',(1.,2.368475785867E-16,0.));
#11061 = PCURVE('',#9118,#11062);
#11062 = DEFINITIONAL_REPRESENTATION('',(#11063),#11066);
#11063 = B_SPLINE_CURVE_WITH_KNOTS('',1,(#11064,#11065),.UNSPECIFIED.,
  .F.,.F.,(2,2),(4.712388980385,6.28318530718),
  .PIECEWISE_BEZIER_KNOTS.);
#11064 = CARTESIAN_POINT('',(0.,-1.570796326795));
#11065 = CARTESIAN_POINT('',(0.,0.));
#11066 = ( GEOMETRIC_REPRESENTATION_CONTEXT(2) 
PARAMETRIC_REPRESENTATION_CONTEXT() REPRESENTATION_CONTEXT('2D SPACE',''
  ) );
#11067 = PCURVE('',#10655,#11068);
#11068 = DEFINITIONAL_REPRESENTATION('',(#11069),#11072);
#11069 = B_SPLINE_CURVE_WITH_KNOTS('',1,(#11070,#11071),.UNSPECIFIED.,
  .F.,.F.,(2,2),(4.712388980385,6.28318530718),
  .PIECEWISE_BEZIER_KNOTS.);
#11070 = CARTESIAN_POINT('',(1.570796326795,69.));
#11071 = CARTESIAN_POINT('',(0.,69.));
#11072 = ( GEOMETRIC_REPRESENTATION_CONTEXT(2) 
PARAMETRIC_REPRESENTATION_CONTEXT() REPRESENTATION_CONTEXT('2D SPACE',''
  ) );
#11073 = ORIENTED_EDGE('',*,*,#11074,.F.);
#11074 = EDGE_CURVE('',#9356,#11051,#11075,.T.);
#11075 = SURFACE_CURVE('',#11076,(#11081,#11094),.PCURVE_S1.);
#11076 = CIRCLE('',#11077,7.429341959502);
#11077 = AXIS2_PLACEMENT_3D('',#11078,#11079,#11080);
#11078 = CARTESIAN_POINT('',(87.439024390244,27.,-30.45121951219));
#11079 = DIRECTION('',(0.110431526075,0.,-0.993883734674));
#11080 = DIRECTION('',(0.993883734674,0.,0.110431526075));
#11081 = PCURVE('',#9118,#11082);
#11082 = DEFINITIONAL_REPRESENTATION('',(#11083),#11093);
#11083 = B_SPLINE_CURVE_WITH_KNOTS('',8,(#11084,#11085,#11086,#11087,
    #11088,#11089,#11090,#11091,#11092),.UNSPECIFIED.,.F.,.F.,(9,9),(
    4.788435040037,6.28318530718),.PIECEWISE_BEZIER_KNOTS.);
#11084 = CARTESIAN_POINT('',(1.307100219325,-1.033819847291));
#11085 = CARTESIAN_POINT('',(1.130433114172,-1.013899635663));
#11086 = CARTESIAN_POINT('',(0.960054161941,-0.995065264679));
#11087 = CARTESIAN_POINT('',(0.794507153857,-0.978219335166));
#11088 = CARTESIAN_POINT('',(0.632425479169,-0.964061444386));
#11089 = CARTESIAN_POINT('',(0.472770865495,-0.953101122967));
#11090 = CARTESIAN_POINT('',(0.314663372361,-0.945681176866));
#11091 = CARTESIAN_POINT('',(0.157331737513,-0.941971101257));
#11092 = CARTESIAN_POINT('',(8.053367937476E-16,-0.941971101257));
#11093 = ( GEOMETRIC_REPRESENTATION_CONTEXT(2) 
PARAMETRIC_REPRESENTATION_CONTEXT() REPRESENTATION_CONTEXT('2D SPACE',''
  ) );
#11094 = PCURVE('',#9413,#11095);
#11095 = DEFINITIONAL_REPRESENTATION('',(#11096),#11120);
#11096 = B_SPLINE_CURVE_WITH_KNOTS('',8,(#11097,#11098,#11099,#11100,
    #11101,#11102,#11103,#11104,#11105,#11106,#11107,#11108,#11109,
    #11110,#11111,#11112,#11113,#11114,#11115,#11116,#11117,#11118,
    #11119),.UNSPECIFIED.,.F.,.F.,(9,7,7,9),(4.788435040037,
    5.162122606822,5.722653957001,6.28318530718),.UNSPECIFIED.);
#11097 = CARTESIAN_POINT('',(1.570796326795,-0.966842561892));
#11098 = CARTESIAN_POINT('',(1.503509151727,-0.961684200858));
#11099 = CARTESIAN_POINT('',(1.437645682896,-0.952955752337));
#11100 = CARTESIAN_POINT('',(1.374305864325,-0.940780962651));
#11101 = CARTESIAN_POINT('',(1.314412765028,-0.925396410535));
#11102 = CARTESIAN_POINT('',(1.258484580744,-0.907123163183));
#11103 = CARTESIAN_POINT('',(1.206674158118,-0.886287905055));
#11104 = CARTESIAN_POINT('',(1.158943716892,-0.863199719239));
#11105 = CARTESIAN_POINT('',(1.049413568964,-0.800544949444));
#11106 = CARTESIAN_POINT('',(0.992511949397,-0.758511179108));
#11107 = CARTESIAN_POINT('',(0.943887216752,-0.712979367587));
#11108 = CARTESIAN_POINT('',(0.902390929688,-0.664740718087));
#11109 = CARTESIAN_POINT('',(0.866999449592,-0.614360193819));
#11110 = CARTESIAN_POINT('',(0.836871001757,-0.5622808309));
#11111 = CARTESIAN_POINT('',(0.811324836512,-0.508843810193));
#11112 = CARTESIAN_POINT('',(0.768333659042,-0.399807419571));
#11113 = CARTESIAN_POINT('',(0.750888612475,-0.344208009169));
#11114 = CARTESIAN_POINT('',(0.736961326679,-0.28780343519));
#11115 = CARTESIAN_POINT('',(0.726166632931,-0.230803046696));
#11116 = CARTESIAN_POINT('',(0.718239425801,-0.173377933396));
#11117 = CARTESIAN_POINT('',(0.713011310289,-0.115677201561));
#11118 = CARTESIAN_POINT('',(0.71039713987,-5.783859832636E-02));
#11119 = CARTESIAN_POINT('',(0.71039713987,-7.894919286223E-16));
#11120 = ( GEOMETRIC_REPRESENTATION_CONTEXT(2) 
PARAMETRIC_REPRESENTATION_CONTEXT() REPRESENTATION_CONTEXT('2D SPACE',''
  ) );
#11121 = ORIENTED_EDGE('',*,*,#9355,.T.);
#11122 = ORIENTED_EDGE('',*,*,#9102,.T.);
#11123 = ORIENTED_EDGE('',*,*,#11124,.F.);
#11124 = EDGE_CURVE('',#11053,#9103,#11125,.T.);
#11125 = SURFACE_CURVE('',#11126,(#11131,#11138),.PCURVE_S1.);
#11126 = CIRCLE('',#11127,15.);
#11127 = AXIS2_PLACEMENT_3D('',#11128,#11129,#11130);
#11128 = CARTESIAN_POINT('',(86.,27.,-17.5));
#11129 = DIRECTION('',(0.,0.,1.));
#11130 = DIRECTION('',(1.,2.368475785867E-16,-0.));
#11131 = PCURVE('',#9118,#11132);
#11132 = DEFINITIONAL_REPRESENTATION('',(#11133),#11137);
#11133 = LINE('',#11134,#11135);
#11134 = CARTESIAN_POINT('',(0.,0.));
#11135 = VECTOR('',#11136,1.);
#11136 = DIRECTION('',(1.,0.));
#11137 = ( GEOMETRIC_REPRESENTATION_CONTEXT(2) 
PARAMETRIC_REPRESENTATION_CONTEXT() REPRESENTATION_CONTEXT('2D SPACE',''
  ) );
#11138 = PCURVE('',#9192,#11139);
#11139 = DEFINITIONAL_REPRESENTATION('',(#11140),#11144);
#11140 = LINE('',#11141,#11142);
#11141 = CARTESIAN_POINT('',(0.,15.));
#11142 = VECTOR('',#11143,1.);
#11143 = DIRECTION('',(1.,0.));
#11144 = ( GEOMETRIC_REPRESENTATION_CONTEXT(2) 
PARAMETRIC_REPRESENTATION_CONTEXT() REPRESENTATION_CONTEXT('2D SPACE',''
  ) );
#11145 = ADVANCED_FACE('',(#11146),#9192,.T.);
#11146 = FACE_BOUND('',#11147,.T.);
#11147 = EDGE_LOOP('',(#11148,#11169,#11170,#11171));
#11148 = ORIENTED_EDGE('',*,*,#11149,.F.);
#11149 = EDGE_CURVE('',#11053,#9849,#11150,.T.);
#11150 = SURFACE_CURVE('',#11151,(#11155,#11162),.PCURVE_S1.);
#11151 = LINE('',#11152,#11153);
#11152 = CARTESIAN_POINT('',(101.,27.,-32.5));
#11153 = VECTOR('',#11154,1.);
#11154 = DIRECTION('',(0.,0.,1.));
#11155 = PCURVE('',#9192,#11156);
#11156 = DEFINITIONAL_REPRESENTATION('',(#11157),#11161);
#11157 = LINE('',#11158,#11159);
#11158 = CARTESIAN_POINT('',(0.,0.));
#11159 = VECTOR('',#11160,1.);
#11160 = DIRECTION('',(0.,1.));
#11161 = ( GEOMETRIC_REPRESENTATION_CONTEXT(2) 
PARAMETRIC_REPRESENTATION_CONTEXT() REPRESENTATION_CONTEXT('2D SPACE',''
  ) );
#11162 = PCURVE('',#9888,#11163);
#11163 = DEFINITIONAL_REPRESENTATION('',(#11164),#11168);
#11164 = LINE('',#11165,#11166);
#11165 = CARTESIAN_POINT('',(0.,-69.));
#11166 = VECTOR('',#11167,1.);
#11167 = DIRECTION('',(1.,0.));
#11168 = ( GEOMETRIC_REPRESENTATION_CONTEXT(2) 
PARAMETRIC_REPRESENTATION_CONTEXT() REPRESENTATION_CONTEXT('2D SPACE',''
  ) );
#11169 = ORIENTED_EDGE('',*,*,#11124,.T.);
#11170 = ORIENTED_EDGE('',*,*,#9178,.T.);
#11171 = ORIENTED_EDGE('',*,*,#11172,.T.);
#11172 = EDGE_CURVE('',#9156,#9849,#11173,.T.);
#11173 = SURFACE_CURVE('',#11174,(#11179,#11185),.PCURVE_S1.);
#11174 = CIRCLE('',#11175,15.);
#11175 = AXIS2_PLACEMENT_3D('',#11176,#11177,#11178);
#11176 = CARTESIAN_POINT('',(86.,27.,-2.5));
#11177 = DIRECTION('',(0.,0.,-1.));
#11178 = DIRECTION('',(1.,0.,0.));
#11179 = PCURVE('',#9192,#11180);
#11180 = DEFINITIONAL_REPRESENTATION('',(#11181),#11184);
#11181 = B_SPLINE_CURVE_WITH_KNOTS('',1,(#11182,#11183),.UNSPECIFIED.,
  .F.,.F.,(2,2),(4.712388980385,6.28318530718),
  .PIECEWISE_BEZIER_KNOTS.);
#11182 = CARTESIAN_POINT('',(1.570796326795,30.));
#11183 = CARTESIAN_POINT('',(0.,30.));
#11184 = ( GEOMETRIC_REPRESENTATION_CONTEXT(2) 
PARAMETRIC_REPRESENTATION_CONTEXT() REPRESENTATION_CONTEXT('2D SPACE',''
  ) );
#11185 = PCURVE('',#9225,#11186);
#11186 = DEFINITIONAL_REPRESENTATION('',(#11187),#11190);
#11187 = B_SPLINE_CURVE_WITH_KNOTS('',1,(#11188,#11189),.UNSPECIFIED.,
  .F.,.F.,(2,2),(4.712388980385,6.28318530718),
  .PIECEWISE_BEZIER_KNOTS.);
#11188 = CARTESIAN_POINT('',(0.,-1.570796326795));
#11189 = CARTESIAN_POINT('',(0.,0.));
#11190 = ( GEOMETRIC_REPRESENTATION_CONTEXT(2) 
PARAMETRIC_REPRESENTATION_CONTEXT() REPRESENTATION_CONTEXT('2D SPACE',''
  ) );
#11191 = ADVANCED_FACE('',(#11192),#9225,.T.);
#11192 = FACE_BOUND('',#11193,.T.);
#11193 = EDGE_LOOP('',(#11194,#11195,#11196));
#11194 = ORIENTED_EDGE('',*,*,#11172,.F.);
#11195 = ORIENTED_EDGE('',*,*,#9211,.T.);
#11196 = ORIENTED_EDGE('',*,*,#9848,.F.);
#11197 = ADVANCED_FACE('',(#11198),#9286,.T.);
#11198 = FACE_BOUND('',#11199,.F.);
#11199 = EDGE_LOOP('',(#11200,#11201,#11202,#11227));
#11200 = ORIENTED_EDGE('',*,*,#10972,.F.);
#11201 = ORIENTED_EDGE('',*,*,#11026,.T.);
#11202 = ORIENTED_EDGE('',*,*,#11203,.T.);
#11203 = EDGE_CURVE('',#10999,#9271,#11204,.T.);
#11204 = SURFACE_CURVE('',#11205,(#11210,#11216),.PCURVE_S1.);
#11205 = CIRCLE('',#11206,9.);
#11206 = AXIS2_PLACEMENT_3D('',#11207,#11208,#11209);
#11207 = CARTESIAN_POINT('',(88.,27.,-40.5));
#11208 = DIRECTION('',(1.,-2.832769448824E-16,0.));
#11209 = DIRECTION('',(2.832769448824E-16,1.,0.));
#11210 = PCURVE('',#9286,#11211);
#11211 = DEFINITIONAL_REPRESENTATION('',(#11212),#11215);
#11212 = B_SPLINE_CURVE_WITH_KNOTS('',1,(#11213,#11214),.UNSPECIFIED.,
  .F.,.F.,(2,2),(4.712388980385,6.28318530718),
  .PIECEWISE_BEZIER_KNOTS.);
#11213 = CARTESIAN_POINT('',(-1.570796326795,39.));
#11214 = CARTESIAN_POINT('',(0.,39.));
#11215 = ( GEOMETRIC_REPRESENTATION_CONTEXT(2) 
PARAMETRIC_REPRESENTATION_CONTEXT() REPRESENTATION_CONTEXT('2D SPACE',''
  ) );
#11216 = PCURVE('',#11217,#11222);
#11217 = SPHERICAL_SURFACE('',#11218,9.);
#11218 = AXIS2_PLACEMENT_3D('',#11219,#11220,#11221);
#11219 = CARTESIAN_POINT('',(88.,27.,-40.5));
#11220 = DIRECTION('',(0.,0.,1.));
#11221 = DIRECTION('',(1.,0.,-0.));
#11222 = DEFINITIONAL_REPRESENTATION('',(#11223),#11226);
#11223 = B_SPLINE_CURVE_WITH_KNOTS('',1,(#11224,#11225),.UNSPECIFIED.,
  .F.,.F.,(2,2),(4.712388980385,6.28318530718),
  .PIECEWISE_BEZIER_KNOTS.);
#11224 = CARTESIAN_POINT('',(1.570796326795,-1.570796326795));
#11225 = CARTESIAN_POINT('',(1.570796326795,0.));
#11226 = ( GEOMETRIC_REPRESENTATION_CONTEXT(2) 
PARAMETRIC_REPRESENTATION_CONTEXT() REPRESENTATION_CONTEXT('2D SPACE',''
  ) );
#11227 = ORIENTED_EDGE('',*,*,#9270,.F.);
#11228 = ADVANCED_FACE('',(#11229),#9337,.T.);
#11229 = FACE_BOUND('',#11230,.T.);
#11230 = EDGE_LOOP('',(#11231,#11256,#11278,#11279));
#11231 = ORIENTED_EDGE('',*,*,#11232,.F.);
#11232 = EDGE_CURVE('',#11233,#11235,#11237,.T.);
#11233 = VERTEX_POINT('',#11234);
#11234 = CARTESIAN_POINT('',(97.,27.,-40.5));
#11235 = VERTEX_POINT('',#11236);
#11236 = CARTESIAN_POINT('',(97.,27.,-35.5));
#11237 = SURFACE_CURVE('',#11238,(#11242,#11249),.PCURVE_S1.);
#11238 = LINE('',#11239,#11240);
#11239 = CARTESIAN_POINT('',(97.,27.,-49.5));
#11240 = VECTOR('',#11241,1.);
#11241 = DIRECTION('',(0.,0.,1.));
#11242 = PCURVE('',#9337,#11243);
#11243 = DEFINITIONAL_REPRESENTATION('',(#11244),#11248);
#11244 = LINE('',#11245,#11246);
#11245 = CARTESIAN_POINT('',(0.,0.));
#11246 = VECTOR('',#11247,1.);
#11247 = DIRECTION('',(0.,1.));
#11248 = ( GEOMETRIC_REPRESENTATION_CONTEXT(2) 
PARAMETRIC_REPRESENTATION_CONTEXT() REPRESENTATION_CONTEXT('2D SPACE',''
  ) );
#11249 = PCURVE('',#10872,#11250);
#11250 = DEFINITIONAL_REPRESENTATION('',(#11251),#11255);
#11251 = LINE('',#11252,#11253);
#11252 = CARTESIAN_POINT('',(0.,-63.));
#11253 = VECTOR('',#11254,1.);
#11254 = DIRECTION('',(1.,0.));
#11255 = ( GEOMETRIC_REPRESENTATION_CONTEXT(2) 
PARAMETRIC_REPRESENTATION_CONTEXT() REPRESENTATION_CONTEXT('2D SPACE',''
  ) );
#11256 = ORIENTED_EDGE('',*,*,#11257,.T.);
#11257 = EDGE_CURVE('',#11233,#9271,#11258,.T.);
#11258 = SURFACE_CURVE('',#11259,(#11264,#11271),.PCURVE_S1.);
#11259 = CIRCLE('',#11260,9.);
#11260 = AXIS2_PLACEMENT_3D('',#11261,#11262,#11263);
#11261 = CARTESIAN_POINT('',(88.,27.,-40.5));
#11262 = DIRECTION('',(0.,0.,1.));
#11263 = DIRECTION('',(1.,0.,-0.));
#11264 = PCURVE('',#9337,#11265);
#11265 = DEFINITIONAL_REPRESENTATION('',(#11266),#11270);
#11266 = LINE('',#11267,#11268);
#11267 = CARTESIAN_POINT('',(0.,9.));
#11268 = VECTOR('',#11269,1.);
#11269 = DIRECTION('',(1.,0.));
#11270 = ( GEOMETRIC_REPRESENTATION_CONTEXT(2) 
PARAMETRIC_REPRESENTATION_CONTEXT() REPRESENTATION_CONTEXT('2D SPACE',''
  ) );
#11271 = PCURVE('',#11217,#11272);
#11272 = DEFINITIONAL_REPRESENTATION('',(#11273),#11277);
#11273 = LINE('',#11274,#11275);
#11274 = CARTESIAN_POINT('',(0.,0.));
#11275 = VECTOR('',#11276,1.);
#11276 = DIRECTION('',(1.,0.));
#11277 = ( GEOMETRIC_REPRESENTATION_CONTEXT(2) 
PARAMETRIC_REPRESENTATION_CONTEXT() REPRESENTATION_CONTEXT('2D SPACE',''
  ) );
#11278 = ORIENTED_EDGE('',*,*,#9323,.T.);
#11279 = ORIENTED_EDGE('',*,*,#11280,.T.);
#11280 = EDGE_CURVE('',#9301,#11235,#11281,.T.);
#11281 = SURFACE_CURVE('',#11282,(#11287,#11293),.PCURVE_S1.);
#11282 = CIRCLE('',#11283,9.);
#11283 = AXIS2_PLACEMENT_3D('',#11284,#11285,#11286);
#11284 = CARTESIAN_POINT('',(88.,27.,-35.5));
#11285 = DIRECTION('',(0.,0.,-1.));
#11286 = DIRECTION('',(1.,0.,0.));
#11287 = PCURVE('',#9337,#11288);
#11288 = DEFINITIONAL_REPRESENTATION('',(#11289),#11292);
#11289 = B_SPLINE_CURVE_WITH_KNOTS('',1,(#11290,#11291),.UNSPECIFIED.,
  .F.,.F.,(2,2),(4.712388980385,6.28318530718),
  .PIECEWISE_BEZIER_KNOTS.);
#11290 = CARTESIAN_POINT('',(1.570796326795,14.));
#11291 = CARTESIAN_POINT('',(0.,14.));
#11292 = ( GEOMETRIC_REPRESENTATION_CONTEXT(2) 
PARAMETRIC_REPRESENTATION_CONTEXT() REPRESENTATION_CONTEXT('2D SPACE',''
  ) );
#11293 = PCURVE('',#9413,#11294);
#11294 = DEFINITIONAL_REPRESENTATION('',(#11295),#11298);
#11295 = B_SPLINE_CURVE_WITH_KNOTS('',1,(#11296,#11297),.UNSPECIFIED.,
  .F.,.F.,(2,2),(4.712388980385,6.28318530718),
  .PIECEWISE_BEZIER_KNOTS.);
#11296 = CARTESIAN_POINT('',(0.,-1.570796326795));
#11297 = CARTESIAN_POINT('',(0.,0.));
#11298 = ( GEOMETRIC_REPRESENTATION_CONTEXT(2) 
PARAMETRIC_REPRESENTATION_CONTEXT() REPRESENTATION_CONTEXT('2D SPACE',''
  ) );
#11299 = ADVANCED_FACE('',(#11300),#9413,.T.);
#11300 = FACE_BOUND('',#11301,.T.);
#11301 = EDGE_LOOP('',(#11302,#11303,#11304,#11305));
#11302 = ORIENTED_EDGE('',*,*,#11280,.F.);
#11303 = ORIENTED_EDGE('',*,*,#9399,.T.);
#11304 = ORIENTED_EDGE('',*,*,#11074,.T.);
#11305 = ORIENTED_EDGE('',*,*,#11306,.F.);
#11306 = EDGE_CURVE('',#11235,#11051,#11307,.T.);
#11307 = SURFACE_CURVE('',#11308,(#11313,#11320),.PCURVE_S1.);
#11308 = CIRCLE('',#11309,9.);
#11309 = AXIS2_PLACEMENT_3D('',#11310,#11311,#11312);
#11310 = CARTESIAN_POINT('',(88.,27.,-35.5));
#11311 = DIRECTION('',(0.,-1.,-0.));
#11312 = DIRECTION('',(1.,0.,0.));
#11313 = PCURVE('',#9413,#11314);
#11314 = DEFINITIONAL_REPRESENTATION('',(#11315),#11319);
#11315 = LINE('',#11316,#11317);
#11316 = CARTESIAN_POINT('',(0.,0.));
#11317 = VECTOR('',#11318,1.);
#11318 = DIRECTION('',(1.,0.));
#11319 = ( GEOMETRIC_REPRESENTATION_CONTEXT(2) 
PARAMETRIC_REPRESENTATION_CONTEXT() REPRESENTATION_CONTEXT('2D SPACE',''
  ) );
#11320 = PCURVE('',#10746,#11321);
#11321 = DEFINITIONAL_REPRESENTATION('',(#11322),#11326);
#11322 = LINE('',#11323,#11324);
#11323 = CARTESIAN_POINT('',(-0.,63.));
#11324 = VECTOR('',#11325,1.);
#11325 = DIRECTION('',(-1.,0.));
#11326 = ( GEOMETRIC_REPRESENTATION_CONTEXT(2) 
PARAMETRIC_REPRESENTATION_CONTEXT() REPRESENTATION_CONTEXT('2D SPACE',''
  ) );
#11327 = ADVANCED_FACE('',(#11328),#9466,.T.);
#11328 = FACE_BOUND('',#11329,.T.);
#11329 = EDGE_LOOP('',(#11330,#11331,#11332));
#11330 = ORIENTED_EDGE('',*,*,#9779,.F.);
#11331 = ORIENTED_EDGE('',*,*,#9452,.T.);
#11332 = ORIENTED_EDGE('',*,*,#11333,.F.);
#11333 = EDGE_CURVE('',#9780,#9428,#11334,.T.);
#11334 = SURFACE_CURVE('',#11335,(#11340,#11347),.PCURVE_S1.);
#11335 = CIRCLE('',#11336,5.);
#11336 = AXIS2_PLACEMENT_3D('',#11337,#11338,#11339);
#11337 = CARTESIAN_POINT('',(61.5,32.924431687926,47.127293557206));
#11338 = DIRECTION('',(6.162975822039E-33,-0.258819045103,0.965925826289
    ));
#11339 = DIRECTION('',(1.,1.715828947882E-16,4.597549809349E-17));
#11340 = PCURVE('',#9466,#11341);
#11341 = DEFINITIONAL_REPRESENTATION('',(#11342),#11346);
#11342 = LINE('',#11343,#11344);
#11343 = CARTESIAN_POINT('',(0.,0.));
#11344 = VECTOR('',#11345,1.);
#11345 = DIRECTION('',(1.,0.));
#11346 = ( GEOMETRIC_REPRESENTATION_CONTEXT(2) 
PARAMETRIC_REPRESENTATION_CONTEXT() REPRESENTATION_CONTEXT('2D SPACE',''
  ) );
#11347 = PCURVE('',#9519,#11348);
#11348 = DEFINITIONAL_REPRESENTATION('',(#11349),#11353);
#11349 = LINE('',#11350,#11351);
#11350 = CARTESIAN_POINT('',(0.,5.));
#11351 = VECTOR('',#11352,1.);
#11352 = DIRECTION('',(1.,0.));
#11353 = ( GEOMETRIC_REPRESENTATION_CONTEXT(2) 
PARAMETRIC_REPRESENTATION_CONTEXT() REPRESENTATION_CONTEXT('2D SPACE',''
  ) );
#11354 = ADVANCED_FACE('',(#11355),#9519,.T.);
#11355 = FACE_BOUND('',#11356,.T.);
#11356 = EDGE_LOOP('',(#11357,#11380,#11381,#11382));
#11357 = ORIENTED_EDGE('',*,*,#11358,.F.);
#11358 = EDGE_CURVE('',#9780,#11359,#11361,.T.);
#11359 = VERTEX_POINT('',#11360);
#11360 = CARTESIAN_POINT('',(66.5,32.406793597721,49.059145209785));
#11361 = SURFACE_CURVE('',#11362,(#11366,#11373),.PCURVE_S1.);
#11362 = LINE('',#11363,#11364);
#11363 = CARTESIAN_POINT('',(66.5,34.218526913438,42.297664425761));
#11364 = VECTOR('',#11365,1.);
#11365 = DIRECTION('',(0.,-0.258819045103,0.965925826289));
#11366 = PCURVE('',#9519,#11367);
#11367 = DEFINITIONAL_REPRESENTATION('',(#11368),#11372);
#11368 = LINE('',#11369,#11370);
#11369 = CARTESIAN_POINT('',(0.,0.));
#11370 = VECTOR('',#11371,1.);
#11371 = DIRECTION('',(0.,1.));
#11372 = ( GEOMETRIC_REPRESENTATION_CONTEXT(2) 
PARAMETRIC_REPRESENTATION_CONTEXT() REPRESENTATION_CONTEXT('2D SPACE',''
  ) );
#11373 = PCURVE('',#9713,#11374);
#11374 = DEFINITIONAL_REPRESENTATION('',(#11375),#11379);
#11375 = LINE('',#11376,#11377);
#11376 = CARTESIAN_POINT('',(0.,-13.));
#11377 = VECTOR('',#11378,1.);
#11378 = DIRECTION('',(1.,0.));
#11379 = ( GEOMETRIC_REPRESENTATION_CONTEXT(2) 
PARAMETRIC_REPRESENTATION_CONTEXT() REPRESENTATION_CONTEXT('2D SPACE',''
  ) );
#11380 = ORIENTED_EDGE('',*,*,#11333,.T.);
#11381 = ORIENTED_EDGE('',*,*,#9505,.T.);
#11382 = ORIENTED_EDGE('',*,*,#11383,.T.);
#11383 = EDGE_CURVE('',#9483,#11359,#11384,.T.);
#11384 = SURFACE_CURVE('',#11385,(#11390,#11396),.PCURVE_S1.);
#11385 = CIRCLE('',#11386,5.);
#11386 = AXIS2_PLACEMENT_3D('',#11387,#11388,#11389);
#11387 = CARTESIAN_POINT('',(61.5,32.406793597721,49.059145209785));
#11388 = DIRECTION('',(0.,0.258819045103,-0.965925826289));
#11389 = DIRECTION('',(1.,0.,0.));
#11390 = PCURVE('',#9519,#11391);
#11391 = DEFINITIONAL_REPRESENTATION('',(#11392),#11395);
#11392 = B_SPLINE_CURVE_WITH_KNOTS('',1,(#11393,#11394),.UNSPECIFIED.,
  .F.,.F.,(2,2),(4.712388980385,6.28318530718),
  .PIECEWISE_BEZIER_KNOTS.);
#11393 = CARTESIAN_POINT('',(1.570796326795,7.));
#11394 = CARTESIAN_POINT('',(0.,7.));
#11395 = ( GEOMETRIC_REPRESENTATION_CONTEXT(2) 
PARAMETRIC_REPRESENTATION_CONTEXT() REPRESENTATION_CONTEXT('2D SPACE',''
  ) );
#11396 = PCURVE('',#9592,#11397);
#11397 = DEFINITIONAL_REPRESENTATION('',(#11398),#11401);
#11398 = B_SPLINE_CURVE_WITH_KNOTS('',1,(#11399,#11400),.UNSPECIFIED.,
  .F.,.F.,(2,2),(4.712388980385,6.28318530718),
  .PIECEWISE_BEZIER_KNOTS.);
#11399 = CARTESIAN_POINT('',(0.,-1.570796326795));
#11400 = CARTESIAN_POINT('',(0.,0.));
#11401 = ( GEOMETRIC_REPRESENTATION_CONTEXT(2) 
PARAMETRIC_REPRESENTATION_CONTEXT() REPRESENTATION_CONTEXT('2D SPACE',''
  ) );
#11402 = ADVANCED_FACE('',(#11403),#9592,.T.);
#11403 = FACE_BOUND('',#11404,.T.);
#11404 = EDGE_LOOP('',(#11405,#11406,#11407));
#11405 = ORIENTED_EDGE('',*,*,#11383,.F.);
#11406 = ORIENTED_EDGE('',*,*,#9578,.T.);
#11407 = ORIENTED_EDGE('',*,*,#11408,.F.);
#11408 = EDGE_CURVE('',#11359,#9556,#11409,.T.);
#11409 = SURFACE_CURVE('',#11410,(#11415,#11422),.PCURVE_S1.);
#11410 = CIRCLE('',#11411,5.);
#11411 = AXIS2_PLACEMENT_3D('',#11412,#11413,#11414);
#11412 = CARTESIAN_POINT('',(61.5,32.406793597721,49.059145209785));
#11413 = DIRECTION('',(0.,-0.965925826289,-0.258819045103));
#11414 = DIRECTION('',(1.,0.,0.));
#11415 = PCURVE('',#9592,#11416);
#11416 = DEFINITIONAL_REPRESENTATION('',(#11417),#11421);
#11417 = LINE('',#11418,#11419);
#11418 = CARTESIAN_POINT('',(0.,0.));
#11419 = VECTOR('',#11420,1.);
#11420 = DIRECTION('',(1.,0.));
#11421 = ( GEOMETRIC_REPRESENTATION_CONTEXT(2) 
PARAMETRIC_REPRESENTATION_CONTEXT() REPRESENTATION_CONTEXT('2D SPACE',''
  ) );
#11422 = PCURVE('',#9633,#11423);
#11423 = DEFINITIONAL_REPRESENTATION('',(#11424),#11428);
#11424 = LINE('',#11425,#11426);
#11425 = CARTESIAN_POINT('',(-0.,13.));
#11426 = VECTOR('',#11427,1.);
#11427 = DIRECTION('',(-1.,0.));
#11428 = ( GEOMETRIC_REPRESENTATION_CONTEXT(2) 
PARAMETRIC_REPRESENTATION_CONTEXT() REPRESENTATION_CONTEXT('2D SPACE',''
  ) );
#11429 = ADVANCED_FACE('',(#11430),#9633,.T.);
#11430 = FACE_BOUND('',#11431,.F.);
#11431 = EDGE_LOOP('',(#11432,#11433,#11434,#11435));
#11432 = ORIENTED_EDGE('',*,*,#9649,.F.);
#11433 = ORIENTED_EDGE('',*,*,#9619,.T.);
#11434 = ORIENTED_EDGE('',*,*,#11408,.F.);
#11435 = ORIENTED_EDGE('',*,*,#11436,.F.);
#11436 = EDGE_CURVE('',#9650,#11359,#11437,.T.);
#11437 = SURFACE_CURVE('',#11438,(#11442,#11449),.PCURVE_S1.);
#11438 = LINE('',#11439,#11440);
#11439 = CARTESIAN_POINT('',(66.5,19.849757855963,45.694497623452));
#11440 = VECTOR('',#11441,1.);
#11441 = DIRECTION('',(0.,0.965925826289,0.258819045103));
#11442 = PCURVE('',#9633,#11443);
#11443 = DEFINITIONAL_REPRESENTATION('',(#11444),#11448);
#11444 = LINE('',#11445,#11446);
#11445 = CARTESIAN_POINT('',(-0.,0.));
#11446 = VECTOR('',#11447,1.);
#11447 = DIRECTION('',(-0.,1.));
#11448 = ( GEOMETRIC_REPRESENTATION_CONTEXT(2) 
PARAMETRIC_REPRESENTATION_CONTEXT() REPRESENTATION_CONTEXT('2D SPACE',''
  ) );
#11449 = PCURVE('',#9713,#11450);
#11450 = DEFINITIONAL_REPRESENTATION('',(#11451),#11455);
#11451 = LINE('',#11452,#11453);
#11452 = CARTESIAN_POINT('',(7.,0.));
#11453 = VECTOR('',#11454,1.);
#11454 = DIRECTION('',(0.,-1.));
#11455 = ( GEOMETRIC_REPRESENTATION_CONTEXT(2) 
PARAMETRIC_REPRESENTATION_CONTEXT() REPRESENTATION_CONTEXT('2D SPACE',''
  ) );
#11456 = ADVANCED_FACE('',(#11457),#9713,.T.);
#11457 = FACE_BOUND('',#11458,.T.);
#11458 = EDGE_LOOP('',(#11459,#11460,#11461,#11462));
#11459 = ORIENTED_EDGE('',*,*,#9697,.F.);
#11460 = ORIENTED_EDGE('',*,*,#9801,.T.);
#11461 = ORIENTED_EDGE('',*,*,#11358,.T.);
#11462 = ORIENTED_EDGE('',*,*,#11436,.F.);
#11463 = ADVANCED_FACE('',(#11464),#10227,.T.);
#11464 = FACE_BOUND('',#11465,.T.);
#11465 = EDGE_LOOP('',(#11466,#11467,#11490,#11523));
#11466 = ORIENTED_EDGE('',*,*,#10944,.F.);
#11467 = ORIENTED_EDGE('',*,*,#11468,.T.);
#11468 = EDGE_CURVE('',#10640,#11469,#11471,.T.);
#11469 = VERTEX_POINT('',#11470);
#11470 = CARTESIAN_POINT('',(101.,-17.139136501,-17.5));
#11471 = SURFACE_CURVE('',#11472,(#11476,#11483),.PCURVE_S1.);
#11472 = LINE('',#11473,#11474);
#11473 = CARTESIAN_POINT('',(101.,-42.,-17.5));
#11474 = VECTOR('',#11475,1.);
#11475 = DIRECTION('',(-0.,1.,0.));
#11476 = PCURVE('',#10227,#11477);
#11477 = DEFINITIONAL_REPRESENTATION('',(#11478),#11482);
#11478 = LINE('',#11479,#11480);
#11479 = CARTESIAN_POINT('',(15.,0.));
#11480 = VECTOR('',#11481,1.);
#11481 = DIRECTION('',(0.,-1.));
#11482 = ( GEOMETRIC_REPRESENTATION_CONTEXT(2) 
PARAMETRIC_REPRESENTATION_CONTEXT() REPRESENTATION_CONTEXT('2D SPACE',''
  ) );
#11483 = PCURVE('',#10655,#11484);
#11484 = DEFINITIONAL_REPRESENTATION('',(#11485),#11489);
#11485 = LINE('',#11486,#11487);
#11486 = CARTESIAN_POINT('',(0.,0.));
#11487 = VECTOR('',#11488,1.);
#11488 = DIRECTION('',(0.,1.));
#11489 = ( GEOMETRIC_REPRESENTATION_CONTEXT(2) 
PARAMETRIC_REPRESENTATION_CONTEXT() REPRESENTATION_CONTEXT('2D SPACE',''
  ) );
#11490 = ORIENTED_EDGE('',*,*,#11491,.F.);
#11491 = EDGE_CURVE('',#9901,#11469,#11492,.T.);
#11492 = SURFACE_CURVE('',#11493,(#11498,#11505),.PCURVE_S1.);
#11493 = CIRCLE('',#11494,22.449944320644);
#11494 = AXIS2_PLACEMENT_3D('',#11495,#11496,#11497);
#11495 = CARTESIAN_POINT('',(101.,0.,-3.));
#11496 = DIRECTION('',(1.,0.,-0.));
#11497 = DIRECTION('',(0.,0.,1.));
#11498 = PCURVE('',#10227,#11499);
#11499 = DEFINITIONAL_REPRESENTATION('',(#11500),#11504);
#11500 = CIRCLE('',#11501,22.449944320644);
#11501 = AXIS2_PLACEMENT_2D('',#11502,#11503);
#11502 = CARTESIAN_POINT('',(29.5,-42.));
#11503 = DIRECTION('',(1.,0.));
#11504 = ( GEOMETRIC_REPRESENTATION_CONTEXT(2) 
PARAMETRIC_REPRESENTATION_CONTEXT() REPRESENTATION_CONTEXT('2D SPACE',''
  ) );
#11505 = PCURVE('',#10106,#11506);
#11506 = DEFINITIONAL_REPRESENTATION('',(#11507),#11522);
#11507 = B_SPLINE_CURVE_WITH_KNOTS('',7,(#11508,#11509,#11510,#11511,
    #11512,#11513,#11514,#11515,#11516,#11517,#11518,#11519,#11520,
    #11521),.UNSPECIFIED.,.F.,.F.,(8,6,8),(1.548522714974,1.91074809544,
    2.272973475905),.UNSPECIFIED.);
#11508 = CARTESIAN_POINT('',(4.493195275362,2.174084308088E-02));
#11509 = CARTESIAN_POINT('',(4.493439939584,-2.876750637926E-02));
#11510 = CARTESIAN_POINT('',(4.493020917968,-7.927906263323E-02));
#11511 = CARTESIAN_POINT('',(4.491943399251,-0.129783394797));
#11512 = CARTESIAN_POINT('',(4.490191561994,-0.18027013584));
#11513 = CARTESIAN_POINT('',(4.487730201162,-0.23072835867));
#11514 = CARTESIAN_POINT('',(4.484499752065,-0.281145495304));
#11515 = CARTESIAN_POINT('',(4.476309671234,-0.381866102947));
#11516 = CARTESIAN_POINT('',(4.471350038015,-0.432169572491));
#11517 = CARTESIAN_POINT('',(4.465429861594,-0.482400394769));
#11518 = CARTESIAN_POINT('',(4.458417665083,-0.53253960969));
#11519 = CARTESIAN_POINT('',(4.450128271556,-0.58256265071));
#11520 = CARTESIAN_POINT('',(4.440306308113,-0.632437418217));
#11521 = CARTESIAN_POINT('',(4.428536519841,-0.682113196286));
#11522 = ( GEOMETRIC_REPRESENTATION_CONTEXT(2) 
PARAMETRIC_REPRESENTATION_CONTEXT() REPRESENTATION_CONTEXT('2D SPACE',''
  ) );
#11523 = ORIENTED_EDGE('',*,*,#10213,.F.);
#11524 = ADVANCED_FACE('',(#11525,#11529),#10106,.T.);
#11525 = FACE_BOUND('',#11526,.T.);
#11526 = VERTEX_LOOP('',#11527);
#11527 = VERTEX_POINT('',#11528);
#11528 = CARTESIAN_POINT('',(106.,-3.449447500122E-31,20.));
#11529 = FACE_BOUND('',#11530,.T.);
#11530 = EDGE_LOOP('',(#11531,#11566,#11567,#11568));
#11531 = ORIENTED_EDGE('',*,*,#11532,.T.);
#11532 = EDGE_CURVE('',#11533,#9873,#11535,.T.);
#11533 = VERTEX_POINT('',#11534);
#11534 = CARTESIAN_POINT('',(101.,17.139136501003,-17.5));
#11535 = SURFACE_CURVE('',#11536,(#11541,#11559),.PCURVE_S1.);
#11536 = CIRCLE('',#11537,22.449944320644);
#11537 = AXIS2_PLACEMENT_3D('',#11538,#11539,#11540);
#11538 = CARTESIAN_POINT('',(101.,0.,-3.));
#11539 = DIRECTION('',(1.,0.,-0.));
#11540 = DIRECTION('',(0.,0.,1.));
#11541 = PCURVE('',#10106,#11542);
#11542 = DEFINITIONAL_REPRESENTATION('',(#11543),#11558);
#11543 = B_SPLINE_CURVE_WITH_KNOTS('',7,(#11544,#11545,#11546,#11547,
    #11548,#11549,#11550,#11551,#11552,#11553,#11554,#11555,#11556,
    #11557),.UNSPECIFIED.,.F.,.F.,(8,6,8),(4.010211831274,4.37243721174,
    4.734662592206),.UNSPECIFIED.);
#11544 = CARTESIAN_POINT('',(1.854648787339,-0.682113196286));
#11545 = CARTESIAN_POINT('',(1.842878999066,-0.632437418217));
#11546 = CARTESIAN_POINT('',(1.833057035624,-0.58256265071));
#11547 = CARTESIAN_POINT('',(1.824767642097,-0.53253960969));
#11548 = CARTESIAN_POINT('',(1.817755445586,-0.482400394768));
#11549 = CARTESIAN_POINT('',(1.811835269164,-0.432169572491));
#11550 = CARTESIAN_POINT('',(1.806875635946,-0.381866102947));
#11551 = CARTESIAN_POINT('',(1.798685555115,-0.281145495304));
#11552 = CARTESIAN_POINT('',(1.795455106018,-0.23072835867));
#11553 = CARTESIAN_POINT('',(1.792993745186,-0.18027013584));
#11554 = CARTESIAN_POINT('',(1.791241907929,-0.129783394797));
#11555 = CARTESIAN_POINT('',(1.790164389212,-7.927906263323E-02));
#11556 = CARTESIAN_POINT('',(1.789745367596,-2.876750637926E-02));
#11557 = CARTESIAN_POINT('',(1.789990031818,2.174084308088E-02));
#11558 = ( GEOMETRIC_REPRESENTATION_CONTEXT(2) 
PARAMETRIC_REPRESENTATION_CONTEXT() REPRESENTATION_CONTEXT('2D SPACE',''
  ) );
#11559 = PCURVE('',#9888,#11560);
#11560 = DEFINITIONAL_REPRESENTATION('',(#11561),#11565);
#11561 = CIRCLE('',#11562,22.449944320644);
#11562 = AXIS2_PLACEMENT_2D('',#11563,#11564);
#11563 = CARTESIAN_POINT('',(29.5,-42.));
#11564 = DIRECTION('',(1.,0.));
#11565 = ( GEOMETRIC_REPRESENTATION_CONTEXT(2) 
PARAMETRIC_REPRESENTATION_CONTEXT() REPRESENTATION_CONTEXT('2D SPACE',''
  ) );
#11566 = ORIENTED_EDGE('',*,*,#9900,.T.);
#11567 = ORIENTED_EDGE('',*,*,#11491,.T.);
#11568 = ORIENTED_EDGE('',*,*,#11569,.F.);
#11569 = EDGE_CURVE('',#11533,#11469,#11570,.T.);
#11570 = SURFACE_CURVE('',#11571,(#11693,#11818),.PCURVE_S1.);
#11571 = B_SPLINE_CURVE_WITH_KNOTS('',8,(#11572,#11573,#11574,#11575,
    #11576,#11577,#11578,#11579,#11580,#11581,#11582,#11583,#11584,
    #11585,#11586,#11587,#11588,#11589,#11590,#11591,#11592,#11593,
    #11594,#11595,#11596,#11597,#11598,#11599,#11600,#11601,#11602,
    #11603,#11604,#11605,#11606,#11607,#11608,#11609,#11610,#11611,
    #11612,#11613,#11614,#11615,#11616,#11617,#11618,#11619,#11620,
    #11621,#11622,#11623,#11624,#11625,#11626,#11627,#11628,#11629,
    #11630,#11631,#11632,#11633,#11634,#11635,#11636,#11637,#11638,
    #11639,#11640,#11641,#11642,#11643,#11644,#11645,#11646,#11647,
    #11648,#11649,#11650,#11651,#11652,#11653,#11654,#11655,#11656,
    #11657,#11658,#11659,#11660,#11661,#11662,#11663,#11664,#11665,
    #11666,#11667,#11668,#11669,#11670,#11671,#11672,#11673,#11674,
    #11675,#11676,#11677,#11678,#11679,#11680,#11681,#11682,#11683,
    #11684,#11685,#11686,#11687,#11688,#11689,#11690,#11691,#11692),
  .UNSPECIFIED.,.F.,.F.,(9,7,7,7,7,7,7,7,7,7,7,7,7,7,7,7,7,9),(0.,
    3.947440865516E-02,8.239575835585E-02,0.11737116094,0.156471961206,
    0.224058954479,0.293312604887,0.353469995592,0.396327385273,
    0.500000960589,0.638272998513,0.695691845618,0.775941715306,
    0.84352850654,0.88262918992,0.917604487952,0.960525709347,1.),
  .UNSPECIFIED.);
#11572 = CARTESIAN_POINT('',(101.,17.139136501003,-17.5));
#11573 = CARTESIAN_POINT('',(101.,17.000211760096,-17.66421035157));
#11574 = CARTESIAN_POINT('',(100.99794553221,16.859768038567,
    -17.82586122494));
#11575 = CARTESIAN_POINT('',(100.99394863726,16.717876047264,
    -17.98496533231));
#11576 = CARTESIAN_POINT('',(100.98811651259,16.574602139404,
    -18.14153735945));
#11577 = CARTESIAN_POINT('',(100.98055170126,16.430008304093,
    -18.29559395332));
#11578 = CARTESIAN_POINT('',(100.9713522807,16.284152159854,
    -18.44715370971));
#11579 = CARTESIAN_POINT('',(100.96061205151,16.137086948147,
    -18.59623716082));
#11580 = CARTESIAN_POINT('',(100.93516484349,15.827692927872,
    -18.90230019441));
#11581 = CARTESIAN_POINT('',(100.92019350219,15.665154120503,
    -19.05883106929));
#11582 = CARTESIAN_POINT('',(100.90362201714,15.501308153187,
    -19.21248797686));
#11583 = CARTESIAN_POINT('',(100.885560197,15.336214113322,
    -19.36330008201));
#11584 = CARTESIAN_POINT('',(100.8661126347,15.169927142144,
    -19.5112971843));
#11585 = CARTESIAN_POINT('',(100.8453789978,15.002498449567,
    -19.65650977704));
#11586 = CARTESIAN_POINT('',(100.82345431885,14.833975329022,
    -19.79896910643));
#11587 = CARTESIAN_POINT('',(100.78166683288,14.526219953842,
    -20.05257590404));
#11588 = CARTESIAN_POINT('',(100.76217388445,14.387341425443,
    -20.16463718086));
#11589 = CARTESIAN_POINT('',(100.74199936358,14.247789328842,
    -20.2749081143));
#11590 = CARTESIAN_POINT('',(100.72119051668,14.107586270729,
    -20.38340569114));
#11591 = CARTESIAN_POINT('',(100.69979291346,13.966753722735,
    -20.4901468318));
#11592 = CARTESIAN_POINT('',(100.67785044698,13.825312021437,
    -20.59514839028));
#11593 = CARTESIAN_POINT('',(100.65540533357,13.683280368355,
    -20.69842715424));
#11594 = CARTESIAN_POINT('',(100.60688895346,13.381253004629,
    -20.91355317657));
#11595 = CARTESIAN_POINT('',(100.58070251674,13.221114813834,
    -21.02497403563));
#11596 = CARTESIAN_POINT('',(100.55399545156,13.060287540703,
    -21.13428573572));
#11597 = CARTESIAN_POINT('',(100.52682235233,12.898795280336,
    -21.24151124646));
#11598 = CARTESIAN_POINT('',(100.49923575907,12.736660939799,
    -21.34667319343));
#11599 = CARTESIAN_POINT('',(100.47128615736,12.573906238124,
    -21.4497938582));
#11600 = CARTESIAN_POINT('',(100.44302197839,12.410551706308,
    -21.55089517831));
#11601 = CARTESIAN_POINT('',(100.36517046157,11.963249724221,
    -21.82130245981));
#11602 = CARTESIAN_POINT('',(100.31505074171,11.678150600518,
    -21.98663609244));
#11603 = CARTESIAN_POINT('',(100.26437063781,11.391418056932,
    -22.14611211003));
#11604 = CARTESIAN_POINT('',(100.21335488463,11.103144845785,
    -22.29983797757));
#11605 = CARTESIAN_POINT('',(100.16221376224,10.813417766153,
    -22.44791658325));
#11606 = CARTESIAN_POINT('',(100.11114410495,10.522317699012,
    -22.59044666159));
#11607 = CARTESIAN_POINT('',(100.06033031032,10.229919642391,
    -22.72752321645));
#11608 = CARTESIAN_POINT('',(99.958317921202,9.635425177014,
    -22.99420068278));
#11609 = CARTESIAN_POINT('',(99.907141184831,9.333270141239,
    -23.12353263993));
#11610 = CARTESIAN_POINT('',(99.856601096362,9.02990291797,
    -23.24733183818));
#11611 = CARTESIAN_POINT('',(99.806871542375,8.725395998654,
    -23.36569096726));
#11612 = CARTESIAN_POINT('',(99.758114858736,8.419819074227,
    -23.47869765947));
#11613 = CARTESIAN_POINT('',(99.710482350653,8.113239021913,
    -23.58643476494));
#11614 = CARTESIAN_POINT('',(99.664114812723,7.80571989203,
    -23.68898062703));
#11615 = CARTESIAN_POINT('',(99.580078191808,7.229432920109,
    -23.87104111601));
#11616 = CARTESIAN_POINT('',(99.542066650244,6.960881496757,
    -23.95181137912));
#11617 = CARTESIAN_POINT('',(99.505194153672,6.691709278834,
    -24.02876847048));
#11618 = CARTESIAN_POINT('',(99.469540828338,6.421956333468,
    -24.10195796575));
#11619 = CARTESIAN_POINT('',(99.435181292934,6.151662065281,
    -24.17142276143));
#11620 = CARTESIAN_POINT('',(99.40218475417,5.880865140856,
    -24.23720314372));
#11621 = CARTESIAN_POINT('',(99.370615102356,5.609603413202,
    -24.29933685729));
#11622 = CARTESIAN_POINT('',(99.319098465037,5.144356487619,
    -24.39955170278));
#11623 = CARTESIAN_POINT('',(99.29841991597,4.950582073975,
    -24.43941126501));
#11624 = CARTESIAN_POINT('',(99.278516580624,4.756604075912,
    -24.47745057704));
#11625 = CARTESIAN_POINT('',(99.2594083306,4.562435770777,
    -24.51368170723));
#11626 = CARTESIAN_POINT('',(99.241113700305,4.368090212432,
    -24.54811607273));
#11627 = CARTESIAN_POINT('',(99.223649898999,4.173580201069,
    -24.58076443601));
#11628 = CARTESIAN_POINT('',(99.207032822854,3.978918253011,
    -24.61163690157));
#11629 = CARTESIAN_POINT('',(99.153163323885,3.312884256753,
    -24.71115140518));
#11630 = CARTESIAN_POINT('',(99.120089695008,2.840833347103,
    -24.77122324751));
#11631 = CARTESIAN_POINT('',(99.09226311805,2.368138158112,
    -24.82109150713));
#11632 = CARTESIAN_POINT('',(99.06984523912,1.894959084018,
    -24.86086771137));
#11633 = CARTESIAN_POINT('',(99.052954605511,1.421438094665,
    -24.89063913126));
#11634 = CARTESIAN_POINT('',(99.0416686542,0.947698789708,
    -24.91046618982));
#11635 = CARTESIAN_POINT('',(99.03602549611,0.473851009122,
    -24.92037999463));
#11636 = CARTESIAN_POINT('',(99.03602549611,-0.631986931134,
    -24.92037999463));
#11637 = CARTESIAN_POINT('',(99.046063565579,-1.263975189199,
    -24.90274524228));
#11638 = CARTESIAN_POINT('',(99.066139853662,-1.895708821507,
    -24.8674755107));
#11639 = CARTESIAN_POINT('',(99.096132304795,-2.5269192976,
    -24.81447435119));
#11640 = CARTESIAN_POINT('',(99.13579626278,-3.15729020116,
    -24.74355047185));
#11641 = CARTESIAN_POINT('',(99.184750129914,-3.786436679582,
    -24.65443648749));
#11642 = CARTESIAN_POINT('',(99.242470012649,-4.413934855166,
    -24.54679639007));
#11643 = CARTESIAN_POINT('',(99.335615638277,-5.299027771722,
    -24.36766808757));
#11644 = CARTESIAN_POINT('',(99.364342144199,-5.558366256996,
    -24.31184460198));
#11645 = CARTESIAN_POINT('',(99.394416824988,-5.817310999944,
    -24.25272761929));
#11646 = CARTESIAN_POINT('',(99.425787465701,-6.075829506027,
    -24.19028594969));
#11647 = CARTESIAN_POINT('',(99.458397480516,-6.333888616885,
    -24.12448629939));
#11648 = CARTESIAN_POINT('',(99.492185847567,-6.591454583623,
    -24.05529322543));
#11649 = CARTESIAN_POINT('',(99.527087043784,-6.8484931401,
    -23.98266909047));
#11650 = CARTESIAN_POINT('',(99.613267031498,-7.46342680087,
    -23.80022183551));
#11651 = CARTESIAN_POINT('',(99.665539592848,-7.820783769415,
    -23.68709034182));
#11652 = CARTESIAN_POINT('',(99.719657569475,-8.176947840475,
    -23.5670701426));
#11653 = CARTESIAN_POINT('',(99.775411933274,-8.531821394689,
    -23.44004375867));
#11654 = CARTESIAN_POINT('',(99.83257516572,-8.885302051512,
    -23.30588574201));
#11655 = CARTESIAN_POINT('',(99.890900397813,-9.237282770992,
    -23.16446234991));
#11656 = CARTESIAN_POINT('',(99.950120246579,-9.587651840515,
    -23.01563077688));
#11657 = CARTESIAN_POINT('',(100.06033031032,-10.22991964239,
    -22.72752321645));
#11658 = CARTESIAN_POINT('',(100.11114410495,-10.52231769901,
    -22.59044666159));
#11659 = CARTESIAN_POINT('',(100.16221376224,-10.81341776615,
    -22.44791658325));
#11660 = CARTESIAN_POINT('',(100.21335488463,-11.10314484578,
    -22.29983797757));
#11661 = CARTESIAN_POINT('',(100.26437063781,-11.39141805693,
    -22.14611211003));
#11662 = CARTESIAN_POINT('',(100.31505074171,-11.67815060051,
    -21.98663609244));
#11663 = CARTESIAN_POINT('',(100.36517046157,-11.96324972422,
    -21.82130245981));
#11664 = CARTESIAN_POINT('',(100.44302197839,-12.4105517063,
    -21.55089517831));
#11665 = CARTESIAN_POINT('',(100.47128615736,-12.57390623812,
    -21.4497938582));
#11666 = CARTESIAN_POINT('',(100.49923575907,-12.73666093979,
    -21.34667319343));
#11667 = CARTESIAN_POINT('',(100.52682235233,-12.89879528033,
    -21.24151124646));
#11668 = CARTESIAN_POINT('',(100.55399545156,-13.0602875407,
    -21.13428573572));
#11669 = CARTESIAN_POINT('',(100.58070251674,-13.22111481383,
    -21.02497403563));
#11670 = CARTESIAN_POINT('',(100.60688895346,-13.38125300462,
    -20.91355317657));
#11671 = CARTESIAN_POINT('',(100.65540533357,-13.68328036835,
    -20.69842715424));
#11672 = CARTESIAN_POINT('',(100.67785044698,-13.82531202143,
    -20.59514839028));
#11673 = CARTESIAN_POINT('',(100.69979291346,-13.96675372273,
    -20.4901468318));
#11674 = CARTESIAN_POINT('',(100.72119051668,-14.10758627072,
    -20.38340569114));
#11675 = CARTESIAN_POINT('',(100.74199936358,-14.24778932884,
    -20.2749081143));
#11676 = CARTESIAN_POINT('',(100.76217388445,-14.38734142544,
    -20.16463718086));
#11677 = CARTESIAN_POINT('',(100.78166683288,-14.52621995384,
    -20.05257590404));
#11678 = CARTESIAN_POINT('',(100.82345431885,-14.83397532902,
    -19.79896910643));
#11679 = CARTESIAN_POINT('',(100.8453789978,-15.00249844956,
    -19.65650977704));
#11680 = CARTESIAN_POINT('',(100.8661126347,-15.16992714214,
    -19.5112971843));
#11681 = CARTESIAN_POINT('',(100.885560197,-15.33621411332,
    -19.36330008201));
#11682 = CARTESIAN_POINT('',(100.90362201714,-15.50130815318,
    -19.21248797686));
#11683 = CARTESIAN_POINT('',(100.92019350219,-15.6651541205,
    -19.05883106929));
#11684 = CARTESIAN_POINT('',(100.93516484349,-15.82769292787,
    -18.90230019441));
#11685 = CARTESIAN_POINT('',(100.96061205151,-16.13708694814,
    -18.59623716082));
#11686 = CARTESIAN_POINT('',(100.9713522807,-16.28415215985,
    -18.44715370971));
#11687 = CARTESIAN_POINT('',(100.98055170126,-16.43000830409,
    -18.29559395332));
#11688 = CARTESIAN_POINT('',(100.98811651259,-16.5746021394,
    -18.14153735945));
#11689 = CARTESIAN_POINT('',(100.99394863726,-16.71787604726,
    -17.98496533231));
#11690 = CARTESIAN_POINT('',(100.99794553221,-16.85976803856,
    -17.82586122494));
#11691 = CARTESIAN_POINT('',(101.,-17.00021176009,-17.66421035157));
#11692 = CARTESIAN_POINT('',(101.,-17.139136501,-17.5));
#11693 = PCURVE('',#10106,#11694);
#11694 = DEFINITIONAL_REPRESENTATION('',(#11695),#11817);
#11695 = B_SPLINE_CURVE_WITH_KNOTS('',8,(#11696,#11697,#11698,#11699,
    #11700,#11701,#11702,#11703,#11704,#11705,#11706,#11707,#11708,
    #11709,#11710,#11711,#11712,#11713,#11714,#11715,#11716,#11717,
    #11718,#11719,#11720,#11721,#11722,#11723,#11724,#11725,#11726,
    #11727,#11728,#11729,#11730,#11731,#11732,#11733,#11734,#11735,
    #11736,#11737,#11738,#11739,#11740,#11741,#11742,#11743,#11744,
    #11745,#11746,#11747,#11748,#11749,#11750,#11751,#11752,#11753,
    #11754,#11755,#11756,#11757,#11758,#11759,#11760,#11761,#11762,
    #11763,#11764,#11765,#11766,#11767,#11768,#11769,#11770,#11771,
    #11772,#11773,#11774,#11775,#11776,#11777,#11778,#11779,#11780,
    #11781,#11782,#11783,#11784,#11785,#11786,#11787,#11788,#11789,
    #11790,#11791,#11792,#11793,#11794,#11795,#11796,#11797,#11798,
    #11799,#11800,#11801,#11802,#11803,#11804,#11805,#11806,#11807,
    #11808,#11809,#11810,#11811,#11812,#11813,#11814,#11815,#11816),
  .UNSPECIFIED.,.F.,.F.,(9,7,7,7,7,7,7,7,7,7,7,7,7,7,7,7,7,9),(0.,
    3.947440865516E-02,8.239575835585E-02,0.11737116094,0.156471961206,
    0.224058954479,0.293312604887,0.353469995592,0.396327385273,
    0.500000960589,0.638272998513,0.695691845618,0.775941715306,
    0.84352850654,0.88262918992,0.917604487952,0.960525709347,1.),
  .UNSPECIFIED.);
#11696 = CARTESIAN_POINT('',(1.854648787339,-0.682113196286));
#11697 = CARTESIAN_POINT('',(1.856827998961,-0.691310815682));
#11698 = CARTESIAN_POINT('',(1.859178713639,-0.7004435964));
#11699 = CARTESIAN_POINT('',(1.861699324272,-0.709511499412));
#11700 = CARTESIAN_POINT('',(1.864388518326,-0.718514527916));
#11701 = CARTESIAN_POINT('',(1.867245281399,-0.727452734739));
#11702 = CARTESIAN_POINT('',(1.870268900799,-0.736326229742));
#11703 = CARTESIAN_POINT('',(1.873458969116,-0.745135187225));
#11704 = CARTESIAN_POINT('',(1.880464891972,-0.763388111569));
#11705 = CARTESIAN_POINT('',(1.88431103328,-0.772820273702));
#11706 = CARTESIAN_POINT('',(1.888353685117,-0.782176637981));
#11707 = CARTESIAN_POINT('',(1.892593102612,-0.791457476614));
#11708 = CARTESIAN_POINT('',(1.897029932535,-0.800663043809));
#11709 = CARTESIAN_POINT('',(1.901665223228,-0.80979358382));
#11710 = CARTESIAN_POINT('',(1.906500434529,-0.818849338987));
#11711 = CARTESIAN_POINT('',(1.915641968279,-0.835149100783));
#11712 = CARTESIAN_POINT('',(1.919880477314,-0.842418119921));
#11713 = CARTESIAN_POINT('',(1.924253975766,-0.849637730811));
#11714 = CARTESIAN_POINT('',(1.928763645099,-0.856808023524));
#11715 = CARTESIAN_POINT('',(1.933410847281,-0.863929062595));
#11716 = CARTESIAN_POINT('',(1.938197124781,-0.87100088702));
#11717 = CARTESIAN_POINT('',(1.943124200572,-0.878023510256));
#11718 = CARTESIAN_POINT('',(1.953861743037,-0.892792853652));
#11719 = CARTESIAN_POINT('',(1.959707864462,-0.900527262591));
#11720 = CARTESIAN_POINT('',(1.965734993937,-0.908200131193));
#11721 = CARTESIAN_POINT('',(1.971946086785,-0.915811379922));
#11722 = CARTESIAN_POINT('',(1.978344402119,-0.923360865549));
#11723 = CARTESIAN_POINT('',(1.984933502837,-0.930848381155));
#11724 = CARTESIAN_POINT('',(1.991717255624,-0.938273656128));
#11725 = CARTESIAN_POINT('',(2.010769437425,-0.958363020446));
#11726 = CARTESIAN_POINT('',(2.023433043558,-0.970902628575));
#11727 = CARTESIAN_POINT('',(2.036712326819,-0.983253475385));
#11728 = CARTESIAN_POINT('',(2.05063177203,-0.995413101357));
#11729 = CARTESIAN_POINT('',(2.065218791793,-1.007378221775));
#11730 = CARTESIAN_POINT('',(2.080503846921,-1.01914465587));
#11731 = CARTESIAN_POINT('',(2.096520566859,-1.030707255979));
#11732 = CARTESIAN_POINT('',(2.130505089471,-1.053692365642));
#11733 = CARTESIAN_POINT('',(2.148511207458,-1.065104277754));
#11734 = CARTESIAN_POINT('',(2.167363451821,-1.076288853283));
#11735 = CARTESIAN_POINT('',(2.187104926696,-1.087238060539));
#11736 = CARTESIAN_POINT('',(2.207781878715,-1.097942413818));
#11737 = CARTESIAN_POINT('',(2.229442963101,-1.10839083133));
#11738 = CARTESIAN_POINT('',(2.252138509778,-1.118570493123));
#11739 = CARTESIAN_POINT('',(2.296577469242,-1.13706306789));
#11740 = CARTESIAN_POINT('',(2.318054346323,-1.145445508471));
#11741 = CARTESIAN_POINT('',(2.340383252446,-1.153604412501));
#11742 = CARTESIAN_POINT('',(2.363597690845,-1.161529006029));
#11743 = CARTESIAN_POINT('',(2.387730076669,-1.169207368051));
#11744 = CARTESIAN_POINT('',(2.412809977391,-1.176626449159));
#11745 = CARTESIAN_POINT('',(2.43886235323,-1.183772090179));
#11746 = CARTESIAN_POINT('',(2.485172115781,-1.195514076581));
#11747 = CARTESIAN_POINT('',(2.504941368842,-1.200252591146));
#11748 = CARTESIAN_POINT('',(2.52522008587,-1.204839102663));
#11749 = CARTESIAN_POINT('',(2.546012989083,-1.209267849594));
#11750 = CARTESIAN_POINT('',(2.567322439665,-1.213532848737));
#11751 = CARTESIAN_POINT('',(2.589147883634,-1.217627953245));
#11752 = CARTESIAN_POINT('',(2.611485297715,-1.221546910653));
#11753 = CARTESIAN_POINT('',(2.689580656515,-1.234322174288));
#11754 = CARTESIAN_POINT('',(2.747784155967,-1.242293133115));
#11755 = CARTESIAN_POINT('',(2.808819931111,-1.249108299655));
#11756 = CARTESIAN_POINT('',(2.872444173688,-1.254676380979));
#11757 = CARTESIAN_POINT('',(2.938217952607,-1.258915403829));
#11758 = CARTESIAN_POINT('',(3.00550695253,-1.261763309122));
#11759 = CARTESIAN_POINT('',(3.07354946807,-1.263186526097));
#11760 = CARTESIAN_POINT('',(3.232343550334,-1.263186526097));
#11761 = CARTESIAN_POINT('',(3.323093653125,-1.260654175431));
#11762 = CARTESIAN_POINT('',(3.412058586536,-1.255589965436));
#11763 = CARTESIAN_POINT('',(3.49742194204,-1.248091016569));
#11764 = CARTESIAN_POINT('',(3.577900741035,-1.238361803914));
#11765 = CARTESIAN_POINT('',(3.653026389966,-1.226630526743));
#11766 = CARTESIAN_POINT('',(3.722692278362,-1.213113879535));
#11767 = CARTESIAN_POINT('',(3.813782893387,-1.191730491966));
#11768 = CARTESIAN_POINT('',(3.839595858196,-1.185181603017));
#11769 = CARTESIAN_POINT('',(3.864505712554,-1.178371881113));
#11770 = CARTESIAN_POINT('',(3.888530455044,-1.171314321762));
#11771 = CARTESIAN_POINT('',(3.91169308418,-1.164021045163));
#11772 = CARTESIAN_POINT('',(3.934019973223,-1.15650325221));
#11773 = CARTESIAN_POINT('',(3.955539245003,-1.148771180494));
#11774 = CARTESIAN_POINT('',(4.005265698975,-1.129740962948));
#11775 = CARTESIAN_POINT('',(4.032729853502,-1.118247425126));
#11776 = CARTESIAN_POINT('',(4.05874998897,-1.10637871875));
#11777 = CARTESIAN_POINT('',(4.083406423121,-1.094156564954));
#11778 = CARTESIAN_POINT('',(4.1067772609,-1.081599422265));
#11779 = CARTESIAN_POINT('',(4.128935763041,-1.068722777561));
#11780 = CARTESIAN_POINT('',(4.149949235119,-1.055539439824));
#11781 = CARTESIAN_POINT('',(4.186664740321,-1.030707255979));
#11782 = CARTESIAN_POINT('',(4.202681460258,-1.01914465587));
#11783 = CARTESIAN_POINT('',(4.217966515386,-1.007378221775));
#11784 = CARTESIAN_POINT('',(4.23255353515,-0.995413101357));
#11785 = CARTESIAN_POINT('',(4.246472980361,-0.983253475385));
#11786 = CARTESIAN_POINT('',(4.259752263622,-0.970902628575));
#11787 = CARTESIAN_POINT('',(4.272415869755,-0.958363020446));
#11788 = CARTESIAN_POINT('',(4.291468051555,-0.938273656128));
#11789 = CARTESIAN_POINT('',(4.298251804342,-0.930848381155));
#11790 = CARTESIAN_POINT('',(4.30484090506,-0.923360865549));
#11791 = CARTESIAN_POINT('',(4.311239220394,-0.915811379922));
#11792 = CARTESIAN_POINT('',(4.317450313243,-0.908200131193));
#11793 = CARTESIAN_POINT('',(4.323477442718,-0.900527262591));
#11794 = CARTESIAN_POINT('',(4.329323564143,-0.892792853652));
#11795 = CARTESIAN_POINT('',(4.340061106608,-0.878023510256));
#11796 = CARTESIAN_POINT('',(4.344988182398,-0.87100088702));
#11797 = CARTESIAN_POINT('',(4.349774459899,-0.863929062595));
#11798 = CARTESIAN_POINT('',(4.354421662081,-0.856808023524));
#11799 = CARTESIAN_POINT('',(4.358931331414,-0.849637730811));
#11800 = CARTESIAN_POINT('',(4.363304829865,-0.842418119921));
#11801 = CARTESIAN_POINT('',(4.367543338901,-0.835149100783));
#11802 = CARTESIAN_POINT('',(4.37668487265,-0.818849338987));
#11803 = CARTESIAN_POINT('',(4.381520083951,-0.80979358382));
#11804 = CARTESIAN_POINT('',(4.386155374645,-0.800663043809));
#11805 = CARTESIAN_POINT('',(4.390592204568,-0.791457476614));
#11806 = CARTESIAN_POINT('',(4.394831622062,-0.782176637981));
#11807 = CARTESIAN_POINT('',(4.3988742739,-0.772820273702));
#11808 = CARTESIAN_POINT('',(4.402720415208,-0.763388111569));
#11809 = CARTESIAN_POINT('',(4.409726338064,-0.745135187224));
#11810 = CARTESIAN_POINT('',(4.41291640638,-0.736326229742));
#11811 = CARTESIAN_POINT('',(4.415940025781,-0.727452734739));
#11812 = CARTESIAN_POINT('',(4.418796788854,-0.718514527916));
#11813 = CARTESIAN_POINT('',(4.421485982907,-0.709511499412));
#11814 = CARTESIAN_POINT('',(4.424006593541,-0.7004435964));
#11815 = CARTESIAN_POINT('',(4.426357308219,-0.691310815682));
#11816 = CARTESIAN_POINT('',(4.428536519841,-0.682113196286));
#11817 = ( GEOMETRIC_REPRESENTATION_CONTEXT(2) 
PARAMETRIC_REPRESENTATION_CONTEXT() REPRESENTATION_CONTEXT('2D SPACE',''
  ) );
#11818 = PCURVE('',#10655,#11819);
#11819 = DEFINITIONAL_REPRESENTATION('',(#11820),#11942);
#11820 = B_SPLINE_CURVE_WITH_KNOTS('',8,(#11821,#11822,#11823,#11824,
    #11825,#11826,#11827,#11828,#11829,#11830,#11831,#11832,#11833,
    #11834,#11835,#11836,#11837,#11838,#11839,#11840,#11841,#11842,
    #11843,#11844,#11845,#11846,#11847,#11848,#11849,#11850,#11851,
    #11852,#11853,#11854,#11855,#11856,#11857,#11858,#11859,#11860,
    #11861,#11862,#11863,#11864,#11865,#11866,#11867,#11868,#11869,
    #11870,#11871,#11872,#11873,#11874,#11875,#11876,#11877,#11878,
    #11879,#11880,#11881,#11882,#11883,#11884,#11885,#11886,#11887,
    #11888,#11889,#11890,#11891,#11892,#11893,#11894,#11895,#11896,
    #11897,#11898,#11899,#11900,#11901,#11902,#11903,#11904,#11905,
    #11906,#11907,#11908,#11909,#11910,#11911,#11912,#11913,#11914,
    #11915,#11916,#11917,#11918,#11919,#11920,#11921,#11922,#11923,
    #11924,#11925,#11926,#11927,#11928,#11929,#11930,#11931,#11932,
    #11933,#11934,#11935,#11936,#11937,#11938,#11939,#11940,#11941),
  .UNSPECIFIED.,.F.,.F.,(9,7,7,7,7,7,7,7,7,7,7,7,7,7,7,7,7,9),(0.,
    3.947440865516E-02,8.239575835585E-02,0.11737116094,0.156471961206,
    0.224058954479,0.293312604887,0.353469995592,0.396327385273,
    0.500000960589,0.638272998513,0.695691845618,0.775941715306,
    0.84352850654,0.88262918992,0.917604487952,0.960525709347,1.),
  .UNSPECIFIED.);
#11821 = CARTESIAN_POINT('',(0.,59.139136501003));
#11822 = CARTESIAN_POINT('',(1.094735677133E-02,59.000211760096));
#11823 = CARTESIAN_POINT('',(2.17240823122E-02,58.859768038567));
#11824 = CARTESIAN_POINT('',(3.233302119091E-02,58.717876047264));
#11825 = CARTESIAN_POINT('',(4.277689168846E-02,58.574602139404));
#11826 = CARTESIAN_POINT('',(5.305830815E-02,58.430008304093));
#11827 = CARTESIAN_POINT('',(6.31798033363E-02,58.284152159854));
#11828 = CARTESIAN_POINT('',(7.314385077516E-02,58.137086948147));
#11829 = CARTESIAN_POINT('',(9.361845737017E-02,57.827692927872));
#11830 = CARTESIAN_POINT('',(0.104100665992,57.665154120503));
#11831 = CARTESIAN_POINT('',(0.114402621504,57.501308153187));
#11832 = CARTESIAN_POINT('',(0.124527238996,57.336214113322));
#11833 = CARTESIAN_POINT('',(0.134477267088,57.169927142144));
#11834 = CARTESIAN_POINT('',(0.144255314887,57.002498449567));
#11835 = CARTESIAN_POINT('',(0.15386387895,56.833975329022));
#11836 = CARTESIAN_POINT('',(0.170998976365,56.526219953842));
#11837 = CARTESIAN_POINT('',(0.178581616662,56.387341425443));
#11838 = CARTESIAN_POINT('',(0.186054563259,56.247789328842));
#11839 = CARTESIAN_POINT('',(0.19341903178,56.107586270729));
#11840 = CARTESIAN_POINT('',(0.200676181343,55.966753722735));
#11841 = CARTESIAN_POINT('',(0.207827114562,55.825312021437));
#11842 = CARTESIAN_POINT('',(0.214872877546,55.683280368355));
#11843 = CARTESIAN_POINT('',(0.229574811602,55.381253004629));
#11844 = CARTESIAN_POINT('',(0.237204956702,55.221114813834));
#11845 = CARTESIAN_POINT('',(0.244706275442,55.060287540703));
#11846 = CARTESIAN_POINT('',(0.252080073313,54.898795280336));
#11847 = CARTESIAN_POINT('',(0.259327581052,54.736660939799));
#11848 = CARTESIAN_POINT('',(0.266449954643,54.573906238124));
#11849 = CARTESIAN_POINT('',(0.273448275318,54.410551706308));
#11850 = CARTESIAN_POINT('',(0.292207682624,53.963249724221));
#11851 = CARTESIAN_POINT('',(0.303724115978,53.678150600518));
#11852 = CARTESIAN_POINT('',(0.314878170125,53.391418056932));
#11853 = CARTESIAN_POINT('',(0.325674487618,53.103144845785));
#11854 = CARTESIAN_POINT('',(0.336117126735,52.813417766153));
#11855 = CARTESIAN_POINT('',(0.346209655164,52.522317699012));
#11856 = CARTESIAN_POINT('',(0.355955243686,52.229919642391));
#11857 = CARTESIAN_POINT('',(0.37499011211,51.635425177014));
#11858 = CARTESIAN_POINT('',(0.384262123053,51.333270141239));
#11859 = CARTESIAN_POINT('',(0.393175821823,51.02990291797));
#11860 = CARTESIAN_POINT('',(0.401733777371,50.725395998654));
#11861 = CARTESIAN_POINT('',(0.409938165296,50.419819074227));
#11862 = CARTESIAN_POINT('',(0.417790834685,50.113239021913));
#11863 = CARTESIAN_POINT('',(0.425293374949,49.80571989203));
#11864 = CARTESIAN_POINT('',(0.438661359141,49.229432920109));
#11865 = CARTESIAN_POINT('',(0.444612372568,48.960881496757));
#11866 = CARTESIAN_POINT('',(0.450301116288,48.691709278834));
#11867 = CARTESIAN_POINT('',(0.455728347559,48.421956333468));
#11868 = CARTESIAN_POINT('',(0.460894709648,48.151662065281));
#11869 = CARTESIAN_POINT('',(0.465800753926,47.880865140856));
#11870 = CARTESIAN_POINT('',(0.47044696196,47.609603413202));
#11871 = CARTESIAN_POINT('',(0.477959020171,47.144356487619));
#11872 = CARTESIAN_POINT('',(0.480952612701,46.950582073975));
#11873 = CARTESIAN_POINT('',(0.483814698649,46.756604075912));
#11874 = CARTESIAN_POINT('',(0.486545418128,46.562435770777));
#11875 = CARTESIAN_POINT('',(0.489144899939,46.368090212432));
#11876 = CARTESIAN_POINT('',(0.4916132636,46.173580201069));
#11877 = CARTESIAN_POINT('',(0.493950621372,45.978918253011));
#11878 = CARTESIAN_POINT('',(0.501494584183,45.312884256753));
#11879 = CARTESIAN_POINT('',(0.506066115786,44.840833347103));
#11880 = CARTESIAN_POINT('',(0.509873140483,44.368138158112));
#11881 = CARTESIAN_POINT('',(0.512917019723,43.894959084018));
#11882 = CARTESIAN_POINT('',(0.515198957149,43.421438094665));
#11883 = CARTESIAN_POINT('',(0.516719899595,42.947698789708));
#11884 = CARTESIAN_POINT('',(0.517480392961,42.473851009122));
#11885 = CARTESIAN_POINT('',(0.517480392961,41.368013068866));
#11886 = CARTESIAN_POINT('',(0.516127622416,40.736024810801));
#11887 = CARTESIAN_POINT('',(0.5134220633,40.104291178493));
#11888 = CARTESIAN_POINT('',(0.509362152821,39.4730807024));
#11889 = CARTESIAN_POINT('',(0.50394487658,38.84270979884));
#11890 = CARTESIAN_POINT('',(0.497167004882,38.213563320418));
#11891 = CARTESIAN_POINT('',(0.489025050121,37.586065144834));
#11892 = CARTESIAN_POINT('',(0.475565141531,36.700972228278));
#11893 = CARTESIAN_POINT('',(0.471379769503,36.441633743004));
#11894 = CARTESIAN_POINT('',(0.466958033785,36.182689000056));
#11895 = CARTESIAN_POINT('',(0.462299555668,35.924170493973));
#11896 = CARTESIAN_POINT('',(0.457403906473,35.666111383115));
#11897 = CARTESIAN_POINT('',(0.452270591365,35.408545416377));
#11898 = CARTESIAN_POINT('',(0.446899033173,35.1515068599));
#11899 = CARTESIAN_POINT('',(0.433447227656,34.53657319913));
#11900 = CARTESIAN_POINT('',(0.425139254126,34.179216230585));
#11901 = CARTESIAN_POINT('',(0.416362748937,33.823052159525));
#11902 = CARTESIAN_POINT('',(0.40711547851,33.468178605311));
#11903 = CARTESIAN_POINT('',(0.397394791345,33.114697948488));
#11904 = CARTESIAN_POINT('',(0.387197504347,32.762717229008));
#11905 = CARTESIAN_POINT('',(0.376519746492,32.412348159485));
#11906 = CARTESIAN_POINT('',(0.355955243686,31.770080357608));
#11907 = CARTESIAN_POINT('',(0.346209655164,31.477682300989));
#11908 = CARTESIAN_POINT('',(0.336117126735,31.186582233848));
#11909 = CARTESIAN_POINT('',(0.325674487618,30.896855154215));
#11910 = CARTESIAN_POINT('',(0.314878170125,30.608581943068));
#11911 = CARTESIAN_POINT('',(0.303724115978,30.321849399481));
#11912 = CARTESIAN_POINT('',(0.292207682624,30.036750275779));
#11913 = CARTESIAN_POINT('',(0.273448275318,29.589448293692));
#11914 = CARTESIAN_POINT('',(0.266449954643,29.426093761876));
#11915 = CARTESIAN_POINT('',(0.259327581052,29.263339060201));
#11916 = CARTESIAN_POINT('',(0.252080073313,29.101204719664));
#11917 = CARTESIAN_POINT('',(0.244706275442,28.939712459297));
#11918 = CARTESIAN_POINT('',(0.237204956702,28.778885186166));
#11919 = CARTESIAN_POINT('',(0.229574811602,28.618746995371));
#11920 = CARTESIAN_POINT('',(0.214872877546,28.316719631645));
#11921 = CARTESIAN_POINT('',(0.207827114562,28.174687978563));
#11922 = CARTESIAN_POINT('',(0.200676181343,28.033246277265));
#11923 = CARTESIAN_POINT('',(0.19341903178,27.892413729271));
#11924 = CARTESIAN_POINT('',(0.186054563259,27.752210671158));
#11925 = CARTESIAN_POINT('',(0.178581616662,27.612658574557));
#11926 = CARTESIAN_POINT('',(0.170998976365,27.473780046158));
#11927 = CARTESIAN_POINT('',(0.15386387895,27.166024670978));
#11928 = CARTESIAN_POINT('',(0.144255314887,26.997501550433));
#11929 = CARTESIAN_POINT('',(0.134477267088,26.830072857856));
#11930 = CARTESIAN_POINT('',(0.124527238996,26.663785886677));
#11931 = CARTESIAN_POINT('',(0.114402621504,26.498691846812));
#11932 = CARTESIAN_POINT('',(0.104100665992,26.334845879497));
#11933 = CARTESIAN_POINT('',(9.36184573702E-02,26.172307072129));
#11934 = CARTESIAN_POINT('',(7.314385077512E-02,25.862913051852));
#11935 = CARTESIAN_POINT('',(6.317980333633E-02,25.715847840147));
#11936 = CARTESIAN_POINT('',(5.305830815004E-02,25.569991695908));
#11937 = CARTESIAN_POINT('',(4.277689168845E-02,25.425397860596));
#11938 = CARTESIAN_POINT('',(3.233302119087E-02,25.282123952735));
#11939 = CARTESIAN_POINT('',(2.172408231218E-02,25.140231961432));
#11940 = CARTESIAN_POINT('',(1.094735677138E-02,24.999788239905));
#11941 = CARTESIAN_POINT('',(0.,24.860863498997));
#11942 = ( GEOMETRIC_REPRESENTATION_CONTEXT(2) 
PARAMETRIC_REPRESENTATION_CONTEXT() REPRESENTATION_CONTEXT('2D SPACE',''
  ) );
#11943 = ADVANCED_FACE('',(#11944),#9888,.T.);
#11944 = FACE_BOUND('',#11945,.T.);
#11945 = EDGE_LOOP('',(#11946,#11947,#11968,#11969));
#11946 = ORIENTED_EDGE('',*,*,#11532,.F.);
#11947 = ORIENTED_EDGE('',*,*,#11948,.T.);
#11948 = EDGE_CURVE('',#11533,#11053,#11949,.T.);
#11949 = SURFACE_CURVE('',#11950,(#11954,#11961),.PCURVE_S1.);
#11950 = LINE('',#11951,#11952);
#11951 = CARTESIAN_POINT('',(101.,-42.,-17.5));
#11952 = VECTOR('',#11953,1.);
#11953 = DIRECTION('',(-0.,1.,0.));
#11954 = PCURVE('',#9888,#11955);
#11955 = DEFINITIONAL_REPRESENTATION('',(#11956),#11960);
#11956 = LINE('',#11957,#11958);
#11957 = CARTESIAN_POINT('',(15.,0.));
#11958 = VECTOR('',#11959,1.);
#11959 = DIRECTION('',(0.,-1.));
#11960 = ( GEOMETRIC_REPRESENTATION_CONTEXT(2) 
PARAMETRIC_REPRESENTATION_CONTEXT() REPRESENTATION_CONTEXT('2D SPACE',''
  ) );
#11961 = PCURVE('',#10655,#11962);
#11962 = DEFINITIONAL_REPRESENTATION('',(#11963),#11967);
#11963 = LINE('',#11964,#11965);
#11964 = CARTESIAN_POINT('',(0.,0.));
#11965 = VECTOR('',#11966,1.);
#11966 = DIRECTION('',(0.,1.));
#11967 = ( GEOMETRIC_REPRESENTATION_CONTEXT(2) 
PARAMETRIC_REPRESENTATION_CONTEXT() REPRESENTATION_CONTEXT('2D SPACE',''
  ) );
#11968 = ORIENTED_EDGE('',*,*,#11149,.T.);
#11969 = ORIENTED_EDGE('',*,*,#9872,.F.);
#11970 = ADVANCED_FACE('',(#11971),#10311,.T.);
#11971 = FACE_BOUND('',#11972,.F.);
#11972 = EDGE_LOOP('',(#11973,#11974,#11975,#12000));
#11973 = ORIENTED_EDGE('',*,*,#10297,.F.);
#11974 = ORIENTED_EDGE('',*,*,#10327,.T.);
#11975 = ORIENTED_EDGE('',*,*,#11976,.T.);
#11976 = EDGE_CURVE('',#10328,#10430,#11977,.T.);
#11977 = SURFACE_CURVE('',#11978,(#11983,#11989),.PCURVE_S1.);
#11978 = CIRCLE('',#11979,5.);
#11979 = AXIS2_PLACEMENT_3D('',#11980,#11981,#11982);
#11980 = CARTESIAN_POINT('',(61.5,-32.40679359772,49.059145209785));
#11981 = DIRECTION('',(1.,5.914589856893E-17,-1.584809575716E-17));
#11982 = DIRECTION('',(6.123233995737E-17,-0.965925826289,0.258819045103
    ));
#11983 = PCURVE('',#10311,#11984);
#11984 = DEFINITIONAL_REPRESENTATION('',(#11985),#11988);
#11985 = B_SPLINE_CURVE_WITH_KNOTS('',1,(#11986,#11987),.UNSPECIFIED.,
  .F.,.F.,(2,2),(4.712388980385,6.28318530718),
  .PIECEWISE_BEZIER_KNOTS.);
#11986 = CARTESIAN_POINT('',(-1.570796326795,38.));
#11987 = CARTESIAN_POINT('',(0.,38.));
#11988 = ( GEOMETRIC_REPRESENTATION_CONTEXT(2) 
PARAMETRIC_REPRESENTATION_CONTEXT() REPRESENTATION_CONTEXT('2D SPACE',''
  ) );
#11989 = PCURVE('',#11990,#11995);
#11990 = SPHERICAL_SURFACE('',#11991,5.);
#11991 = AXIS2_PLACEMENT_3D('',#11992,#11993,#11994);
#11992 = CARTESIAN_POINT('',(61.5,-32.40679359772,49.059145209785));
#11993 = DIRECTION('',(-0.,-0.258819045103,-0.965925826289));
#11994 = DIRECTION('',(1.,0.,0.));
#11995 = DEFINITIONAL_REPRESENTATION('',(#11996),#11999);
#11996 = B_SPLINE_CURVE_WITH_KNOTS('',1,(#11997,#11998),.UNSPECIFIED.,
  .F.,.F.,(2,2),(4.712388980385,6.28318530718),
  .PIECEWISE_BEZIER_KNOTS.);
#11997 = CARTESIAN_POINT('',(1.570796326795,-1.570796326795));
#11998 = CARTESIAN_POINT('',(1.570796326795,0.));
#11999 = ( GEOMETRIC_REPRESENTATION_CONTEXT(2) 
PARAMETRIC_REPRESENTATION_CONTEXT() REPRESENTATION_CONTEXT('2D SPACE',''
  ) );
#12000 = ORIENTED_EDGE('',*,*,#10429,.F.);
#12001 = ADVANCED_FACE('',(#12002),#10364,.T.);
#12002 = FACE_BOUND('',#12003,.F.);
#12003 = EDGE_LOOP('',(#12004,#12026,#12027,#12028));
#12004 = ORIENTED_EDGE('',*,*,#12005,.F.);
#12005 = EDGE_CURVE('',#10328,#12006,#12008,.T.);
#12006 = VERTEX_POINT('',#12007);
#12007 = CARTESIAN_POINT('',(66.5,-32.40679359772,49.059145209785));
#12008 = SURFACE_CURVE('',#12009,(#12014,#12020),.PCURVE_S1.);
#12009 = CIRCLE('',#12010,5.);
#12010 = AXIS2_PLACEMENT_3D('',#12011,#12012,#12013);
#12011 = CARTESIAN_POINT('',(61.5,-32.40679359772,49.059145209785));
#12012 = DIRECTION('',(0.,0.965925826289,-0.258819045103));
#12013 = DIRECTION('',(1.,0.,0.));
#12014 = PCURVE('',#10364,#12015);
#12015 = DEFINITIONAL_REPRESENTATION('',(#12016),#12019);
#12016 = B_SPLINE_CURVE_WITH_KNOTS('',1,(#12017,#12018),.UNSPECIFIED.,
  .F.,.F.,(2,2),(4.712388980385,6.28318530718),
  .PIECEWISE_BEZIER_KNOTS.);
#12017 = CARTESIAN_POINT('',(-1.570796326795,5.));
#12018 = CARTESIAN_POINT('',(0.,5.));
#12019 = ( GEOMETRIC_REPRESENTATION_CONTEXT(2) 
PARAMETRIC_REPRESENTATION_CONTEXT() REPRESENTATION_CONTEXT('2D SPACE',''
  ) );
#12020 = PCURVE('',#11990,#12021);
#12021 = DEFINITIONAL_REPRESENTATION('',(#12022),#12025);
#12022 = B_SPLINE_CURVE_WITH_KNOTS('',1,(#12023,#12024),.UNSPECIFIED.,
  .F.,.F.,(2,2),(4.712388980385,6.28318530718),
  .PIECEWISE_BEZIER_KNOTS.);
#12023 = CARTESIAN_POINT('',(0.,-1.570796326795));
#12024 = CARTESIAN_POINT('',(0.,0.));
#12025 = ( GEOMETRIC_REPRESENTATION_CONTEXT(2) 
PARAMETRIC_REPRESENTATION_CONTEXT() REPRESENTATION_CONTEXT('2D SPACE',''
  ) );
#12026 = ORIENTED_EDGE('',*,*,#10350,.T.);
#12027 = ORIENTED_EDGE('',*,*,#10403,.F.);
#12028 = ORIENTED_EDGE('',*,*,#12029,.F.);
#12029 = EDGE_CURVE('',#12006,#10381,#12030,.T.);
#12030 = SURFACE_CURVE('',#12031,(#12035,#12042),.PCURVE_S1.);
#12031 = LINE('',#12032,#12033);
#12032 = CARTESIAN_POINT('',(66.5,-37.23642272916,50.353240435297));
#12033 = VECTOR('',#12034,1.);
#12034 = DIRECTION('',(0.,0.965925826289,-0.258819045103));
#12035 = PCURVE('',#10364,#12036);
#12036 = DEFINITIONAL_REPRESENTATION('',(#12037),#12041);
#12037 = LINE('',#12038,#12039);
#12038 = CARTESIAN_POINT('',(-0.,0.));
#12039 = VECTOR('',#12040,1.);
#12040 = DIRECTION('',(-0.,1.));
#12041 = ( GEOMETRIC_REPRESENTATION_CONTEXT(2) 
PARAMETRIC_REPRESENTATION_CONTEXT() REPRESENTATION_CONTEXT('2D SPACE',''
  ) );
#12042 = PCURVE('',#10546,#12043);
#12043 = DEFINITIONAL_REPRESENTATION('',(#12044),#12048);
#12044 = LINE('',#12045,#12046);
#12045 = CARTESIAN_POINT('',(7.,0.));
#12046 = VECTOR('',#12047,1.);
#12047 = DIRECTION('',(0.,-1.));
#12048 = ( GEOMETRIC_REPRESENTATION_CONTEXT(2) 
PARAMETRIC_REPRESENTATION_CONTEXT() REPRESENTATION_CONTEXT('2D SPACE',''
  ) );
#12049 = ADVANCED_FACE('',(#12050),#10466,.T.);
#12050 = FACE_BOUND('',#12051,.F.);
#12051 = EDGE_LOOP('',(#12052,#12073,#12074,#12075));
#12052 = ORIENTED_EDGE('',*,*,#12053,.F.);
#12053 = EDGE_CURVE('',#10483,#12006,#12054,.T.);
#12054 = SURFACE_CURVE('',#12055,(#12059,#12066),.PCURVE_S1.);
#12055 = LINE('',#12056,#12057);
#12056 = CARTESIAN_POINT('',(66.5,-34.21852691343,42.297664425761));
#12057 = VECTOR('',#12058,1.);
#12058 = DIRECTION('',(0.,0.258819045103,0.965925826289));
#12059 = PCURVE('',#10466,#12060);
#12060 = DEFINITIONAL_REPRESENTATION('',(#12061),#12065);
#12061 = LINE('',#12062,#12063);
#12062 = CARTESIAN_POINT('',(-0.,0.));
#12063 = VECTOR('',#12064,1.);
#12064 = DIRECTION('',(-0.,1.));
#12065 = ( GEOMETRIC_REPRESENTATION_CONTEXT(2) 
PARAMETRIC_REPRESENTATION_CONTEXT() REPRESENTATION_CONTEXT('2D SPACE',''
  ) );
#12066 = PCURVE('',#10546,#12067);
#12067 = DEFINITIONAL_REPRESENTATION('',(#12068),#12072);
#12068 = LINE('',#12069,#12070);
#12069 = CARTESIAN_POINT('',(0.,-5.));
#12070 = VECTOR('',#12071,1.);
#12071 = DIRECTION('',(1.,0.));
#12072 = ( GEOMETRIC_REPRESENTATION_CONTEXT(2) 
PARAMETRIC_REPRESENTATION_CONTEXT() REPRESENTATION_CONTEXT('2D SPACE',''
  ) );
#12073 = ORIENTED_EDGE('',*,*,#10505,.T.);
#12074 = ORIENTED_EDGE('',*,*,#10452,.T.);
#12075 = ORIENTED_EDGE('',*,*,#12076,.F.);
#12076 = EDGE_CURVE('',#12006,#10430,#12077,.T.);
#12077 = SURFACE_CURVE('',#12078,(#12083,#12090),.PCURVE_S1.);
#12078 = CIRCLE('',#12079,5.);
#12079 = AXIS2_PLACEMENT_3D('',#12080,#12081,#12082);
#12080 = CARTESIAN_POINT('',(61.5,-32.40679359772,49.059145209785));
#12081 = DIRECTION('',(0.,-0.258819045103,-0.965925826289));
#12082 = DIRECTION('',(1.,0.,0.));
#12083 = PCURVE('',#10466,#12084);
#12084 = DEFINITIONAL_REPRESENTATION('',(#12085),#12089);
#12085 = LINE('',#12086,#12087);
#12086 = CARTESIAN_POINT('',(-0.,7.));
#12087 = VECTOR('',#12088,1.);
#12088 = DIRECTION('',(-1.,0.));
#12089 = ( GEOMETRIC_REPRESENTATION_CONTEXT(2) 
PARAMETRIC_REPRESENTATION_CONTEXT() REPRESENTATION_CONTEXT('2D SPACE',''
  ) );
#12090 = PCURVE('',#11990,#12091);
#12091 = DEFINITIONAL_REPRESENTATION('',(#12092),#12096);
#12092 = LINE('',#12093,#12094);
#12093 = CARTESIAN_POINT('',(0.,0.));
#12094 = VECTOR('',#12095,1.);
#12095 = DIRECTION('',(1.,0.));
#12096 = ( GEOMETRIC_REPRESENTATION_CONTEXT(2) 
PARAMETRIC_REPRESENTATION_CONTEXT() REPRESENTATION_CONTEXT('2D SPACE',''
  ) );
#12097 = ADVANCED_FACE('',(#12098),#10546,.T.);
#12098 = FACE_BOUND('',#12099,.T.);
#12099 = EDGE_LOOP('',(#12100,#12101,#12102,#12103));
#12100 = ORIENTED_EDGE('',*,*,#12053,.F.);
#12101 = ORIENTED_EDGE('',*,*,#10607,.T.);
#12102 = ORIENTED_EDGE('',*,*,#10530,.T.);
#12103 = ORIENTED_EDGE('',*,*,#12029,.F.);
#12104 = ADVANCED_FACE('',(#12105),#10655,.T.);
#12105 = FACE_BOUND('',#12106,.T.);
#12106 = EDGE_LOOP('',(#12107,#12108,#12127,#12128,#12129,#12130));
#12107 = ORIENTED_EDGE('',*,*,#10637,.F.);
#12108 = ORIENTED_EDGE('',*,*,#12109,.T.);
#12109 = EDGE_CURVE('',#10638,#11051,#12110,.T.);
#12110 = SURFACE_CURVE('',#12111,(#12115,#12121),.PCURVE_S1.);
#12111 = LINE('',#12112,#12113);
#12112 = CARTESIAN_POINT('',(94.822926523121,-42.,-29.63078594187));
#12113 = VECTOR('',#12114,1.);
#12114 = DIRECTION('',(-0.,1.,0.));
#12115 = PCURVE('',#10655,#12116);
#12116 = DEFINITIONAL_REPRESENTATION('',(#12117),#12120);
#12117 = B_SPLINE_CURVE_WITH_KNOTS('',1,(#12118,#12119),.UNSPECIFIED.,
  .F.,.F.,(2,2),(14.9999994,69.0000006),.PIECEWISE_BEZIER_KNOTS.);
#12118 = CARTESIAN_POINT('',(0.941971101257,14.9999994));
#12119 = CARTESIAN_POINT('',(0.941971101257,69.0000006));
#12120 = ( GEOMETRIC_REPRESENTATION_CONTEXT(2) 
PARAMETRIC_REPRESENTATION_CONTEXT() REPRESENTATION_CONTEXT('2D SPACE',''
  ) );
#12121 = PCURVE('',#10746,#12122);
#12122 = DEFINITIONAL_REPRESENTATION('',(#12123),#12126);
#12123 = B_SPLINE_CURVE_WITH_KNOTS('',1,(#12124,#12125),.UNSPECIFIED.,
  .F.,.F.,(2,2),(14.9999994,69.0000006),.PIECEWISE_BEZIER_KNOTS.);
#12124 = CARTESIAN_POINT('',(-0.71039713987,8.9999994));
#12125 = CARTESIAN_POINT('',(-0.71039713987,63.0000006));
#12126 = ( GEOMETRIC_REPRESENTATION_CONTEXT(2) 
PARAMETRIC_REPRESENTATION_CONTEXT() REPRESENTATION_CONTEXT('2D SPACE',''
  ) );
#12127 = ORIENTED_EDGE('',*,*,#11050,.T.);
#12128 = ORIENTED_EDGE('',*,*,#11948,.F.);
#12129 = ORIENTED_EDGE('',*,*,#11569,.T.);
#12130 = ORIENTED_EDGE('',*,*,#11468,.F.);
#12131 = ADVANCED_FACE('',(#12132),#10746,.T.);
#12132 = FACE_BOUND('',#12133,.F.);
#12133 = EDGE_LOOP('',(#12134,#12135,#12136,#12137));
#12134 = ORIENTED_EDGE('',*,*,#10730,.F.);
#12135 = ORIENTED_EDGE('',*,*,#12109,.T.);
#12136 = ORIENTED_EDGE('',*,*,#11306,.F.);
#12137 = ORIENTED_EDGE('',*,*,#12138,.F.);
#12138 = EDGE_CURVE('',#10731,#11235,#12139,.T.);
#12139 = SURFACE_CURVE('',#12140,(#12144,#12151),.PCURVE_S1.);
#12140 = LINE('',#12141,#12142);
#12141 = CARTESIAN_POINT('',(97.,-36.,-35.5));
#12142 = VECTOR('',#12143,1.);
#12143 = DIRECTION('',(-0.,1.,0.));
#12144 = PCURVE('',#10746,#12145);
#12145 = DEFINITIONAL_REPRESENTATION('',(#12146),#12150);
#12146 = LINE('',#12147,#12148);
#12147 = CARTESIAN_POINT('',(-0.,0.));
#12148 = VECTOR('',#12149,1.);
#12149 = DIRECTION('',(-0.,1.));
#12150 = ( GEOMETRIC_REPRESENTATION_CONTEXT(2) 
PARAMETRIC_REPRESENTATION_CONTEXT() REPRESENTATION_CONTEXT('2D SPACE',''
  ) );
#12151 = PCURVE('',#10872,#12152);
#12152 = DEFINITIONAL_REPRESENTATION('',(#12153),#12157);
#12153 = LINE('',#12154,#12155);
#12154 = CARTESIAN_POINT('',(14.,0.));
#12155 = VECTOR('',#12156,1.);
#12156 = DIRECTION('',(0.,-1.));
#12157 = ( GEOMETRIC_REPRESENTATION_CONTEXT(2) 
PARAMETRIC_REPRESENTATION_CONTEXT() REPRESENTATION_CONTEXT('2D SPACE',''
  ) );
#12158 = ADVANCED_FACE('',(#12159),#10841,.T.);
#12159 = FACE_BOUND('',#12160,.F.);
#12160 = EDGE_LOOP('',(#12161,#12181,#12182));
#12161 = ORIENTED_EDGE('',*,*,#12162,.F.);
#12162 = EDGE_CURVE('',#10805,#10857,#12163,.T.);
#12163 = SURFACE_CURVE('',#12164,(#12169,#12175),.PCURVE_S1.);
#12164 = CIRCLE('',#12165,9.);
#12165 = AXIS2_PLACEMENT_3D('',#12166,#12167,#12168);
#12166 = CARTESIAN_POINT('',(88.,-27.,-40.5));
#12167 = DIRECTION('',(0.,-1.,0.));
#12168 = DIRECTION('',(1.,0.,0.));
#12169 = PCURVE('',#10841,#12170);
#12170 = DEFINITIONAL_REPRESENTATION('',(#12171),#12174);
#12171 = B_SPLINE_CURVE_WITH_KNOTS('',1,(#12172,#12173),.UNSPECIFIED.,
  .F.,.F.,(2,2),(4.712388980385,6.28318530718),
  .PIECEWISE_BEZIER_KNOTS.);
#12172 = CARTESIAN_POINT('',(0.,-1.570796326795));
#12173 = CARTESIAN_POINT('',(0.,0.));
#12174 = ( GEOMETRIC_REPRESENTATION_CONTEXT(2) 
PARAMETRIC_REPRESENTATION_CONTEXT() REPRESENTATION_CONTEXT('2D SPACE',''
  ) );
#12175 = PCURVE('',#11014,#12176);
#12176 = DEFINITIONAL_REPRESENTATION('',(#12177),#12180);
#12177 = B_SPLINE_CURVE_WITH_KNOTS('',1,(#12178,#12179),.UNSPECIFIED.,
  .F.,.F.,(2,2),(4.712388980385,6.28318530718),
  .PIECEWISE_BEZIER_KNOTS.);
#12178 = CARTESIAN_POINT('',(1.570796326795,9.));
#12179 = CARTESIAN_POINT('',(0.,9.));
#12180 = ( GEOMETRIC_REPRESENTATION_CONTEXT(2) 
PARAMETRIC_REPRESENTATION_CONTEXT() REPRESENTATION_CONTEXT('2D SPACE',''
  ) );
#12181 = ORIENTED_EDGE('',*,*,#10827,.T.);
#12182 = ORIENTED_EDGE('',*,*,#10884,.F.);
#12183 = ADVANCED_FACE('',(#12184),#10872,.T.);
#12184 = FACE_BOUND('',#12185,.T.);
#12185 = EDGE_LOOP('',(#12186,#12187,#12208,#12209));
#12186 = ORIENTED_EDGE('',*,*,#10856,.F.);
#12187 = ORIENTED_EDGE('',*,*,#12188,.T.);
#12188 = EDGE_CURVE('',#10857,#11233,#12189,.T.);
#12189 = SURFACE_CURVE('',#12190,(#12194,#12201),.PCURVE_S1.);
#12190 = LINE('',#12191,#12192);
#12191 = CARTESIAN_POINT('',(97.,-36.,-40.5));
#12192 = VECTOR('',#12193,1.);
#12193 = DIRECTION('',(-0.,1.,0.));
#12194 = PCURVE('',#10872,#12195);
#12195 = DEFINITIONAL_REPRESENTATION('',(#12196),#12200);
#12196 = LINE('',#12197,#12198);
#12197 = CARTESIAN_POINT('',(9.,0.));
#12198 = VECTOR('',#12199,1.);
#12199 = DIRECTION('',(0.,-1.));
#12200 = ( GEOMETRIC_REPRESENTATION_CONTEXT(2) 
PARAMETRIC_REPRESENTATION_CONTEXT() REPRESENTATION_CONTEXT('2D SPACE',''
  ) );
#12201 = PCURVE('',#11014,#12202);
#12202 = DEFINITIONAL_REPRESENTATION('',(#12203),#12207);
#12203 = LINE('',#12204,#12205);
#12204 = CARTESIAN_POINT('',(0.,0.));
#12205 = VECTOR('',#12206,1.);
#12206 = DIRECTION('',(0.,1.));
#12207 = ( GEOMETRIC_REPRESENTATION_CONTEXT(2) 
PARAMETRIC_REPRESENTATION_CONTEXT() REPRESENTATION_CONTEXT('2D SPACE',''
  ) );
#12208 = ORIENTED_EDGE('',*,*,#11232,.T.);
#12209 = ORIENTED_EDGE('',*,*,#12138,.F.);
#12210 = ADVANCED_FACE('',(#12211),#11014,.T.);
#12211 = FACE_BOUND('',#12212,.T.);
#12212 = EDGE_LOOP('',(#12213,#12214,#12215,#12235));
#12213 = ORIENTED_EDGE('',*,*,#12162,.F.);
#12214 = ORIENTED_EDGE('',*,*,#10998,.T.);
#12215 = ORIENTED_EDGE('',*,*,#12216,.T.);
#12216 = EDGE_CURVE('',#10999,#11233,#12217,.T.);
#12217 = SURFACE_CURVE('',#12218,(#12223,#12229),.PCURVE_S1.);
#12218 = CIRCLE('',#12219,9.);
#12219 = AXIS2_PLACEMENT_3D('',#12220,#12221,#12222);
#12220 = CARTESIAN_POINT('',(88.,27.,-40.5));
#12221 = DIRECTION('',(0.,-1.,0.));
#12222 = DIRECTION('',(1.,0.,0.));
#12223 = PCURVE('',#11014,#12224);
#12224 = DEFINITIONAL_REPRESENTATION('',(#12225),#12228);
#12225 = B_SPLINE_CURVE_WITH_KNOTS('',1,(#12226,#12227),.UNSPECIFIED.,
  .F.,.F.,(2,2),(4.712388980385,6.28318530718),
  .PIECEWISE_BEZIER_KNOTS.);
#12226 = CARTESIAN_POINT('',(1.570796326795,63.));
#12227 = CARTESIAN_POINT('',(0.,63.));
#12228 = ( GEOMETRIC_REPRESENTATION_CONTEXT(2) 
PARAMETRIC_REPRESENTATION_CONTEXT() REPRESENTATION_CONTEXT('2D SPACE',''
  ) );
#12229 = PCURVE('',#11217,#12230);
#12230 = DEFINITIONAL_REPRESENTATION('',(#12231),#12234);
#12231 = B_SPLINE_CURVE_WITH_KNOTS('',1,(#12232,#12233),.UNSPECIFIED.,
  .F.,.F.,(2,2),(4.712388980385,6.28318530718),
  .PIECEWISE_BEZIER_KNOTS.);
#12232 = CARTESIAN_POINT('',(0.,-1.570796326795));
#12233 = CARTESIAN_POINT('',(0.,0.));
#12234 = ( GEOMETRIC_REPRESENTATION_CONTEXT(2) 
PARAMETRIC_REPRESENTATION_CONTEXT() REPRESENTATION_CONTEXT('2D SPACE',''
  ) );
#12235 = ORIENTED_EDGE('',*,*,#12188,.F.);
#12236 = ADVANCED_FACE('',(#12237),#11217,.T.);
#12237 = FACE_BOUND('',#12238,.T.);
#12238 = EDGE_LOOP('',(#12239,#12240,#12241));
#12239 = ORIENTED_EDGE('',*,*,#12216,.F.);
#12240 = ORIENTED_EDGE('',*,*,#11203,.T.);
#12241 = ORIENTED_EDGE('',*,*,#11257,.F.);
#12242 = ADVANCED_FACE('',(#12243),#11990,.T.);
#12243 = FACE_BOUND('',#12244,.T.);
#12244 = EDGE_LOOP('',(#12245,#12246,#12247));
#12245 = ORIENTED_EDGE('',*,*,#12005,.F.);
#12246 = ORIENTED_EDGE('',*,*,#11976,.T.);
#12247 = ORIENTED_EDGE('',*,*,#12076,.F.);
#12248 = ORIENTED_CLOSED_SHELL('',*,#12249,.F.);
#12249 = CLOSED_SHELL('',(#12250));
#12250 = ADVANCED_FACE('',(#12251),#12255,.T.);
#12251 = FACE_BOUND('',#12252,.T.);
#12252 = VERTEX_LOOP('',#12253);
#12253 = VERTEX_POINT('',#12254);
#12254 = CARTESIAN_POINT('',(116.,-12.,-7.));
#12255 = SPHERICAL_SURFACE('',#12256,5.);
#12256 = AXIS2_PLACEMENT_3D('',#12257,#12258,#12259);
#12257 = CARTESIAN_POINT('',(116.,-12.,-2.));
#12258 = DIRECTION('',(0.,0.,1.));
#12259 = DIRECTION('',(1.,0.,-0.));
#12260 = ORIENTED_CLOSED_SHELL('',*,#12261,.F.);
#12261 = CLOSED_SHELL('',(#12262));
#12262 = ADVANCED_FACE('',(#12263),#12267,.T.);
#12263 = FACE_BOUND('',#12264,.T.);
#12264 = VERTEX_LOOP('',#12265);
#12265 = VERTEX_POINT('',#12266);
#12266 = CARTESIAN_POINT('',(116.,12.,-7.));
#12267 = SPHERICAL_SURFACE('',#12268,5.);
#12268 = AXIS2_PLACEMENT_3D('',#12269,#12270,#12271);
#12269 = CARTESIAN_POINT('',(116.,12.,-2.));
#12270 = DIRECTION('',(0.,0.,1.));
#12271 = DIRECTION('',(1.,0.,-0.));
#12272 = ( GEOMETRIC_REPRESENTATION_CONTEXT(3) 
GLOBAL_UNCERTAINTY_ASSIGNED_CONTEXT((#12276)) 
GLOBAL_UNIT_ASSIGNED_CONTEXT((#12273,#12274,#12275)) 
REPRESENTATION_CONTEXT('Context #1',
  '3D Context with UNIT and UNCERTAINTY') );
#12273 = ( LENGTH_UNIT() NAMED_UNIT(*) SI_UNIT(.MILLI.,.METRE.) );
#12274 = ( NAMED_UNIT(*) PLANE_ANGLE_UNIT() SI_UNIT($,.RADIAN.) );
#12275 = ( NAMED_UNIT(*) SI_UNIT($,.STERADIAN.) SOLID_ANGLE_UNIT() );
#12276 = UNCERTAINTY_MEASURE_WITH_UNIT(LENGTH_MEASURE(2.E-07),#12273,
  'distance_accuracy_value','confusion accuracy');
#12277 = PRODUCT_RELATED_PRODUCT_CATEGORY('part',$,(#7));
ENDSEC;
END-ISO-10303-21;
