ISO-10303-21;
HEADER;
FILE_DESCRIPTION(('Open CASCADE Model'),'2;1');
FILE_NAME('Open CASCADE Shape Model','2026-09-27T21:38:45',('Author'),(
    'Open CASCADE'),'Open CASCADE STEP processor 8.0','build123d',
  'Unknown');
FILE_SCHEMA(('AUTOMOTIVE_DESIGN { 1 0 10303 214 1 1 1 1 }'));
ENDSEC;
DATA;
#1 = APPLICATION_PROTOCOL_DEFINITION('international standard',
  'automotive_design',2000,#2);
#2 = APPLICATION_CONTEXT(
  'core data for automotive mechanical design processes');
#3 = SHAPE_DEFINITION_REPRESENTATION(#4,#10);
#4 = PRODUCT_DEFINITION_SHAPE('','',#5);
#5 = PRODUCT_DEFINITION('design','',#6,#9);
#6 = PRODUCT_DEFINITION_FORMATION('','',#7);
#7 = PRODUCT('SOLID','SOLID','',(#8));
#8 = PRODUCT_CONTEXT('',#2,'mechanical');
#9 = PRODUCT_DEFINITION_CONTEXT('part definition',#2,'design');
#10 = ADVANCED_BREP_SHAPE_REPRESENTATION('',(#11,#15),#5653);
#11 = AXIS2_PLACEMENT_3D('',#12,#13,#14);
#12 = CARTESIAN_POINT('',(0.,0.,0.));
#13 = DIRECTION('',(0.,0.,1.));
#14 = DIRECTION('',(1.,0.,-0.));
#15 = MANIFOLD_SOLID_BREP('',#16);
#16 = CLOSED_SHELL('',(#17,#105,#140,#144,#1245,#1297,#1351,#1404,#1458,
    #1489,#1536,#1590,#1645,#1697,#1723,#1801,#2027,#2083,#2255,#2306,
    #2478,#2534,#2738,#3689,#3794,#3847,#3901,#3954,#4037,#4090,#4144,
    #4175,#4289,#4375,#4482,#4565,#4670,#5074,#5133,#5240,#5321,#5405,
    #5469,#5504,#5559,#5594,#5649));
#17 = ADVANCED_FACE('',(#18),#31,.T.);
#18 = FACE_BOUND('',#19,.T.);
#19 = EDGE_LOOP('',(#20,#54,#77,#104));
#20 = ORIENTED_EDGE('',*,*,#21,.F.);
#21 = EDGE_CURVE('',#22,#22,#24,.T.);
#22 = VERTEX_POINT('',#23);
#23 = CARTESIAN_POINT('',(34.,-7.347880794884E-15,-30.));
#24 = SURFACE_CURVE('',#25,(#30,#42),.PCURVE_S1.);
#25 = CIRCLE('',#26,30.);
#26 = AXIS2_PLACEMENT_3D('',#27,#28,#29);
#27 = CARTESIAN_POINT('',(34.,0.,7.549516567451E-15));
#28 = DIRECTION('',(1.,-0.,2.22044604925E-16));
#29 = DIRECTION('',(2.22044604925E-16,0.,-1.));
#30 = PCURVE('',#31,#36);
#31 = CYLINDRICAL_SURFACE('',#32,30.);
#32 = AXIS2_PLACEMENT_3D('',#33,#34,#35);
#33 = CARTESIAN_POINT('',(0.,0.,0.));
#34 = DIRECTION('',(1.,0.,2.22044604925E-16));
#35 = DIRECTION('',(2.22044604925E-16,0.,-1.));
#36 = DEFINITIONAL_REPRESENTATION('',(#37),#41);
#37 = LINE('',#38,#39);
#38 = CARTESIAN_POINT('',(0.,34.));
#39 = VECTOR('',#40,1.);
#40 = DIRECTION('',(1.,0.));
#41 = ( GEOMETRIC_REPRESENTATION_CONTEXT(2) 
PARAMETRIC_REPRESENTATION_CONTEXT() REPRESENTATION_CONTEXT('2D SPACE',''
  ) );
#42 = PCURVE('',#43,#48);
#43 = PLANE('',#44);
#44 = AXIS2_PLACEMENT_3D('',#45,#46,#47);
#45 = CARTESIAN_POINT('',(34.,0.,7.549516567451E-15));
#46 = DIRECTION('',(1.,0.,2.22044604925E-16));
#47 = DIRECTION('',(2.22044604925E-16,0.,-1.));
#48 = DEFINITIONAL_REPRESENTATION('',(#49),#53);
#49 = CIRCLE('',#50,30.);
#50 = AXIS2_PLACEMENT_2D('',#51,#52);
#51 = CARTESIAN_POINT('',(0.,0.));
#52 = DIRECTION('',(1.,0.));
#53 = ( GEOMETRIC_REPRESENTATION_CONTEXT(2) 
PARAMETRIC_REPRESENTATION_CONTEXT() REPRESENTATION_CONTEXT('2D SPACE',''
  ) );
#54 = ORIENTED_EDGE('',*,*,#55,.F.);
#55 = EDGE_CURVE('',#56,#22,#58,.T.);
#56 = VERTEX_POINT('',#57);
#57 = CARTESIAN_POINT('',(6.661338147751E-15,-7.347880794884E-15,-30.));
#58 = SEAM_CURVE('',#59,(#63,#70),.PCURVE_S1.);
#59 = LINE('',#60,#61);
#60 = CARTESIAN_POINT('',(6.661338147751E-15,-7.347880794884E-15,-30.));
#61 = VECTOR('',#62,1.);
#62 = DIRECTION('',(1.,0.,2.22044604925E-16));
#63 = PCURVE('',#31,#64);
#64 = DEFINITIONAL_REPRESENTATION('',(#65),#69);
#65 = LINE('',#66,#67);
#66 = CARTESIAN_POINT('',(6.28318530718,-0.));
#67 = VECTOR('',#68,1.);
#68 = DIRECTION('',(0.,1.));
#69 = ( GEOMETRIC_REPRESENTATION_CONTEXT(2) 
PARAMETRIC_REPRESENTATION_CONTEXT() REPRESENTATION_CONTEXT('2D SPACE',''
  ) );
#70 = PCURVE('',#31,#71);
#71 = DEFINITIONAL_REPRESENTATION('',(#72),#76);
#72 = LINE('',#73,#74);
#73 = CARTESIAN_POINT('',(0.,-0.));
#74 = VECTOR('',#75,1.);
#75 = DIRECTION('',(0.,1.));
#76 = ( GEOMETRIC_REPRESENTATION_CONTEXT(2) 
PARAMETRIC_REPRESENTATION_CONTEXT() REPRESENTATION_CONTEXT('2D SPACE',''
  ) );
#77 = ORIENTED_EDGE('',*,*,#78,.T.);
#78 = EDGE_CURVE('',#56,#56,#79,.T.);
#79 = SURFACE_CURVE('',#80,(#85,#92),.PCURVE_S1.);
#80 = CIRCLE('',#81,30.);
#81 = AXIS2_PLACEMENT_3D('',#82,#83,#84);
#82 = CARTESIAN_POINT('',(0.,0.,0.));
#83 = DIRECTION('',(1.,-0.,2.22044604925E-16));
#84 = DIRECTION('',(2.22044604925E-16,0.,-1.));
#85 = PCURVE('',#31,#86);
#86 = DEFINITIONAL_REPRESENTATION('',(#87),#91);
#87 = LINE('',#88,#89);
#88 = CARTESIAN_POINT('',(0.,0.));
#89 = VECTOR('',#90,1.);
#90 = DIRECTION('',(1.,0.));
#91 = ( GEOMETRIC_REPRESENTATION_CONTEXT(2) 
PARAMETRIC_REPRESENTATION_CONTEXT() REPRESENTATION_CONTEXT('2D SPACE',''
  ) );
#92 = PCURVE('',#93,#98);
#93 = PLANE('',#94);
#94 = AXIS2_PLACEMENT_3D('',#95,#96,#97);
#95 = CARTESIAN_POINT('',(0.,0.,0.));
#96 = DIRECTION('',(1.,0.,2.22044604925E-16));
#97 = DIRECTION('',(2.22044604925E-16,0.,-1.));
#98 = DEFINITIONAL_REPRESENTATION('',(#99),#103);
#99 = CIRCLE('',#100,30.);
#100 = AXIS2_PLACEMENT_2D('',#101,#102);
#101 = CARTESIAN_POINT('',(0.,0.));
#102 = DIRECTION('',(1.,0.));
#103 = ( GEOMETRIC_REPRESENTATION_CONTEXT(2) 
PARAMETRIC_REPRESENTATION_CONTEXT() REPRESENTATION_CONTEXT('2D SPACE',''
  ) );
#104 = ORIENTED_EDGE('',*,*,#55,.T.);
#105 = ADVANCED_FACE('',(#106,#109),#43,.T.);
#106 = FACE_BOUND('',#107,.T.);
#107 = EDGE_LOOP('',(#108));
#108 = ORIENTED_EDGE('',*,*,#21,.T.);
#109 = FACE_BOUND('',#110,.T.);
#110 = EDGE_LOOP('',(#111));
#111 = ORIENTED_EDGE('',*,*,#112,.F.);
#112 = EDGE_CURVE('',#113,#113,#115,.T.);
#113 = VERTEX_POINT('',#114);
#114 = CARTESIAN_POINT('',(34.,-3.673940397442E-15,-15.));
#115 = SURFACE_CURVE('',#116,(#121,#128),.PCURVE_S1.);
#116 = CIRCLE('',#117,15.);
#117 = AXIS2_PLACEMENT_3D('',#118,#119,#120);
#118 = CARTESIAN_POINT('',(34.,0.,7.549516567451E-15));
#119 = DIRECTION('',(1.,0.,2.22044604925E-16));
#120 = DIRECTION('',(2.22044604925E-16,0.,-1.));
#121 = PCURVE('',#43,#122);
#122 = DEFINITIONAL_REPRESENTATION('',(#123),#127);
#123 = CIRCLE('',#124,15.);
#124 = AXIS2_PLACEMENT_2D('',#125,#126);
#125 = CARTESIAN_POINT('',(0.,0.));
#126 = DIRECTION('',(1.,0.));
#127 = ( GEOMETRIC_REPRESENTATION_CONTEXT(2) 
PARAMETRIC_REPRESENTATION_CONTEXT() REPRESENTATION_CONTEXT('2D SPACE',''
  ) );
#128 = PCURVE('',#129,#134);
#129 = CYLINDRICAL_SURFACE('',#130,15.);
#130 = AXIS2_PLACEMENT_3D('',#131,#132,#133);
#131 = CARTESIAN_POINT('',(0.,0.,0.));
#132 = DIRECTION('',(1.,0.,2.22044604925E-16));
#133 = DIRECTION('',(2.22044604925E-16,0.,-1.));
#134 = DEFINITIONAL_REPRESENTATION('',(#135),#139);
#135 = LINE('',#136,#137);
#136 = CARTESIAN_POINT('',(0.,34.));
#137 = VECTOR('',#138,1.);
#138 = DIRECTION('',(1.,0.));
#139 = ( GEOMETRIC_REPRESENTATION_CONTEXT(2) 
PARAMETRIC_REPRESENTATION_CONTEXT() REPRESENTATION_CONTEXT('2D SPACE',''
  ) );
#140 = ADVANCED_FACE('',(#141),#93,.F.);
#141 = FACE_BOUND('',#142,.F.);
#142 = EDGE_LOOP('',(#143));
#143 = ORIENTED_EDGE('',*,*,#78,.T.);
#144 = ADVANCED_FACE('',(#145),#129,.T.);
#145 = FACE_BOUND('',#146,.T.);
#146 = EDGE_LOOP('',(#147,#148,#171,#232,#317,#378,#463,#542,#630,#715,
    #776,#861,#1244));
#147 = ORIENTED_EDGE('',*,*,#112,.T.);
#148 = ORIENTED_EDGE('',*,*,#149,.T.);
#149 = EDGE_CURVE('',#113,#150,#152,.T.);
#150 = VERTEX_POINT('',#151);
#151 = CARTESIAN_POINT('',(48.,-3.613327038121E-15,-15.));
#152 = SEAM_CURVE('',#153,(#157,#164),.PCURVE_S1.);
#153 = LINE('',#154,#155);
#154 = CARTESIAN_POINT('',(3.330669073875E-15,-3.673940397442E-15,-15.)
  );
#155 = VECTOR('',#156,1.);
#156 = DIRECTION('',(1.,0.,2.22044604925E-16));
#157 = PCURVE('',#129,#158);
#158 = DEFINITIONAL_REPRESENTATION('',(#159),#163);
#159 = LINE('',#160,#161);
#160 = CARTESIAN_POINT('',(0.,-0.));
#161 = VECTOR('',#162,1.);
#162 = DIRECTION('',(0.,1.));
#163 = ( GEOMETRIC_REPRESENTATION_CONTEXT(2) 
PARAMETRIC_REPRESENTATION_CONTEXT() REPRESENTATION_CONTEXT('2D SPACE',''
  ) );
#164 = PCURVE('',#129,#165);
#165 = DEFINITIONAL_REPRESENTATION('',(#166),#170);
#166 = LINE('',#167,#168);
#167 = CARTESIAN_POINT('',(6.28318530718,-0.));
#168 = VECTOR('',#169,1.);
#169 = DIRECTION('',(0.,1.));
#170 = ( GEOMETRIC_REPRESENTATION_CONTEXT(2) 
PARAMETRIC_REPRESENTATION_CONTEXT() REPRESENTATION_CONTEXT('2D SPACE',''
  ) );
#171 = ORIENTED_EDGE('',*,*,#172,.F.);
#172 = EDGE_CURVE('',#173,#150,#175,.T.);
#173 = VERTEX_POINT('',#174);
#174 = CARTESIAN_POINT('',(40.138486222426,-10.,-11.18033988749));
#175 = SURFACE_CURVE('',#176,(#191,#209),.PCURVE_S1.);
#176 = B_SPLINE_CURVE_WITH_KNOTS('',7,(#177,#178,#179,#180,#181,#182,
    #183,#184,#185,#186,#187,#188,#189,#190),.UNSPECIFIED.,.F.,.F.,(8,6,
    8),(0.,0.509749899065,1.),.UNSPECIFIED.);
#177 = CARTESIAN_POINT('',(40.138485800523,-10.0000006,-11.18033935083)
  );
#178 = CARTESIAN_POINT('',(40.624543145438,-9.308748679405,
    -11.79861393122));
#179 = CARTESIAN_POINT('',(41.143351798193,-8.60111311296,
    -12.34179229668));
#180 = CARTESIAN_POINT('',(41.683812737549,-7.884446386346,
    -12.81648307441));
#181 = CARTESIAN_POINT('',(42.239057227125,-7.16302268731,
    -13.22935534046));
#182 = CARTESIAN_POINT('',(42.805272729062,-6.438450114374,
    -13.58639312969));
#183 = CARTESIAN_POINT('',(43.381020596216,-5.710245657122,
    -13.89238932106));
#184 = CARTESIAN_POINT('',(44.529825476331,-4.270319809489,
    -14.39876121853));
#185 = CARTESIAN_POINT('',(45.100397395009,-3.56122147208,
    -14.60195990056));
#186 = CARTESIAN_POINT('',(45.67591318038,-2.850360365828,
    -14.76226559037));
#187 = CARTESIAN_POINT('',(46.254686539307,-2.138550861101,
    -14.88136805735));
#188 = CARTESIAN_POINT('',(46.835539174435,-1.426168001322,
    -14.96042515713));
#189 = CARTESIAN_POINT('',(47.417580624558,-0.713314977755,
    -15.00000003266));
#190 = CARTESIAN_POINT('',(48.,-3.552713678801E-15,-15.));
#191 = PCURVE('',#129,#192);
#192 = DEFINITIONAL_REPRESENTATION('',(#193),#208);
#193 = B_SPLINE_CURVE_WITH_KNOTS('',7,(#194,#195,#196,#197,#198,#199,
    #200,#201,#202,#203,#204,#205,#206,#207),.UNSPECIFIED.,.F.,.F.,(8,6,
    8),(0.,0.509749899065,1.),.UNSPECIFIED.);
#194 = CARTESIAN_POINT('',(5.553457597286,40.138485800523));
#195 = CARTESIAN_POINT('',(5.615285051615,40.624543145438));
#196 = CARTESIAN_POINT('',(5.674588999771,41.143351798193));
#197 = CARTESIAN_POINT('',(5.731683881302,41.683812737549));
#198 = CARTESIAN_POINT('',(5.7868978109,42.239057227125));
#199 = CARTESIAN_POINT('',(5.840591434808,42.805272729062));
#200 = CARTESIAN_POINT('',(5.893156672384,43.381020596216));
#201 = CARTESIAN_POINT('',(5.994914531927,44.529825476331));
#202 = CARTESIAN_POINT('',(6.044004643328,45.100397395009));
#203 = CARTESIAN_POINT('',(6.092459660547,45.67591318038));
#204 = CARTESIAN_POINT('',(6.140439667083,46.254686539307));
#205 = CARTESIAN_POINT('',(6.188107397681,46.835539174435));
#206 = CARTESIAN_POINT('',(6.235630987471,47.417580624558));
#207 = CARTESIAN_POINT('',(6.28318530718,48.));
#208 = ( GEOMETRIC_REPRESENTATION_CONTEXT(2) 
PARAMETRIC_REPRESENTATION_CONTEXT() REPRESENTATION_CONTEXT('2D SPACE',''
  ) );
#209 = PCURVE('',#210,#215);
#210 = CYLINDRICAL_SURFACE('',#211,10.);
#211 = AXIS2_PLACEMENT_3D('',#212,#213,#214);
#212 = CARTESIAN_POINT('',(48.,-20.,-5.));
#213 = DIRECTION('',(-0.,1.,0.));
#214 = DIRECTION('',(-1.,-0.,0.));
#215 = DEFINITIONAL_REPRESENTATION('',(#216),#231);
#216 = B_SPLINE_CURVE_WITH_KNOTS('',7,(#217,#218,#219,#220,#221,#222,
    #223,#224,#225,#226,#227,#228,#229,#230),.UNSPECIFIED.,.F.,.F.,(8,6,
    8),(0.,0.509749899065,1.),.UNSPECIFIED.);
#217 = CARTESIAN_POINT('',(-0.666239364227,9.9999994));
#218 = CARTESIAN_POINT('',(-0.744885101512,10.691251320602));
#219 = CARTESIAN_POINT('',(-0.819651338708,11.398886887));
#220 = CARTESIAN_POINT('',(-0.891165711302,12.115553613712));
#221 = CARTESIAN_POINT('',(-0.95997167695,12.836977312649));
#222 = CARTESIAN_POINT('',(-1.02661236527,13.561549885639));
#223 = CARTESIAN_POINT('',(-1.09163816545,14.289754342878));
#224 = CARTESIAN_POINT('',(-1.21718358158,15.729680190511));
#225 = CARTESIAN_POINT('',(-1.277589660917,16.43877852792));
#226 = CARTESIAN_POINT('',(-1.337098632955,17.149639634173));
#227 = CARTESIAN_POINT('',(-1.395942490564,17.861449138899));
#228 = CARTESIAN_POINT('',(-1.454350114763,18.573831998677));
#229 = CARTESIAN_POINT('',(-1.512554426232,19.286685022245));
#230 = CARTESIAN_POINT('',(-1.570796326795,20.));
#231 = ( GEOMETRIC_REPRESENTATION_CONTEXT(2) 
PARAMETRIC_REPRESENTATION_CONTEXT() REPRESENTATION_CONTEXT('2D SPACE',''
  ) );
#232 = ORIENTED_EDGE('',*,*,#233,.F.);
#233 = EDGE_CURVE('',#234,#173,#236,.T.);
#234 = VERTEX_POINT('',#235);
#235 = CARTESIAN_POINT('',(38.898202788755,-14.14213562373,-5.));
#236 = SURFACE_CURVE('',#237,(#260,#286),.PCURVE_S1.);
#237 = B_SPLINE_CURVE_WITH_KNOTS('',6,(#238,#239,#240,#241,#242,#243,
    #244,#245,#246,#247,#248,#249,#250,#251,#252,#253,#254,#255,#256,
    #257,#258,#259),.UNSPECIFIED.,.F.,.F.,(7,5,5,5,7),(0.,0.236048847281
    ,0.562632529498,0.719366511329,1.),.UNSPECIFIED.);
#238 = CARTESIAN_POINT('',(38.898202788755,-14.14213562373,-5.));
#239 = CARTESIAN_POINT('',(38.851734676973,-14.04002807133,
    -5.288803770841));
#240 = CARTESIAN_POINT('',(38.814288254992,-13.92993409556,
    -5.577676350716));
#241 = CARTESIAN_POINT('',(38.786093939513,-13.81191137168,
    -5.865703506308));
#242 = CARTESIAN_POINT('',(38.767312728332,-13.68613423309,
    -6.151975212902));
#243 = CARTESIAN_POINT('',(38.758028296011,-13.55290645494,-6.4355911834
    ));
#244 = CARTESIAN_POINT('',(38.758530731429,-13.21865648683,
    -7.103162442014));
#245 = CARTESIAN_POINT('',(38.776997601617,-13.01119186135,
    -7.483958547399));
#246 = CARTESIAN_POINT('',(38.813644336011,-12.79148160469,
    -7.855647204878));
#247 = CARTESIAN_POINT('',(38.868131577086,-12.56106743846,
    -8.216275640351));
#248 = CARTESIAN_POINT('',(38.939895043653,-12.32174832558,
    -8.564275056414));
#249 = CARTESIAN_POINT('',(39.070470140686,-11.95733943453,
    -9.058792181184));
#250 = CARTESIAN_POINT('',(39.116610592959,-11.83756298407,
    -9.215982139519));
#251 = CARTESIAN_POINT('',(39.166462422073,-11.71639438616,
    -9.369871801116));
#252 = CARTESIAN_POINT('',(39.219932404232,-11.59404613183,
    -9.520363999867));
#253 = CARTESIAN_POINT('',(39.276921354506,-11.47072982344,
    -9.667385583946));
#254 = CARTESIAN_POINT('',(39.445481614185,-11.12449457379,
    -10.06781957468));
#255 = CARTESIAN_POINT('',(39.564588184796,-10.89989969732,
    -10.31345987236));
#256 = CARTESIAN_POINT('',(39.694055789675,-10.6740603669,
    -10.54751387015));
#257 = CARTESIAN_POINT('',(39.833267126321,-10.4481118971,
    -10.76991896493));
#258 = CARTESIAN_POINT('',(39.981606104123,-10.22310881769,
    -10.9807852944));
#259 = CARTESIAN_POINT('',(40.138486222426,-10.,-11.18033988749));
#260 = PCURVE('',#129,#261);
#261 = DEFINITIONAL_REPRESENTATION('',(#262),#285);
#262 = B_SPLINE_CURVE_WITH_KNOTS('',6,(#263,#264,#265,#266,#267,#268,
    #269,#270,#271,#272,#273,#274,#275,#276,#277,#278,#279,#280,#281,
    #282,#283,#284),.UNSPECIFIED.,.F.,.F.,(7,5,5,5,7),(0.,0.236048847281
    ,0.562632529498,0.719366511329,1.),.UNSPECIFIED.);
#263 = CARTESIAN_POINT('',(5.052225889839,38.898202788755));
#264 = CARTESIAN_POINT('',(5.072647400318,38.851734676973));
#265 = CARTESIAN_POINT('',(5.093250718235,38.814288254992));
#266 = CARTESIAN_POINT('',(5.113992397657,38.786093939513));
#267 = CARTESIAN_POINT('',(5.134828120698,38.767312728332));
#268 = CARTESIAN_POINT('',(5.15571150081,38.758028296011));
#269 = CARTESIAN_POINT('',(5.205483176222,38.758530731429));
#270 = CARTESIAN_POINT('',(5.234375430263,38.776997601617));
#271 = CARTESIAN_POINT('',(5.263133678835,38.813644336011));
#272 = CARTESIAN_POINT('',(5.291638919682,38.868131577086));
#273 = CARTESIAN_POINT('',(5.319780407292,38.939895043653));
#274 = CARTESIAN_POINT('',(5.360732467426,39.070470140686));
#275 = CARTESIAN_POINT('',(5.373905672026,39.116610592959));
#276 = CARTESIAN_POINT('',(5.386961030557,39.166462422073));
#277 = CARTESIAN_POINT('',(5.399888790379,39.219932404232));
#278 = CARTESIAN_POINT('',(5.412680102711,39.276921354506));
#279 = CARTESIAN_POINT('',(5.447971035071,39.445481614185));
#280 = CARTESIAN_POINT('',(5.470151765806,39.564588184796));
#281 = CARTESIAN_POINT('',(5.491823460069,39.694055789675));
#282 = CARTESIAN_POINT('',(5.512949836339,39.833267126321));
#283 = CARTESIAN_POINT('',(5.533502191643,39.981606104123));
#284 = CARTESIAN_POINT('',(5.553457650953,40.138486222426));
#285 = ( GEOMETRIC_REPRESENTATION_CONTEXT(2) 
PARAMETRIC_REPRESENTATION_CONTEXT() REPRESENTATION_CONTEXT('2D SPACE',''
  ) );
#286 = PCURVE('',#287,#292);
#287 = SPHERICAL_SURFACE('',#288,10.);
#288 = AXIS2_PLACEMENT_3D('',#289,#290,#291);
#289 = CARTESIAN_POINT('',(48.,-10.,-5.));
#290 = DIRECTION('',(0.,0.,1.));
#291 = DIRECTION('',(-1.,0.,0.));
#292 = DEFINITIONAL_REPRESENTATION('',(#293),#316);
#293 = B_SPLINE_CURVE_WITH_KNOTS('',6,(#294,#295,#296,#297,#298,#299,
    #300,#301,#302,#303,#304,#305,#306,#307,#308,#309,#310,#311,#312,
    #313,#314,#315),.UNSPECIFIED.,.F.,.F.,(7,5,5,5,7),(0.,0.236048847281
    ,0.562632529498,0.719366511329,1.),.UNSPECIFIED.);
#294 = CARTESIAN_POINT('',(0.427078586392,1.110223024625E-16));
#295 = CARTESIAN_POINT('',(0.415860191824,-2.888037708413E-02));
#296 = CARTESIAN_POINT('',(0.404288543086,-5.776763671474E-02));
#297 = CARTESIAN_POINT('',(0.392325535334,-8.66137077248E-02));
#298 = CARTESIAN_POINT('',(0.379934145714,-0.115371059456));
#299 = CARTESIAN_POINT('',(0.367080296218,-0.14399061565));
#300 = CARTESIAN_POINT('',(0.335270535953,-0.211752479398));
#301 = CARTESIAN_POINT('',(0.315861464455,-0.250728511248));
#302 = CARTESIAN_POINT('',(0.295432426131,-0.289201966157));
#303 = CARTESIAN_POINT('',(0.273910252899,-0.327053740933));
#304 = CARTESIAN_POINT('',(0.251228092039,-0.364174675722));
#305 = CARTESIAN_POINT('',(0.215870309551,-0.417875084493));
#306 = CARTESIAN_POINT('',(0.204124657631,-0.435098651032));
#307 = CARTESIAN_POINT('',(0.192093083934,-0.452121070454));
#308 = CARTESIAN_POINT('',(0.179769277155,-0.468933280593));
#309 = CARTESIAN_POINT('',(0.167147039747,-0.485527263773));
#310 = CARTESIAN_POINT('',(0.131075001267,-0.531203862823));
#311 = CARTESIAN_POINT('',(0.106953646883,-0.559789134895));
#312 = CARTESIAN_POINT('',(8.182096790505E-02,-0.587611451936));
#313 = CARTESIAN_POINT('',(5.564157292968E-02,-0.614640940918));
#314 = CARTESIAN_POINT('',(2.837988000886E-02,-0.640855696135));
#315 = CARTESIAN_POINT('',(0.,-0.666239432493));
#316 = ( GEOMETRIC_REPRESENTATION_CONTEXT(2) 
PARAMETRIC_REPRESENTATION_CONTEXT() REPRESENTATION_CONTEXT('2D SPACE',''
  ) );
#317 = ORIENTED_EDGE('',*,*,#318,.F.);
#318 = EDGE_CURVE('',#319,#234,#321,.T.);
#319 = VERTEX_POINT('',#320);
#320 = CARTESIAN_POINT('',(38.898202788755,-14.14213562373,5.));
#321 = SURFACE_CURVE('',#322,(#337,#355),.PCURVE_S1.);
#322 = B_SPLINE_CURVE_WITH_KNOTS('',7,(#323,#324,#325,#326,#327,#328,
    #329,#330,#331,#332,#333,#334,#335,#336),.UNSPECIFIED.,.F.,.F.,(8,6,
    8),(0.,0.499999975218,1.),.UNSPECIFIED.);
#323 = CARTESIAN_POINT('',(38.898202692216,-14.14213541159,
    5.000000600001));
#324 = CARTESIAN_POINT('',(39.009830582633,-14.3874230064,4.306222607146
    ));
#325 = CARTESIAN_POINT('',(39.11213932996,-14.59177722906,3.601872994782
    ));
#326 = CARTESIAN_POINT('',(39.199945362202,-14.75504233577,
    2.889666106653));
#327 = CARTESIAN_POINT('',(39.268957885562,-14.87739054447,2.17182340652
    ));
#328 = CARTESIAN_POINT('',(39.316097784682,-14.95904034401,
    1.450051943229));
#329 = CARTESIAN_POINT('',(39.339745962156,-15.,0.725688367876));
#330 = CARTESIAN_POINT('',(39.339745962156,-15.,-0.725688439812));
#331 = CARTESIAN_POINT('',(39.316097779983,-14.95904033589,
    -1.450052016431));
#332 = CARTESIAN_POINT('',(39.268957879829,-14.87739053449,
    -2.171823437795));
#333 = CARTESIAN_POINT('',(39.199945362366,-14.75504233499,
    -2.889666080257));
#334 = CARTESIAN_POINT('',(39.112139339117,-14.59177724483,
    -3.60187292343));
#335 = CARTESIAN_POINT('',(39.00983059446,-14.38742303239,
    -4.306222533642));
#336 = CARTESIAN_POINT('',(38.898202692216,-14.14213541159,
    -5.000000600002));
#337 = PCURVE('',#129,#338);
#338 = DEFINITIONAL_REPRESENTATION('',(#339),#354);
#339 = B_SPLINE_CURVE_WITH_KNOTS('',7,(#340,#341,#342,#343,#344,#345,
    #346,#347,#348,#349,#350,#351,#352,#353),.UNSPECIFIED.,.F.,.F.,(8,6,
    8),(0.,0.499999975218,1.),.UNSPECIFIED.);
#340 = CARTESIAN_POINT('',(4.372552028504,38.898202692216));
#341 = CARTESIAN_POINT('',(4.421609541578,39.009830582633));
#342 = CARTESIAN_POINT('',(4.470421894075,39.11213932996));
#343 = CARTESIAN_POINT('',(4.519007839916,39.199945362202));
#344 = CARTESIAN_POINT('',(4.567415796334,39.268957885562));
#345 = CARTESIAN_POINT('',(4.615718852554,39.316097784682));
#346 = CARTESIAN_POINT('',(4.66400975586,39.339745962156));
#347 = CARTESIAN_POINT('',(4.760768209705,39.339745962156));
#348 = CARTESIAN_POINT('',(4.809059113095,39.316097779983));
#349 = CARTESIAN_POINT('',(4.857362166575,39.268957879829));
#350 = CARTESIAN_POINT('',(4.905770119151,39.199945362366));
#351 = CARTESIAN_POINT('',(4.954356061859,39.112139339117));
#352 = CARTESIAN_POINT('',(5.003168413993,39.00983059446));
#353 = CARTESIAN_POINT('',(5.052225932266,38.898202692216));
#354 = ( GEOMETRIC_REPRESENTATION_CONTEXT(2) 
PARAMETRIC_REPRESENTATION_CONTEXT() REPRESENTATION_CONTEXT('2D SPACE',''
  ) );
#355 = PCURVE('',#356,#361);
#356 = CYLINDRICAL_SURFACE('',#357,10.);
#357 = AXIS2_PLACEMENT_3D('',#358,#359,#360);
#358 = CARTESIAN_POINT('',(48.,-10.,-15.));
#359 = DIRECTION('',(0.,0.,1.));
#360 = DIRECTION('',(-1.,-0.,0.));
#361 = DEFINITIONAL_REPRESENTATION('',(#362),#377);
#362 = B_SPLINE_CURVE_WITH_KNOTS('',7,(#363,#364,#365,#366,#367,#368,
    #369,#370,#371,#372,#373,#374,#375,#376),.UNSPECIFIED.,.F.,.F.,(8,6,
    8),(0.,0.499999975218,1.),.UNSPECIFIED.);
#363 = CARTESIAN_POINT('',(0.427078563086,20.0000006));
#364 = CARTESIAN_POINT('',(0.454027921164,19.306222607145));
#365 = CARTESIAN_POINT('',(0.47686558976,18.601872994784));
#366 = CARTESIAN_POINT('',(0.495394688008,17.88966610665));
#367 = CARTESIAN_POINT('',(0.509441116854,17.171823406522));
#368 = CARTESIAN_POINT('',(0.518869149106,16.450051943228));
#369 = CARTESIAN_POINT('',(0.523598775598,15.725688367876));
#370 = CARTESIAN_POINT('',(0.523598775598,14.274311560188));
#371 = CARTESIAN_POINT('',(0.518869148168,13.549947983574));
#372 = CARTESIAN_POINT('',(0.509441115703,12.828176562191));
#373 = CARTESIAN_POINT('',(0.49539468795,12.110333919762));
#374 = CARTESIAN_POINT('',(0.476865591576,11.398127076557));
#375 = CARTESIAN_POINT('',(0.45402792402,10.693777466361));
#376 = CARTESIAN_POINT('',(0.427078563086,9.9999994));
#377 = ( GEOMETRIC_REPRESENTATION_CONTEXT(2) 
PARAMETRIC_REPRESENTATION_CONTEXT() REPRESENTATION_CONTEXT('2D SPACE',''
  ) );
#378 = ORIENTED_EDGE('',*,*,#379,.F.);
#379 = EDGE_CURVE('',#380,#319,#382,.T.);
#380 = VERTEX_POINT('',#381);
#381 = CARTESIAN_POINT('',(40.138486222426,-10.,11.180339887499));
#382 = SURFACE_CURVE('',#383,(#406,#432),.PCURVE_S1.);
#383 = B_SPLINE_CURVE_WITH_KNOTS('',6,(#384,#385,#386,#387,#388,#389,
    #390,#391,#392,#393,#394,#395,#396,#397,#398,#399,#400,#401,#402,
    #403,#404,#405),.UNSPECIFIED.,.F.,.F.,(7,5,5,5,7),(0.,0.282376801229
    ,0.438064952906,0.763465978908,1.),.UNSPECIFIED.);
#384 = CARTESIAN_POINT('',(40.138486222426,-10.,11.180339887499));
#385 = CARTESIAN_POINT('',(39.980631539917,-10.22449480509,
    10.97954562958));
#386 = CARTESIAN_POINT('',(39.831424394983,-10.45090755113,
    10.767298578638));
#387 = CARTESIAN_POINT('',(39.691462330612,-10.67827153155,
    10.543367528467));
#388 = CARTESIAN_POINT('',(39.561373222429,-10.90551169253,
    10.307641041567));
#389 = CARTESIAN_POINT('',(39.441785968792,-11.13147038207,
    10.060185081332));
#390 = CARTESIAN_POINT('',(39.273488207449,-11.47813903231,
    9.658564982748));
#391 = CARTESIAN_POINT('',(39.217050217911,-11.60058621186,
    9.512355453704));
#392 = CARTESIAN_POINT('',(39.164088108983,-11.72207033127,
    9.362724118885));
#393 = CARTESIAN_POINT('',(39.114698952926,-11.84238394702,
    9.209743308388));
#394 = CARTESIAN_POINT('',(39.068973977812,-11.96131880714,
    9.053508756155));
#395 = CARTESIAN_POINT('',(38.939260270814,-12.32393800867,
    8.561054661221));
#396 = CARTESIAN_POINT('',(38.867879382137,-12.56232479902,
    8.214228630219));
#397 = CARTESIAN_POINT('',(38.813652202684,-12.7918626029,7.854872917771
    ));
#398 = CARTESIAN_POINT('',(38.777136340327,-13.01077263262,
    7.484540599039));
#399 = CARTESIAN_POINT('',(38.758667404945,-13.21752976351,
    7.105163268146));
#400 = CARTESIAN_POINT('',(38.757933275945,-13.55153688286,
    6.438505957906));
#401 = CARTESIAN_POINT('',(38.767158544379,-13.68509986783,
    6.154328953843));
#402 = CARTESIAN_POINT('',(38.785920187723,-13.81118344596,
    5.867479705058));
#403 = CARTESIAN_POINT('',(38.814134343678,-13.9294814478,5.5788639586)
  );
#404 = CARTESIAN_POINT('',(38.851639165111,-14.0398181966,5.289397386221
    ));
#405 = CARTESIAN_POINT('',(38.898202788755,-14.14213562373,5.));
#406 = PCURVE('',#129,#407);
#407 = DEFINITIONAL_REPRESENTATION('',(#408),#431);
#408 = B_SPLINE_CURVE_WITH_KNOTS('',6,(#409,#410,#411,#412,#413,#414,
    #415,#416,#417,#418,#419,#420,#421,#422,#423,#424,#425,#426,#427,
    #428,#429,#430),.UNSPECIFIED.,.F.,.F.,(7,5,5,5,7),(0.,0.282376801229
    ,0.438064952906,0.763465978908,1.),.UNSPECIFIED.);
#409 = CARTESIAN_POINT('',(3.871320309817,40.138486222426));
#410 = CARTESIAN_POINT('',(3.891399735609,39.980631539917));
#411 = CARTESIAN_POINT('',(3.912083504234,39.831424394983));
#412 = CARTESIAN_POINT('',(3.933348303541,39.691462330612));
#413 = CARTESIAN_POINT('',(3.955164852787,39.561373222429));
#414 = CARTESIAN_POINT('',(3.97749609456,39.441785968792));
#415 = CARTESIAN_POINT('',(4.012865752407,39.273488207449));
#416 = CARTESIAN_POINT('',(4.025578380302,39.217050217911));
#417 = CARTESIAN_POINT('',(4.038425313525,39.164088108983));
#418 = CARTESIAN_POINT('',(4.05139785479,39.114698952926));
#419 = CARTESIAN_POINT('',(4.064486426834,39.068973977812));
#420 = CARTESIAN_POINT('',(4.10525698925,38.939260270814));
#421 = CARTESIAN_POINT('',(4.133298955965,38.867879382137));
#422 = CARTESIAN_POINT('',(4.161701509255,38.813652202684));
#423 = CARTESIAN_POINT('',(4.190355062417,38.777136340327));
#424 = CARTESIAN_POINT('',(4.219141880804,38.758667404945));
#425 = CARTESIAN_POINT('',(4.268851827275,38.757933275945));
#426 = CARTESIAN_POINT('',(4.289778522031,38.767158544379));
#427 = CARTESIAN_POINT('',(4.310657651302,38.785920187723));
#428 = CARTESIAN_POINT('',(4.331442537798,38.814134343678));
#429 = CARTESIAN_POINT('',(4.352088585505,38.851639165111));
#430 = CARTESIAN_POINT('',(4.372552070931,38.898202788755));
#431 = ( GEOMETRIC_REPRESENTATION_CONTEXT(2) 
PARAMETRIC_REPRESENTATION_CONTEXT() REPRESENTATION_CONTEXT('2D SPACE',''
  ) );
#432 = PCURVE('',#433,#438);
#433 = SPHERICAL_SURFACE('',#434,10.);
#434 = AXIS2_PLACEMENT_3D('',#435,#436,#437);
#435 = CARTESIAN_POINT('',(48.,-10.,5.));
#436 = DIRECTION('',(-0.,-0.,-1.));
#437 = DIRECTION('',(-1.,0.,0.));
#438 = DEFINITIONAL_REPRESENTATION('',(#439),#462);
#439 = B_SPLINE_CURVE_WITH_KNOTS('',6,(#440,#441,#442,#443,#444,#445,
    #446,#447,#448,#449,#450,#451,#452,#453,#454,#455,#456,#457,#458,
    #459,#460,#461),.UNSPECIFIED.,.F.,.F.,(7,5,5,5,7),(0.,0.282376801229
    ,0.438064952906,0.763465978908,1.),.UNSPECIFIED.);
#440 = CARTESIAN_POINT('',(0.,-0.666239432493));
#441 = CARTESIAN_POINT('',(-2.855618032995E-02,-0.640698008334));
#442 = CARTESIAN_POINT('',(-5.598024825116E-02,-0.614315198272));
#443 = CARTESIAN_POINT('',(-8.230875348248E-02,-0.587107603913));
#444 = CARTESIAN_POINT('',(-0.107577939946,-0.559097579901));
#445 = CARTESIAN_POINT('',(-0.131823862137,-0.530315659321));
#446 = CARTESIAN_POINT('',(-0.167906127798,-0.484531193972));
#447 = CARTESIAN_POINT('',(-0.18042961785,-0.468037294491));
#448 = CARTESIAN_POINT('',(-0.19265887681,-0.451328366775));
#449 = CARTESIAN_POINT('',(-0.204599980964,-0.434412297217));
#450 = CARTESIAN_POINT('',(-0.216259118537,-0.417297989656));
#451 = CARTESIAN_POINT('',(-0.251434796558,-0.363832130347));
#452 = CARTESIAN_POINT('',(-0.274026727774,-0.326840653621));
#453 = CARTESIAN_POINT('',(-0.295467418146,-0.289124146072));
#454 = CARTESIAN_POINT('',(-0.315822987842,-0.25079063684));
#455 = CARTESIAN_POINT('',(-0.335165793575,-0.21195797929));
#456 = CARTESIAN_POINT('',(-0.366948170025,-0.144284749669));
#457 = CARTESIAN_POINT('',(-0.379832250412,-0.115607506147));
#458 = CARTESIAN_POINT('',(-0.392251756795,-8.679159553854E-02));
#459 = CARTESIAN_POINT('',(-0.404240968338,-5.788639749676E-02));
#460 = CARTESIAN_POINT('',(-0.415837133221,-2.893973862211E-02));
#461 = CARTESIAN_POINT('',(-0.427078586392,0.));
#462 = ( GEOMETRIC_REPRESENTATION_CONTEXT(2) 
PARAMETRIC_REPRESENTATION_CONTEXT() REPRESENTATION_CONTEXT('2D SPACE',''
  ) );
#463 = ORIENTED_EDGE('',*,*,#464,.F.);
#464 = EDGE_CURVE('',#465,#380,#467,.T.);
#465 = VERTEX_POINT('',#466);
#466 = CARTESIAN_POINT('',(48.,0.,15.));
#467 = SURFACE_CURVE('',#468,(#489,#513),.PCURVE_S1.);
#468 = B_SPLINE_CURVE_WITH_KNOTS('',7,(#469,#470,#471,#472,#473,#474,
    #475,#476,#477,#478,#479,#480,#481,#482,#483,#484,#485,#486,#487,
    #488),.UNSPECIFIED.,.F.,.F.,(8,6,6,8),(0.,1.662416930807E-02,
    0.505898695168,1.),.UNSPECIFIED.);
#469 = CARTESIAN_POINT('',(48.,-4.998001408296E-07,15.));
#470 = CARTESIAN_POINT('',(47.981010621244,-2.325705402686E-02,
    15.000001672941));
#471 = CARTESIAN_POINT('',(47.961489798645,-4.716500857857E-02,
    14.999957020566));
#472 = CARTESIAN_POINT('',(47.941834250961,-7.12381963382E-02,
    14.999868121831));
#473 = CARTESIAN_POINT('',(47.922272669723,-9.519635867306E-02,
    14.999735981474));
#474 = CARTESIAN_POINT('',(47.902865719232,-0.118965145435,
    14.999560530013));
#475 = CARTESIAN_POINT('',(47.883506036566,-0.14267611496,
    14.999340623744));
#476 = CARTESIAN_POINT('',(47.287419410868,-0.872747054336,
    14.991228220355));
#477 = CARTESIAN_POINT('',(46.711554537688,-1.578212925982,
    14.944605874386));
#478 = CARTESIAN_POINT('',(46.136902620234,-2.283311505853,
    14.859241038837));
#479 = CARTESIAN_POINT('',(45.564117893084,-2.988206871131,
    14.734454365582));
#480 = CARTESIAN_POINT('',(44.994157888281,-3.692783565103,
    14.568901820486));
#481 = CARTESIAN_POINT('',(44.428530792658,-4.396455478741,
    14.360626226287));
#482 = CARTESIAN_POINT('',(43.305079065864,-5.806425320465,
    13.851096116519));
#483 = CARTESIAN_POINT('',(42.747057148913,-6.513094026559,
    13.548795268687));
#484 = CARTESIAN_POINT('',(42.195871344625,-7.219260475452,
    13.196593872244));
#485 = CARTESIAN_POINT('',(41.653616465292,-7.924567748926,
    12.789607861623));
#486 = CARTESIAN_POINT('',(41.124602186145,-8.626716640344,
    12.322047049962));
#487 = CARTESIAN_POINT('',(40.61592254368,-9.321008565174,
    11.787648354852));
#488 = CARTESIAN_POINT('',(40.138485800532,-10.0000006,11.180339350842)
  );
#489 = PCURVE('',#129,#490);
#490 = DEFINITIONAL_REPRESENTATION('',(#491),#512);
#491 = B_SPLINE_CURVE_WITH_KNOTS('',7,(#492,#493,#494,#495,#496,#497,
    #498,#499,#500,#501,#502,#503,#504,#505,#506,#507,#508,#509,#510,
    #511),.UNSPECIFIED.,.F.,.F.,(8,6,6,8),(0.,1.662416930807E-02,
    0.505898695168,1.),.UNSPECIFIED.);
#492 = CARTESIAN_POINT('',(3.14159268691,48.));
#493 = CARTESIAN_POINT('',(3.143143123517,47.981010621244));
#494 = CARTESIAN_POINT('',(3.144736987428,47.961489798645));
#495 = CARTESIAN_POINT('',(3.146341873351,47.941834250961));
#496 = CARTESIAN_POINT('',(3.147939103608,47.922272669723));
#497 = CARTESIAN_POINT('',(3.149523728136,47.902865719232));
#498 = CARTESIAN_POINT('',(3.151104524488,47.883506036566));
#499 = CARTESIAN_POINT('',(3.199778925134,47.287419410868));
#500 = CARTESIAN_POINT('',(3.246841644745,46.711554537688));
#501 = CARTESIAN_POINT('',(3.294078835634,46.136902620234));
#502 = CARTESIAN_POINT('',(3.341672305467,45.564117893084));
#503 = CARTESIAN_POINT('',(3.389799839561,44.994157888281));
#504 = CARTESIAN_POINT('',(3.438637926736,44.428530792658));
#505 = CARTESIAN_POINT('',(3.538585377091,43.305079065864));
#506 = CARTESIAN_POINT('',(3.58974172629,42.747057148913));
#507 = CARTESIAN_POINT('',(3.642204059173,42.195871344625));
#508 = CARTESIAN_POINT('',(3.696302364203,41.653616465292));
#509 = CARTESIAN_POINT('',(3.752338775152,41.124602186145));
#510 = CARTESIAN_POINT('',(3.810589466725,40.61592254368));
#511 = CARTESIAN_POINT('',(3.871320363482,40.138485800532));
#512 = ( GEOMETRIC_REPRESENTATION_CONTEXT(2) 
PARAMETRIC_REPRESENTATION_CONTEXT() REPRESENTATION_CONTEXT('2D SPACE',''
  ) );
#513 = PCURVE('',#514,#519);
#514 = CYLINDRICAL_SURFACE('',#515,10.);
#515 = AXIS2_PLACEMENT_3D('',#516,#517,#518);
#516 = CARTESIAN_POINT('',(48.,-20.,5.));
#517 = DIRECTION('',(-0.,1.,0.));
#518 = DIRECTION('',(-1.,-0.,0.));
#519 = DEFINITIONAL_REPRESENTATION('',(#520),#541);
#520 = B_SPLINE_CURVE_WITH_KNOTS('',7,(#521,#522,#523,#524,#525,#526,
    #527,#528,#529,#530,#531,#532,#533,#534,#535,#536,#537,#538,#539,
    #540),.UNSPECIFIED.,.F.,.F.,(8,6,6,8),(0.,1.662416930807E-02,
    0.505898695168,1.),.UNSPECIFIED.);
#521 = CARTESIAN_POINT('',(1.570796326795,19.9999995002));
#522 = CARTESIAN_POINT('',(1.568897389547,19.976742945973));
#523 = CARTESIAN_POINT('',(1.566945306783,19.952834991421));
#524 = CARTESIAN_POINT('',(1.564979739634,19.928761803662));
#525 = CARTESIAN_POINT('',(1.563023545807,19.904803641327));
#526 = CARTESIAN_POINT('',(1.561082779581,19.881034854565));
#527 = CARTESIAN_POINT('',(1.559146691808,19.85732388504));
#528 = CARTESIAN_POINT('',(1.499532509232,19.127252945664));
#529 = CARTESIAN_POINT('',(1.441887821898,18.421787074018));
#530 = CARTESIAN_POINT('',(1.383999053039,17.716688494147));
#531 = CARTESIAN_POINT('',(1.325617083762,17.011793128869));
#532 = CARTESIAN_POINT('',(1.266494814644,16.307216434897));
#533 = CARTESIAN_POINT('',(1.206379740226,15.603544521259));
#534 = CARTESIAN_POINT('',(1.083019912275,14.193574679535));
#535 = CARTESIAN_POINT('',(1.019713934891,13.486905973441));
#536 = CARTESIAN_POINT('',(0.954580169589,12.780739524546));
#537 = CARTESIAN_POINT('',(0.887145183583,12.075432251077));
#538 = CARTESIAN_POINT('',(0.816940267817,11.373283359654));
#539 = CARTESIAN_POINT('',(0.743490258726,10.678991434826));
#540 = CARTESIAN_POINT('',(0.666239364229,9.9999994));
#541 = ( GEOMETRIC_REPRESENTATION_CONTEXT(2) 
PARAMETRIC_REPRESENTATION_CONTEXT() REPRESENTATION_CONTEXT('2D SPACE',''
  ) );
#542 = ORIENTED_EDGE('',*,*,#543,.F.);
#543 = EDGE_CURVE('',#544,#465,#546,.T.);
#544 = VERTEX_POINT('',#545);
#545 = CARTESIAN_POINT('',(40.138486222426,10.,11.180339887499));
#546 = SURFACE_CURVE('',#547,(#571,#598),.PCURVE_S1.);
#547 = B_SPLINE_CURVE_WITH_KNOTS('',8,(#548,#549,#550,#551,#552,#553,
    #554,#555,#556,#557,#558,#559,#560,#561,#562,#563,#564,#565,#566,
    #567,#568,#569,#570),.UNSPECIFIED.,.F.,.F.,(9,7,7,9),(0.,
    0.904737699234,0.953631125587,1.),.UNSPECIFIED.);
#548 = CARTESIAN_POINT('',(40.138485800523,10.000000600007,
    11.18033935083));
#549 = CARTESIAN_POINT('',(40.88941023596,8.932064967201,12.135530122212
    ));
#550 = CARTESIAN_POINT('',(41.721720786308,7.818980195231,
    12.921256965691));
#551 = CARTESIAN_POINT('',(42.598050896763,6.686469795898,
    13.555182494082));
#552 = CARTESIAN_POINT('',(43.497703935439,5.548798477596,
    14.055839665764));
#553 = CARTESIAN_POINT('',(44.409672466709,4.411633045989,
    14.438952625628));
#554 = CARTESIAN_POINT('',(45.330428034935,3.274131196953,
    14.716068414363));
#555 = CARTESIAN_POINT('',(46.261133558479,2.130843673991,14.89303934759
    ));
#556 = CARTESIAN_POINT('',(47.255635465753,0.91186454877,14.97238877399)
  );
#557 = CARTESIAN_POINT('',(47.306632769857,0.849363532281,
    14.976157782933));
#558 = CARTESIAN_POINT('',(47.357637746257,0.786859788297,
    14.979627750946));
#559 = CARTESIAN_POINT('',(47.408649669326,0.724353575423,
    14.982798909691));
#560 = CARTESIAN_POINT('',(47.459667815774,0.661845151233,
    14.985671464153));
#561 = CARTESIAN_POINT('',(47.510691464648,0.599334772273,
    14.988245592645));
#562 = CARTESIAN_POINT('',(47.561719897333,0.536822694059,
    14.990521446802));
#563 = CARTESIAN_POINT('',(47.66114989738,0.415023456975,14.994374740011
    ));
#564 = CARTESIAN_POINT('',(47.709550556062,0.35573672314,14.995982160383
    ));
#565 = CARTESIAN_POINT('',(47.757955400136,0.296449017368,
    14.997321554633));
#566 = CARTESIAN_POINT('',(47.806361316691,0.237159543361,
    14.998392972048));
#567 = CARTESIAN_POINT('',(47.854769343108,0.177870321614,
    14.999196489016));
#568 = CARTESIAN_POINT('',(47.903179940749,0.118581476841,
    14.999732166761));
#569 = CARTESIAN_POINT('',(47.95158920949,5.928958336019E-02,
    14.999999998816));
#570 = CARTESIAN_POINT('',(48.,4.998001437465E-07,15.));
#571 = PCURVE('',#129,#572);
#572 = DEFINITIONAL_REPRESENTATION('',(#573),#597);
#573 = B_SPLINE_CURVE_WITH_KNOTS('',8,(#574,#575,#576,#577,#578,#579,
    #580,#581,#582,#583,#584,#585,#586,#587,#588,#589,#590,#591,#592,
    #593,#594,#595,#596),.UNSPECIFIED.,.F.,.F.,(9,7,7,9),(0.,
    0.904737699234,0.953631125587,1.),.UNSPECIFIED.);
#574 = CARTESIAN_POINT('',(2.411864943696,40.138485800523));
#575 = CARTESIAN_POINT('',(2.507384015103,40.88941023596));
#576 = CARTESIAN_POINT('',(2.597614859083,41.721720786308));
#577 = CARTESIAN_POINT('',(2.683392094794,42.598050896763));
#578 = CARTESIAN_POINT('',(2.765541649239,43.497703935439));
#579 = CARTESIAN_POINT('',(2.844926794463,44.409672466709));
#580 = CARTESIAN_POINT('',(2.922502891871,45.330428034935));
#581 = CARTESIAN_POINT('',(2.999327465815,46.261133558479));
#582 = CARTESIAN_POINT('',(3.080764733811,47.255635465753));
#583 = CARTESIAN_POINT('',(3.084938989971,47.306632769857));
#584 = CARTESIAN_POINT('',(3.089112243456,47.357637746257));
#585 = CARTESIAN_POINT('',(3.093284588742,47.408649669326));
#586 = CARTESIAN_POINT('',(3.097456120105,47.459667815774));
#587 = CARTESIAN_POINT('',(3.101626931622,47.510691464648));
#588 = CARTESIAN_POINT('',(3.105797117171,47.561719897333));
#589 = CARTESIAN_POINT('',(3.113921128775,47.66114989738));
#590 = CARTESIAN_POINT('',(3.117874989763,47.709550556062));
#591 = CARTESIAN_POINT('',(3.1218284447,47.757955400136));
#592 = CARTESIAN_POINT('',(3.125781640952,47.806361316691));
#593 = CARTESIAN_POINT('',(3.12973453804,47.854769343108));
#594 = CARTESIAN_POINT('',(3.133687221803,47.903179940749));
#595 = CARTESIAN_POINT('',(3.137640014698,47.95158920949));
#596 = CARTESIAN_POINT('',(3.14159262027,48.));
#597 = ( GEOMETRIC_REPRESENTATION_CONTEXT(2) 
PARAMETRIC_REPRESENTATION_CONTEXT() REPRESENTATION_CONTEXT('2D SPACE',''
  ) );
#598 = PCURVE('',#599,#604);
#599 = CYLINDRICAL_SURFACE('',#600,10.);
#600 = AXIS2_PLACEMENT_3D('',#601,#602,#603);
#601 = CARTESIAN_POINT('',(48.,-20.,5.));
#602 = DIRECTION('',(-0.,1.,0.));
#603 = DIRECTION('',(-1.,-0.,0.));
#604 = DEFINITIONAL_REPRESENTATION('',(#605),#629);
#605 = B_SPLINE_CURVE_WITH_KNOTS('',8,(#606,#607,#608,#609,#610,#611,
    #612,#613,#614,#615,#616,#617,#618,#619,#620,#621,#622,#623,#624,
    #625,#626,#627,#628),.UNSPECIFIED.,.F.,.F.,(9,7,7,9),(0.,
    0.904737699234,0.953631125587,1.),.UNSPECIFIED.);
#606 = CARTESIAN_POINT('',(0.666239364227,30.0000006));
#607 = CARTESIAN_POINT('',(0.78774150073,28.932064967194));
#608 = CARTESIAN_POINT('',(0.900951536483,27.818980195283));
#609 = CARTESIAN_POINT('',(1.007678637783,26.686469795799));
#610 = CARTESIAN_POINT('',(1.109280956279,25.548798477697));
#611 = CARTESIAN_POINT('',(1.207063880106,24.411633045933));
#612 = CARTESIAN_POINT('',(1.302342180909,23.274131196968));
#613 = CARTESIAN_POINT('',(1.396525737545,22.130843673991));
#614 = CARTESIAN_POINT('',(1.496291983091,20.91186454877));
#615 = CARTESIAN_POINT('',(1.501405534829,20.849363532281));
#616 = CARTESIAN_POINT('',(1.506517676775,20.786859788297));
#617 = CARTESIAN_POINT('',(1.511628541857,20.724353575423));
#618 = CARTESIAN_POINT('',(1.516738262695,20.661845151233));
#619 = CARTESIAN_POINT('',(1.521846971605,20.599334772273));
#620 = CARTESIAN_POINT('',(1.526954800593,20.536822694059));
#621 = CARTESIAN_POINT('',(1.53690526429,20.415023456975));
#622 = CARTESIAN_POINT('',(1.541747924385,20.35573672314));
#623 = CARTESIAN_POINT('',(1.546590137955,20.296449017368));
#624 = CARTESIAN_POINT('',(1.551431766948,20.237159543361));
#625 = CARTESIAN_POINT('',(1.556273088216,20.177870321614));
#626 = CARTESIAN_POINT('',(1.561114320875,20.118581476841));
#627 = CARTESIAN_POINT('',(1.565955247743,20.05928958336));
#628 = CARTESIAN_POINT('',(1.570796326795,20.0000004998));
#629 = ( GEOMETRIC_REPRESENTATION_CONTEXT(2) 
PARAMETRIC_REPRESENTATION_CONTEXT() REPRESENTATION_CONTEXT('2D SPACE',''
  ) );
#630 = ORIENTED_EDGE('',*,*,#631,.F.);
#631 = EDGE_CURVE('',#632,#544,#634,.T.);
#632 = VERTEX_POINT('',#633);
#633 = CARTESIAN_POINT('',(38.898202788755,14.142135623731,5.));
#634 = SURFACE_CURVE('',#635,(#658,#684),.PCURVE_S1.);
#635 = B_SPLINE_CURVE_WITH_KNOTS('',6,(#636,#637,#638,#639,#640,#641,
    #642,#643,#644,#645,#646,#647,#648,#649,#650,#651,#652,#653,#654,
    #655,#656,#657),.UNSPECIFIED.,.F.,.F.,(7,5,5,5,7),(0.,0.236211995776
    ,0.562864423276,0.719563831374,1.),.UNSPECIFIED.);
#636 = CARTESIAN_POINT('',(38.898202788755,14.142135623731,5.));
#637 = CARTESIAN_POINT('',(38.851743605118,14.040047689757,
    5.288748281561));
#638 = CARTESIAN_POINT('',(38.814299281421,13.92996900545,5.577586256345
    ));
#639 = CARTESIAN_POINT('',(38.786102333172,13.811954590122,
    5.865601557667));
#640 = CARTESIAN_POINT('',(38.767316447903,13.686175973953,
    6.151884853531));
#641 = CARTESIAN_POINT('',(38.758028254002,13.552934401903,6.43553536713
    ));
#642 = CARTESIAN_POINT('',(38.758530649437,13.218711032807,
    7.103053501626));
#643 = CARTESIAN_POINT('',(38.776987251783,13.011286611804,
    7.483788175471));
#644 = CARTESIAN_POINT('',(38.813621224322,12.791595789685,
    7.855461554281));
#645 = CARTESIAN_POINT('',(38.868101103337,12.561174688488,8.21611688498
    ));
#646 = CARTESIAN_POINT('',(38.939869959333,12.321818330891,8.56418005648
    ));
#647 = CARTESIAN_POINT('',(39.070463923904,11.957356784325,
    9.058768636837));
#648 = CARTESIAN_POINT('',(39.116599434996,11.83759148314,9.21594503661)
  );
#649 = CARTESIAN_POINT('',(39.166448496533,11.716427244567,
    9.369830720263));
#650 = CARTESIAN_POINT('',(39.219918791665,11.594076017707,
    9.520328081767));
#651 = CARTESIAN_POINT('',(39.276912063433,11.470748908,9.667363511949)
  );
#652 = CARTESIAN_POINT('',(39.445446041614,11.124567642489,
    10.067735068008));
#653 = CARTESIAN_POINT('',(39.564522353729,10.900021721208,
    10.313328032961));
#654 = CARTESIAN_POINT('',(39.693971434389,10.67420279558,
    10.547369787785));
#655 = CARTESIAN_POINT('',(39.833182700157,10.448242503869,
    10.769794930076));
#656 = CARTESIAN_POINT('',(39.981547217904,10.223192563392,
    10.980710389972));
#657 = CARTESIAN_POINT('',(40.138486222426,10.,11.180339887499));
#658 = PCURVE('',#129,#659);
#659 = DEFINITIONAL_REPRESENTATION('',(#660),#683);
#660 = B_SPLINE_CURVE_WITH_KNOTS('',6,(#661,#662,#663,#664,#665,#666,
    #667,#668,#669,#670,#671,#672,#673,#674,#675,#676,#677,#678,#679,
    #680,#681,#682),.UNSPECIFIED.,.F.,.F.,(7,5,5,5,7),(0.,0.236211995776
    ,0.562864423276,0.719563831374,1.),.UNSPECIFIED.);
#661 = CARTESIAN_POINT('',(1.910633236249,38.898202788755));
#662 = CARTESIAN_POINT('',(1.931050823044,38.851743605118));
#663 = CARTESIAN_POINT('',(1.951651626249,38.814299281421));
#664 = CARTESIAN_POINT('',(1.972392366666,38.786102333172));
#665 = CARTESIAN_POINT('',(1.993228834914,38.767316447903));
#666 = CARTESIAN_POINT('',(2.014114685763,38.758028254002));
#667 = CARTESIAN_POINT('',(2.063882400435,38.758530649437));
#668 = CARTESIAN_POINT('',(2.092769792472,38.776987251783));
#669 = CARTESIAN_POINT('',(2.121526513361,38.813621224322));
#670 = CARTESIAN_POINT('',(2.150033504228,38.868101103337));
#671 = CARTESIAN_POINT('',(2.178179886547,38.939869959333));
#672 = CARTESIAN_POINT('',(2.219137864077,39.070463923904));
#673 = CARTESIAN_POINT('',(2.232309900068,39.116599434996));
#674 = CARTESIAN_POINT('',(2.245364870837,39.166448496533));
#675 = CARTESIAN_POINT('',(2.258293022316,39.219918791665));
#676 = CARTESIAN_POINT('',(2.271085503878,39.276912063433));
#677 = CARTESIAN_POINT('',(2.306370933763,39.445446041614));
#678 = CARTESIAN_POINT('',(2.328547142999,39.564522353729));
#679 = CARTESIAN_POINT('',(2.350217309181,39.693971434389));
#680 = CARTESIAN_POINT('',(2.371345180305,39.833182700157));
#681 = CARTESIAN_POINT('',(2.39190204761,39.981547217904));
#682 = CARTESIAN_POINT('',(2.411864997363,40.138486222426));
#683 = ( GEOMETRIC_REPRESENTATION_CONTEXT(2) 
PARAMETRIC_REPRESENTATION_CONTEXT() REPRESENTATION_CONTEXT('2D SPACE',''
  ) );
#684 = PCURVE('',#685,#690);
#685 = SPHERICAL_SURFACE('',#686,10.);
#686 = AXIS2_PLACEMENT_3D('',#687,#688,#689);
#687 = CARTESIAN_POINT('',(48.,10.,5.));
#688 = DIRECTION('',(0.,-1.,-0.));
#689 = DIRECTION('',(-1.,-0.,1.7763568394E-16));
#690 = DEFINITIONAL_REPRESENTATION('',(#691),#714);
#691 = B_SPLINE_CURVE_WITH_KNOTS('',6,(#692,#693,#694,#695,#696,#697,
    #698,#699,#700,#701,#702,#703,#704,#705,#706,#707,#708,#709,#710,
    #711,#712,#713),.UNSPECIFIED.,.F.,.F.,(7,5,5,5,7),(0.,0.236211995776
    ,0.562864423276,0.719563831374,1.),.UNSPECIFIED.);
#692 = CARTESIAN_POINT('',(0.,-0.427078586392));
#693 = CARTESIAN_POINT('',(-3.17243149742E-02,-0.415862347269));
#694 = CARTESIAN_POINT('',(-6.306989894419E-02,-0.403836874797));
#695 = CARTESIAN_POINT('',(-9.397139794088E-02,-0.391024281841));
#696 = CARTESIAN_POINT('',(-0.12437715283,-0.377458914003));
#697 = CARTESIAN_POINT('',(-0.154247525576,-0.363186769383));
#698 = CARTESIAN_POINT('',(-0.224079440074,-0.327629815334));
#699 = CARTESIAN_POINT('',(-0.263533869758,-0.305748105513));
#700 = CARTESIAN_POINT('',(-0.301831339881,-0.282773160212));
#701 = CARTESIAN_POINT('',(-0.338964558709,-0.258879782271));
#702 = CARTESIAN_POINT('',(-0.374969822892,-0.234249906126));
#703 = CARTESIAN_POINT('',(-0.426661547409,-0.196992438054));
#704 = CARTESIAN_POINT('',(-0.443174474532,-0.184786447761));
#705 = CARTESIAN_POINT('',(-0.459449567448,-0.17247289416));
#706 = CARTESIAN_POINT('',(-0.475496155086,-0.160071003485));
#707 = CARTESIAN_POINT('',(-0.491324948193,-0.147599345174));
#708 = CARTESIAN_POINT('',(-0.534906139107,-0.112662987969));
#709 = CARTESIAN_POINT('',(-0.562203949114,-9.008391830941E-02));
#710 = CARTESIAN_POINT('',(-0.58890823927,-6.744025549524E-02));
#711 = CARTESIAN_POINT('',(-0.615095501336,-4.48242696925E-02));
#712 = CARTESIAN_POINT('',(-0.640846168145,-2.231925633921E-02));
#713 = CARTESIAN_POINT('',(-0.666239432493,0.));
#714 = ( GEOMETRIC_REPRESENTATION_CONTEXT(2) 
PARAMETRIC_REPRESENTATION_CONTEXT() REPRESENTATION_CONTEXT('2D SPACE',''
  ) );
#715 = ORIENTED_EDGE('',*,*,#716,.F.);
#716 = EDGE_CURVE('',#717,#632,#719,.T.);
#717 = VERTEX_POINT('',#718);
#718 = CARTESIAN_POINT('',(38.898202788755,14.142135623731,-5.));
#719 = SURFACE_CURVE('',#720,(#735,#753),.PCURVE_S1.);
#720 = B_SPLINE_CURVE_WITH_KNOTS('',7,(#721,#722,#723,#724,#725,#726,
    #727,#728,#729,#730,#731,#732,#733,#734),.UNSPECIFIED.,.F.,.F.,(8,6,
    8),(0.,0.499999975216,1.),.UNSPECIFIED.);
#721 = CARTESIAN_POINT('',(38.898202692216,14.142135411599,
    -5.000000600001));
#722 = CARTESIAN_POINT('',(39.009830582633,14.387423006404,
    -4.306222607149));
#723 = CARTESIAN_POINT('',(39.112139329961,14.591777229069,
    -3.601872994773));
#724 = CARTESIAN_POINT('',(39.199945362201,14.755042335772,
    -2.889666106663));
#725 = CARTESIAN_POINT('',(39.268957885562,14.877390544471,
    -2.171823406512));
#726 = CARTESIAN_POINT('',(39.316097784682,14.959040344016,
    -1.450051943236));
#727 = CARTESIAN_POINT('',(39.339745962156,15.,-0.725688367872));
#728 = CARTESIAN_POINT('',(39.339745962156,15.,0.725688439812));
#729 = CARTESIAN_POINT('',(39.316097779983,14.959040335893,1.45005201643
    ));
#730 = CARTESIAN_POINT('',(39.26895787983,14.877390534496,2.171823437794
    ));
#731 = CARTESIAN_POINT('',(39.199945362366,14.755042334992,
    2.889666080257));
#732 = CARTESIAN_POINT('',(39.112139339117,14.591777244838,
    3.601872923432));
#733 = CARTESIAN_POINT('',(39.00983059446,14.387423032392,4.306222533641
    ));
#734 = CARTESIAN_POINT('',(38.898202692216,14.142135411597,
    5.000000600002));
#735 = PCURVE('',#129,#736);
#736 = DEFINITIONAL_REPRESENTATION('',(#737),#752);
#737 = B_SPLINE_CURVE_WITH_KNOTS('',7,(#738,#739,#740,#741,#742,#743,
    #744,#745,#746,#747,#748,#749,#750,#751),.UNSPECIFIED.,.F.,.F.,(8,6,
    8),(0.,0.499999975216,1.),.UNSPECIFIED.);
#738 = CARTESIAN_POINT('',(1.230959374914,38.898202692216));
#739 = CARTESIAN_POINT('',(1.280016887989,39.009830582633));
#740 = CARTESIAN_POINT('',(1.328829240486,39.112139329961));
#741 = CARTESIAN_POINT('',(1.377415186326,39.199945362201));
#742 = CARTESIAN_POINT('',(1.425823142745,39.268957885562));
#743 = CARTESIAN_POINT('',(1.474126198964,39.316097784682));
#744 = CARTESIAN_POINT('',(1.52241710227,39.339745962156));
#745 = CARTESIAN_POINT('',(1.619175556116,39.339745962156));
#746 = CARTESIAN_POINT('',(1.667466459505,39.316097779983));
#747 = CARTESIAN_POINT('',(1.715769512986,39.26895787983));
#748 = CARTESIAN_POINT('',(1.764177465561,39.199945362366));
#749 = CARTESIAN_POINT('',(1.812763408269,39.112139339117));
#750 = CARTESIAN_POINT('',(1.861575760404,39.00983059446));
#751 = CARTESIAN_POINT('',(1.910633278676,38.898202692216));
#752 = ( GEOMETRIC_REPRESENTATION_CONTEXT(2) 
PARAMETRIC_REPRESENTATION_CONTEXT() REPRESENTATION_CONTEXT('2D SPACE',''
  ) );
#753 = PCURVE('',#754,#759);
#754 = CYLINDRICAL_SURFACE('',#755,10.);
#755 = AXIS2_PLACEMENT_3D('',#756,#757,#758);
#756 = CARTESIAN_POINT('',(48.,10.,-15.));
#757 = DIRECTION('',(0.,0.,1.));
#758 = DIRECTION('',(-1.,-0.,0.));
#759 = DEFINITIONAL_REPRESENTATION('',(#760),#775);
#760 = B_SPLINE_CURVE_WITH_KNOTS('',7,(#761,#762,#763,#764,#765,#766,
    #767,#768,#769,#770,#771,#772,#773,#774),.UNSPECIFIED.,.F.,.F.,(8,6,
    8),(0.,0.499999975216,1.),.UNSPECIFIED.);
#761 = CARTESIAN_POINT('',(-0.427078563086,9.9999994));
#762 = CARTESIAN_POINT('',(-0.454027921164,10.693777392852));
#763 = CARTESIAN_POINT('',(-0.47686558976,11.398127005224));
#764 = CARTESIAN_POINT('',(-0.495394688007,12.110333893341));
#765 = CARTESIAN_POINT('',(-0.509441116854,12.828176593485));
#766 = CARTESIAN_POINT('',(-0.518869149106,13.549948056765));
#767 = CARTESIAN_POINT('',(-0.523598775598,14.274311632128));
#768 = CARTESIAN_POINT('',(-0.523598775598,15.725688439812));
#769 = CARTESIAN_POINT('',(-0.518869148168,16.450052016425));
#770 = CARTESIAN_POINT('',(-0.509441115703,17.17182343781));
#771 = CARTESIAN_POINT('',(-0.49539468795,17.889666080236));
#772 = CARTESIAN_POINT('',(-0.476865591576,18.601872923446));
#773 = CARTESIAN_POINT('',(-0.45402792402,19.306222533639));
#774 = CARTESIAN_POINT('',(-0.427078563086,20.0000006));
#775 = ( GEOMETRIC_REPRESENTATION_CONTEXT(2) 
PARAMETRIC_REPRESENTATION_CONTEXT() REPRESENTATION_CONTEXT('2D SPACE',''
  ) );
#776 = ORIENTED_EDGE('',*,*,#777,.F.);
#777 = EDGE_CURVE('',#778,#717,#780,.T.);
#778 = VERTEX_POINT('',#779);
#779 = CARTESIAN_POINT('',(40.138486222426,10.,-11.18033988749));
#780 = SURFACE_CURVE('',#781,(#804,#830),.PCURVE_S1.);
#781 = B_SPLINE_CURVE_WITH_KNOTS('',6,(#782,#783,#784,#785,#786,#787,
    #788,#789,#790,#791,#792,#793,#794,#795,#796,#797,#798,#799,#800,
    #801,#802,#803),.UNSPECIFIED.,.F.,.F.,(7,5,5,5,7),(0.,0.282376801229
    ,0.438064952905,0.763465978908,1.),.UNSPECIFIED.);
#782 = CARTESIAN_POINT('',(40.138486222426,10.,-11.18033988749));
#783 = CARTESIAN_POINT('',(39.980631539917,10.224494805099,
    -10.97954562958));
#784 = CARTESIAN_POINT('',(39.831424394983,10.450907551138,
    -10.76729857863));
#785 = CARTESIAN_POINT('',(39.691462330612,10.678271531554,
    -10.54336752846));
#786 = CARTESIAN_POINT('',(39.561373222429,10.905511692539,
    -10.30764104156));
#787 = CARTESIAN_POINT('',(39.441785968792,11.131470382072,
    -10.06018508133));
#788 = CARTESIAN_POINT('',(39.273488207449,11.478139032314,
    -9.658564982747));
#789 = CARTESIAN_POINT('',(39.217050217911,11.600586211864,
    -9.512355453703));
#790 = CARTESIAN_POINT('',(39.164088108983,11.722070331276,
    -9.362724118885));
#791 = CARTESIAN_POINT('',(39.114698952926,11.842383947029,
    -9.209743308388));
#792 = CARTESIAN_POINT('',(39.068973977812,11.961318807141,
    -9.053508756154));
#793 = CARTESIAN_POINT('',(38.939260270814,12.323938008678,
    -8.56105466122));
#794 = CARTESIAN_POINT('',(38.867879382137,12.562324799023,
    -8.214228630219));
#795 = CARTESIAN_POINT('',(38.813652202684,12.791862602904,
    -7.854872917769));
#796 = CARTESIAN_POINT('',(38.777136340327,13.010772632622,
    -7.484540599039));
#797 = CARTESIAN_POINT('',(38.758667404945,13.217529763513,
    -7.105163268145));
#798 = CARTESIAN_POINT('',(38.757933275945,13.551536882867,
    -6.438505957906));
#799 = CARTESIAN_POINT('',(38.767158544379,13.68509986783,
    -6.154328953843));
#800 = CARTESIAN_POINT('',(38.785920187723,13.811183445961,
    -5.867479705058));
#801 = CARTESIAN_POINT('',(38.814134343678,13.929481447804,-5.5788639586
    ));
#802 = CARTESIAN_POINT('',(38.851639165111,14.039818196604,
    -5.289397386221));
#803 = CARTESIAN_POINT('',(38.898202788755,14.142135623731,-5.));
#804 = PCURVE('',#129,#805);
#805 = DEFINITIONAL_REPRESENTATION('',(#806),#829);
#806 = B_SPLINE_CURVE_WITH_KNOTS('',6,(#807,#808,#809,#810,#811,#812,
    #813,#814,#815,#816,#817,#818,#819,#820,#821,#822,#823,#824,#825,
    #826,#827,#828),.UNSPECIFIED.,.F.,.F.,(7,5,5,5,7),(0.,0.282376801229
    ,0.438064952905,0.763465978908,1.),.UNSPECIFIED.);
#807 = CARTESIAN_POINT('',(0.729727656227,40.138486222426));
#808 = CARTESIAN_POINT('',(0.749807082019,39.980631539917));
#809 = CARTESIAN_POINT('',(0.770490850644,39.831424394983));
#810 = CARTESIAN_POINT('',(0.791755649952,39.691462330612));
#811 = CARTESIAN_POINT('',(0.813572199197,39.561373222429));
#812 = CARTESIAN_POINT('',(0.835903440971,39.441785968792));
#813 = CARTESIAN_POINT('',(0.871273098818,39.273488207449));
#814 = CARTESIAN_POINT('',(0.883985726712,39.217050217911));
#815 = CARTESIAN_POINT('',(0.896832659935,39.164088108983));
#816 = CARTESIAN_POINT('',(0.9098052012,39.114698952926));
#817 = CARTESIAN_POINT('',(0.922893773244,39.068973977812));
#818 = CARTESIAN_POINT('',(0.96366433566,38.939260270814));
#819 = CARTESIAN_POINT('',(0.991706302375,38.867879382137));
#820 = CARTESIAN_POINT('',(1.020108855666,38.813652202684));
#821 = CARTESIAN_POINT('',(1.048762408827,38.777136340327));
#822 = CARTESIAN_POINT('',(1.077549227214,38.758667404945));
#823 = CARTESIAN_POINT('',(1.127259173685,38.757933275945));
#824 = CARTESIAN_POINT('',(1.148185868441,38.767158544379));
#825 = CARTESIAN_POINT('',(1.169064997712,38.785920187723));
#826 = CARTESIAN_POINT('',(1.189849884208,38.814134343678));
#827 = CARTESIAN_POINT('',(1.210495931915,38.851639165111));
#828 = CARTESIAN_POINT('',(1.230959417341,38.898202788755));
#829 = ( GEOMETRIC_REPRESENTATION_CONTEXT(2) 
PARAMETRIC_REPRESENTATION_CONTEXT() REPRESENTATION_CONTEXT('2D SPACE',''
  ) );
#830 = PCURVE('',#831,#836);
#831 = SPHERICAL_SURFACE('',#832,10.);
#832 = AXIS2_PLACEMENT_3D('',#833,#834,#835);
#833 = CARTESIAN_POINT('',(48.,10.,-5.));
#834 = DIRECTION('',(0.,0.,1.));
#835 = DIRECTION('',(-1.,1.7763568394E-16,0.));
#836 = DEFINITIONAL_REPRESENTATION('',(#837),#860);
#837 = B_SPLINE_CURVE_WITH_KNOTS('',6,(#838,#839,#840,#841,#842,#843,
    #844,#845,#846,#847,#848,#849,#850,#851,#852,#853,#854,#855,#856,
    #857,#858,#859),.UNSPECIFIED.,.F.,.F.,(7,5,5,5,7),(0.,0.282376801229
    ,0.438064952905,0.763465978908,1.),.UNSPECIFIED.);
#838 = CARTESIAN_POINT('',(0.,-0.666239432493));
#839 = CARTESIAN_POINT('',(-2.855618032996E-02,-0.640698008334));
#840 = CARTESIAN_POINT('',(-5.598024825116E-02,-0.614315198272));
#841 = CARTESIAN_POINT('',(-8.230875348249E-02,-0.587107603913));
#842 = CARTESIAN_POINT('',(-0.107577939946,-0.559097579901));
#843 = CARTESIAN_POINT('',(-0.131823862137,-0.530315659321));
#844 = CARTESIAN_POINT('',(-0.167906127798,-0.484531193972));
#845 = CARTESIAN_POINT('',(-0.18042961785,-0.468037294491));
#846 = CARTESIAN_POINT('',(-0.19265887681,-0.451328366775));
#847 = CARTESIAN_POINT('',(-0.204599980964,-0.434412297217));
#848 = CARTESIAN_POINT('',(-0.216259118537,-0.417297989656));
#849 = CARTESIAN_POINT('',(-0.251434796558,-0.363832130347));
#850 = CARTESIAN_POINT('',(-0.274026727774,-0.326840653621));
#851 = CARTESIAN_POINT('',(-0.295467418146,-0.289124146072));
#852 = CARTESIAN_POINT('',(-0.315822987842,-0.25079063684));
#853 = CARTESIAN_POINT('',(-0.335165793575,-0.21195797929));
#854 = CARTESIAN_POINT('',(-0.366948170025,-0.144284749669));
#855 = CARTESIAN_POINT('',(-0.379832250412,-0.115607506147));
#856 = CARTESIAN_POINT('',(-0.392251756795,-8.679159553849E-02));
#857 = CARTESIAN_POINT('',(-0.404240968338,-5.788639749673E-02));
#858 = CARTESIAN_POINT('',(-0.415837133221,-2.89397386221E-02));
#859 = CARTESIAN_POINT('',(-0.427078586392,0.));
#860 = ( GEOMETRIC_REPRESENTATION_CONTEXT(2) 
PARAMETRIC_REPRESENTATION_CONTEXT() REPRESENTATION_CONTEXT('2D SPACE',''
  ) );
#861 = ORIENTED_EDGE('',*,*,#862,.F.);
#862 = EDGE_CURVE('',#150,#778,#863,.T.);
#863 = SURFACE_CURVE('',#864,(#987,#1113),.PCURVE_S1.);
#864 = B_SPLINE_CURVE_WITH_KNOTS('',7,(#865,#866,#867,#868,#869,#870,
    #871,#872,#873,#874,#875,#876,#877,#878,#879,#880,#881,#882,#883,
    #884,#885,#886,#887,#888,#889,#890,#891,#892,#893,#894,#895,#896,
    #897,#898,#899,#900,#901,#902,#903,#904,#905,#906,#907,#908,#909,
    #910,#911,#912,#913,#914,#915,#916,#917,#918,#919,#920,#921,#922,
    #923,#924,#925,#926,#927,#928,#929,#930,#931,#932,#933,#934,#935,
    #936,#937,#938,#939,#940,#941,#942,#943,#944,#945,#946,#947,#948,
    #949,#950,#951,#952,#953,#954,#955,#956,#957,#958,#959,#960,#961,
    #962,#963,#964,#965,#966,#967,#968,#969,#970,#971,#972,#973,#974,
    #975,#976,#977,#978,#979,#980,#981,#982,#983,#984,#985,#986),
  .UNSPECIFIED.,.F.,.F.,(8,6,6,6,6,6,6,6,6,6,6,6,6,6,6,6,6,6,6,6,8),(0.,
    3.707804689755E-04,7.41560915652E-04,1.112341323134E-03,
    1.48312167087E-03,1.853901939049E-03,2.211896586661E-03,
    2.569891123604E-03,2.927885531984E-03,3.285879793849E-03,
    3.618302890205E-03,3.98908231287E-03,4.35986152148E-03,
    4.730640496138E-03,5.101419216867E-03,5.472197663813E-03,
    5.84297581707E-03,6.213753656762E-03,6.520604031362E-03,
    0.492432637316,1.),.UNSPECIFIED.);
#865 = CARTESIAN_POINT('',(48.,0.,-15.));
#866 = CARTESIAN_POINT('',(47.999559553238,5.394343135346E-04,-15.));
#867 = CARTESIAN_POINT('',(47.999119106841,1.078868926171E-03,
    -14.99999997736));
#868 = CARTESIAN_POINT('',(47.998678660545,1.618303620546E-03,
    -14.9999999321));
#869 = CARTESIAN_POINT('',(47.998238214188,2.157738264588E-03,
    -14.9999998642));
#870 = CARTESIAN_POINT('',(47.997797767715,2.697172811515E-03,
    -14.99999977367));
#871 = CARTESIAN_POINT('',(47.997357321174,3.236607299835E-03,
    -14.99999966051));
#872 = CARTESIAN_POINT('',(47.996476428283,4.315476374404E-03,
    -14.99999938892));
#873 = CARTESIAN_POINT('',(47.996035981851,4.854910892057E-03,
    -14.99999923049));
#874 = CARTESIAN_POINT('',(47.995595535421,5.394345408503E-03,
    -14.99999904943));
#875 = CARTESIAN_POINT('',(47.995155088996,5.933779924834E-03,
    -14.99999884574));
#876 = CARTESIAN_POINT('',(47.994714642576,6.473214441031E-03,
    -14.99999861941));
#877 = CARTESIAN_POINT('',(47.994274196162,7.012648955966E-03,
    -14.99999837045));
#878 = CARTESIAN_POINT('',(47.993393303384,8.091517921814E-03,
    -14.99999782727));
#879 = CARTESIAN_POINT('',(47.992952857023,8.630952374255E-03,
    -14.99999753305));
#880 = CARTESIAN_POINT('',(47.992512410668,9.170386824575E-03,
    -14.99999721619));
#881 = CARTESIAN_POINT('',(47.992071964318,9.709821272658E-03,
    -14.99999687671));
#882 = CARTESIAN_POINT('',(47.991631517974,1.024925571843E-02,
    -14.99999651459));
#883 = CARTESIAN_POINT('',(47.991191071638,1.078869016183E-02,
    -14.99999612983));
#884 = CARTESIAN_POINT('',(47.990310179051,1.1867558957E-02,
    -14.99999531506));
#885 = CARTESIAN_POINT('',(47.989869732801,1.240699330903E-02,
    -14.99999488504));
#886 = CARTESIAN_POINT('',(47.989429286558,1.294642765818E-02,
    -14.99999443239));
#887 = CARTESIAN_POINT('',(47.988988840324,1.348586200394E-02,
    -14.99999395711));
#888 = CARTESIAN_POINT('',(47.988548394098,1.402529634611E-02,
    -14.9999934592));
#889 = CARTESIAN_POINT('',(47.988107947881,1.456473068482E-02,
    -14.99999293865));
#890 = CARTESIAN_POINT('',(47.987227055562,1.564359924038E-02,
    -14.99999185229));
#891 = CARTESIAN_POINT('',(47.98678660946,1.618303345655E-02,
    -14.99999128647));
#892 = CARTESIAN_POINT('',(47.986346163368,1.672246766917E-02,
    -14.99999069803));
#893 = CARTESIAN_POINT('',(47.985905717287,1.726190187823E-02,
    -14.99999008695));
#894 = CARTESIAN_POINT('',(47.985465271217,1.780133608352E-02,
    -14.99998945324));
#895 = CARTESIAN_POINT('',(47.98502482516,1.834077028461E-02,
    -14.9999887969));
#896 = CARTESIAN_POINT('',(47.984159120974,1.940103736113E-02,
    -14.99998746236));
#897 = CARTESIAN_POINT('',(47.983733862846,1.992187023695E-02,
    -14.9999867857));
#898 = CARTESIAN_POINT('',(47.983308604729,2.044270310859E-02,
    -14.99998608794));
#899 = CARTESIAN_POINT('',(47.982883346626,2.096353597609E-02,
    -14.99998536908));
#900 = CARTESIAN_POINT('',(47.982458088535,2.148436883931E-02,
    -14.99998462912));
#901 = CARTESIAN_POINT('',(47.982032830457,2.200520169792E-02,
    -14.99998386807));
#902 = CARTESIAN_POINT('',(47.981182314461,2.304686724386E-02,
    -14.99998230376));
#903 = CARTESIAN_POINT('',(47.980757056541,2.356769993126E-02,
    -14.99998150051));
#904 = CARTESIAN_POINT('',(47.980331798636,2.408853261369E-02,
    -14.99998067615));
#905 = CARTESIAN_POINT('',(47.979906540746,2.46093652911E-02,
    -14.9999798307));
#906 = CARTESIAN_POINT('',(47.979481282871,2.513019796334E-02,
    -14.99997896416));
#907 = CARTESIAN_POINT('',(47.979056025011,2.565103063015E-02,
    -14.99997807651));
#908 = CARTESIAN_POINT('',(47.978205509475,2.66926957651E-02,
    -14.99997625902));
#909 = CARTESIAN_POINT('',(47.9777802518,2.721352823343E-02,
    -14.99997532917));
#910 = CARTESIAN_POINT('',(47.977354994141,2.773436069594E-02,
    -14.99997437823));
#911 = CARTESIAN_POINT('',(47.976929736498,2.825519315246E-02,
    -14.99997340619));
#912 = CARTESIAN_POINT('',(47.976504478873,2.877602560285E-02,
    -14.99997241305));
#913 = CARTESIAN_POINT('',(47.976079221265,2.929685804698E-02,
    -14.99997139881));
#914 = CARTESIAN_POINT('',(47.97522870626,3.033852270939E-02,
    -14.99996932814));
#915 = CARTESIAN_POINT('',(47.974803448863,3.085935492772E-02,
    -14.99996827171));
#916 = CARTESIAN_POINT('',(47.974378191484,3.138018713945E-02,
    -14.99996719417));
#917 = CARTESIAN_POINT('',(47.973952934124,3.190101934436E-02,
    -14.99996609554));
#918 = CARTESIAN_POINT('',(47.973527676784,3.242185154229E-02,
    -14.99996497581));
#919 = CARTESIAN_POINT('',(47.973102419463,3.294268373314E-02,
    -14.99996383498));
#920 = CARTESIAN_POINT('',(47.972282280558,3.39471455882E-02,
    -14.99996159412));
#921 = CARTESIAN_POINT('',(47.971887398971,3.44307752534E-02,
    -14.999960497));
#922 = CARTESIAN_POINT('',(47.971492517402,3.491440491223E-02,
    -14.99995938168));
#923 = CARTESIAN_POINT('',(47.971097635851,3.539803456452E-02,
    -14.99995824817));
#924 = CARTESIAN_POINT('',(47.970702754319,3.588166421014E-02,
    -14.99995709647));
#925 = CARTESIAN_POINT('',(47.970307872805,3.636529384902E-02,
    -14.99995592657));
#926 = CARTESIAN_POINT('',(47.969472546787,3.738835626353E-02,
    -14.99995341332));
#927 = CARTESIAN_POINT('',(47.969032102287,3.792778903733E-02,
    -14.99995206551));
#928 = CARTESIAN_POINT('',(47.968591657811,3.846722180247E-02,
    -14.99995069508));
#929 = CARTESIAN_POINT('',(47.968151213361,3.900665455882E-02,
    -14.99994930201));
#930 = CARTESIAN_POINT('',(47.967710768936,3.954608730618E-02,
    -14.9999478863));
#931 = CARTESIAN_POINT('',(47.967270324536,4.008552004432E-02,
    -14.99994644797));
#932 = CARTESIAN_POINT('',(47.966389436045,4.116438519021E-02,
    -14.99994352604));
#933 = CARTESIAN_POINT('',(47.965948991953,4.170381759795E-02,
    -14.99994204244));
#934 = CARTESIAN_POINT('',(47.965508547888,4.224324999614E-02,
    -14.9999405362));
#935 = CARTESIAN_POINT('',(47.96506810385,4.278268238468E-02,
    -14.99993900734));
#936 = CARTESIAN_POINT('',(47.96462765984,4.33221147634E-02,
    -14.99993745584));
#937 = CARTESIAN_POINT('',(47.964187215859,4.386154713205E-02,
    -14.99993588171));
#938 = CARTESIAN_POINT('',(47.963306328232,4.494041150826E-02,
    -14.99993268819));
#939 = CARTESIAN_POINT('',(47.962865884586,4.547984351594E-02,
    -14.9999310688));
#940 = CARTESIAN_POINT('',(47.96242544097,4.601927551315E-02,
    -14.99992942677));
#941 = CARTESIAN_POINT('',(47.961984997383,4.65587074997E-02,
    -14.99992776211));
#942 = CARTESIAN_POINT('',(47.961544553827,4.709813947543E-02,
    -14.99992607482));
#943 = CARTESIAN_POINT('',(47.961104110301,4.763757144021E-02,
    -14.9999243649));
#944 = CARTESIAN_POINT('',(47.960223223615,4.871643497829E-02,
    -14.99992089979));
#945 = CARTESIAN_POINT('',(47.959782780454,4.925586655162E-02,
    -14.9999191446));
#946 = CARTESIAN_POINT('',(47.959342337325,4.979529811362E-02,
    -14.99991736678));
#947 = CARTESIAN_POINT('',(47.958901894229,5.033472966407E-02,
    -14.99991556632));
#948 = CARTESIAN_POINT('',(47.958461451165,5.087416120278E-02,
    -14.99991374324));
#949 = CARTESIAN_POINT('',(47.958021008134,5.141359272963E-02,
    -14.99991189752));
#950 = CARTESIAN_POINT('',(47.957140122465,5.249245536119E-02,
    -14.99990816082));
#951 = CARTESIAN_POINT('',(47.956699679827,5.30318864658E-02,
    -14.99990626984));
#952 = CARTESIAN_POINT('',(47.956259237224,5.357131755824E-02,
    -14.99990435622));
#953 = CARTESIAN_POINT('',(47.955818794655,5.411074863835E-02,
    -14.99990241997));
#954 = CARTESIAN_POINT('',(47.955378352122,5.465017970595E-02,
    -14.99990046109));
#955 = CARTESIAN_POINT('',(47.954937909624,5.518961076085E-02,
    -14.99989847958));
#956 = CARTESIAN_POINT('',(47.95405702505,5.626847241757E-02,
    -14.99989447129));
#957 = CARTESIAN_POINT('',(47.953616582973,5.680790301936E-02,
    -14.99989244451));
#958 = CARTESIAN_POINT('',(47.953176140934,5.734733360812E-02,
    -14.99989039511));
#959 = CARTESIAN_POINT('',(47.952735698931,5.788676418371E-02,
    -14.99988832306));
#960 = CARTESIAN_POINT('',(47.952295256967,5.842619474596E-02,
    -14.99988622839));
#961 = CARTESIAN_POINT('',(47.95185481504,5.896562529465E-02,
    -14.99988411108));
#962 = CARTESIAN_POINT('',(47.950973931638,6.004448590819E-02,
    -14.9998798312));
#963 = CARTESIAN_POINT('',(47.950533490161,6.058391597308E-02,
    -14.99987766863));
#964 = CARTESIAN_POINT('',(47.950093048724,6.112334602404E-02,
    -14.99987548343));
#965 = CARTESIAN_POINT('',(47.949652607326,6.16627760609E-02,
    -14.99987327559));
#966 = CARTESIAN_POINT('',(47.949212165968,6.220220608352E-02,
    -14.99987104513));
#967 = CARTESIAN_POINT('',(47.948771724652,6.274163609171E-02,
    -14.99986879202));
#968 = CARTESIAN_POINT('',(47.94796678055,6.372749054189E-02,
    -14.99986463293));
#969 = CARTESIAN_POINT('',(47.947602277752,6.417391498854E-02,
    -14.99986273406));
#970 = CARTESIAN_POINT('',(47.947237774983,6.462033942507E-02,
    -14.99986081969));
#971 = CARTESIAN_POINT('',(47.946873272242,6.506676385134E-02,
    -14.99985888983));
#972 = CARTESIAN_POINT('',(47.946508769531,6.551318826726E-02,
    -14.99985694446));
#973 = CARTESIAN_POINT('',(47.946144266849,6.595961267276E-02,
    -14.99985498359));
#974 = CARTESIAN_POINT('',(47.368572630813,0.773340111327,
    -14.99672333052));
#975 = CARTESIAN_POINT('',(46.791757337519,1.47985914713,-14.9547243081)
  );
#976 = CARTESIAN_POINT('',(46.216174910999,2.185892994699,
    -14.87390508247));
#977 = CARTESIAN_POINT('',(45.642719814017,2.891310632294,
    -14.75370147716));
#978 = CARTESIAN_POINT('',(45.072543668894,3.595745829741,
    -14.59297752619));
#979 = CARTESIAN_POINT('',(44.507271334829,4.298432319104,
    -14.39006850196));
#980 = CARTESIAN_POINT('',(43.366317444206,5.728843969455,
    -13.88456365827));
#981 = CARTESIAN_POINT('',(42.793209762319,6.453888446101,
    -13.57877670659));
#982 = CARTESIAN_POINT('',(42.229599035964,7.175313560795,
    -13.22231228032));
#983 = CARTESIAN_POINT('',(41.676920314828,7.893587769676,
    -12.81042078229));
#984 = CARTESIAN_POINT('',(41.138952246054,8.607115179552,-12.3371813173
    ));
#985 = CARTESIAN_POINT('',(40.622487777611,9.311671743889,
    -11.79599946258));
#986 = CARTESIAN_POINT('',(40.138485800532,10.0000006,-11.18033935084));
#987 = PCURVE('',#129,#988);
#988 = DEFINITIONAL_REPRESENTATION('',(#989),#1112);
#989 = B_SPLINE_CURVE_WITH_KNOTS('',7,(#990,#991,#992,#993,#994,#995,
    #996,#997,#998,#999,#1000,#1001,#1002,#1003,#1004,#1005,#1006,#1007,
    #1008,#1009,#1010,#1011,#1012,#1013,#1014,#1015,#1016,#1017,#1018,
    #1019,#1020,#1021,#1022,#1023,#1024,#1025,#1026,#1027,#1028,#1029,
    #1030,#1031,#1032,#1033,#1034,#1035,#1036,#1037,#1038,#1039,#1040,
    #1041,#1042,#1043,#1044,#1045,#1046,#1047,#1048,#1049,#1050,#1051,
    #1052,#1053,#1054,#1055,#1056,#1057,#1058,#1059,#1060,#1061,#1062,
    #1063,#1064,#1065,#1066,#1067,#1068,#1069,#1070,#1071,#1072,#1073,
    #1074,#1075,#1076,#1077,#1078,#1079,#1080,#1081,#1082,#1083,#1084,
    #1085,#1086,#1087,#1088,#1089,#1090,#1091,#1092,#1093,#1094,#1095,
    #1096,#1097,#1098,#1099,#1100,#1101,#1102,#1103,#1104,#1105,#1106,
    #1107,#1108,#1109,#1110,#1111),.UNSPECIFIED.,.F.,.F.,(8,6,6,6,6,6,6,
    6,6,6,6,6,6,6,6,6,6,6,6,6,8),(0.,3.707804689755E-04,
    7.41560915652E-04,1.112341323134E-03,1.48312167087E-03,
    1.853901939049E-03,2.211896586661E-03,2.569891123604E-03,
    2.927885531984E-03,3.285879793849E-03,3.618302890205E-03,
    3.98908231287E-03,4.35986152148E-03,4.730640496138E-03,
    5.101419216867E-03,5.472197663813E-03,5.84297581707E-03,
    6.213753656762E-03,6.520604031362E-03,0.492432637316,1.),
  .UNSPECIFIED.);
#990 = CARTESIAN_POINT('',(0.,48.));
#991 = CARTESIAN_POINT('',(3.596228756905E-05,47.999559553238));
#992 = CARTESIAN_POINT('',(7.192459507807E-05,47.999119106841));
#993 = CARTESIAN_POINT('',(1.078869081123E-04,47.998678660545));
#994 = CARTESIAN_POINT('',(1.43849217943E-04,47.998238214188));
#995 = CARTESIAN_POINT('',(1.798115215273E-04,47.997797767715));
#996 = CARTESIAN_POINT('',(2.157738215084E-04,47.997357321174));
#997 = CARTESIAN_POINT('',(2.876984287586E-04,47.996476428283));
#998 = CARTESIAN_POINT('',(3.236607314547E-04,47.996035981851));
#999 = CARTESIAN_POINT('',(3.596230345263E-04,47.995595535421));
#1000 = CARTESIAN_POINT('',(3.955853381218E-04,47.995155088996));
#1001 = CARTESIAN_POINT('',(4.315476423162E-04,47.994714642576));
#1002 = CARTESIAN_POINT('',(4.675099471102E-04,47.994274196162));
#1003 = CARTESIAN_POINT('',(5.394345539492E-04,47.993393303384));
#1004 = CARTESIAN_POINT('',(5.753968560962E-04,47.992952857023));
#1005 = CARTESIAN_POINT('',(6.113591589374E-04,47.992512410668));
#1006 = CARTESIAN_POINT('',(6.473214625412E-04,47.992071964318));
#1007 = CARTESIAN_POINT('',(6.832837669781E-04,47.991631517974));
#1008 = CARTESIAN_POINT('',(7.192460723211E-04,47.991191071638));
#1009 = CARTESIAN_POINT('',(7.911706791762E-04,47.990310179051));
#1010 = CARTESIAN_POINT('',(8.271329807068E-04,47.989869732801));
#1011 = CARTESIAN_POINT('',(8.6309528326E-04,47.989429286558));
#1012 = CARTESIAN_POINT('',(8.990575868788E-04,47.988988840324));
#1013 = CARTESIAN_POINT('',(9.350198916263E-04,47.988548394098));
#1014 = CARTESIAN_POINT('',(9.709821975858E-04,47.988107947881));
#1015 = CARTESIAN_POINT('',(1.04290680442E-03,47.987227055562));
#1016 = CARTESIAN_POINT('',(1.07886910525E-03,47.98678660946));
#1017 = CARTESIAN_POINT('',(1.114831407437E-03,47.986346163368));
#1018 = CARTESIAN_POINT('',(1.150793711059E-03,47.985905717287));
#1019 = CARTESIAN_POINT('',(1.186756016176E-03,47.985465271217));
#1020 = CARTESIAN_POINT('',(1.222718322837E-03,47.98502482516));
#1021 = CARTESIAN_POINT('',(1.293402850597E-03,47.984159120974));
#1022 = CARTESIAN_POINT('',(1.328125071593E-03,47.983733862846));
#1023 = CARTESIAN_POINT('',(1.36284729415E-03,47.983308604729));
#1024 = CARTESIAN_POINT('',(1.397569518338E-03,47.982883346626));
#1025 = CARTESIAN_POINT('',(1.432291744216E-03,47.982458088535));
#1026 = CARTESIAN_POINT('',(1.467013971831E-03,47.982032830457));
#1027 = CARTESIAN_POINT('',(1.536458419866E-03,47.981182314461));
#1028 = CARTESIAN_POINT('',(1.571180640291E-03,47.980757056541));
#1029 = CARTESIAN_POINT('',(1.605902862565E-03,47.980331798636));
#1030 = CARTESIAN_POINT('',(1.640625086754E-03,47.979906540746));
#1031 = CARTESIAN_POINT('',(1.675347312916E-03,47.979481282871));
#1032 = CARTESIAN_POINT('',(1.710069541102E-03,47.979056025011));
#1033 = CARTESIAN_POINT('',(1.779513989137E-03,47.978205509475));
#1034 = CARTESIAN_POINT('',(1.814236208999E-03,47.9777802518));
#1035 = CARTESIAN_POINT('',(1.848958430995E-03,47.977354994141));
#1036 = CARTESIAN_POINT('',(1.883680655183E-03,47.976929736498));
#1037 = CARTESIAN_POINT('',(1.918402881621E-03,47.976504478873));
#1038 = CARTESIAN_POINT('',(1.953125110371E-03,47.976079221265));
#1039 = CARTESIAN_POINT('',(2.022569558404E-03,47.97522870626));
#1040 = CARTESIAN_POINT('',(2.057291777692E-03,47.974803448863));
#1041 = CARTESIAN_POINT('',(2.092013999404E-03,47.974378191484));
#1042 = CARTESIAN_POINT('',(2.126736223595E-03,47.973952934124));
#1043 = CARTESIAN_POINT('',(2.161458450321E-03,47.973527676784));
#1044 = CARTESIAN_POINT('',(2.196180679644E-03,47.973102419463));
#1045 = CARTESIAN_POINT('',(2.263144969953E-03,47.972282280558));
#1046 = CARTESIAN_POINT('',(2.295387030572E-03,47.971887398971));
#1047 = CARTESIAN_POINT('',(2.327629093527E-03,47.971492517402));
#1048 = CARTESIAN_POINT('',(2.35987115886E-03,47.971097635851));
#1049 = CARTESIAN_POINT('',(2.392113226619E-03,47.970702754319));
#1050 = CARTESIAN_POINT('',(2.424355296854E-03,47.970307872805));
#1051 = CARTESIAN_POINT('',(2.492559663623E-03,47.969472546787));
#1052 = CARTESIAN_POINT('',(2.528521960764E-03,47.969032102287));
#1053 = CARTESIAN_POINT('',(2.564484261109E-03,47.968591657811));
#1054 = CARTESIAN_POINT('',(2.600446564727E-03,47.968151213361));
#1055 = CARTESIAN_POINT('',(2.636408871681E-03,47.967710768936));
#1056 = CARTESIAN_POINT('',(2.67237118203E-03,47.967270324536));
#1057 = CARTESIAN_POINT('',(2.744295788875E-03,47.966389436045));
#1058 = CARTESIAN_POINT('',(2.78025808537E-03,47.965948991953));
#1059 = CARTESIAN_POINT('',(2.816220385391E-03,47.965508547888));
#1060 = CARTESIAN_POINT('',(2.852182689008E-03,47.96506810385));
#1061 = CARTESIAN_POINT('',(2.888144996283E-03,47.96462765984));
#1062 = CARTESIAN_POINT('',(2.924107307278E-03,47.964187215859));
#1063 = CARTESIAN_POINT('',(2.996031914127E-03,47.963306328232));
#1064 = CARTESIAN_POINT('',(3.03199420999E-03,47.962865884586));
#1065 = CARTESIAN_POINT('',(3.067956509696E-03,47.96242544097));
#1066 = CARTESIAN_POINT('',(3.103918813311E-03,47.961984997383));
#1067 = CARTESIAN_POINT('',(3.139881120898E-03,47.961544553827));
#1068 = CARTESIAN_POINT('',(3.175843432525E-03,47.961104110301));
#1069 = CARTESIAN_POINT('',(3.247768039373E-03,47.960223223615));
#1070 = CARTESIAN_POINT('',(3.283730334595E-03,47.959782780454));
#1071 = CARTESIAN_POINT('',(3.319692633985E-03,47.959342337325));
#1072 = CARTESIAN_POINT('',(3.355654937603E-03,47.958901894229));
#1073 = CARTESIAN_POINT('',(3.391617245511E-03,47.958461451165));
#1074 = CARTESIAN_POINT('',(3.427579557779E-03,47.958021008134));
#1075 = CARTESIAN_POINT('',(3.499504164624E-03,47.957140122465));
#1076 = CARTESIAN_POINT('',(3.535466459194E-03,47.956699679827));
#1077 = CARTESIAN_POINT('',(3.571428758256E-03,47.956259237224));
#1078 = CARTESIAN_POINT('',(3.607391061872E-03,47.955818794655));
#1079 = CARTESIAN_POINT('',(3.643353370109E-03,47.955378352122));
#1080 = CARTESIAN_POINT('',(3.679315683029E-03,47.954937909624));
#1081 = CARTESIAN_POINT('',(3.751240289875E-03,47.95405702505));
#1082 = CARTESIAN_POINT('',(3.787202583798E-03,47.953616582973));
#1083 = CARTESIAN_POINT('',(3.823164882535E-03,47.953176140934));
#1084 = CARTESIAN_POINT('',(3.859127186152E-03,47.952735698931));
#1085 = CARTESIAN_POINT('',(3.895089494712E-03,47.952295256967));
#1086 = CARTESIAN_POINT('',(3.931051808279E-03,47.95185481504));
#1087 = CARTESIAN_POINT('',(4.002976415127E-03,47.950973931638));
#1088 = CARTESIAN_POINT('',(4.038938708411E-03,47.950533490161));
#1089 = CARTESIAN_POINT('',(4.074901006828E-03,47.950093048724));
#1090 = CARTESIAN_POINT('',(4.110863310443E-03,47.949652607326));
#1091 = CARTESIAN_POINT('',(4.146825619321E-03,47.949212165968));
#1092 = CARTESIAN_POINT('',(4.182787933527E-03,47.948771724652));
#1093 = CARTESIAN_POINT('',(4.248512148413E-03,47.94796678055));
#1094 = CARTESIAN_POINT('',(4.278274047398E-03,47.947602277752));
#1095 = CARTESIAN_POINT('',(4.308035950111E-03,47.947237774983));
#1096 = CARTESIAN_POINT('',(4.337797856586E-03,47.946873272242));
#1097 = CARTESIAN_POINT('',(4.36755976686E-03,47.946508769531));
#1098 = CARTESIAN_POINT('',(4.39732168097E-03,47.946144266849));
#1099 = CARTESIAN_POINT('',(5.155648372833E-02,47.368572630813));
#1100 = CARTESIAN_POINT('',(9.866971198229E-02,46.791757337519));
#1101 = CARTESIAN_POINT('',(0.145932921963,46.216174910999));
#1102 = CARTESIAN_POINT('',(0.193508314849,45.642719814017));
#1103 = CARTESIAN_POINT('',(0.241554879814,45.072543668894));
#1104 = CARTESIAN_POINT('',(0.290230999278,44.507271334829));
#1105 = CARTESIAN_POINT('',(0.391371443687,43.366317444206));
#1106 = CARTESIAN_POINT('',(0.443738182203,42.793209762318));
#1107 = CARTESIAN_POINT('',(0.49722846934,42.229599035965));
#1108 = CARTESIAN_POINT('',(0.552229977123,41.676920314828));
#1109 = CARTESIAN_POINT('',(0.609099484743,41.138952246054));
#1110 = CARTESIAN_POINT('',(0.668161702412,40.622487777611));
#1111 = CARTESIAN_POINT('',(0.729727709893,40.138485800532));
#1112 = ( GEOMETRIC_REPRESENTATION_CONTEXT(2) 
PARAMETRIC_REPRESENTATION_CONTEXT() REPRESENTATION_CONTEXT('2D SPACE',''
  ) );
#1113 = PCURVE('',#1114,#1119);
#1114 = CYLINDRICAL_SURFACE('',#1115,10.);
#1115 = AXIS2_PLACEMENT_3D('',#1116,#1117,#1118);
#1116 = CARTESIAN_POINT('',(48.,-20.,-5.));
#1117 = DIRECTION('',(-0.,1.,0.));
#1118 = DIRECTION('',(-1.,-0.,0.));
#1119 = DEFINITIONAL_REPRESENTATION('',(#1120),#1243);
#1120 = B_SPLINE_CURVE_WITH_KNOTS('',7,(#1121,#1122,#1123,#1124,#1125,
    #1126,#1127,#1128,#1129,#1130,#1131,#1132,#1133,#1134,#1135,#1136,
    #1137,#1138,#1139,#1140,#1141,#1142,#1143,#1144,#1145,#1146,#1147,
    #1148,#1149,#1150,#1151,#1152,#1153,#1154,#1155,#1156,#1157,#1158,
    #1159,#1160,#1161,#1162,#1163,#1164,#1165,#1166,#1167,#1168,#1169,
    #1170,#1171,#1172,#1173,#1174,#1175,#1176,#1177,#1178,#1179,#1180,
    #1181,#1182,#1183,#1184,#1185,#1186,#1187,#1188,#1189,#1190,#1191,
    #1192,#1193,#1194,#1195,#1196,#1197,#1198,#1199,#1200,#1201,#1202,
    #1203,#1204,#1205,#1206,#1207,#1208,#1209,#1210,#1211,#1212,#1213,
    #1214,#1215,#1216,#1217,#1218,#1219,#1220,#1221,#1222,#1223,#1224,
    #1225,#1226,#1227,#1228,#1229,#1230,#1231,#1232,#1233,#1234,#1235,
    #1236,#1237,#1238,#1239,#1240,#1241,#1242),.UNSPECIFIED.,.F.,.F.,(8,
    6,6,6,6,6,6,6,6,6,6,6,6,6,6,6,6,6,6,6,8),(0.,3.707804689755E-04,
    7.41560915652E-04,1.112341323134E-03,1.48312167087E-03,
    1.853901939049E-03,2.211896586661E-03,2.569891123604E-03,
    2.927885531984E-03,3.285879793849E-03,3.618302890205E-03,
    3.98908231287E-03,4.35986152148E-03,4.730640496138E-03,
    5.101419216867E-03,5.472197663813E-03,5.84297581707E-03,
    6.213753656762E-03,6.520604031362E-03,0.492432637316,1.),
  .UNSPECIFIED.);
#1121 = CARTESIAN_POINT('',(-1.570796326795,20.));
#1122 = CARTESIAN_POINT('',(-1.570752282119,20.000539434314));
#1123 = CARTESIAN_POINT('',(-1.570708237479,20.001078868926));
#1124 = CARTESIAN_POINT('',(-1.570664192849,20.001618303621));
#1125 = CARTESIAN_POINT('',(-1.570620148213,20.002157738265));
#1126 = CARTESIAN_POINT('',(-1.570576103565,20.002697172812));
#1127 = CARTESIAN_POINT('',(-1.570532058909,20.0032366073));
#1128 = CARTESIAN_POINT('',(-1.570443969616,20.004315476374));
#1129 = CARTESIAN_POINT('',(-1.57039992497,20.004854910892));
#1130 = CARTESIAN_POINT('',(-1.570355880324,20.005394345409));
#1131 = CARTESIAN_POINT('',(-1.570311835676,20.005933779925));
#1132 = CARTESIAN_POINT('',(-1.570267791029,20.006473214441));
#1133 = CARTESIAN_POINT('',(-1.57022374638,20.007012648956));
#1134 = CARTESIAN_POINT('',(-1.570135657086,20.008091517922));
#1135 = CARTESIAN_POINT('',(-1.57009161244,20.008630952374));
#1136 = CARTESIAN_POINT('',(-1.570047567793,20.009170386825));
#1137 = CARTESIAN_POINT('',(-1.570003523145,20.009709821273));
#1138 = CARTESIAN_POINT('',(-1.569959478496,20.010249255718));
#1139 = CARTESIAN_POINT('',(-1.569915433846,20.010788690162));
#1140 = CARTESIAN_POINT('',(-1.569827344549,20.011867558957));
#1141 = CARTESIAN_POINT('',(-1.569783299903,20.012406993309));
#1142 = CARTESIAN_POINT('',(-1.569739255256,20.012946427658));
#1143 = CARTESIAN_POINT('',(-1.569695210607,20.013485862004));
#1144 = CARTESIAN_POINT('',(-1.569651165956,20.014025296346));
#1145 = CARTESIAN_POINT('',(-1.569607121304,20.014564730685));
#1146 = CARTESIAN_POINT('',(-1.569519032005,20.01564359924));
#1147 = CARTESIAN_POINT('',(-1.569474987358,20.016183033457));
#1148 = CARTESIAN_POINT('',(-1.56943094271,20.016722467669));
#1149 = CARTESIAN_POINT('',(-1.56938689806,20.017261901878));
#1150 = CARTESIAN_POINT('',(-1.569342853407,20.017801336084));
#1151 = CARTESIAN_POINT('',(-1.569298808753,20.018340770285));
#1152 = CARTESIAN_POINT('',(-1.569212238231,20.019401037361));
#1153 = CARTESIAN_POINT('',(-1.569169712365,20.019921870237));
#1154 = CARTESIAN_POINT('',(-1.569127186496,20.020442703109));
#1155 = CARTESIAN_POINT('',(-1.569084660625,20.020963535976));
#1156 = CARTESIAN_POINT('',(-1.569042134751,20.021484368839));
#1157 = CARTESIAN_POINT('',(-1.568999608876,20.022005201698));
#1158 = CARTESIAN_POINT('',(-1.568914557132,20.023046867244));
#1159 = CARTESIAN_POINT('',(-1.568872031264,20.023567699931));
#1160 = CARTESIAN_POINT('',(-1.568829505394,20.024088532614));
#1161 = CARTESIAN_POINT('',(-1.568786979521,20.024609365291));
#1162 = CARTESIAN_POINT('',(-1.568744453645,20.025130197963));
#1163 = CARTESIAN_POINT('',(-1.568701927767,20.02565103063));
#1164 = CARTESIAN_POINT('',(-1.568616876019,20.026692695765));
#1165 = CARTESIAN_POINT('',(-1.56857435015,20.027213528233));
#1166 = CARTESIAN_POINT('',(-1.568531824278,20.027734360696));
#1167 = CARTESIAN_POINT('',(-1.568489298402,20.028255193152));
#1168 = CARTESIAN_POINT('',(-1.568446772524,20.028776025603));
#1169 = CARTESIAN_POINT('',(-1.568404246642,20.029296858047));
#1170 = CARTESIAN_POINT('',(-1.56831919489,20.030338522709));
#1171 = CARTESIAN_POINT('',(-1.568276669019,20.030859354928));
#1172 = CARTESIAN_POINT('',(-1.568234143145,20.031380187139));
#1173 = CARTESIAN_POINT('',(-1.568191617267,20.031901019344));
#1174 = CARTESIAN_POINT('',(-1.568149091385,20.032421851542));
#1175 = CARTESIAN_POINT('',(-1.5681065655,20.032942683733));
#1176 = CARTESIAN_POINT('',(-1.568024551304,20.033947145588));
#1177 = CARTESIAN_POINT('',(-1.567985062993,20.034430775253));
#1178 = CARTESIAN_POINT('',(-1.567945574678,20.034914404912));
#1179 = CARTESIAN_POINT('',(-1.567906086361,20.035398034565));
#1180 = CARTESIAN_POINT('',(-1.567866598039,20.03588166421));
#1181 = CARTESIAN_POINT('',(-1.567827109715,20.036365293849));
#1182 = CARTESIAN_POINT('',(-1.567743576735,20.037388356264));
#1183 = CARTESIAN_POINT('',(-1.567699532079,20.037927789037));
#1184 = CARTESIAN_POINT('',(-1.567655487418,20.038467221802));
#1185 = CARTESIAN_POINT('',(-1.567611442753,20.039006654559));
#1186 = CARTESIAN_POINT('',(-1.567567398083,20.039546087306));
#1187 = CARTESIAN_POINT('',(-1.567523353408,20.040085520044));
#1188 = CARTESIAN_POINT('',(-1.567435264074,20.04116438519));
#1189 = CARTESIAN_POINT('',(-1.567391219415,20.041703817598));
#1190 = CARTESIAN_POINT('',(-1.567347174751,20.042243249996));
#1191 = CARTESIAN_POINT('',(-1.567303130082,20.042782682385));
#1192 = CARTESIAN_POINT('',(-1.567259085408,20.043322114763));
#1193 = CARTESIAN_POINT('',(-1.567215040729,20.043861547132));
#1194 = CARTESIAN_POINT('',(-1.567126951387,20.044940411508));
#1195 = CARTESIAN_POINT('',(-1.567082906725,20.045479843516));
#1196 = CARTESIAN_POINT('',(-1.567038862057,20.046019275513));
#1197 = CARTESIAN_POINT('',(-1.566994817384,20.0465587075));
#1198 = CARTESIAN_POINT('',(-1.566950772706,20.047098139475));
#1199 = CARTESIAN_POINT('',(-1.566906728021,20.04763757144));
#1200 = CARTESIAN_POINT('',(-1.566818638671,20.048716434978));
#1201 = CARTESIAN_POINT('',(-1.566774594005,20.049255866552));
#1202 = CARTESIAN_POINT('',(-1.566730549334,20.049795298114));
#1203 = CARTESIAN_POINT('',(-1.566686504656,20.050334729664));
#1204 = CARTESIAN_POINT('',(-1.566642459973,20.050874161203));
#1205 = CARTESIAN_POINT('',(-1.566598415283,20.05141359273));
#1206 = CARTESIAN_POINT('',(-1.566510325923,20.052492455361));
#1207 = CARTESIAN_POINT('',(-1.566466281254,20.053031886466));
#1208 = CARTESIAN_POINT('',(-1.566422236578,20.053571317558));
#1209 = CARTESIAN_POINT('',(-1.566378191895,20.054110748638));
#1210 = CARTESIAN_POINT('',(-1.566334147207,20.054650179706));
#1211 = CARTESIAN_POINT('',(-1.566290102511,20.055189610761));
#1212 = CARTESIAN_POINT('',(-1.566202013142,20.056268472418));
#1213 = CARTESIAN_POINT('',(-1.566157968468,20.056807903019));
#1214 = CARTESIAN_POINT('',(-1.566113923787,20.057347333608));
#1215 = CARTESIAN_POINT('',(-1.5660698791,20.057886764184));
#1216 = CARTESIAN_POINT('',(-1.566025834405,20.058426194746));
#1217 = CARTESIAN_POINT('',(-1.565981789704,20.058965625295));
#1218 = CARTESIAN_POINT('',(-1.565893700324,20.060044485908));
#1219 = CARTESIAN_POINT('',(-1.565849655645,20.060583915973));
#1220 = CARTESIAN_POINT('',(-1.565805610959,20.061123346024));
#1221 = CARTESIAN_POINT('',(-1.565761566266,20.061662776061));
#1222 = CARTESIAN_POINT('',(-1.565717521566,20.062202206084));
#1223 = CARTESIAN_POINT('',(-1.565673476858,20.062741636092));
#1224 = CARTESIAN_POINT('',(-1.565592981373,20.063727490542));
#1225 = CARTESIAN_POINT('',(-1.565556530599,20.064173914989));
#1226 = CARTESIAN_POINT('',(-1.56552007982,20.064620339425));
#1227 = CARTESIAN_POINT('',(-1.565483629035,20.065066763851));
#1228 = CARTESIAN_POINT('',(-1.565447178244,20.065513188267));
#1229 = CARTESIAN_POINT('',(-1.565410727449,20.065959612673));
#1230 = CARTESIAN_POINT('',(-1.507652714844,20.773340111327));
#1231 = CARTESIAN_POINT('',(-1.449949185845,21.47985914713));
#1232 = CARTESIAN_POINT('',(-1.392034112437,22.185892994699));
#1233 = CARTESIAN_POINT('',(-1.333682465337,22.891310632294));
#1234 = CARTESIAN_POINT('',(-1.274670578568,23.595745829741));
#1235 = CARTESIAN_POINT('',(-1.214769261337,24.298432319104));
#1236 = CARTESIAN_POINT('',(-1.089976996852,25.728843969455));
#1237 = CARTESIAN_POINT('',(-1.025192089387,26.453888446101));
#1238 = CARTESIAN_POINT('',(-0.958799013576,27.175313560796));
#1239 = CARTESIAN_POINT('',(-0.890253119579,27.893587769674));
#1240 = CARTESIAN_POINT('',(-0.819016937071,28.607115179554));
#1241 = CARTESIAN_POINT('',(-0.744552535982,29.311671743889));
#1242 = CARTESIAN_POINT('',(-0.666239364229,30.0000006));
#1243 = ( GEOMETRIC_REPRESENTATION_CONTEXT(2) 
PARAMETRIC_REPRESENTATION_CONTEXT() REPRESENTATION_CONTEXT('2D SPACE',''
  ) );
#1244 = ORIENTED_EDGE('',*,*,#149,.F.);
#1245 = ADVANCED_FACE('',(#1246),#1114,.T.);
#1246 = FACE_BOUND('',#1247,.F.);
#1247 = EDGE_LOOP('',(#1248,#1249,#1277));
#1248 = ORIENTED_EDGE('',*,*,#862,.F.);
#1249 = ORIENTED_EDGE('',*,*,#1250,.T.);
#1250 = EDGE_CURVE('',#150,#1251,#1253,.T.);
#1251 = VERTEX_POINT('',#1252);
#1252 = CARTESIAN_POINT('',(48.,10.,-15.));
#1253 = SURFACE_CURVE('',#1254,(#1258,#1265),.PCURVE_S1.);
#1254 = LINE('',#1255,#1256);
#1255 = CARTESIAN_POINT('',(48.,-20.,-15.));
#1256 = VECTOR('',#1257,1.);
#1257 = DIRECTION('',(-0.,1.,0.));
#1258 = PCURVE('',#1114,#1259);
#1259 = DEFINITIONAL_REPRESENTATION('',(#1260),#1264);
#1260 = LINE('',#1261,#1262);
#1261 = CARTESIAN_POINT('',(-1.570796326795,0.));
#1262 = VECTOR('',#1263,1.);
#1263 = DIRECTION('',(-0.,1.));
#1264 = ( GEOMETRIC_REPRESENTATION_CONTEXT(2) 
PARAMETRIC_REPRESENTATION_CONTEXT() REPRESENTATION_CONTEXT('2D SPACE',''
  ) );
#1265 = PCURVE('',#1266,#1271);
#1266 = PLANE('',#1267);
#1267 = AXIS2_PLACEMENT_3D('',#1268,#1269,#1270);
#1268 = CARTESIAN_POINT('',(38.,-20.,-15.));
#1269 = DIRECTION('',(0.,0.,1.));
#1270 = DIRECTION('',(1.,0.,-0.));
#1271 = DEFINITIONAL_REPRESENTATION('',(#1272),#1276);
#1272 = LINE('',#1273,#1274);
#1273 = CARTESIAN_POINT('',(10.,0.));
#1274 = VECTOR('',#1275,1.);
#1275 = DIRECTION('',(0.,1.));
#1276 = ( GEOMETRIC_REPRESENTATION_CONTEXT(2) 
PARAMETRIC_REPRESENTATION_CONTEXT() REPRESENTATION_CONTEXT('2D SPACE',''
  ) );
#1277 = ORIENTED_EDGE('',*,*,#1278,.T.);
#1278 = EDGE_CURVE('',#1251,#778,#1279,.T.);
#1279 = SURFACE_CURVE('',#1280,(#1285,#1291),.PCURVE_S1.);
#1280 = CIRCLE('',#1281,10.);
#1281 = AXIS2_PLACEMENT_3D('',#1282,#1283,#1284);
#1282 = CARTESIAN_POINT('',(48.,10.,-5.));
#1283 = DIRECTION('',(1.7763568394E-16,1.,-0.));
#1284 = DIRECTION('',(-1.,1.7763568394E-16,0.));
#1285 = PCURVE('',#1114,#1286);
#1286 = DEFINITIONAL_REPRESENTATION('',(#1287),#1290);
#1287 = B_SPLINE_CURVE_WITH_KNOTS('',1,(#1288,#1289),.UNSPECIFIED.,.F.,
  .F.,(2,2),(4.712388980385,6.28318530718),.PIECEWISE_BEZIER_KNOTS.);
#1288 = CARTESIAN_POINT('',(-1.570796326795,30.));
#1289 = CARTESIAN_POINT('',(0.,30.));
#1290 = ( GEOMETRIC_REPRESENTATION_CONTEXT(2) 
PARAMETRIC_REPRESENTATION_CONTEXT() REPRESENTATION_CONTEXT('2D SPACE',''
  ) );
#1291 = PCURVE('',#831,#1292);
#1292 = DEFINITIONAL_REPRESENTATION('',(#1293),#1296);
#1293 = B_SPLINE_CURVE_WITH_KNOTS('',1,(#1294,#1295),.UNSPECIFIED.,.F.,
  .F.,(2,2),(4.712388980385,6.28318530718),.PIECEWISE_BEZIER_KNOTS.);
#1294 = CARTESIAN_POINT('',(0.,-1.570796326795));
#1295 = CARTESIAN_POINT('',(0.,0.));
#1296 = ( GEOMETRIC_REPRESENTATION_CONTEXT(2) 
PARAMETRIC_REPRESENTATION_CONTEXT() REPRESENTATION_CONTEXT('2D SPACE',''
  ) );
#1297 = ADVANCED_FACE('',(#1298),#831,.T.);
#1298 = FACE_BOUND('',#1299,.F.);
#1299 = EDGE_LOOP('',(#1300,#1301,#1328,#1350));
#1300 = ORIENTED_EDGE('',*,*,#1278,.F.);
#1301 = ORIENTED_EDGE('',*,*,#1302,.T.);
#1302 = EDGE_CURVE('',#1251,#1303,#1305,.T.);
#1303 = VERTEX_POINT('',#1304);
#1304 = CARTESIAN_POINT('',(48.,20.,-5.));
#1305 = SURFACE_CURVE('',#1306,(#1311,#1317),.PCURVE_S1.);
#1306 = CIRCLE('',#1307,10.);
#1307 = AXIS2_PLACEMENT_3D('',#1308,#1309,#1310);
#1308 = CARTESIAN_POINT('',(48.,10.,-5.));
#1309 = DIRECTION('',(1.,1.056412609424E-16,-0.));
#1310 = DIRECTION('',(-1.056412609424E-16,1.,0.));
#1311 = PCURVE('',#831,#1312);
#1312 = DEFINITIONAL_REPRESENTATION('',(#1313),#1316);
#1313 = B_SPLINE_CURVE_WITH_KNOTS('',1,(#1314,#1315),.UNSPECIFIED.,.F.,
  .F.,(2,2),(4.712388980385,6.28318530718),.PIECEWISE_BEZIER_KNOTS.);
#1314 = CARTESIAN_POINT('',(-1.570796326795,-1.570796326795));
#1315 = CARTESIAN_POINT('',(-1.570796326795,0.));
#1316 = ( GEOMETRIC_REPRESENTATION_CONTEXT(2) 
PARAMETRIC_REPRESENTATION_CONTEXT() REPRESENTATION_CONTEXT('2D SPACE',''
  ) );
#1317 = PCURVE('',#1318,#1323);
#1318 = CYLINDRICAL_SURFACE('',#1319,10.);
#1319 = AXIS2_PLACEMENT_3D('',#1320,#1321,#1322);
#1320 = CARTESIAN_POINT('',(38.,10.,-5.));
#1321 = DIRECTION('',(1.,0.,-0.));
#1322 = DIRECTION('',(0.,1.,0.));
#1323 = DEFINITIONAL_REPRESENTATION('',(#1324),#1327);
#1324 = B_SPLINE_CURVE_WITH_KNOTS('',1,(#1325,#1326),.UNSPECIFIED.,.F.,
  .F.,(2,2),(4.712388980385,6.28318530718),.PIECEWISE_BEZIER_KNOTS.);
#1325 = CARTESIAN_POINT('',(-1.570796326795,10.));
#1326 = CARTESIAN_POINT('',(0.,10.));
#1327 = ( GEOMETRIC_REPRESENTATION_CONTEXT(2) 
PARAMETRIC_REPRESENTATION_CONTEXT() REPRESENTATION_CONTEXT('2D SPACE',''
  ) );
#1328 = ORIENTED_EDGE('',*,*,#1329,.F.);
#1329 = EDGE_CURVE('',#717,#1303,#1330,.T.);
#1330 = SURFACE_CURVE('',#1331,(#1336,#1343),.PCURVE_S1.);
#1331 = CIRCLE('',#1332,10.);
#1332 = AXIS2_PLACEMENT_3D('',#1333,#1334,#1335);
#1333 = CARTESIAN_POINT('',(48.,10.,-5.));
#1334 = DIRECTION('',(-0.,0.,-1.));
#1335 = DIRECTION('',(-1.,1.7763568394E-16,0.));
#1336 = PCURVE('',#831,#1337);
#1337 = DEFINITIONAL_REPRESENTATION('',(#1338),#1342);
#1338 = LINE('',#1339,#1340);
#1339 = CARTESIAN_POINT('',(-0.,0.));
#1340 = VECTOR('',#1341,1.);
#1341 = DIRECTION('',(-1.,0.));
#1342 = ( GEOMETRIC_REPRESENTATION_CONTEXT(2) 
PARAMETRIC_REPRESENTATION_CONTEXT() REPRESENTATION_CONTEXT('2D SPACE',''
  ) );
#1343 = PCURVE('',#754,#1344);
#1344 = DEFINITIONAL_REPRESENTATION('',(#1345),#1349);
#1345 = LINE('',#1346,#1347);
#1346 = CARTESIAN_POINT('',(-0.,10.));
#1347 = VECTOR('',#1348,1.);
#1348 = DIRECTION('',(-1.,0.));
#1349 = ( GEOMETRIC_REPRESENTATION_CONTEXT(2) 
PARAMETRIC_REPRESENTATION_CONTEXT() REPRESENTATION_CONTEXT('2D SPACE',''
  ) );
#1350 = ORIENTED_EDGE('',*,*,#777,.F.);
#1351 = ADVANCED_FACE('',(#1352),#754,.T.);
#1352 = FACE_BOUND('',#1353,.F.);
#1353 = EDGE_LOOP('',(#1354,#1355,#1356,#1384));
#1354 = ORIENTED_EDGE('',*,*,#716,.F.);
#1355 = ORIENTED_EDGE('',*,*,#1329,.T.);
#1356 = ORIENTED_EDGE('',*,*,#1357,.T.);
#1357 = EDGE_CURVE('',#1303,#1358,#1360,.T.);
#1358 = VERTEX_POINT('',#1359);
#1359 = CARTESIAN_POINT('',(48.,20.,5.));
#1360 = SURFACE_CURVE('',#1361,(#1365,#1372),.PCURVE_S1.);
#1361 = LINE('',#1362,#1363);
#1362 = CARTESIAN_POINT('',(48.,20.,-15.));
#1363 = VECTOR('',#1364,1.);
#1364 = DIRECTION('',(0.,0.,1.));
#1365 = PCURVE('',#754,#1366);
#1366 = DEFINITIONAL_REPRESENTATION('',(#1367),#1371);
#1367 = LINE('',#1368,#1369);
#1368 = CARTESIAN_POINT('',(-1.570796326795,0.));
#1369 = VECTOR('',#1370,1.);
#1370 = DIRECTION('',(-0.,1.));
#1371 = ( GEOMETRIC_REPRESENTATION_CONTEXT(2) 
PARAMETRIC_REPRESENTATION_CONTEXT() REPRESENTATION_CONTEXT('2D SPACE',''
  ) );
#1372 = PCURVE('',#1373,#1378);
#1373 = PLANE('',#1374);
#1374 = AXIS2_PLACEMENT_3D('',#1375,#1376,#1377);
#1375 = CARTESIAN_POINT('',(38.,20.,-15.));
#1376 = DIRECTION('',(-0.,1.,0.));
#1377 = DIRECTION('',(0.,0.,1.));
#1378 = DEFINITIONAL_REPRESENTATION('',(#1379),#1383);
#1379 = LINE('',#1380,#1381);
#1380 = CARTESIAN_POINT('',(0.,10.));
#1381 = VECTOR('',#1382,1.);
#1382 = DIRECTION('',(1.,0.));
#1383 = ( GEOMETRIC_REPRESENTATION_CONTEXT(2) 
PARAMETRIC_REPRESENTATION_CONTEXT() REPRESENTATION_CONTEXT('2D SPACE',''
  ) );
#1384 = ORIENTED_EDGE('',*,*,#1385,.T.);
#1385 = EDGE_CURVE('',#1358,#632,#1386,.T.);
#1386 = SURFACE_CURVE('',#1387,(#1392,#1398),.PCURVE_S1.);
#1387 = CIRCLE('',#1388,10.);
#1388 = AXIS2_PLACEMENT_3D('',#1389,#1390,#1391);
#1389 = CARTESIAN_POINT('',(48.,10.,5.));
#1390 = DIRECTION('',(1.7763568394E-16,0.,1.));
#1391 = DIRECTION('',(-1.,-0.,1.7763568394E-16));
#1392 = PCURVE('',#754,#1393);
#1393 = DEFINITIONAL_REPRESENTATION('',(#1394),#1397);
#1394 = B_SPLINE_CURVE_WITH_KNOTS('',1,(#1395,#1396),.UNSPECIFIED.,.F.,
  .F.,(2,2),(4.712388980385,6.28318530718),.PIECEWISE_BEZIER_KNOTS.);
#1395 = CARTESIAN_POINT('',(-1.570796326795,20.));
#1396 = CARTESIAN_POINT('',(0.,20.));
#1397 = ( GEOMETRIC_REPRESENTATION_CONTEXT(2) 
PARAMETRIC_REPRESENTATION_CONTEXT() REPRESENTATION_CONTEXT('2D SPACE',''
  ) );
#1398 = PCURVE('',#685,#1399);
#1399 = DEFINITIONAL_REPRESENTATION('',(#1400),#1403);
#1400 = B_SPLINE_CURVE_WITH_KNOTS('',1,(#1401,#1402),.UNSPECIFIED.,.F.,
  .F.,(2,2),(4.712388980385,6.28318530718),.PIECEWISE_BEZIER_KNOTS.);
#1401 = CARTESIAN_POINT('',(0.,-1.570796326795));
#1402 = CARTESIAN_POINT('',(0.,0.));
#1403 = ( GEOMETRIC_REPRESENTATION_CONTEXT(2) 
PARAMETRIC_REPRESENTATION_CONTEXT() REPRESENTATION_CONTEXT('2D SPACE',''
  ) );
#1404 = ADVANCED_FACE('',(#1405),#685,.T.);
#1405 = FACE_BOUND('',#1406,.F.);
#1406 = EDGE_LOOP('',(#1407,#1408,#1435,#1457));
#1407 = ORIENTED_EDGE('',*,*,#1385,.F.);
#1408 = ORIENTED_EDGE('',*,*,#1409,.T.);
#1409 = EDGE_CURVE('',#1358,#1410,#1412,.T.);
#1410 = VERTEX_POINT('',#1411);
#1411 = CARTESIAN_POINT('',(48.,10.,15.));
#1412 = SURFACE_CURVE('',#1413,(#1418,#1424),.PCURVE_S1.);
#1413 = CIRCLE('',#1414,10.);
#1414 = AXIS2_PLACEMENT_3D('',#1415,#1416,#1417);
#1415 = CARTESIAN_POINT('',(48.,10.,5.));
#1416 = DIRECTION('',(1.,0.,1.056412609424E-16));
#1417 = DIRECTION('',(-1.056412609424E-16,-0.,1.));
#1418 = PCURVE('',#685,#1419);
#1419 = DEFINITIONAL_REPRESENTATION('',(#1420),#1423);
#1420 = B_SPLINE_CURVE_WITH_KNOTS('',1,(#1421,#1422),.UNSPECIFIED.,.F.,
  .F.,(2,2),(4.712388980385,6.28318530718),.PIECEWISE_BEZIER_KNOTS.);
#1421 = CARTESIAN_POINT('',(-1.570796326795,-1.570796326795));
#1422 = CARTESIAN_POINT('',(-1.570796326795,0.));
#1423 = ( GEOMETRIC_REPRESENTATION_CONTEXT(2) 
PARAMETRIC_REPRESENTATION_CONTEXT() REPRESENTATION_CONTEXT('2D SPACE',''
  ) );
#1424 = PCURVE('',#1425,#1430);
#1425 = CYLINDRICAL_SURFACE('',#1426,10.);
#1426 = AXIS2_PLACEMENT_3D('',#1427,#1428,#1429);
#1427 = CARTESIAN_POINT('',(38.,10.,5.));
#1428 = DIRECTION('',(1.,0.,-0.));
#1429 = DIRECTION('',(0.,1.,0.));
#1430 = DEFINITIONAL_REPRESENTATION('',(#1431),#1434);
#1431 = B_SPLINE_CURVE_WITH_KNOTS('',1,(#1432,#1433),.UNSPECIFIED.,.F.,
  .F.,(2,2),(4.712388980385,6.28318530718),.PIECEWISE_BEZIER_KNOTS.);
#1432 = CARTESIAN_POINT('',(0.,10.));
#1433 = CARTESIAN_POINT('',(1.570796326795,10.));
#1434 = ( GEOMETRIC_REPRESENTATION_CONTEXT(2) 
PARAMETRIC_REPRESENTATION_CONTEXT() REPRESENTATION_CONTEXT('2D SPACE',''
  ) );
#1435 = ORIENTED_EDGE('',*,*,#1436,.F.);
#1436 = EDGE_CURVE('',#544,#1410,#1437,.T.);
#1437 = SURFACE_CURVE('',#1438,(#1443,#1450),.PCURVE_S1.);
#1438 = CIRCLE('',#1439,10.);
#1439 = AXIS2_PLACEMENT_3D('',#1440,#1441,#1442);
#1440 = CARTESIAN_POINT('',(48.,10.,5.));
#1441 = DIRECTION('',(-0.,1.,0.));
#1442 = DIRECTION('',(-1.,-0.,1.7763568394E-16));
#1443 = PCURVE('',#685,#1444);
#1444 = DEFINITIONAL_REPRESENTATION('',(#1445),#1449);
#1445 = LINE('',#1446,#1447);
#1446 = CARTESIAN_POINT('',(-0.,0.));
#1447 = VECTOR('',#1448,1.);
#1448 = DIRECTION('',(-1.,0.));
#1449 = ( GEOMETRIC_REPRESENTATION_CONTEXT(2) 
PARAMETRIC_REPRESENTATION_CONTEXT() REPRESENTATION_CONTEXT('2D SPACE',''
  ) );
#1450 = PCURVE('',#599,#1451);
#1451 = DEFINITIONAL_REPRESENTATION('',(#1452),#1456);
#1452 = LINE('',#1453,#1454);
#1453 = CARTESIAN_POINT('',(0.,30.));
#1454 = VECTOR('',#1455,1.);
#1455 = DIRECTION('',(1.,0.));
#1456 = ( GEOMETRIC_REPRESENTATION_CONTEXT(2) 
PARAMETRIC_REPRESENTATION_CONTEXT() REPRESENTATION_CONTEXT('2D SPACE',''
  ) );
#1457 = ORIENTED_EDGE('',*,*,#631,.F.);
#1458 = ADVANCED_FACE('',(#1459),#599,.T.);
#1459 = FACE_BOUND('',#1460,.T.);
#1460 = EDGE_LOOP('',(#1461,#1462,#1488));
#1461 = ORIENTED_EDGE('',*,*,#543,.T.);
#1462 = ORIENTED_EDGE('',*,*,#1463,.T.);
#1463 = EDGE_CURVE('',#465,#1410,#1464,.T.);
#1464 = SURFACE_CURVE('',#1465,(#1469,#1476),.PCURVE_S1.);
#1465 = LINE('',#1466,#1467);
#1466 = CARTESIAN_POINT('',(48.,-20.,15.));
#1467 = VECTOR('',#1468,1.);
#1468 = DIRECTION('',(-0.,1.,0.));
#1469 = PCURVE('',#599,#1470);
#1470 = DEFINITIONAL_REPRESENTATION('',(#1471),#1475);
#1471 = LINE('',#1472,#1473);
#1472 = CARTESIAN_POINT('',(1.570796326795,0.));
#1473 = VECTOR('',#1474,1.);
#1474 = DIRECTION('',(0.,1.));
#1475 = ( GEOMETRIC_REPRESENTATION_CONTEXT(2) 
PARAMETRIC_REPRESENTATION_CONTEXT() REPRESENTATION_CONTEXT('2D SPACE',''
  ) );
#1476 = PCURVE('',#1477,#1482);
#1477 = PLANE('',#1478);
#1478 = AXIS2_PLACEMENT_3D('',#1479,#1480,#1481);
#1479 = CARTESIAN_POINT('',(38.,-20.,15.));
#1480 = DIRECTION('',(0.,0.,1.));
#1481 = DIRECTION('',(1.,0.,-0.));
#1482 = DEFINITIONAL_REPRESENTATION('',(#1483),#1487);
#1483 = LINE('',#1484,#1485);
#1484 = CARTESIAN_POINT('',(10.,0.));
#1485 = VECTOR('',#1486,1.);
#1486 = DIRECTION('',(0.,1.));
#1487 = ( GEOMETRIC_REPRESENTATION_CONTEXT(2) 
PARAMETRIC_REPRESENTATION_CONTEXT() REPRESENTATION_CONTEXT('2D SPACE',''
  ) );
#1488 = ORIENTED_EDGE('',*,*,#1436,.F.);
#1489 = ADVANCED_FACE('',(#1490),#514,.T.);
#1490 = FACE_BOUND('',#1491,.T.);
#1491 = EDGE_LOOP('',(#1492,#1514,#1535));
#1492 = ORIENTED_EDGE('',*,*,#1493,.F.);
#1493 = EDGE_CURVE('',#1494,#380,#1496,.T.);
#1494 = VERTEX_POINT('',#1495);
#1495 = CARTESIAN_POINT('',(48.,-10.,15.));
#1496 = SURFACE_CURVE('',#1497,(#1502,#1508),.PCURVE_S1.);
#1497 = CIRCLE('',#1498,10.);
#1498 = AXIS2_PLACEMENT_3D('',#1499,#1500,#1501);
#1499 = CARTESIAN_POINT('',(48.,-10.,5.));
#1500 = DIRECTION('',(0.,-1.,0.));
#1501 = DIRECTION('',(-1.,0.,0.));
#1502 = PCURVE('',#514,#1503);
#1503 = DEFINITIONAL_REPRESENTATION('',(#1504),#1507);
#1504 = B_SPLINE_CURVE_WITH_KNOTS('',1,(#1505,#1506),.UNSPECIFIED.,.F.,
  .F.,(2,2),(4.712388980385,6.28318530718),.PIECEWISE_BEZIER_KNOTS.);
#1505 = CARTESIAN_POINT('',(1.570796326795,10.));
#1506 = CARTESIAN_POINT('',(0.,10.));
#1507 = ( GEOMETRIC_REPRESENTATION_CONTEXT(2) 
PARAMETRIC_REPRESENTATION_CONTEXT() REPRESENTATION_CONTEXT('2D SPACE',''
  ) );
#1508 = PCURVE('',#433,#1509);
#1509 = DEFINITIONAL_REPRESENTATION('',(#1510),#1513);
#1510 = B_SPLINE_CURVE_WITH_KNOTS('',1,(#1511,#1512),.UNSPECIFIED.,.F.,
  .F.,(2,2),(4.712388980385,6.28318530718),.PIECEWISE_BEZIER_KNOTS.);
#1511 = CARTESIAN_POINT('',(0.,-1.570796326795));
#1512 = CARTESIAN_POINT('',(0.,0.));
#1513 = ( GEOMETRIC_REPRESENTATION_CONTEXT(2) 
PARAMETRIC_REPRESENTATION_CONTEXT() REPRESENTATION_CONTEXT('2D SPACE',''
  ) );
#1514 = ORIENTED_EDGE('',*,*,#1515,.T.);
#1515 = EDGE_CURVE('',#1494,#465,#1516,.T.);
#1516 = SURFACE_CURVE('',#1517,(#1521,#1528),.PCURVE_S1.);
#1517 = LINE('',#1518,#1519);
#1518 = CARTESIAN_POINT('',(48.,-20.,15.));
#1519 = VECTOR('',#1520,1.);
#1520 = DIRECTION('',(-0.,1.,0.));
#1521 = PCURVE('',#514,#1522);
#1522 = DEFINITIONAL_REPRESENTATION('',(#1523),#1527);
#1523 = LINE('',#1524,#1525);
#1524 = CARTESIAN_POINT('',(1.570796326795,0.));
#1525 = VECTOR('',#1526,1.);
#1526 = DIRECTION('',(0.,1.));
#1527 = ( GEOMETRIC_REPRESENTATION_CONTEXT(2) 
PARAMETRIC_REPRESENTATION_CONTEXT() REPRESENTATION_CONTEXT('2D SPACE',''
  ) );
#1528 = PCURVE('',#1477,#1529);
#1529 = DEFINITIONAL_REPRESENTATION('',(#1530),#1534);
#1530 = LINE('',#1531,#1532);
#1531 = CARTESIAN_POINT('',(10.,0.));
#1532 = VECTOR('',#1533,1.);
#1533 = DIRECTION('',(0.,1.));
#1534 = ( GEOMETRIC_REPRESENTATION_CONTEXT(2) 
PARAMETRIC_REPRESENTATION_CONTEXT() REPRESENTATION_CONTEXT('2D SPACE',''
  ) );
#1535 = ORIENTED_EDGE('',*,*,#464,.T.);
#1536 = ADVANCED_FACE('',(#1537),#433,.T.);
#1537 = FACE_BOUND('',#1538,.F.);
#1538 = EDGE_LOOP('',(#1539,#1540,#1567,#1589));
#1539 = ORIENTED_EDGE('',*,*,#1493,.F.);
#1540 = ORIENTED_EDGE('',*,*,#1541,.T.);
#1541 = EDGE_CURVE('',#1494,#1542,#1544,.T.);
#1542 = VERTEX_POINT('',#1543);
#1543 = CARTESIAN_POINT('',(48.,-20.,5.));
#1544 = SURFACE_CURVE('',#1545,(#1550,#1556),.PCURVE_S1.);
#1545 = CIRCLE('',#1546,10.);
#1546 = AXIS2_PLACEMENT_3D('',#1547,#1548,#1549);
#1547 = CARTESIAN_POINT('',(48.,-10.,5.));
#1548 = DIRECTION('',(1.,-6.123233995737E-17,0.));
#1549 = DIRECTION('',(-6.123233995737E-17,-1.,0.));
#1550 = PCURVE('',#433,#1551);
#1551 = DEFINITIONAL_REPRESENTATION('',(#1552),#1555);
#1552 = B_SPLINE_CURVE_WITH_KNOTS('',1,(#1553,#1554),.UNSPECIFIED.,.F.,
  .F.,(2,2),(4.712388980385,6.28318530718),.PIECEWISE_BEZIER_KNOTS.);
#1553 = CARTESIAN_POINT('',(-1.570796326795,-1.570796326795));
#1554 = CARTESIAN_POINT('',(-1.570796326795,0.));
#1555 = ( GEOMETRIC_REPRESENTATION_CONTEXT(2) 
PARAMETRIC_REPRESENTATION_CONTEXT() REPRESENTATION_CONTEXT('2D SPACE',''
  ) );
#1556 = PCURVE('',#1557,#1562);
#1557 = CYLINDRICAL_SURFACE('',#1558,10.);
#1558 = AXIS2_PLACEMENT_3D('',#1559,#1560,#1561);
#1559 = CARTESIAN_POINT('',(38.,-10.,5.));
#1560 = DIRECTION('',(1.,0.,-0.));
#1561 = DIRECTION('',(0.,-1.,0.));
#1562 = DEFINITIONAL_REPRESENTATION('',(#1563),#1566);
#1563 = B_SPLINE_CURVE_WITH_KNOTS('',1,(#1564,#1565),.UNSPECIFIED.,.F.,
  .F.,(2,2),(4.712388980385,6.28318530718),.PIECEWISE_BEZIER_KNOTS.);
#1564 = CARTESIAN_POINT('',(-1.570796326795,10.));
#1565 = CARTESIAN_POINT('',(0.,10.));
#1566 = ( GEOMETRIC_REPRESENTATION_CONTEXT(2) 
PARAMETRIC_REPRESENTATION_CONTEXT() REPRESENTATION_CONTEXT('2D SPACE',''
  ) );
#1567 = ORIENTED_EDGE('',*,*,#1568,.F.);
#1568 = EDGE_CURVE('',#319,#1542,#1569,.T.);
#1569 = SURFACE_CURVE('',#1570,(#1575,#1582),.PCURVE_S1.);
#1570 = CIRCLE('',#1571,10.);
#1571 = AXIS2_PLACEMENT_3D('',#1572,#1573,#1574);
#1572 = CARTESIAN_POINT('',(48.,-10.,5.));
#1573 = DIRECTION('',(0.,0.,1.));
#1574 = DIRECTION('',(-1.,0.,0.));
#1575 = PCURVE('',#433,#1576);
#1576 = DEFINITIONAL_REPRESENTATION('',(#1577),#1581);
#1577 = LINE('',#1578,#1579);
#1578 = CARTESIAN_POINT('',(-0.,0.));
#1579 = VECTOR('',#1580,1.);
#1580 = DIRECTION('',(-1.,0.));
#1581 = ( GEOMETRIC_REPRESENTATION_CONTEXT(2) 
PARAMETRIC_REPRESENTATION_CONTEXT() REPRESENTATION_CONTEXT('2D SPACE',''
  ) );
#1582 = PCURVE('',#356,#1583);
#1583 = DEFINITIONAL_REPRESENTATION('',(#1584),#1588);
#1584 = LINE('',#1585,#1586);
#1585 = CARTESIAN_POINT('',(0.,20.));
#1586 = VECTOR('',#1587,1.);
#1587 = DIRECTION('',(1.,0.));
#1588 = ( GEOMETRIC_REPRESENTATION_CONTEXT(2) 
PARAMETRIC_REPRESENTATION_CONTEXT() REPRESENTATION_CONTEXT('2D SPACE',''
  ) );
#1589 = ORIENTED_EDGE('',*,*,#379,.F.);
#1590 = ADVANCED_FACE('',(#1591),#356,.T.);
#1591 = FACE_BOUND('',#1592,.T.);
#1592 = EDGE_LOOP('',(#1593,#1594,#1618,#1644));
#1593 = ORIENTED_EDGE('',*,*,#318,.T.);
#1594 = ORIENTED_EDGE('',*,*,#1595,.T.);
#1595 = EDGE_CURVE('',#234,#1596,#1598,.T.);
#1596 = VERTEX_POINT('',#1597);
#1597 = CARTESIAN_POINT('',(48.,-20.,-5.));
#1598 = SURFACE_CURVE('',#1599,(#1604,#1611),.PCURVE_S1.);
#1599 = CIRCLE('',#1600,10.);
#1600 = AXIS2_PLACEMENT_3D('',#1601,#1602,#1603);
#1601 = CARTESIAN_POINT('',(48.,-10.,-5.));
#1602 = DIRECTION('',(0.,0.,1.));
#1603 = DIRECTION('',(-1.,0.,0.));
#1604 = PCURVE('',#356,#1605);
#1605 = DEFINITIONAL_REPRESENTATION('',(#1606),#1610);
#1606 = LINE('',#1607,#1608);
#1607 = CARTESIAN_POINT('',(0.,10.));
#1608 = VECTOR('',#1609,1.);
#1609 = DIRECTION('',(1.,0.));
#1610 = ( GEOMETRIC_REPRESENTATION_CONTEXT(2) 
PARAMETRIC_REPRESENTATION_CONTEXT() REPRESENTATION_CONTEXT('2D SPACE',''
  ) );
#1611 = PCURVE('',#287,#1612);
#1612 = DEFINITIONAL_REPRESENTATION('',(#1613),#1617);
#1613 = LINE('',#1614,#1615);
#1614 = CARTESIAN_POINT('',(0.,0.));
#1615 = VECTOR('',#1616,1.);
#1616 = DIRECTION('',(1.,0.));
#1617 = ( GEOMETRIC_REPRESENTATION_CONTEXT(2) 
PARAMETRIC_REPRESENTATION_CONTEXT() REPRESENTATION_CONTEXT('2D SPACE',''
  ) );
#1618 = ORIENTED_EDGE('',*,*,#1619,.T.);
#1619 = EDGE_CURVE('',#1596,#1542,#1620,.T.);
#1620 = SURFACE_CURVE('',#1621,(#1625,#1632),.PCURVE_S1.);
#1621 = LINE('',#1622,#1623);
#1622 = CARTESIAN_POINT('',(48.,-20.,-15.));
#1623 = VECTOR('',#1624,1.);
#1624 = DIRECTION('',(0.,0.,1.));
#1625 = PCURVE('',#356,#1626);
#1626 = DEFINITIONAL_REPRESENTATION('',(#1627),#1631);
#1627 = LINE('',#1628,#1629);
#1628 = CARTESIAN_POINT('',(1.570796326795,0.));
#1629 = VECTOR('',#1630,1.);
#1630 = DIRECTION('',(0.,1.));
#1631 = ( GEOMETRIC_REPRESENTATION_CONTEXT(2) 
PARAMETRIC_REPRESENTATION_CONTEXT() REPRESENTATION_CONTEXT('2D SPACE',''
  ) );
#1632 = PCURVE('',#1633,#1638);
#1633 = PLANE('',#1634);
#1634 = AXIS2_PLACEMENT_3D('',#1635,#1636,#1637);
#1635 = CARTESIAN_POINT('',(38.,-20.,-15.));
#1636 = DIRECTION('',(-0.,1.,0.));
#1637 = DIRECTION('',(0.,0.,1.));
#1638 = DEFINITIONAL_REPRESENTATION('',(#1639),#1643);
#1639 = LINE('',#1640,#1641);
#1640 = CARTESIAN_POINT('',(0.,10.));
#1641 = VECTOR('',#1642,1.);
#1642 = DIRECTION('',(1.,0.));
#1643 = ( GEOMETRIC_REPRESENTATION_CONTEXT(2) 
PARAMETRIC_REPRESENTATION_CONTEXT() REPRESENTATION_CONTEXT('2D SPACE',''
  ) );
#1644 = ORIENTED_EDGE('',*,*,#1568,.F.);
#1645 = ADVANCED_FACE('',(#1646),#287,.T.);
#1646 = FACE_BOUND('',#1647,.T.);
#1647 = EDGE_LOOP('',(#1648,#1670,#1695,#1696));
#1648 = ORIENTED_EDGE('',*,*,#1649,.F.);
#1649 = EDGE_CURVE('',#1650,#173,#1652,.T.);
#1650 = VERTEX_POINT('',#1651);
#1651 = CARTESIAN_POINT('',(48.,-10.,-15.));
#1652 = SURFACE_CURVE('',#1653,(#1658,#1664),.PCURVE_S1.);
#1653 = CIRCLE('',#1654,10.);
#1654 = AXIS2_PLACEMENT_3D('',#1655,#1656,#1657);
#1655 = CARTESIAN_POINT('',(48.,-10.,-5.));
#1656 = DIRECTION('',(0.,1.,-0.));
#1657 = DIRECTION('',(-1.,0.,0.));
#1658 = PCURVE('',#287,#1659);
#1659 = DEFINITIONAL_REPRESENTATION('',(#1660),#1663);
#1660 = B_SPLINE_CURVE_WITH_KNOTS('',1,(#1661,#1662),.UNSPECIFIED.,.F.,
  .F.,(2,2),(4.712388980385,6.28318530718),.PIECEWISE_BEZIER_KNOTS.);
#1661 = CARTESIAN_POINT('',(0.,-1.570796326795));
#1662 = CARTESIAN_POINT('',(0.,0.));
#1663 = ( GEOMETRIC_REPRESENTATION_CONTEXT(2) 
PARAMETRIC_REPRESENTATION_CONTEXT() REPRESENTATION_CONTEXT('2D SPACE',''
  ) );
#1664 = PCURVE('',#210,#1665);
#1665 = DEFINITIONAL_REPRESENTATION('',(#1666),#1669);
#1666 = B_SPLINE_CURVE_WITH_KNOTS('',1,(#1667,#1668),.UNSPECIFIED.,.F.,
  .F.,(2,2),(4.712388980385,6.28318530718),.PIECEWISE_BEZIER_KNOTS.);
#1667 = CARTESIAN_POINT('',(-1.570796326795,10.));
#1668 = CARTESIAN_POINT('',(0.,10.));
#1669 = ( GEOMETRIC_REPRESENTATION_CONTEXT(2) 
PARAMETRIC_REPRESENTATION_CONTEXT() REPRESENTATION_CONTEXT('2D SPACE',''
  ) );
#1670 = ORIENTED_EDGE('',*,*,#1671,.T.);
#1671 = EDGE_CURVE('',#1650,#1596,#1672,.T.);
#1672 = SURFACE_CURVE('',#1673,(#1678,#1684),.PCURVE_S1.);
#1673 = CIRCLE('',#1674,10.);
#1674 = AXIS2_PLACEMENT_3D('',#1675,#1676,#1677);
#1675 = CARTESIAN_POINT('',(48.,-10.,-5.));
#1676 = DIRECTION('',(-1.,6.123233995737E-17,0.));
#1677 = DIRECTION('',(-6.123233995737E-17,-1.,0.));
#1678 = PCURVE('',#287,#1679);
#1679 = DEFINITIONAL_REPRESENTATION('',(#1680),#1683);
#1680 = B_SPLINE_CURVE_WITH_KNOTS('',1,(#1681,#1682),.UNSPECIFIED.,.F.,
  .F.,(2,2),(4.712388980385,6.28318530718),.PIECEWISE_BEZIER_KNOTS.);
#1681 = CARTESIAN_POINT('',(1.570796326795,-1.570796326795));
#1682 = CARTESIAN_POINT('',(1.570796326795,0.));
#1683 = ( GEOMETRIC_REPRESENTATION_CONTEXT(2) 
PARAMETRIC_REPRESENTATION_CONTEXT() REPRESENTATION_CONTEXT('2D SPACE',''
  ) );
#1684 = PCURVE('',#1685,#1690);
#1685 = CYLINDRICAL_SURFACE('',#1686,10.);
#1686 = AXIS2_PLACEMENT_3D('',#1687,#1688,#1689);
#1687 = CARTESIAN_POINT('',(38.,-10.,-5.));
#1688 = DIRECTION('',(1.,0.,-0.));
#1689 = DIRECTION('',(0.,-1.,0.));
#1690 = DEFINITIONAL_REPRESENTATION('',(#1691),#1694);
#1691 = B_SPLINE_CURVE_WITH_KNOTS('',1,(#1692,#1693),.UNSPECIFIED.,.F.,
  .F.,(2,2),(4.712388980385,6.28318530718),.PIECEWISE_BEZIER_KNOTS.);
#1692 = CARTESIAN_POINT('',(1.570796326795,10.));
#1693 = CARTESIAN_POINT('',(0.,10.));
#1694 = ( GEOMETRIC_REPRESENTATION_CONTEXT(2) 
PARAMETRIC_REPRESENTATION_CONTEXT() REPRESENTATION_CONTEXT('2D SPACE',''
  ) );
#1695 = ORIENTED_EDGE('',*,*,#1595,.F.);
#1696 = ORIENTED_EDGE('',*,*,#233,.T.);
#1697 = ADVANCED_FACE('',(#1698),#210,.T.);
#1698 = FACE_BOUND('',#1699,.F.);
#1699 = EDGE_LOOP('',(#1700,#1701,#1722));
#1700 = ORIENTED_EDGE('',*,*,#1649,.F.);
#1701 = ORIENTED_EDGE('',*,*,#1702,.T.);
#1702 = EDGE_CURVE('',#1650,#150,#1703,.T.);
#1703 = SURFACE_CURVE('',#1704,(#1708,#1715),.PCURVE_S1.);
#1704 = LINE('',#1705,#1706);
#1705 = CARTESIAN_POINT('',(48.,-20.,-15.));
#1706 = VECTOR('',#1707,1.);
#1707 = DIRECTION('',(-0.,1.,0.));
#1708 = PCURVE('',#210,#1709);
#1709 = DEFINITIONAL_REPRESENTATION('',(#1710),#1714);
#1710 = LINE('',#1711,#1712);
#1711 = CARTESIAN_POINT('',(-1.570796326795,0.));
#1712 = VECTOR('',#1713,1.);
#1713 = DIRECTION('',(-0.,1.));
#1714 = ( GEOMETRIC_REPRESENTATION_CONTEXT(2) 
PARAMETRIC_REPRESENTATION_CONTEXT() REPRESENTATION_CONTEXT('2D SPACE',''
  ) );
#1715 = PCURVE('',#1266,#1716);
#1716 = DEFINITIONAL_REPRESENTATION('',(#1717),#1721);
#1717 = LINE('',#1718,#1719);
#1718 = CARTESIAN_POINT('',(10.,0.));
#1719 = VECTOR('',#1720,1.);
#1720 = DIRECTION('',(0.,1.));
#1721 = ( GEOMETRIC_REPRESENTATION_CONTEXT(2) 
PARAMETRIC_REPRESENTATION_CONTEXT() REPRESENTATION_CONTEXT('2D SPACE',''
  ) );
#1722 = ORIENTED_EDGE('',*,*,#172,.F.);
#1723 = ADVANCED_FACE('',(#1724),#1266,.F.);
#1724 = FACE_BOUND('',#1725,.F.);
#1725 = EDGE_LOOP('',(#1726,#1727,#1728,#1751,#1780));
#1726 = ORIENTED_EDGE('',*,*,#1250,.F.);
#1727 = ORIENTED_EDGE('',*,*,#1702,.F.);
#1728 = ORIENTED_EDGE('',*,*,#1729,.T.);
#1729 = EDGE_CURVE('',#1650,#1730,#1732,.T.);
#1730 = VERTEX_POINT('',#1731);
#1731 = CARTESIAN_POINT('',(69.193751525134,-10.,-15.));
#1732 = SURFACE_CURVE('',#1733,(#1737,#1744),.PCURVE_S1.);
#1733 = LINE('',#1734,#1735);
#1734 = CARTESIAN_POINT('',(38.,-10.,-15.));
#1735 = VECTOR('',#1736,1.);
#1736 = DIRECTION('',(1.,0.,-0.));
#1737 = PCURVE('',#1266,#1738);
#1738 = DEFINITIONAL_REPRESENTATION('',(#1739),#1743);
#1739 = LINE('',#1740,#1741);
#1740 = CARTESIAN_POINT('',(0.,10.));
#1741 = VECTOR('',#1742,1.);
#1742 = DIRECTION('',(1.,0.));
#1743 = ( GEOMETRIC_REPRESENTATION_CONTEXT(2) 
PARAMETRIC_REPRESENTATION_CONTEXT() REPRESENTATION_CONTEXT('2D SPACE',''
  ) );
#1744 = PCURVE('',#1685,#1745);
#1745 = DEFINITIONAL_REPRESENTATION('',(#1746),#1750);
#1746 = LINE('',#1747,#1748);
#1747 = CARTESIAN_POINT('',(1.570796326795,0.));
#1748 = VECTOR('',#1749,1.);
#1749 = DIRECTION('',(0.,1.));
#1750 = ( GEOMETRIC_REPRESENTATION_CONTEXT(2) 
PARAMETRIC_REPRESENTATION_CONTEXT() REPRESENTATION_CONTEXT('2D SPACE',''
  ) );
#1751 = ORIENTED_EDGE('',*,*,#1752,.F.);
#1752 = EDGE_CURVE('',#1753,#1730,#1755,.T.);
#1753 = VERTEX_POINT('',#1754);
#1754 = CARTESIAN_POINT('',(69.193751525134,10.,-15.));
#1755 = SURFACE_CURVE('',#1756,(#1761,#1768),.PCURVE_S1.);
#1756 = CIRCLE('',#1757,16.248076809272);
#1757 = AXIS2_PLACEMENT_3D('',#1758,#1759,#1760);
#1758 = CARTESIAN_POINT('',(82.,0.,-15.));
#1759 = DIRECTION('',(0.,0.,1.));
#1760 = DIRECTION('',(1.,0.,-0.));
#1761 = PCURVE('',#1266,#1762);
#1762 = DEFINITIONAL_REPRESENTATION('',(#1763),#1767);
#1763 = CIRCLE('',#1764,16.248076809272);
#1764 = AXIS2_PLACEMENT_2D('',#1765,#1766);
#1765 = CARTESIAN_POINT('',(44.,20.));
#1766 = DIRECTION('',(1.,0.));
#1767 = ( GEOMETRIC_REPRESENTATION_CONTEXT(2) 
PARAMETRIC_REPRESENTATION_CONTEXT() REPRESENTATION_CONTEXT('2D SPACE',''
  ) );
#1768 = PCURVE('',#1769,#1774);
#1769 = SPHERICAL_SURFACE('',#1770,25.);
#1770 = AXIS2_PLACEMENT_3D('',#1771,#1772,#1773);
#1771 = CARTESIAN_POINT('',(82.,0.,4.));
#1772 = DIRECTION('',(0.,0.,1.));
#1773 = DIRECTION('',(1.,0.,-0.));
#1774 = DEFINITIONAL_REPRESENTATION('',(#1775),#1779);
#1775 = LINE('',#1776,#1777);
#1776 = CARTESIAN_POINT('',(0.,-0.863313115016));
#1777 = VECTOR('',#1778,1.);
#1778 = DIRECTION('',(1.,0.));
#1779 = ( GEOMETRIC_REPRESENTATION_CONTEXT(2) 
PARAMETRIC_REPRESENTATION_CONTEXT() REPRESENTATION_CONTEXT('2D SPACE',''
  ) );
#1780 = ORIENTED_EDGE('',*,*,#1781,.F.);
#1781 = EDGE_CURVE('',#1251,#1753,#1782,.T.);
#1782 = SURFACE_CURVE('',#1783,(#1787,#1794),.PCURVE_S1.);
#1783 = LINE('',#1784,#1785);
#1784 = CARTESIAN_POINT('',(38.,10.,-15.));
#1785 = VECTOR('',#1786,1.);
#1786 = DIRECTION('',(1.,0.,-0.));
#1787 = PCURVE('',#1266,#1788);
#1788 = DEFINITIONAL_REPRESENTATION('',(#1789),#1793);
#1789 = LINE('',#1790,#1791);
#1790 = CARTESIAN_POINT('',(0.,30.));
#1791 = VECTOR('',#1792,1.);
#1792 = DIRECTION('',(1.,0.));
#1793 = ( GEOMETRIC_REPRESENTATION_CONTEXT(2) 
PARAMETRIC_REPRESENTATION_CONTEXT() REPRESENTATION_CONTEXT('2D SPACE',''
  ) );
#1794 = PCURVE('',#1318,#1795);
#1795 = DEFINITIONAL_REPRESENTATION('',(#1796),#1800);
#1796 = LINE('',#1797,#1798);
#1797 = CARTESIAN_POINT('',(-1.570796326795,0.));
#1798 = VECTOR('',#1799,1.);
#1799 = DIRECTION('',(-0.,1.));
#1800 = ( GEOMETRIC_REPRESENTATION_CONTEXT(2) 
PARAMETRIC_REPRESENTATION_CONTEXT() REPRESENTATION_CONTEXT('2D SPACE',''
  ) );
#1801 = ADVANCED_FACE('',(#1802),#1318,.T.);
#1802 = FACE_BOUND('',#1803,.F.);
#1803 = EDGE_LOOP('',(#1804,#1805,#1806,#2006));
#1804 = ORIENTED_EDGE('',*,*,#1302,.F.);
#1805 = ORIENTED_EDGE('',*,*,#1781,.T.);
#1806 = ORIENTED_EDGE('',*,*,#1807,.F.);
#1807 = EDGE_CURVE('',#1808,#1753,#1810,.T.);
#1808 = VERTEX_POINT('',#1809);
#1809 = CARTESIAN_POINT('',(70.,20.,-5.));
#1810 = SURFACE_CURVE('',#1811,(#1874,#1940),.PCURVE_S1.);
#1811 = B_SPLINE_CURVE_WITH_KNOTS('',7,(#1812,#1813,#1814,#1815,#1816,
    #1817,#1818,#1819,#1820,#1821,#1822,#1823,#1824,#1825,#1826,#1827,
    #1828,#1829,#1830,#1831,#1832,#1833,#1834,#1835,#1836,#1837,#1838,
    #1839,#1840,#1841,#1842,#1843,#1844,#1845,#1846,#1847,#1848,#1849,
    #1850,#1851,#1852,#1853,#1854,#1855,#1856,#1857,#1858,#1859,#1860,
    #1861,#1862,#1863,#1864,#1865,#1866,#1867,#1868,#1869,#1870,#1871,
    #1872,#1873),.UNSPECIFIED.,.F.,.F.,(8,6,6,6,6,6,6,6,6,6,8),(0.,
    0.178784108728,0.320279043843,0.375348372472,0.404116732258,
    0.459876377563,0.517300954718,0.546114812691,0.603142206798,
    0.788948075492,1.),.UNSPECIFIED.);
#1812 = CARTESIAN_POINT('',(70.,20.,-5.));
#1813 = CARTESIAN_POINT('',(70.256012599481,20.,-5.341350132641));
#1814 = CARTESIAN_POINT('',(70.50959902744,19.986406230008,
    -5.686073269178));
#1815 = CARTESIAN_POINT('',(70.760312148672,19.958733585083,
    -6.034402427463));
#1816 = CARTESIAN_POINT('',(71.007473831577,19.916324428912,
    -6.38653769579));
#1817 = CARTESIAN_POINT('',(71.250124117634,19.858311520239,
    -6.742698213432));
#1818 = CARTESIAN_POINT('',(71.486986331964,19.783599819692,
    -7.103172525972));
#1819 = CARTESIAN_POINT('',(71.897681922166,19.616863741559,
    -7.757711944539));
#1820 = CARTESIAN_POINT('',(72.074215663206,19.531757618396,
    -8.049720728523));
#1821 = CARTESIAN_POINT('',(72.24508021939,19.434363449326,
    -8.345055566014));
#1822 = CARTESIAN_POINT('',(72.409043169128,19.32366456061,
    -8.643937140457));
#1823 = CARTESIAN_POINT('',(72.564369667525,19.198504509128,
    -8.946368543409));
#1824 = CARTESIAN_POINT('',(72.708782122675,19.057565162969,
    -9.252168414125));
#1825 = CARTESIAN_POINT('',(72.890253711237,18.837689334705,
    -9.681184481381));
#1826 = CARTESIAN_POINT('',(72.938991241921,18.773481843575,
    -9.801798339319));
#1827 = CARTESIAN_POINT('',(72.98545053553,18.706589697412,
    -9.922790776737));
#1828 = CARTESIAN_POINT('',(73.029435499866,18.636942132911,
    -10.04409508779));
#1829 = CARTESIAN_POINT('',(73.070735547705,18.564480956308,
    -10.16561906834));
#1830 = CARTESIAN_POINT('',(73.10913239984,18.489166429488,
    -10.28724383423));
#1831 = CARTESIAN_POINT('',(73.162834372079,18.370140011743,
    -10.47233572233));
#1832 = CARTESIAN_POINT('',(73.180409523552,18.328514654882,
    -10.53583525637));
#1833 = CARTESIAN_POINT('',(73.197101041521,18.286105650806,
    -10.59929936021));
#1834 = CARTESIAN_POINT('',(73.212877662488,18.242913722317,
    -10.66270374739));
#1835 = CARTESIAN_POINT('',(73.227708728601,18.198942141044,
    -10.7260217199));
#1836 = CARTESIAN_POINT('',(73.241564755769,18.154197118755,
    -10.7892241613));
#1837 = CARTESIAN_POINT('',(73.279330525291,18.020481527842,
    -10.97449522165));
#1838 = CARTESIAN_POINT('',(73.30047883272,17.929394821204,
    -11.09617255532));
#1839 = CARTESIAN_POINT('',(73.317655306066,17.835511228259,
    -11.21706166155));
#1840 = CARTESIAN_POINT('',(73.330686120775,17.738947299639,
    -11.33690147821));
#1841 = CARTESIAN_POINT('',(73.339443516211,17.639859099876,
    -11.45542202701));
#1842 = CARTESIAN_POINT('',(73.343858066122,17.538448320168,
    -11.57234669014));
#1843 = CARTESIAN_POINT('',(73.344006008302,17.328398646393,
    -11.80587750519));
#1844 = CARTESIAN_POINT('',(73.339476270635,17.219613710762,
    -11.92239282157));
#1845 = CARTESIAN_POINT('',(73.330339096019,17.108890323505,
    -12.03663136129));
#1846 = CARTESIAN_POINT('',(73.316671580464,16.996506099842,
    -12.1483430499));
#1847 = CARTESIAN_POINT('',(73.298616189811,16.882736168601,
    -12.25732993627));
#1848 = CARTESIAN_POINT('',(73.276366393455,16.767849809857,
    -12.36343931557));
#1849 = CARTESIAN_POINT('',(73.236998884359,16.59403101464,
    -12.51829800926));
#1850 = CARTESIAN_POINT('',(73.222846499966,16.535735570474,
    -12.56928927585));
#1851 = CARTESIAN_POINT('',(73.207723381629,16.477250894466,
    -12.61951848389));
#1852 = CARTESIAN_POINT('',(73.19165941944,16.418605021864,
    -12.66897700662));
#1853 = CARTESIAN_POINT('',(73.174685592304,16.359823858229,
    -12.71765936692));
#1854 = CARTESIAN_POINT('',(73.156833403374,16.300931148901,
    -12.76556284567));
#1855 = CARTESIAN_POINT('',(73.101125725575,16.125211921681,
    -12.90595376944));
#1856 = CARTESIAN_POINT('',(73.060800804657,16.008127115163,
    -12.99616457727));
#1857 = CARTESIAN_POINT('',(73.017402982956,15.890853785028,
    -13.08332393962));
#1858 = CARTESIAN_POINT('',(72.971173584015,15.773523391891,
    -13.16746601538));
#1859 = CARTESIAN_POINT('',(72.92234421662,15.656239777965,
    -13.24864792104));
#1860 = CARTESIAN_POINT('',(72.871129166706,15.539079844166,
    -13.3269429556));
#1861 = CARTESIAN_POINT('',(72.643693576218,15.040933304083,
    -13.64839713607));
#1862 = CARTESIAN_POINT('',(72.446656540716,14.662278798897,
    -13.86417117952));
#1863 = CARTESIAN_POINT('',(72.232825093096,14.286750392877,
    -14.0535404387));
#1864 = CARTESIAN_POINT('',(72.006644059109,13.914788632611,
    -14.21916195478));
#1865 = CARTESIAN_POINT('',(71.771257491202,13.546497404468,
    -14.36332857732));
#1866 = CARTESIAN_POINT('',(71.528640865324,13.181476141839,
    -14.48794881758));
#1867 = CARTESIAN_POINT('',(70.99696849753,12.406637772909,
    -14.71558268572));
#1868 = CARTESIAN_POINT('',(70.706605031633,11.998235005727,
    -14.81313578083));
#1869 = CARTESIAN_POINT('',(70.410654596661,11.592894361807,
    -14.88926371428));
#1870 = CARTESIAN_POINT('',(70.110501073593,11.190449898924,
    -14.94519837432));
#1871 = CARTESIAN_POINT('',(69.807185181624,10.790835406697,
    -14.98188650325));
#1872 = CARTESIAN_POINT('',(69.501439361219,10.39403268816,-15.));
#1873 = CARTESIAN_POINT('',(69.193751525134,10.,-15.));
#1874 = PCURVE('',#1318,#1875);
#1875 = DEFINITIONAL_REPRESENTATION('',(#1876),#1939);
#1876 = B_SPLINE_CURVE_WITH_KNOTS('',7,(#1877,#1878,#1879,#1880,#1881,
    #1882,#1883,#1884,#1885,#1886,#1887,#1888,#1889,#1890,#1891,#1892,
    #1893,#1894,#1895,#1896,#1897,#1898,#1899,#1900,#1901,#1902,#1903,
    #1904,#1905,#1906,#1907,#1908,#1909,#1910,#1911,#1912,#1913,#1914,
    #1915,#1916,#1917,#1918,#1919,#1920,#1921,#1922,#1923,#1924,#1925,
    #1926,#1927,#1928,#1929,#1930,#1931,#1932,#1933,#1934,#1935,#1936,
    #1937,#1938),.UNSPECIFIED.,.F.,.F.,(8,6,6,6,6,6,6,6,6,6,8),(0.,
    0.178784108728,0.320279043843,0.375348372472,0.404116732258,
    0.459876377563,0.517300954718,0.546114812691,0.603142206798,
    0.788948075492,1.),.UNSPECIFIED.);
#1877 = CARTESIAN_POINT('',(0.,32.));
#1878 = CARTESIAN_POINT('',(-3.41350132641E-02,32.256012599481));
#1879 = CARTESIAN_POINT('',(-6.860731455787E-02,32.50959902744));
#1880 = CARTESIAN_POINT('',(-0.10350525488,32.760312148672));
#1881 = CARTESIAN_POINT('',(-0.138919302591,33.007473831577));
#1882 = CARTESIAN_POINT('',(-0.174952704304,33.250124117634));
#1883 = CARTESIAN_POINT('',(-0.211728859335,33.486986331964));
#1884 = CARTESIAN_POINT('',(-0.279273124096,33.897681922166));
#1885 = CARTESIAN_POINT('',(-0.309671221326,34.074215663206));
#1886 = CARTESIAN_POINT('',(-0.340738241238,34.24508021939));
#1887 = CARTESIAN_POINT('',(-0.372571710605,34.409043169128));
#1888 = CARTESIAN_POINT('',(-0.40526265545,34.564369667525));
#1889 = CARTESIAN_POINT('',(-0.438904929372,34.708782122675));
#1890 = CARTESIAN_POINT('',(-0.487112829743,34.890253711237));
#1891 = CARTESIAN_POINT('',(-0.500775109717,34.938991241921));
#1892 = CARTESIAN_POINT('',(-0.514597537242,34.98545053553));
#1893 = CARTESIAN_POINT('',(-0.528581868169,35.029435499866));
#1894 = CARTESIAN_POINT('',(-0.542727468175,35.070735547705));
#1895 = CARTESIAN_POINT('',(-0.557030931351,35.10913239984));
#1896 = CARTESIAN_POINT('',(-0.579036906712,35.162834372079));
#1897 = CARTESIAN_POINT('',(-0.586629283761,35.180409523552));
#1898 = CARTESIAN_POINT('',(-0.594261769555,35.197101041521));
#1899 = CARTESIAN_POINT('',(-0.601933020989,35.212877662488));
#1900 = CARTESIAN_POINT('',(-0.609641386228,35.227708728601));
#1901 = CARTESIAN_POINT('',(-0.617384878716,35.241564755769));
#1902 = CARTESIAN_POINT('',(-0.640233341478,35.279330525291));
#1903 = CARTESIAN_POINT('',(-0.655430434191,35.30047883272));
#1904 = CARTESIAN_POINT('',(-0.67073286238,35.317655306066));
#1905 = CARTESIAN_POINT('',(-0.686118684256,35.330686120775));
#1906 = CARTESIAN_POINT('',(-0.701563134822,35.339443516211));
#1907 = CARTESIAN_POINT('',(-0.717038177525,35.343858066122));
#1908 = CARTESIAN_POINT('',(-0.748447970111,35.344006008302));
#1909 = CARTESIAN_POINT('',(-0.76438571529,35.339476270635));
#1910 = CARTESIAN_POINT('',(-0.780290452197,35.330339096019));
#1911 = CARTESIAN_POINT('',(-0.796131593765,35.316671580464));
#1912 = CARTESIAN_POINT('',(-0.811882280429,35.298616189811));
#1913 = CARTESIAN_POINT('',(-0.827518855444,35.276366393455));
#1914 = CARTESIAN_POINT('',(-0.850798500756,35.236998884359));
#1915 = CARTESIAN_POINT('',(-0.858543156699,35.222846499966));
#1916 = CARTESIAN_POINT('',(-0.866252017978,35.207723381629));
#1917 = CARTESIAN_POINT('',(-0.873923155298,35.19165941944));
#1918 = CARTESIAN_POINT('',(-0.881554973965,35.174685592304));
#1919 = CARTESIAN_POINT('',(-0.889146187721,35.156833403374));
#1920 = CARTESIAN_POINT('',(-0.911637710189,35.101125725575));
#1921 = CARTESIAN_POINT('',(-0.926416086582,35.060800804657));
#1922 = CARTESIAN_POINT('',(-0.941024186497,35.017402982956));
#1923 = CARTESIAN_POINT('',(-0.955458755359,34.971173584015));
#1924 = CARTESIAN_POINT('',(-0.969719590619,34.92234421662));
#1925 = CARTESIAN_POINT('',(-0.98380911308,34.871129166706));
#1926 = CARTESIAN_POINT('',(-1.043095095027,34.643693576218));
#1927 = CARTESIAN_POINT('',(-1.086610786711,34.446656540716));
#1928 = CARTESIAN_POINT('',(-1.128584412319,34.232825093096));
#1929 = CARTESIAN_POINT('',(-1.169220425059,34.006644059109));
#1930 = CARTESIAN_POINT('',(-1.20870830263,33.771257491202));
#1931 = CARTESIAN_POINT('',(-1.247243001835,33.528640865324));
#1932 = CARTESIAN_POINT('',(-1.328001386903,32.99696849753));
#1933 = CARTESIAN_POINT('',(-1.369935441322,32.706605031633));
#1934 = CARTESIAN_POINT('',(-1.411101068434,32.410654596661));
#1935 = CARTESIAN_POINT('',(-1.451651322671,32.110501073593));
#1936 = CARTESIAN_POINT('',(-1.491712807831,31.807185181624));
#1937 = CARTESIAN_POINT('',(-1.531393057979,31.501439361219));
#1938 = CARTESIAN_POINT('',(-1.570796326795,31.193751525134));
#1939 = ( GEOMETRIC_REPRESENTATION_CONTEXT(2) 
PARAMETRIC_REPRESENTATION_CONTEXT() REPRESENTATION_CONTEXT('2D SPACE',''
  ) );
#1940 = PCURVE('',#1769,#1941);
#1941 = DEFINITIONAL_REPRESENTATION('',(#1942),#2005);
#1942 = B_SPLINE_CURVE_WITH_KNOTS('',7,(#1943,#1944,#1945,#1946,#1947,
    #1948,#1949,#1950,#1951,#1952,#1953,#1954,#1955,#1956,#1957,#1958,
    #1959,#1960,#1961,#1962,#1963,#1964,#1965,#1966,#1967,#1968,#1969,
    #1970,#1971,#1972,#1973,#1974,#1975,#1976,#1977,#1978,#1979,#1980,
    #1981,#1982,#1983,#1984,#1985,#1986,#1987,#1988,#1989,#1990,#1991,
    #1992,#1993,#1994,#1995,#1996,#1997,#1998,#1999,#2000,#2001,#2002,
    #2003,#2004),.UNSPECIFIED.,.F.,.F.,(8,6,6,6,6,6,6,6,6,6,8),(0.,
    0.178784108728,0.320279043843,0.375348372472,0.404116732258,
    0.459876377563,0.517300954718,0.546114812691,0.603142206798,
    0.788948075492,1.),.UNSPECIFIED.);
#1943 = CARTESIAN_POINT('',(2.111215827065,-0.368267893437));
#1944 = CARTESIAN_POINT('',(2.101803599143,-0.382903159633));
#1945 = CARTESIAN_POINT('',(2.092656402211,-0.397779465569));
#1946 = CARTESIAN_POINT('',(2.08379276583,-0.412917652511));
#1947 = CARTESIAN_POINT('',(2.075244326668,-0.42833876385));
#1948 = CARTESIAN_POINT('',(2.067059901383,-0.444066794918));
#1949 = CARTESIAN_POINT('',(2.059308412241,-0.460131027333));
#1950 = CARTESIAN_POINT('',(2.046395557029,-0.489595884657));
#1951 = CARTESIAN_POINT('',(2.041035646268,-0.502843060579));
#1952 = CARTESIAN_POINT('',(2.036070358153,-0.516352123405));
#1953 = CARTESIAN_POINT('',(2.031574883253,-0.530145288453));
#1954 = CARTESIAN_POINT('',(2.027652828695,-0.544236842766));
#1955 = CARTESIAN_POINT('',(2.024443515891,-0.558634223007));
#1956 = CARTESIAN_POINT('',(2.021234506642,-0.5790612551));
#1957 = CARTESIAN_POINT('',(2.020471993633,-0.584828796973));
#1958 = CARTESIAN_POINT('',(2.019856951285,-0.59064003164));
#1959 = CARTESIAN_POINT('',(2.019401527983,-0.596492791025));
#1960 = CARTESIAN_POINT('',(2.019118705692,-0.60238363643));
#1961 = CARTESIAN_POINT('',(2.019021934668,-0.60830773222));
#1962 = CARTESIAN_POINT('',(2.019178488662,-0.617367530647));
#1963 = CARTESIAN_POINT('',(2.019286676826,-0.620483630999));
#1964 = CARTESIAN_POINT('',(2.019451248274,-0.623606065596));
#1965 = CARTESIAN_POINT('',(2.019674113404,-0.626733748429));
#1966 = CARTESIAN_POINT('',(2.019957141084,-0.629865457839));
#1967 = CARTESIAN_POINT('',(2.020302122337,-0.632999831919));
#1968 = CARTESIAN_POINT('',(2.021502716706,-0.642212740366));
#1969 = CARTESIAN_POINT('',(2.022533841597,-0.648295169206));
#1970 = CARTESIAN_POINT('',(2.023816229609,-0.654370692177));
#1971 = CARTESIAN_POINT('',(2.025360334818,-0.660426408049));
#1972 = CARTESIAN_POINT('',(2.027173966071,-0.666448531724));
#1973 = CARTESIAN_POINT('',(2.029261308586,-0.672422453344));
#1974 = CARTESIAN_POINT('',(2.034053068996,-0.684419618902));
#1975 = CARTESIAN_POINT('',(2.036774501087,-0.690440189559));
#1976 = CARTESIAN_POINT('',(2.039785976152,-0.696377631034));
#1977 = CARTESIAN_POINT('',(2.043083177337,-0.702217506697));
#1978 = CARTESIAN_POINT('',(2.046658247911,-0.707947608415));
#1979 = CARTESIAN_POINT('',(2.05050030254,-0.713557743341));
#1980 = CARTESIAN_POINT('',(2.056651000726,-0.72179010524));
#1981 = CARTESIAN_POINT('',(2.058770043738,-0.724508551935));
#1982 = CARTESIAN_POINT('',(2.060951488848,-0.727193922595));
#1983 = CARTESIAN_POINT('',(2.063193673953,-0.729845454151));
#1984 = CARTESIAN_POINT('',(2.065494882907,-0.732462542561));
#1985 = CARTESIAN_POINT('',(2.067853374822,-0.735044726703));
#1986 = CARTESIAN_POINT('',(2.075045195199,-0.742632499148));
#1987 = CARTESIAN_POINT('',(2.080040396816,-0.74753510491));
#1988 = CARTESIAN_POINT('',(2.085239780516,-0.752297266666));
#1989 = CARTESIAN_POINT('',(2.090630120738,-0.756918380729));
#1990 = CARTESIAN_POINT('',(2.096198691535,-0.761399155062));
#1991 = CARTESIAN_POINT('',(2.101933754038,-0.765741301724));
#1992 = CARTESIAN_POINT('',(2.127019963381,-0.783650924552));
#1993 = CARTESIAN_POINT('',(2.147840194086,-0.795885055293));
#1994 = CARTESIAN_POINT('',(2.169975383179,-0.806782743897));
#1995 = CARTESIAN_POINT('',(2.19316504778,-0.816435346405));
#1996 = CARTESIAN_POINT('',(2.217198242036,-0.824926758365));
#1997 = CARTESIAN_POINT('',(2.24192905758,-0.83233152634));
#1998 = CARTESIAN_POINT('',(2.296081904433,-0.845953663279));
#1999 = CARTESIAN_POINT('',(2.325631503114,-0.851859589295));
#2000 = CARTESIAN_POINT('',(2.355753416912,-0.856506866969));
#2001 = CARTESIAN_POINT('',(2.386275017001,-0.859940333427));
#2002 = CARTESIAN_POINT('',(2.417028034329,-0.862198300294));
#2003 = CARTESIAN_POINT('',(2.447857633687,-0.863313115016));
#2004 = CARTESIAN_POINT('',(2.478626417295,-0.863313115016));
#2005 = ( GEOMETRIC_REPRESENTATION_CONTEXT(2) 
PARAMETRIC_REPRESENTATION_CONTEXT() REPRESENTATION_CONTEXT('2D SPACE',''
  ) );
#2006 = ORIENTED_EDGE('',*,*,#2007,.F.);
#2007 = EDGE_CURVE('',#1303,#1808,#2008,.T.);
#2008 = SURFACE_CURVE('',#2009,(#2013,#2020),.PCURVE_S1.);
#2009 = LINE('',#2010,#2011);
#2010 = CARTESIAN_POINT('',(38.,20.,-5.));
#2011 = VECTOR('',#2012,1.);
#2012 = DIRECTION('',(1.,0.,-0.));
#2013 = PCURVE('',#1318,#2014);
#2014 = DEFINITIONAL_REPRESENTATION('',(#2015),#2019);
#2015 = LINE('',#2016,#2017);
#2016 = CARTESIAN_POINT('',(-0.,0.));
#2017 = VECTOR('',#2018,1.);
#2018 = DIRECTION('',(-0.,1.));
#2019 = ( GEOMETRIC_REPRESENTATION_CONTEXT(2) 
PARAMETRIC_REPRESENTATION_CONTEXT() REPRESENTATION_CONTEXT('2D SPACE',''
  ) );
#2020 = PCURVE('',#1373,#2021);
#2021 = DEFINITIONAL_REPRESENTATION('',(#2022),#2026);
#2022 = LINE('',#2023,#2024);
#2023 = CARTESIAN_POINT('',(10.,0.));
#2024 = VECTOR('',#2025,1.);
#2025 = DIRECTION('',(0.,1.));
#2026 = ( GEOMETRIC_REPRESENTATION_CONTEXT(2) 
PARAMETRIC_REPRESENTATION_CONTEXT() REPRESENTATION_CONTEXT('2D SPACE',''
  ) );
#2027 = ADVANCED_FACE('',(#2028),#1373,.T.);
#2028 = FACE_BOUND('',#2029,.T.);
#2029 = EDGE_LOOP('',(#2030,#2031,#2032,#2055));
#2030 = ORIENTED_EDGE('',*,*,#2007,.F.);
#2031 = ORIENTED_EDGE('',*,*,#1357,.T.);
#2032 = ORIENTED_EDGE('',*,*,#2033,.T.);
#2033 = EDGE_CURVE('',#1358,#2034,#2036,.T.);
#2034 = VERTEX_POINT('',#2035);
#2035 = CARTESIAN_POINT('',(67.033370452904,20.,5.));
#2036 = SURFACE_CURVE('',#2037,(#2041,#2048),.PCURVE_S1.);
#2037 = LINE('',#2038,#2039);
#2038 = CARTESIAN_POINT('',(38.,20.,5.));
#2039 = VECTOR('',#2040,1.);
#2040 = DIRECTION('',(1.,0.,-0.));
#2041 = PCURVE('',#1373,#2042);
#2042 = DEFINITIONAL_REPRESENTATION('',(#2043),#2047);
#2043 = LINE('',#2044,#2045);
#2044 = CARTESIAN_POINT('',(20.,0.));
#2045 = VECTOR('',#2046,1.);
#2046 = DIRECTION('',(0.,1.));
#2047 = ( GEOMETRIC_REPRESENTATION_CONTEXT(2) 
PARAMETRIC_REPRESENTATION_CONTEXT() REPRESENTATION_CONTEXT('2D SPACE',''
  ) );
#2048 = PCURVE('',#1425,#2049);
#2049 = DEFINITIONAL_REPRESENTATION('',(#2050),#2054);
#2050 = LINE('',#2051,#2052);
#2051 = CARTESIAN_POINT('',(0.,0.));
#2052 = VECTOR('',#2053,1.);
#2053 = DIRECTION('',(0.,1.));
#2054 = ( GEOMETRIC_REPRESENTATION_CONTEXT(2) 
PARAMETRIC_REPRESENTATION_CONTEXT() REPRESENTATION_CONTEXT('2D SPACE',''
  ) );
#2055 = ORIENTED_EDGE('',*,*,#2056,.F.);
#2056 = EDGE_CURVE('',#1808,#2034,#2057,.T.);
#2057 = SURFACE_CURVE('',#2058,(#2063,#2070),.PCURVE_S1.);
#2058 = CIRCLE('',#2059,15.);
#2059 = AXIS2_PLACEMENT_3D('',#2060,#2061,#2062);
#2060 = CARTESIAN_POINT('',(82.,20.,4.));
#2061 = DIRECTION('',(-0.,1.,0.));
#2062 = DIRECTION('',(0.,0.,1.));
#2063 = PCURVE('',#1373,#2064);
#2064 = DEFINITIONAL_REPRESENTATION('',(#2065),#2069);
#2065 = CIRCLE('',#2066,15.);
#2066 = AXIS2_PLACEMENT_2D('',#2067,#2068);
#2067 = CARTESIAN_POINT('',(19.,44.));
#2068 = DIRECTION('',(1.,0.));
#2069 = ( GEOMETRIC_REPRESENTATION_CONTEXT(2) 
PARAMETRIC_REPRESENTATION_CONTEXT() REPRESENTATION_CONTEXT('2D SPACE',''
  ) );
#2070 = PCURVE('',#1769,#2071);
#2071 = DEFINITIONAL_REPRESENTATION('',(#2072),#2082);
#2072 = B_SPLINE_CURVE_WITH_KNOTS('',8,(#2073,#2074,#2075,#2076,#2077,
    #2078,#2079,#2080,#2081),.UNSPECIFIED.,.F.,.F.,(9,9),(4.068887871591
    ,4.779105128795),.PIECEWISE_BEZIER_KNOTS.);
#2073 = CARTESIAN_POINT('',(2.111215827065,-0.368267893437));
#2074 = CARTESIAN_POINT('',(2.140590621711,-0.322592422904));
#2075 = CARTESIAN_POINT('',(2.164808241033,-0.274361313457));
#2076 = CARTESIAN_POINT('',(2.184082306728,-0.2241581308));
#2077 = CARTESIAN_POINT('',(2.198676894541,-0.172500572051));
#2078 = CARTESIAN_POINT('',(2.208800556155,-0.119842347104));
#2079 = CARTESIAN_POINT('',(2.214584919169,-6.660119679924E-02));
#2080 = CARTESIAN_POINT('',(2.216074147285,-1.317968790296E-02));
#2081 = CARTESIAN_POINT('',(2.213228725582,4.001067435399E-02));
#2082 = ( GEOMETRIC_REPRESENTATION_CONTEXT(2) 
PARAMETRIC_REPRESENTATION_CONTEXT() REPRESENTATION_CONTEXT('2D SPACE',''
  ) );
#2083 = ADVANCED_FACE('',(#2084),#1425,.T.);
#2084 = FACE_BOUND('',#2085,.T.);
#2085 = EDGE_LOOP('',(#2086,#2087,#2088,#2111));
#2086 = ORIENTED_EDGE('',*,*,#2033,.F.);
#2087 = ORIENTED_EDGE('',*,*,#1409,.T.);
#2088 = ORIENTED_EDGE('',*,*,#2089,.T.);
#2089 = EDGE_CURVE('',#1410,#2090,#2092,.T.);
#2090 = VERTEX_POINT('',#2091);
#2091 = CARTESIAN_POINT('',(61.900248757758,10.,15.));
#2092 = SURFACE_CURVE('',#2093,(#2097,#2104),.PCURVE_S1.);
#2093 = LINE('',#2094,#2095);
#2094 = CARTESIAN_POINT('',(38.,10.,15.));
#2095 = VECTOR('',#2096,1.);
#2096 = DIRECTION('',(1.,0.,-0.));
#2097 = PCURVE('',#1425,#2098);
#2098 = DEFINITIONAL_REPRESENTATION('',(#2099),#2103);
#2099 = LINE('',#2100,#2101);
#2100 = CARTESIAN_POINT('',(1.570796326795,0.));
#2101 = VECTOR('',#2102,1.);
#2102 = DIRECTION('',(0.,1.));
#2103 = ( GEOMETRIC_REPRESENTATION_CONTEXT(2) 
PARAMETRIC_REPRESENTATION_CONTEXT() REPRESENTATION_CONTEXT('2D SPACE',''
  ) );
#2104 = PCURVE('',#1477,#2105);
#2105 = DEFINITIONAL_REPRESENTATION('',(#2106),#2110);
#2106 = LINE('',#2107,#2108);
#2107 = CARTESIAN_POINT('',(0.,30.));
#2108 = VECTOR('',#2109,1.);
#2109 = DIRECTION('',(1.,0.));
#2110 = ( GEOMETRIC_REPRESENTATION_CONTEXT(2) 
PARAMETRIC_REPRESENTATION_CONTEXT() REPRESENTATION_CONTEXT('2D SPACE',''
  ) );
#2111 = ORIENTED_EDGE('',*,*,#2112,.F.);
#2112 = EDGE_CURVE('',#2034,#2090,#2113,.T.);
#2113 = SURFACE_CURVE('',#2114,(#2159,#2207),.PCURVE_S1.);
#2114 = B_SPLINE_CURVE_WITH_KNOTS('',7,(#2115,#2116,#2117,#2118,#2119,
    #2120,#2121,#2122,#2123,#2124,#2125,#2126,#2127,#2128,#2129,#2130,
    #2131,#2132,#2133,#2134,#2135,#2136,#2137,#2138,#2139,#2140,#2141,
    #2142,#2143,#2144,#2145,#2146,#2147,#2148,#2149,#2150,#2151,#2152,
    #2153,#2154,#2155,#2156,#2157,#2158),.UNSPECIFIED.,.F.,.F.,(8,6,6,6,
    6,6,6,8),(0.,5.725130143401E-02,0.231011277209,0.337080380585,
    0.472353379015,0.578196286107,0.891753742348,1.),.UNSPECIFIED.);
#2115 = CARTESIAN_POINT('',(67.033370452904,20.,5.));
#2116 = CARTESIAN_POINT('',(67.042987331858,20.,5.143932264696));
#2117 = CARTESIAN_POINT('',(67.051009472053,19.997583069854,
    5.288058005611));
#2118 = CARTESIAN_POINT('',(67.057419471224,19.992737532692,
    5.432298167116));
#2119 = CARTESIAN_POINT('',(67.062203425894,19.985455934435,
    5.576568544923));
#2120 = CARTESIAN_POINT('',(67.065351570633,19.975735916081,
    5.720779863114));
#2121 = CARTESIAN_POINT('',(67.066858917314,19.963581085997,
    5.864837851174));
#2122 = CARTESIAN_POINT('',(67.066322164432,19.904753459448,
    6.445098638754));
#2123 = CARTESIAN_POINT('',(67.050808127829,19.838157806429,
    6.879375362277));
#2124 = CARTESIAN_POINT('',(67.020177187606,19.749491837733,
    7.308603983113));
#2125 = CARTESIAN_POINT('',(66.974901498797,19.639549731031,
    7.730372614115));
#2126 = CARTESIAN_POINT('',(66.91579107601,19.509460825126,
    8.142656690272));
#2127 = CARTESIAN_POINT('',(66.843878667145,19.360571509262,
    8.543768136299));
#2128 = CARTESIAN_POINT('',(66.709329635016,19.092948848391,
    9.169511949453));
#2129 = CARTESIAN_POINT('',(66.653980362818,18.985038337266,
    9.402079064085));
#2130 = CARTESIAN_POINT('',(66.594533136699,18.870974191488,
    9.629761629562));
#2131 = CARTESIAN_POINT('',(66.531244706502,18.751072644882,
    9.852354217094));
#2132 = CARTESIAN_POINT('',(66.464370787072,18.625644087553,
    10.069701907432));
#2133 = CARTESIAN_POINT('',(66.394158833522,18.494985599527,
    10.281692513873));
#2134 = CARTESIAN_POINT('',(66.227336226692,18.186423427739,
    10.751676023853));
#2135 = CARTESIAN_POINT('',(66.128784161979,18.005424746452,
    11.006252305382));
#2136 = CARTESIAN_POINT('',(66.025663511564,17.816942963817,
    11.251836088083));
#2137 = CARTESIAN_POINT('',(65.918423261709,17.621508968613,
    11.488344657183));
#2138 = CARTESIAN_POINT('',(65.807476936553,17.419612066536,
    11.715743633609));
#2139 = CARTESIAN_POINT('',(65.693197038943,17.211693031636,
    11.934036462698));
#2140 = CARTESIAN_POINT('',(65.484139107245,16.831042654171,
    12.306953845567));
#2141 = CARTESIAN_POINT('',(65.390530747519,16.660503092862,
    12.465092098805));
#2142 = CARTESIAN_POINT('',(65.295242757387,16.486706344089,
    12.617681240177));
#2143 = CARTESIAN_POINT('',(65.198421961024,16.309829408591,
    12.764735982421));
#2144 = CARTESIAN_POINT('',(65.100203752562,16.130038029321,
    12.906272760844));
#2145 = CARTESIAN_POINT('',(65.000712187177,15.947486303182,
    13.042309320714));
#2146 = CARTESIAN_POINT('',(64.601880231766,15.21375390886,
    13.559630785104));
#2147 = CARTESIAN_POINT('',(64.293619072133,14.642403810837,
    13.898154779882));
#2148 = CARTESIAN_POINT('',(63.978073853748,14.051713739947,
    14.189165826166));
#2149 = CARTESIAN_POINT('',(63.657548804802,13.44486962352,
    14.43278256681));
#2150 = CARTESIAN_POINT('',(63.333983097667,12.824893261815,
    14.628979451671));
#2151 = CARTESIAN_POINT('',(63.008987268362,12.194599385307,
    14.777573920788));
#2152 = CARTESIAN_POINT('',(62.571635377127,11.336279857894,
    14.912823959528));
#2153 = CARTESIAN_POINT('',(62.459397409125,11.115112104187,
    14.941802017029));
#2154 = CARTESIAN_POINT('',(62.34721805249,10.893162752748,
    14.965030921899));
#2155 = CARTESIAN_POINT('',(62.235156266154,10.670552464544,
    14.982489504154));
#2156 = CARTESIAN_POINT('',(62.123269826353,10.447404408742,
    14.994154293149));
#2157 = CARTESIAN_POINT('',(62.011615423284,10.223844227374,15.));
#2158 = CARTESIAN_POINT('',(61.900248757758,10.,15.));
#2159 = PCURVE('',#1425,#2160);
#2160 = DEFINITIONAL_REPRESENTATION('',(#2161),#2206);
#2161 = B_SPLINE_CURVE_WITH_KNOTS('',7,(#2162,#2163,#2164,#2165,#2166,
    #2167,#2168,#2169,#2170,#2171,#2172,#2173,#2174,#2175,#2176,#2177,
    #2178,#2179,#2180,#2181,#2182,#2183,#2184,#2185,#2186,#2187,#2188,
    #2189,#2190,#2191,#2192,#2193,#2194,#2195,#2196,#2197,#2198,#2199,
    #2200,#2201,#2202,#2203,#2204,#2205),.UNSPECIFIED.,.F.,.F.,(8,6,6,6,
    6,6,6,8),(0.,5.725130143401E-02,0.231011277209,0.337080380585,
    0.472353379015,0.578196286107,0.891753742348,1.),.UNSPECIFIED.);
#2162 = CARTESIAN_POINT('',(0.,29.033370452904));
#2163 = CARTESIAN_POINT('',(1.439322646965E-02,29.042987331858));
#2164 = CARTESIAN_POINT('',(2.880580183454E-02,29.051009472053));
#2165 = CARTESIAN_POINT('',(4.323468629667E-02,29.057419471224));
#2166 = CARTESIAN_POINT('',(5.767639336252E-02,29.062203425894));
#2167 = CARTESIAN_POINT('',(7.212695464443E-02,29.065351570633));
#2168 = CARTESIAN_POINT('',(8.658188466194E-02,29.066858917314));
#2169 = CARTESIAN_POINT('',(0.144905402324,29.066322164432));
#2170 = CARTESIAN_POINT('',(0.188783280003,29.050808127829));
#2171 = CARTESIAN_POINT('',(0.232519589588,29.020177187606));
#2172 = CARTESIAN_POINT('',(0.276004022189,28.974901498797));
#2173 = CARTESIAN_POINT('',(0.319149960169,28.91579107601));
#2174 = CARTESIAN_POINT('',(0.361884485097,28.843878667145));
#2175 = CARTESIAN_POINT('',(0.429941608774,28.709329635016));
#2176 = CARTESIAN_POINT('',(0.455568111646,28.653980362818));
#2177 = CARTESIAN_POINT('',(0.481015584451,28.594533136699));
#2178 = CARTESIAN_POINT('',(0.506278982941,28.531244706502));
#2179 = CARTESIAN_POINT('',(0.531356325836,28.464370787072));
#2180 = CARTESIAN_POINT('',(0.556248295306,28.394158833522));
#2181 = CARTESIAN_POINT('',(0.612470631927,28.227336226692));
#2182 = CARTESIAN_POINT('',(0.643685252191,28.128784161979));
#2183 = CARTESIAN_POINT('',(0.674610017793,28.025663511564));
#2184 = CARTESIAN_POINT('',(0.705255541909,27.918423261709));
#2185 = CARTESIAN_POINT('',(0.735634847792,27.807476936553));
#2186 = CARTESIAN_POINT('',(0.765763485219,27.693197038943));
#2187 = CARTESIAN_POINT('',(0.819051578102,27.484139107245));
#2188 = CARTESIAN_POINT('',(0.842300384118,27.390530747519));
#2189 = CARTESIAN_POINT('',(0.865414429805,27.295242757387));
#2190 = CARTESIAN_POINT('',(0.888401859024,27.198421961024));
#2191 = CARTESIAN_POINT('',(0.911270758103,27.100203752562));
#2192 = CARTESIAN_POINT('',(0.934029319265,27.000712187177));
#2193 = CARTESIAN_POINT('',(1.023805971241,26.601880231766));
#2194 = CARTESIAN_POINT('',(1.090008481425,26.293619072133));
#2195 = CARTESIAN_POINT('',(1.155547532685,25.978073853748));
#2196 = CARTESIAN_POINT('',(1.220603349635,25.657548804802));
#2197 = CARTESIAN_POINT('',(1.285339534817,25.333983097667));
#2198 = CARTESIAN_POINT('',(1.349913606129,25.008987268362));
#2199 = CARTESIAN_POINT('',(1.436804628917,24.571635377127));
#2200 = CARTESIAN_POINT('',(1.459102892262,24.459397409125));
#2201 = CARTESIAN_POINT('',(1.481406981949,24.34721805249));
#2202 = CARTESIAN_POINT('',(1.503722760383,24.235156266154));
#2203 = CARTESIAN_POINT('',(1.526055886709,24.123269826353));
#2204 = CARTESIAN_POINT('',(1.548411904058,24.011615423284));
#2205 = CARTESIAN_POINT('',(1.570796326795,23.900248757758));
#2206 = ( GEOMETRIC_REPRESENTATION_CONTEXT(2) 
PARAMETRIC_REPRESENTATION_CONTEXT() REPRESENTATION_CONTEXT('2D SPACE',''
  ) );
#2207 = PCURVE('',#1769,#2208);
#2208 = DEFINITIONAL_REPRESENTATION('',(#2209),#2254);
#2209 = B_SPLINE_CURVE_WITH_KNOTS('',7,(#2210,#2211,#2212,#2213,#2214,
    #2215,#2216,#2217,#2218,#2219,#2220,#2221,#2222,#2223,#2224,#2225,
    #2226,#2227,#2228,#2229,#2230,#2231,#2232,#2233,#2234,#2235,#2236,
    #2237,#2238,#2239,#2240,#2241,#2242,#2243,#2244,#2245,#2246,#2247,
    #2248,#2249,#2250,#2251,#2252,#2253),.UNSPECIFIED.,.F.,.F.,(8,6,6,6,
    6,6,6,8),(0.,5.725130143401E-02,0.231011277209,0.337080380585,
    0.472353379015,0.578196286107,0.891753742348,1.),.UNSPECIFIED.);
#2210 = CARTESIAN_POINT('',(2.213228725582,4.001067435399E-02));
#2211 = CARTESIAN_POINT('',(2.212920492282,4.57725763087E-02));
#2212 = CARTESIAN_POINT('',(2.212721176782,5.154377414179E-02));
#2213 = CARTESIAN_POINT('',(2.212631670918,5.732142426328E-02));
#2214 = CARTESIAN_POINT('',(2.212652709864,6.310247740966E-02));
#2215 = CARTESIAN_POINT('',(2.212784829674,6.888367636452E-02));
#2216 = CARTESIAN_POINT('',(2.213028324828,7.466155367919E-02));
#2217 = CARTESIAN_POINT('',(2.214460283557,9.794726659656E-02));
#2218 = CARTESIAN_POINT('',(2.216563765713,0.115403525204));
#2219 = CARTESIAN_POINT('',(2.219694840306,0.132694486567));
#2220 = CARTESIAN_POINT('',(2.223831544754,0.149730440339));
#2221 = CARTESIAN_POINT('',(2.228936268939,0.16643485917));
#2222 = CARTESIAN_POINT('',(2.234960438524,0.182741986127));
#2223 = CARTESIAN_POINT('',(2.246049794582,0.208273572812));
#2224 = CARTESIAN_POINT('',(2.250575371391,0.217784761175));
#2225 = CARTESIAN_POINT('',(2.255411228562,0.227118760207));
#2226 = CARTESIAN_POINT('',(2.260545171867,0.236266958264));
#2227 = CARTESIAN_POINT('',(2.265965034033,0.245222504843));
#2228 = CARTESIAN_POINT('',(2.271659015572,0.253980043644));
#2229 = CARTESIAN_POINT('',(2.285213172959,0.273446397513));
#2230 = CARTESIAN_POINT('',(2.293237762072,0.28402807659));
#2231 = CARTESIAN_POINT('',(2.301667121826,0.294272682328));
#2232 = CARTESIAN_POINT('',(2.31047958459,0.304174295031));
#2233 = CARTESIAN_POINT('',(2.319654801307,0.313728576258));
#2234 = CARTESIAN_POINT('',(2.329174056578,0.322932469231));
#2235 = CARTESIAN_POINT('',(2.346724893361,0.338709605735));
#2236 = CARTESIAN_POINT('',(2.354629292402,0.345419291314));
#2237 = CARTESIAN_POINT('',(2.362725598534,0.351911865474));
#2238 = CARTESIAN_POINT('',(2.371005901072,0.358186257369));
#2239 = CARTESIAN_POINT('',(2.379462571838,0.364241423438));
#2240 = CARTESIAN_POINT('',(2.388088276008,0.370076355041));
#2241 = CARTESIAN_POINT('',(2.422909385762,0.392320649956));
#2242 = CARTESIAN_POINT('',(2.450355512276,0.407004104009));
#2243 = CARTESIAN_POINT('',(2.479042840464,0.419725698703));
#2244 = CARTESIAN_POINT('',(2.508793270436,0.430445109232));
#2245 = CARTESIAN_POINT('',(2.539412384924,0.439119768506));
#2246 = CARTESIAN_POINT('',(2.5706946185,0.445710004755));
#2247 = CARTESIAN_POINT('',(2.613392691955,0.451718645734));
#2248 = CARTESIAN_POINT('',(2.624403563918,0.45300737072));
#2249 = CARTESIAN_POINT('',(2.635458762618,0.45404123589));
#2250 = CARTESIAN_POINT('',(2.646548920206,0.454818693596));
#2251 = CARTESIAN_POINT('',(2.657664423208,0.455338285276));
#2252 = CARTESIAN_POINT('',(2.668795471653,0.455598673396));
#2253 = CARTESIAN_POINT('',(2.679932138206,0.455598673396));
#2254 = ( GEOMETRIC_REPRESENTATION_CONTEXT(2) 
PARAMETRIC_REPRESENTATION_CONTEXT() REPRESENTATION_CONTEXT('2D SPACE',''
  ) );
#2255 = ADVANCED_FACE('',(#2256),#1477,.T.);
#2256 = FACE_BOUND('',#2257,.T.);
#2257 = EDGE_LOOP('',(#2258,#2259,#2260,#2283,#2305));
#2258 = ORIENTED_EDGE('',*,*,#1463,.F.);
#2259 = ORIENTED_EDGE('',*,*,#1515,.F.);
#2260 = ORIENTED_EDGE('',*,*,#2261,.T.);
#2261 = EDGE_CURVE('',#1494,#2262,#2264,.T.);
#2262 = VERTEX_POINT('',#2263);
#2263 = CARTESIAN_POINT('',(61.900248757758,-10.,15.));
#2264 = SURFACE_CURVE('',#2265,(#2269,#2276),.PCURVE_S1.);
#2265 = LINE('',#2266,#2267);
#2266 = CARTESIAN_POINT('',(38.,-10.,15.));
#2267 = VECTOR('',#2268,1.);
#2268 = DIRECTION('',(1.,0.,-0.));
#2269 = PCURVE('',#1477,#2270);
#2270 = DEFINITIONAL_REPRESENTATION('',(#2271),#2275);
#2271 = LINE('',#2272,#2273);
#2272 = CARTESIAN_POINT('',(0.,10.));
#2273 = VECTOR('',#2274,1.);
#2274 = DIRECTION('',(1.,0.));
#2275 = ( GEOMETRIC_REPRESENTATION_CONTEXT(2) 
PARAMETRIC_REPRESENTATION_CONTEXT() REPRESENTATION_CONTEXT('2D SPACE',''
  ) );
#2276 = PCURVE('',#1557,#2277);
#2277 = DEFINITIONAL_REPRESENTATION('',(#2278),#2282);
#2278 = LINE('',#2279,#2280);
#2279 = CARTESIAN_POINT('',(-1.570796326795,0.));
#2280 = VECTOR('',#2281,1.);
#2281 = DIRECTION('',(-0.,1.));
#2282 = ( GEOMETRIC_REPRESENTATION_CONTEXT(2) 
PARAMETRIC_REPRESENTATION_CONTEXT() REPRESENTATION_CONTEXT('2D SPACE',''
  ) );
#2283 = ORIENTED_EDGE('',*,*,#2284,.F.);
#2284 = EDGE_CURVE('',#2090,#2262,#2285,.T.);
#2285 = SURFACE_CURVE('',#2286,(#2291,#2298),.PCURVE_S1.);
#2286 = CIRCLE('',#2287,22.449944320644);
#2287 = AXIS2_PLACEMENT_3D('',#2288,#2289,#2290);
#2288 = CARTESIAN_POINT('',(82.,0.,15.));
#2289 = DIRECTION('',(0.,0.,1.));
#2290 = DIRECTION('',(1.,0.,-0.));
#2291 = PCURVE('',#1477,#2292);
#2292 = DEFINITIONAL_REPRESENTATION('',(#2293),#2297);
#2293 = CIRCLE('',#2294,22.449944320644);
#2294 = AXIS2_PLACEMENT_2D('',#2295,#2296);
#2295 = CARTESIAN_POINT('',(44.,20.));
#2296 = DIRECTION('',(1.,0.));
#2297 = ( GEOMETRIC_REPRESENTATION_CONTEXT(2) 
PARAMETRIC_REPRESENTATION_CONTEXT() REPRESENTATION_CONTEXT('2D SPACE',''
  ) );
#2298 = PCURVE('',#1769,#2299);
#2299 = DEFINITIONAL_REPRESENTATION('',(#2300),#2304);
#2300 = LINE('',#2301,#2302);
#2301 = CARTESIAN_POINT('',(0.,0.455598673396));
#2302 = VECTOR('',#2303,1.);
#2303 = DIRECTION('',(1.,0.));
#2304 = ( GEOMETRIC_REPRESENTATION_CONTEXT(2) 
PARAMETRIC_REPRESENTATION_CONTEXT() REPRESENTATION_CONTEXT('2D SPACE',''
  ) );
#2305 = ORIENTED_EDGE('',*,*,#2089,.F.);
#2306 = ADVANCED_FACE('',(#2307),#1557,.T.);
#2307 = FACE_BOUND('',#2308,.F.);
#2308 = EDGE_LOOP('',(#2309,#2310,#2311,#2457));
#2309 = ORIENTED_EDGE('',*,*,#1541,.F.);
#2310 = ORIENTED_EDGE('',*,*,#2261,.T.);
#2311 = ORIENTED_EDGE('',*,*,#2312,.F.);
#2312 = EDGE_CURVE('',#2313,#2262,#2315,.T.);
#2313 = VERTEX_POINT('',#2314);
#2314 = CARTESIAN_POINT('',(67.033370452904,-20.,5.));
#2315 = SURFACE_CURVE('',#2316,(#2361,#2409),.PCURVE_S1.);
#2316 = B_SPLINE_CURVE_WITH_KNOTS('',7,(#2317,#2318,#2319,#2320,#2321,
    #2322,#2323,#2324,#2325,#2326,#2327,#2328,#2329,#2330,#2331,#2332,
    #2333,#2334,#2335,#2336,#2337,#2338,#2339,#2340,#2341,#2342,#2343,
    #2344,#2345,#2346,#2347,#2348,#2349,#2350,#2351,#2352,#2353,#2354,
    #2355,#2356,#2357,#2358,#2359,#2360),.UNSPECIFIED.,.F.,.F.,(8,6,6,6,
    6,6,6,8),(0.,5.725130143412E-02,0.231011277209,0.337080380585,
    0.472353379015,0.578196286107,0.891753742348,1.),.UNSPECIFIED.);
#2317 = CARTESIAN_POINT('',(67.033370452904,-20.,5.));
#2318 = CARTESIAN_POINT('',(67.042987331858,-20.,5.143932264696));
#2319 = CARTESIAN_POINT('',(67.051009472053,-19.99758306985,
    5.288058005611));
#2320 = CARTESIAN_POINT('',(67.057419471224,-19.99273753269,
    5.432298167116));
#2321 = CARTESIAN_POINT('',(67.062203425894,-19.98545593443,
    5.576568544923));
#2322 = CARTESIAN_POINT('',(67.065351570633,-19.97573591608,
    5.720779863114));
#2323 = CARTESIAN_POINT('',(67.066858917314,-19.96358108599,
    5.864837851174));
#2324 = CARTESIAN_POINT('',(67.066322164432,-19.90475345944,
    6.445098638754));
#2325 = CARTESIAN_POINT('',(67.050808127829,-19.83815780642,
    6.879375362278));
#2326 = CARTESIAN_POINT('',(67.020177187607,-19.74949183773,
    7.308603983113));
#2327 = CARTESIAN_POINT('',(66.974901498797,-19.63954973103,
    7.730372614114));
#2328 = CARTESIAN_POINT('',(66.91579107601,-19.50946082512,
    8.142656690273));
#2329 = CARTESIAN_POINT('',(66.843878667145,-19.36057150926,
    8.543768136298));
#2330 = CARTESIAN_POINT('',(66.709329635016,-19.09294884839,
    9.169511949453));
#2331 = CARTESIAN_POINT('',(66.653980362818,-18.98503833726,
    9.402079064085));
#2332 = CARTESIAN_POINT('',(66.594533136699,-18.87097419148,
    9.629761629562));
#2333 = CARTESIAN_POINT('',(66.531244706502,-18.75107264488,
    9.852354217094));
#2334 = CARTESIAN_POINT('',(66.464370787071,-18.62564408755,
    10.069701907432));
#2335 = CARTESIAN_POINT('',(66.394158833522,-18.49498559952,
    10.281692513873));
#2336 = CARTESIAN_POINT('',(66.227336226692,-18.18642342773,
    10.751676023853));
#2337 = CARTESIAN_POINT('',(66.128784161979,-18.00542474645,
    11.006252305382));
#2338 = CARTESIAN_POINT('',(66.025663511564,-17.81694296381,
    11.251836088083));
#2339 = CARTESIAN_POINT('',(65.918423261709,-17.62150896861,
    11.488344657183));
#2340 = CARTESIAN_POINT('',(65.807476936553,-17.41961206653,
    11.715743633609));
#2341 = CARTESIAN_POINT('',(65.693197038943,-17.21169303163,
    11.934036462698));
#2342 = CARTESIAN_POINT('',(65.484139107245,-16.83104265417,
    12.306953845567));
#2343 = CARTESIAN_POINT('',(65.390530747519,-16.66050309286,
    12.465092098806));
#2344 = CARTESIAN_POINT('',(65.295242757387,-16.48670634408,
    12.617681240177));
#2345 = CARTESIAN_POINT('',(65.198421961024,-16.30982940859,
    12.764735982421));
#2346 = CARTESIAN_POINT('',(65.100203752562,-16.13003802932,
    12.906272760844));
#2347 = CARTESIAN_POINT('',(65.000712187177,-15.94748630318,
    13.042309320714));
#2348 = CARTESIAN_POINT('',(64.601880231766,-15.21375390886,
    13.559630785104));
#2349 = CARTESIAN_POINT('',(64.293619072132,-14.64240381083,
    13.898154779882));
#2350 = CARTESIAN_POINT('',(63.978073853749,-14.05171373994,
    14.189165826167));
#2351 = CARTESIAN_POINT('',(63.657548804802,-13.44486962352,
    14.432782566809));
#2352 = CARTESIAN_POINT('',(63.333983097667,-12.82489326181,
    14.628979451672));
#2353 = CARTESIAN_POINT('',(63.008987268362,-12.1945993853,
    14.777573920788));
#2354 = CARTESIAN_POINT('',(62.571635377127,-11.33627985789,
    14.912823959528));
#2355 = CARTESIAN_POINT('',(62.459397409125,-11.11511210418,
    14.941802017029));
#2356 = CARTESIAN_POINT('',(62.34721805249,-10.89316275274,
    14.965030921899));
#2357 = CARTESIAN_POINT('',(62.235156266154,-10.67055246454,
    14.982489504154));
#2358 = CARTESIAN_POINT('',(62.123269826353,-10.44740440874,
    14.994154293149));
#2359 = CARTESIAN_POINT('',(62.011615423284,-10.22384422737,15.));
#2360 = CARTESIAN_POINT('',(61.900248757758,-10.,15.));
#2361 = PCURVE('',#1557,#2362);
#2362 = DEFINITIONAL_REPRESENTATION('',(#2363),#2408);
#2363 = B_SPLINE_CURVE_WITH_KNOTS('',7,(#2364,#2365,#2366,#2367,#2368,
    #2369,#2370,#2371,#2372,#2373,#2374,#2375,#2376,#2377,#2378,#2379,
    #2380,#2381,#2382,#2383,#2384,#2385,#2386,#2387,#2388,#2389,#2390,
    #2391,#2392,#2393,#2394,#2395,#2396,#2397,#2398,#2399,#2400,#2401,
    #2402,#2403,#2404,#2405,#2406,#2407),.UNSPECIFIED.,.F.,.F.,(8,6,6,6,
    6,6,6,8),(0.,5.725130143412E-02,0.231011277209,0.337080380585,
    0.472353379015,0.578196286107,0.891753742348,1.),.UNSPECIFIED.);
#2364 = CARTESIAN_POINT('',(0.,29.033370452904));
#2365 = CARTESIAN_POINT('',(-1.439322646964E-02,29.042987331858));
#2366 = CARTESIAN_POINT('',(-2.880580183454E-02,29.051009472053));
#2367 = CARTESIAN_POINT('',(-4.323468629667E-02,29.057419471224));
#2368 = CARTESIAN_POINT('',(-5.767639336252E-02,29.062203425894));
#2369 = CARTESIAN_POINT('',(-7.212695464443E-02,29.065351570633));
#2370 = CARTESIAN_POINT('',(-8.658188466194E-02,29.066858917314));
#2371 = CARTESIAN_POINT('',(-0.144905402324,29.066322164432));
#2372 = CARTESIAN_POINT('',(-0.188783280003,29.050808127829));
#2373 = CARTESIAN_POINT('',(-0.232519589588,29.020177187607));
#2374 = CARTESIAN_POINT('',(-0.276004022189,28.974901498797));
#2375 = CARTESIAN_POINT('',(-0.319149960169,28.91579107601));
#2376 = CARTESIAN_POINT('',(-0.361884485097,28.843878667145));
#2377 = CARTESIAN_POINT('',(-0.429941608774,28.709329635016));
#2378 = CARTESIAN_POINT('',(-0.455568111646,28.653980362818));
#2379 = CARTESIAN_POINT('',(-0.481015584451,28.594533136699));
#2380 = CARTESIAN_POINT('',(-0.506278982941,28.531244706502));
#2381 = CARTESIAN_POINT('',(-0.531356325836,28.464370787071));
#2382 = CARTESIAN_POINT('',(-0.556248295306,28.394158833522));
#2383 = CARTESIAN_POINT('',(-0.612470631927,28.227336226692));
#2384 = CARTESIAN_POINT('',(-0.643685252191,28.128784161979));
#2385 = CARTESIAN_POINT('',(-0.674610017793,28.025663511564));
#2386 = CARTESIAN_POINT('',(-0.705255541909,27.918423261709));
#2387 = CARTESIAN_POINT('',(-0.735634847792,27.807476936553));
#2388 = CARTESIAN_POINT('',(-0.765763485219,27.693197038943));
#2389 = CARTESIAN_POINT('',(-0.819051578102,27.484139107245));
#2390 = CARTESIAN_POINT('',(-0.842300384118,27.390530747519));
#2391 = CARTESIAN_POINT('',(-0.865414429805,27.295242757387));
#2392 = CARTESIAN_POINT('',(-0.888401859024,27.198421961024));
#2393 = CARTESIAN_POINT('',(-0.911270758103,27.100203752562));
#2394 = CARTESIAN_POINT('',(-0.934029319265,27.000712187177));
#2395 = CARTESIAN_POINT('',(-1.023805971241,26.601880231766));
#2396 = CARTESIAN_POINT('',(-1.090008481425,26.293619072132));
#2397 = CARTESIAN_POINT('',(-1.155547532685,25.978073853749));
#2398 = CARTESIAN_POINT('',(-1.220603349635,25.657548804802));
#2399 = CARTESIAN_POINT('',(-1.285339534817,25.333983097667));
#2400 = CARTESIAN_POINT('',(-1.349913606129,25.008987268362));
#2401 = CARTESIAN_POINT('',(-1.436804628917,24.571635377127));
#2402 = CARTESIAN_POINT('',(-1.459102892262,24.459397409125));
#2403 = CARTESIAN_POINT('',(-1.481406981949,24.34721805249));
#2404 = CARTESIAN_POINT('',(-1.503722760383,24.235156266154));
#2405 = CARTESIAN_POINT('',(-1.526055886709,24.123269826353));
#2406 = CARTESIAN_POINT('',(-1.548411904058,24.011615423284));
#2407 = CARTESIAN_POINT('',(-1.570796326795,23.900248757758));
#2408 = ( GEOMETRIC_REPRESENTATION_CONTEXT(2) 
PARAMETRIC_REPRESENTATION_CONTEXT() REPRESENTATION_CONTEXT('2D SPACE',''
  ) );
#2409 = PCURVE('',#1769,#2410);
#2410 = DEFINITIONAL_REPRESENTATION('',(#2411),#2456);
#2411 = B_SPLINE_CURVE_WITH_KNOTS('',7,(#2412,#2413,#2414,#2415,#2416,
    #2417,#2418,#2419,#2420,#2421,#2422,#2423,#2424,#2425,#2426,#2427,
    #2428,#2429,#2430,#2431,#2432,#2433,#2434,#2435,#2436,#2437,#2438,
    #2439,#2440,#2441,#2442,#2443,#2444,#2445,#2446,#2447,#2448,#2449,
    #2450,#2451,#2452,#2453,#2454,#2455),.UNSPECIFIED.,.F.,.F.,(8,6,6,6,
    6,6,6,8),(0.,5.725130143412E-02,0.231011277209,0.337080380585,
    0.472353379015,0.578196286107,0.891753742348,1.),.UNSPECIFIED.);
#2412 = CARTESIAN_POINT('',(4.069956581598,4.001067435399E-02));
#2413 = CARTESIAN_POINT('',(4.070264814898,4.57725763087E-02));
#2414 = CARTESIAN_POINT('',(4.070464130398,5.154377414179E-02));
#2415 = CARTESIAN_POINT('',(4.070553636261,5.732142426328E-02));
#2416 = CARTESIAN_POINT('',(4.070532597315,6.310247740966E-02));
#2417 = CARTESIAN_POINT('',(4.070400477506,6.888367636452E-02));
#2418 = CARTESIAN_POINT('',(4.070156982352,7.466155367919E-02));
#2419 = CARTESIAN_POINT('',(4.068725023623,9.794726659655E-02));
#2420 = CARTESIAN_POINT('',(4.066621541467,0.115403525204));
#2421 = CARTESIAN_POINT('',(4.063490466874,0.132694486567));
#2422 = CARTESIAN_POINT('',(4.059353762426,0.149730440339));
#2423 = CARTESIAN_POINT('',(4.054249038241,0.16643485917));
#2424 = CARTESIAN_POINT('',(4.048224868656,0.182741986127));
#2425 = CARTESIAN_POINT('',(4.037135512598,0.208273572812));
#2426 = CARTESIAN_POINT('',(4.032609935788,0.217784761175));
#2427 = CARTESIAN_POINT('',(4.027774078617,0.227118760207));
#2428 = CARTESIAN_POINT('',(4.022640135313,0.236266958264));
#2429 = CARTESIAN_POINT('',(4.017220273147,0.245222504843));
#2430 = CARTESIAN_POINT('',(4.011526291608,0.253980043644));
#2431 = CARTESIAN_POINT('',(3.99797213422,0.273446397513));
#2432 = CARTESIAN_POINT('',(3.989947545107,0.28402807659));
#2433 = CARTESIAN_POINT('',(3.981518185353,0.294272682328));
#2434 = CARTESIAN_POINT('',(3.972705722589,0.304174295031));
#2435 = CARTESIAN_POINT('',(3.963530505873,0.313728576258));
#2436 = CARTESIAN_POINT('',(3.954011250602,0.322932469231));
#2437 = CARTESIAN_POINT('',(3.936460413819,0.338709605735));
#2438 = CARTESIAN_POINT('',(3.928556014778,0.345419291314));
#2439 = CARTESIAN_POINT('',(3.920459708646,0.351911865474));
#2440 = CARTESIAN_POINT('',(3.912179406108,0.358186257369));
#2441 = CARTESIAN_POINT('',(3.903722735341,0.364241423438));
#2442 = CARTESIAN_POINT('',(3.895097031172,0.370076355041));
#2443 = CARTESIAN_POINT('',(3.860275921418,0.392320649956));
#2444 = CARTESIAN_POINT('',(3.832829794904,0.40700410401));
#2445 = CARTESIAN_POINT('',(3.804142466715,0.419725698702));
#2446 = CARTESIAN_POINT('',(3.774392036743,0.430445109233));
#2447 = CARTESIAN_POINT('',(3.743772922255,0.439119768506));
#2448 = CARTESIAN_POINT('',(3.712490688679,0.445710004755));
#2449 = CARTESIAN_POINT('',(3.669792615225,0.451718645734));
#2450 = CARTESIAN_POINT('',(3.658781743262,0.45300737072));
#2451 = CARTESIAN_POINT('',(3.647726544562,0.45404123589));
#2452 = CARTESIAN_POINT('',(3.636636386974,0.454818693596));
#2453 = CARTESIAN_POINT('',(3.625520883971,0.455338285276));
#2454 = CARTESIAN_POINT('',(3.614389835526,0.455598673396));
#2455 = CARTESIAN_POINT('',(3.603253168974,0.455598673396));
#2456 = ( GEOMETRIC_REPRESENTATION_CONTEXT(2) 
PARAMETRIC_REPRESENTATION_CONTEXT() REPRESENTATION_CONTEXT('2D SPACE',''
  ) );
#2457 = ORIENTED_EDGE('',*,*,#2458,.F.);
#2458 = EDGE_CURVE('',#1542,#2313,#2459,.T.);
#2459 = SURFACE_CURVE('',#2460,(#2464,#2471),.PCURVE_S1.);
#2460 = LINE('',#2461,#2462);
#2461 = CARTESIAN_POINT('',(38.,-20.,5.));
#2462 = VECTOR('',#2463,1.);
#2463 = DIRECTION('',(1.,0.,-0.));
#2464 = PCURVE('',#1557,#2465);
#2465 = DEFINITIONAL_REPRESENTATION('',(#2466),#2470);
#2466 = LINE('',#2467,#2468);
#2467 = CARTESIAN_POINT('',(-0.,0.));
#2468 = VECTOR('',#2469,1.);
#2469 = DIRECTION('',(-0.,1.));
#2470 = ( GEOMETRIC_REPRESENTATION_CONTEXT(2) 
PARAMETRIC_REPRESENTATION_CONTEXT() REPRESENTATION_CONTEXT('2D SPACE',''
  ) );
#2471 = PCURVE('',#1633,#2472);
#2472 = DEFINITIONAL_REPRESENTATION('',(#2473),#2477);
#2473 = LINE('',#2474,#2475);
#2474 = CARTESIAN_POINT('',(20.,0.));
#2475 = VECTOR('',#2476,1.);
#2476 = DIRECTION('',(0.,1.));
#2477 = ( GEOMETRIC_REPRESENTATION_CONTEXT(2) 
PARAMETRIC_REPRESENTATION_CONTEXT() REPRESENTATION_CONTEXT('2D SPACE',''
  ) );
#2478 = ADVANCED_FACE('',(#2479),#1633,.F.);
#2479 = FACE_BOUND('',#2480,.F.);
#2480 = EDGE_LOOP('',(#2481,#2504,#2505,#2506));
#2481 = ORIENTED_EDGE('',*,*,#2482,.F.);
#2482 = EDGE_CURVE('',#1596,#2483,#2485,.T.);
#2483 = VERTEX_POINT('',#2484);
#2484 = CARTESIAN_POINT('',(70.,-20.,-5.));
#2485 = SURFACE_CURVE('',#2486,(#2490,#2497),.PCURVE_S1.);
#2486 = LINE('',#2487,#2488);
#2487 = CARTESIAN_POINT('',(38.,-20.,-5.));
#2488 = VECTOR('',#2489,1.);
#2489 = DIRECTION('',(1.,0.,-0.));
#2490 = PCURVE('',#1633,#2491);
#2491 = DEFINITIONAL_REPRESENTATION('',(#2492),#2496);
#2492 = LINE('',#2493,#2494);
#2493 = CARTESIAN_POINT('',(10.,0.));
#2494 = VECTOR('',#2495,1.);
#2495 = DIRECTION('',(0.,1.));
#2496 = ( GEOMETRIC_REPRESENTATION_CONTEXT(2) 
PARAMETRIC_REPRESENTATION_CONTEXT() REPRESENTATION_CONTEXT('2D SPACE',''
  ) );
#2497 = PCURVE('',#1685,#2498);
#2498 = DEFINITIONAL_REPRESENTATION('',(#2499),#2503);
#2499 = LINE('',#2500,#2501);
#2500 = CARTESIAN_POINT('',(0.,0.));
#2501 = VECTOR('',#2502,1.);
#2502 = DIRECTION('',(0.,1.));
#2503 = ( GEOMETRIC_REPRESENTATION_CONTEXT(2) 
PARAMETRIC_REPRESENTATION_CONTEXT() REPRESENTATION_CONTEXT('2D SPACE',''
  ) );
#2504 = ORIENTED_EDGE('',*,*,#1619,.T.);
#2505 = ORIENTED_EDGE('',*,*,#2458,.T.);
#2506 = ORIENTED_EDGE('',*,*,#2507,.F.);
#2507 = EDGE_CURVE('',#2483,#2313,#2508,.T.);
#2508 = SURFACE_CURVE('',#2509,(#2514,#2521),.PCURVE_S1.);
#2509 = CIRCLE('',#2510,15.);
#2510 = AXIS2_PLACEMENT_3D('',#2511,#2512,#2513);
#2511 = CARTESIAN_POINT('',(82.,-20.,4.));
#2512 = DIRECTION('',(-0.,1.,0.));
#2513 = DIRECTION('',(0.,0.,1.));
#2514 = PCURVE('',#1633,#2515);
#2515 = DEFINITIONAL_REPRESENTATION('',(#2516),#2520);
#2516 = CIRCLE('',#2517,15.);
#2517 = AXIS2_PLACEMENT_2D('',#2518,#2519);
#2518 = CARTESIAN_POINT('',(19.,44.));
#2519 = DIRECTION('',(1.,0.));
#2520 = ( GEOMETRIC_REPRESENTATION_CONTEXT(2) 
PARAMETRIC_REPRESENTATION_CONTEXT() REPRESENTATION_CONTEXT('2D SPACE',''
  ) );
#2521 = PCURVE('',#1769,#2522);
#2522 = DEFINITIONAL_REPRESENTATION('',(#2523),#2533);
#2523 = B_SPLINE_CURVE_WITH_KNOTS('',8,(#2524,#2525,#2526,#2527,#2528,
    #2529,#2530,#2531,#2532),.UNSPECIFIED.,.F.,.F.,(9,9),(4.068887871591
    ,4.779105128795),.PIECEWISE_BEZIER_KNOTS.);
#2524 = CARTESIAN_POINT('',(4.171969480114,-0.368267893437));
#2525 = CARTESIAN_POINT('',(4.142594685469,-0.322592422904));
#2526 = CARTESIAN_POINT('',(4.118377066147,-0.274361313457));
#2527 = CARTESIAN_POINT('',(4.099103000442,-0.2241581308));
#2528 = CARTESIAN_POINT('',(4.084508412649,-0.172500572051));
#2529 = CARTESIAN_POINT('',(4.074384751009,-0.119842347104));
#2530 = CARTESIAN_POINT('',(4.068600388011,-6.660119679924E-02));
#2531 = CARTESIAN_POINT('',(4.067111159894,-1.317968790296E-02));
#2532 = CARTESIAN_POINT('',(4.069956581598,4.001067435399E-02));
#2533 = ( GEOMETRIC_REPRESENTATION_CONTEXT(2) 
PARAMETRIC_REPRESENTATION_CONTEXT() REPRESENTATION_CONTEXT('2D SPACE',''
  ) );
#2534 = ADVANCED_FACE('',(#2535),#1685,.T.);
#2535 = FACE_BOUND('',#2536,.T.);
#2536 = EDGE_LOOP('',(#2537,#2538,#2539,#2737));
#2537 = ORIENTED_EDGE('',*,*,#1671,.F.);
#2538 = ORIENTED_EDGE('',*,*,#1729,.T.);
#2539 = ORIENTED_EDGE('',*,*,#2540,.F.);
#2540 = EDGE_CURVE('',#2483,#1730,#2541,.T.);
#2541 = SURFACE_CURVE('',#2542,(#2605,#2671),.PCURVE_S1.);
#2542 = B_SPLINE_CURVE_WITH_KNOTS('',7,(#2543,#2544,#2545,#2546,#2547,
    #2548,#2549,#2550,#2551,#2552,#2553,#2554,#2555,#2556,#2557,#2558,
    #2559,#2560,#2561,#2562,#2563,#2564,#2565,#2566,#2567,#2568,#2569,
    #2570,#2571,#2572,#2573,#2574,#2575,#2576,#2577,#2578,#2579,#2580,
    #2581,#2582,#2583,#2584,#2585,#2586,#2587,#2588,#2589,#2590,#2591,
    #2592,#2593,#2594,#2595,#2596,#2597,#2598,#2599,#2600,#2601,#2602,
    #2603,#2604),.UNSPECIFIED.,.F.,.F.,(8,6,6,6,6,6,6,6,6,6,8),(0.,
    0.178784108727,0.320279043843,0.375348372471,0.404116732257,
    0.459876377562,0.517300954718,0.546114812691,0.603142206798,
    0.788948075492,1.),.UNSPECIFIED.);
#2543 = CARTESIAN_POINT('',(70.,-20.,-5.));
#2544 = CARTESIAN_POINT('',(70.25601259948,-20.,-5.34135013264));
#2545 = CARTESIAN_POINT('',(70.509599027441,-19.98640623,-5.68607326918)
  );
#2546 = CARTESIAN_POINT('',(70.760312148671,-19.95873358508,
    -6.034402427459));
#2547 = CARTESIAN_POINT('',(71.007473831578,-19.9163244289,
    -6.386537695793));
#2548 = CARTESIAN_POINT('',(71.250124117634,-19.85831152024,
    -6.74269821343));
#2549 = CARTESIAN_POINT('',(71.486986331964,-19.78359981969,
    -7.103172525972));
#2550 = CARTESIAN_POINT('',(71.897681922166,-19.61686374155,
    -7.757711944539));
#2551 = CARTESIAN_POINT('',(72.074215663206,-19.53175761839,
    -8.049720728522));
#2552 = CARTESIAN_POINT('',(72.24508021939,-19.43436344932,
    -8.345055566014));
#2553 = CARTESIAN_POINT('',(72.409043169129,-19.32366456061,
    -8.643937140457));
#2554 = CARTESIAN_POINT('',(72.564369667524,-19.19850450912,
    -8.946368543408));
#2555 = CARTESIAN_POINT('',(72.708782122675,-19.05756516296,
    -9.252168414126));
#2556 = CARTESIAN_POINT('',(72.890253711237,-18.8376893347,
    -9.681184481381));
#2557 = CARTESIAN_POINT('',(72.938991241921,-18.77348184357,
    -9.801798339319));
#2558 = CARTESIAN_POINT('',(72.98545053553,-18.70658969741,
    -9.922790776737));
#2559 = CARTESIAN_POINT('',(73.029435499866,-18.63694213291,
    -10.04409508779));
#2560 = CARTESIAN_POINT('',(73.070735547705,-18.5644809563,
    -10.16561906834));
#2561 = CARTESIAN_POINT('',(73.10913239984,-18.48916642948,
    -10.28724383423));
#2562 = CARTESIAN_POINT('',(73.162834372079,-18.37014001174,
    -10.47233572233));
#2563 = CARTESIAN_POINT('',(73.180409523552,-18.32851465488,
    -10.53583525637));
#2564 = CARTESIAN_POINT('',(73.197101041521,-18.2861056508,
    -10.59929936021));
#2565 = CARTESIAN_POINT('',(73.212877662488,-18.24291372231,
    -10.66270374739));
#2566 = CARTESIAN_POINT('',(73.227708728601,-18.19894214104,
    -10.7260217199));
#2567 = CARTESIAN_POINT('',(73.241564755769,-18.15419711875,
    -10.7892241613));
#2568 = CARTESIAN_POINT('',(73.279330525291,-18.02048152784,
    -10.97449522165));
#2569 = CARTESIAN_POINT('',(73.30047883272,-17.9293948212,
    -11.09617255532));
#2570 = CARTESIAN_POINT('',(73.317655306066,-17.83551122825,
    -11.21706166155));
#2571 = CARTESIAN_POINT('',(73.330686120775,-17.73894729963,
    -11.33690147821));
#2572 = CARTESIAN_POINT('',(73.339443516211,-17.63985909987,
    -11.45542202701));
#2573 = CARTESIAN_POINT('',(73.343858066122,-17.53844832016,
    -11.57234669014));
#2574 = CARTESIAN_POINT('',(73.344006008302,-17.32839864639,
    -11.80587750519));
#2575 = CARTESIAN_POINT('',(73.339476270635,-17.21961371076,
    -11.92239282157));
#2576 = CARTESIAN_POINT('',(73.330339096019,-17.1088903235,
    -12.03663136129));
#2577 = CARTESIAN_POINT('',(73.316671580464,-16.99650609984,
    -12.1483430499));
#2578 = CARTESIAN_POINT('',(73.298616189811,-16.8827361686,
    -12.25732993627));
#2579 = CARTESIAN_POINT('',(73.276366393455,-16.76784980985,
    -12.36343931557));
#2580 = CARTESIAN_POINT('',(73.236998884359,-16.59403101464,
    -12.51829800926));
#2581 = CARTESIAN_POINT('',(73.222846499966,-16.53573557047,
    -12.56928927585));
#2582 = CARTESIAN_POINT('',(73.207723381629,-16.47725089446,
    -12.61951848389));
#2583 = CARTESIAN_POINT('',(73.19165941944,-16.41860502186,
    -12.66897700662));
#2584 = CARTESIAN_POINT('',(73.174685592304,-16.35982385822,
    -12.71765936692));
#2585 = CARTESIAN_POINT('',(73.156833403374,-16.3009311489,
    -12.76556284567));
#2586 = CARTESIAN_POINT('',(73.101125725575,-16.12521192168,
    -12.90595376944));
#2587 = CARTESIAN_POINT('',(73.060800804657,-16.00812711516,
    -12.99616457727));
#2588 = CARTESIAN_POINT('',(73.017402982956,-15.89085378502,
    -13.08332393962));
#2589 = CARTESIAN_POINT('',(72.971173584015,-15.77352339189,
    -13.16746601538));
#2590 = CARTESIAN_POINT('',(72.92234421662,-15.65623977796,
    -13.24864792104));
#2591 = CARTESIAN_POINT('',(72.871129166706,-15.53907984416,
    -13.3269429556));
#2592 = CARTESIAN_POINT('',(72.643693576218,-15.04093330408,
    -13.64839713607));
#2593 = CARTESIAN_POINT('',(72.446656540716,-14.66227879889,
    -13.86417117952));
#2594 = CARTESIAN_POINT('',(72.232825093095,-14.28675039287,
    -14.0535404387));
#2595 = CARTESIAN_POINT('',(72.00664405911,-13.91478863261,
    -14.21916195478));
#2596 = CARTESIAN_POINT('',(71.771257491202,-13.54649740446,
    -14.36332857732));
#2597 = CARTESIAN_POINT('',(71.528640865324,-13.18147614183,
    -14.48794881758));
#2598 = CARTESIAN_POINT('',(70.99696849753,-12.4066377729,
    -14.71558268572));
#2599 = CARTESIAN_POINT('',(70.706605031633,-11.99823500572,
    -14.81313578083));
#2600 = CARTESIAN_POINT('',(70.410654596661,-11.5928943618,
    -14.88926371428));
#2601 = CARTESIAN_POINT('',(70.110501073594,-11.19044989892,
    -14.94519837432));
#2602 = CARTESIAN_POINT('',(69.807185181624,-10.79083540669,
    -14.98188650325));
#2603 = CARTESIAN_POINT('',(69.501439361219,-10.39403268816,-15.));
#2604 = CARTESIAN_POINT('',(69.193751525134,-10.,-15.));
#2605 = PCURVE('',#1685,#2606);
#2606 = DEFINITIONAL_REPRESENTATION('',(#2607),#2670);
#2607 = B_SPLINE_CURVE_WITH_KNOTS('',7,(#2608,#2609,#2610,#2611,#2612,
    #2613,#2614,#2615,#2616,#2617,#2618,#2619,#2620,#2621,#2622,#2623,
    #2624,#2625,#2626,#2627,#2628,#2629,#2630,#2631,#2632,#2633,#2634,
    #2635,#2636,#2637,#2638,#2639,#2640,#2641,#2642,#2643,#2644,#2645,
    #2646,#2647,#2648,#2649,#2650,#2651,#2652,#2653,#2654,#2655,#2656,
    #2657,#2658,#2659,#2660,#2661,#2662,#2663,#2664,#2665,#2666,#2667,
    #2668,#2669),.UNSPECIFIED.,.F.,.F.,(8,6,6,6,6,6,6,6,6,6,8),(0.,
    0.178784108727,0.320279043843,0.375348372471,0.404116732257,
    0.459876377562,0.517300954718,0.546114812691,0.603142206798,
    0.788948075492,1.),.UNSPECIFIED.);
#2608 = CARTESIAN_POINT('',(0.,32.));
#2609 = CARTESIAN_POINT('',(3.413501326401E-02,32.25601259948));
#2610 = CARTESIAN_POINT('',(6.860731455803E-02,32.509599027441));
#2611 = CARTESIAN_POINT('',(0.103505254879,32.760312148671));
#2612 = CARTESIAN_POINT('',(0.138919302591,33.007473831578));
#2613 = CARTESIAN_POINT('',(0.174952704304,33.250124117634));
#2614 = CARTESIAN_POINT('',(0.211728859335,33.486986331964));
#2615 = CARTESIAN_POINT('',(0.279273124096,33.897681922166));
#2616 = CARTESIAN_POINT('',(0.309671221326,34.074215663206));
#2617 = CARTESIAN_POINT('',(0.340738241238,34.24508021939));
#2618 = CARTESIAN_POINT('',(0.372571710605,34.409043169129));
#2619 = CARTESIAN_POINT('',(0.40526265545,34.564369667524));
#2620 = CARTESIAN_POINT('',(0.438904929372,34.708782122675));
#2621 = CARTESIAN_POINT('',(0.487112829743,34.890253711237));
#2622 = CARTESIAN_POINT('',(0.500775109717,34.938991241921));
#2623 = CARTESIAN_POINT('',(0.514597537242,34.98545053553));
#2624 = CARTESIAN_POINT('',(0.528581868169,35.029435499866));
#2625 = CARTESIAN_POINT('',(0.542727468175,35.070735547705));
#2626 = CARTESIAN_POINT('',(0.557030931351,35.10913239984));
#2627 = CARTESIAN_POINT('',(0.579036906712,35.162834372079));
#2628 = CARTESIAN_POINT('',(0.586629283761,35.180409523552));
#2629 = CARTESIAN_POINT('',(0.594261769555,35.197101041521));
#2630 = CARTESIAN_POINT('',(0.601933020989,35.212877662488));
#2631 = CARTESIAN_POINT('',(0.609641386228,35.227708728601));
#2632 = CARTESIAN_POINT('',(0.617384878716,35.241564755769));
#2633 = CARTESIAN_POINT('',(0.640233341478,35.279330525291));
#2634 = CARTESIAN_POINT('',(0.655430434191,35.30047883272));
#2635 = CARTESIAN_POINT('',(0.67073286238,35.317655306066));
#2636 = CARTESIAN_POINT('',(0.686118684256,35.330686120775));
#2637 = CARTESIAN_POINT('',(0.701563134822,35.339443516211));
#2638 = CARTESIAN_POINT('',(0.717038177525,35.343858066122));
#2639 = CARTESIAN_POINT('',(0.748447970111,35.344006008302));
#2640 = CARTESIAN_POINT('',(0.76438571529,35.339476270635));
#2641 = CARTESIAN_POINT('',(0.780290452197,35.330339096019));
#2642 = CARTESIAN_POINT('',(0.796131593765,35.316671580464));
#2643 = CARTESIAN_POINT('',(0.811882280429,35.298616189811));
#2644 = CARTESIAN_POINT('',(0.827518855444,35.276366393455));
#2645 = CARTESIAN_POINT('',(0.850798500756,35.236998884359));
#2646 = CARTESIAN_POINT('',(0.858543156699,35.222846499966));
#2647 = CARTESIAN_POINT('',(0.866252017978,35.207723381629));
#2648 = CARTESIAN_POINT('',(0.873923155298,35.19165941944));
#2649 = CARTESIAN_POINT('',(0.881554973965,35.174685592304));
#2650 = CARTESIAN_POINT('',(0.889146187721,35.156833403374));
#2651 = CARTESIAN_POINT('',(0.911637710189,35.101125725575));
#2652 = CARTESIAN_POINT('',(0.926416086582,35.060800804657));
#2653 = CARTESIAN_POINT('',(0.941024186497,35.017402982956));
#2654 = CARTESIAN_POINT('',(0.955458755359,34.971173584015));
#2655 = CARTESIAN_POINT('',(0.969719590619,34.92234421662));
#2656 = CARTESIAN_POINT('',(0.98380911308,34.871129166706));
#2657 = CARTESIAN_POINT('',(1.043095095027,34.643693576218));
#2658 = CARTESIAN_POINT('',(1.086610786711,34.446656540716));
#2659 = CARTESIAN_POINT('',(1.12858441232,34.232825093095));
#2660 = CARTESIAN_POINT('',(1.169220425059,34.00664405911));
#2661 = CARTESIAN_POINT('',(1.20870830263,33.771257491202));
#2662 = CARTESIAN_POINT('',(1.247243001835,33.528640865324));
#2663 = CARTESIAN_POINT('',(1.328001386903,32.99696849753));
#2664 = CARTESIAN_POINT('',(1.369935441322,32.706605031633));
#2665 = CARTESIAN_POINT('',(1.411101068434,32.410654596661));
#2666 = CARTESIAN_POINT('',(1.451651322671,32.110501073594));
#2667 = CARTESIAN_POINT('',(1.491712807831,31.807185181624));
#2668 = CARTESIAN_POINT('',(1.531393057979,31.501439361219));
#2669 = CARTESIAN_POINT('',(1.570796326795,31.193751525134));
#2670 = ( GEOMETRIC_REPRESENTATION_CONTEXT(2) 
PARAMETRIC_REPRESENTATION_CONTEXT() REPRESENTATION_CONTEXT('2D SPACE',''
  ) );
#2671 = PCURVE('',#1769,#2672);
#2672 = DEFINITIONAL_REPRESENTATION('',(#2673),#2736);
#2673 = B_SPLINE_CURVE_WITH_KNOTS('',7,(#2674,#2675,#2676,#2677,#2678,
    #2679,#2680,#2681,#2682,#2683,#2684,#2685,#2686,#2687,#2688,#2689,
    #2690,#2691,#2692,#2693,#2694,#2695,#2696,#2697,#2698,#2699,#2700,
    #2701,#2702,#2703,#2704,#2705,#2706,#2707,#2708,#2709,#2710,#2711,
    #2712,#2713,#2714,#2715,#2716,#2717,#2718,#2719,#2720,#2721,#2722,
    #2723,#2724,#2725,#2726,#2727,#2728,#2729,#2730,#2731,#2732,#2733,
    #2734,#2735),.UNSPECIFIED.,.F.,.F.,(8,6,6,6,6,6,6,6,6,6,8),(0.,
    0.178784108727,0.320279043843,0.375348372471,0.404116732257,
    0.459876377562,0.517300954718,0.546114812691,0.603142206798,
    0.788948075492,1.),.UNSPECIFIED.);
#2674 = CARTESIAN_POINT('',(4.171969480114,-0.368267893437));
#2675 = CARTESIAN_POINT('',(4.181381708036,-0.382903159633));
#2676 = CARTESIAN_POINT('',(4.190528904968,-0.397779465569));
#2677 = CARTESIAN_POINT('',(4.199392541349,-0.412917652511));
#2678 = CARTESIAN_POINT('',(4.207940980512,-0.42833876385));
#2679 = CARTESIAN_POINT('',(4.216125405796,-0.444066794918));
#2680 = CARTESIAN_POINT('',(4.223876894938,-0.460131027333));
#2681 = CARTESIAN_POINT('',(4.23678975015,-0.489595884657));
#2682 = CARTESIAN_POINT('',(4.242149660912,-0.502843060579));
#2683 = CARTESIAN_POINT('',(4.247114949027,-0.516352123405));
#2684 = CARTESIAN_POINT('',(4.251610423927,-0.530145288453));
#2685 = CARTESIAN_POINT('',(4.255532478484,-0.544236842766));
#2686 = CARTESIAN_POINT('',(4.258741791289,-0.558634223007));
#2687 = CARTESIAN_POINT('',(4.261950800538,-0.5790612551));
#2688 = CARTESIAN_POINT('',(4.262713313547,-0.584828796973));
#2689 = CARTESIAN_POINT('',(4.263328355895,-0.59064003164));
#2690 = CARTESIAN_POINT('',(4.263783779196,-0.596492791025));
#2691 = CARTESIAN_POINT('',(4.264066601487,-0.60238363643));
#2692 = CARTESIAN_POINT('',(4.264163372512,-0.60830773222));
#2693 = CARTESIAN_POINT('',(4.264006818517,-0.617367530647));
#2694 = CARTESIAN_POINT('',(4.263898630354,-0.620483630999));
#2695 = CARTESIAN_POINT('',(4.263734058905,-0.623606065596));
#2696 = CARTESIAN_POINT('',(4.263511193776,-0.626733748429));
#2697 = CARTESIAN_POINT('',(4.263228166096,-0.629865457839));
#2698 = CARTESIAN_POINT('',(4.262883184843,-0.632999831919));
#2699 = CARTESIAN_POINT('',(4.261682590474,-0.642212740366));
#2700 = CARTESIAN_POINT('',(4.260651465583,-0.648295169206));
#2701 = CARTESIAN_POINT('',(4.259369077571,-0.654370692177));
#2702 = CARTESIAN_POINT('',(4.257824972361,-0.660426408049));
#2703 = CARTESIAN_POINT('',(4.256011341109,-0.666448531724));
#2704 = CARTESIAN_POINT('',(4.253923998594,-0.672422453344));
#2705 = CARTESIAN_POINT('',(4.249132238184,-0.684419618902));
#2706 = CARTESIAN_POINT('',(4.246410806092,-0.690440189559));
#2707 = CARTESIAN_POINT('',(4.243399331028,-0.696377631034));
#2708 = CARTESIAN_POINT('',(4.240102129842,-0.702217506697));
#2709 = CARTESIAN_POINT('',(4.236527059269,-0.707947608415));
#2710 = CARTESIAN_POINT('',(4.232685004639,-0.713557743341));
#2711 = CARTESIAN_POINT('',(4.226534306453,-0.72179010524));
#2712 = CARTESIAN_POINT('',(4.224415263441,-0.724508551935));
#2713 = CARTESIAN_POINT('',(4.222233818331,-0.727193922595));
#2714 = CARTESIAN_POINT('',(4.219991633226,-0.729845454151));
#2715 = CARTESIAN_POINT('',(4.217690424272,-0.732462542561));
#2716 = CARTESIAN_POINT('',(4.215331932358,-0.735044726703));
#2717 = CARTESIAN_POINT('',(4.208140111981,-0.742632499148));
#2718 = CARTESIAN_POINT('',(4.203144910364,-0.74753510491));
#2719 = CARTESIAN_POINT('',(4.197945526664,-0.752297266666));
#2720 = CARTESIAN_POINT('',(4.192555186441,-0.756918380729));
#2721 = CARTESIAN_POINT('',(4.186986615645,-0.761399155062));
#2722 = CARTESIAN_POINT('',(4.181251553142,-0.765741301724));
#2723 = CARTESIAN_POINT('',(4.156165343798,-0.783650924552));
#2724 = CARTESIAN_POINT('',(4.135345113094,-0.795885055293));
#2725 = CARTESIAN_POINT('',(4.113209924,-0.806782743897));
#2726 = CARTESIAN_POINT('',(4.090020259399,-0.816435346405));
#2727 = CARTESIAN_POINT('',(4.065987065144,-0.824926758365));
#2728 = CARTESIAN_POINT('',(4.0412562496,-0.83233152634));
#2729 = CARTESIAN_POINT('',(3.987103402747,-0.845953663279));
#2730 = CARTESIAN_POINT('',(3.957553804066,-0.851859589295));
#2731 = CARTESIAN_POINT('',(3.927431890268,-0.856506866969));
#2732 = CARTESIAN_POINT('',(3.896910290178,-0.859940333427));
#2733 = CARTESIAN_POINT('',(3.866157272851,-0.862198300294));
#2734 = CARTESIAN_POINT('',(3.835327673493,-0.863313115016));
#2735 = CARTESIAN_POINT('',(3.804558889884,-0.863313115016));
#2736 = ( GEOMETRIC_REPRESENTATION_CONTEXT(2) 
PARAMETRIC_REPRESENTATION_CONTEXT() REPRESENTATION_CONTEXT('2D SPACE',''
  ) );
#2737 = ORIENTED_EDGE('',*,*,#2482,.F.);
#2738 = ADVANCED_FACE('',(#2739,#3679),#1769,.T.);
#2739 = FACE_BOUND('',#2740,.T.);
#2740 = EDGE_LOOP('',(#2741,#2767,#2768,#2797,#2948,#2983,#3188,#3217,
    #3241,#3242,#3266,#3471,#3506,#3657));
#2741 = ORIENTED_EDGE('',*,*,#2742,.T.);
#2742 = EDGE_CURVE('',#2743,#2745,#2747,.T.);
#2743 = VERTEX_POINT('',#2744);
#2744 = CARTESIAN_POINT('',(104.44994432064,-5.498650490663E-15,15.));
#2745 = VERTEX_POINT('',#2746);
#2746 = CARTESIAN_POINT('',(82.,-3.749399456655E-31,29.));
#2747 = SEAM_CURVE('',#2748,(#2753,#2760),.PCURVE_S1.);
#2748 = CIRCLE('',#2749,25.);
#2749 = AXIS2_PLACEMENT_3D('',#2750,#2751,#2752);
#2750 = CARTESIAN_POINT('',(82.,0.,4.));
#2751 = DIRECTION('',(-2.449293598295E-16,-1.,0.));
#2752 = DIRECTION('',(1.,-2.449293598295E-16,0.));
#2753 = PCURVE('',#1769,#2754);
#2754 = DEFINITIONAL_REPRESENTATION('',(#2755),#2759);
#2755 = LINE('',#2756,#2757);
#2756 = CARTESIAN_POINT('',(6.28318530718,-6.28318530718));
#2757 = VECTOR('',#2758,1.);
#2758 = DIRECTION('',(0.,1.));
#2759 = ( GEOMETRIC_REPRESENTATION_CONTEXT(2) 
PARAMETRIC_REPRESENTATION_CONTEXT() REPRESENTATION_CONTEXT('2D SPACE',''
  ) );
#2760 = PCURVE('',#1769,#2761);
#2761 = DEFINITIONAL_REPRESENTATION('',(#2762),#2766);
#2762 = LINE('',#2763,#2764);
#2763 = CARTESIAN_POINT('',(0.,-6.28318530718));
#2764 = VECTOR('',#2765,1.);
#2765 = DIRECTION('',(0.,1.));
#2766 = ( GEOMETRIC_REPRESENTATION_CONTEXT(2) 
PARAMETRIC_REPRESENTATION_CONTEXT() REPRESENTATION_CONTEXT('2D SPACE',''
  ) );
#2767 = ORIENTED_EDGE('',*,*,#2742,.F.);
#2768 = ORIENTED_EDGE('',*,*,#2769,.T.);
#2769 = EDGE_CURVE('',#2743,#2770,#2772,.T.);
#2770 = VERTEX_POINT('',#2771);
#2771 = CARTESIAN_POINT('',(102.09975124224,10.,15.));
#2772 = SURFACE_CURVE('',#2773,(#2778,#2785),.PCURVE_S1.);
#2773 = CIRCLE('',#2774,22.449944320644);
#2774 = AXIS2_PLACEMENT_3D('',#2775,#2776,#2777);
#2775 = CARTESIAN_POINT('',(82.,0.,15.));
#2776 = DIRECTION('',(0.,0.,1.));
#2777 = DIRECTION('',(1.,0.,-0.));
#2778 = PCURVE('',#1769,#2779);
#2779 = DEFINITIONAL_REPRESENTATION('',(#2780),#2784);
#2780 = LINE('',#2781,#2782);
#2781 = CARTESIAN_POINT('',(0.,0.455598673396));
#2782 = VECTOR('',#2783,1.);
#2783 = DIRECTION('',(1.,0.));
#2784 = ( GEOMETRIC_REPRESENTATION_CONTEXT(2) 
PARAMETRIC_REPRESENTATION_CONTEXT() REPRESENTATION_CONTEXT('2D SPACE',''
  ) );
#2785 = PCURVE('',#2786,#2791);
#2786 = PLANE('',#2787);
#2787 = AXIS2_PLACEMENT_3D('',#2788,#2789,#2790);
#2788 = CARTESIAN_POINT('',(38.,-20.,15.));
#2789 = DIRECTION('',(0.,0.,1.));
#2790 = DIRECTION('',(1.,0.,-0.));
#2791 = DEFINITIONAL_REPRESENTATION('',(#2792),#2796);
#2792 = CIRCLE('',#2793,22.449944320644);
#2793 = AXIS2_PLACEMENT_2D('',#2794,#2795);
#2794 = CARTESIAN_POINT('',(44.,20.));
#2795 = DIRECTION('',(1.,0.));
#2796 = ( GEOMETRIC_REPRESENTATION_CONTEXT(2) 
PARAMETRIC_REPRESENTATION_CONTEXT() REPRESENTATION_CONTEXT('2D SPACE',''
  ) );
#2797 = ORIENTED_EDGE('',*,*,#2798,.F.);
#2798 = EDGE_CURVE('',#2799,#2770,#2801,.T.);
#2799 = VERTEX_POINT('',#2800);
#2800 = CARTESIAN_POINT('',(96.966629547096,20.,5.));
#2801 = SURFACE_CURVE('',#2802,(#2847,#2895),.PCURVE_S1.);
#2802 = B_SPLINE_CURVE_WITH_KNOTS('',7,(#2803,#2804,#2805,#2806,#2807,
    #2808,#2809,#2810,#2811,#2812,#2813,#2814,#2815,#2816,#2817,#2818,
    #2819,#2820,#2821,#2822,#2823,#2824,#2825,#2826,#2827,#2828,#2829,
    #2830,#2831,#2832,#2833,#2834,#2835,#2836,#2837,#2838,#2839,#2840,
    #2841,#2842,#2843,#2844,#2845,#2846),.UNSPECIFIED.,.F.,.F.,(8,6,6,6,
    6,6,6,8),(0.,5.725130143404E-02,0.231011277209,0.337080380585,
    0.472353379015,0.578196286107,0.891753742348,1.),.UNSPECIFIED.);
#2803 = CARTESIAN_POINT('',(96.966629547096,20.,5.));
#2804 = CARTESIAN_POINT('',(96.957012668142,20.,5.143932264696));
#2805 = CARTESIAN_POINT('',(96.948990527947,19.997583069854,
    5.288058005611));
#2806 = CARTESIAN_POINT('',(96.942580528776,19.992737532692,
    5.432298167116));
#2807 = CARTESIAN_POINT('',(96.937796574106,19.985455934435,
    5.576568544923));
#2808 = CARTESIAN_POINT('',(96.934648429367,19.975735916081,
    5.720779863114));
#2809 = CARTESIAN_POINT('',(96.933141082686,19.963581085997,
    5.864837851174));
#2810 = CARTESIAN_POINT('',(96.933677835568,19.904753459448,
    6.445098638754));
#2811 = CARTESIAN_POINT('',(96.949191872171,19.838157806429,
    6.879375362277));
#2812 = CARTESIAN_POINT('',(96.979822812394,19.749491837733,
    7.308603983113));
#2813 = CARTESIAN_POINT('',(97.025098501203,19.639549731031,
    7.730372614115));
#2814 = CARTESIAN_POINT('',(97.08420892399,19.509460825126,
    8.142656690272));
#2815 = CARTESIAN_POINT('',(97.156121332855,19.360571509263,
    8.543768136299));
#2816 = CARTESIAN_POINT('',(97.290670364984,19.092948848391,
    9.169511949453));
#2817 = CARTESIAN_POINT('',(97.346019637182,18.985038337266,
    9.402079064085));
#2818 = CARTESIAN_POINT('',(97.405466863301,18.870974191488,
    9.629761629562));
#2819 = CARTESIAN_POINT('',(97.468755293498,18.751072644882,
    9.852354217094));
#2820 = CARTESIAN_POINT('',(97.535629212928,18.625644087553,
    10.069701907432));
#2821 = CARTESIAN_POINT('',(97.605841166478,18.494985599527,
    10.281692513873));
#2822 = CARTESIAN_POINT('',(97.772663773308,18.186423427739,
    10.751676023853));
#2823 = CARTESIAN_POINT('',(97.871215838021,18.005424746452,
    11.006252305382));
#2824 = CARTESIAN_POINT('',(97.974336488436,17.816942963817,
    11.251836088083));
#2825 = CARTESIAN_POINT('',(98.081576738291,17.621508968613,
    11.488344657183));
#2826 = CARTESIAN_POINT('',(98.192523063447,17.419612066536,
    11.715743633609));
#2827 = CARTESIAN_POINT('',(98.306802961057,17.211693031636,
    11.934036462698));
#2828 = CARTESIAN_POINT('',(98.515860892755,16.831042654171,
    12.306953845567));
#2829 = CARTESIAN_POINT('',(98.609469252481,16.660503092862,
    12.465092098806));
#2830 = CARTESIAN_POINT('',(98.704757242613,16.486706344089,
    12.617681240177));
#2831 = CARTESIAN_POINT('',(98.801578038976,16.309829408591,
    12.764735982421));
#2832 = CARTESIAN_POINT('',(98.899796247438,16.130038029321,
    12.906272760844));
#2833 = CARTESIAN_POINT('',(98.999287812823,15.947486303182,
    13.042309320714));
#2834 = CARTESIAN_POINT('',(99.398119768234,15.21375390886,
    13.559630785104));
#2835 = CARTESIAN_POINT('',(99.706380927868,14.642403810836,
    13.898154779882));
#2836 = CARTESIAN_POINT('',(100.02192614625,14.051713739948,
    14.189165826167));
#2837 = CARTESIAN_POINT('',(100.3424511952,13.444869623519,
    14.432782566809));
#2838 = CARTESIAN_POINT('',(100.66601690233,12.824893261816,
    14.628979451672));
#2839 = CARTESIAN_POINT('',(100.99101273163,12.194599385307,
    14.777573920788));
#2840 = CARTESIAN_POINT('',(101.42836462287,11.336279857894,
    14.912823959528));
#2841 = CARTESIAN_POINT('',(101.54060259087,11.115112104187,
    14.941802017029));
#2842 = CARTESIAN_POINT('',(101.65278194751,10.893162752749,
    14.965030921899));
#2843 = CARTESIAN_POINT('',(101.76484373384,10.670552464544,
    14.982489504154));
#2844 = CARTESIAN_POINT('',(101.87673017364,10.447404408742,
    14.994154293149));
#2845 = CARTESIAN_POINT('',(101.98838457671,10.223844227374,15.));
#2846 = CARTESIAN_POINT('',(102.09975124224,10.,15.));
#2847 = PCURVE('',#1769,#2848);
#2848 = DEFINITIONAL_REPRESENTATION('',(#2849),#2894);
#2849 = B_SPLINE_CURVE_WITH_KNOTS('',7,(#2850,#2851,#2852,#2853,#2854,
    #2855,#2856,#2857,#2858,#2859,#2860,#2861,#2862,#2863,#2864,#2865,
    #2866,#2867,#2868,#2869,#2870,#2871,#2872,#2873,#2874,#2875,#2876,
    #2877,#2878,#2879,#2880,#2881,#2882,#2883,#2884,#2885,#2886,#2887,
    #2888,#2889,#2890,#2891,#2892,#2893),.UNSPECIFIED.,.F.,.F.,(8,6,6,6,
    6,6,6,8),(0.,5.725130143404E-02,0.231011277209,0.337080380585,
    0.472353379015,0.578196286107,0.891753742348,1.),.UNSPECIFIED.);
#2850 = CARTESIAN_POINT('',(0.928363928008,4.001067435399E-02));
#2851 = CARTESIAN_POINT('',(0.928672161308,4.577257630869E-02));
#2852 = CARTESIAN_POINT('',(0.928871476808,5.154377414179E-02));
#2853 = CARTESIAN_POINT('',(0.928960982671,5.732142426328E-02));
#2854 = CARTESIAN_POINT('',(0.928939943725,6.310247740966E-02));
#2855 = CARTESIAN_POINT('',(0.928807823916,6.888367636452E-02));
#2856 = CARTESIAN_POINT('',(0.928564328762,7.466155367919E-02));
#2857 = CARTESIAN_POINT('',(0.927132370033,9.794726659656E-02));
#2858 = CARTESIAN_POINT('',(0.925028887877,0.115403525204));
#2859 = CARTESIAN_POINT('',(0.921897813284,0.132694486567));
#2860 = CARTESIAN_POINT('',(0.917761108836,0.149730440339));
#2861 = CARTESIAN_POINT('',(0.912656384651,0.16643485917));
#2862 = CARTESIAN_POINT('',(0.906632215066,0.182741986127));
#2863 = CARTESIAN_POINT('',(0.895542859008,0.208273572812));
#2864 = CARTESIAN_POINT('',(0.891017282198,0.217784761175));
#2865 = CARTESIAN_POINT('',(0.886181425028,0.227118760207));
#2866 = CARTESIAN_POINT('',(0.881047481723,0.236266958264));
#2867 = CARTESIAN_POINT('',(0.875627619557,0.245222504843));
#2868 = CARTESIAN_POINT('',(0.869933638018,0.253980043644));
#2869 = CARTESIAN_POINT('',(0.856379480631,0.273446397513));
#2870 = CARTESIAN_POINT('',(0.848354891518,0.28402807659));
#2871 = CARTESIAN_POINT('',(0.839925531764,0.294272682328));
#2872 = CARTESIAN_POINT('',(0.831113068999,0.304174295031));
#2873 = CARTESIAN_POINT('',(0.821937852283,0.313728576258));
#2874 = CARTESIAN_POINT('',(0.812418597012,0.322932469231));
#2875 = CARTESIAN_POINT('',(0.794867760229,0.338709605735));
#2876 = CARTESIAN_POINT('',(0.786963361188,0.345419291314));
#2877 = CARTESIAN_POINT('',(0.778867055056,0.351911865474));
#2878 = CARTESIAN_POINT('',(0.770586752518,0.358186257369));
#2879 = CARTESIAN_POINT('',(0.762130081751,0.364241423438));
#2880 = CARTESIAN_POINT('',(0.753504377582,0.370076355041));
#2881 = CARTESIAN_POINT('',(0.718683267828,0.392320649956));
#2882 = CARTESIAN_POINT('',(0.691237141314,0.40700410401));
#2883 = CARTESIAN_POINT('',(0.662549813125,0.419725698702));
#2884 = CARTESIAN_POINT('',(0.632799383153,0.430445109232));
#2885 = CARTESIAN_POINT('',(0.602180268666,0.439119768506));
#2886 = CARTESIAN_POINT('',(0.57089803509,0.445710004755));
#2887 = CARTESIAN_POINT('',(0.528199961635,0.451718645734));
#2888 = CARTESIAN_POINT('',(0.517189089672,0.45300737072));
#2889 = CARTESIAN_POINT('',(0.506133890972,0.45404123589));
#2890 = CARTESIAN_POINT('',(0.495043733384,0.454818693596));
#2891 = CARTESIAN_POINT('',(0.483928230382,0.455338285276));
#2892 = CARTESIAN_POINT('',(0.472797181937,0.455598673396));
#2893 = CARTESIAN_POINT('',(0.461660515384,0.455598673396));
#2894 = ( GEOMETRIC_REPRESENTATION_CONTEXT(2) 
PARAMETRIC_REPRESENTATION_CONTEXT() REPRESENTATION_CONTEXT('2D SPACE',''
  ) );
#2895 = PCURVE('',#2896,#2901);
#2896 = CYLINDRICAL_SURFACE('',#2897,10.);
#2897 = AXIS2_PLACEMENT_3D('',#2898,#2899,#2900);
#2898 = CARTESIAN_POINT('',(38.,10.,5.));
#2899 = DIRECTION('',(1.,0.,-0.));
#2900 = DIRECTION('',(0.,1.,0.));
#2901 = DEFINITIONAL_REPRESENTATION('',(#2902),#2947);
#2902 = B_SPLINE_CURVE_WITH_KNOTS('',7,(#2903,#2904,#2905,#2906,#2907,
    #2908,#2909,#2910,#2911,#2912,#2913,#2914,#2915,#2916,#2917,#2918,
    #2919,#2920,#2921,#2922,#2923,#2924,#2925,#2926,#2927,#2928,#2929,
    #2930,#2931,#2932,#2933,#2934,#2935,#2936,#2937,#2938,#2939,#2940,
    #2941,#2942,#2943,#2944,#2945,#2946),.UNSPECIFIED.,.F.,.F.,(8,6,6,6,
    6,6,6,8),(0.,5.725130143404E-02,0.231011277209,0.337080380585,
    0.472353379015,0.578196286107,0.891753742348,1.),.UNSPECIFIED.);
#2903 = CARTESIAN_POINT('',(0.,58.966629547096));
#2904 = CARTESIAN_POINT('',(1.439322646964E-02,58.957012668142));
#2905 = CARTESIAN_POINT('',(2.880580183454E-02,58.948990527947));
#2906 = CARTESIAN_POINT('',(4.323468629667E-02,58.942580528776));
#2907 = CARTESIAN_POINT('',(5.767639336252E-02,58.937796574106));
#2908 = CARTESIAN_POINT('',(7.212695464443E-02,58.934648429367));
#2909 = CARTESIAN_POINT('',(8.658188466194E-02,58.933141082686));
#2910 = CARTESIAN_POINT('',(0.144905402324,58.933677835568));
#2911 = CARTESIAN_POINT('',(0.188783280003,58.949191872171));
#2912 = CARTESIAN_POINT('',(0.232519589588,58.979822812393));
#2913 = CARTESIAN_POINT('',(0.276004022189,59.025098501203));
#2914 = CARTESIAN_POINT('',(0.319149960169,59.08420892399));
#2915 = CARTESIAN_POINT('',(0.361884485097,59.156121332855));
#2916 = CARTESIAN_POINT('',(0.429941608774,59.290670364984));
#2917 = CARTESIAN_POINT('',(0.455568111646,59.346019637182));
#2918 = CARTESIAN_POINT('',(0.481015584451,59.405466863301));
#2919 = CARTESIAN_POINT('',(0.506278982941,59.468755293498));
#2920 = CARTESIAN_POINT('',(0.531356325836,59.535629212928));
#2921 = CARTESIAN_POINT('',(0.556248295306,59.605841166478));
#2922 = CARTESIAN_POINT('',(0.612470631927,59.772663773308));
#2923 = CARTESIAN_POINT('',(0.643685252191,59.871215838021));
#2924 = CARTESIAN_POINT('',(0.674610017793,59.974336488436));
#2925 = CARTESIAN_POINT('',(0.705255541909,60.081576738291));
#2926 = CARTESIAN_POINT('',(0.735634847792,60.192523063447));
#2927 = CARTESIAN_POINT('',(0.765763485219,60.306802961057));
#2928 = CARTESIAN_POINT('',(0.819051578102,60.515860892755));
#2929 = CARTESIAN_POINT('',(0.842300384118,60.609469252481));
#2930 = CARTESIAN_POINT('',(0.865414429805,60.704757242613));
#2931 = CARTESIAN_POINT('',(0.888401859024,60.801578038976));
#2932 = CARTESIAN_POINT('',(0.911270758103,60.899796247438));
#2933 = CARTESIAN_POINT('',(0.934029319265,60.999287812823));
#2934 = CARTESIAN_POINT('',(1.023805971241,61.398119768234));
#2935 = CARTESIAN_POINT('',(1.090008481425,61.706380927868));
#2936 = CARTESIAN_POINT('',(1.155547532685,62.02192614625));
#2937 = CARTESIAN_POINT('',(1.220603349635,62.3424511952));
#2938 = CARTESIAN_POINT('',(1.285339534817,62.666016902332));
#2939 = CARTESIAN_POINT('',(1.349913606129,62.991012731638));
#2940 = CARTESIAN_POINT('',(1.436804628917,63.428364622873));
#2941 = CARTESIAN_POINT('',(1.459102892262,63.540602590875));
#2942 = CARTESIAN_POINT('',(1.481406981949,63.65278194751));
#2943 = CARTESIAN_POINT('',(1.503722760383,63.764843733846));
#2944 = CARTESIAN_POINT('',(1.526055886709,63.876730173647));
#2945 = CARTESIAN_POINT('',(1.548411904058,63.988384576716));
#2946 = CARTESIAN_POINT('',(1.570796326795,64.099751242242));
#2947 = ( GEOMETRIC_REPRESENTATION_CONTEXT(2) 
PARAMETRIC_REPRESENTATION_CONTEXT() REPRESENTATION_CONTEXT('2D SPACE',''
  ) );
#2948 = ORIENTED_EDGE('',*,*,#2949,.T.);
#2949 = EDGE_CURVE('',#2799,#2950,#2952,.T.);
#2950 = VERTEX_POINT('',#2951);
#2951 = CARTESIAN_POINT('',(94.,20.,-5.));
#2952 = SURFACE_CURVE('',#2953,(#2958,#2971),.PCURVE_S1.);
#2953 = CIRCLE('',#2954,15.);
#2954 = AXIS2_PLACEMENT_3D('',#2955,#2956,#2957);
#2955 = CARTESIAN_POINT('',(82.,20.,4.));
#2956 = DIRECTION('',(-0.,1.,0.));
#2957 = DIRECTION('',(0.,0.,1.));
#2958 = PCURVE('',#1769,#2959);
#2959 = DEFINITIONAL_REPRESENTATION('',(#2960),#2970);
#2960 = B_SPLINE_CURVE_WITH_KNOTS('',8,(#2961,#2962,#2963,#2964,#2965,
    #2966,#2967,#2968,#2969),.UNSPECIFIED.,.F.,.F.,(9,9),(1.504080178385
    ,2.214297435588),.PIECEWISE_BEZIER_KNOTS.);
#2961 = CARTESIAN_POINT('',(0.928363928008,4.001067435399E-02));
#2962 = CARTESIAN_POINT('',(0.925518506305,-1.317968790296E-02));
#2963 = CARTESIAN_POINT('',(0.927007734421,-6.660119679958E-02));
#2964 = CARTESIAN_POINT('',(0.932792097419,-0.119842347104));
#2965 = CARTESIAN_POINT('',(0.942915759061,-0.172500572053));
#2966 = CARTESIAN_POINT('',(0.957510346848,-0.224158130799));
#2967 = CARTESIAN_POINT('',(0.976784412557,-0.274361313457));
#2968 = CARTESIAN_POINT('',(1.001002031879,-0.322592422904));
#2969 = CARTESIAN_POINT('',(1.030376826524,-0.368267893437));
#2970 = ( GEOMETRIC_REPRESENTATION_CONTEXT(2) 
PARAMETRIC_REPRESENTATION_CONTEXT() REPRESENTATION_CONTEXT('2D SPACE',''
  ) );
#2971 = PCURVE('',#2972,#2977);
#2972 = PLANE('',#2973);
#2973 = AXIS2_PLACEMENT_3D('',#2974,#2975,#2976);
#2974 = CARTESIAN_POINT('',(38.,20.,-15.));
#2975 = DIRECTION('',(-0.,1.,0.));
#2976 = DIRECTION('',(0.,0.,1.));
#2977 = DEFINITIONAL_REPRESENTATION('',(#2978),#2982);
#2978 = CIRCLE('',#2979,15.);
#2979 = AXIS2_PLACEMENT_2D('',#2980,#2981);
#2980 = CARTESIAN_POINT('',(19.,44.));
#2981 = DIRECTION('',(1.,0.));
#2982 = ( GEOMETRIC_REPRESENTATION_CONTEXT(2) 
PARAMETRIC_REPRESENTATION_CONTEXT() REPRESENTATION_CONTEXT('2D SPACE',''
  ) );
#2983 = ORIENTED_EDGE('',*,*,#2984,.T.);
#2984 = EDGE_CURVE('',#2950,#2985,#2987,.T.);
#2985 = VERTEX_POINT('',#2986);
#2986 = CARTESIAN_POINT('',(94.806248474866,10.,-15.));
#2987 = SURFACE_CURVE('',#2988,(#3051,#3117),.PCURVE_S1.);
#2988 = B_SPLINE_CURVE_WITH_KNOTS('',7,(#2989,#2990,#2991,#2992,#2993,
    #2994,#2995,#2996,#2997,#2998,#2999,#3000,#3001,#3002,#3003,#3004,
    #3005,#3006,#3007,#3008,#3009,#3010,#3011,#3012,#3013,#3014,#3015,
    #3016,#3017,#3018,#3019,#3020,#3021,#3022,#3023,#3024,#3025,#3026,
    #3027,#3028,#3029,#3030,#3031,#3032,#3033,#3034,#3035,#3036,#3037,
    #3038,#3039,#3040,#3041,#3042,#3043,#3044,#3045,#3046,#3047,#3048,
    #3049,#3050),.UNSPECIFIED.,.F.,.F.,(8,6,6,6,6,6,6,6,6,6,8),(0.,
    0.178784108727,0.320279043843,0.375348372471,0.404116732257,
    0.459876377562,0.517300954718,0.546114812691,0.603142206798,
    0.788948075492,1.),.UNSPECIFIED.);
#2989 = CARTESIAN_POINT('',(94.,20.,-5.));
#2990 = CARTESIAN_POINT('',(93.743987400523,20.,-5.341350132636));
#2991 = CARTESIAN_POINT('',(93.490400972551,19.986406230006,
    -5.686073269191));
#2992 = CARTESIAN_POINT('',(93.239687851339,19.958733585086,
    -6.034402427445));
#2993 = CARTESIAN_POINT('',(92.992526168414,19.916324428908,
    -6.386537695804));
#2994 = CARTESIAN_POINT('',(92.74987588237,19.858311520241,
    -6.742698213425));
#2995 = CARTESIAN_POINT('',(92.513013668035,19.783599819691,
    -7.103172525973));
#2996 = CARTESIAN_POINT('',(92.102318077834,19.616863741559,
    -7.757711944539));
#2997 = CARTESIAN_POINT('',(91.925784336794,19.531757618396,
    -8.049720728523));
#2998 = CARTESIAN_POINT('',(91.75491978061,19.434363449326,
    -8.345055566014));
#2999 = CARTESIAN_POINT('',(91.590956830872,19.32366456061,
    -8.643937140457));
#3000 = CARTESIAN_POINT('',(91.435630332475,19.198504509128,
    -8.946368543409));
#3001 = CARTESIAN_POINT('',(91.291217877325,19.057565162969,
    -9.252168414125));
#3002 = CARTESIAN_POINT('',(91.109746288763,18.837689334706,
    -9.681184481381));
#3003 = CARTESIAN_POINT('',(91.061008758079,18.773481843575,
    -9.801798339319));
#3004 = CARTESIAN_POINT('',(91.01454946447,18.706589697412,
    -9.922790776737));
#3005 = CARTESIAN_POINT('',(90.970564500134,18.636942132911,
    -10.04409508779));
#3006 = CARTESIAN_POINT('',(90.929264452295,18.564480956308,
    -10.16561906834));
#3007 = CARTESIAN_POINT('',(90.89086760016,18.489166429488,
    -10.28724383423));
#3008 = CARTESIAN_POINT('',(90.837165627921,18.370140011743,
    -10.47233572233));
#3009 = CARTESIAN_POINT('',(90.819590476448,18.328514654882,
    -10.53583525637));
#3010 = CARTESIAN_POINT('',(90.802898958479,18.286105650806,
    -10.59929936021));
#3011 = CARTESIAN_POINT('',(90.787122337512,18.242913722317,
    -10.66270374739));
#3012 = CARTESIAN_POINT('',(90.772291271399,18.198942141044,
    -10.7260217199));
#3013 = CARTESIAN_POINT('',(90.758435244231,18.154197118755,
    -10.7892241613));
#3014 = CARTESIAN_POINT('',(90.720669474709,18.020481527842,
    -10.97449522165));
#3015 = CARTESIAN_POINT('',(90.69952116728,17.929394821204,
    -11.09617255532));
#3016 = CARTESIAN_POINT('',(90.682344693934,17.835511228259,
    -11.21706166155));
#3017 = CARTESIAN_POINT('',(90.669313879225,17.738947299639,
    -11.33690147821));
#3018 = CARTESIAN_POINT('',(90.660556483789,17.639859099876,
    -11.45542202701));
#3019 = CARTESIAN_POINT('',(90.656141933878,17.538448320168,
    -11.57234669014));
#3020 = CARTESIAN_POINT('',(90.655993991698,17.328398646393,
    -11.80587750519));
#3021 = CARTESIAN_POINT('',(90.660523729365,17.219613710762,
    -11.92239282157));
#3022 = CARTESIAN_POINT('',(90.669660903981,17.108890323505,
    -12.03663136129));
#3023 = CARTESIAN_POINT('',(90.683328419536,16.996506099842,
    -12.1483430499));
#3024 = CARTESIAN_POINT('',(90.701383810189,16.882736168601,
    -12.25732993627));
#3025 = CARTESIAN_POINT('',(90.723633606545,16.767849809857,
    -12.36343931557));
#3026 = CARTESIAN_POINT('',(90.763001115641,16.59403101464,
    -12.51829800926));
#3027 = CARTESIAN_POINT('',(90.777153500034,16.535735570474,
    -12.56928927585));
#3028 = CARTESIAN_POINT('',(90.792276618371,16.477250894466,
    -12.61951848389));
#3029 = CARTESIAN_POINT('',(90.80834058056,16.418605021864,
    -12.66897700662));
#3030 = CARTESIAN_POINT('',(90.825314407696,16.359823858229,
    -12.71765936692));
#3031 = CARTESIAN_POINT('',(90.843166596626,16.300931148901,
    -12.76556284567));
#3032 = CARTESIAN_POINT('',(90.898874274425,16.125211921681,
    -12.90595376944));
#3033 = CARTESIAN_POINT('',(90.939199195343,16.008127115163,
    -12.99616457727));
#3034 = CARTESIAN_POINT('',(90.982597017044,15.890853785028,
    -13.08332393962));
#3035 = CARTESIAN_POINT('',(91.028826415985,15.773523391891,
    -13.16746601538));
#3036 = CARTESIAN_POINT('',(91.07765578338,15.656239777965,
    -13.24864792104));
#3037 = CARTESIAN_POINT('',(91.128870833294,15.539079844166,
    -13.3269429556));
#3038 = CARTESIAN_POINT('',(91.356306423782,15.040933304083,
    -13.64839713607));
#3039 = CARTESIAN_POINT('',(91.553343459284,14.662278798896,
    -13.86417117952));
#3040 = CARTESIAN_POINT('',(91.767174906904,14.286750392877,
    -14.0535404387));
#3041 = CARTESIAN_POINT('',(91.993355940891,13.914788632611,
    -14.21916195478));
#3042 = CARTESIAN_POINT('',(92.228742508798,13.546497404468,
    -14.36332857732));
#3043 = CARTESIAN_POINT('',(92.471359134676,13.181476141839,
    -14.48794881758));
#3044 = CARTESIAN_POINT('',(93.00303150247,12.406637772908,
    -14.71558268572));
#3045 = CARTESIAN_POINT('',(93.293394968367,11.998235005727,
    -14.81313578083));
#3046 = CARTESIAN_POINT('',(93.58934540334,11.592894361806,
    -14.88926371428));
#3047 = CARTESIAN_POINT('',(93.889498926406,11.190449898925,
    -14.94519837432));
#3048 = CARTESIAN_POINT('',(94.192814818376,10.790835406696,
    -14.98188650325));
#3049 = CARTESIAN_POINT('',(94.498560638781,10.39403268816,-15.));
#3050 = CARTESIAN_POINT('',(94.806248474866,10.,-15.));
#3051 = PCURVE('',#1769,#3052);
#3052 = DEFINITIONAL_REPRESENTATION('',(#3053),#3116);
#3053 = B_SPLINE_CURVE_WITH_KNOTS('',7,(#3054,#3055,#3056,#3057,#3058,
    #3059,#3060,#3061,#3062,#3063,#3064,#3065,#3066,#3067,#3068,#3069,
    #3070,#3071,#3072,#3073,#3074,#3075,#3076,#3077,#3078,#3079,#3080,
    #3081,#3082,#3083,#3084,#3085,#3086,#3087,#3088,#3089,#3090,#3091,
    #3092,#3093,#3094,#3095,#3096,#3097,#3098,#3099,#3100,#3101,#3102,
    #3103,#3104,#3105,#3106,#3107,#3108,#3109,#3110,#3111,#3112,#3113,
    #3114,#3115),.UNSPECIFIED.,.F.,.F.,(8,6,6,6,6,6,6,6,6,6,8),(0.,
    0.178784108727,0.320279043843,0.375348372471,0.404116732257,
    0.459876377562,0.517300954718,0.546114812691,0.603142206798,
    0.788948075492,1.),.UNSPECIFIED.);
#3054 = CARTESIAN_POINT('',(1.030376826524,-0.368267893437));
#3055 = CARTESIAN_POINT('',(1.039789054446,-0.382903159633));
#3056 = CARTESIAN_POINT('',(1.048936251379,-0.397779465569));
#3057 = CARTESIAN_POINT('',(1.057799887759,-0.412917652511));
#3058 = CARTESIAN_POINT('',(1.066348326922,-0.42833876385));
#3059 = CARTESIAN_POINT('',(1.074532752206,-0.444066794917));
#3060 = CARTESIAN_POINT('',(1.082284241348,-0.460131027333));
#3061 = CARTESIAN_POINT('',(1.095197096561,-0.489595884657));
#3062 = CARTESIAN_POINT('',(1.100557007322,-0.502843060579));
#3063 = CARTESIAN_POINT('',(1.105522295437,-0.516352123405));
#3064 = CARTESIAN_POINT('',(1.110017770337,-0.530145288453));
#3065 = CARTESIAN_POINT('',(1.113939824894,-0.544236842766));
#3066 = CARTESIAN_POINT('',(1.117149137699,-0.558634223007));
#3067 = CARTESIAN_POINT('',(1.120358146948,-0.5790612551));
#3068 = CARTESIAN_POINT('',(1.121120659957,-0.584828796973));
#3069 = CARTESIAN_POINT('',(1.121735702305,-0.59064003164));
#3070 = CARTESIAN_POINT('',(1.122191125607,-0.596492791025));
#3071 = CARTESIAN_POINT('',(1.122473947898,-0.60238363643));
#3072 = CARTESIAN_POINT('',(1.122570718922,-0.60830773222));
#3073 = CARTESIAN_POINT('',(1.122414164928,-0.617367530647));
#3074 = CARTESIAN_POINT('',(1.122305976764,-0.620483630999));
#3075 = CARTESIAN_POINT('',(1.122141405316,-0.623606065596));
#3076 = CARTESIAN_POINT('',(1.121918540186,-0.626733748429));
#3077 = CARTESIAN_POINT('',(1.121635512506,-0.629865457839));
#3078 = CARTESIAN_POINT('',(1.121290531253,-0.632999831919));
#3079 = CARTESIAN_POINT('',(1.120089936884,-0.642212740366));
#3080 = CARTESIAN_POINT('',(1.119058811993,-0.648295169206));
#3081 = CARTESIAN_POINT('',(1.117776423981,-0.654370692177));
#3082 = CARTESIAN_POINT('',(1.116232318771,-0.660426408049));
#3083 = CARTESIAN_POINT('',(1.114418687519,-0.666448531724));
#3084 = CARTESIAN_POINT('',(1.112331345004,-0.672422453344));
#3085 = CARTESIAN_POINT('',(1.107539584594,-0.684419618902));
#3086 = CARTESIAN_POINT('',(1.104818152502,-0.690440189559));
#3087 = CARTESIAN_POINT('',(1.101806677438,-0.696377631034));
#3088 = CARTESIAN_POINT('',(1.098509476253,-0.702217506697));
#3089 = CARTESIAN_POINT('',(1.094934405679,-0.707947608415));
#3090 = CARTESIAN_POINT('',(1.09109235105,-0.713557743341));
#3091 = CARTESIAN_POINT('',(1.084941652863,-0.72179010524));
#3092 = CARTESIAN_POINT('',(1.082822609852,-0.724508551935));
#3093 = CARTESIAN_POINT('',(1.080641164741,-0.727193922595));
#3094 = CARTESIAN_POINT('',(1.078398979637,-0.729845454151));
#3095 = CARTESIAN_POINT('',(1.076097770682,-0.732462542561));
#3096 = CARTESIAN_POINT('',(1.073739278768,-0.735044726703));
#3097 = CARTESIAN_POINT('',(1.066547458391,-0.742632499148));
#3098 = CARTESIAN_POINT('',(1.061552256774,-0.74753510491));
#3099 = CARTESIAN_POINT('',(1.056352873074,-0.752297266666));
#3100 = CARTESIAN_POINT('',(1.050962532852,-0.756918380729));
#3101 = CARTESIAN_POINT('',(1.045393962055,-0.761399155062));
#3102 = CARTESIAN_POINT('',(1.039658899552,-0.765741301724));
#3103 = CARTESIAN_POINT('',(1.014572690208,-0.783650924552));
#3104 = CARTESIAN_POINT('',(0.993752459504,-0.795885055293));
#3105 = CARTESIAN_POINT('',(0.97161727041,-0.806782743897));
#3106 = CARTESIAN_POINT('',(0.948427605809,-0.816435346405));
#3107 = CARTESIAN_POINT('',(0.924394411554,-0.824926758365));
#3108 = CARTESIAN_POINT('',(0.89966359601,-0.83233152634));
#3109 = CARTESIAN_POINT('',(0.845510749157,-0.845953663279));
#3110 = CARTESIAN_POINT('',(0.815961150476,-0.851859589295));
#3111 = CARTESIAN_POINT('',(0.785839236678,-0.856506866969));
#3112 = CARTESIAN_POINT('',(0.755317636589,-0.859940333427));
#3113 = CARTESIAN_POINT('',(0.724564619261,-0.862198300294));
#3114 = CARTESIAN_POINT('',(0.693735019903,-0.863313115016));
#3115 = CARTESIAN_POINT('',(0.662966236295,-0.863313115016));
#3116 = ( GEOMETRIC_REPRESENTATION_CONTEXT(2) 
PARAMETRIC_REPRESENTATION_CONTEXT() REPRESENTATION_CONTEXT('2D SPACE',''
  ) );
#3117 = PCURVE('',#3118,#3123);
#3118 = CYLINDRICAL_SURFACE('',#3119,10.);
#3119 = AXIS2_PLACEMENT_3D('',#3120,#3121,#3122);
#3120 = CARTESIAN_POINT('',(38.,10.,-5.));
#3121 = DIRECTION('',(1.,0.,-0.));
#3122 = DIRECTION('',(0.,1.,0.));
#3123 = DEFINITIONAL_REPRESENTATION('',(#3124),#3187);
#3124 = B_SPLINE_CURVE_WITH_KNOTS('',7,(#3125,#3126,#3127,#3128,#3129,
    #3130,#3131,#3132,#3133,#3134,#3135,#3136,#3137,#3138,#3139,#3140,
    #3141,#3142,#3143,#3144,#3145,#3146,#3147,#3148,#3149,#3150,#3151,
    #3152,#3153,#3154,#3155,#3156,#3157,#3158,#3159,#3160,#3161,#3162,
    #3163,#3164,#3165,#3166,#3167,#3168,#3169,#3170,#3171,#3172,#3173,
    #3174,#3175,#3176,#3177,#3178,#3179,#3180,#3181,#3182,#3183,#3184,
    #3185,#3186),.UNSPECIFIED.,.F.,.F.,(8,6,6,6,6,6,6,6,6,6,8),(0.,
    0.178784108727,0.320279043843,0.375348372471,0.404116732257,
    0.459876377562,0.517300954718,0.546114812691,0.603142206798,
    0.788948075492,1.),.UNSPECIFIED.);
#3125 = CARTESIAN_POINT('',(0.,56.));
#3126 = CARTESIAN_POINT('',(-3.413501326359E-02,55.743987400523));
#3127 = CARTESIAN_POINT('',(-6.860731455913E-02,55.490400972551));
#3128 = CARTESIAN_POINT('',(-0.103505254878,55.239687851339));
#3129 = CARTESIAN_POINT('',(-0.138919302593,54.992526168414));
#3130 = CARTESIAN_POINT('',(-0.174952704303,54.74987588237));
#3131 = CARTESIAN_POINT('',(-0.211728859335,54.513013668035));
#3132 = CARTESIAN_POINT('',(-0.279273124096,54.102318077834));
#3133 = CARTESIAN_POINT('',(-0.309671221326,53.925784336794));
#3134 = CARTESIAN_POINT('',(-0.340738241238,53.75491978061));
#3135 = CARTESIAN_POINT('',(-0.372571710605,53.590956830872));
#3136 = CARTESIAN_POINT('',(-0.40526265545,53.435630332475));
#3137 = CARTESIAN_POINT('',(-0.438904929372,53.291217877325));
#3138 = CARTESIAN_POINT('',(-0.487112829743,53.109746288763));
#3139 = CARTESIAN_POINT('',(-0.500775109717,53.061008758079));
#3140 = CARTESIAN_POINT('',(-0.514597537242,53.01454946447));
#3141 = CARTESIAN_POINT('',(-0.528581868169,52.970564500134));
#3142 = CARTESIAN_POINT('',(-0.542727468175,52.929264452295));
#3143 = CARTESIAN_POINT('',(-0.557030931351,52.89086760016));
#3144 = CARTESIAN_POINT('',(-0.579036906712,52.837165627921));
#3145 = CARTESIAN_POINT('',(-0.586629283761,52.819590476448));
#3146 = CARTESIAN_POINT('',(-0.594261769555,52.802898958479));
#3147 = CARTESIAN_POINT('',(-0.601933020989,52.787122337512));
#3148 = CARTESIAN_POINT('',(-0.609641386228,52.772291271399));
#3149 = CARTESIAN_POINT('',(-0.617384878716,52.758435244231));
#3150 = CARTESIAN_POINT('',(-0.640233341478,52.720669474709));
#3151 = CARTESIAN_POINT('',(-0.655430434191,52.69952116728));
#3152 = CARTESIAN_POINT('',(-0.67073286238,52.682344693934));
#3153 = CARTESIAN_POINT('',(-0.686118684256,52.669313879225));
#3154 = CARTESIAN_POINT('',(-0.701563134822,52.660556483789));
#3155 = CARTESIAN_POINT('',(-0.717038177525,52.656141933878));
#3156 = CARTESIAN_POINT('',(-0.748447970111,52.655993991698));
#3157 = CARTESIAN_POINT('',(-0.76438571529,52.660523729365));
#3158 = CARTESIAN_POINT('',(-0.780290452197,52.669660903981));
#3159 = CARTESIAN_POINT('',(-0.796131593765,52.683328419536));
#3160 = CARTESIAN_POINT('',(-0.811882280429,52.701383810189));
#3161 = CARTESIAN_POINT('',(-0.827518855444,52.723633606545));
#3162 = CARTESIAN_POINT('',(-0.850798500756,52.763001115641));
#3163 = CARTESIAN_POINT('',(-0.858543156699,52.777153500034));
#3164 = CARTESIAN_POINT('',(-0.866252017978,52.792276618371));
#3165 = CARTESIAN_POINT('',(-0.873923155298,52.80834058056));
#3166 = CARTESIAN_POINT('',(-0.881554973965,52.825314407696));
#3167 = CARTESIAN_POINT('',(-0.889146187721,52.843166596626));
#3168 = CARTESIAN_POINT('',(-0.911637710189,52.898874274424));
#3169 = CARTESIAN_POINT('',(-0.926416086582,52.939199195343));
#3170 = CARTESIAN_POINT('',(-0.941024186497,52.982597017044));
#3171 = CARTESIAN_POINT('',(-0.955458755359,53.028826415985));
#3172 = CARTESIAN_POINT('',(-0.969719590619,53.07765578338));
#3173 = CARTESIAN_POINT('',(-0.98380911308,53.128870833294));
#3174 = CARTESIAN_POINT('',(-1.043095095027,53.356306423782));
#3175 = CARTESIAN_POINT('',(-1.086610786711,53.553343459284));
#3176 = CARTESIAN_POINT('',(-1.128584412319,53.767174906904));
#3177 = CARTESIAN_POINT('',(-1.169220425059,53.993355940891));
#3178 = CARTESIAN_POINT('',(-1.20870830263,54.228742508798));
#3179 = CARTESIAN_POINT('',(-1.247243001835,54.471359134676));
#3180 = CARTESIAN_POINT('',(-1.328001386903,55.00303150247));
#3181 = CARTESIAN_POINT('',(-1.369935441322,55.293394968367));
#3182 = CARTESIAN_POINT('',(-1.411101068435,55.58934540334));
#3183 = CARTESIAN_POINT('',(-1.451651322671,55.889498926406));
#3184 = CARTESIAN_POINT('',(-1.491712807831,56.192814818376));
#3185 = CARTESIAN_POINT('',(-1.531393057979,56.498560638781));
#3186 = CARTESIAN_POINT('',(-1.570796326795,56.806248474866));
#3187 = ( GEOMETRIC_REPRESENTATION_CONTEXT(2) 
PARAMETRIC_REPRESENTATION_CONTEXT() REPRESENTATION_CONTEXT('2D SPACE',''
  ) );
#3188 = ORIENTED_EDGE('',*,*,#3189,.F.);
#3189 = EDGE_CURVE('',#3190,#2985,#3192,.T.);
#3190 = VERTEX_POINT('',#3191);
#3191 = CARTESIAN_POINT('',(98.248076809272,-3.979631051355E-15,-15.));
#3192 = SURFACE_CURVE('',#3193,(#3198,#3205),.PCURVE_S1.);
#3193 = CIRCLE('',#3194,16.248076809272);
#3194 = AXIS2_PLACEMENT_3D('',#3195,#3196,#3197);
#3195 = CARTESIAN_POINT('',(82.,0.,-15.));
#3196 = DIRECTION('',(0.,0.,1.));
#3197 = DIRECTION('',(1.,0.,-0.));
#3198 = PCURVE('',#1769,#3199);
#3199 = DEFINITIONAL_REPRESENTATION('',(#3200),#3204);
#3200 = LINE('',#3201,#3202);
#3201 = CARTESIAN_POINT('',(0.,-0.863313115016));
#3202 = VECTOR('',#3203,1.);
#3203 = DIRECTION('',(1.,0.));
#3204 = ( GEOMETRIC_REPRESENTATION_CONTEXT(2) 
PARAMETRIC_REPRESENTATION_CONTEXT() REPRESENTATION_CONTEXT('2D SPACE',''
  ) );
#3205 = PCURVE('',#3206,#3211);
#3206 = PLANE('',#3207);
#3207 = AXIS2_PLACEMENT_3D('',#3208,#3209,#3210);
#3208 = CARTESIAN_POINT('',(38.,-20.,-15.));
#3209 = DIRECTION('',(0.,0.,1.));
#3210 = DIRECTION('',(1.,0.,-0.));
#3211 = DEFINITIONAL_REPRESENTATION('',(#3212),#3216);
#3212 = CIRCLE('',#3213,16.248076809272);
#3213 = AXIS2_PLACEMENT_2D('',#3214,#3215);
#3214 = CARTESIAN_POINT('',(44.,20.));
#3215 = DIRECTION('',(1.,0.));
#3216 = ( GEOMETRIC_REPRESENTATION_CONTEXT(2) 
PARAMETRIC_REPRESENTATION_CONTEXT() REPRESENTATION_CONTEXT('2D SPACE',''
  ) );
#3217 = ORIENTED_EDGE('',*,*,#3218,.F.);
#3218 = EDGE_CURVE('',#3219,#3190,#3221,.T.);
#3219 = VERTEX_POINT('',#3220);
#3220 = CARTESIAN_POINT('',(82.,-3.749399456655E-31,-21.));
#3221 = SEAM_CURVE('',#3222,(#3227,#3234),.PCURVE_S1.);
#3222 = CIRCLE('',#3223,25.);
#3223 = AXIS2_PLACEMENT_3D('',#3224,#3225,#3226);
#3224 = CARTESIAN_POINT('',(82.,0.,4.));
#3225 = DIRECTION('',(-2.449293598295E-16,-1.,0.));
#3226 = DIRECTION('',(1.,-2.449293598295E-16,0.));
#3227 = PCURVE('',#1769,#3228);
#3228 = DEFINITIONAL_REPRESENTATION('',(#3229),#3233);
#3229 = LINE('',#3230,#3231);
#3230 = CARTESIAN_POINT('',(6.28318530718,-6.28318530718));
#3231 = VECTOR('',#3232,1.);
#3232 = DIRECTION('',(0.,1.));
#3233 = ( GEOMETRIC_REPRESENTATION_CONTEXT(2) 
PARAMETRIC_REPRESENTATION_CONTEXT() REPRESENTATION_CONTEXT('2D SPACE',''
  ) );
#3234 = PCURVE('',#1769,#3235);
#3235 = DEFINITIONAL_REPRESENTATION('',(#3236),#3240);
#3236 = LINE('',#3237,#3238);
#3237 = CARTESIAN_POINT('',(0.,-6.28318530718));
#3238 = VECTOR('',#3239,1.);
#3239 = DIRECTION('',(0.,1.));
#3240 = ( GEOMETRIC_REPRESENTATION_CONTEXT(2) 
PARAMETRIC_REPRESENTATION_CONTEXT() REPRESENTATION_CONTEXT('2D SPACE',''
  ) );
#3241 = ORIENTED_EDGE('',*,*,#3218,.T.);
#3242 = ORIENTED_EDGE('',*,*,#3243,.F.);
#3243 = EDGE_CURVE('',#3244,#3190,#3246,.T.);
#3244 = VERTEX_POINT('',#3245);
#3245 = CARTESIAN_POINT('',(94.806248474866,-10.,-15.));
#3246 = SURFACE_CURVE('',#3247,(#3252,#3259),.PCURVE_S1.);
#3247 = CIRCLE('',#3248,16.248076809272);
#3248 = AXIS2_PLACEMENT_3D('',#3249,#3250,#3251);
#3249 = CARTESIAN_POINT('',(82.,0.,-15.));
#3250 = DIRECTION('',(0.,0.,1.));
#3251 = DIRECTION('',(1.,0.,-0.));
#3252 = PCURVE('',#1769,#3253);
#3253 = DEFINITIONAL_REPRESENTATION('',(#3254),#3258);
#3254 = LINE('',#3255,#3256);
#3255 = CARTESIAN_POINT('',(0.,-0.863313115016));
#3256 = VECTOR('',#3257,1.);
#3257 = DIRECTION('',(1.,0.));
#3258 = ( GEOMETRIC_REPRESENTATION_CONTEXT(2) 
PARAMETRIC_REPRESENTATION_CONTEXT() REPRESENTATION_CONTEXT('2D SPACE',''
  ) );
#3259 = PCURVE('',#3206,#3260);
#3260 = DEFINITIONAL_REPRESENTATION('',(#3261),#3265);
#3261 = CIRCLE('',#3262,16.248076809272);
#3262 = AXIS2_PLACEMENT_2D('',#3263,#3264);
#3263 = CARTESIAN_POINT('',(44.,20.));
#3264 = DIRECTION('',(1.,0.));
#3265 = ( GEOMETRIC_REPRESENTATION_CONTEXT(2) 
PARAMETRIC_REPRESENTATION_CONTEXT() REPRESENTATION_CONTEXT('2D SPACE',''
  ) );
#3266 = ORIENTED_EDGE('',*,*,#3267,.F.);
#3267 = EDGE_CURVE('',#3268,#3244,#3270,.T.);
#3268 = VERTEX_POINT('',#3269);
#3269 = CARTESIAN_POINT('',(94.,-20.,-5.));
#3270 = SURFACE_CURVE('',#3271,(#3334,#3400),.PCURVE_S1.);
#3271 = B_SPLINE_CURVE_WITH_KNOTS('',7,(#3272,#3273,#3274,#3275,#3276,
    #3277,#3278,#3279,#3280,#3281,#3282,#3283,#3284,#3285,#3286,#3287,
    #3288,#3289,#3290,#3291,#3292,#3293,#3294,#3295,#3296,#3297,#3298,
    #3299,#3300,#3301,#3302,#3303,#3304,#3305,#3306,#3307,#3308,#3309,
    #3310,#3311,#3312,#3313,#3314,#3315,#3316,#3317,#3318,#3319,#3320,
    #3321,#3322,#3323,#3324,#3325,#3326,#3327,#3328,#3329,#3330,#3331,
    #3332,#3333),.UNSPECIFIED.,.F.,.F.,(8,6,6,6,6,6,6,6,6,6,8),(0.,
    0.178784108727,0.320279043843,0.375348372471,0.404116732257,
    0.459876377562,0.517300954718,0.546114812691,0.603142206798,
    0.788948075491,1.),.UNSPECIFIED.);
#3272 = CARTESIAN_POINT('',(94.,-20.,-5.));
#3273 = CARTESIAN_POINT('',(93.743987400524,-20.,-5.341350132635));
#3274 = CARTESIAN_POINT('',(93.490400972549,-19.98640623,-5.686073269194
    ));
#3275 = CARTESIAN_POINT('',(93.239687851342,-19.95873358508,
    -6.034402427441));
#3276 = CARTESIAN_POINT('',(92.992526168412,-19.9163244289,
    -6.386537695808));
#3277 = CARTESIAN_POINT('',(92.749875882371,-19.85831152024,
    -6.742698213423));
#3278 = CARTESIAN_POINT('',(92.513013668035,-19.78359981969,
    -7.103172525974));
#3279 = CARTESIAN_POINT('',(92.102318077834,-19.61686374155,
    -7.757711944539));
#3280 = CARTESIAN_POINT('',(91.925784336794,-19.53175761839,
    -8.049720728523));
#3281 = CARTESIAN_POINT('',(91.75491978061,-19.43436344932,
    -8.345055566013));
#3282 = CARTESIAN_POINT('',(91.590956830872,-19.32366456061,
    -8.643937140456));
#3283 = CARTESIAN_POINT('',(91.435630332475,-19.19850450912,
    -8.946368543409));
#3284 = CARTESIAN_POINT('',(91.291217877325,-19.05756516296,
    -9.252168414125));
#3285 = CARTESIAN_POINT('',(91.109746288763,-18.8376893347,
    -9.681184481381));
#3286 = CARTESIAN_POINT('',(91.061008758079,-18.77348184357,
    -9.801798339319));
#3287 = CARTESIAN_POINT('',(91.01454946447,-18.70658969741,
    -9.922790776737));
#3288 = CARTESIAN_POINT('',(90.970564500134,-18.63694213291,
    -10.04409508779));
#3289 = CARTESIAN_POINT('',(90.929264452295,-18.5644809563,
    -10.16561906834));
#3290 = CARTESIAN_POINT('',(90.89086760016,-18.48916642948,
    -10.28724383423));
#3291 = CARTESIAN_POINT('',(90.837165627921,-18.37014001174,
    -10.47233572233));
#3292 = CARTESIAN_POINT('',(90.819590476448,-18.32851465488,
    -10.53583525637));
#3293 = CARTESIAN_POINT('',(90.802898958479,-18.2861056508,
    -10.59929936021));
#3294 = CARTESIAN_POINT('',(90.787122337512,-18.24291372231,
    -10.66270374739));
#3295 = CARTESIAN_POINT('',(90.772291271399,-18.19894214104,
    -10.7260217199));
#3296 = CARTESIAN_POINT('',(90.758435244231,-18.15419711875,
    -10.7892241613));
#3297 = CARTESIAN_POINT('',(90.720669474709,-18.02048152784,
    -10.97449522165));
#3298 = CARTESIAN_POINT('',(90.69952116728,-17.9293948212,
    -11.09617255532));
#3299 = CARTESIAN_POINT('',(90.682344693934,-17.83551122825,
    -11.21706166155));
#3300 = CARTESIAN_POINT('',(90.669313879225,-17.73894729963,
    -11.33690147821));
#3301 = CARTESIAN_POINT('',(90.660556483789,-17.63985909987,
    -11.45542202701));
#3302 = CARTESIAN_POINT('',(90.656141933878,-17.53844832016,
    -11.57234669014));
#3303 = CARTESIAN_POINT('',(90.655993991698,-17.32839864639,
    -11.80587750519));
#3304 = CARTESIAN_POINT('',(90.660523729365,-17.21961371076,
    -11.92239282157));
#3305 = CARTESIAN_POINT('',(90.669660903981,-17.1088903235,
    -12.03663136129));
#3306 = CARTESIAN_POINT('',(90.683328419536,-16.99650609984,
    -12.1483430499));
#3307 = CARTESIAN_POINT('',(90.701383810189,-16.8827361686,
    -12.25732993627));
#3308 = CARTESIAN_POINT('',(90.723633606545,-16.76784980985,
    -12.36343931557));
#3309 = CARTESIAN_POINT('',(90.763001115641,-16.59403101464,
    -12.51829800926));
#3310 = CARTESIAN_POINT('',(90.777153500034,-16.53573557047,
    -12.56928927585));
#3311 = CARTESIAN_POINT('',(90.792276618371,-16.47725089446,
    -12.61951848389));
#3312 = CARTESIAN_POINT('',(90.80834058056,-16.41860502186,
    -12.66897700662));
#3313 = CARTESIAN_POINT('',(90.825314407696,-16.35982385822,
    -12.71765936692));
#3314 = CARTESIAN_POINT('',(90.843166596626,-16.3009311489,
    -12.76556284567));
#3315 = CARTESIAN_POINT('',(90.898874274425,-16.12521192168,
    -12.90595376944));
#3316 = CARTESIAN_POINT('',(90.939199195343,-16.00812711516,
    -12.99616457727));
#3317 = CARTESIAN_POINT('',(90.982597017044,-15.89085378502,
    -13.08332393962));
#3318 = CARTESIAN_POINT('',(91.028826415985,-15.77352339189,
    -13.16746601538));
#3319 = CARTESIAN_POINT('',(91.07765578338,-15.65623977796,
    -13.24864792104));
#3320 = CARTESIAN_POINT('',(91.128870833294,-15.53907984416,
    -13.3269429556));
#3321 = CARTESIAN_POINT('',(91.356306423782,-15.04093330408,
    -13.64839713607));
#3322 = CARTESIAN_POINT('',(91.553343459284,-14.66227879889,
    -13.86417117952));
#3323 = CARTESIAN_POINT('',(91.767174906904,-14.28675039287,
    -14.0535404387));
#3324 = CARTESIAN_POINT('',(91.993355940891,-13.9147886326,
    -14.21916195478));
#3325 = CARTESIAN_POINT('',(92.228742508797,-13.54649740446,
    -14.36332857732));
#3326 = CARTESIAN_POINT('',(92.471359134676,-13.18147614183,
    -14.48794881758));
#3327 = CARTESIAN_POINT('',(93.00303150247,-12.4066377729,
    -14.71558268572));
#3328 = CARTESIAN_POINT('',(93.293394968367,-11.99823500572,
    -14.81313578083));
#3329 = CARTESIAN_POINT('',(93.589345403339,-11.5928943618,
    -14.88926371428));
#3330 = CARTESIAN_POINT('',(93.889498926407,-11.19044989892,
    -14.94519837432));
#3331 = CARTESIAN_POINT('',(94.192814818376,-10.79083540669,
    -14.98188650325));
#3332 = CARTESIAN_POINT('',(94.498560638781,-10.39403268816,-15.));
#3333 = CARTESIAN_POINT('',(94.806248474866,-10.,-15.));
#3334 = PCURVE('',#1769,#3335);
#3335 = DEFINITIONAL_REPRESENTATION('',(#3336),#3399);
#3336 = B_SPLINE_CURVE_WITH_KNOTS('',7,(#3337,#3338,#3339,#3340,#3341,
    #3342,#3343,#3344,#3345,#3346,#3347,#3348,#3349,#3350,#3351,#3352,
    #3353,#3354,#3355,#3356,#3357,#3358,#3359,#3360,#3361,#3362,#3363,
    #3364,#3365,#3366,#3367,#3368,#3369,#3370,#3371,#3372,#3373,#3374,
    #3375,#3376,#3377,#3378,#3379,#3380,#3381,#3382,#3383,#3384,#3385,
    #3386,#3387,#3388,#3389,#3390,#3391,#3392,#3393,#3394,#3395,#3396,
    #3397,#3398),.UNSPECIFIED.,.F.,.F.,(8,6,6,6,6,6,6,6,6,6,8),(0.,
    0.178784108727,0.320279043843,0.375348372471,0.404116732257,
    0.459876377562,0.517300954718,0.546114812691,0.603142206798,
    0.788948075491,1.),.UNSPECIFIED.);
#3337 = CARTESIAN_POINT('',(5.252808480655,-0.368267893437));
#3338 = CARTESIAN_POINT('',(5.243396252733,-0.382903159633));
#3339 = CARTESIAN_POINT('',(5.234249055801,-0.39777946557));
#3340 = CARTESIAN_POINT('',(5.225385419421,-0.41291765251));
#3341 = CARTESIAN_POINT('',(5.216836980257,-0.42833876385));
#3342 = CARTESIAN_POINT('',(5.208652554973,-0.444066794917));
#3343 = CARTESIAN_POINT('',(5.200901065831,-0.460131027333));
#3344 = CARTESIAN_POINT('',(5.187988210619,-0.489595884657));
#3345 = CARTESIAN_POINT('',(5.182628299858,-0.502843060579));
#3346 = CARTESIAN_POINT('',(5.177663011742,-0.516352123405));
#3347 = CARTESIAN_POINT('',(5.173167536843,-0.530145288453));
#3348 = CARTESIAN_POINT('',(5.169245482285,-0.544236842766));
#3349 = CARTESIAN_POINT('',(5.166036169481,-0.558634223007));
#3350 = CARTESIAN_POINT('',(5.162827160231,-0.5790612551));
#3351 = CARTESIAN_POINT('',(5.162064647223,-0.584828796973));
#3352 = CARTESIAN_POINT('',(5.161449604874,-0.59064003164));
#3353 = CARTESIAN_POINT('',(5.160994181573,-0.596492791025));
#3354 = CARTESIAN_POINT('',(5.160711359282,-0.60238363643));
#3355 = CARTESIAN_POINT('',(5.160614588258,-0.60830773222));
#3356 = CARTESIAN_POINT('',(5.160771142252,-0.617367530647));
#3357 = CARTESIAN_POINT('',(5.160879330416,-0.620483630999));
#3358 = CARTESIAN_POINT('',(5.161043901864,-0.623606065596));
#3359 = CARTESIAN_POINT('',(5.161266766994,-0.626733748429));
#3360 = CARTESIAN_POINT('',(5.161549794674,-0.629865457839));
#3361 = CARTESIAN_POINT('',(5.161894775927,-0.632999831919));
#3362 = CARTESIAN_POINT('',(5.163095370295,-0.642212740366));
#3363 = CARTESIAN_POINT('',(5.164126495187,-0.648295169206));
#3364 = CARTESIAN_POINT('',(5.165408883199,-0.654370692177));
#3365 = CARTESIAN_POINT('',(5.166952988408,-0.660426408049));
#3366 = CARTESIAN_POINT('',(5.16876661966,-0.666448531724));
#3367 = CARTESIAN_POINT('',(5.170853962176,-0.672422453344));
#3368 = CARTESIAN_POINT('',(5.175645722586,-0.684419618902));
#3369 = CARTESIAN_POINT('',(5.178367154677,-0.690440189559));
#3370 = CARTESIAN_POINT('',(5.181378629741,-0.696377631034));
#3371 = CARTESIAN_POINT('',(5.184675830927,-0.702217506697));
#3372 = CARTESIAN_POINT('',(5.188250901501,-0.707947608415));
#3373 = CARTESIAN_POINT('',(5.19209295613,-0.713557743341));
#3374 = CARTESIAN_POINT('',(5.198243654316,-0.72179010524));
#3375 = CARTESIAN_POINT('',(5.200362697328,-0.724508551935));
#3376 = CARTESIAN_POINT('',(5.202544142438,-0.727193922595));
#3377 = CARTESIAN_POINT('',(5.204786327543,-0.729845454151));
#3378 = CARTESIAN_POINT('',(5.207087536497,-0.732462542561));
#3379 = CARTESIAN_POINT('',(5.209446028412,-0.735044726703));
#3380 = CARTESIAN_POINT('',(5.216637848788,-0.742632499148));
#3381 = CARTESIAN_POINT('',(5.221633050406,-0.74753510491));
#3382 = CARTESIAN_POINT('',(5.226832434105,-0.752297266666));
#3383 = CARTESIAN_POINT('',(5.232222774328,-0.756918380729));
#3384 = CARTESIAN_POINT('',(5.237791345125,-0.761399155062));
#3385 = CARTESIAN_POINT('',(5.243526407628,-0.765741301724));
#3386 = CARTESIAN_POINT('',(5.268612616971,-0.783650924552));
#3387 = CARTESIAN_POINT('',(5.289432847676,-0.795885055293));
#3388 = CARTESIAN_POINT('',(5.311568036769,-0.806782743897));
#3389 = CARTESIAN_POINT('',(5.33475770137,-0.816435346405));
#3390 = CARTESIAN_POINT('',(5.358790895625,-0.824926758365));
#3391 = CARTESIAN_POINT('',(5.38352171117,-0.83233152634));
#3392 = CARTESIAN_POINT('',(5.437674558023,-0.845953663279));
#3393 = CARTESIAN_POINT('',(5.467224156704,-0.851859589295));
#3394 = CARTESIAN_POINT('',(5.497346070502,-0.856506866969));
#3395 = CARTESIAN_POINT('',(5.527867670591,-0.859940333427));
#3396 = CARTESIAN_POINT('',(5.558620687918,-0.862198300294));
#3397 = CARTESIAN_POINT('',(5.589450287276,-0.863313115016));
#3398 = CARTESIAN_POINT('',(5.620219070885,-0.863313115016));
#3399 = ( GEOMETRIC_REPRESENTATION_CONTEXT(2) 
PARAMETRIC_REPRESENTATION_CONTEXT() REPRESENTATION_CONTEXT('2D SPACE',''
  ) );
#3400 = PCURVE('',#3401,#3406);
#3401 = CYLINDRICAL_SURFACE('',#3402,10.);
#3402 = AXIS2_PLACEMENT_3D('',#3403,#3404,#3405);
#3403 = CARTESIAN_POINT('',(38.,-10.,-5.));
#3404 = DIRECTION('',(1.,0.,-0.));
#3405 = DIRECTION('',(0.,-1.,0.));
#3406 = DEFINITIONAL_REPRESENTATION('',(#3407),#3470);
#3407 = B_SPLINE_CURVE_WITH_KNOTS('',7,(#3408,#3409,#3410,#3411,#3412,
    #3413,#3414,#3415,#3416,#3417,#3418,#3419,#3420,#3421,#3422,#3423,
    #3424,#3425,#3426,#3427,#3428,#3429,#3430,#3431,#3432,#3433,#3434,
    #3435,#3436,#3437,#3438,#3439,#3440,#3441,#3442,#3443,#3444,#3445,
    #3446,#3447,#3448,#3449,#3450,#3451,#3452,#3453,#3454,#3455,#3456,
    #3457,#3458,#3459,#3460,#3461,#3462,#3463,#3464,#3465,#3466,#3467,
    #3468,#3469),.UNSPECIFIED.,.F.,.F.,(8,6,6,6,6,6,6,6,6,6,8),(0.,
    0.178784108727,0.320279043843,0.375348372471,0.404116732257,
    0.459876377562,0.517300954718,0.546114812691,0.603142206798,
    0.788948075491,1.),.UNSPECIFIED.);
#3408 = CARTESIAN_POINT('',(0.,56.));
#3409 = CARTESIAN_POINT('',(3.41350132635E-02,55.743987400524));
#3410 = CARTESIAN_POINT('',(6.860731455937E-02,55.490400972549));
#3411 = CARTESIAN_POINT('',(0.103505254878,55.239687851342));
#3412 = CARTESIAN_POINT('',(0.138919302593,54.992526168412));
#3413 = CARTESIAN_POINT('',(0.174952704303,54.749875882371));
#3414 = CARTESIAN_POINT('',(0.211728859335,54.513013668035));
#3415 = CARTESIAN_POINT('',(0.279273124096,54.102318077834));
#3416 = CARTESIAN_POINT('',(0.309671221326,53.925784336794));
#3417 = CARTESIAN_POINT('',(0.340738241238,53.75491978061));
#3418 = CARTESIAN_POINT('',(0.372571710605,53.590956830872));
#3419 = CARTESIAN_POINT('',(0.40526265545,53.435630332475));
#3420 = CARTESIAN_POINT('',(0.438904929372,53.291217877325));
#3421 = CARTESIAN_POINT('',(0.487112829743,53.109746288763));
#3422 = CARTESIAN_POINT('',(0.500775109717,53.061008758079));
#3423 = CARTESIAN_POINT('',(0.514597537242,53.01454946447));
#3424 = CARTESIAN_POINT('',(0.528581868169,52.970564500134));
#3425 = CARTESIAN_POINT('',(0.542727468175,52.929264452295));
#3426 = CARTESIAN_POINT('',(0.557030931351,52.89086760016));
#3427 = CARTESIAN_POINT('',(0.579036906712,52.837165627921));
#3428 = CARTESIAN_POINT('',(0.586629283761,52.819590476448));
#3429 = CARTESIAN_POINT('',(0.594261769555,52.802898958479));
#3430 = CARTESIAN_POINT('',(0.601933020989,52.787122337512));
#3431 = CARTESIAN_POINT('',(0.609641386228,52.772291271399));
#3432 = CARTESIAN_POINT('',(0.617384878716,52.758435244231));
#3433 = CARTESIAN_POINT('',(0.640233341478,52.720669474709));
#3434 = CARTESIAN_POINT('',(0.655430434191,52.69952116728));
#3435 = CARTESIAN_POINT('',(0.67073286238,52.682344693934));
#3436 = CARTESIAN_POINT('',(0.686118684256,52.669313879225));
#3437 = CARTESIAN_POINT('',(0.701563134822,52.660556483789));
#3438 = CARTESIAN_POINT('',(0.717038177525,52.656141933878));
#3439 = CARTESIAN_POINT('',(0.748447970111,52.655993991698));
#3440 = CARTESIAN_POINT('',(0.76438571529,52.660523729365));
#3441 = CARTESIAN_POINT('',(0.780290452197,52.669660903981));
#3442 = CARTESIAN_POINT('',(0.796131593765,52.683328419536));
#3443 = CARTESIAN_POINT('',(0.811882280429,52.701383810189));
#3444 = CARTESIAN_POINT('',(0.827518855444,52.723633606545));
#3445 = CARTESIAN_POINT('',(0.850798500756,52.763001115641));
#3446 = CARTESIAN_POINT('',(0.858543156699,52.777153500034));
#3447 = CARTESIAN_POINT('',(0.866252017978,52.792276618371));
#3448 = CARTESIAN_POINT('',(0.873923155298,52.80834058056));
#3449 = CARTESIAN_POINT('',(0.881554973965,52.825314407696));
#3450 = CARTESIAN_POINT('',(0.889146187721,52.843166596626));
#3451 = CARTESIAN_POINT('',(0.911637710189,52.898874274425));
#3452 = CARTESIAN_POINT('',(0.926416086582,52.939199195343));
#3453 = CARTESIAN_POINT('',(0.941024186497,52.982597017044));
#3454 = CARTESIAN_POINT('',(0.955458755359,53.028826415985));
#3455 = CARTESIAN_POINT('',(0.969719590619,53.07765578338));
#3456 = CARTESIAN_POINT('',(0.98380911308,53.128870833294));
#3457 = CARTESIAN_POINT('',(1.043095095027,53.356306423782));
#3458 = CARTESIAN_POINT('',(1.086610786711,53.553343459284));
#3459 = CARTESIAN_POINT('',(1.128584412319,53.767174906904));
#3460 = CARTESIAN_POINT('',(1.16922042506,53.993355940891));
#3461 = CARTESIAN_POINT('',(1.20870830263,54.228742508797));
#3462 = CARTESIAN_POINT('',(1.247243001835,54.471359134676));
#3463 = CARTESIAN_POINT('',(1.328001386903,55.00303150247));
#3464 = CARTESIAN_POINT('',(1.369935441322,55.293394968367));
#3465 = CARTESIAN_POINT('',(1.411101068434,55.589345403339));
#3466 = CARTESIAN_POINT('',(1.451651322672,55.889498926407));
#3467 = CARTESIAN_POINT('',(1.491712807831,56.192814818376));
#3468 = CARTESIAN_POINT('',(1.531393057979,56.498560638781));
#3469 = CARTESIAN_POINT('',(1.570796326795,56.806248474866));
#3470 = ( GEOMETRIC_REPRESENTATION_CONTEXT(2) 
PARAMETRIC_REPRESENTATION_CONTEXT() REPRESENTATION_CONTEXT('2D SPACE',''
  ) );
#3471 = ORIENTED_EDGE('',*,*,#3472,.F.);
#3472 = EDGE_CURVE('',#3473,#3268,#3475,.T.);
#3473 = VERTEX_POINT('',#3474);
#3474 = CARTESIAN_POINT('',(96.966629547096,-20.,5.));
#3475 = SURFACE_CURVE('',#3476,(#3481,#3494),.PCURVE_S1.);
#3476 = CIRCLE('',#3477,15.);
#3477 = AXIS2_PLACEMENT_3D('',#3478,#3479,#3480);
#3478 = CARTESIAN_POINT('',(82.,-20.,4.));
#3479 = DIRECTION('',(-0.,1.,0.));
#3480 = DIRECTION('',(0.,0.,1.));
#3481 = PCURVE('',#1769,#3482);
#3482 = DEFINITIONAL_REPRESENTATION('',(#3483),#3493);
#3483 = B_SPLINE_CURVE_WITH_KNOTS('',8,(#3484,#3485,#3486,#3487,#3488,
    #3489,#3490,#3491,#3492),.UNSPECIFIED.,.F.,.F.,(9,9),(1.504080178385
    ,2.214297435588),.PIECEWISE_BEZIER_KNOTS.);
#3484 = CARTESIAN_POINT('',(5.354821379171,4.001067435399E-02));
#3485 = CARTESIAN_POINT('',(5.357666800875,-1.317968790296E-02));
#3486 = CARTESIAN_POINT('',(5.356177572753,-6.660119679958E-02));
#3487 = CARTESIAN_POINT('',(5.350393209774,-0.119842347104));
#3488 = CARTESIAN_POINT('',(5.340269548087,-0.172500572053));
#3489 = CARTESIAN_POINT('',(5.325674960342,-0.224158130799));
#3490 = CARTESIAN_POINT('',(5.306400894616,-0.274361313457));
#3491 = CARTESIAN_POINT('',(5.282183275301,-0.322592422904));
#3492 = CARTESIAN_POINT('',(5.252808480655,-0.368267893437));
#3493 = ( GEOMETRIC_REPRESENTATION_CONTEXT(2) 
PARAMETRIC_REPRESENTATION_CONTEXT() REPRESENTATION_CONTEXT('2D SPACE',''
  ) );
#3494 = PCURVE('',#3495,#3500);
#3495 = PLANE('',#3496);
#3496 = AXIS2_PLACEMENT_3D('',#3497,#3498,#3499);
#3497 = CARTESIAN_POINT('',(38.,-20.,-15.));
#3498 = DIRECTION('',(-0.,1.,0.));
#3499 = DIRECTION('',(0.,0.,1.));
#3500 = DEFINITIONAL_REPRESENTATION('',(#3501),#3505);
#3501 = CIRCLE('',#3502,15.);
#3502 = AXIS2_PLACEMENT_2D('',#3503,#3504);
#3503 = CARTESIAN_POINT('',(19.,44.));
#3504 = DIRECTION('',(1.,0.));
#3505 = ( GEOMETRIC_REPRESENTATION_CONTEXT(2) 
PARAMETRIC_REPRESENTATION_CONTEXT() REPRESENTATION_CONTEXT('2D SPACE',''
  ) );
#3506 = ORIENTED_EDGE('',*,*,#3507,.T.);
#3507 = EDGE_CURVE('',#3473,#3508,#3510,.T.);
#3508 = VERTEX_POINT('',#3509);
#3509 = CARTESIAN_POINT('',(102.09975124224,-10.,15.));
#3510 = SURFACE_CURVE('',#3511,(#3556,#3604),.PCURVE_S1.);
#3511 = B_SPLINE_CURVE_WITH_KNOTS('',7,(#3512,#3513,#3514,#3515,#3516,
    #3517,#3518,#3519,#3520,#3521,#3522,#3523,#3524,#3525,#3526,#3527,
    #3528,#3529,#3530,#3531,#3532,#3533,#3534,#3535,#3536,#3537,#3538,
    #3539,#3540,#3541,#3542,#3543,#3544,#3545,#3546,#3547,#3548,#3549,
    #3550,#3551,#3552,#3553,#3554,#3555),.UNSPECIFIED.,.F.,.F.,(8,6,6,6,
    6,6,6,8),(0.,5.725130143404E-02,0.231011277209,0.337080380585,
    0.472353379015,0.578196286107,0.891753742348,1.),.UNSPECIFIED.);
#3512 = CARTESIAN_POINT('',(96.966629547096,-20.,5.));
#3513 = CARTESIAN_POINT('',(96.957012668142,-20.,5.143932264696));
#3514 = CARTESIAN_POINT('',(96.948990527947,-19.99758306985,
    5.288058005611));
#3515 = CARTESIAN_POINT('',(96.942580528776,-19.99273753269,
    5.432298167116));
#3516 = CARTESIAN_POINT('',(96.937796574106,-19.98545593443,
    5.576568544923));
#3517 = CARTESIAN_POINT('',(96.934648429367,-19.97573591608,
    5.720779863114));
#3518 = CARTESIAN_POINT('',(96.933141082686,-19.96358108599,
    5.864837851174));
#3519 = CARTESIAN_POINT('',(96.933677835568,-19.90475345944,
    6.445098638754));
#3520 = CARTESIAN_POINT('',(96.949191872171,-19.83815780642,
    6.879375362277));
#3521 = CARTESIAN_POINT('',(96.979822812393,-19.74949183773,
    7.308603983113));
#3522 = CARTESIAN_POINT('',(97.025098501203,-19.63954973103,
    7.730372614114));
#3523 = CARTESIAN_POINT('',(97.08420892399,-19.50946082512,
    8.142656690272));
#3524 = CARTESIAN_POINT('',(97.156121332855,-19.36057150926,
    8.543768136299));
#3525 = CARTESIAN_POINT('',(97.290670364984,-19.09294884839,
    9.169511949453));
#3526 = CARTESIAN_POINT('',(97.346019637182,-18.98503833726,
    9.402079064085));
#3527 = CARTESIAN_POINT('',(97.405466863301,-18.87097419148,
    9.629761629562));
#3528 = CARTESIAN_POINT('',(97.468755293498,-18.75107264488,
    9.852354217094));
#3529 = CARTESIAN_POINT('',(97.535629212929,-18.62564408755,
    10.069701907433));
#3530 = CARTESIAN_POINT('',(97.605841166478,-18.49498559952,
    10.281692513873));
#3531 = CARTESIAN_POINT('',(97.772663773308,-18.18642342773,
    10.751676023853));
#3532 = CARTESIAN_POINT('',(97.871215838021,-18.00542474645,
    11.006252305382));
#3533 = CARTESIAN_POINT('',(97.974336488436,-17.81694296381,
    11.251836088083));
#3534 = CARTESIAN_POINT('',(98.081576738291,-17.62150896861,
    11.488344657183));
#3535 = CARTESIAN_POINT('',(98.192523063447,-17.41961206653,
    11.715743633609));
#3536 = CARTESIAN_POINT('',(98.306802961057,-17.21169303163,
    11.934036462698));
#3537 = CARTESIAN_POINT('',(98.515860892755,-16.83104265417,
    12.306953845567));
#3538 = CARTESIAN_POINT('',(98.609469252481,-16.66050309286,
    12.465092098806));
#3539 = CARTESIAN_POINT('',(98.704757242613,-16.48670634408,
    12.617681240177));
#3540 = CARTESIAN_POINT('',(98.801578038976,-16.30982940859,
    12.764735982421));
#3541 = CARTESIAN_POINT('',(98.899796247438,-16.13003802932,
    12.906272760844));
#3542 = CARTESIAN_POINT('',(98.999287812823,-15.94748630318,
    13.042309320714));
#3543 = CARTESIAN_POINT('',(99.398119768234,-15.21375390886,
    13.559630785105));
#3544 = CARTESIAN_POINT('',(99.706380927868,-14.64240381083,
    13.898154779882));
#3545 = CARTESIAN_POINT('',(100.02192614625,-14.05171373994,
    14.189165826167));
#3546 = CARTESIAN_POINT('',(100.34245119519,-13.44486962352,
    14.432782566809));
#3547 = CARTESIAN_POINT('',(100.66601690233,-12.82489326181,
    14.628979451672));
#3548 = CARTESIAN_POINT('',(100.99101273163,-12.1945993853,
    14.777573920788));
#3549 = CARTESIAN_POINT('',(101.42836462287,-11.33627985789,
    14.912823959528));
#3550 = CARTESIAN_POINT('',(101.54060259087,-11.11511210418,
    14.941802017029));
#3551 = CARTESIAN_POINT('',(101.65278194751,-10.89316275274,
    14.965030921899));
#3552 = CARTESIAN_POINT('',(101.76484373384,-10.67055246454,
    14.982489504154));
#3553 = CARTESIAN_POINT('',(101.87673017364,-10.44740440874,
    14.994154293149));
#3554 = CARTESIAN_POINT('',(101.98838457671,-10.22384422737,15.));
#3555 = CARTESIAN_POINT('',(102.09975124224,-10.,15.));
#3556 = PCURVE('',#1769,#3557);
#3557 = DEFINITIONAL_REPRESENTATION('',(#3558),#3603);
#3558 = B_SPLINE_CURVE_WITH_KNOTS('',7,(#3559,#3560,#3561,#3562,#3563,
    #3564,#3565,#3566,#3567,#3568,#3569,#3570,#3571,#3572,#3573,#3574,
    #3575,#3576,#3577,#3578,#3579,#3580,#3581,#3582,#3583,#3584,#3585,
    #3586,#3587,#3588,#3589,#3590,#3591,#3592,#3593,#3594,#3595,#3596,
    #3597,#3598,#3599,#3600,#3601,#3602),.UNSPECIFIED.,.F.,.F.,(8,6,6,6,
    6,6,6,8),(0.,5.725130143404E-02,0.231011277209,0.337080380585,
    0.472353379015,0.578196286107,0.891753742348,1.),.UNSPECIFIED.);
#3559 = CARTESIAN_POINT('',(5.354821379171,4.001067435399E-02));
#3560 = CARTESIAN_POINT('',(5.354513145872,4.577257630869E-02));
#3561 = CARTESIAN_POINT('',(5.354313830372,5.154377414179E-02));
#3562 = CARTESIAN_POINT('',(5.354224324508,5.732142426328E-02));
#3563 = CARTESIAN_POINT('',(5.354245363454,6.310247740966E-02));
#3564 = CARTESIAN_POINT('',(5.354377483264,6.888367636452E-02));
#3565 = CARTESIAN_POINT('',(5.354620978417,7.466155367919E-02));
#3566 = CARTESIAN_POINT('',(5.356052937147,9.794726659656E-02));
#3567 = CARTESIAN_POINT('',(5.358156419303,0.115403525204));
#3568 = CARTESIAN_POINT('',(5.361287493895,0.132694486567));
#3569 = CARTESIAN_POINT('',(5.365424198344,0.149730440339));
#3570 = CARTESIAN_POINT('',(5.370528922529,0.16643485917));
#3571 = CARTESIAN_POINT('',(5.376553092114,0.182741986127));
#3572 = CARTESIAN_POINT('',(5.387642448172,0.208273572812));
#3573 = CARTESIAN_POINT('',(5.392168024981,0.217784761175));
#3574 = CARTESIAN_POINT('',(5.397003882152,0.227118760207));
#3575 = CARTESIAN_POINT('',(5.402137825456,0.236266958264));
#3576 = CARTESIAN_POINT('',(5.407557687623,0.245222504843));
#3577 = CARTESIAN_POINT('',(5.413251669161,0.253980043644));
#3578 = CARTESIAN_POINT('',(5.426805826549,0.273446397513));
#3579 = CARTESIAN_POINT('',(5.434830415662,0.28402807659));
#3580 = CARTESIAN_POINT('',(5.443259775416,0.294272682328));
#3581 = CARTESIAN_POINT('',(5.45207223818,0.304174295031));
#3582 = CARTESIAN_POINT('',(5.461247454897,0.313728576258));
#3583 = CARTESIAN_POINT('',(5.470766710168,0.322932469231));
#3584 = CARTESIAN_POINT('',(5.488317546951,0.338709605735));
#3585 = CARTESIAN_POINT('',(5.496221945992,0.345419291314));
#3586 = CARTESIAN_POINT('',(5.504318252123,0.351911865474));
#3587 = CARTESIAN_POINT('',(5.512598554661,0.358186257369));
#3588 = CARTESIAN_POINT('',(5.521055225428,0.364241423438));
#3589 = CARTESIAN_POINT('',(5.529680929598,0.370076355041));
#3590 = CARTESIAN_POINT('',(5.564502039352,0.392320649956));
#3591 = CARTESIAN_POINT('',(5.591948165866,0.40700410401));
#3592 = CARTESIAN_POINT('',(5.620635494054,0.419725698702));
#3593 = CARTESIAN_POINT('',(5.650385924026,0.430445109233));
#3594 = CARTESIAN_POINT('',(5.681005038514,0.439119768506));
#3595 = CARTESIAN_POINT('',(5.71228727209,0.445710004755));
#3596 = CARTESIAN_POINT('',(5.754985345544,0.451718645734));
#3597 = CARTESIAN_POINT('',(5.765996217508,0.45300737072));
#3598 = CARTESIAN_POINT('',(5.777051416207,0.45404123589));
#3599 = CARTESIAN_POINT('',(5.788141573796,0.454818693596));
#3600 = CARTESIAN_POINT('',(5.799257076798,0.455338285276));
#3601 = CARTESIAN_POINT('',(5.810388125243,0.455598673396));
#3602 = CARTESIAN_POINT('',(5.821524791796,0.455598673396));
#3603 = ( GEOMETRIC_REPRESENTATION_CONTEXT(2) 
PARAMETRIC_REPRESENTATION_CONTEXT() REPRESENTATION_CONTEXT('2D SPACE',''
  ) );
#3604 = PCURVE('',#3605,#3610);
#3605 = CYLINDRICAL_SURFACE('',#3606,10.);
#3606 = AXIS2_PLACEMENT_3D('',#3607,#3608,#3609);
#3607 = CARTESIAN_POINT('',(38.,-10.,5.));
#3608 = DIRECTION('',(1.,0.,-0.));
#3609 = DIRECTION('',(0.,-1.,0.));
#3610 = DEFINITIONAL_REPRESENTATION('',(#3611),#3656);
#3611 = B_SPLINE_CURVE_WITH_KNOTS('',7,(#3612,#3613,#3614,#3615,#3616,
    #3617,#3618,#3619,#3620,#3621,#3622,#3623,#3624,#3625,#3626,#3627,
    #3628,#3629,#3630,#3631,#3632,#3633,#3634,#3635,#3636,#3637,#3638,
    #3639,#3640,#3641,#3642,#3643,#3644,#3645,#3646,#3647,#3648,#3649,
    #3650,#3651,#3652,#3653,#3654,#3655),.UNSPECIFIED.,.F.,.F.,(8,6,6,6,
    6,6,6,8),(0.,5.725130143404E-02,0.231011277209,0.337080380585,
    0.472353379015,0.578196286107,0.891753742348,1.),.UNSPECIFIED.);
#3612 = CARTESIAN_POINT('',(0.,58.966629547096));
#3613 = CARTESIAN_POINT('',(-1.439322646964E-02,58.957012668142));
#3614 = CARTESIAN_POINT('',(-2.880580183454E-02,58.948990527947));
#3615 = CARTESIAN_POINT('',(-4.323468629667E-02,58.942580528776));
#3616 = CARTESIAN_POINT('',(-5.767639336252E-02,58.937796574106));
#3617 = CARTESIAN_POINT('',(-7.212695464443E-02,58.934648429367));
#3618 = CARTESIAN_POINT('',(-8.658188466194E-02,58.933141082686));
#3619 = CARTESIAN_POINT('',(-0.144905402324,58.933677835568));
#3620 = CARTESIAN_POINT('',(-0.188783280003,58.949191872171));
#3621 = CARTESIAN_POINT('',(-0.232519589588,58.979822812393));
#3622 = CARTESIAN_POINT('',(-0.276004022189,59.025098501203));
#3623 = CARTESIAN_POINT('',(-0.319149960169,59.08420892399));
#3624 = CARTESIAN_POINT('',(-0.361884485097,59.156121332855));
#3625 = CARTESIAN_POINT('',(-0.429941608774,59.290670364984));
#3626 = CARTESIAN_POINT('',(-0.455568111646,59.346019637182));
#3627 = CARTESIAN_POINT('',(-0.481015584451,59.405466863301));
#3628 = CARTESIAN_POINT('',(-0.506278982941,59.468755293498));
#3629 = CARTESIAN_POINT('',(-0.531356325836,59.535629212929));
#3630 = CARTESIAN_POINT('',(-0.556248295306,59.605841166478));
#3631 = CARTESIAN_POINT('',(-0.612470631927,59.772663773308));
#3632 = CARTESIAN_POINT('',(-0.643685252191,59.871215838021));
#3633 = CARTESIAN_POINT('',(-0.674610017793,59.974336488436));
#3634 = CARTESIAN_POINT('',(-0.705255541909,60.081576738291));
#3635 = CARTESIAN_POINT('',(-0.735634847792,60.192523063447));
#3636 = CARTESIAN_POINT('',(-0.765763485219,60.306802961057));
#3637 = CARTESIAN_POINT('',(-0.819051578102,60.515860892755));
#3638 = CARTESIAN_POINT('',(-0.842300384118,60.609469252481));
#3639 = CARTESIAN_POINT('',(-0.865414429805,60.704757242613));
#3640 = CARTESIAN_POINT('',(-0.888401859024,60.801578038976));
#3641 = CARTESIAN_POINT('',(-0.911270758103,60.899796247438));
#3642 = CARTESIAN_POINT('',(-0.934029319265,60.999287812823));
#3643 = CARTESIAN_POINT('',(-1.023805971241,61.398119768234));
#3644 = CARTESIAN_POINT('',(-1.090008481425,61.706380927868));
#3645 = CARTESIAN_POINT('',(-1.155547532685,62.021926146251));
#3646 = CARTESIAN_POINT('',(-1.220603349635,62.342451195198));
#3647 = CARTESIAN_POINT('',(-1.285339534817,62.666016902333));
#3648 = CARTESIAN_POINT('',(-1.349913606129,62.991012731638));
#3649 = CARTESIAN_POINT('',(-1.436804628917,63.428364622873));
#3650 = CARTESIAN_POINT('',(-1.459102892262,63.540602590875));
#3651 = CARTESIAN_POINT('',(-1.481406981949,63.65278194751));
#3652 = CARTESIAN_POINT('',(-1.503722760383,63.764843733846));
#3653 = CARTESIAN_POINT('',(-1.526055886709,63.876730173647));
#3654 = CARTESIAN_POINT('',(-1.548411904058,63.988384576716));
#3655 = CARTESIAN_POINT('',(-1.570796326795,64.099751242242));
#3656 = ( GEOMETRIC_REPRESENTATION_CONTEXT(2) 
PARAMETRIC_REPRESENTATION_CONTEXT() REPRESENTATION_CONTEXT('2D SPACE',''
  ) );
#3657 = ORIENTED_EDGE('',*,*,#3658,.T.);
#3658 = EDGE_CURVE('',#3508,#2743,#3659,.T.);
#3659 = SURFACE_CURVE('',#3660,(#3665,#3672),.PCURVE_S1.);
#3660 = CIRCLE('',#3661,22.449944320644);
#3661 = AXIS2_PLACEMENT_3D('',#3662,#3663,#3664);
#3662 = CARTESIAN_POINT('',(82.,0.,15.));
#3663 = DIRECTION('',(0.,0.,1.));
#3664 = DIRECTION('',(1.,0.,-0.));
#3665 = PCURVE('',#1769,#3666);
#3666 = DEFINITIONAL_REPRESENTATION('',(#3667),#3671);
#3667 = LINE('',#3668,#3669);
#3668 = CARTESIAN_POINT('',(0.,0.455598673396));
#3669 = VECTOR('',#3670,1.);
#3670 = DIRECTION('',(1.,0.));
#3671 = ( GEOMETRIC_REPRESENTATION_CONTEXT(2) 
PARAMETRIC_REPRESENTATION_CONTEXT() REPRESENTATION_CONTEXT('2D SPACE',''
  ) );
#3672 = PCURVE('',#2786,#3673);
#3673 = DEFINITIONAL_REPRESENTATION('',(#3674),#3678);
#3674 = CIRCLE('',#3675,22.449944320644);
#3675 = AXIS2_PLACEMENT_2D('',#3676,#3677);
#3676 = CARTESIAN_POINT('',(44.,20.));
#3677 = DIRECTION('',(1.,0.));
#3678 = ( GEOMETRIC_REPRESENTATION_CONTEXT(2) 
PARAMETRIC_REPRESENTATION_CONTEXT() REPRESENTATION_CONTEXT('2D SPACE',''
  ) );
#3679 = FACE_BOUND('',#3680,.T.);
#3680 = EDGE_LOOP('',(#3681,#3682,#3683,#3684,#3685,#3686,#3687,#3688));
#3681 = ORIENTED_EDGE('',*,*,#1752,.F.);
#3682 = ORIENTED_EDGE('',*,*,#1807,.F.);
#3683 = ORIENTED_EDGE('',*,*,#2056,.T.);
#3684 = ORIENTED_EDGE('',*,*,#2112,.T.);
#3685 = ORIENTED_EDGE('',*,*,#2284,.T.);
#3686 = ORIENTED_EDGE('',*,*,#2312,.F.);
#3687 = ORIENTED_EDGE('',*,*,#2507,.F.);
#3688 = ORIENTED_EDGE('',*,*,#2540,.T.);
#3689 = ADVANCED_FACE('',(#3690),#2786,.T.);
#3690 = FACE_BOUND('',#3691,.T.);
#3691 = EDGE_LOOP('',(#3692,#3715,#3716,#3717,#3740,#3768));
#3692 = ORIENTED_EDGE('',*,*,#3693,.F.);
#3693 = EDGE_CURVE('',#2770,#3694,#3696,.T.);
#3694 = VERTEX_POINT('',#3695);
#3695 = CARTESIAN_POINT('',(116.,10.,15.));
#3696 = SURFACE_CURVE('',#3697,(#3701,#3708),.PCURVE_S1.);
#3697 = LINE('',#3698,#3699);
#3698 = CARTESIAN_POINT('',(38.,10.,15.));
#3699 = VECTOR('',#3700,1.);
#3700 = DIRECTION('',(1.,0.,-0.));
#3701 = PCURVE('',#2786,#3702);
#3702 = DEFINITIONAL_REPRESENTATION('',(#3703),#3707);
#3703 = LINE('',#3704,#3705);
#3704 = CARTESIAN_POINT('',(0.,30.));
#3705 = VECTOR('',#3706,1.);
#3706 = DIRECTION('',(1.,0.));
#3707 = ( GEOMETRIC_REPRESENTATION_CONTEXT(2) 
PARAMETRIC_REPRESENTATION_CONTEXT() REPRESENTATION_CONTEXT('2D SPACE',''
  ) );
#3708 = PCURVE('',#2896,#3709);
#3709 = DEFINITIONAL_REPRESENTATION('',(#3710),#3714);
#3710 = LINE('',#3711,#3712);
#3711 = CARTESIAN_POINT('',(1.570796326795,0.));
#3712 = VECTOR('',#3713,1.);
#3713 = DIRECTION('',(0.,1.));
#3714 = ( GEOMETRIC_REPRESENTATION_CONTEXT(2) 
PARAMETRIC_REPRESENTATION_CONTEXT() REPRESENTATION_CONTEXT('2D SPACE',''
  ) );
#3715 = ORIENTED_EDGE('',*,*,#2769,.F.);
#3716 = ORIENTED_EDGE('',*,*,#3658,.F.);
#3717 = ORIENTED_EDGE('',*,*,#3718,.T.);
#3718 = EDGE_CURVE('',#3508,#3719,#3721,.T.);
#3719 = VERTEX_POINT('',#3720);
#3720 = CARTESIAN_POINT('',(116.,-10.,15.));
#3721 = SURFACE_CURVE('',#3722,(#3726,#3733),.PCURVE_S1.);
#3722 = LINE('',#3723,#3724);
#3723 = CARTESIAN_POINT('',(38.,-10.,15.));
#3724 = VECTOR('',#3725,1.);
#3725 = DIRECTION('',(1.,0.,-0.));
#3726 = PCURVE('',#2786,#3727);
#3727 = DEFINITIONAL_REPRESENTATION('',(#3728),#3732);
#3728 = LINE('',#3729,#3730);
#3729 = CARTESIAN_POINT('',(0.,10.));
#3730 = VECTOR('',#3731,1.);
#3731 = DIRECTION('',(1.,0.));
#3732 = ( GEOMETRIC_REPRESENTATION_CONTEXT(2) 
PARAMETRIC_REPRESENTATION_CONTEXT() REPRESENTATION_CONTEXT('2D SPACE',''
  ) );
#3733 = PCURVE('',#3605,#3734);
#3734 = DEFINITIONAL_REPRESENTATION('',(#3735),#3739);
#3735 = LINE('',#3736,#3737);
#3736 = CARTESIAN_POINT('',(-1.570796326795,0.));
#3737 = VECTOR('',#3738,1.);
#3738 = DIRECTION('',(-0.,1.));
#3739 = ( GEOMETRIC_REPRESENTATION_CONTEXT(2) 
PARAMETRIC_REPRESENTATION_CONTEXT() REPRESENTATION_CONTEXT('2D SPACE',''
  ) );
#3740 = ORIENTED_EDGE('',*,*,#3741,.T.);
#3741 = EDGE_CURVE('',#3719,#3742,#3744,.T.);
#3742 = VERTEX_POINT('',#3743);
#3743 = CARTESIAN_POINT('',(116.,0.,15.));
#3744 = SURFACE_CURVE('',#3745,(#3749,#3756),.PCURVE_S1.);
#3745 = LINE('',#3746,#3747);
#3746 = CARTESIAN_POINT('',(116.,-20.,15.));
#3747 = VECTOR('',#3748,1.);
#3748 = DIRECTION('',(-0.,1.,0.));
#3749 = PCURVE('',#2786,#3750);
#3750 = DEFINITIONAL_REPRESENTATION('',(#3751),#3755);
#3751 = LINE('',#3752,#3753);
#3752 = CARTESIAN_POINT('',(78.,0.));
#3753 = VECTOR('',#3754,1.);
#3754 = DIRECTION('',(0.,1.));
#3755 = ( GEOMETRIC_REPRESENTATION_CONTEXT(2) 
PARAMETRIC_REPRESENTATION_CONTEXT() REPRESENTATION_CONTEXT('2D SPACE',''
  ) );
#3756 = PCURVE('',#3757,#3762);
#3757 = CYLINDRICAL_SURFACE('',#3758,10.);
#3758 = AXIS2_PLACEMENT_3D('',#3759,#3760,#3761);
#3759 = CARTESIAN_POINT('',(116.,-20.,5.));
#3760 = DIRECTION('',(-0.,1.,0.));
#3761 = DIRECTION('',(1.,0.,-0.));
#3762 = DEFINITIONAL_REPRESENTATION('',(#3763),#3767);
#3763 = LINE('',#3764,#3765);
#3764 = CARTESIAN_POINT('',(-1.570796326795,0.));
#3765 = VECTOR('',#3766,1.);
#3766 = DIRECTION('',(-0.,1.));
#3767 = ( GEOMETRIC_REPRESENTATION_CONTEXT(2) 
PARAMETRIC_REPRESENTATION_CONTEXT() REPRESENTATION_CONTEXT('2D SPACE',''
  ) );
#3768 = ORIENTED_EDGE('',*,*,#3769,.T.);
#3769 = EDGE_CURVE('',#3742,#3694,#3770,.T.);
#3770 = SURFACE_CURVE('',#3771,(#3775,#3782),.PCURVE_S1.);
#3771 = LINE('',#3772,#3773);
#3772 = CARTESIAN_POINT('',(116.,-20.,15.));
#3773 = VECTOR('',#3774,1.);
#3774 = DIRECTION('',(-0.,1.,0.));
#3775 = PCURVE('',#2786,#3776);
#3776 = DEFINITIONAL_REPRESENTATION('',(#3777),#3781);
#3777 = LINE('',#3778,#3779);
#3778 = CARTESIAN_POINT('',(78.,0.));
#3779 = VECTOR('',#3780,1.);
#3780 = DIRECTION('',(0.,1.));
#3781 = ( GEOMETRIC_REPRESENTATION_CONTEXT(2) 
PARAMETRIC_REPRESENTATION_CONTEXT() REPRESENTATION_CONTEXT('2D SPACE',''
  ) );
#3782 = PCURVE('',#3783,#3788);
#3783 = CYLINDRICAL_SURFACE('',#3784,10.);
#3784 = AXIS2_PLACEMENT_3D('',#3785,#3786,#3787);
#3785 = CARTESIAN_POINT('',(116.,-20.,5.));
#3786 = DIRECTION('',(-0.,1.,0.));
#3787 = DIRECTION('',(1.,0.,-0.));
#3788 = DEFINITIONAL_REPRESENTATION('',(#3789),#3793);
#3789 = LINE('',#3790,#3791);
#3790 = CARTESIAN_POINT('',(-1.570796326795,0.));
#3791 = VECTOR('',#3792,1.);
#3792 = DIRECTION('',(-0.,1.));
#3793 = ( GEOMETRIC_REPRESENTATION_CONTEXT(2) 
PARAMETRIC_REPRESENTATION_CONTEXT() REPRESENTATION_CONTEXT('2D SPACE',''
  ) );
#3794 = ADVANCED_FACE('',(#3795),#3605,.T.);
#3795 = FACE_BOUND('',#3796,.F.);
#3796 = EDGE_LOOP('',(#3797,#3798,#3799,#3826));
#3797 = ORIENTED_EDGE('',*,*,#3507,.T.);
#3798 = ORIENTED_EDGE('',*,*,#3718,.T.);
#3799 = ORIENTED_EDGE('',*,*,#3800,.T.);
#3800 = EDGE_CURVE('',#3719,#3801,#3803,.T.);
#3801 = VERTEX_POINT('',#3802);
#3802 = CARTESIAN_POINT('',(116.,-20.,5.));
#3803 = SURFACE_CURVE('',#3804,(#3809,#3815),.PCURVE_S1.);
#3804 = CIRCLE('',#3805,10.);
#3805 = AXIS2_PLACEMENT_3D('',#3806,#3807,#3808);
#3806 = CARTESIAN_POINT('',(116.,-10.,5.));
#3807 = DIRECTION('',(1.,6.123233995737E-17,0.));
#3808 = DIRECTION('',(6.123233995737E-17,-1.,0.));
#3809 = PCURVE('',#3605,#3810);
#3810 = DEFINITIONAL_REPRESENTATION('',(#3811),#3814);
#3811 = B_SPLINE_CURVE_WITH_KNOTS('',1,(#3812,#3813),.UNSPECIFIED.,.F.,
  .F.,(2,2),(4.712388980385,6.28318530718),.PIECEWISE_BEZIER_KNOTS.);
#3812 = CARTESIAN_POINT('',(-1.570796326795,78.));
#3813 = CARTESIAN_POINT('',(0.,78.));
#3814 = ( GEOMETRIC_REPRESENTATION_CONTEXT(2) 
PARAMETRIC_REPRESENTATION_CONTEXT() REPRESENTATION_CONTEXT('2D SPACE',''
  ) );
#3815 = PCURVE('',#3816,#3821);
#3816 = SPHERICAL_SURFACE('',#3817,10.);
#3817 = AXIS2_PLACEMENT_3D('',#3818,#3819,#3820);
#3818 = CARTESIAN_POINT('',(116.,-10.,5.));
#3819 = DIRECTION('',(-0.,-0.,-1.));
#3820 = DIRECTION('',(1.,0.,0.));
#3821 = DEFINITIONAL_REPRESENTATION('',(#3822),#3825);
#3822 = B_SPLINE_CURVE_WITH_KNOTS('',1,(#3823,#3824),.UNSPECIFIED.,.F.,
  .F.,(2,2),(4.712388980385,6.28318530718),.PIECEWISE_BEZIER_KNOTS.);
#3823 = CARTESIAN_POINT('',(1.570796326795,-1.570796326795));
#3824 = CARTESIAN_POINT('',(1.570796326795,0.));
#3825 = ( GEOMETRIC_REPRESENTATION_CONTEXT(2) 
PARAMETRIC_REPRESENTATION_CONTEXT() REPRESENTATION_CONTEXT('2D SPACE',''
  ) );
#3826 = ORIENTED_EDGE('',*,*,#3827,.F.);
#3827 = EDGE_CURVE('',#3473,#3801,#3828,.T.);
#3828 = SURFACE_CURVE('',#3829,(#3833,#3840),.PCURVE_S1.);
#3829 = LINE('',#3830,#3831);
#3830 = CARTESIAN_POINT('',(38.,-20.,5.));
#3831 = VECTOR('',#3832,1.);
#3832 = DIRECTION('',(1.,0.,-0.));
#3833 = PCURVE('',#3605,#3834);
#3834 = DEFINITIONAL_REPRESENTATION('',(#3835),#3839);
#3835 = LINE('',#3836,#3837);
#3836 = CARTESIAN_POINT('',(-0.,0.));
#3837 = VECTOR('',#3838,1.);
#3838 = DIRECTION('',(-0.,1.));
#3839 = ( GEOMETRIC_REPRESENTATION_CONTEXT(2) 
PARAMETRIC_REPRESENTATION_CONTEXT() REPRESENTATION_CONTEXT('2D SPACE',''
  ) );
#3840 = PCURVE('',#3495,#3841);
#3841 = DEFINITIONAL_REPRESENTATION('',(#3842),#3846);
#3842 = LINE('',#3843,#3844);
#3843 = CARTESIAN_POINT('',(20.,0.));
#3844 = VECTOR('',#3845,1.);
#3845 = DIRECTION('',(0.,1.));
#3846 = ( GEOMETRIC_REPRESENTATION_CONTEXT(2) 
PARAMETRIC_REPRESENTATION_CONTEXT() REPRESENTATION_CONTEXT('2D SPACE',''
  ) );
#3847 = ADVANCED_FACE('',(#3848),#3495,.F.);
#3848 = FACE_BOUND('',#3849,.F.);
#3849 = EDGE_LOOP('',(#3850,#3873,#3874,#3875));
#3850 = ORIENTED_EDGE('',*,*,#3851,.F.);
#3851 = EDGE_CURVE('',#3268,#3852,#3854,.T.);
#3852 = VERTEX_POINT('',#3853);
#3853 = CARTESIAN_POINT('',(116.,-20.,-5.));
#3854 = SURFACE_CURVE('',#3855,(#3859,#3866),.PCURVE_S1.);
#3855 = LINE('',#3856,#3857);
#3856 = CARTESIAN_POINT('',(38.,-20.,-5.));
#3857 = VECTOR('',#3858,1.);
#3858 = DIRECTION('',(1.,0.,-0.));
#3859 = PCURVE('',#3495,#3860);
#3860 = DEFINITIONAL_REPRESENTATION('',(#3861),#3865);
#3861 = LINE('',#3862,#3863);
#3862 = CARTESIAN_POINT('',(10.,0.));
#3863 = VECTOR('',#3864,1.);
#3864 = DIRECTION('',(0.,1.));
#3865 = ( GEOMETRIC_REPRESENTATION_CONTEXT(2) 
PARAMETRIC_REPRESENTATION_CONTEXT() REPRESENTATION_CONTEXT('2D SPACE',''
  ) );
#3866 = PCURVE('',#3401,#3867);
#3867 = DEFINITIONAL_REPRESENTATION('',(#3868),#3872);
#3868 = LINE('',#3869,#3870);
#3869 = CARTESIAN_POINT('',(0.,0.));
#3870 = VECTOR('',#3871,1.);
#3871 = DIRECTION('',(0.,1.));
#3872 = ( GEOMETRIC_REPRESENTATION_CONTEXT(2) 
PARAMETRIC_REPRESENTATION_CONTEXT() REPRESENTATION_CONTEXT('2D SPACE',''
  ) );
#3873 = ORIENTED_EDGE('',*,*,#3472,.F.);
#3874 = ORIENTED_EDGE('',*,*,#3827,.T.);
#3875 = ORIENTED_EDGE('',*,*,#3876,.F.);
#3876 = EDGE_CURVE('',#3852,#3801,#3877,.T.);
#3877 = SURFACE_CURVE('',#3878,(#3882,#3889),.PCURVE_S1.);
#3878 = LINE('',#3879,#3880);
#3879 = CARTESIAN_POINT('',(116.,-20.,-15.));
#3880 = VECTOR('',#3881,1.);
#3881 = DIRECTION('',(0.,0.,1.));
#3882 = PCURVE('',#3495,#3883);
#3883 = DEFINITIONAL_REPRESENTATION('',(#3884),#3888);
#3884 = LINE('',#3885,#3886);
#3885 = CARTESIAN_POINT('',(0.,78.));
#3886 = VECTOR('',#3887,1.);
#3887 = DIRECTION('',(1.,0.));
#3888 = ( GEOMETRIC_REPRESENTATION_CONTEXT(2) 
PARAMETRIC_REPRESENTATION_CONTEXT() REPRESENTATION_CONTEXT('2D SPACE',''
  ) );
#3889 = PCURVE('',#3890,#3895);
#3890 = CYLINDRICAL_SURFACE('',#3891,10.);
#3891 = AXIS2_PLACEMENT_3D('',#3892,#3893,#3894);
#3892 = CARTESIAN_POINT('',(116.,-10.,-15.));
#3893 = DIRECTION('',(0.,0.,1.));
#3894 = DIRECTION('',(1.,0.,-0.));
#3895 = DEFINITIONAL_REPRESENTATION('',(#3896),#3900);
#3896 = LINE('',#3897,#3898);
#3897 = CARTESIAN_POINT('',(-1.570796326795,0.));
#3898 = VECTOR('',#3899,1.);
#3899 = DIRECTION('',(-0.,1.));
#3900 = ( GEOMETRIC_REPRESENTATION_CONTEXT(2) 
PARAMETRIC_REPRESENTATION_CONTEXT() REPRESENTATION_CONTEXT('2D SPACE',''
  ) );
#3901 = ADVANCED_FACE('',(#3902),#3401,.T.);
#3902 = FACE_BOUND('',#3903,.T.);
#3903 = EDGE_LOOP('',(#3904,#3905,#3928,#3953));
#3904 = ORIENTED_EDGE('',*,*,#3267,.T.);
#3905 = ORIENTED_EDGE('',*,*,#3906,.T.);
#3906 = EDGE_CURVE('',#3244,#3907,#3909,.T.);
#3907 = VERTEX_POINT('',#3908);
#3908 = CARTESIAN_POINT('',(116.,-10.,-15.));
#3909 = SURFACE_CURVE('',#3910,(#3914,#3921),.PCURVE_S1.);
#3910 = LINE('',#3911,#3912);
#3911 = CARTESIAN_POINT('',(38.,-10.,-15.));
#3912 = VECTOR('',#3913,1.);
#3913 = DIRECTION('',(1.,0.,-0.));
#3914 = PCURVE('',#3401,#3915);
#3915 = DEFINITIONAL_REPRESENTATION('',(#3916),#3920);
#3916 = LINE('',#3917,#3918);
#3917 = CARTESIAN_POINT('',(1.570796326795,0.));
#3918 = VECTOR('',#3919,1.);
#3919 = DIRECTION('',(0.,1.));
#3920 = ( GEOMETRIC_REPRESENTATION_CONTEXT(2) 
PARAMETRIC_REPRESENTATION_CONTEXT() REPRESENTATION_CONTEXT('2D SPACE',''
  ) );
#3921 = PCURVE('',#3206,#3922);
#3922 = DEFINITIONAL_REPRESENTATION('',(#3923),#3927);
#3923 = LINE('',#3924,#3925);
#3924 = CARTESIAN_POINT('',(0.,10.));
#3925 = VECTOR('',#3926,1.);
#3926 = DIRECTION('',(1.,0.));
#3927 = ( GEOMETRIC_REPRESENTATION_CONTEXT(2) 
PARAMETRIC_REPRESENTATION_CONTEXT() REPRESENTATION_CONTEXT('2D SPACE',''
  ) );
#3928 = ORIENTED_EDGE('',*,*,#3929,.T.);
#3929 = EDGE_CURVE('',#3907,#3852,#3930,.T.);
#3930 = SURFACE_CURVE('',#3931,(#3936,#3942),.PCURVE_S1.);
#3931 = CIRCLE('',#3932,10.);
#3932 = AXIS2_PLACEMENT_3D('',#3933,#3934,#3935);
#3933 = CARTESIAN_POINT('',(116.,-10.,-5.));
#3934 = DIRECTION('',(-1.,-6.123233995737E-17,0.));
#3935 = DIRECTION('',(6.123233995737E-17,-1.,-0.));
#3936 = PCURVE('',#3401,#3937);
#3937 = DEFINITIONAL_REPRESENTATION('',(#3938),#3941);
#3938 = B_SPLINE_CURVE_WITH_KNOTS('',1,(#3939,#3940),.UNSPECIFIED.,.F.,
  .F.,(2,2),(4.712388980385,6.28318530718),.PIECEWISE_BEZIER_KNOTS.);
#3939 = CARTESIAN_POINT('',(1.570796326795,78.));
#3940 = CARTESIAN_POINT('',(0.,78.));
#3941 = ( GEOMETRIC_REPRESENTATION_CONTEXT(2) 
PARAMETRIC_REPRESENTATION_CONTEXT() REPRESENTATION_CONTEXT('2D SPACE',''
  ) );
#3942 = PCURVE('',#3943,#3948);
#3943 = SPHERICAL_SURFACE('',#3944,10.);
#3944 = AXIS2_PLACEMENT_3D('',#3945,#3946,#3947);
#3945 = CARTESIAN_POINT('',(116.,-10.,-5.));
#3946 = DIRECTION('',(0.,0.,1.));
#3947 = DIRECTION('',(1.,0.,-0.));
#3948 = DEFINITIONAL_REPRESENTATION('',(#3949),#3952);
#3949 = B_SPLINE_CURVE_WITH_KNOTS('',1,(#3950,#3951),.UNSPECIFIED.,.F.,
  .F.,(2,2),(4.712388980385,6.28318530718),.PIECEWISE_BEZIER_KNOTS.);
#3950 = CARTESIAN_POINT('',(-1.570796326795,-1.570796326795));
#3951 = CARTESIAN_POINT('',(-1.570796326795,0.));
#3952 = ( GEOMETRIC_REPRESENTATION_CONTEXT(2) 
PARAMETRIC_REPRESENTATION_CONTEXT() REPRESENTATION_CONTEXT('2D SPACE',''
  ) );
#3953 = ORIENTED_EDGE('',*,*,#3851,.F.);
#3954 = ADVANCED_FACE('',(#3955),#3206,.F.);
#3955 = FACE_BOUND('',#3956,.F.);
#3956 = EDGE_LOOP('',(#3957,#3980,#3981,#3982,#3983,#4011));
#3957 = ORIENTED_EDGE('',*,*,#3958,.F.);
#3958 = EDGE_CURVE('',#2985,#3959,#3961,.T.);
#3959 = VERTEX_POINT('',#3960);
#3960 = CARTESIAN_POINT('',(116.,10.,-15.));
#3961 = SURFACE_CURVE('',#3962,(#3966,#3973),.PCURVE_S1.);
#3962 = LINE('',#3963,#3964);
#3963 = CARTESIAN_POINT('',(38.,10.,-15.));
#3964 = VECTOR('',#3965,1.);
#3965 = DIRECTION('',(1.,0.,-0.));
#3966 = PCURVE('',#3206,#3967);
#3967 = DEFINITIONAL_REPRESENTATION('',(#3968),#3972);
#3968 = LINE('',#3969,#3970);
#3969 = CARTESIAN_POINT('',(0.,30.));
#3970 = VECTOR('',#3971,1.);
#3971 = DIRECTION('',(1.,0.));
#3972 = ( GEOMETRIC_REPRESENTATION_CONTEXT(2) 
PARAMETRIC_REPRESENTATION_CONTEXT() REPRESENTATION_CONTEXT('2D SPACE',''
  ) );
#3973 = PCURVE('',#3118,#3974);
#3974 = DEFINITIONAL_REPRESENTATION('',(#3975),#3979);
#3975 = LINE('',#3976,#3977);
#3976 = CARTESIAN_POINT('',(-1.570796326795,0.));
#3977 = VECTOR('',#3978,1.);
#3978 = DIRECTION('',(-0.,1.));
#3979 = ( GEOMETRIC_REPRESENTATION_CONTEXT(2) 
PARAMETRIC_REPRESENTATION_CONTEXT() REPRESENTATION_CONTEXT('2D SPACE',''
  ) );
#3980 = ORIENTED_EDGE('',*,*,#3189,.F.);
#3981 = ORIENTED_EDGE('',*,*,#3243,.F.);
#3982 = ORIENTED_EDGE('',*,*,#3906,.T.);
#3983 = ORIENTED_EDGE('',*,*,#3984,.T.);
#3984 = EDGE_CURVE('',#3907,#3985,#3987,.T.);
#3985 = VERTEX_POINT('',#3986);
#3986 = CARTESIAN_POINT('',(116.,-3.613327038121E-15,-15.));
#3987 = SURFACE_CURVE('',#3988,(#3992,#3999),.PCURVE_S1.);
#3988 = LINE('',#3989,#3990);
#3989 = CARTESIAN_POINT('',(116.,-20.,-15.));
#3990 = VECTOR('',#3991,1.);
#3991 = DIRECTION('',(-0.,1.,0.));
#3992 = PCURVE('',#3206,#3993);
#3993 = DEFINITIONAL_REPRESENTATION('',(#3994),#3998);
#3994 = LINE('',#3995,#3996);
#3995 = CARTESIAN_POINT('',(78.,0.));
#3996 = VECTOR('',#3997,1.);
#3997 = DIRECTION('',(0.,1.));
#3998 = ( GEOMETRIC_REPRESENTATION_CONTEXT(2) 
PARAMETRIC_REPRESENTATION_CONTEXT() REPRESENTATION_CONTEXT('2D SPACE',''
  ) );
#3999 = PCURVE('',#4000,#4005);
#4000 = CYLINDRICAL_SURFACE('',#4001,10.);
#4001 = AXIS2_PLACEMENT_3D('',#4002,#4003,#4004);
#4002 = CARTESIAN_POINT('',(116.,-20.,-5.));
#4003 = DIRECTION('',(-0.,1.,0.));
#4004 = DIRECTION('',(1.,0.,-0.));
#4005 = DEFINITIONAL_REPRESENTATION('',(#4006),#4010);
#4006 = LINE('',#4007,#4008);
#4007 = CARTESIAN_POINT('',(1.570796326795,0.));
#4008 = VECTOR('',#4009,1.);
#4009 = DIRECTION('',(0.,1.));
#4010 = ( GEOMETRIC_REPRESENTATION_CONTEXT(2) 
PARAMETRIC_REPRESENTATION_CONTEXT() REPRESENTATION_CONTEXT('2D SPACE',''
  ) );
#4011 = ORIENTED_EDGE('',*,*,#4012,.T.);
#4012 = EDGE_CURVE('',#3985,#3959,#4013,.T.);
#4013 = SURFACE_CURVE('',#4014,(#4018,#4025),.PCURVE_S1.);
#4014 = LINE('',#4015,#4016);
#4015 = CARTESIAN_POINT('',(116.,-20.,-15.));
#4016 = VECTOR('',#4017,1.);
#4017 = DIRECTION('',(-0.,1.,0.));
#4018 = PCURVE('',#3206,#4019);
#4019 = DEFINITIONAL_REPRESENTATION('',(#4020),#4024);
#4020 = LINE('',#4021,#4022);
#4021 = CARTESIAN_POINT('',(78.,0.));
#4022 = VECTOR('',#4023,1.);
#4023 = DIRECTION('',(0.,1.));
#4024 = ( GEOMETRIC_REPRESENTATION_CONTEXT(2) 
PARAMETRIC_REPRESENTATION_CONTEXT() REPRESENTATION_CONTEXT('2D SPACE',''
  ) );
#4025 = PCURVE('',#4026,#4031);
#4026 = CYLINDRICAL_SURFACE('',#4027,10.);
#4027 = AXIS2_PLACEMENT_3D('',#4028,#4029,#4030);
#4028 = CARTESIAN_POINT('',(116.,-20.,-5.));
#4029 = DIRECTION('',(-0.,1.,0.));
#4030 = DIRECTION('',(1.,0.,-0.));
#4031 = DEFINITIONAL_REPRESENTATION('',(#4032),#4036);
#4032 = LINE('',#4033,#4034);
#4033 = CARTESIAN_POINT('',(1.570796326795,0.));
#4034 = VECTOR('',#4035,1.);
#4035 = DIRECTION('',(0.,1.));
#4036 = ( GEOMETRIC_REPRESENTATION_CONTEXT(2) 
PARAMETRIC_REPRESENTATION_CONTEXT() REPRESENTATION_CONTEXT('2D SPACE',''
  ) );
#4037 = ADVANCED_FACE('',(#4038),#3118,.T.);
#4038 = FACE_BOUND('',#4039,.F.);
#4039 = EDGE_LOOP('',(#4040,#4041,#4042,#4069));
#4040 = ORIENTED_EDGE('',*,*,#2984,.T.);
#4041 = ORIENTED_EDGE('',*,*,#3958,.T.);
#4042 = ORIENTED_EDGE('',*,*,#4043,.T.);
#4043 = EDGE_CURVE('',#3959,#4044,#4046,.T.);
#4044 = VERTEX_POINT('',#4045);
#4045 = CARTESIAN_POINT('',(116.,20.,-5.));
#4046 = SURFACE_CURVE('',#4047,(#4052,#4058),.PCURVE_S1.);
#4047 = CIRCLE('',#4048,10.);
#4048 = AXIS2_PLACEMENT_3D('',#4049,#4050,#4051);
#4049 = CARTESIAN_POINT('',(116.,10.,-5.));
#4050 = DIRECTION('',(1.,-1.056412609424E-16,0.));
#4051 = DIRECTION('',(1.056412609424E-16,1.,0.));
#4052 = PCURVE('',#3118,#4053);
#4053 = DEFINITIONAL_REPRESENTATION('',(#4054),#4057);
#4054 = B_SPLINE_CURVE_WITH_KNOTS('',1,(#4055,#4056),.UNSPECIFIED.,.F.,
  .F.,(2,2),(4.712388980385,6.28318530718),.PIECEWISE_BEZIER_KNOTS.);
#4055 = CARTESIAN_POINT('',(-1.570796326795,78.));
#4056 = CARTESIAN_POINT('',(0.,78.));
#4057 = ( GEOMETRIC_REPRESENTATION_CONTEXT(2) 
PARAMETRIC_REPRESENTATION_CONTEXT() REPRESENTATION_CONTEXT('2D SPACE',''
  ) );
#4058 = PCURVE('',#4059,#4064);
#4059 = SPHERICAL_SURFACE('',#4060,10.);
#4060 = AXIS2_PLACEMENT_3D('',#4061,#4062,#4063);
#4061 = CARTESIAN_POINT('',(116.,10.,-5.));
#4062 = DIRECTION('',(0.,0.,1.));
#4063 = DIRECTION('',(1.,1.7763568394E-16,-0.));
#4064 = DEFINITIONAL_REPRESENTATION('',(#4065),#4068);
#4065 = B_SPLINE_CURVE_WITH_KNOTS('',1,(#4066,#4067),.UNSPECIFIED.,.F.,
  .F.,(2,2),(4.712388980385,6.28318530718),.PIECEWISE_BEZIER_KNOTS.);
#4066 = CARTESIAN_POINT('',(1.570796326795,-1.570796326795));
#4067 = CARTESIAN_POINT('',(1.570796326795,0.));
#4068 = ( GEOMETRIC_REPRESENTATION_CONTEXT(2) 
PARAMETRIC_REPRESENTATION_CONTEXT() REPRESENTATION_CONTEXT('2D SPACE',''
  ) );
#4069 = ORIENTED_EDGE('',*,*,#4070,.F.);
#4070 = EDGE_CURVE('',#2950,#4044,#4071,.T.);
#4071 = SURFACE_CURVE('',#4072,(#4076,#4083),.PCURVE_S1.);
#4072 = LINE('',#4073,#4074);
#4073 = CARTESIAN_POINT('',(38.,20.,-5.));
#4074 = VECTOR('',#4075,1.);
#4075 = DIRECTION('',(1.,0.,-0.));
#4076 = PCURVE('',#3118,#4077);
#4077 = DEFINITIONAL_REPRESENTATION('',(#4078),#4082);
#4078 = LINE('',#4079,#4080);
#4079 = CARTESIAN_POINT('',(-0.,0.));
#4080 = VECTOR('',#4081,1.);
#4081 = DIRECTION('',(-0.,1.));
#4082 = ( GEOMETRIC_REPRESENTATION_CONTEXT(2) 
PARAMETRIC_REPRESENTATION_CONTEXT() REPRESENTATION_CONTEXT('2D SPACE',''
  ) );
#4083 = PCURVE('',#2972,#4084);
#4084 = DEFINITIONAL_REPRESENTATION('',(#4085),#4089);
#4085 = LINE('',#4086,#4087);
#4086 = CARTESIAN_POINT('',(10.,0.));
#4087 = VECTOR('',#4088,1.);
#4088 = DIRECTION('',(0.,1.));
#4089 = ( GEOMETRIC_REPRESENTATION_CONTEXT(2) 
PARAMETRIC_REPRESENTATION_CONTEXT() REPRESENTATION_CONTEXT('2D SPACE',''
  ) );
#4090 = ADVANCED_FACE('',(#4091),#2972,.T.);
#4091 = FACE_BOUND('',#4092,.T.);
#4092 = EDGE_LOOP('',(#4093,#4094,#4095,#4118));
#4093 = ORIENTED_EDGE('',*,*,#4070,.F.);
#4094 = ORIENTED_EDGE('',*,*,#2949,.F.);
#4095 = ORIENTED_EDGE('',*,*,#4096,.T.);
#4096 = EDGE_CURVE('',#2799,#4097,#4099,.T.);
#4097 = VERTEX_POINT('',#4098);
#4098 = CARTESIAN_POINT('',(116.,20.,5.));
#4099 = SURFACE_CURVE('',#4100,(#4104,#4111),.PCURVE_S1.);
#4100 = LINE('',#4101,#4102);
#4101 = CARTESIAN_POINT('',(38.,20.,5.));
#4102 = VECTOR('',#4103,1.);
#4103 = DIRECTION('',(1.,0.,-0.));
#4104 = PCURVE('',#2972,#4105);
#4105 = DEFINITIONAL_REPRESENTATION('',(#4106),#4110);
#4106 = LINE('',#4107,#4108);
#4107 = CARTESIAN_POINT('',(20.,0.));
#4108 = VECTOR('',#4109,1.);
#4109 = DIRECTION('',(0.,1.));
#4110 = ( GEOMETRIC_REPRESENTATION_CONTEXT(2) 
PARAMETRIC_REPRESENTATION_CONTEXT() REPRESENTATION_CONTEXT('2D SPACE',''
  ) );
#4111 = PCURVE('',#2896,#4112);
#4112 = DEFINITIONAL_REPRESENTATION('',(#4113),#4117);
#4113 = LINE('',#4114,#4115);
#4114 = CARTESIAN_POINT('',(0.,0.));
#4115 = VECTOR('',#4116,1.);
#4116 = DIRECTION('',(0.,1.));
#4117 = ( GEOMETRIC_REPRESENTATION_CONTEXT(2) 
PARAMETRIC_REPRESENTATION_CONTEXT() REPRESENTATION_CONTEXT('2D SPACE',''
  ) );
#4118 = ORIENTED_EDGE('',*,*,#4119,.F.);
#4119 = EDGE_CURVE('',#4044,#4097,#4120,.T.);
#4120 = SURFACE_CURVE('',#4121,(#4125,#4132),.PCURVE_S1.);
#4121 = LINE('',#4122,#4123);
#4122 = CARTESIAN_POINT('',(116.,20.,-15.));
#4123 = VECTOR('',#4124,1.);
#4124 = DIRECTION('',(0.,0.,1.));
#4125 = PCURVE('',#2972,#4126);
#4126 = DEFINITIONAL_REPRESENTATION('',(#4127),#4131);
#4127 = LINE('',#4128,#4129);
#4128 = CARTESIAN_POINT('',(0.,78.));
#4129 = VECTOR('',#4130,1.);
#4130 = DIRECTION('',(1.,0.));
#4131 = ( GEOMETRIC_REPRESENTATION_CONTEXT(2) 
PARAMETRIC_REPRESENTATION_CONTEXT() REPRESENTATION_CONTEXT('2D SPACE',''
  ) );
#4132 = PCURVE('',#4133,#4138);
#4133 = CYLINDRICAL_SURFACE('',#4134,10.);
#4134 = AXIS2_PLACEMENT_3D('',#4135,#4136,#4137);
#4135 = CARTESIAN_POINT('',(116.,10.,-15.));
#4136 = DIRECTION('',(0.,0.,1.));
#4137 = DIRECTION('',(1.,0.,-0.));
#4138 = DEFINITIONAL_REPRESENTATION('',(#4139),#4143);
#4139 = LINE('',#4140,#4141);
#4140 = CARTESIAN_POINT('',(1.570796326795,0.));
#4141 = VECTOR('',#4142,1.);
#4142 = DIRECTION('',(0.,1.));
#4143 = ( GEOMETRIC_REPRESENTATION_CONTEXT(2) 
PARAMETRIC_REPRESENTATION_CONTEXT() REPRESENTATION_CONTEXT('2D SPACE',''
  ) );
#4144 = ADVANCED_FACE('',(#4145),#2896,.T.);
#4145 = FACE_BOUND('',#4146,.T.);
#4146 = EDGE_LOOP('',(#4147,#4148,#4149,#4150));
#4147 = ORIENTED_EDGE('',*,*,#4096,.F.);
#4148 = ORIENTED_EDGE('',*,*,#2798,.T.);
#4149 = ORIENTED_EDGE('',*,*,#3693,.T.);
#4150 = ORIENTED_EDGE('',*,*,#4151,.F.);
#4151 = EDGE_CURVE('',#4097,#3694,#4152,.T.);
#4152 = SURFACE_CURVE('',#4153,(#4158,#4164),.PCURVE_S1.);
#4153 = CIRCLE('',#4154,10.);
#4154 = AXIS2_PLACEMENT_3D('',#4155,#4156,#4157);
#4155 = CARTESIAN_POINT('',(116.,10.,5.));
#4156 = DIRECTION('',(1.,0.,-1.056412609424E-16));
#4157 = DIRECTION('',(1.056412609424E-16,0.,1.));
#4158 = PCURVE('',#2896,#4159);
#4159 = DEFINITIONAL_REPRESENTATION('',(#4160),#4163);
#4160 = B_SPLINE_CURVE_WITH_KNOTS('',1,(#4161,#4162),.UNSPECIFIED.,.F.,
  .F.,(2,2),(4.712388980385,6.28318530718),.PIECEWISE_BEZIER_KNOTS.);
#4161 = CARTESIAN_POINT('',(0.,78.));
#4162 = CARTESIAN_POINT('',(1.570796326795,78.));
#4163 = ( GEOMETRIC_REPRESENTATION_CONTEXT(2) 
PARAMETRIC_REPRESENTATION_CONTEXT() REPRESENTATION_CONTEXT('2D SPACE',''
  ) );
#4164 = PCURVE('',#4165,#4170);
#4165 = SPHERICAL_SURFACE('',#4166,10.);
#4166 = AXIS2_PLACEMENT_3D('',#4167,#4168,#4169);
#4167 = CARTESIAN_POINT('',(116.,10.,5.));
#4168 = DIRECTION('',(0.,-1.,-0.));
#4169 = DIRECTION('',(1.,0.,1.7763568394E-16));
#4170 = DEFINITIONAL_REPRESENTATION('',(#4171),#4174);
#4171 = B_SPLINE_CURVE_WITH_KNOTS('',1,(#4172,#4173),.UNSPECIFIED.,.F.,
  .F.,(2,2),(4.712388980385,6.28318530718),.PIECEWISE_BEZIER_KNOTS.);
#4172 = CARTESIAN_POINT('',(1.570796326795,-1.570796326795));
#4173 = CARTESIAN_POINT('',(1.570796326795,0.));
#4174 = ( GEOMETRIC_REPRESENTATION_CONTEXT(2) 
PARAMETRIC_REPRESENTATION_CONTEXT() REPRESENTATION_CONTEXT('2D SPACE',''
  ) );
#4175 = ADVANCED_FACE('',(#4176),#3783,.T.);
#4176 = FACE_BOUND('',#4177,.F.);
#4177 = EDGE_LOOP('',(#4178,#4266,#4267));
#4178 = ORIENTED_EDGE('',*,*,#4179,.T.);
#4179 = EDGE_CURVE('',#4180,#3742,#4182,.T.);
#4180 = VERTEX_POINT('',#4181);
#4181 = CARTESIAN_POINT('',(123.86151377757,10.,11.180339887499));
#4182 = SURFACE_CURVE('',#4183,(#4207,#4234),.PCURVE_S1.);
#4183 = B_SPLINE_CURVE_WITH_KNOTS('',8,(#4184,#4185,#4186,#4187,#4188,
    #4189,#4190,#4191,#4192,#4193,#4194,#4195,#4196,#4197,#4198,#4199,
    #4200,#4201,#4202,#4203,#4204,#4205,#4206),.UNSPECIFIED.,.F.,.F.,(9,
    7,7,9),(0.,0.904737870653,0.953631306184,1.),.UNSPECIFIED.);
#4184 = CARTESIAN_POINT('',(123.86151419947,10.000000600007,
    11.18033935083));
#4185 = CARTESIAN_POINT('',(123.11058976579,8.93206496969,
    12.135530119985));
#4186 = CARTESIAN_POINT('',(122.27827920561,7.818980184162,
    12.921256973735));
#4187 = CARTESIAN_POINT('',(121.4019491208,6.686469819356,
    13.555182480095));
#4188 = CARTESIAN_POINT('',(120.50229604233,5.548798448539,
    14.055839679706));
#4189 = CARTESIAN_POINT('',(119.59032755042,4.411633067958,
    14.438952617639));
#4190 = CARTESIAN_POINT('',(118.66957195732,3.27413118723,
    14.716068416636));
#4191 = CARTESIAN_POINT('',(117.7388664432,2.130843676051,
    14.893039347456));
#4192 = CARTESIAN_POINT('',(116.74436453424,0.91186454877,14.97238877399
    ));
#4193 = CARTESIAN_POINT('',(116.69336723014,0.849363532281,
    14.976157782933));
#4194 = CARTESIAN_POINT('',(116.64236225374,0.786859788297,
    14.979627750946));
#4195 = CARTESIAN_POINT('',(116.59135033067,0.724353575423,
    14.982798909691));
#4196 = CARTESIAN_POINT('',(116.54033218422,0.661845151233,
    14.985671464153));
#4197 = CARTESIAN_POINT('',(116.48930853535,0.599334772273,
    14.988245592645));
#4198 = CARTESIAN_POINT('',(116.43828010266,0.536822694059,
    14.990521446802));
#4199 = CARTESIAN_POINT('',(116.3388503002,0.415023699007,
    14.994374732354));
#4200 = CARTESIAN_POINT('',(116.29044834926,0.355736391109,
    14.995982185862));
#4201 = CARTESIAN_POINT('',(116.24204718314,0.296448444956,
    14.997321512639));
#4202 = CARTESIAN_POINT('',(116.19363556339,0.237162201598,
    14.998393003686));
#4203 = CARTESIAN_POINT('',(116.14523334913,0.177867064539,
    14.999196469424));
#4204 = CARTESIAN_POINT('',(116.09681899181,0.118584255491,
    14.99973216984));
#4205 = CARTESIAN_POINT('',(116.04841130088,5.928864304226E-02,
    14.999999997949));
#4206 = CARTESIAN_POINT('',(116.,8.656792367693E-07,15.));
#4207 = PCURVE('',#3783,#4208);
#4208 = DEFINITIONAL_REPRESENTATION('',(#4209),#4233);
#4209 = B_SPLINE_CURVE_WITH_KNOTS('',8,(#4210,#4211,#4212,#4213,#4214,
    #4215,#4216,#4217,#4218,#4219,#4220,#4221,#4222,#4223,#4224,#4225,
    #4226,#4227,#4228,#4229,#4230,#4231,#4232),.UNSPECIFIED.,.F.,.F.,(9,
    7,7,9),(0.,0.904737870653,0.953631306184,1.),.UNSPECIFIED.);
#4210 = CARTESIAN_POINT('',(-0.666239364227,30.0000006));
#4211 = CARTESIAN_POINT('',(-0.787741500447,28.932064969683));
#4212 = CARTESIAN_POINT('',(-0.900951537661,27.818980184212));
#4213 = CARTESIAN_POINT('',(-1.007678635415,26.686469819262));
#4214 = CARTESIAN_POINT('',(-1.10928095908,25.548798448631));
#4215 = CARTESIAN_POINT('',(-1.207063878083,24.411633067907));
#4216 = CARTESIAN_POINT('',(-1.30234218176,23.274131187243));
#4217 = CARTESIAN_POINT('',(-1.396525737376,22.130843676051));
#4218 = CARTESIAN_POINT('',(-1.496291983091,20.91186454877));
#4219 = CARTESIAN_POINT('',(-1.501405534829,20.849363532281));
#4220 = CARTESIAN_POINT('',(-1.506517676775,20.786859788297));
#4221 = CARTESIAN_POINT('',(-1.511628541857,20.724353575423));
#4222 = CARTESIAN_POINT('',(-1.516738262695,20.661845151233));
#4223 = CARTESIAN_POINT('',(-1.521846971605,20.599334772273));
#4224 = CARTESIAN_POINT('',(-1.526954800593,20.536822694059));
#4225 = CARTESIAN_POINT('',(-1.536905244517,20.415023699007));
#4226 = CARTESIAN_POINT('',(-1.541748033899,20.355736391109));
#4227 = CARTESIAN_POINT('',(-1.546589879555,20.296448444956));
#4228 = CARTESIAN_POINT('',(-1.551432078994,20.237162201598));
#4229 = CARTESIAN_POINT('',(-1.556272818962,20.177867064539));
#4230 = CARTESIAN_POINT('',(-1.561114427626,20.118584255491));
#4231 = CARTESIAN_POINT('',(-1.565955196704,20.059288643042));
#4232 = CARTESIAN_POINT('',(-1.570796326795,20.000000865679));
#4233 = ( GEOMETRIC_REPRESENTATION_CONTEXT(2) 
PARAMETRIC_REPRESENTATION_CONTEXT() REPRESENTATION_CONTEXT('2D SPACE',''
  ) );
#4234 = PCURVE('',#4235,#4240);
#4235 = CYLINDRICAL_SURFACE('',#4236,15.);
#4236 = AXIS2_PLACEMENT_3D('',#4237,#4238,#4239);
#4237 = CARTESIAN_POINT('',(0.,0.,0.));
#4238 = DIRECTION('',(1.,0.,2.22044604925E-16));
#4239 = DIRECTION('',(2.22044604925E-16,0.,-1.));
#4240 = DEFINITIONAL_REPRESENTATION('',(#4241),#4265);
#4241 = B_SPLINE_CURVE_WITH_KNOTS('',8,(#4242,#4243,#4244,#4245,#4246,
    #4247,#4248,#4249,#4250,#4251,#4252,#4253,#4254,#4255,#4256,#4257,
    #4258,#4259,#4260,#4261,#4262,#4263,#4264),.UNSPECIFIED.,.F.,.F.,(9,
    7,7,9),(0.,0.904737870653,0.953631306184,1.),.UNSPECIFIED.);
#4242 = CARTESIAN_POINT('',(2.411864943696,123.86151419947));
#4243 = CARTESIAN_POINT('',(2.50738401488,123.11058976579));
#4244 = CARTESIAN_POINT('',(2.597614860015,122.27827920561));
#4245 = CARTESIAN_POINT('',(2.683392092908,121.4019491208));
#4246 = CARTESIAN_POINT('',(2.76554165148,120.50229604233));
#4247 = CARTESIAN_POINT('',(2.844926792835,119.59032755042));
#4248 = CARTESIAN_POINT('',(2.92250289256,118.66957195732));
#4249 = CARTESIAN_POINT('',(2.999327465677,117.7388664432));
#4250 = CARTESIAN_POINT('',(3.080764733811,116.74436453424));
#4251 = CARTESIAN_POINT('',(3.084938989971,116.69336723014));
#4252 = CARTESIAN_POINT('',(3.089112243456,116.64236225374));
#4253 = CARTESIAN_POINT('',(3.093284588742,116.59135033067));
#4254 = CARTESIAN_POINT('',(3.097456120105,116.54033218422));
#4255 = CARTESIAN_POINT('',(3.101626931622,116.48930853535));
#4256 = CARTESIAN_POINT('',(3.105797117171,116.43828010266));
#4257 = CARTESIAN_POINT('',(3.113921112632,116.3388503002));
#4258 = CARTESIAN_POINT('',(3.117875011923,116.29044834926));
#4259 = CARTESIAN_POINT('',(3.121828482821,116.24204718314));
#4260 = CARTESIAN_POINT('',(3.125781463766,116.19363556339));
#4261 = CARTESIAN_POINT('',(3.129734755162,116.14523334913));
#4262 = CARTESIAN_POINT('',(3.133687036564,116.09681899181));
#4263 = CARTESIAN_POINT('',(3.137640077386,116.04841130088));
#4264 = CARTESIAN_POINT('',(3.141592595878,116.));
#4265 = ( GEOMETRIC_REPRESENTATION_CONTEXT(2) 
PARAMETRIC_REPRESENTATION_CONTEXT() REPRESENTATION_CONTEXT('2D SPACE',''
  ) );
#4266 = ORIENTED_EDGE('',*,*,#3769,.T.);
#4267 = ORIENTED_EDGE('',*,*,#4268,.F.);
#4268 = EDGE_CURVE('',#4180,#3694,#4269,.T.);
#4269 = SURFACE_CURVE('',#4270,(#4275,#4282),.PCURVE_S1.);
#4270 = CIRCLE('',#4271,10.);
#4271 = AXIS2_PLACEMENT_3D('',#4272,#4273,#4274);
#4272 = CARTESIAN_POINT('',(116.,10.,5.));
#4273 = DIRECTION('',(0.,-1.,0.));
#4274 = DIRECTION('',(1.,0.,1.7763568394E-16));
#4275 = PCURVE('',#3783,#4276);
#4276 = DEFINITIONAL_REPRESENTATION('',(#4277),#4281);
#4277 = LINE('',#4278,#4279);
#4278 = CARTESIAN_POINT('',(-0.,30.));
#4279 = VECTOR('',#4280,1.);
#4280 = DIRECTION('',(-1.,0.));
#4281 = ( GEOMETRIC_REPRESENTATION_CONTEXT(2) 
PARAMETRIC_REPRESENTATION_CONTEXT() REPRESENTATION_CONTEXT('2D SPACE',''
  ) );
#4282 = PCURVE('',#4165,#4283);
#4283 = DEFINITIONAL_REPRESENTATION('',(#4284),#4288);
#4284 = LINE('',#4285,#4286);
#4285 = CARTESIAN_POINT('',(0.,0.));
#4286 = VECTOR('',#4287,1.);
#4287 = DIRECTION('',(1.,0.));
#4288 = ( GEOMETRIC_REPRESENTATION_CONTEXT(2) 
PARAMETRIC_REPRESENTATION_CONTEXT() REPRESENTATION_CONTEXT('2D SPACE',''
  ) );
#4289 = ADVANCED_FACE('',(#4290),#3757,.T.);
#4290 = FACE_BOUND('',#4291,.F.);
#4291 = EDGE_LOOP('',(#4292,#4314,#4315));
#4292 = ORIENTED_EDGE('',*,*,#4293,.F.);
#4293 = EDGE_CURVE('',#3719,#4294,#4296,.T.);
#4294 = VERTEX_POINT('',#4295);
#4295 = CARTESIAN_POINT('',(123.86151377757,-10.,11.180339887499));
#4296 = SURFACE_CURVE('',#4297,(#4302,#4308),.PCURVE_S1.);
#4297 = CIRCLE('',#4298,10.);
#4298 = AXIS2_PLACEMENT_3D('',#4299,#4300,#4301);
#4299 = CARTESIAN_POINT('',(116.,-10.,5.));
#4300 = DIRECTION('',(-0.,1.,0.));
#4301 = DIRECTION('',(1.,0.,0.));
#4302 = PCURVE('',#3757,#4303);
#4303 = DEFINITIONAL_REPRESENTATION('',(#4304),#4307);
#4304 = B_SPLINE_CURVE_WITH_KNOTS('',1,(#4305,#4306),.UNSPECIFIED.,.F.,
  .F.,(2,2),(4.712388980385,6.28318530718),.PIECEWISE_BEZIER_KNOTS.);
#4305 = CARTESIAN_POINT('',(-1.570796326795,10.));
#4306 = CARTESIAN_POINT('',(0.,10.));
#4307 = ( GEOMETRIC_REPRESENTATION_CONTEXT(2) 
PARAMETRIC_REPRESENTATION_CONTEXT() REPRESENTATION_CONTEXT('2D SPACE',''
  ) );
#4308 = PCURVE('',#3816,#4309);
#4309 = DEFINITIONAL_REPRESENTATION('',(#4310),#4313);
#4310 = B_SPLINE_CURVE_WITH_KNOTS('',1,(#4311,#4312),.UNSPECIFIED.,.F.,
  .F.,(2,2),(4.712388980385,6.28318530718),.PIECEWISE_BEZIER_KNOTS.);
#4311 = CARTESIAN_POINT('',(0.,-1.570796326795));
#4312 = CARTESIAN_POINT('',(0.,0.));
#4313 = ( GEOMETRIC_REPRESENTATION_CONTEXT(2) 
PARAMETRIC_REPRESENTATION_CONTEXT() REPRESENTATION_CONTEXT('2D SPACE',''
  ) );
#4314 = ORIENTED_EDGE('',*,*,#3741,.T.);
#4315 = ORIENTED_EDGE('',*,*,#4316,.T.);
#4316 = EDGE_CURVE('',#3742,#4294,#4317,.T.);
#4317 = SURFACE_CURVE('',#4318,(#4335,#4355),.PCURVE_S1.);
#4318 = B_SPLINE_CURVE_WITH_KNOTS('',8,(#4319,#4320,#4321,#4322,#4323,
    #4324,#4325,#4326,#4327,#4328,#4329,#4330,#4331,#4332,#4333,#4334),
  .UNSPECIFIED.,.F.,.F.,(9,7,9),(0.,0.120554295718,1.),.UNSPECIFIED.);
#4319 = CARTESIAN_POINT('',(116.0000009657,-1.46567922954E-06,15.));
#4320 = CARTESIAN_POINT('',(116.12580938888,-0.154083412039,
    14.999999986106));
#4321 = CARTESIAN_POINT('',(116.25161620319,-0.308167706543,
    14.998191103388));
#4322 = CARTESIAN_POINT('',(116.37741503574,-0.462243742016,
    14.994573326366));
#4323 = CARTESIAN_POINT('',(116.50318849374,-0.616316906792,
    14.989145787085));
#4324 = CARTESIAN_POINT('',(116.62893415449,-0.770375717225,
    14.981906345233));
#4325 = CARTESIAN_POINT('',(116.75463410429,-0.924420490257,
    14.972852290474));
#4326 = CARTESIAN_POINT('',(116.88028163267,-1.078446184255,
    14.961979536758));
#4327 = CARTESIAN_POINT('',(117.92198687697,-2.355896027219,
    14.85666406498));
#4328 = CARTESIAN_POINT('',(118.82542034068,-3.466786471042,
    14.667935013228));
#4329 = CARTESIAN_POINT('',(119.7188957912,-4.572075881241,
    14.383918368597));
#4330 = CARTESIAN_POINT('',(120.60340310594,-5.676790911232,
    13.998749832475));
#4331 = CARTESIAN_POINT('',(121.47538926696,-6.781492070619,
    13.501485885575));
#4332 = CARTESIAN_POINT('',(122.32450423815,-7.880870310833,
    12.877344524807));
#4333 = CARTESIAN_POINT('',(123.13134988506,-8.961589206849,
    12.109122836629));
#4334 = CARTESIAN_POINT('',(123.86151419946,-10.0000006,11.180339350842)
  );
#4335 = PCURVE('',#3757,#4336);
#4336 = DEFINITIONAL_REPRESENTATION('',(#4337),#4354);
#4337 = B_SPLINE_CURVE_WITH_KNOTS('',8,(#4338,#4339,#4340,#4341,#4342,
    #4343,#4344,#4345,#4346,#4347,#4348,#4349,#4350,#4351,#4352,#4353),
  .UNSPECIFIED.,.F.,.F.,(9,7,9),(0.,0.120554295718,1.),.UNSPECIFIED.);
#4338 = CARTESIAN_POINT('',(-1.570796230224,19.999998534321));
#4339 = CARTESIAN_POINT('',(-1.558215387901,19.845916587961));
#4340 = CARTESIAN_POINT('',(-1.545634706487,19.691832293457));
#4341 = CARTESIAN_POINT('',(-1.533051788796,19.537756257983));
#4342 = CARTESIAN_POINT('',(-1.520465340368,19.383683093209));
#4343 = CARTESIAN_POINT('',(-1.507872559942,19.229624282773));
#4344 = CARTESIAN_POINT('',(-1.495272180292,19.075579509744));
#4345 = CARTESIAN_POINT('',(-1.482661786596,18.921553815745));
#4346 = CARTESIAN_POINT('',(-1.377960250571,17.644103972781));
#4347 = CARTESIAN_POINT('',(-1.286176463384,16.533213528957));
#4348 = CARTESIAN_POINT('',(-1.193237166863,15.427924118763));
#4349 = CARTESIAN_POINT('',(-1.097819448676,14.323209088761));
#4350 = CARTESIAN_POINT('',(-0.998698377925,13.218507929387));
#4351 = CARTESIAN_POINT('',(-0.894642401839,12.119129689163));
#4352 = CARTESIAN_POINT('',(-0.784382442295,11.038410793151));
#4353 = CARTESIAN_POINT('',(-0.666239364229,9.9999994));
#4354 = ( GEOMETRIC_REPRESENTATION_CONTEXT(2) 
PARAMETRIC_REPRESENTATION_CONTEXT() REPRESENTATION_CONTEXT('2D SPACE',''
  ) );
#4355 = PCURVE('',#4235,#4356);
#4356 = DEFINITIONAL_REPRESENTATION('',(#4357),#4374);
#4357 = B_SPLINE_CURVE_WITH_KNOTS('',8,(#4358,#4359,#4360,#4361,#4362,
    #4363,#4364,#4365,#4366,#4367,#4368,#4369,#4370,#4371,#4372,#4373),
  .UNSPECIFIED.,.F.,.F.,(9,7,9),(0.,0.120554295718,1.),.UNSPECIFIED.);
#4358 = CARTESIAN_POINT('',(3.141592751302,116.0000009657));
#4359 = CARTESIAN_POINT('',(3.151864881062,116.12580938888));
#4360 = CARTESIAN_POINT('',(3.162137167353,116.25161620319));
#4361 = CARTESIAN_POINT('',(3.17241055479,116.37741503574));
#4362 = CARTESIAN_POINT('',(3.182687053949,116.50318849374));
#4363 = CARTESIAN_POINT('',(3.192967555532,116.62893415449));
#4364 = CARTESIAN_POINT('',(3.203253744295,116.75463410429));
#4365 = CARTESIAN_POINT('',(3.213546961341,116.88028163267));
#4366 = CARTESIAN_POINT('',(3.298999207911,117.92198687697));
#4367 = CARTESIAN_POINT('',(3.373841956485,118.82542034068));
#4368 = CARTESIAN_POINT('',(3.449481136218,119.7188957912));
#4369 = CARTESIAN_POINT('',(3.526907795648,120.60340310594));
#4370 = CARTESIAN_POINT('',(3.607008486243,121.47538926696));
#4371 = CARTESIAN_POINT('',(3.690597472492,122.32450423815));
#4372 = CARTESIAN_POINT('',(3.778442020476,123.13134988506));
#4373 = CARTESIAN_POINT('',(3.871320363482,123.86151419946));
#4374 = ( GEOMETRIC_REPRESENTATION_CONTEXT(2) 
PARAMETRIC_REPRESENTATION_CONTEXT() REPRESENTATION_CONTEXT('2D SPACE',''
  ) );
#4375 = ADVANCED_FACE('',(#4376),#3816,.T.);
#4376 = FACE_BOUND('',#4377,.T.);
#4377 = EDGE_LOOP('',(#4378,#4379,#4380,#4404));
#4378 = ORIENTED_EDGE('',*,*,#4293,.F.);
#4379 = ORIENTED_EDGE('',*,*,#3800,.T.);
#4380 = ORIENTED_EDGE('',*,*,#4381,.F.);
#4381 = EDGE_CURVE('',#4382,#3801,#4384,.T.);
#4382 = VERTEX_POINT('',#4383);
#4383 = CARTESIAN_POINT('',(125.10179721124,-14.14213562373,5.));
#4384 = SURFACE_CURVE('',#4385,(#4390,#4397),.PCURVE_S1.);
#4385 = CIRCLE('',#4386,10.);
#4386 = AXIS2_PLACEMENT_3D('',#4387,#4388,#4389);
#4387 = CARTESIAN_POINT('',(116.,-10.,5.));
#4388 = DIRECTION('',(0.,0.,-1.));
#4389 = DIRECTION('',(1.,0.,0.));
#4390 = PCURVE('',#3816,#4391);
#4391 = DEFINITIONAL_REPRESENTATION('',(#4392),#4396);
#4392 = LINE('',#4393,#4394);
#4393 = CARTESIAN_POINT('',(0.,0.));
#4394 = VECTOR('',#4395,1.);
#4395 = DIRECTION('',(1.,0.));
#4396 = ( GEOMETRIC_REPRESENTATION_CONTEXT(2) 
PARAMETRIC_REPRESENTATION_CONTEXT() REPRESENTATION_CONTEXT('2D SPACE',''
  ) );
#4397 = PCURVE('',#3890,#4398);
#4398 = DEFINITIONAL_REPRESENTATION('',(#4399),#4403);
#4399 = LINE('',#4400,#4401);
#4400 = CARTESIAN_POINT('',(-0.,20.));
#4401 = VECTOR('',#4402,1.);
#4402 = DIRECTION('',(-1.,0.));
#4403 = ( GEOMETRIC_REPRESENTATION_CONTEXT(2) 
PARAMETRIC_REPRESENTATION_CONTEXT() REPRESENTATION_CONTEXT('2D SPACE',''
  ) );
#4404 = ORIENTED_EDGE('',*,*,#4405,.T.);
#4405 = EDGE_CURVE('',#4382,#4294,#4406,.T.);
#4406 = SURFACE_CURVE('',#4407,(#4430,#4456),.PCURVE_S1.);
#4407 = B_SPLINE_CURVE_WITH_KNOTS('',6,(#4408,#4409,#4410,#4411,#4412,
    #4413,#4414,#4415,#4416,#4417,#4418,#4419,#4420,#4421,#4422,#4423,
    #4424,#4425,#4426,#4427,#4428,#4429),.UNSPECIFIED.,.F.,.F.,(7,5,5,5,
    7),(0.,0.236082740198,0.562369655659,0.719478022313,1.),
  .UNSPECIFIED.);
#4408 = CARTESIAN_POINT('',(125.10179721124,-14.14213562373,5.));
#4409 = CARTESIAN_POINT('',(125.14827199509,-14.04001341034,
    5.28884523839));
#4410 = CARTESIAN_POINT('',(125.18572249897,-13.92990247791,
    5.577759311345));
#4411 = CARTESIAN_POINT('',(125.21391820548,-13.81186052905,
    5.865827583076));
#4412 = CARTESIAN_POINT('',(125.2326980576,-13.6860619907,6.152139635382
    ));
#4413 = CARTESIAN_POINT('',(125.24197836761,-13.55281080474,
    6.435794800528));
#4414 = CARTESIAN_POINT('',(125.2414599261,-13.21870501491,
    7.103048117702));
#4415 = CARTESIAN_POINT('',(125.22301691578,-13.01143469987,
    7.483499704866));
#4416 = CARTESIAN_POINT('',(125.18642718899,-12.79194048941,
    7.854861788909));
#4417 = CARTESIAN_POINT('',(125.13202892455,-12.56175966209,
    8.215186624097));
#4418 = CARTESIAN_POINT('',(125.06038452483,-12.32268593952,
    8.562909002685));
#4419 = CARTESIAN_POINT('',(124.92988666051,-11.95825997142,
    9.057587746771));
#4420 = CARTESIAN_POINT('',(124.88365824723,-11.83820562779,
    9.215173125713));
#4421 = CARTESIAN_POINT('',(124.83370029413,-11.71675155374,
    9.369442824712));
#4422 = CARTESIAN_POINT('',(124.78010667954,-11.59411176923,
    9.520298919854));
#4423 = CARTESIAN_POINT('',(124.72297730307,-11.47049940158,
    9.667667732363));
#4424 = CARTESIAN_POINT('',(124.55428179598,-11.12404847366,
    10.068307457149));
#4425 = CARTESIAN_POINT('',(124.43520608153,-10.89954083765,
    10.313831772778));
#4426 = CARTESIAN_POINT('',(124.30577830046,-10.67379109275,
    10.547778915743));
#4427 = CARTESIAN_POINT('',(124.16661501875,-10.44793313551,
    10.770086494307));
#4428 = CARTESIAN_POINT('',(124.01833157836,-10.22302019215,
    10.980864563495));
#4429 = CARTESIAN_POINT('',(123.86151377757,-10.,11.180339887499));
#4430 = PCURVE('',#3816,#4431);
#4431 = DEFINITIONAL_REPRESENTATION('',(#4432),#4455);
#4432 = B_SPLINE_CURVE_WITH_KNOTS('',6,(#4433,#4434,#4435,#4436,#4437,
    #4438,#4439,#4440,#4441,#4442,#4443,#4444,#4445,#4446,#4447,#4448,
    #4449,#4450,#4451,#4452,#4453,#4454),.UNSPECIFIED.,.F.,.F.,(7,5,5,5,
    7),(0.,0.236082740198,0.562369655659,0.719478022313,1.),
  .UNSPECIFIED.);
#4433 = CARTESIAN_POINT('',(0.427078586392,-2.22044604925E-16));
#4434 = CARTESIAN_POINT('',(0.415858581044,-2.888452383904E-02));
#4435 = CARTESIAN_POINT('',(0.404285219836,-5.777593277724E-02));
#4436 = CARTESIAN_POINT('',(0.392320381868,-8.662613408286E-02));
#4437 = CARTESIAN_POINT('',(0.379927028565,-0.115387576487));
#4438 = CARTESIAN_POINT('',(0.367071067891,-0.144011162585));
#4439 = CARTESIAN_POINT('',(0.335275327874,-0.211741042583));
#4440 = CARTESIAN_POINT('',(0.315884235178,-0.25068172523));
#4441 = CARTESIAN_POINT('',(0.295475063849,-0.289120831062));
#4442 = CARTESIAN_POINT('',(0.273974842895,-0.32693956209));
#4443 = CARTESIAN_POINT('',(0.251316897619,-0.364029030061));
#4444 = CARTESIAN_POINT('',(0.215960663829,-0.417743004378));
#4445 = CARTESIAN_POINT('',(0.204188678143,-0.435008930569));
#4446 = CARTESIAN_POINT('',(0.192129430413,-0.452072785968));
#4447 = CARTESIAN_POINT('',(0.179776563478,-0.468925440908));
#4448 = CARTESIAN_POINT('',(0.167123835167,-0.485558820175));
#4449 = CARTESIAN_POINT('',(0.131027088896,-0.531260638854));
#4450 = CARTESIAN_POINT('',(0.106913710099,-0.55983334375));
#4451 = CARTESIAN_POINT('',(8.178976807857E-02,-0.587643663921));
#4452 = CARTESIAN_POINT('',(5.561991358217E-02,-0.614661768163));
#4453 = CARTESIAN_POINT('',(2.836860666575E-02,-0.64086577932));
#4454 = CARTESIAN_POINT('',(0.,-0.666239432493));
#4455 = ( GEOMETRIC_REPRESENTATION_CONTEXT(2) 
PARAMETRIC_REPRESENTATION_CONTEXT() REPRESENTATION_CONTEXT('2D SPACE',''
  ) );
#4456 = PCURVE('',#4235,#4457);
#4457 = DEFINITIONAL_REPRESENTATION('',(#4458),#4481);
#4458 = B_SPLINE_CURVE_WITH_KNOTS('',6,(#4459,#4460,#4461,#4462,#4463,
    #4464,#4465,#4466,#4467,#4468,#4469,#4470,#4471,#4472,#4473,#4474,
    #4475,#4476,#4477,#4478,#4479,#4480),.UNSPECIFIED.,.F.,.F.,(7,5,5,5,
    7),(0.,0.236082740198,0.562369655659,0.719478022313,1.),
  .UNSPECIFIED.);
#4459 = CARTESIAN_POINT('',(4.372552070931,125.10179721124));
#4460 = CARTESIAN_POINT('',(4.352127628253,125.14827199509));
#4461 = CARTESIAN_POINT('',(4.331521325513,125.18572249897));
#4462 = CARTESIAN_POINT('',(4.310776627968,125.21391820548));
#4463 = CARTESIAN_POINT('',(4.289937872876,125.2326980576));
#4464 = CARTESIAN_POINT('',(4.269051467052,125.24197836761));
#4465 = CARTESIAN_POINT('',(4.219303048067,125.2414599261));
#4466 = CARTESIAN_POINT('',(4.190437113076,125.22301691578));
#4467 = CARTESIAN_POINT('',(4.161704862839,125.18642718899));
#4468 = CARTESIAN_POINT('',(4.133224987014,125.13202892455));
#4469 = CARTESIAN_POINT('',(4.10510794967,125.06038452483));
#4470 = CARTESIAN_POINT('',(4.06414653986,124.92988666051));
#4471 = CARTESIAN_POINT('',(4.050941151503,124.88365824723));
#4472 = CARTESIAN_POINT('',(4.037854131286,124.83370029413));
#4473 = CARTESIAN_POINT('',(4.024895304042,124.78010667954));
#4474 = CARTESIAN_POINT('',(4.012073582154,124.72297730307));
#4475 = CARTESIAN_POINT('',(3.976762870243,124.55428179598));
#4476 = CARTESIAN_POINT('',(3.954591759188,124.43520608153));
#4477 = CARTESIAN_POINT('',(3.932929323624,124.30577830046));
#4478 = CARTESIAN_POINT('',(3.911811795882,124.16661501875));
#4479 = CARTESIAN_POINT('',(3.891267842217,124.01833157836));
#4480 = CARTESIAN_POINT('',(3.871320309817,123.86151377757));
#4481 = ( GEOMETRIC_REPRESENTATION_CONTEXT(2) 
PARAMETRIC_REPRESENTATION_CONTEXT() REPRESENTATION_CONTEXT('2D SPACE',''
  ) );
#4482 = ADVANCED_FACE('',(#4483),#3890,.T.);
#4483 = FACE_BOUND('',#4484,.F.);
#4484 = EDGE_LOOP('',(#4485,#4541,#4563,#4564));
#4485 = ORIENTED_EDGE('',*,*,#4486,.T.);
#4486 = EDGE_CURVE('',#4382,#4487,#4489,.T.);
#4487 = VERTEX_POINT('',#4488);
#4488 = CARTESIAN_POINT('',(125.10179721124,-14.14213562373,-5.));
#4489 = SURFACE_CURVE('',#4490,(#4505,#4523),.PCURVE_S1.);
#4490 = B_SPLINE_CURVE_WITH_KNOTS('',7,(#4491,#4492,#4493,#4494,#4495,
    #4496,#4497,#4498,#4499,#4500,#4501,#4502,#4503,#4504),
  .UNSPECIFIED.,.F.,.F.,(8,6,8),(0.,0.499999975217,1.),.UNSPECIFIED.);
#4491 = CARTESIAN_POINT('',(125.10179730778,-14.14213541159,
    5.000000600001));
#4492 = CARTESIAN_POINT('',(124.99016941736,-14.3874230064,4.30622260715
    ));
#4493 = CARTESIAN_POINT('',(124.88786067003,-14.59177722906,
    3.601872994776));
#4494 = CARTESIAN_POINT('',(124.80005463779,-14.75504233577,
    2.889666106657));
#4495 = CARTESIAN_POINT('',(124.73104211443,-14.87739054447,
    2.171823406517));
#4496 = CARTESIAN_POINT('',(124.68390221531,-14.95904034401,
    1.450051943233));
#4497 = CARTESIAN_POINT('',(124.66025403784,-15.,0.725688367874));
#4498 = CARTESIAN_POINT('',(124.66025403784,-15.,-0.725688439812));
#4499 = CARTESIAN_POINT('',(124.68390222001,-14.95904033589,
    -1.450052016433));
#4500 = CARTESIAN_POINT('',(124.73104212017,-14.87739053449,
    -2.171823437788));
#4501 = CARTESIAN_POINT('',(124.80005463763,-14.75504233499,
    -2.889666080264));
#4502 = CARTESIAN_POINT('',(124.88786066088,-14.59177724483,
    -3.601872923427));
#4503 = CARTESIAN_POINT('',(124.99016940554,-14.38742303239,
    -4.306222533643));
#4504 = CARTESIAN_POINT('',(125.10179730778,-14.14213541159,
    -5.000000600002));
#4505 = PCURVE('',#3890,#4506);
#4506 = DEFINITIONAL_REPRESENTATION('',(#4507),#4522);
#4507 = B_SPLINE_CURVE_WITH_KNOTS('',7,(#4508,#4509,#4510,#4511,#4512,
    #4513,#4514,#4515,#4516,#4517,#4518,#4519,#4520,#4521),
  .UNSPECIFIED.,.F.,.F.,(8,6,8),(0.,0.499999975217,1.),.UNSPECIFIED.);
#4508 = CARTESIAN_POINT('',(-0.427078563086,20.0000006));
#4509 = CARTESIAN_POINT('',(-0.454027921164,19.306222607149));
#4510 = CARTESIAN_POINT('',(-0.47686558976,18.601872994779));
#4511 = CARTESIAN_POINT('',(-0.495394688008,17.889666106652));
#4512 = CARTESIAN_POINT('',(-0.509441116854,17.171823406521));
#4513 = CARTESIAN_POINT('',(-0.518869149106,16.450051943232));
#4514 = CARTESIAN_POINT('',(-0.523598775598,15.725688367874));
#4515 = CARTESIAN_POINT('',(-0.523598775598,14.274311560188));
#4516 = CARTESIAN_POINT('',(-0.518869148168,13.549947983571));
#4517 = CARTESIAN_POINT('',(-0.509441115703,12.828176562199));
#4518 = CARTESIAN_POINT('',(-0.49539468795,12.110333919755));
#4519 = CARTESIAN_POINT('',(-0.476865591576,11.39812707656));
#4520 = CARTESIAN_POINT('',(-0.45402792402,10.693777466359));
#4521 = CARTESIAN_POINT('',(-0.427078563086,9.9999994));
#4522 = ( GEOMETRIC_REPRESENTATION_CONTEXT(2) 
PARAMETRIC_REPRESENTATION_CONTEXT() REPRESENTATION_CONTEXT('2D SPACE',''
  ) );
#4523 = PCURVE('',#4235,#4524);
#4524 = DEFINITIONAL_REPRESENTATION('',(#4525),#4540);
#4525 = B_SPLINE_CURVE_WITH_KNOTS('',7,(#4526,#4527,#4528,#4529,#4530,
    #4531,#4532,#4533,#4534,#4535,#4536,#4537,#4538,#4539),
  .UNSPECIFIED.,.F.,.F.,(8,6,8),(0.,0.499999975217,1.),.UNSPECIFIED.);
#4526 = CARTESIAN_POINT('',(4.372552028504,125.10179730778));
#4527 = CARTESIAN_POINT('',(4.421609541578,124.99016941736));
#4528 = CARTESIAN_POINT('',(4.470421894075,124.88786067003));
#4529 = CARTESIAN_POINT('',(4.519007839916,124.80005463779));
#4530 = CARTESIAN_POINT('',(4.567415796334,124.73104211443));
#4531 = CARTESIAN_POINT('',(4.615718852554,124.68390221531));
#4532 = CARTESIAN_POINT('',(4.66400975586,124.66025403784));
#4533 = CARTESIAN_POINT('',(4.760768209705,124.66025403784));
#4534 = CARTESIAN_POINT('',(4.809059113095,124.68390222001));
#4535 = CARTESIAN_POINT('',(4.857362166575,124.73104212017));
#4536 = CARTESIAN_POINT('',(4.905770119151,124.80005463763));
#4537 = CARTESIAN_POINT('',(4.954356061859,124.88786066088));
#4538 = CARTESIAN_POINT('',(5.003168413994,124.99016940554));
#4539 = CARTESIAN_POINT('',(5.052225932266,125.10179730778));
#4540 = ( GEOMETRIC_REPRESENTATION_CONTEXT(2) 
PARAMETRIC_REPRESENTATION_CONTEXT() REPRESENTATION_CONTEXT('2D SPACE',''
  ) );
#4541 = ORIENTED_EDGE('',*,*,#4542,.T.);
#4542 = EDGE_CURVE('',#4487,#3852,#4543,.T.);
#4543 = SURFACE_CURVE('',#4544,(#4549,#4556),.PCURVE_S1.);
#4544 = CIRCLE('',#4545,10.);
#4545 = AXIS2_PLACEMENT_3D('',#4546,#4547,#4548);
#4546 = CARTESIAN_POINT('',(116.,-10.,-5.));
#4547 = DIRECTION('',(0.,-0.,-1.));
#4548 = DIRECTION('',(1.,0.,-0.));
#4549 = PCURVE('',#3890,#4550);
#4550 = DEFINITIONAL_REPRESENTATION('',(#4551),#4555);
#4551 = LINE('',#4552,#4553);
#4552 = CARTESIAN_POINT('',(-0.,10.));
#4553 = VECTOR('',#4554,1.);
#4554 = DIRECTION('',(-1.,0.));
#4555 = ( GEOMETRIC_REPRESENTATION_CONTEXT(2) 
PARAMETRIC_REPRESENTATION_CONTEXT() REPRESENTATION_CONTEXT('2D SPACE',''
  ) );
#4556 = PCURVE('',#3943,#4557);
#4557 = DEFINITIONAL_REPRESENTATION('',(#4558),#4562);
#4558 = LINE('',#4559,#4560);
#4559 = CARTESIAN_POINT('',(-0.,0.));
#4560 = VECTOR('',#4561,1.);
#4561 = DIRECTION('',(-1.,0.));
#4562 = ( GEOMETRIC_REPRESENTATION_CONTEXT(2) 
PARAMETRIC_REPRESENTATION_CONTEXT() REPRESENTATION_CONTEXT('2D SPACE',''
  ) );
#4563 = ORIENTED_EDGE('',*,*,#3876,.T.);
#4564 = ORIENTED_EDGE('',*,*,#4381,.F.);
#4565 = ADVANCED_FACE('',(#4566),#3943,.T.);
#4566 = FACE_BOUND('',#4567,.F.);
#4567 = EDGE_LOOP('',(#4568,#4590,#4591,#4592));
#4568 = ORIENTED_EDGE('',*,*,#4569,.F.);
#4569 = EDGE_CURVE('',#3907,#4570,#4572,.T.);
#4570 = VERTEX_POINT('',#4571);
#4571 = CARTESIAN_POINT('',(123.86151377757,-10.,-11.18033988749));
#4572 = SURFACE_CURVE('',#4573,(#4578,#4584),.PCURVE_S1.);
#4573 = CIRCLE('',#4574,10.);
#4574 = AXIS2_PLACEMENT_3D('',#4575,#4576,#4577);
#4575 = CARTESIAN_POINT('',(116.,-10.,-5.));
#4576 = DIRECTION('',(0.,-1.,0.));
#4577 = DIRECTION('',(1.,0.,0.));
#4578 = PCURVE('',#3943,#4579);
#4579 = DEFINITIONAL_REPRESENTATION('',(#4580),#4583);
#4580 = B_SPLINE_CURVE_WITH_KNOTS('',1,(#4581,#4582),.UNSPECIFIED.,.F.,
  .F.,(2,2),(4.712388980385,6.28318530718),.PIECEWISE_BEZIER_KNOTS.);
#4581 = CARTESIAN_POINT('',(0.,-1.570796326795));
#4582 = CARTESIAN_POINT('',(0.,0.));
#4583 = ( GEOMETRIC_REPRESENTATION_CONTEXT(2) 
PARAMETRIC_REPRESENTATION_CONTEXT() REPRESENTATION_CONTEXT('2D SPACE',''
  ) );
#4584 = PCURVE('',#4000,#4585);
#4585 = DEFINITIONAL_REPRESENTATION('',(#4586),#4589);
#4586 = B_SPLINE_CURVE_WITH_KNOTS('',1,(#4587,#4588),.UNSPECIFIED.,.F.,
  .F.,(2,2),(4.712388980385,6.28318530718),.PIECEWISE_BEZIER_KNOTS.);
#4587 = CARTESIAN_POINT('',(1.570796326795,10.));
#4588 = CARTESIAN_POINT('',(0.,10.));
#4589 = ( GEOMETRIC_REPRESENTATION_CONTEXT(2) 
PARAMETRIC_REPRESENTATION_CONTEXT() REPRESENTATION_CONTEXT('2D SPACE',''
  ) );
#4590 = ORIENTED_EDGE('',*,*,#3929,.T.);
#4591 = ORIENTED_EDGE('',*,*,#4542,.F.);
#4592 = ORIENTED_EDGE('',*,*,#4593,.F.);
#4593 = EDGE_CURVE('',#4570,#4487,#4594,.T.);
#4594 = SURFACE_CURVE('',#4595,(#4618,#4644),.PCURVE_S1.);
#4595 = B_SPLINE_CURVE_WITH_KNOTS('',6,(#4596,#4597,#4598,#4599,#4600,
    #4601,#4602,#4603,#4604,#4605,#4606,#4607,#4608,#4609,#4610,#4611,
    #4612,#4613,#4614,#4615,#4616,#4617),.UNSPECIFIED.,.F.,.F.,(7,5,5,5,
    7),(0.,0.280284671552,0.437065197662,0.763552399,1.),.UNSPECIFIED.);
#4596 = CARTESIAN_POINT('',(123.86151377757,-10.,-11.18033988749));
#4597 = CARTESIAN_POINT('',(124.01819891047,-10.22283151702,
    -10.98103331966));
#4598 = CARTESIAN_POINT('',(124.16636411013,-10.44755257436,
    -10.77044313358));
#4599 = CARTESIAN_POINT('',(124.30542506982,-10.67321784377,
    -10.54834312931));
#4600 = CARTESIAN_POINT('',(124.43476803886,-10.89877686961,
    -10.31462342888));
#4601 = CARTESIAN_POINT('',(124.55377801763,-11.12309877033,
    -10.06934597502));
#4602 = CARTESIAN_POINT('',(124.72232776879,-11.46911828986,
    -9.669298039865));
#4603 = CARTESIAN_POINT('',(124.77937156061,-11.59248129048,
    -9.522270504365));
#4604 = CARTESIAN_POINT('',(124.83289515564,-11.71487747747,
    -9.371769703319));
#4605 = CARTESIAN_POINT('',(124.88279924835,-11.83609507433,
    -9.217868701958));
#4606 = CARTESIAN_POINT('',(124.92899049013,-11.95592139885,
    -9.06066460219));
#4607 = CARTESIAN_POINT('',(125.05966495877,-12.32034026377,
    -8.566293028786));
#4608 = CARTESIAN_POINT('',(125.13149116934,-12.55962987375,
    -8.218460289107));
#4609 = CARTESIAN_POINT('',(125.1860540032,-12.79002729733,
    -7.85800013766));
#4610 = CARTESIAN_POINT('',(125.2227889119,-13.00973455432,
    -7.486478591282));
#4611 = CARTESIAN_POINT('',(125.24135588132,-13.21721019009,
    -7.105845456141));
#4612 = CARTESIAN_POINT('',(125.24204985455,-13.55178092379,
    -6.43798669532));
#4613 = CARTESIAN_POINT('',(125.23281402207,-13.68528417307,
    -6.153909631702));
#4614 = CARTESIAN_POINT('',(125.21404887483,-13.81131314338,
    -5.867163269991));
#4615 = CARTESIAN_POINT('',(125.1858382421,-13.92956209292,
    -5.578652383345));
#4616 = CARTESIAN_POINT('',(125.14834381955,-14.03985558556,
    -5.28929163428));
#4617 = CARTESIAN_POINT('',(125.10179721124,-14.14213562373,-5.));
#4618 = PCURVE('',#3943,#4619);
#4619 = DEFINITIONAL_REPRESENTATION('',(#4620),#4643);
#4620 = B_SPLINE_CURVE_WITH_KNOTS('',6,(#4621,#4622,#4623,#4624,#4625,
    #4626,#4627,#4628,#4629,#4630,#4631,#4632,#4633,#4634,#4635,#4636,
    #4637,#4638,#4639,#4640,#4641,#4642),.UNSPECIFIED.,.F.,.F.,(7,5,5,5,
    7),(0.,0.280284671552,0.437065197662,0.763552399,1.),.UNSPECIFIED.);
#4621 = CARTESIAN_POINT('',(0.,-0.666239432493));
#4622 = CARTESIAN_POINT('',(-2.834460681801E-02,-0.640887245436));
#4623 = CARTESIAN_POINT('',(-5.557380212824E-02,-0.61470610614));
#4624 = CARTESIAN_POINT('',(-8.172334403618E-02,-0.587712236761));
#4625 = CARTESIAN_POINT('',(-0.106828683079,-0.559927453881));
#4626 = CARTESIAN_POINT('',(-0.130925078948,-0.531381499769));
#4627 = CARTESIAN_POINT('',(-0.166981636762,-0.485743462588));
#4628 = CARTESIAN_POINT('',(-0.179610867043,-0.46914693066));
#4629 = CARTESIAN_POINT('',(-0.191941436493,-0.452331974623));
#4630 = CARTESIAN_POINT('',(-0.203979547664,-0.435306612608));
#4631 = CARTESIAN_POINT('',(-0.215731516641,-0.418079908373));
#4632 = CARTESIAN_POINT('',(-0.251093957011,-0.364390724494));
#4633 = CARTESIAN_POINT('',(-0.273775168818,-0.327284505062));
#4634 = CARTESIAN_POINT('',(-0.295296841584,-0.289447443499));
#4635 = CARTESIAN_POINT('',(-0.315725742271,-0.250988554422));
#4636 = CARTESIAN_POINT('',(-0.335134943585,-0.212026800887));
#4637 = CARTESIAN_POINT('',(-0.366971711708,-0.144232349341));
#4638 = CARTESIAN_POINT('',(-0.379850405072,-0.115565382522));
#4639 = CARTESIAN_POINT('',(-0.392264901449,-8.675990421703E-02));
#4640 = CARTESIAN_POINT('',(-0.404249444107,-5.7865239973E-02));
#4641 = CARTESIAN_POINT('',(-0.415841241086,-2.892916342797E-02));
#4642 = CARTESIAN_POINT('',(-0.427078586392,0.));
#4643 = ( GEOMETRIC_REPRESENTATION_CONTEXT(2) 
PARAMETRIC_REPRESENTATION_CONTEXT() REPRESENTATION_CONTEXT('2D SPACE',''
  ) );
#4644 = PCURVE('',#4235,#4645);
#4645 = DEFINITIONAL_REPRESENTATION('',(#4646),#4669);
#4646 = B_SPLINE_CURVE_WITH_KNOTS('',6,(#4647,#4648,#4649,#4650,#4651,
    #4652,#4653,#4654,#4655,#4656,#4657,#4658,#4659,#4660,#4661,#4662,
    #4663,#4664,#4665,#4666,#4667,#4668),.UNSPECIFIED.,.F.,.F.,(7,5,5,5,
    7),(0.,0.280284671552,0.437065197662,0.763552399,1.),.UNSPECIFIED.);
#4647 = CARTESIAN_POINT('',(5.553457650953,123.86151377757));
#4648 = CARTESIAN_POINT('',(5.533526994169,124.01819891047));
#4649 = CARTESIAN_POINT('',(5.513000925894,124.16636411013));
#4650 = CARTESIAN_POINT('',(5.491902234278,124.30542506982));
#4651 = CARTESIAN_POINT('',(5.470259507609,124.43476803886));
#4652 = CARTESIAN_POINT('',(5.448108873626,124.55377801763));
#4653 = CARTESIAN_POINT('',(5.412846816062,124.72232776879));
#4654 = CARTESIAN_POINT('',(5.400053199875,124.77937156061));
#4655 = CARTESIAN_POINT('',(5.387122980386,124.83289515564));
#4656 = CARTESIAN_POINT('',(5.374065008408,124.88279924835));
#4657 = CARTESIAN_POINT('',(5.360889039716,124.92899049013));
#4658 = CARTESIAN_POINT('',(5.319944396235,125.05966495877));
#4659 = CARTESIAN_POINT('',(5.291813161529,125.13149116934));
#4660 = CARTESIAN_POINT('',(5.263317947958,125.1860540032));
#4661 = CARTESIAN_POINT('',(5.234569364823,125.2227889119));
#4662 = CARTESIAN_POINT('',(5.205686284606,125.24135588132));
#4663 = CARTESIAN_POINT('',(5.155887895509,125.24204985455));
#4664 = CARTESIAN_POINT('',(5.134968917373,125.23281402207));
#4665 = CARTESIAN_POINT('',(5.114097521231,125.21404887483));
#4666 = CARTESIAN_POINT('',(5.093320332508,125.1858382421));
#4667 = CARTESIAN_POINT('',(5.072681897473,125.14834381955));
#4668 = CARTESIAN_POINT('',(5.052225889839,125.10179721124));
#4669 = ( GEOMETRIC_REPRESENTATION_CONTEXT(2) 
PARAMETRIC_REPRESENTATION_CONTEXT() REPRESENTATION_CONTEXT('2D SPACE',''
  ) );
#4670 = ADVANCED_FACE('',(#4671),#4026,.T.);
#4671 = FACE_BOUND('',#4672,.T.);
#4672 = EDGE_LOOP('',(#4673,#5053,#5054));
#4673 = ORIENTED_EDGE('',*,*,#4674,.F.);
#4674 = EDGE_CURVE('',#3985,#4675,#4677,.T.);
#4675 = VERTEX_POINT('',#4676);
#4676 = CARTESIAN_POINT('',(123.86151377757,10.,-11.18033988749));
#4677 = SURFACE_CURVE('',#4678,(#4801,#4927),.PCURVE_S1.);
#4678 = B_SPLINE_CURVE_WITH_KNOTS('',7,(#4679,#4680,#4681,#4682,#4683,
    #4684,#4685,#4686,#4687,#4688,#4689,#4690,#4691,#4692,#4693,#4694,
    #4695,#4696,#4697,#4698,#4699,#4700,#4701,#4702,#4703,#4704,#4705,
    #4706,#4707,#4708,#4709,#4710,#4711,#4712,#4713,#4714,#4715,#4716,
    #4717,#4718,#4719,#4720,#4721,#4722,#4723,#4724,#4725,#4726,#4727,
    #4728,#4729,#4730,#4731,#4732,#4733,#4734,#4735,#4736,#4737,#4738,
    #4739,#4740,#4741,#4742,#4743,#4744,#4745,#4746,#4747,#4748,#4749,
    #4750,#4751,#4752,#4753,#4754,#4755,#4756,#4757,#4758,#4759,#4760,
    #4761,#4762,#4763,#4764,#4765,#4766,#4767,#4768,#4769,#4770,#4771,
    #4772,#4773,#4774,#4775,#4776,#4777,#4778,#4779,#4780,#4781,#4782,
    #4783,#4784,#4785,#4786,#4787,#4788,#4789,#4790,#4791,#4792,#4793,
    #4794,#4795,#4796,#4797,#4798,#4799,#4800),.UNSPECIFIED.,.F.,.F.,(8,
    6,6,6,6,6,6,6,6,6,6,6,6,6,6,6,6,6,6,6,8),(0.,3.707804714607E-04,
    7.415609169727E-04,1.11234132409E-03,1.470336143664E-03,
    1.841116414892E-03,2.211896587303E-03,2.569891124212E-03,
    2.940671044542E-03,3.311450807037E-03,3.682230391826E-03,
    4.053009778963E-03,4.423788948574E-03,4.781782404559E-03,
    5.152561088687E-03,5.523339496283E-03,5.894117607441E-03,
    6.264895402221E-03,6.520604031526E-03,0.492432637378,1.),
  .UNSPECIFIED.);
#4679 = CARTESIAN_POINT('',(116.,0.,-15.));
#4680 = CARTESIAN_POINT('',(116.00044044716,5.394339929633E-04,-15.));
#4681 = CARTESIAN_POINT('',(116.00088089345,1.078868692714E-03,
    -14.99999997736));
#4682 = CARTESIAN_POINT('',(116.00132133952,1.618303583593E-03,
    -14.9999999321));
#4683 = CARTESIAN_POINT('',(116.00176178573,2.157738353031E-03,
    -14.9999998642));
#4684 = CARTESIAN_POINT('',(116.00220223222,2.697172891547E-03,
    -14.99999977367));
#4685 = CARTESIAN_POINT('',(116.00264267887,3.236607292752E-03,
    -14.99999966051));
#4686 = CARTESIAN_POINT('',(116.00352357176,4.315476376165E-03,
    -14.99999938892));
#4687 = CARTESIAN_POINT('',(116.00396401818,4.854910894509E-03,
    -14.99999923049));
#4688 = CARTESIAN_POINT('',(116.00440446461,5.39434541098E-03,
    -14.99999904943));
#4689 = CARTESIAN_POINT('',(116.00484491103,5.933779926958E-03,
    -14.99999884574));
#4690 = CARTESIAN_POINT('',(116.00528535745,6.473214442599E-03,
    -14.99999861941));
#4691 = CARTESIAN_POINT('',(116.00572580386,7.012648956842E-03,
    -14.99999837045));
#4692 = CARTESIAN_POINT('',(116.00660669664,8.09151792211E-03,
    -14.99999782727));
#4693 = CARTESIAN_POINT('',(116.00704714299,8.6309523747E-03,
    -14.99999753305));
#4694 = CARTESIAN_POINT('',(116.00748758935,9.170386825061E-03,
    -14.99999721619));
#4695 = CARTESIAN_POINT('',(116.0079280357,9.709821273106E-03,
    -14.99999687671));
#4696 = CARTESIAN_POINT('',(116.00836848204,1.024925571877E-02,
    -14.99999651459));
#4697 = CARTESIAN_POINT('',(116.00880892838,1.078869016203E-02,
    -14.99999612983));
#4698 = CARTESIAN_POINT('',(116.00967463316,1.184895777426E-02,
    -14.99999532911));
#4699 = CARTESIAN_POINT('',(116.01009989161,1.23697909438E-02,
    -14.99999491467));
#4700 = CARTESIAN_POINT('',(116.01052515005,1.289062411056E-02,
    -14.99999447914));
#4701 = CARTESIAN_POINT('',(116.01095040849,1.3411457274E-02,
    -14.99999402251));
#4702 = CARTESIAN_POINT('',(116.01137566691,1.393229043396E-02,
    -14.99999354477));
#4703 = CARTESIAN_POINT('',(116.01180092533,1.445312359068E-02,
    -14.99999304594));
#4704 = CARTESIAN_POINT('',(116.01266662986,1.551339097003E-02,
    -14.99999198752));
#4705 = CARTESIAN_POINT('',(116.01310707597,1.605282519205E-02,
    -14.99999142639));
#4706 = CARTESIAN_POINT('',(116.01354752206,1.659225941035E-02,
    -14.99999084262));
#4707 = CARTESIAN_POINT('',(116.01398796815,1.71316936246E-02,
    -14.99999023623));
#4708 = CARTESIAN_POINT('',(116.01442841423,1.767112783463E-02,
    -14.9999896072));
#4709 = CARTESIAN_POINT('',(116.01486886029,1.821056204044E-02,
    -14.99998895554));
#4710 = CARTESIAN_POINT('',(116.01574975228,1.928943030019E-02,
    -14.99998760695));
#4711 = CARTESIAN_POINT('',(116.0161901982,1.982886435404E-02,
    -14.99998691003));
#4712 = CARTESIAN_POINT('',(116.01663064411,2.03682984034E-02,
    -14.99998619047));
#4713 = CARTESIAN_POINT('',(116.01707109001,2.090773244799E-02,
    -14.99998544828));
#4714 = CARTESIAN_POINT('',(116.01751153589,2.14471664876E-02,
    -14.99998468346));
#4715 = CARTESIAN_POINT('',(116.01795198176,2.198660052209E-02,
    -14.999983896));
#4716 = CARTESIAN_POINT('',(116.01881768554,2.304686724388E-02,
    -14.99998230376));
#4717 = CARTESIAN_POINT('',(116.01924294346,2.356769993129E-02,
    -14.99998150051));
#4718 = CARTESIAN_POINT('',(116.01966820137,2.408853261371E-02,
    -14.99998067615));
#4719 = CARTESIAN_POINT('',(116.02009345926,2.460936529112E-02,
    -14.9999798307));
#4720 = CARTESIAN_POINT('',(116.02051871713,2.513019796336E-02,
    -14.99997896416));
#4721 = CARTESIAN_POINT('',(116.02094397499,2.565103063016E-02,
    -14.99997807651));
#4722 = CARTESIAN_POINT('',(116.0218096783,2.67112969211E-02,
    -14.99997622656));
#4723 = CARTESIAN_POINT('',(116.02225012374,2.725073054497E-02,
    -14.99997526273));
#4724 = CARTESIAN_POINT('',(116.02269056917,2.77901641626E-02,
    -14.99997427627));
#4725 = CARTESIAN_POINT('',(116.02313101458,2.832959777385E-02,
    -14.99997326717));
#4726 = CARTESIAN_POINT('',(116.02357145998,2.886903137853E-02,
    -14.99997223544));
#4727 = CARTESIAN_POINT('',(116.02401190535,2.940846497649E-02,
    -14.99997118107));
#4728 = CARTESIAN_POINT('',(116.02489279587,3.048733192896E-02,
    -14.99996902708));
#4729 = CARTESIAN_POINT('',(116.02533324101,3.102676528352E-02,
    -14.99996792746));
#4730 = CARTESIAN_POINT('',(116.02577368614,3.156619863098E-02,
    -14.99996680519));
#4731 = CARTESIAN_POINT('',(116.02621413125,3.210563197112E-02,
    -14.9999656603));
#4732 = CARTESIAN_POINT('',(116.02665457633,3.264506530377E-02,
    -14.99996449278));
#4733 = CARTESIAN_POINT('',(116.02709502139,3.318449862879E-02,
    -14.99996330262));
#4734 = CARTESIAN_POINT('',(116.02797591127,3.426336500484E-02,
    -14.99996087704));
#4735 = CARTESIAN_POINT('',(116.02841635608,3.480279805596E-02,
    -14.99995964162));
#4736 = CARTESIAN_POINT('',(116.02885680086,3.534223109906E-02,
    -14.99995838356));
#4737 = CARTESIAN_POINT('',(116.02929724562,3.588166413388E-02,
    -14.99995710287));
#4738 = CARTESIAN_POINT('',(116.02973769036,3.642109716025E-02,
    -14.99995579955));
#4739 = CARTESIAN_POINT('',(116.03017813508,3.696053017811E-02,
    -14.9999544736));
#4740 = CARTESIAN_POINT('',(116.03105902423,3.803939590936E-02,
    -14.99995177643));
#4741 = CARTESIAN_POINT('',(116.03149946866,3.857882862268E-02,
    -14.99995040521));
#4742 = CARTESIAN_POINT('',(116.03193991307,3.911826132715E-02,
    -14.99994901136));
#4743 = CARTESIAN_POINT('',(116.03238035745,3.965769402251E-02,
    -14.99994759488));
#4744 = CARTESIAN_POINT('',(116.03282080181,4.019712670859E-02,
    -14.99994615577));
#4745 = CARTESIAN_POINT('',(116.03326124614,4.073655938526E-02,
    -14.99994469402));
#4746 = CARTESIAN_POINT('',(116.03414213448,4.181542440328E-02,
    -14.99994172526));
#4747 = CARTESIAN_POINT('',(116.0345825785,4.235485674452E-02,
    -14.99994021825));
#4748 = CARTESIAN_POINT('',(116.03502302249,4.289428907607E-02,
    -14.9999386886));
#4749 = CARTESIAN_POINT('',(116.03546346645,4.343372139779E-02,
    -14.99993713632));
#4750 = CARTESIAN_POINT('',(116.03590391039,4.397315370947E-02,
    -14.99993556141));
#4751 = CARTESIAN_POINT('',(116.03634435429,4.45125860109E-02,
    -14.99993396387));
#4752 = CARTESIAN_POINT('',(116.03721005406,4.55728491519E-02,
    -14.99993077939));
#4753 = CARTESIAN_POINT('',(116.03763530992,4.609367999212E-02,
    -14.99992919399));
#4754 = CARTESIAN_POINT('',(116.03806056576,4.66145108225E-02,
    -14.99992758748));
#4755 = CARTESIAN_POINT('',(116.03848582156,4.713534164298E-02,
    -14.99992595988));
#4756 = CARTESIAN_POINT('',(116.03891107734,4.76561724534E-02,
    -14.99992431118));
#4757 = CARTESIAN_POINT('',(116.03933633309,4.817700325352E-02,
    -14.99992264138));
#4758 = CARTESIAN_POINT('',(116.04020203193,4.92372655649E-02,
    -14.9999191992));
#4759 = CARTESIAN_POINT('',(116.04064247502,4.977669707544E-02,
    -14.99991742528));
#4760 = CARTESIAN_POINT('',(116.04108291808,5.031612857456E-02,
    -14.99991562873));
#4761 = CARTESIAN_POINT('',(116.0415233611,5.085556006215E-02,
    -14.99991380955));
#4762 = CARTESIAN_POINT('',(116.0419638041,5.139499153803E-02,
    -14.99991196773));
#4763 = CARTESIAN_POINT('',(116.04240424706,5.193442300198E-02,
    -14.99991010328));
#4764 = CARTESIAN_POINT('',(116.04328513258,5.301328550318E-02,
    -14.99990632912));
#4765 = CARTESIAN_POINT('',(116.04372557514,5.355271654043E-02,
    -14.99990441941));
#4766 = CARTESIAN_POINT('',(116.04416601767,5.40921475654E-02,
    -14.99990248706));
#4767 = CARTESIAN_POINT('',(116.04460646016,5.463157857794E-02,
    -14.99990053209));
#4768 = CARTESIAN_POINT('',(116.04504690262,5.517100957789E-02,
    -14.99989855448));
#4769 = CARTESIAN_POINT('',(116.04548734504,5.571044056503E-02,
    -14.99989655423));
#4770 = CARTESIAN_POINT('',(116.04636822946,5.678930208197E-02,
    -14.99989250848));
#4771 = CARTESIAN_POINT('',(116.04680867145,5.732873261188E-02,
    -14.99989046298));
#4772 = CARTESIAN_POINT('',(116.04724911341,5.786816312859E-02,
    -14.99988839484));
#4773 = CARTESIAN_POINT('',(116.04768955533,5.840759363188E-02,
    -14.99988630406));
#4774 = CARTESIAN_POINT('',(116.04812999722,5.89470241216E-02,
    -14.99988419066));
#4775 = CARTESIAN_POINT('',(116.04857043906,5.948645459763E-02,
    -14.99988205462));
#4776 = CARTESIAN_POINT('',(116.0494513223,6.056531506189E-02,
    -14.99987773728));
#4777 = CARTESIAN_POINT('',(116.04989176369,6.110474505009E-02,
    -14.99987555598));
#4778 = CARTESIAN_POINT('',(116.05033220504,6.164417502426E-02,
    -14.99987335205));
#4779 = CARTESIAN_POINT('',(116.05077264635,6.218360498419E-02,
    -14.99987112548));
#4780 = CARTESIAN_POINT('',(116.05121308762,6.272303492968E-02,
    -14.99986887628));
#4781 = CARTESIAN_POINT('',(116.05165352885,6.326246486059E-02,
    -14.99986660445));
#4782 = CARTESIAN_POINT('',(116.05239772235,6.417391512539E-02,
    -14.9998627276));
#4783 = CARTESIAN_POINT('',(116.05270147464,6.454593546696E-02,
    -14.99986113445));
#4784 = CARTESIAN_POINT('',(116.05300522691,6.491795580147E-02,
    -14.99985953053));
#4785 = CARTESIAN_POINT('',(116.05330897917,6.528997612886E-02,
    -14.99985791585));
#4786 = CARTESIAN_POINT('',(116.0536127314,6.566199644909E-02,
    -14.9998562904));
#4787 = CARTESIAN_POINT('',(116.05391648361,6.603401676209E-02,
    -14.99985465419));
#4788 = CARTESIAN_POINT('',(116.63142736932,0.773340111527,
    -14.99672333052));
#4789 = CARTESIAN_POINT('',(117.20824266235,1.47985914693,
    -14.95472430808));
#4790 = CARTESIAN_POINT('',(117.78382508888,2.185892994556,
    -14.87390508252));
#4791 = CARTESIAN_POINT('',(118.35728018608,2.891310632449,
    -14.75370147716));
#4792 = CARTESIAN_POINT('',(118.92745633125,3.595745829914,
    -14.5929775261));
#4793 = CARTESIAN_POINT('',(119.49272866503,4.298432318929,
    -14.39006850202));
#4794 = CARTESIAN_POINT('',(120.63368255579,5.728843969455,
    -13.88456365827));
#4795 = CARTESIAN_POINT('',(121.20679023768,6.4538884461,-13.57877670659
    ));
#4796 = CARTESIAN_POINT('',(121.77040096403,7.175313560793,
    -13.22231228032));
#4797 = CARTESIAN_POINT('',(122.32307968517,7.893587769679,
    -12.81042078229));
#4798 = CARTESIAN_POINT('',(122.86104775394,8.607115179552,
    -12.3371813173));
#4799 = CARTESIAN_POINT('',(123.37751222238,9.311671743888,
    -11.79599946259));
#4800 = CARTESIAN_POINT('',(123.86151419946,10.0000006,-11.18033935084)
  );
#4801 = PCURVE('',#4026,#4802);
#4802 = DEFINITIONAL_REPRESENTATION('',(#4803),#4926);
#4803 = B_SPLINE_CURVE_WITH_KNOTS('',7,(#4804,#4805,#4806,#4807,#4808,
    #4809,#4810,#4811,#4812,#4813,#4814,#4815,#4816,#4817,#4818,#4819,
    #4820,#4821,#4822,#4823,#4824,#4825,#4826,#4827,#4828,#4829,#4830,
    #4831,#4832,#4833,#4834,#4835,#4836,#4837,#4838,#4839,#4840,#4841,
    #4842,#4843,#4844,#4845,#4846,#4847,#4848,#4849,#4850,#4851,#4852,
    #4853,#4854,#4855,#4856,#4857,#4858,#4859,#4860,#4861,#4862,#4863,
    #4864,#4865,#4866,#4867,#4868,#4869,#4870,#4871,#4872,#4873,#4874,
    #4875,#4876,#4877,#4878,#4879,#4880,#4881,#4882,#4883,#4884,#4885,
    #4886,#4887,#4888,#4889,#4890,#4891,#4892,#4893,#4894,#4895,#4896,
    #4897,#4898,#4899,#4900,#4901,#4902,#4903,#4904,#4905,#4906,#4907,
    #4908,#4909,#4910,#4911,#4912,#4913,#4914,#4915,#4916,#4917,#4918,
    #4919,#4920,#4921,#4922,#4923,#4924,#4925),.UNSPECIFIED.,.F.,.F.,(8,
    6,6,6,6,6,6,6,6,6,6,6,6,6,6,6,6,6,6,6,8),(0.,3.707804714607E-04,
    7.415609169727E-04,1.11234132409E-03,1.470336143664E-03,
    1.841116414892E-03,2.211896587303E-03,2.569891124212E-03,
    2.940671044542E-03,3.311450807037E-03,3.682230391826E-03,
    4.053009778963E-03,4.423788948574E-03,4.781782404559E-03,
    5.152561088687E-03,5.523339496283E-03,5.894117607441E-03,
    6.264895402221E-03,6.520604031526E-03,0.492432637378,1.),
  .UNSPECIFIED.);
#4804 = CARTESIAN_POINT('',(1.570796326795,20.));
#4805 = CARTESIAN_POINT('',(1.570752282079,20.000539433993));
#4806 = CARTESIAN_POINT('',(1.570708237449,20.001078868693));
#4807 = CARTESIAN_POINT('',(1.570664192843,20.001618303584));
#4808 = CARTESIAN_POINT('',(1.570620148221,20.002157738353));
#4809 = CARTESIAN_POINT('',(1.570576103571,20.002697172892));
#4810 = CARTESIAN_POINT('',(1.570532058904,20.003236607293));
#4811 = CARTESIAN_POINT('',(1.570443969612,20.004315476376));
#4812 = CARTESIAN_POINT('',(1.570399924966,20.004854910895));
#4813 = CARTESIAN_POINT('',(1.57035588032,20.005394345411));
#4814 = CARTESIAN_POINT('',(1.570311835673,20.005933779927));
#4815 = CARTESIAN_POINT('',(1.570267791026,20.006473214443));
#4816 = CARTESIAN_POINT('',(1.570223746378,20.007012648957));
#4817 = CARTESIAN_POINT('',(1.570135657083,20.008091517922));
#4818 = CARTESIAN_POINT('',(1.570091612438,20.008630952375));
#4819 = CARTESIAN_POINT('',(1.570047567791,20.009170386825));
#4820 = CARTESIAN_POINT('',(1.570003523143,20.009709821273));
#4821 = CARTESIAN_POINT('',(1.569959478494,20.010249255719));
#4822 = CARTESIAN_POINT('',(1.569915433844,20.010788690162));
#4823 = CARTESIAN_POINT('',(1.569828863328,20.011848957774));
#4824 = CARTESIAN_POINT('',(1.569786337463,20.012369790944));
#4825 = CARTESIAN_POINT('',(1.569743811597,20.012890624111));
#4826 = CARTESIAN_POINT('',(1.569701285729,20.013411457274));
#4827 = CARTESIAN_POINT('',(1.569658759859,20.013932290434));
#4828 = CARTESIAN_POINT('',(1.569616233988,20.014453123591));
#4829 = CARTESIAN_POINT('',(1.569529663471,20.01551339097));
#4830 = CARTESIAN_POINT('',(1.569485618825,20.016052825192));
#4831 = CARTESIAN_POINT('',(1.569441574176,20.01659225941));
#4832 = CARTESIAN_POINT('',(1.569397529526,20.017131693625));
#4833 = CARTESIAN_POINT('',(1.569353484873,20.017671127835));
#4834 = CARTESIAN_POINT('',(1.569309440219,20.01821056204));
#4835 = CARTESIAN_POINT('',(1.569221350917,20.0192894303));
#4836 = CARTESIAN_POINT('',(1.56917730627,20.019828864354));
#4837 = CARTESIAN_POINT('',(1.56913326162,20.020368298403));
#4838 = CARTESIAN_POINT('',(1.569089216968,20.020907732448));
#4839 = CARTESIAN_POINT('',(1.569045172313,20.021447166488));
#4840 = CARTESIAN_POINT('',(1.569001127656,20.021986600522));
#4841 = CARTESIAN_POINT('',(1.568914557131,20.023046867244));
#4842 = CARTESIAN_POINT('',(1.568872031264,20.023567699931));
#4843 = CARTESIAN_POINT('',(1.568829505393,20.024088532614));
#4844 = CARTESIAN_POINT('',(1.56878697952,20.024609365291));
#4845 = CARTESIAN_POINT('',(1.568744453645,20.025130197963));
#4846 = CARTESIAN_POINT('',(1.568701927766,20.02565103063));
#4847 = CARTESIAN_POINT('',(1.568615357238,20.026711296921));
#4848 = CARTESIAN_POINT('',(1.568571312588,20.027250730545));
#4849 = CARTESIAN_POINT('',(1.568527267934,20.027790164163));
#4850 = CARTESIAN_POINT('',(1.568483223278,20.028329597774));
#4851 = CARTESIAN_POINT('',(1.568439178618,20.028869031379));
#4852 = CARTESIAN_POINT('',(1.568395133955,20.029408464976));
#4853 = CARTESIAN_POINT('',(1.568307044639,20.030487331929));
#4854 = CARTESIAN_POINT('',(1.568262999987,20.031026765284));
#4855 = CARTESIAN_POINT('',(1.568218955332,20.031566198631));
#4856 = CARTESIAN_POINT('',(1.568174910673,20.032105631971));
#4857 = CARTESIAN_POINT('',(1.568130866009,20.032645065304));
#4858 = CARTESIAN_POINT('',(1.568086821342,20.033184498629));
#4859 = CARTESIAN_POINT('',(1.567998732021,20.034263365005));
#4860 = CARTESIAN_POINT('',(1.567954687367,20.034802798056));
#4861 = CARTESIAN_POINT('',(1.567910642709,20.035342231099));
#4862 = CARTESIAN_POINT('',(1.567866598047,20.035881664134));
#4863 = CARTESIAN_POINT('',(1.56782255338,20.03642109716));
#4864 = CARTESIAN_POINT('',(1.567778508709,20.036960530178));
#4865 = CARTESIAN_POINT('',(1.567690419381,20.038039395909));
#4866 = CARTESIAN_POINT('',(1.567646374724,20.038578828623));
#4867 = CARTESIAN_POINT('',(1.567602330063,20.039118261327));
#4868 = CARTESIAN_POINT('',(1.567558285397,20.039657694023));
#4869 = CARTESIAN_POINT('',(1.567514240727,20.040197126709));
#4870 = CARTESIAN_POINT('',(1.567470196051,20.040736559385));
#4871 = CARTESIAN_POINT('',(1.567382106716,20.041815424403));
#4872 = CARTESIAN_POINT('',(1.567338062057,20.042354856745));
#4873 = CARTESIAN_POINT('',(1.567294017392,20.042894289076));
#4874 = CARTESIAN_POINT('',(1.567249972722,20.043433721398));
#4875 = CARTESIAN_POINT('',(1.567205928047,20.043973153709));
#4876 = CARTESIAN_POINT('',(1.567161883367,20.044512586011));
#4877 = CARTESIAN_POINT('',(1.567075312805,20.045572849152));
#4878 = CARTESIAN_POINT('',(1.567032786923,20.046093679992));
#4879 = CARTESIAN_POINT('',(1.566990261037,20.046614510823));
#4880 = CARTESIAN_POINT('',(1.566947735145,20.047135341643));
#4881 = CARTESIAN_POINT('',(1.566905209247,20.047656172453));
#4882 = CARTESIAN_POINT('',(1.566862683345,20.048177003254));
#4883 = CARTESIAN_POINT('',(1.566776112776,20.049237265565));
#4884 = CARTESIAN_POINT('',(1.56673206811,20.049776697075));
#4885 = CARTESIAN_POINT('',(1.566688023438,20.050316128575));
#4886 = CARTESIAN_POINT('',(1.56664397876,20.050855560062));
#4887 = CARTESIAN_POINT('',(1.566599934075,20.051394991538));
#4888 = CARTESIAN_POINT('',(1.566555889385,20.051934423002));
#4889 = CARTESIAN_POINT('',(1.566467800024,20.053013285503));
#4890 = CARTESIAN_POINT('',(1.566423755354,20.05355271654));
#4891 = CARTESIAN_POINT('',(1.566379710677,20.054092147565));
#4892 = CARTESIAN_POINT('',(1.566335665994,20.054631578578));
#4893 = CARTESIAN_POINT('',(1.566291621305,20.055171009578));
#4894 = CARTESIAN_POINT('',(1.566247576608,20.055710440565));
#4895 = CARTESIAN_POINT('',(1.566159487238,20.056789302082));
#4896 = CARTESIAN_POINT('',(1.566115442563,20.057328732612));
#4897 = CARTESIAN_POINT('',(1.566071397882,20.057868163129));
#4898 = CARTESIAN_POINT('',(1.566027353194,20.058407593632));
#4899 = CARTESIAN_POINT('',(1.565983308498,20.058947024122));
#4900 = CARTESIAN_POINT('',(1.565939263796,20.059486454598));
#4901 = CARTESIAN_POINT('',(1.565851174414,20.060565315062));
#4902 = CARTESIAN_POINT('',(1.565807129735,20.06110474505));
#4903 = CARTESIAN_POINT('',(1.565763085049,20.061644175024));
#4904 = CARTESIAN_POINT('',(1.565719040355,20.062183604984));
#4905 = CARTESIAN_POINT('',(1.565674995654,20.06272303493));
#4906 = CARTESIAN_POINT('',(1.565630950945,20.063262464861));
#4907 = CARTESIAN_POINT('',(1.565556530585,20.064173915125));
#4908 = CARTESIAN_POINT('',(1.565526154938,20.064545935467));
#4909 = CARTESIAN_POINT('',(1.565495779287,20.064917955801));
#4910 = CARTESIAN_POINT('',(1.565465403633,20.065289976129));
#4911 = CARTESIAN_POINT('',(1.565435027975,20.065661996449));
#4912 = CARTESIAN_POINT('',(1.565404652313,20.066034016762));
#4913 = CARTESIAN_POINT('',(1.507652714831,20.773340111527));
#4914 = CARTESIAN_POINT('',(1.449949185857,21.47985914693));
#4915 = CARTESIAN_POINT('',(1.39203411245,22.185892994556));
#4916 = CARTESIAN_POINT('',(1.333682465327,22.891310632449));
#4917 = CARTESIAN_POINT('',(1.274670578551,23.595745829914));
#4918 = CARTESIAN_POINT('',(1.214769261352,24.298432318929));
#4919 = CARTESIAN_POINT('',(1.089976996852,25.728843969455));
#4920 = CARTESIAN_POINT('',(1.025192089387,26.453888446099));
#4921 = CARTESIAN_POINT('',(0.958799013576,27.175313560796));
#4922 = CARTESIAN_POINT('',(0.890253119579,27.893587769674));
#4923 = CARTESIAN_POINT('',(0.819016937071,28.607115179555));
#4924 = CARTESIAN_POINT('',(0.744552535983,29.311671743888));
#4925 = CARTESIAN_POINT('',(0.666239364229,30.0000006));
#4926 = ( GEOMETRIC_REPRESENTATION_CONTEXT(2) 
PARAMETRIC_REPRESENTATION_CONTEXT() REPRESENTATION_CONTEXT('2D SPACE',''
  ) );
#4927 = PCURVE('',#4235,#4928);
#4928 = DEFINITIONAL_REPRESENTATION('',(#4929),#5052);
#4929 = B_SPLINE_CURVE_WITH_KNOTS('',7,(#4930,#4931,#4932,#4933,#4934,
    #4935,#4936,#4937,#4938,#4939,#4940,#4941,#4942,#4943,#4944,#4945,
    #4946,#4947,#4948,#4949,#4950,#4951,#4952,#4953,#4954,#4955,#4956,
    #4957,#4958,#4959,#4960,#4961,#4962,#4963,#4964,#4965,#4966,#4967,
    #4968,#4969,#4970,#4971,#4972,#4973,#4974,#4975,#4976,#4977,#4978,
    #4979,#4980,#4981,#4982,#4983,#4984,#4985,#4986,#4987,#4988,#4989,
    #4990,#4991,#4992,#4993,#4994,#4995,#4996,#4997,#4998,#4999,#5000,
    #5001,#5002,#5003,#5004,#5005,#5006,#5007,#5008,#5009,#5010,#5011,
    #5012,#5013,#5014,#5015,#5016,#5017,#5018,#5019,#5020,#5021,#5022,
    #5023,#5024,#5025,#5026,#5027,#5028,#5029,#5030,#5031,#5032,#5033,
    #5034,#5035,#5036,#5037,#5038,#5039,#5040,#5041,#5042,#5043,#5044,
    #5045,#5046,#5047,#5048,#5049,#5050,#5051),.UNSPECIFIED.,.F.,.F.,(8,
    6,6,6,6,6,6,6,6,6,6,6,6,6,6,6,6,6,6,6,8),(0.,3.707804714607E-04,
    7.415609169727E-04,1.11234132409E-03,1.470336143664E-03,
    1.841116414892E-03,2.211896587303E-03,2.569891124212E-03,
    2.940671044542E-03,3.311450807037E-03,3.682230391826E-03,
    4.053009778963E-03,4.423788948574E-03,4.781782404559E-03,
    5.152561088687E-03,5.523339496283E-03,5.894117607441E-03,
    6.264895402221E-03,6.520604031526E-03,0.492432637378,1.),
  .UNSPECIFIED.);
#4930 = CARTESIAN_POINT('',(0.,116.));
#4931 = CARTESIAN_POINT('',(3.596226619763E-05,116.00044044716));
#4932 = CARTESIAN_POINT('',(7.19245795143E-05,116.00088089345));
#4933 = CARTESIAN_POINT('',(1.078869056488E-04,116.00132133952));
#4934 = CARTESIAN_POINT('',(1.438492238392E-04,116.00176178573));
#4935 = CARTESIAN_POINT('',(1.798115268628E-04,116.00220223222));
#4936 = CARTESIAN_POINT('',(2.157738210362E-04,116.00264267887));
#4937 = CARTESIAN_POINT('',(2.87698428876E-04,116.00352357176));
#4938 = CARTESIAN_POINT('',(3.236607316183E-04,116.00396401818));
#4939 = CARTESIAN_POINT('',(3.596230346914E-04,116.00440446461));
#4940 = CARTESIAN_POINT('',(3.955853382634E-04,116.00484491103));
#4941 = CARTESIAN_POINT('',(4.315476424208E-04,116.00528535745));
#4942 = CARTESIAN_POINT('',(4.675099471686E-04,116.00572580386));
#4943 = CARTESIAN_POINT('',(5.39434553969E-04,116.00660669664));
#4944 = CARTESIAN_POINT('',(5.753968561259E-04,116.00704714299));
#4945 = CARTESIAN_POINT('',(6.113591589698E-04,116.00748758935));
#4946 = CARTESIAN_POINT('',(6.47321462571E-04,116.0079280357));
#4947 = CARTESIAN_POINT('',(6.832837670013E-04,116.00836848204));
#4948 = CARTESIAN_POINT('',(7.192460723344E-04,116.00880892838));
#4949 = CARTESIAN_POINT('',(7.899305999735E-04,116.00967463316));
#4950 = CARTESIAN_POINT('',(8.246528222401E-04,116.01009989161));
#4951 = CARTESIAN_POINT('',(8.59375045452E-04,116.01052515005));
#4952 = CARTESIAN_POINT('',(8.940972696414E-04,116.01095040849));
#4953 = CARTESIAN_POINT('',(9.288194948665E-04,116.01137566691));
#4954 = CARTESIAN_POINT('',(9.63541721211E-04,116.01180092533));
#4955 = CARTESIAN_POINT('',(1.034226248387E-03,116.01266662986));
#4956 = CARTESIAN_POINT('',(1.070188549281E-03,116.01310707597));
#4957 = CARTESIAN_POINT('',(1.106150851508E-03,116.01354752206));
#4958 = CARTESIAN_POINT('',(1.142113155123E-03,116.01398796815));
#4959 = CARTESIAN_POINT('',(1.178075460191E-03,116.01442841423));
#4960 = CARTESIAN_POINT('',(1.214037766788E-03,116.01486886029));
#4961 = CARTESIAN_POINT('',(1.285962373629E-03,116.01574975228));
#4962 = CARTESIAN_POINT('',(1.321924673868E-03,116.0161901982));
#4963 = CARTESIAN_POINT('',(1.357886975769E-03,116.01663064411));
#4964 = CARTESIAN_POINT('',(1.393849279389E-03,116.01707109001));
#4965 = CARTESIAN_POINT('',(1.429811584792E-03,116.01751153589));
#4966 = CARTESIAN_POINT('',(1.465773892044E-03,116.01795198176));
#4967 = CARTESIAN_POINT('',(1.536458419867E-03,116.01881768554));
#4968 = CARTESIAN_POINT('',(1.571180640293E-03,116.01924294346));
#4969 = CARTESIAN_POINT('',(1.605902862567E-03,116.01966820137));
#4970 = CARTESIAN_POINT('',(1.640625086756E-03,116.02009345926));
#4971 = CARTESIAN_POINT('',(1.675347312918E-03,116.02051871713));
#4972 = CARTESIAN_POINT('',(1.710069541103E-03,116.02094397499));
#4973 = CARTESIAN_POINT('',(1.780754068091E-03,116.0218096783));
#4974 = CARTESIAN_POINT('',(1.816716367055E-03,116.02225012374));
#4975 = CARTESIAN_POINT('',(1.852678668311E-03,116.02269056917));
#4976 = CARTESIAN_POINT('',(1.888640971927E-03,116.02313101458));
#4977 = CARTESIAN_POINT('',(1.924603277965E-03,116.02357145998));
#4978 = CARTESIAN_POINT('',(1.960565586492E-03,116.02401190535));
#4979 = CARTESIAN_POINT('',(2.03249019334E-03,116.02489279587));
#4980 = CARTESIAN_POINT('',(2.068452491665E-03,116.02533324101));
#4981 = CARTESIAN_POINT('',(2.104414792605E-03,116.02577368614));
#4982 = CARTESIAN_POINT('',(2.140377096221E-03,116.02621413125));
#4983 = CARTESIAN_POINT('',(2.176339402578E-03,116.02665457633));
#4984 = CARTESIAN_POINT('',(2.212301711743E-03,116.02709502139));
#4985 = CARTESIAN_POINT('',(2.284226318591E-03,116.02797591127));
#4986 = CARTESIAN_POINT('',(2.32018861628E-03,116.02841635608));
#4987 = CARTESIAN_POINT('',(2.356150916904E-03,116.02885680086));
#4988 = CARTESIAN_POINT('',(2.392113220519E-03,116.02929724562));
#4989 = CARTESIAN_POINT('',(2.428075527191E-03,116.02973769036));
#4990 = CARTESIAN_POINT('',(2.464037836991E-03,116.03017813508));
#4991 = CARTESIAN_POINT('',(2.535962443839E-03,116.03105902423));
#4992 = CARTESIAN_POINT('',(2.571924740881E-03,116.03149946866));
#4993 = CARTESIAN_POINT('',(2.607887041182E-03,116.03193991307));
#4994 = CARTESIAN_POINT('',(2.643849344799E-03,116.03238035745));
#4995 = CARTESIAN_POINT('',(2.679811651797E-03,116.03282080181));
#4996 = CARTESIAN_POINT('',(2.715773962244E-03,116.03326124614));
#4997 = CARTESIAN_POINT('',(2.787698569087E-03,116.03414213448));
#4998 = CARTESIAN_POINT('',(2.823660865475E-03,116.0345825785));
#4999 = CARTESIAN_POINT('',(2.859623165446E-03,116.03502302249));
#5000 = CARTESIAN_POINT('',(2.895585469065E-03,116.03546346645));
#5001 = CARTESIAN_POINT('',(2.931547776395E-03,116.03590391039));
#5002 = CARTESIAN_POINT('',(2.967510087496E-03,116.03634435429));
#5003 = CARTESIAN_POINT('',(3.038194615714E-03,116.03721005406));
#5004 = CARTESIAN_POINT('',(3.072916832565E-03,116.03763530992));
#5005 = CARTESIAN_POINT('',(3.107639053053E-03,116.03806056576));
#5006 = CARTESIAN_POINT('',(3.142361277242E-03,116.03848582156));
#5007 = CARTESIAN_POINT('',(3.17708350519E-03,116.03891107734));
#5008 = CARTESIAN_POINT('',(3.21180573695E-03,116.03933633309));
#5009 = CARTESIAN_POINT('',(3.282490263548E-03,116.04020203193));
#5010 = CARTESIAN_POINT('',(3.318452558669E-03,116.04064247502));
#5011 = CARTESIAN_POINT('',(3.354414858003E-03,116.04108291808));
#5012 = CARTESIAN_POINT('',(3.390377161619E-03,116.0415233611));
#5013 = CARTESIAN_POINT('',(3.426339469581E-03,116.0419638041));
#5014 = CARTESIAN_POINT('',(3.46230178195E-03,116.04240424706));
#5015 = CARTESIAN_POINT('',(3.534226388798E-03,116.04328513258));
#5016 = CARTESIAN_POINT('',(3.570188683277E-03,116.04372557514));
#5017 = CARTESIAN_POINT('',(3.606150982291E-03,116.04416601767));
#5018 = CARTESIAN_POINT('',(3.642113285907E-03,116.04460646016));
#5019 = CARTESIAN_POINT('',(3.678075594189E-03,116.04504690262));
#5020 = CARTESIAN_POINT('',(3.7140379072E-03,116.04548734504));
#5021 = CARTESIAN_POINT('',(3.785962514049E-03,116.04636822946));
#5022 = CARTESIAN_POINT('',(3.821924807894E-03,116.04680867145));
#5023 = CARTESIAN_POINT('',(3.857887106593E-03,116.04724911341));
#5024 = CARTESIAN_POINT('',(3.893849410208E-03,116.04768955533));
#5025 = CARTESIAN_POINT('',(3.929811718804E-03,116.04812999722));
#5026 = CARTESIAN_POINT('',(3.965774032449E-03,116.04857043906));
#5027 = CARTESIAN_POINT('',(4.037698639296E-03,116.0494513223));
#5028 = CARTESIAN_POINT('',(4.073660932495E-03,116.04989176369));
#5029 = CARTESIAN_POINT('',(4.109623230872E-03,116.05033220504));
#5030 = CARTESIAN_POINT('',(4.14558553449E-03,116.05077264635));
#5031 = CARTESIAN_POINT('',(4.181547843412E-03,116.05121308762));
#5032 = CARTESIAN_POINT('',(4.217510157703E-03,116.05165352885));
#5033 = CARTESIAN_POINT('',(4.27827405836E-03,116.05239772235));
#5034 = CARTESIAN_POINT('',(4.303075641872E-03,116.05270147464));
#5035 = CARTESIAN_POINT('',(4.327877227991E-03,116.05300522691));
#5036 = CARTESIAN_POINT('',(4.352678816738E-03,116.05330897917));
#5037 = CARTESIAN_POINT('',(4.377480408134E-03,116.0536127314));
#5038 = CARTESIAN_POINT('',(4.402282002201E-03,116.05391648361));
#5039 = CARTESIAN_POINT('',(5.155648374165E-02,116.63142736932));
#5040 = CARTESIAN_POINT('',(9.866971196924E-02,117.20824266235));
#5041 = CARTESIAN_POINT('',(0.145932921953,117.78382508888));
#5042 = CARTESIAN_POINT('',(0.193508314859,118.35728018608));
#5043 = CARTESIAN_POINT('',(0.241554879827,118.92745633125));
#5044 = CARTESIAN_POINT('',(0.290230999265,119.49272866503));
#5045 = CARTESIAN_POINT('',(0.391371443687,120.63368255579));
#5046 = CARTESIAN_POINT('',(0.443738182203,121.20679023768));
#5047 = CARTESIAN_POINT('',(0.49722846934,121.77040096403));
#5048 = CARTESIAN_POINT('',(0.552229977124,122.32307968517));
#5049 = CARTESIAN_POINT('',(0.609099484743,122.86104775394));
#5050 = CARTESIAN_POINT('',(0.668161702412,123.37751222238));
#5051 = CARTESIAN_POINT('',(0.729727709893,123.86151419946));
#5052 = ( GEOMETRIC_REPRESENTATION_CONTEXT(2) 
PARAMETRIC_REPRESENTATION_CONTEXT() REPRESENTATION_CONTEXT('2D SPACE',''
  ) );
#5053 = ORIENTED_EDGE('',*,*,#4012,.T.);
#5054 = ORIENTED_EDGE('',*,*,#5055,.T.);
#5055 = EDGE_CURVE('',#3959,#4675,#5056,.T.);
#5056 = SURFACE_CURVE('',#5057,(#5062,#5068),.PCURVE_S1.);
#5057 = CIRCLE('',#5058,10.);
#5058 = AXIS2_PLACEMENT_3D('',#5059,#5060,#5061);
#5059 = CARTESIAN_POINT('',(116.,10.,-5.));
#5060 = DIRECTION('',(1.7763568394E-16,-1.,0.));
#5061 = DIRECTION('',(1.,1.7763568394E-16,0.));
#5062 = PCURVE('',#4026,#5063);
#5063 = DEFINITIONAL_REPRESENTATION('',(#5064),#5067);
#5064 = B_SPLINE_CURVE_WITH_KNOTS('',1,(#5065,#5066),.UNSPECIFIED.,.F.,
  .F.,(2,2),(4.712388980385,6.28318530718),.PIECEWISE_BEZIER_KNOTS.);
#5065 = CARTESIAN_POINT('',(1.570796326795,30.));
#5066 = CARTESIAN_POINT('',(0.,30.));
#5067 = ( GEOMETRIC_REPRESENTATION_CONTEXT(2) 
PARAMETRIC_REPRESENTATION_CONTEXT() REPRESENTATION_CONTEXT('2D SPACE',''
  ) );
#5068 = PCURVE('',#4059,#5069);
#5069 = DEFINITIONAL_REPRESENTATION('',(#5070),#5073);
#5070 = B_SPLINE_CURVE_WITH_KNOTS('',1,(#5071,#5072),.UNSPECIFIED.,.F.,
  .F.,(2,2),(4.712388980385,6.28318530718),.PIECEWISE_BEZIER_KNOTS.);
#5071 = CARTESIAN_POINT('',(0.,-1.570796326795));
#5072 = CARTESIAN_POINT('',(0.,0.));
#5073 = ( GEOMETRIC_REPRESENTATION_CONTEXT(2) 
PARAMETRIC_REPRESENTATION_CONTEXT() REPRESENTATION_CONTEXT('2D SPACE',''
  ) );
#5074 = ADVANCED_FACE('',(#5075),#4000,.T.);
#5075 = FACE_BOUND('',#5076,.T.);
#5076 = EDGE_LOOP('',(#5077,#5078,#5079));
#5077 = ORIENTED_EDGE('',*,*,#4569,.F.);
#5078 = ORIENTED_EDGE('',*,*,#3984,.T.);
#5079 = ORIENTED_EDGE('',*,*,#5080,.F.);
#5080 = EDGE_CURVE('',#4570,#3985,#5081,.T.);
#5081 = SURFACE_CURVE('',#5082,(#5097,#5115),.PCURVE_S1.);
#5082 = B_SPLINE_CURVE_WITH_KNOTS('',7,(#5083,#5084,#5085,#5086,#5087,
    #5088,#5089,#5090,#5091,#5092,#5093,#5094,#5095,#5096),
  .UNSPECIFIED.,.F.,.F.,(8,6,8),(0.,0.509749899093,1.),.UNSPECIFIED.);
#5083 = CARTESIAN_POINT('',(123.86151419947,-10.0000006,-11.18033935083)
  );
#5084 = CARTESIAN_POINT('',(123.37545685456,-9.308748679405,
    -11.79861393122));
#5085 = CARTESIAN_POINT('',(122.8566482018,-8.601113112963,
    -12.34179229667));
#5086 = CARTESIAN_POINT('',(122.31618726244,-7.884446386342,
    -12.81648307441));
#5087 = CARTESIAN_POINT('',(121.76094277287,-7.163022687313,
    -13.22935534046));
#5088 = CARTESIAN_POINT('',(121.19472727093,-6.438450114372,
    -13.58639312969));
#5089 = CARTESIAN_POINT('',(120.61897940378,-5.710245657123,
    -13.89238932106));
#5090 = CARTESIAN_POINT('',(119.47017452373,-4.270319809567,
    -14.3987612185));
#5091 = CARTESIAN_POINT('',(118.89960260492,-3.561221471996,
    -14.6019599006));
#5092 = CARTESIAN_POINT('',(118.32408681956,-2.850360365761,
    -14.76226559036));
#5093 = CARTESIAN_POINT('',(117.74531346074,-2.13855086117,
    -14.88136805732));
#5094 = CARTESIAN_POINT('',(117.16446082563,-1.426168001406,
    -14.96042515714));
#5095 = CARTESIAN_POINT('',(116.58241937537,-0.713314977669,
    -15.00000003266));
#5096 = CARTESIAN_POINT('',(116.,-3.552713678801E-15,-15.));
#5097 = PCURVE('',#4000,#5098);
#5098 = DEFINITIONAL_REPRESENTATION('',(#5099),#5114);
#5099 = B_SPLINE_CURVE_WITH_KNOTS('',7,(#5100,#5101,#5102,#5103,#5104,
    #5105,#5106,#5107,#5108,#5109,#5110,#5111,#5112,#5113),
  .UNSPECIFIED.,.F.,.F.,(8,6,8),(0.,0.509749899093,1.),.UNSPECIFIED.);
#5100 = CARTESIAN_POINT('',(0.666239364227,9.9999994));
#5101 = CARTESIAN_POINT('',(0.744885101512,10.691251320602));
#5102 = CARTESIAN_POINT('',(0.819651338708,11.398886886999));
#5103 = CARTESIAN_POINT('',(0.891165711303,12.115553613715));
#5104 = CARTESIAN_POINT('',(0.95997167695,12.836977312646));
#5105 = CARTESIAN_POINT('',(1.026612365271,13.561549885641));
#5106 = CARTESIAN_POINT('',(1.09163816545,14.289754342877));
#5107 = CARTESIAN_POINT('',(1.217183581573,15.729680190433));
#5108 = CARTESIAN_POINT('',(1.277589660925,16.438778528004));
#5109 = CARTESIAN_POINT('',(1.33709863296,17.149639634239));
#5110 = CARTESIAN_POINT('',(1.395942490559,17.861449138831));
#5111 = CARTESIAN_POINT('',(1.454350114757,18.573831998593));
#5112 = CARTESIAN_POINT('',(1.512554426239,19.286685022331));
#5113 = CARTESIAN_POINT('',(1.570796326795,20.));
#5114 = ( GEOMETRIC_REPRESENTATION_CONTEXT(2) 
PARAMETRIC_REPRESENTATION_CONTEXT() REPRESENTATION_CONTEXT('2D SPACE',''
  ) );
#5115 = PCURVE('',#4235,#5116);
#5116 = DEFINITIONAL_REPRESENTATION('',(#5117),#5132);
#5117 = B_SPLINE_CURVE_WITH_KNOTS('',7,(#5118,#5119,#5120,#5121,#5122,
    #5123,#5124,#5125,#5126,#5127,#5128,#5129,#5130,#5131),
  .UNSPECIFIED.,.F.,.F.,(8,6,8),(0.,0.509749899093,1.),.UNSPECIFIED.);
#5118 = CARTESIAN_POINT('',(5.553457597286,123.86151419947));
#5119 = CARTESIAN_POINT('',(5.615285051615,123.37545685456));
#5120 = CARTESIAN_POINT('',(5.674588999771,122.8566482018));
#5121 = CARTESIAN_POINT('',(5.731683881303,122.31618726244));
#5122 = CARTESIAN_POINT('',(5.7868978109,121.76094277287));
#5123 = CARTESIAN_POINT('',(5.840591434808,121.19472727093));
#5124 = CARTESIAN_POINT('',(5.893156672383,120.61897940378));
#5125 = CARTESIAN_POINT('',(5.994914531921,119.47017452373));
#5126 = CARTESIAN_POINT('',(6.044004643334,118.89960260492));
#5127 = CARTESIAN_POINT('',(6.092459660551,118.32408681956));
#5128 = CARTESIAN_POINT('',(6.140439667078,117.74531346074));
#5129 = CARTESIAN_POINT('',(6.188107397676,117.16446082563));
#5130 = CARTESIAN_POINT('',(6.235630987476,116.58241937537));
#5131 = CARTESIAN_POINT('',(6.28318530718,116.));
#5132 = ( GEOMETRIC_REPRESENTATION_CONTEXT(2) 
PARAMETRIC_REPRESENTATION_CONTEXT() REPRESENTATION_CONTEXT('2D SPACE',''
  ) );
#5133 = ADVANCED_FACE('',(#5134),#4059,.T.);
#5134 = FACE_BOUND('',#5135,.T.);
#5135 = EDGE_LOOP('',(#5136,#5137,#5138,#5162));
#5136 = ORIENTED_EDGE('',*,*,#5055,.F.);
#5137 = ORIENTED_EDGE('',*,*,#4043,.T.);
#5138 = ORIENTED_EDGE('',*,*,#5139,.F.);
#5139 = EDGE_CURVE('',#5140,#4044,#5142,.T.);
#5140 = VERTEX_POINT('',#5141);
#5141 = CARTESIAN_POINT('',(125.10179721124,14.142135623731,-5.));
#5142 = SURFACE_CURVE('',#5143,(#5148,#5155),.PCURVE_S1.);
#5143 = CIRCLE('',#5144,10.);
#5144 = AXIS2_PLACEMENT_3D('',#5145,#5146,#5147);
#5145 = CARTESIAN_POINT('',(116.,10.,-5.));
#5146 = DIRECTION('',(0.,0.,1.));
#5147 = DIRECTION('',(1.,1.7763568394E-16,-0.));
#5148 = PCURVE('',#4059,#5149);
#5149 = DEFINITIONAL_REPRESENTATION('',(#5150),#5154);
#5150 = LINE('',#5151,#5152);
#5151 = CARTESIAN_POINT('',(0.,0.));
#5152 = VECTOR('',#5153,1.);
#5153 = DIRECTION('',(1.,0.));
#5154 = ( GEOMETRIC_REPRESENTATION_CONTEXT(2) 
PARAMETRIC_REPRESENTATION_CONTEXT() REPRESENTATION_CONTEXT('2D SPACE',''
  ) );
#5155 = PCURVE('',#4133,#5156);
#5156 = DEFINITIONAL_REPRESENTATION('',(#5157),#5161);
#5157 = LINE('',#5158,#5159);
#5158 = CARTESIAN_POINT('',(0.,10.));
#5159 = VECTOR('',#5160,1.);
#5160 = DIRECTION('',(1.,0.));
#5161 = ( GEOMETRIC_REPRESENTATION_CONTEXT(2) 
PARAMETRIC_REPRESENTATION_CONTEXT() REPRESENTATION_CONTEXT('2D SPACE',''
  ) );
#5162 = ORIENTED_EDGE('',*,*,#5163,.T.);
#5163 = EDGE_CURVE('',#5140,#4675,#5164,.T.);
#5164 = SURFACE_CURVE('',#5165,(#5188,#5214),.PCURVE_S1.);
#5165 = B_SPLINE_CURVE_WITH_KNOTS('',6,(#5166,#5167,#5168,#5169,#5170,
    #5171,#5172,#5173,#5174,#5175,#5176,#5177,#5178,#5179,#5180,#5181,
    #5182,#5183,#5184,#5185,#5186,#5187),.UNSPECIFIED.,.F.,.F.,(7,5,5,5,
    7),(0.,0.236082740198,0.562369655658,0.719478022313,1.),
  .UNSPECIFIED.);
#5166 = CARTESIAN_POINT('',(125.10179721124,14.142135623731,-5.));
#5167 = CARTESIAN_POINT('',(125.14827199509,14.040013410341,
    -5.288845238391));
#5168 = CARTESIAN_POINT('',(125.18572249897,13.929902477912,
    -5.577759311345));
#5169 = CARTESIAN_POINT('',(125.21391820548,13.811860529055,
    -5.865827583076));
#5170 = CARTESIAN_POINT('',(125.2326980576,13.686061990701,
    -6.152139635382));
#5171 = CARTESIAN_POINT('',(125.24197836761,13.552810804741,
    -6.435794800528));
#5172 = CARTESIAN_POINT('',(125.2414599261,13.218705014912,
    -7.103048117702));
#5173 = CARTESIAN_POINT('',(125.22301691578,13.011434699871,
    -7.483499704867));
#5174 = CARTESIAN_POINT('',(125.18642718899,12.791940489413,
    -7.854861788908));
#5175 = CARTESIAN_POINT('',(125.13202892455,12.561759662098,
    -8.215186624097));
#5176 = CARTESIAN_POINT('',(125.06038452483,12.32268593952,
    -8.562909002685));
#5177 = CARTESIAN_POINT('',(124.92988666051,11.958259971422,
    -9.057587746771));
#5178 = CARTESIAN_POINT('',(124.88365824723,11.838205627794,
    -9.215173125713));
#5179 = CARTESIAN_POINT('',(124.83370029413,11.71675155374,
    -9.369442824712));
#5180 = CARTESIAN_POINT('',(124.78010667954,11.594111769236,
    -9.520298919854));
#5181 = CARTESIAN_POINT('',(124.72297730307,11.470499401583,
    -9.667667732363));
#5182 = CARTESIAN_POINT('',(124.55428179598,11.124048473663,
    -10.06830745714));
#5183 = CARTESIAN_POINT('',(124.43520608153,10.899540837659,
    -10.31383177277));
#5184 = CARTESIAN_POINT('',(124.30577830046,10.673791092752,
    -10.54777891574));
#5185 = CARTESIAN_POINT('',(124.16661501875,10.447933135517,
    -10.7700864943));
#5186 = CARTESIAN_POINT('',(124.01833157836,10.223020192153,
    -10.98086456349));
#5187 = CARTESIAN_POINT('',(123.86151377757,10.,-11.18033988749));
#5188 = PCURVE('',#4059,#5189);
#5189 = DEFINITIONAL_REPRESENTATION('',(#5190),#5213);
#5190 = B_SPLINE_CURVE_WITH_KNOTS('',6,(#5191,#5192,#5193,#5194,#5195,
    #5196,#5197,#5198,#5199,#5200,#5201,#5202,#5203,#5204,#5205,#5206,
    #5207,#5208,#5209,#5210,#5211,#5212),.UNSPECIFIED.,.F.,.F.,(7,5,5,5,
    7),(0.,0.236082740198,0.562369655658,0.719478022313,1.),
  .UNSPECIFIED.);
#5191 = CARTESIAN_POINT('',(0.427078586392,-2.22044604925E-16));
#5192 = CARTESIAN_POINT('',(0.415858581044,-2.888452383905E-02));
#5193 = CARTESIAN_POINT('',(0.404285219836,-5.777593277722E-02));
#5194 = CARTESIAN_POINT('',(0.392320381868,-8.662613408285E-02));
#5195 = CARTESIAN_POINT('',(0.379927028565,-0.115387576487));
#5196 = CARTESIAN_POINT('',(0.367071067891,-0.144011162585));
#5197 = CARTESIAN_POINT('',(0.335275327874,-0.211741042583));
#5198 = CARTESIAN_POINT('',(0.315884235178,-0.25068172523));
#5199 = CARTESIAN_POINT('',(0.295475063849,-0.289120831062));
#5200 = CARTESIAN_POINT('',(0.273974842895,-0.32693956209));
#5201 = CARTESIAN_POINT('',(0.251316897619,-0.364029030061));
#5202 = CARTESIAN_POINT('',(0.215960663829,-0.417743004378));
#5203 = CARTESIAN_POINT('',(0.204188678143,-0.435008930569));
#5204 = CARTESIAN_POINT('',(0.192129430413,-0.452072785968));
#5205 = CARTESIAN_POINT('',(0.179776563478,-0.468925440908));
#5206 = CARTESIAN_POINT('',(0.167123835167,-0.485558820175));
#5207 = CARTESIAN_POINT('',(0.131027088895,-0.531260638854));
#5208 = CARTESIAN_POINT('',(0.1069137101,-0.55983334375));
#5209 = CARTESIAN_POINT('',(8.178976807856E-02,-0.587643663921));
#5210 = CARTESIAN_POINT('',(5.561991358216E-02,-0.614661768163));
#5211 = CARTESIAN_POINT('',(2.836860666576E-02,-0.64086577932));
#5212 = CARTESIAN_POINT('',(0.,-0.666239432493));
#5213 = ( GEOMETRIC_REPRESENTATION_CONTEXT(2) 
PARAMETRIC_REPRESENTATION_CONTEXT() REPRESENTATION_CONTEXT('2D SPACE',''
  ) );
#5214 = PCURVE('',#4235,#5215);
#5215 = DEFINITIONAL_REPRESENTATION('',(#5216),#5239);
#5216 = B_SPLINE_CURVE_WITH_KNOTS('',6,(#5217,#5218,#5219,#5220,#5221,
    #5222,#5223,#5224,#5225,#5226,#5227,#5228,#5229,#5230,#5231,#5232,
    #5233,#5234,#5235,#5236,#5237,#5238),.UNSPECIFIED.,.F.,.F.,(7,5,5,5,
    7),(0.,0.236082740198,0.562369655658,0.719478022313,1.),
  .UNSPECIFIED.);
#5217 = CARTESIAN_POINT('',(1.230959417341,125.10179721124));
#5218 = CARTESIAN_POINT('',(1.210534974663,125.14827199509));
#5219 = CARTESIAN_POINT('',(1.189928671923,125.18572249897));
#5220 = CARTESIAN_POINT('',(1.169183974378,125.21391820548));
#5221 = CARTESIAN_POINT('',(1.148345219286,125.2326980576));
#5222 = CARTESIAN_POINT('',(1.127458813462,125.24197836761));
#5223 = CARTESIAN_POINT('',(1.077710394477,125.2414599261));
#5224 = CARTESIAN_POINT('',(1.048844459486,125.22301691578));
#5225 = CARTESIAN_POINT('',(1.020112209249,125.18642718899));
#5226 = CARTESIAN_POINT('',(0.991632333424,125.13202892455));
#5227 = CARTESIAN_POINT('',(0.96351529608,125.06038452483));
#5228 = CARTESIAN_POINT('',(0.92255388627,124.92988666051));
#5229 = CARTESIAN_POINT('',(0.909348497914,124.88365824723));
#5230 = CARTESIAN_POINT('',(0.896261477696,124.83370029413));
#5231 = CARTESIAN_POINT('',(0.883302650452,124.78010667954));
#5232 = CARTESIAN_POINT('',(0.870480928564,124.72297730307));
#5233 = CARTESIAN_POINT('',(0.835170216653,124.55428179598));
#5234 = CARTESIAN_POINT('',(0.812999105598,124.43520608153));
#5235 = CARTESIAN_POINT('',(0.791336670034,124.30577830046));
#5236 = CARTESIAN_POINT('',(0.770219142292,124.16661501875));
#5237 = CARTESIAN_POINT('',(0.749675188627,124.01833157836));
#5238 = CARTESIAN_POINT('',(0.729727656227,123.86151377757));
#5239 = ( GEOMETRIC_REPRESENTATION_CONTEXT(2) 
PARAMETRIC_REPRESENTATION_CONTEXT() REPRESENTATION_CONTEXT('2D SPACE',''
  ) );
#5240 = ADVANCED_FACE('',(#5241),#4133,.T.);
#5241 = FACE_BOUND('',#5242,.T.);
#5242 = EDGE_LOOP('',(#5243,#5299,#5300,#5301));
#5243 = ORIENTED_EDGE('',*,*,#5244,.F.);
#5244 = EDGE_CURVE('',#5140,#5245,#5247,.T.);
#5245 = VERTEX_POINT('',#5246);
#5246 = CARTESIAN_POINT('',(125.10179721124,14.142135623731,5.));
#5247 = SURFACE_CURVE('',#5248,(#5263,#5281),.PCURVE_S1.);
#5248 = B_SPLINE_CURVE_WITH_KNOTS('',7,(#5249,#5250,#5251,#5252,#5253,
    #5254,#5255,#5256,#5257,#5258,#5259,#5260,#5261,#5262),
  .UNSPECIFIED.,.F.,.F.,(8,6,8),(0.,0.499999975218,1.),.UNSPECIFIED.);
#5249 = CARTESIAN_POINT('',(125.10179730778,14.142135411598,
    -5.000000600001));
#5250 = CARTESIAN_POINT('',(124.99016941736,14.387423006404,
    -4.306222607148));
#5251 = CARTESIAN_POINT('',(124.88786067003,14.591777229068,
    -3.601872994776));
#5252 = CARTESIAN_POINT('',(124.80005463779,14.755042335773,
    -2.889666106658));
#5253 = CARTESIAN_POINT('',(124.73104211443,14.87739054447,
    -2.171823406517));
#5254 = CARTESIAN_POINT('',(124.68390221531,14.959040344016,
    -1.450051943233));
#5255 = CARTESIAN_POINT('',(124.66025403784,15.,-0.725688367873));
#5256 = CARTESIAN_POINT('',(124.66025403784,15.,0.725688439809));
#5257 = CARTESIAN_POINT('',(124.68390222001,14.959040335893,
    1.450052016438));
#5258 = CARTESIAN_POINT('',(124.73104212017,14.877390534496,
    2.171823437784));
#5259 = CARTESIAN_POINT('',(124.80005463763,14.75504233499,
    2.889666080268));
#5260 = CARTESIAN_POINT('',(124.88786066088,14.59177724484,
    3.601872923422));
#5261 = CARTESIAN_POINT('',(124.99016940554,14.387423032391,
    4.306222533645));
#5262 = CARTESIAN_POINT('',(125.10179730778,14.142135411597,
    5.000000600002));
#5263 = PCURVE('',#4133,#5264);
#5264 = DEFINITIONAL_REPRESENTATION('',(#5265),#5280);
#5265 = B_SPLINE_CURVE_WITH_KNOTS('',7,(#5266,#5267,#5268,#5269,#5270,
    #5271,#5272,#5273,#5274,#5275,#5276,#5277,#5278,#5279),
  .UNSPECIFIED.,.F.,.F.,(8,6,8),(0.,0.499999975218,1.),.UNSPECIFIED.);
#5266 = CARTESIAN_POINT('',(0.427078563086,9.9999994));
#5267 = CARTESIAN_POINT('',(0.454027921164,10.693777392852));
#5268 = CARTESIAN_POINT('',(0.47686558976,11.398127005221));
#5269 = CARTESIAN_POINT('',(0.495394688008,12.110333893346));
#5270 = CARTESIAN_POINT('',(0.509441116854,12.82817659348));
#5271 = CARTESIAN_POINT('',(0.518869149106,13.549948056768));
#5272 = CARTESIAN_POINT('',(0.523598775598,14.274311632127));
#5273 = CARTESIAN_POINT('',(0.523598775598,15.725688439809));
#5274 = CARTESIAN_POINT('',(0.518869148168,16.450052016433));
#5275 = CARTESIAN_POINT('',(0.509441115703,17.1718234378));
#5276 = CARTESIAN_POINT('',(0.49539468795,17.889666080247));
#5277 = CARTESIAN_POINT('',(0.476865591576,18.601872923436));
#5278 = CARTESIAN_POINT('',(0.45402792402,19.306222533642));
#5279 = CARTESIAN_POINT('',(0.427078563086,20.0000006));
#5280 = ( GEOMETRIC_REPRESENTATION_CONTEXT(2) 
PARAMETRIC_REPRESENTATION_CONTEXT() REPRESENTATION_CONTEXT('2D SPACE',''
  ) );
#5281 = PCURVE('',#4235,#5282);
#5282 = DEFINITIONAL_REPRESENTATION('',(#5283),#5298);
#5283 = B_SPLINE_CURVE_WITH_KNOTS('',7,(#5284,#5285,#5286,#5287,#5288,
    #5289,#5290,#5291,#5292,#5293,#5294,#5295,#5296,#5297),
  .UNSPECIFIED.,.F.,.F.,(8,6,8),(0.,0.499999975218,1.),.UNSPECIFIED.);
#5284 = CARTESIAN_POINT('',(1.230959374914,125.10179730778));
#5285 = CARTESIAN_POINT('',(1.280016887989,124.99016941736));
#5286 = CARTESIAN_POINT('',(1.328829240485,124.88786067003));
#5287 = CARTESIAN_POINT('',(1.377415186326,124.80005463779));
#5288 = CARTESIAN_POINT('',(1.425823142744,124.73104211443));
#5289 = CARTESIAN_POINT('',(1.474126198964,124.68390221531));
#5290 = CARTESIAN_POINT('',(1.52241710227,124.66025403784));
#5291 = CARTESIAN_POINT('',(1.619175556116,124.66025403784));
#5292 = CARTESIAN_POINT('',(1.667466459506,124.68390222001));
#5293 = CARTESIAN_POINT('',(1.715769512985,124.73104212017));
#5294 = CARTESIAN_POINT('',(1.764177465562,124.80005463763));
#5295 = CARTESIAN_POINT('',(1.812763408269,124.88786066088));
#5296 = CARTESIAN_POINT('',(1.861575760404,124.99016940554));
#5297 = CARTESIAN_POINT('',(1.910633278676,125.10179730778));
#5298 = ( GEOMETRIC_REPRESENTATION_CONTEXT(2) 
PARAMETRIC_REPRESENTATION_CONTEXT() REPRESENTATION_CONTEXT('2D SPACE',''
  ) );
#5299 = ORIENTED_EDGE('',*,*,#5139,.T.);
#5300 = ORIENTED_EDGE('',*,*,#4119,.T.);
#5301 = ORIENTED_EDGE('',*,*,#5302,.T.);
#5302 = EDGE_CURVE('',#4097,#5245,#5303,.T.);
#5303 = SURFACE_CURVE('',#5304,(#5309,#5315),.PCURVE_S1.);
#5304 = CIRCLE('',#5305,10.);
#5305 = AXIS2_PLACEMENT_3D('',#5306,#5307,#5308);
#5306 = CARTESIAN_POINT('',(116.,10.,5.));
#5307 = DIRECTION('',(1.7763568394E-16,0.,-1.));
#5308 = DIRECTION('',(1.,0.,1.7763568394E-16));
#5309 = PCURVE('',#4133,#5310);
#5310 = DEFINITIONAL_REPRESENTATION('',(#5311),#5314);
#5311 = B_SPLINE_CURVE_WITH_KNOTS('',1,(#5312,#5313),.UNSPECIFIED.,.F.,
  .F.,(2,2),(4.712388980385,6.28318530718),.PIECEWISE_BEZIER_KNOTS.);
#5312 = CARTESIAN_POINT('',(1.570796326795,20.));
#5313 = CARTESIAN_POINT('',(0.,20.));
#5314 = ( GEOMETRIC_REPRESENTATION_CONTEXT(2) 
PARAMETRIC_REPRESENTATION_CONTEXT() REPRESENTATION_CONTEXT('2D SPACE',''
  ) );
#5315 = PCURVE('',#4165,#5316);
#5316 = DEFINITIONAL_REPRESENTATION('',(#5317),#5320);
#5317 = B_SPLINE_CURVE_WITH_KNOTS('',1,(#5318,#5319),.UNSPECIFIED.,.F.,
  .F.,(2,2),(4.712388980385,6.28318530718),.PIECEWISE_BEZIER_KNOTS.);
#5318 = CARTESIAN_POINT('',(0.,-1.570796326795));
#5319 = CARTESIAN_POINT('',(0.,0.));
#5320 = ( GEOMETRIC_REPRESENTATION_CONTEXT(2) 
PARAMETRIC_REPRESENTATION_CONTEXT() REPRESENTATION_CONTEXT('2D SPACE',''
  ) );
#5321 = ADVANCED_FACE('',(#5322),#4165,.T.);
#5322 = FACE_BOUND('',#5323,.T.);
#5323 = EDGE_LOOP('',(#5324,#5325,#5326,#5327));
#5324 = ORIENTED_EDGE('',*,*,#5302,.F.);
#5325 = ORIENTED_EDGE('',*,*,#4151,.T.);
#5326 = ORIENTED_EDGE('',*,*,#4268,.F.);
#5327 = ORIENTED_EDGE('',*,*,#5328,.T.);
#5328 = EDGE_CURVE('',#4180,#5245,#5329,.T.);
#5329 = SURFACE_CURVE('',#5330,(#5353,#5379),.PCURVE_S1.);
#5330 = B_SPLINE_CURVE_WITH_KNOTS('',6,(#5331,#5332,#5333,#5334,#5335,
    #5336,#5337,#5338,#5339,#5340,#5341,#5342,#5343,#5344,#5345,#5346,
    #5347,#5348,#5349,#5350,#5351,#5352),.UNSPECIFIED.,.F.,.F.,(7,5,5,5,
    7),(0.,0.28123604797,0.437927388599,0.763389067241,1.),
  .UNSPECIFIED.);
#5331 = CARTESIAN_POINT('',(123.86151377757,10.,11.180339887499));
#5332 = CARTESIAN_POINT('',(124.01890045441,10.223829225598,
    10.980140941984));
#5333 = CARTESIAN_POINT('',(124.16766367878,10.449526470772,
    10.768591520485));
#5334 = CARTESIAN_POINT('',(124.3072196996,10.676136564757,
    10.545466018227));
#5335 = CARTESIAN_POINT('',(124.43695425112,10.902598427227,
    10.31065693478));
#5336 = CARTESIAN_POINT('',(124.55625149764,11.127770236117,
    10.064231225519));
#5337 = CARTESIAN_POINT('',(124.724846694,11.474523721891,9.662883644542
    ));
#5338 = CARTESIAN_POINT('',(124.78174780616,11.597820675711,
    9.51576728019));
#5339 = CARTESIAN_POINT('',(124.83512428134,11.720137562035,
    9.365190737531));
#5340 = CARTESIAN_POINT('',(124.88487795368,11.841263273241,
    9.21122797606));
#5341 = CARTESIAN_POINT('',(124.93091662404,11.96098589747,
    9.053976961784));
#5342 = CARTESIAN_POINT('',(125.06089138464,12.324418372172,
    8.560368777118));
#5343 = CARTESIAN_POINT('',(125.13225164527,12.562824237283,
    8.213469713518));
#5344 = CARTESIAN_POINT('',(125.18644569311,12.792349395898,
    7.854079865881));
#5345 = CARTESIAN_POINT('',(125.22292343914,13.011219262323,
    7.483757824689));
#5346 = CARTESIAN_POINT('',(125.24135734248,13.21791462801,
    7.104439281053));
#5347 = CARTESIAN_POINT('',(125.24204991274,13.551808978751,
    6.437930692967));
#5348 = CARTESIAN_POINT('',(125.23281030884,13.68532607345,6.153818965)
  );
#5349 = CARTESIAN_POINT('',(125.21404046608,13.811356523196,
    5.867060970334));
#5350 = CARTESIAN_POINT('',(125.18582718337,13.929597128706,
    5.578561977318));
#5351 = CARTESIAN_POINT('',(125.14833486062,14.039875271631,
    5.289235953665));
#5352 = CARTESIAN_POINT('',(125.10179721124,14.142135623731,5.));
#5353 = PCURVE('',#4165,#5354);
#5354 = DEFINITIONAL_REPRESENTATION('',(#5355),#5378);
#5355 = B_SPLINE_CURVE_WITH_KNOTS('',6,(#5356,#5357,#5358,#5359,#5360,
    #5361,#5362,#5363,#5364,#5365,#5366,#5367,#5368,#5369,#5370,#5371,
    #5372,#5373,#5374,#5375,#5376,#5377),.UNSPECIFIED.,.F.,.F.,(7,5,5,5,
    7),(0.,0.28123604797,0.437927388599,0.763389067241,1.),
  .UNSPECIFIED.);
#5356 = CARTESIAN_POINT('',(0.666239432493,1.665334536938E-16));
#5357 = CARTESIAN_POINT('',(0.640773733242,-2.238292255979E-02));
#5358 = CARTESIAN_POINT('',(0.614948584418,-4.495266667989E-02));
#5359 = CARTESIAN_POINT('',(0.588684121508,-6.763380357617E-02));
#5360 = CARTESIAN_POINT('',(0.561899216018,-9.034229554302E-02));
#5361 = CARTESIAN_POINT('',(0.534516739996,-0.112985028102));
#5362 = CARTESIAN_POINT('',(0.490841870351,-0.147980960288));
#5363 = CARTESIAN_POINT('',(0.475008391904,-0.160450290354));
#5364 = CARTESIAN_POINT('',(0.458956919894,-0.172849485294));
#5365 = CARTESIAN_POINT('',(0.442676764055,-0.18515996705));
#5366 = CARTESIAN_POINT('',(0.426158619807,-0.197362503179));
#5367 = CARTESIAN_POINT('',(0.374576008735,-0.234517662831));
#5368 = CARTESIAN_POINT('',(0.33869241161,-0.259051298101));
#5369 = CARTESIAN_POINT('',(0.301688861572,-0.282852716253));
#5370 = CARTESIAN_POINT('',(0.263529662576,-0.30574197969));
#5371 = CARTESIAN_POINT('',(0.224222119496,-0.327546221714));
#5372 = CARTESIAN_POINT('',(0.154499763212,-0.363066222452));
#5373 = CARTESIAN_POINT('',(0.124582566234,-0.377367252807));
#5374 = CARTESIAN_POINT('',(9.412797674298E-02,-0.390959351579));
#5375 = CARTESIAN_POINT('',(6.31757865161E-02,-0.403796249475));
#5376 = CARTESIAN_POINT('',(3.177789473359E-02,-0.415843403964));
#5377 = CARTESIAN_POINT('',(0.,-0.427078586392));
#5378 = ( GEOMETRIC_REPRESENTATION_CONTEXT(2) 
PARAMETRIC_REPRESENTATION_CONTEXT() REPRESENTATION_CONTEXT('2D SPACE',''
  ) );
#5379 = PCURVE('',#4235,#5380);
#5380 = DEFINITIONAL_REPRESENTATION('',(#5381),#5404);
#5381 = B_SPLINE_CURVE_WITH_KNOTS('',6,(#5382,#5383,#5384,#5385,#5386,
    #5387,#5388,#5389,#5390,#5391,#5392,#5393,#5394,#5395,#5396,#5397,
    #5398,#5399,#5400,#5401,#5402,#5403),.UNSPECIFIED.,.F.,.F.,(7,5,5,5,
    7),(0.,0.28123604797,0.437927388599,0.763389067241,1.),
  .UNSPECIFIED.);
#5382 = CARTESIAN_POINT('',(2.411864997363,123.86151377757));
#5383 = CARTESIAN_POINT('',(2.391845102811,124.01890045441));
#5384 = CARTESIAN_POINT('',(2.371227894142,124.16766367878));
#5385 = CARTESIAN_POINT('',(2.350036485313,124.3072196996));
#5386 = CARTESIAN_POINT('',(2.328299849307,124.43695425112));
#5387 = CARTESIAN_POINT('',(2.306054592513,124.55625149764));
#5388 = CARTESIAN_POINT('',(2.270694988402,124.724846694));
#5389 = CARTESIAN_POINT('',(2.257899664889,124.78174780616));
#5390 = CARTESIAN_POINT('',(2.244968862113,124.83512428134));
#5391 = CARTESIAN_POINT('',(2.231911443293,124.88487795368));
#5392 = CARTESIAN_POINT('',(2.21873717479,124.93091662404));
#5393 = CARTESIAN_POINT('',(2.177872509062,125.06089138464));
#5394 = CARTESIAN_POINT('',(2.149825823814,125.13225164527));
#5395 = CARTESIAN_POINT('',(2.121421815624,125.18644569311));
#5396 = CARTESIAN_POINT('',(2.092770205044,125.22292343914));
#5397 = CARTESIAN_POINT('',(2.063988780622,125.24135734248));
#5398 = CARTESIAN_POINT('',(2.014291066145,125.24204991274));
#5399 = CARTESIAN_POINT('',(1.993369608553,125.23281030884));
#5400 = CARTESIAN_POINT('',(1.972497464529,125.21404046608));
#5401 = CARTESIAN_POINT('',(1.951721218137,125.18582718337));
#5402 = CARTESIAN_POINT('',(1.931085306669,125.14833486062));
#5403 = CARTESIAN_POINT('',(1.910633236249,125.10179721124));
#5404 = ( GEOMETRIC_REPRESENTATION_CONTEXT(2) 
PARAMETRIC_REPRESENTATION_CONTEXT() REPRESENTATION_CONTEXT('2D SPACE',''
  ) );
#5405 = ADVANCED_FACE('',(#5406),#4235,.T.);
#5406 = FACE_BOUND('',#5407,.T.);
#5407 = EDGE_LOOP('',(#5408,#5409,#5432,#5459,#5460,#5461,#5462,#5463,
    #5464,#5465,#5466,#5467,#5468));
#5408 = ORIENTED_EDGE('',*,*,#5080,.T.);
#5409 = ORIENTED_EDGE('',*,*,#5410,.T.);
#5410 = EDGE_CURVE('',#3985,#5411,#5413,.T.);
#5411 = VERTEX_POINT('',#5412);
#5412 = CARTESIAN_POINT('',(165.,-3.673940397442E-15,-15.));
#5413 = SEAM_CURVE('',#5414,(#5418,#5425),.PCURVE_S1.);
#5414 = LINE('',#5415,#5416);
#5415 = CARTESIAN_POINT('',(3.330669073875E-15,-3.673940397442E-15,-15.)
  );
#5416 = VECTOR('',#5417,1.);
#5417 = DIRECTION('',(1.,0.,2.22044604925E-16));
#5418 = PCURVE('',#4235,#5419);
#5419 = DEFINITIONAL_REPRESENTATION('',(#5420),#5424);
#5420 = LINE('',#5421,#5422);
#5421 = CARTESIAN_POINT('',(0.,-0.));
#5422 = VECTOR('',#5423,1.);
#5423 = DIRECTION('',(0.,1.));
#5424 = ( GEOMETRIC_REPRESENTATION_CONTEXT(2) 
PARAMETRIC_REPRESENTATION_CONTEXT() REPRESENTATION_CONTEXT('2D SPACE',''
  ) );
#5425 = PCURVE('',#4235,#5426);
#5426 = DEFINITIONAL_REPRESENTATION('',(#5427),#5431);
#5427 = LINE('',#5428,#5429);
#5428 = CARTESIAN_POINT('',(6.28318530718,-0.));
#5429 = VECTOR('',#5430,1.);
#5430 = DIRECTION('',(0.,1.));
#5431 = ( GEOMETRIC_REPRESENTATION_CONTEXT(2) 
PARAMETRIC_REPRESENTATION_CONTEXT() REPRESENTATION_CONTEXT('2D SPACE',''
  ) );
#5432 = ORIENTED_EDGE('',*,*,#5433,.F.);
#5433 = EDGE_CURVE('',#5411,#5411,#5434,.T.);
#5434 = SURFACE_CURVE('',#5435,(#5440,#5447),.PCURVE_S1.);
#5435 = CIRCLE('',#5436,15.);
#5436 = AXIS2_PLACEMENT_3D('',#5437,#5438,#5439);
#5437 = CARTESIAN_POINT('',(165.,0.,3.663735981263E-14));
#5438 = DIRECTION('',(1.,-0.,2.22044604925E-16));
#5439 = DIRECTION('',(2.22044604925E-16,0.,-1.));
#5440 = PCURVE('',#4235,#5441);
#5441 = DEFINITIONAL_REPRESENTATION('',(#5442),#5446);
#5442 = LINE('',#5443,#5444);
#5443 = CARTESIAN_POINT('',(0.,165.));
#5444 = VECTOR('',#5445,1.);
#5445 = DIRECTION('',(1.,0.));
#5446 = ( GEOMETRIC_REPRESENTATION_CONTEXT(2) 
PARAMETRIC_REPRESENTATION_CONTEXT() REPRESENTATION_CONTEXT('2D SPACE',''
  ) );
#5447 = PCURVE('',#5448,#5453);
#5448 = PLANE('',#5449);
#5449 = AXIS2_PLACEMENT_3D('',#5450,#5451,#5452);
#5450 = CARTESIAN_POINT('',(165.,0.,0.));
#5451 = DIRECTION('',(1.,0.,2.22044604925E-16));
#5452 = DIRECTION('',(2.22044604925E-16,0.,-1.));
#5453 = DEFINITIONAL_REPRESENTATION('',(#5454),#5458);
#5454 = CIRCLE('',#5455,15.);
#5455 = AXIS2_PLACEMENT_2D('',#5456,#5457);
#5456 = CARTESIAN_POINT('',(-3.663735981263E-14,0.));
#5457 = DIRECTION('',(1.,0.));
#5458 = ( GEOMETRIC_REPRESENTATION_CONTEXT(2) 
PARAMETRIC_REPRESENTATION_CONTEXT() REPRESENTATION_CONTEXT('2D SPACE',''
  ) );
#5459 = ORIENTED_EDGE('',*,*,#5410,.F.);
#5460 = ORIENTED_EDGE('',*,*,#4674,.T.);
#5461 = ORIENTED_EDGE('',*,*,#5163,.F.);
#5462 = ORIENTED_EDGE('',*,*,#5244,.T.);
#5463 = ORIENTED_EDGE('',*,*,#5328,.F.);
#5464 = ORIENTED_EDGE('',*,*,#4179,.T.);
#5465 = ORIENTED_EDGE('',*,*,#4316,.T.);
#5466 = ORIENTED_EDGE('',*,*,#4405,.F.);
#5467 = ORIENTED_EDGE('',*,*,#4486,.T.);
#5468 = ORIENTED_EDGE('',*,*,#4593,.F.);
#5469 = ADVANCED_FACE('',(#5470,#5501),#5448,.F.);
#5470 = FACE_BOUND('',#5471,.F.);
#5471 = EDGE_LOOP('',(#5472));
#5472 = ORIENTED_EDGE('',*,*,#5473,.T.);
#5473 = EDGE_CURVE('',#5474,#5474,#5476,.T.);
#5474 = VERTEX_POINT('',#5475);
#5475 = CARTESIAN_POINT('',(165.,-7.347880794884E-15,-30.));
#5476 = SURFACE_CURVE('',#5477,(#5482,#5489),.PCURVE_S1.);
#5477 = CIRCLE('',#5478,30.);
#5478 = AXIS2_PLACEMENT_3D('',#5479,#5480,#5481);
#5479 = CARTESIAN_POINT('',(165.,0.,0.));
#5480 = DIRECTION('',(1.,-0.,2.22044604925E-16));
#5481 = DIRECTION('',(2.22044604925E-16,0.,-1.));
#5482 = PCURVE('',#5448,#5483);
#5483 = DEFINITIONAL_REPRESENTATION('',(#5484),#5488);
#5484 = CIRCLE('',#5485,30.);
#5485 = AXIS2_PLACEMENT_2D('',#5486,#5487);
#5486 = CARTESIAN_POINT('',(0.,0.));
#5487 = DIRECTION('',(1.,0.));
#5488 = ( GEOMETRIC_REPRESENTATION_CONTEXT(2) 
PARAMETRIC_REPRESENTATION_CONTEXT() REPRESENTATION_CONTEXT('2D SPACE',''
  ) );
#5489 = PCURVE('',#5490,#5495);
#5490 = CYLINDRICAL_SURFACE('',#5491,30.);
#5491 = AXIS2_PLACEMENT_3D('',#5492,#5493,#5494);
#5492 = CARTESIAN_POINT('',(165.,0.,0.));
#5493 = DIRECTION('',(1.,0.,2.22044604925E-16));
#5494 = DIRECTION('',(2.22044604925E-16,0.,-1.));
#5495 = DEFINITIONAL_REPRESENTATION('',(#5496),#5500);
#5496 = LINE('',#5497,#5498);
#5497 = CARTESIAN_POINT('',(0.,0.));
#5498 = VECTOR('',#5499,1.);
#5499 = DIRECTION('',(1.,0.));
#5500 = ( GEOMETRIC_REPRESENTATION_CONTEXT(2) 
PARAMETRIC_REPRESENTATION_CONTEXT() REPRESENTATION_CONTEXT('2D SPACE',''
  ) );
#5501 = FACE_BOUND('',#5502,.F.);
#5502 = EDGE_LOOP('',(#5503));
#5503 = ORIENTED_EDGE('',*,*,#5433,.F.);
#5504 = ADVANCED_FACE('',(#5505),#5490,.T.);
#5505 = FACE_BOUND('',#5506,.T.);
#5506 = EDGE_LOOP('',(#5507,#5536,#5557,#5558));
#5507 = ORIENTED_EDGE('',*,*,#5508,.F.);
#5508 = EDGE_CURVE('',#5509,#5509,#5511,.T.);
#5509 = VERTEX_POINT('',#5510);
#5510 = CARTESIAN_POINT('',(199.,-7.347880794884E-15,-30.));
#5511 = SURFACE_CURVE('',#5512,(#5517,#5524),.PCURVE_S1.);
#5512 = CIRCLE('',#5513,30.);
#5513 = AXIS2_PLACEMENT_3D('',#5514,#5515,#5516);
#5514 = CARTESIAN_POINT('',(199.,0.,7.549516567451E-15));
#5515 = DIRECTION('',(1.,-0.,2.22044604925E-16));
#5516 = DIRECTION('',(2.22044604925E-16,0.,-1.));
#5517 = PCURVE('',#5490,#5518);
#5518 = DEFINITIONAL_REPRESENTATION('',(#5519),#5523);
#5519 = LINE('',#5520,#5521);
#5520 = CARTESIAN_POINT('',(0.,34.));
#5521 = VECTOR('',#5522,1.);
#5522 = DIRECTION('',(1.,0.));
#5523 = ( GEOMETRIC_REPRESENTATION_CONTEXT(2) 
PARAMETRIC_REPRESENTATION_CONTEXT() REPRESENTATION_CONTEXT('2D SPACE',''
  ) );
#5524 = PCURVE('',#5525,#5530);
#5525 = PLANE('',#5526);
#5526 = AXIS2_PLACEMENT_3D('',#5527,#5528,#5529);
#5527 = CARTESIAN_POINT('',(199.,0.,7.549516567451E-15));
#5528 = DIRECTION('',(1.,0.,2.22044604925E-16));
#5529 = DIRECTION('',(2.22044604925E-16,0.,-1.));
#5530 = DEFINITIONAL_REPRESENTATION('',(#5531),#5535);
#5531 = CIRCLE('',#5532,30.);
#5532 = AXIS2_PLACEMENT_2D('',#5533,#5534);
#5533 = CARTESIAN_POINT('',(0.,0.));
#5534 = DIRECTION('',(1.,0.));
#5535 = ( GEOMETRIC_REPRESENTATION_CONTEXT(2) 
PARAMETRIC_REPRESENTATION_CONTEXT() REPRESENTATION_CONTEXT('2D SPACE',''
  ) );
#5536 = ORIENTED_EDGE('',*,*,#5537,.F.);
#5537 = EDGE_CURVE('',#5474,#5509,#5538,.T.);
#5538 = SEAM_CURVE('',#5539,(#5543,#5550),.PCURVE_S1.);
#5539 = LINE('',#5540,#5541);
#5540 = CARTESIAN_POINT('',(165.,-7.347880794884E-15,-30.));
#5541 = VECTOR('',#5542,1.);
#5542 = DIRECTION('',(1.,0.,2.22044604925E-16));
#5543 = PCURVE('',#5490,#5544);
#5544 = DEFINITIONAL_REPRESENTATION('',(#5545),#5549);
#5545 = LINE('',#5546,#5547);
#5546 = CARTESIAN_POINT('',(6.28318530718,-0.));
#5547 = VECTOR('',#5548,1.);
#5548 = DIRECTION('',(0.,1.));
#5549 = ( GEOMETRIC_REPRESENTATION_CONTEXT(2) 
PARAMETRIC_REPRESENTATION_CONTEXT() REPRESENTATION_CONTEXT('2D SPACE',''
  ) );
#5550 = PCURVE('',#5490,#5551);
#5551 = DEFINITIONAL_REPRESENTATION('',(#5552),#5556);
#5552 = LINE('',#5553,#5554);
#5553 = CARTESIAN_POINT('',(0.,-0.));
#5554 = VECTOR('',#5555,1.);
#5555 = DIRECTION('',(0.,1.));
#5556 = ( GEOMETRIC_REPRESENTATION_CONTEXT(2) 
PARAMETRIC_REPRESENTATION_CONTEXT() REPRESENTATION_CONTEXT('2D SPACE',''
  ) );
#5557 = ORIENTED_EDGE('',*,*,#5473,.T.);
#5558 = ORIENTED_EDGE('',*,*,#5537,.T.);
#5559 = ADVANCED_FACE('',(#5560,#5563),#5525,.T.);
#5560 = FACE_BOUND('',#5561,.T.);
#5561 = EDGE_LOOP('',(#5562));
#5562 = ORIENTED_EDGE('',*,*,#5508,.T.);
#5563 = FACE_BOUND('',#5564,.T.);
#5564 = EDGE_LOOP('',(#5565));
#5565 = ORIENTED_EDGE('',*,*,#5566,.F.);
#5566 = EDGE_CURVE('',#5567,#5567,#5569,.T.);
#5567 = VERTEX_POINT('',#5568);
#5568 = CARTESIAN_POINT('',(199.,-1.469576158977E-15,-6.));
#5569 = SURFACE_CURVE('',#5570,(#5575,#5582),.PCURVE_S1.);
#5570 = CIRCLE('',#5571,6.);
#5571 = AXIS2_PLACEMENT_3D('',#5572,#5573,#5574);
#5572 = CARTESIAN_POINT('',(199.,0.,8.659739592076E-15));
#5573 = DIRECTION('',(1.,0.,2.22044604925E-16));
#5574 = DIRECTION('',(2.22044604925E-16,0.,-1.));
#5575 = PCURVE('',#5525,#5576);
#5576 = DEFINITIONAL_REPRESENTATION('',(#5577),#5581);
#5577 = CIRCLE('',#5578,6.);
#5578 = AXIS2_PLACEMENT_2D('',#5579,#5580);
#5579 = CARTESIAN_POINT('',(-1.110223024625E-15,0.));
#5580 = DIRECTION('',(1.,0.));
#5581 = ( GEOMETRIC_REPRESENTATION_CONTEXT(2) 
PARAMETRIC_REPRESENTATION_CONTEXT() REPRESENTATION_CONTEXT('2D SPACE',''
  ) );
#5582 = PCURVE('',#5583,#5588);
#5583 = CYLINDRICAL_SURFACE('',#5584,6.);
#5584 = AXIS2_PLACEMENT_3D('',#5585,#5586,#5587);
#5585 = CARTESIAN_POINT('',(160.,0.,0.));
#5586 = DIRECTION('',(1.,0.,2.22044604925E-16));
#5587 = DIRECTION('',(2.22044604925E-16,0.,-1.));
#5588 = DEFINITIONAL_REPRESENTATION('',(#5589),#5593);
#5589 = LINE('',#5590,#5591);
#5590 = CARTESIAN_POINT('',(0.,39.));
#5591 = VECTOR('',#5592,1.);
#5592 = DIRECTION('',(1.,0.));
#5593 = ( GEOMETRIC_REPRESENTATION_CONTEXT(2) 
PARAMETRIC_REPRESENTATION_CONTEXT() REPRESENTATION_CONTEXT('2D SPACE',''
  ) );
#5594 = ADVANCED_FACE('',(#5595),#5583,.F.);
#5595 = FACE_BOUND('',#5596,.F.);
#5596 = EDGE_LOOP('',(#5597,#5598,#5621,#5648));
#5597 = ORIENTED_EDGE('',*,*,#5566,.F.);
#5598 = ORIENTED_EDGE('',*,*,#5599,.F.);
#5599 = EDGE_CURVE('',#5600,#5567,#5602,.T.);
#5600 = VERTEX_POINT('',#5601);
#5601 = CARTESIAN_POINT('',(165.,-1.469576158977E-15,-6.));
#5602 = SEAM_CURVE('',#5603,(#5607,#5614),.PCURVE_S1.);
#5603 = LINE('',#5604,#5605);
#5604 = CARTESIAN_POINT('',(160.,-1.469576158977E-15,-6.));
#5605 = VECTOR('',#5606,1.);
#5606 = DIRECTION('',(1.,0.,2.22044604925E-16));
#5607 = PCURVE('',#5583,#5608);
#5608 = DEFINITIONAL_REPRESENTATION('',(#5609),#5613);
#5609 = LINE('',#5610,#5611);
#5610 = CARTESIAN_POINT('',(6.28318530718,-0.));
#5611 = VECTOR('',#5612,1.);
#5612 = DIRECTION('',(0.,1.));
#5613 = ( GEOMETRIC_REPRESENTATION_CONTEXT(2) 
PARAMETRIC_REPRESENTATION_CONTEXT() REPRESENTATION_CONTEXT('2D SPACE',''
  ) );
#5614 = PCURVE('',#5583,#5615);
#5615 = DEFINITIONAL_REPRESENTATION('',(#5616),#5620);
#5616 = LINE('',#5617,#5618);
#5617 = CARTESIAN_POINT('',(0.,-0.));
#5618 = VECTOR('',#5619,1.);
#5619 = DIRECTION('',(0.,1.));
#5620 = ( GEOMETRIC_REPRESENTATION_CONTEXT(2) 
PARAMETRIC_REPRESENTATION_CONTEXT() REPRESENTATION_CONTEXT('2D SPACE',''
  ) );
#5621 = ORIENTED_EDGE('',*,*,#5622,.T.);
#5622 = EDGE_CURVE('',#5600,#5600,#5623,.T.);
#5623 = SURFACE_CURVE('',#5624,(#5629,#5636),.PCURVE_S1.);
#5624 = CIRCLE('',#5625,6.);
#5625 = AXIS2_PLACEMENT_3D('',#5626,#5627,#5628);
#5626 = CARTESIAN_POINT('',(165.,0.,1.110223024625E-15));
#5627 = DIRECTION('',(1.,0.,2.22044604925E-16));
#5628 = DIRECTION('',(2.22044604925E-16,0.,-1.));
#5629 = PCURVE('',#5583,#5630);
#5630 = DEFINITIONAL_REPRESENTATION('',(#5631),#5635);
#5631 = LINE('',#5632,#5633);
#5632 = CARTESIAN_POINT('',(0.,5.));
#5633 = VECTOR('',#5634,1.);
#5634 = DIRECTION('',(1.,0.));
#5635 = ( GEOMETRIC_REPRESENTATION_CONTEXT(2) 
PARAMETRIC_REPRESENTATION_CONTEXT() REPRESENTATION_CONTEXT('2D SPACE',''
  ) );
#5636 = PCURVE('',#5637,#5642);
#5637 = PLANE('',#5638);
#5638 = AXIS2_PLACEMENT_3D('',#5639,#5640,#5641);
#5639 = CARTESIAN_POINT('',(165.,0.,3.663735981263E-14));
#5640 = DIRECTION('',(1.,0.,2.22044604925E-16));
#5641 = DIRECTION('',(2.22044604925E-16,0.,-1.));
#5642 = DEFINITIONAL_REPRESENTATION('',(#5643),#5647);
#5643 = CIRCLE('',#5644,6.);
#5644 = AXIS2_PLACEMENT_2D('',#5645,#5646);
#5645 = CARTESIAN_POINT('',(3.552713678801E-14,0.));
#5646 = DIRECTION('',(1.,0.));
#5647 = ( GEOMETRIC_REPRESENTATION_CONTEXT(2) 
PARAMETRIC_REPRESENTATION_CONTEXT() REPRESENTATION_CONTEXT('2D SPACE',''
  ) );
#5648 = ORIENTED_EDGE('',*,*,#5599,.T.);
#5649 = ADVANCED_FACE('',(#5650),#5637,.T.);
#5650 = FACE_BOUND('',#5651,.T.);
#5651 = EDGE_LOOP('',(#5652));
#5652 = ORIENTED_EDGE('',*,*,#5622,.T.);
#5653 = ( GEOMETRIC_REPRESENTATION_CONTEXT(3) 
GLOBAL_UNCERTAINTY_ASSIGNED_CONTEXT((#5657)) 
GLOBAL_UNIT_ASSIGNED_CONTEXT((#5654,#5655,#5656)) REPRESENTATION_CONTEXT
('Context #1','3D Context with UNIT and UNCERTAINTY') );
#5654 = ( LENGTH_UNIT() NAMED_UNIT(*) SI_UNIT(.MILLI.,.METRE.) );
#5655 = ( NAMED_UNIT(*) PLANE_ANGLE_UNIT() SI_UNIT($,.RADIAN.) );
#5656 = ( NAMED_UNIT(*) SI_UNIT($,.STERADIAN.) SOLID_ANGLE_UNIT() );
#5657 = UNCERTAINTY_MEASURE_WITH_UNIT(LENGTH_MEASURE(1.E-07),#5654,
  'distance_accuracy_value','confusion accuracy');
#5658 = PRODUCT_RELATED_PRODUCT_CATEGORY('part',$,(#7));
ENDSEC;
END-ISO-10303-21;
