ISO-10303-21;
HEADER;
FILE_DESCRIPTION(('Open CASCADE Model'),'2;1');
FILE_NAME('PRINT_KNEE_SHIN','2026-09-27T20:01:37',('Author'),(
    'Open CASCADE'),'Open CASCADE STEP processor 8.0','build123d',
  'Unknown');
FILE_SCHEMA(('AUTOMOTIVE_DESIGN { 1 0 10303 214 1 1 1 1 }'));
ENDSEC;
DATA;
#1 = APPLICATION_PROTOCOL_DEFINITION('international standard',
  'automotive_design',2000,#2);
#2 = APPLICATION_CONTEXT(
  'core data for automotive mechanical design processes');
#3 = SHAPE_DEFINITION_REPRESENTATION(#4,#10);
#4 = PRODUCT_DEFINITION_SHAPE('','',#5);
#5 = PRODUCT_DEFINITION('design','',#6,#9);
#6 = PRODUCT_DEFINITION_FORMATION('','',#7);
#7 = PRODUCT('PRINT_KNEE_SHIN','PRINT_KNEE_SHIN','',(#8));
#8 = PRODUCT_CONTEXT('',#2,'mechanical');
#9 = PRODUCT_DEFINITION_CONTEXT('part definition',#2,'design');
#10 = ADVANCED_BREP_SHAPE_REPRESENTATION('',(#11,#15),#1665);
#11 = AXIS2_PLACEMENT_3D('',#12,#13,#14);
#12 = CARTESIAN_POINT('',(0.,0.,0.));
#13 = DIRECTION('',(0.,0.,1.));
#14 = DIRECTION('',(1.,0.,-0.));
#15 = MANIFOLD_SOLID_BREP('',#16);
#16 = CLOSED_SHELL('',(#17,#105,#140,#144,#1222,#1250,#1274,#1408,#1457,
    #1572,#1577,#1604,#1651,#1658));
#17 = ADVANCED_FACE('',(#18),#31,.T.);
#18 = FACE_BOUND('',#19,.T.);
#19 = EDGE_LOOP('',(#20,#54,#77,#104));
#20 = ORIENTED_EDGE('',*,*,#21,.F.);
#21 = EDGE_CURVE('',#22,#22,#24,.T.);
#22 = VERTEX_POINT('',#23);
#23 = CARTESIAN_POINT('',(15.,-3.673940397442E-15,0.));
#24 = SURFACE_CURVE('',#25,(#30,#42),.PCURVE_S1.);
#25 = CIRCLE('',#26,15.);
#26 = AXIS2_PLACEMENT_3D('',#27,#28,#29);
#27 = CARTESIAN_POINT('',(0.,0.,0.));
#28 = DIRECTION('',(0.,0.,1.));
#29 = DIRECTION('',(1.,0.,-0.));
#30 = PCURVE('',#31,#36);
#31 = CYLINDRICAL_SURFACE('',#32,15.);
#32 = AXIS2_PLACEMENT_3D('',#33,#34,#35);
#33 = CARTESIAN_POINT('',(0.,0.,-5.));
#34 = DIRECTION('',(0.,0.,1.));
#35 = DIRECTION('',(1.,0.,-0.));
#36 = DEFINITIONAL_REPRESENTATION('',(#37),#41);
#37 = LINE('',#38,#39);
#38 = CARTESIAN_POINT('',(0.,5.));
#39 = VECTOR('',#40,1.);
#40 = DIRECTION('',(1.,0.));
#41 = ( GEOMETRIC_REPRESENTATION_CONTEXT(2) 
PARAMETRIC_REPRESENTATION_CONTEXT() REPRESENTATION_CONTEXT('2D SPACE',''
  ) );
#42 = PCURVE('',#43,#48);
#43 = PLANE('',#44);
#44 = AXIS2_PLACEMENT_3D('',#45,#46,#47);
#45 = CARTESIAN_POINT('',(0.,0.,0.));
#46 = DIRECTION('',(0.,0.,1.));
#47 = DIRECTION('',(1.,0.,-0.));
#48 = DEFINITIONAL_REPRESENTATION('',(#49),#53);
#49 = CIRCLE('',#50,15.);
#50 = AXIS2_PLACEMENT_2D('',#51,#52);
#51 = CARTESIAN_POINT('',(0.,0.));
#52 = DIRECTION('',(1.,0.));
#53 = ( GEOMETRIC_REPRESENTATION_CONTEXT(2) 
PARAMETRIC_REPRESENTATION_CONTEXT() REPRESENTATION_CONTEXT('2D SPACE',''
  ) );
#54 = ORIENTED_EDGE('',*,*,#55,.F.);
#55 = EDGE_CURVE('',#56,#22,#58,.T.);
#56 = VERTEX_POINT('',#57);
#57 = CARTESIAN_POINT('',(15.,-3.673940397442E-15,-5.));
#58 = SEAM_CURVE('',#59,(#63,#70),.PCURVE_S1.);
#59 = LINE('',#60,#61);
#60 = CARTESIAN_POINT('',(15.,-3.673940397442E-15,-5.));
#61 = VECTOR('',#62,1.);
#62 = DIRECTION('',(0.,0.,1.));
#63 = PCURVE('',#31,#64);
#64 = DEFINITIONAL_REPRESENTATION('',(#65),#69);
#65 = LINE('',#66,#67);
#66 = CARTESIAN_POINT('',(6.28318530718,-0.));
#67 = VECTOR('',#68,1.);
#68 = DIRECTION('',(0.,1.));
#69 = ( GEOMETRIC_REPRESENTATION_CONTEXT(2) 
PARAMETRIC_REPRESENTATION_CONTEXT() REPRESENTATION_CONTEXT('2D SPACE',''
  ) );
#70 = PCURVE('',#31,#71);
#71 = DEFINITIONAL_REPRESENTATION('',(#72),#76);
#72 = LINE('',#73,#74);
#73 = CARTESIAN_POINT('',(0.,-0.));
#74 = VECTOR('',#75,1.);
#75 = DIRECTION('',(0.,1.));
#76 = ( GEOMETRIC_REPRESENTATION_CONTEXT(2) 
PARAMETRIC_REPRESENTATION_CONTEXT() REPRESENTATION_CONTEXT('2D SPACE',''
  ) );
#77 = ORIENTED_EDGE('',*,*,#78,.T.);
#78 = EDGE_CURVE('',#56,#56,#79,.T.);
#79 = SURFACE_CURVE('',#80,(#85,#92),.PCURVE_S1.);
#80 = CIRCLE('',#81,15.);
#81 = AXIS2_PLACEMENT_3D('',#82,#83,#84);
#82 = CARTESIAN_POINT('',(0.,0.,-5.));
#83 = DIRECTION('',(0.,0.,1.));
#84 = DIRECTION('',(1.,0.,-0.));
#85 = PCURVE('',#31,#86);
#86 = DEFINITIONAL_REPRESENTATION('',(#87),#91);
#87 = LINE('',#88,#89);
#88 = CARTESIAN_POINT('',(0.,0.));
#89 = VECTOR('',#90,1.);
#90 = DIRECTION('',(1.,0.));
#91 = ( GEOMETRIC_REPRESENTATION_CONTEXT(2) 
PARAMETRIC_REPRESENTATION_CONTEXT() REPRESENTATION_CONTEXT('2D SPACE',''
  ) );
#92 = PCURVE('',#93,#98);
#93 = PLANE('',#94);
#94 = AXIS2_PLACEMENT_3D('',#95,#96,#97);
#95 = CARTESIAN_POINT('',(0.,0.,-5.));
#96 = DIRECTION('',(0.,0.,1.));
#97 = DIRECTION('',(1.,0.,-0.));
#98 = DEFINITIONAL_REPRESENTATION('',(#99),#103);
#99 = CIRCLE('',#100,15.);
#100 = AXIS2_PLACEMENT_2D('',#101,#102);
#101 = CARTESIAN_POINT('',(0.,0.));
#102 = DIRECTION('',(1.,0.));
#103 = ( GEOMETRIC_REPRESENTATION_CONTEXT(2) 
PARAMETRIC_REPRESENTATION_CONTEXT() REPRESENTATION_CONTEXT('2D SPACE',''
  ) );
#104 = ORIENTED_EDGE('',*,*,#55,.T.);
#105 = ADVANCED_FACE('',(#106,#109),#43,.T.);
#106 = FACE_BOUND('',#107,.T.);
#107 = EDGE_LOOP('',(#108));
#108 = ORIENTED_EDGE('',*,*,#21,.T.);
#109 = FACE_BOUND('',#110,.T.);
#110 = EDGE_LOOP('',(#111));
#111 = ORIENTED_EDGE('',*,*,#112,.F.);
#112 = EDGE_CURVE('',#113,#113,#115,.T.);
#113 = VERTEX_POINT('',#114);
#114 = CARTESIAN_POINT('',(11.,-2.694222958124E-15,0.));
#115 = SURFACE_CURVE('',#116,(#121,#128),.PCURVE_S1.);
#116 = CIRCLE('',#117,11.);
#117 = AXIS2_PLACEMENT_3D('',#118,#119,#120);
#118 = CARTESIAN_POINT('',(0.,0.,0.));
#119 = DIRECTION('',(0.,0.,1.));
#120 = DIRECTION('',(1.,0.,-0.));
#121 = PCURVE('',#43,#122);
#122 = DEFINITIONAL_REPRESENTATION('',(#123),#127);
#123 = CIRCLE('',#124,11.);
#124 = AXIS2_PLACEMENT_2D('',#125,#126);
#125 = CARTESIAN_POINT('',(0.,0.));
#126 = DIRECTION('',(1.,0.));
#127 = ( GEOMETRIC_REPRESENTATION_CONTEXT(2) 
PARAMETRIC_REPRESENTATION_CONTEXT() REPRESENTATION_CONTEXT('2D SPACE',''
  ) );
#128 = PCURVE('',#129,#134);
#129 = CONICAL_SURFACE('',#130,11.,2.999100485688E-02);
#130 = AXIS2_PLACEMENT_3D('',#131,#132,#133);
#131 = CARTESIAN_POINT('',(0.,0.,0.));
#132 = DIRECTION('',(0.,0.,1.));
#133 = DIRECTION('',(1.,0.,-0.));
#134 = DEFINITIONAL_REPRESENTATION('',(#135),#139);
#135 = LINE('',#136,#137);
#136 = CARTESIAN_POINT('',(0.,0.));
#137 = VECTOR('',#138,1.);
#138 = DIRECTION('',(1.,0.));
#139 = ( GEOMETRIC_REPRESENTATION_CONTEXT(2) 
PARAMETRIC_REPRESENTATION_CONTEXT() REPRESENTATION_CONTEXT('2D SPACE',''
  ) );
#140 = ADVANCED_FACE('',(#141),#93,.F.);
#141 = FACE_BOUND('',#142,.T.);
#142 = EDGE_LOOP('',(#143));
#143 = ORIENTED_EDGE('',*,*,#78,.F.);
#144 = ADVANCED_FACE('',(#145,#825),#129,.T.);
#145 = FACE_BOUND('',#146,.T.);
#146 = EDGE_LOOP('',(#147,#148,#171,#361,#384,#413,#445,#474,#506,#535,
    #562,#591,#618,#640,#641,#824));
#147 = ORIENTED_EDGE('',*,*,#112,.T.);
#148 = ORIENTED_EDGE('',*,*,#149,.T.);
#149 = EDGE_CURVE('',#113,#150,#152,.T.);
#150 = VERTEX_POINT('',#151);
#151 = CARTESIAN_POINT('',(16.697,-2.301968588357E-15,189.9));
#152 = SEAM_CURVE('',#153,(#157,#164),.PCURVE_S1.);
#153 = LINE('',#154,#155);
#154 = CARTESIAN_POINT('',(11.,-2.694222958124E-15,0.));
#155 = VECTOR('',#156,1.);
#156 = DIRECTION('',(2.998650910567E-02,-7.344576478773E-18,
    0.999550303522));
#157 = PCURVE('',#129,#158);
#158 = DEFINITIONAL_REPRESENTATION('',(#159),#163);
#159 = LINE('',#160,#161);
#160 = CARTESIAN_POINT('',(0.,-0.));
#161 = VECTOR('',#162,1.);
#162 = DIRECTION('',(0.,1.));
#163 = ( GEOMETRIC_REPRESENTATION_CONTEXT(2) 
PARAMETRIC_REPRESENTATION_CONTEXT() REPRESENTATION_CONTEXT('2D SPACE',''
  ) );
#164 = PCURVE('',#129,#165);
#165 = DEFINITIONAL_REPRESENTATION('',(#166),#170);
#166 = LINE('',#167,#168);
#167 = CARTESIAN_POINT('',(6.28318530718,-0.));
#168 = VECTOR('',#169,1.);
#169 = DIRECTION('',(0.,1.));
#170 = ( GEOMETRIC_REPRESENTATION_CONTEXT(2) 
PARAMETRIC_REPRESENTATION_CONTEXT() REPRESENTATION_CONTEXT('2D SPACE',''
  ) );
#171 = ORIENTED_EDGE('',*,*,#172,.F.);
#172 = EDGE_CURVE('',#173,#150,#175,.T.);
#173 = VERTEX_POINT('',#174);
#174 = CARTESIAN_POINT('',(16.823,-4.120446620411E-15,194.1));
#175 = SURFACE_CURVE('',#176,(#234,#295),.PCURVE_S1.);
#176 = B_SPLINE_CURVE_WITH_KNOTS('',6,(#177,#178,#179,#180,#181,#182,
    #183,#184,#185,#186,#187,#188,#189,#190,#191,#192,#193,#194,#195,
    #196,#197,#198,#199,#200,#201,#202,#203,#204,#205,#206,#207,#208,
    #209,#210,#211,#212,#213,#214,#215,#216,#217,#218,#219,#220,#221,
    #222,#223,#224,#225,#226,#227,#228,#229,#230,#231,#232,#233),
  .UNSPECIFIED.,.F.,.F.,(7,5,5,5,5,5,5,5,5,5,5,7),(0.,0.100940849819,
    0.164231297652,0.246594468187,0.311585438988,0.362044043056,
    0.497006963633,0.683077601451,0.749179178212,0.833079729802,
    0.897315409712,1.),.UNSPECIFIED.);
#177 = CARTESIAN_POINT('',(16.823,4.440892098501E-16,194.1));
#178 = CARTESIAN_POINT('',(16.823,-0.131089845208,194.1));
#179 = CARTESIAN_POINT('',(16.821479651911,-0.262239225907,
    194.09017997448));
#180 = CARTESIAN_POINT('',(16.818436127573,-0.391562104391,
    194.07052519012));
#181 = CARTESIAN_POINT('',(16.814002221058,-0.517553567202,
    194.04160925351));
#182 = CARTESIAN_POINT('',(16.808386655485,-0.639040922085,
    194.00427306187));
#183 = CARTESIAN_POINT('',(16.797709815379,-0.827953043159,
    193.93147119954));
#184 = CARTESIAN_POINT('',(16.793221073138,-0.898675354057,
    193.9004886932));
#185 = CARTESIAN_POINT('',(16.788413307275,-0.967141954189,
    193.86680748461));
#186 = CARTESIAN_POINT('',(16.783342622993,-1.033236518489,
    193.83065886416));
#187 = CARTESIAN_POINT('',(16.77806289807,-1.096890195335,
    193.79226405174));
#188 = CARTESIAN_POINT('',(16.765542841363,-1.237684582033,
    193.6991896642));
#189 = CARTESIAN_POINT('',(16.758191861123,-1.313101058061,
    193.6430948776));
#190 = CARTESIAN_POINT('',(16.750676406725,-1.38425795744,
    193.58396731419));
#191 = CARTESIAN_POINT('',(16.743091222095,-1.451156464834,
    193.52219443071));
#192 = CARTESIAN_POINT('',(16.735517737252,-1.513840861891,
    193.45811014963));
#193 = CARTESIAN_POINT('',(16.722108645176,-1.618571580434,
    193.33980680226));
#194 = CARTESIAN_POINT('',(16.716243874363,-1.66217897117,
    193.28636168539));
#195 = CARTESIAN_POINT('',(16.710461752135,-1.703233978265,
    193.23178529994));
#196 = CARTESIAN_POINT('',(16.704791333167,-1.74177059392,
    193.17619946783));
#197 = CARTESIAN_POINT('',(16.699257736271,-1.777823672018,
    193.11971200721));
#198 = CARTESIAN_POINT('',(16.689709117403,-1.837517863253,
    193.01793300097));
#199 = CARTESIAN_POINT('',(16.685631304647,-1.862131242101,
    192.97296315003));
#200 = CARTESIAN_POINT('',(16.681659084685,-1.885283814633,
    192.92755159626));
#201 = CARTESIAN_POINT('',(16.67780147204,-1.906990336867,
    192.88173963583));
#202 = CARTESIAN_POINT('',(16.674066427177,-1.927264452714,
    192.83556543314));
#203 = CARTESIAN_POINT('',(16.660816944269,-1.996548615959,
    192.66468550232));
#204 = CARTESIAN_POINT('',(16.652100739863,-2.036813724069,
    192.53798308291));
#205 = CARTESIAN_POINT('',(16.644442715883,-2.067168949054,
    192.40960120013));
#206 = CARTESIAN_POINT('',(16.637932235324,-2.08775813223,
    192.28011625773));
#207 = CARTESIAN_POINT('',(16.632621258447,-2.098672836018,
    192.15005401922));
#208 = CARTESIAN_POINT('',(16.622888652493,-2.101605646283,
    191.84043834951));
#209 = CARTESIAN_POINT('',(16.61956892749,-2.08490138101,191.660907149)
  );
#210 = CARTESIAN_POINT('',(16.618614312952,-2.049821582924,
    191.48245613426));
#211 = CARTESIAN_POINT('',(16.619974296987,-1.995967241226,
    191.30651024093));
#212 = CARTESIAN_POINT('',(16.623460560803,-1.922870335221,
    191.13474117457));
#213 = CARTESIAN_POINT('',(16.630596781847,-1.796470126321,
    190.9103893382));
#214 = CARTESIAN_POINT('',(16.63269156456,-1.760798059504,190.8523779606
    ));
#215 = CARTESIAN_POINT('',(16.634994599604,-1.722550779294,
    190.7952626255));
#216 = CARTESIAN_POINT('',(16.637486917336,-1.68169172509,190.7391563068
    ));
#217 = CARTESIAN_POINT('',(16.64014614526,-1.638185284202,
    190.68418657965));
#218 = CARTESIAN_POINT('',(16.646500110095,-1.533374072147,
    190.56234743514));
#219 = CARTESIAN_POINT('',(16.650280473272,-1.470436508343,
    190.49626568215));
#220 = CARTESIAN_POINT('',(16.65423444973,-1.403113473327,
    190.43253472473));
#221 = CARTESIAN_POINT('',(16.658297375375,-1.331358315399,
    190.3715055789));
#222 = CARTESIAN_POINT('',(16.662393408013,-1.255169491894,
    190.31358542176));
#223 = CARTESIAN_POINT('',(16.669531466445,-1.112933111598,
    190.21760946672));
#224 = CARTESIAN_POINT('',(16.672595279605,-1.048698894586,
    190.17808304085));
#225 = CARTESIAN_POINT('',(16.67558903941,-0.981942771279,
    190.14085329716));
#226 = CARTESIAN_POINT('',(16.678469769798,-0.912735725683,
    190.10615004546));
#227 = CARTESIAN_POINT('',(16.681192671159,-0.841197621304,
    190.07421352706));
#228 = CARTESIAN_POINT('',(16.687743591384,-0.649716056075,
    189.99902932455));
#229 = CARTESIAN_POINT('',(16.691260700118,-0.526338948602,
    189.96041702694));
#230 = CARTESIAN_POINT('',(16.694078513334,-0.398283002411,
    189.93050121727));
#231 = CARTESIAN_POINT('',(16.696026877448,-0.266765878941,
    189.91016182869));
#232 = CARTESIAN_POINT('',(16.697,-0.133351659431,189.9));
#233 = CARTESIAN_POINT('',(16.697,-4.440892098501E-16,189.9));
#234 = PCURVE('',#129,#235);
#235 = DEFINITIONAL_REPRESENTATION('',(#236),#294);
#236 = B_SPLINE_CURVE_WITH_KNOTS('',6,(#237,#238,#239,#240,#241,#242,
    #243,#244,#245,#246,#247,#248,#249,#250,#251,#252,#253,#254,#255,
    #256,#257,#258,#259,#260,#261,#262,#263,#264,#265,#266,#267,#268,
    #269,#270,#271,#272,#273,#274,#275,#276,#277,#278,#279,#280,#281,
    #282,#283,#284,#285,#286,#287,#288,#289,#290,#291,#292,#293),
  .UNSPECIFIED.,.F.,.F.,(7,5,5,5,5,5,5,5,5,5,5,7),(0.,0.100940849819,
    0.164231297652,0.246594468187,0.311585438988,0.362044043056,
    0.497006963633,0.683077601451,0.749179178212,0.833079729802,
    0.897315409712,1.),.UNSPECIFIED.);
#237 = CARTESIAN_POINT('',(6.28318530718,194.1));
#238 = CARTESIAN_POINT('',(6.275393008231,194.1));
#239 = CARTESIAN_POINT('',(6.267597170467,194.09017997448));
#240 = CARTESIAN_POINT('',(6.259908438171,194.07052519012));
#241 = CARTESIAN_POINT('',(6.252414796037,194.04160925351));
#242 = CARTESIAN_POINT('',(6.245185100888,194.00427306187));
#243 = CARTESIAN_POINT('',(6.233935716345,193.93147119954));
#244 = CARTESIAN_POINT('',(6.22972249413,193.9004886932));
#245 = CARTESIAN_POINT('',(6.225641660557,193.86680748461));
#246 = CARTESIAN_POINT('',(6.221700126318,193.83065886416));
#247 = CARTESIAN_POINT('',(6.21790203995,193.79226405174));
#248 = CARTESIAN_POINT('',(6.209496275245,193.6991896642));
#249 = CARTESIAN_POINT('',(6.204990017211,193.6430948776));
#250 = CARTESIAN_POINT('',(6.200734548083,193.58396731419));
#251 = CARTESIAN_POINT('',(6.196730120419,193.52219443071));
#252 = CARTESIAN_POINT('',(6.19297448146,193.45811014963));
#253 = CARTESIAN_POINT('',(6.186693831328,193.33980680226));
#254 = CARTESIAN_POINT('',(6.184076529751,193.28636168539));
#255 = CARTESIAN_POINT('',(6.181610311976,193.23178529994));
#256 = CARTESIAN_POINT('',(6.179293352988,193.17619946783));
#257 = CARTESIAN_POINT('',(6.177123775088,193.11971200721));
#258 = CARTESIAN_POINT('',(6.173528231958,193.01793300097));
#259 = CARTESIAN_POINT('',(6.172044497511,192.97296315003));
#260 = CARTESIAN_POINT('',(6.17064764778,192.92755159626));
#261 = CARTESIAN_POINT('',(6.169336890067,192.88173963583));
#262 = CARTESIAN_POINT('',(6.168111494527,192.83556543314));
#263 = CARTESIAN_POINT('',(6.163919733691,192.66468550232));
#264 = CARTESIAN_POINT('',(6.161475006326,192.53798308291));
#265 = CARTESIAN_POINT('',(6.159622925444,192.40960120013));
#266 = CARTESIAN_POINT('',(6.158356236409,192.28011625773));
#267 = CARTESIAN_POINT('',(6.15767051304,192.15005401922));
#268 = CARTESIAN_POINT('',(6.157424156538,191.84043834951));
#269 = CARTESIAN_POINT('',(6.158388018114,191.660907149));
#270 = CARTESIAN_POINT('',(6.160458755984,191.48245613426));
#271 = CARTESIAN_POINT('',(6.163661243904,191.30651024093));
#272 = CARTESIAN_POINT('',(6.168023306265,191.13474117457));
#273 = CARTESIAN_POINT('',(6.175580355989,190.9103893382));
#274 = CARTESIAN_POINT('',(6.177714100479,190.8523779606));
#275 = CARTESIAN_POINT('',(6.18000279468,190.7952626255));
#276 = CARTESIAN_POINT('',(6.182448566907,190.7391563068));
#277 = CARTESIAN_POINT('',(6.185053477368,190.68418657965));
#278 = CARTESIAN_POINT('',(6.191330200274,190.56234743514));
#279 = CARTESIAN_POINT('',(6.195100108979,190.49626568215));
#280 = CARTESIAN_POINT('',(6.199133312415,190.43253472473));
#281 = CARTESIAN_POINT('',(6.203432415375,190.3715055789));
#282 = CARTESIAN_POINT('',(6.20799731832,190.31358542176));
#283 = CARTESIAN_POINT('',(6.216519473618,190.21760946672));
#284 = CARTESIAN_POINT('',(6.220368085767,190.17808304085));
#285 = CARTESIAN_POINT('',(6.224367713643,190.14085329716));
#286 = CARTESIAN_POINT('',(6.228514036736,190.10615004546));
#287 = CARTESIAN_POINT('',(6.232799823297,190.07421352706));
#288 = CARTESIAN_POINT('',(6.244270765357,189.99902932455));
#289 = CARTESIAN_POINT('',(6.251661295422,189.96041702694));
#290 = CARTESIAN_POINT('',(6.259331480355,189.93050121727));
#291 = CARTESIAN_POINT('',(6.267208432231,189.91016182869));
#292 = CARTESIAN_POINT('',(6.27519874316,189.9));
#293 = CARTESIAN_POINT('',(6.28318530718,189.9));
#294 = ( GEOMETRIC_REPRESENTATION_CONTEXT(2) 
PARAMETRIC_REPRESENTATION_CONTEXT() REPRESENTATION_CONTEXT('2D SPACE',''
  ) );
#295 = PCURVE('',#296,#301);
#296 = CYLINDRICAL_SURFACE('',#297,2.1);
#297 = AXIS2_PLACEMENT_3D('',#298,#299,#300);
#298 = CARTESIAN_POINT('',(-22.5,0.,192.));
#299 = DIRECTION('',(1.,0.,2.22044604925E-16));
#300 = DIRECTION('',(2.22044604925E-16,0.,-1.));
#301 = DEFINITIONAL_REPRESENTATION('',(#302),#360);
#302 = B_SPLINE_CURVE_WITH_KNOTS('',6,(#303,#304,#305,#306,#307,#308,
    #309,#310,#311,#312,#313,#314,#315,#316,#317,#318,#319,#320,#321,
    #322,#323,#324,#325,#326,#327,#328,#329,#330,#331,#332,#333,#334,
    #335,#336,#337,#338,#339,#340,#341,#342,#343,#344,#345,#346,#347,
    #348,#349,#350,#351,#352,#353,#354,#355,#356,#357,#358,#359),
  .UNSPECIFIED.,.F.,.F.,(7,5,5,5,5,5,5,5,5,5,5,7),(0.,0.100940849819,
    0.164231297652,0.246594468187,0.311585438988,0.362044043056,
    0.497006963633,0.683077601451,0.749179178212,0.833079729802,
    0.897315409712,1.),.UNSPECIFIED.);
#303 = CARTESIAN_POINT('',(3.14159265359,39.323));
#304 = CARTESIAN_POINT('',(3.204016389403,39.323));
#305 = CARTESIAN_POINT('',(3.266468337062,39.321479651911));
#306 = CARTESIAN_POINT('',(3.328489210458,39.318436127573));
#307 = CARTESIAN_POINT('',(3.389798618898,39.314002221058));
#308 = CARTESIAN_POINT('',(3.450173111838,39.308386655485));
#309 = CARTESIAN_POINT('',(3.54658010607,39.297709815379));
#310 = CARTESIAN_POINT('',(3.583309915073,39.293221073138));
#311 = CARTESIAN_POINT('',(3.61959212699,39.288413307275));
#312 = CARTESIAN_POINT('',(3.655416528926,39.283342622993));
#313 = CARTESIAN_POINT('',(3.690784787611,39.27806289807));
#314 = CARTESIAN_POINT('',(3.77115510532,39.265542841363));
#315 = CARTESIAN_POINT('',(3.815843887784,39.258191861123));
#316 = CARTESIAN_POINT('',(3.85980620057,39.250676406725));
#317 = CARTESIAN_POINT('',(3.903080972806,39.243091222095));
#318 = CARTESIAN_POINT('',(3.945716084909,39.235517737252));
#319 = CARTESIAN_POINT('',(4.020954489678,39.222108645176));
#320 = CARTESIAN_POINT('',(4.053774640492,39.216243874363));
#321 = CARTESIAN_POINT('',(4.086258261175,39.210461752135));
#322 = CARTESIAN_POINT('',(4.118431256067,39.204791333167));
#323 = CARTESIAN_POINT('',(4.150319312655,39.199257736271));
#324 = CARTESIAN_POINT('',(4.206506484834,39.189709117403));
#325 = CARTESIAN_POINT('',(4.230907761244,39.185631304647));
#326 = CARTESIAN_POINT('',(4.255165052314,39.181659084685));
#327 = CARTESIAN_POINT('',(4.27929007126,39.17780147204));
#328 = CARTESIAN_POINT('',(4.303294237194,39.174066427177));
#329 = CARTESIAN_POINT('',(4.391099740193,39.160816944269));
#330 = CARTESIAN_POINT('',(4.454217671212,39.152100739863));
#331 = CARTESIAN_POINT('',(4.516772982185,39.144442715883));
#332 = CARTESIAN_POINT('',(4.578950820242,39.137932235324));
#333 = CARTESIAN_POINT('',(4.640931763202,39.132621258447));
#334 = CARTESIAN_POINT('',(4.788374410727,39.122888652493));
#335 = CARTESIAN_POINT('',(4.873787214347,39.11956892749));
#336 = CARTESIAN_POINT('',(4.959720781915,39.118614312952));
#337 = CARTESIAN_POINT('',(5.046633478973,39.119974296987));
#338 = CARTESIAN_POINT('',(5.134983005881,39.123460560803));
#339 = CARTESIAN_POINT('',(5.25760622291,39.130596781847));
#340 = CARTESIAN_POINT('',(5.290011802905,39.13269156456));
#341 = CARTESIAN_POINT('',(5.322707364573,39.134994599604));
#342 = CARTESIAN_POINT('',(5.355719211863,39.137486917336));
#343 = CARTESIAN_POINT('',(5.389073854923,39.14014614526));
#344 = CARTESIAN_POINT('',(5.465606075558,39.146500110095));
#345 = CARTESIAN_POINT('',(5.509006437645,39.150280473272));
#346 = CARTESIAN_POINT('',(5.553060985342,39.15423444973));
#347 = CARTESIAN_POINT('',(5.597818904001,39.158297375375));
#348 = CARTESIAN_POINT('',(5.64332021591,39.162393408013));
#349 = CARTESIAN_POINT('',(5.725028967839,39.169531466445));
#350 = CARTESIAN_POINT('',(5.760912345548,39.172595279605));
#351 = CARTESIAN_POINT('',(5.797259240214,39.17558903941));
#352 = CARTESIAN_POINT('',(5.834071405067,39.178469769798));
#353 = CARTESIAN_POINT('',(5.87133857163,39.181192671159));
#354 = CARTESIAN_POINT('',(5.969297161301,39.187743591384));
#355 = CARTESIAN_POINT('',(6.030703550918,39.191260700118));
#356 = CARTESIAN_POINT('',(6.093065219234,39.194078513334));
#357 = CARTESIAN_POINT('',(6.156154085818,39.196026877448));
#358 = CARTESIAN_POINT('',(6.219684516974,39.197));
#359 = CARTESIAN_POINT('',(6.28318530718,39.197));
#360 = ( GEOMETRIC_REPRESENTATION_CONTEXT(2) 
PARAMETRIC_REPRESENTATION_CONTEXT() REPRESENTATION_CONTEXT('2D SPACE',''
  ) );
#361 = ORIENTED_EDGE('',*,*,#362,.T.);
#362 = EDGE_CURVE('',#173,#363,#365,.T.);
#363 = VERTEX_POINT('',#364);
#364 = CARTESIAN_POINT('',(17.,-4.163799117101E-15,200.));
#365 = SEAM_CURVE('',#366,(#370,#377),.PCURVE_S1.);
#366 = LINE('',#367,#368);
#367 = CARTESIAN_POINT('',(11.,-2.694222958124E-15,0.));
#368 = VECTOR('',#369,1.);
#369 = DIRECTION('',(2.998650910567E-02,-7.344576478773E-18,
    0.999550303522));
#370 = PCURVE('',#129,#371);
#371 = DEFINITIONAL_REPRESENTATION('',(#372),#376);
#372 = LINE('',#373,#374);
#373 = CARTESIAN_POINT('',(0.,-0.));
#374 = VECTOR('',#375,1.);
#375 = DIRECTION('',(0.,1.));
#376 = ( GEOMETRIC_REPRESENTATION_CONTEXT(2) 
PARAMETRIC_REPRESENTATION_CONTEXT() REPRESENTATION_CONTEXT('2D SPACE',''
  ) );
#377 = PCURVE('',#129,#378);
#378 = DEFINITIONAL_REPRESENTATION('',(#379),#383);
#379 = LINE('',#380,#381);
#380 = CARTESIAN_POINT('',(6.28318530718,-0.));
#381 = VECTOR('',#382,1.);
#382 = DIRECTION('',(0.,1.));
#383 = ( GEOMETRIC_REPRESENTATION_CONTEXT(2) 
PARAMETRIC_REPRESENTATION_CONTEXT() REPRESENTATION_CONTEXT('2D SPACE',''
  ) );
#384 = ORIENTED_EDGE('',*,*,#385,.F.);
#385 = EDGE_CURVE('',#386,#363,#388,.T.);
#386 = VERTEX_POINT('',#387);
#387 = CARTESIAN_POINT('',(15.35,-7.305990692576,200.));
#388 = SURFACE_CURVE('',#389,(#394,#401),.PCURVE_S1.);
#389 = CIRCLE('',#390,17.);
#390 = AXIS2_PLACEMENT_3D('',#391,#392,#393);
#391 = CARTESIAN_POINT('',(0.,0.,200.));
#392 = DIRECTION('',(0.,0.,1.));
#393 = DIRECTION('',(1.,0.,-0.));
#394 = PCURVE('',#129,#395);
#395 = DEFINITIONAL_REPRESENTATION('',(#396),#400);
#396 = LINE('',#397,#398);
#397 = CARTESIAN_POINT('',(0.,200.));
#398 = VECTOR('',#399,1.);
#399 = DIRECTION('',(1.,0.));
#400 = ( GEOMETRIC_REPRESENTATION_CONTEXT(2) 
PARAMETRIC_REPRESENTATION_CONTEXT() REPRESENTATION_CONTEXT('2D SPACE',''
  ) );
#401 = PCURVE('',#402,#407);
#402 = PLANE('',#403);
#403 = AXIS2_PLACEMENT_3D('',#404,#405,#406);
#404 = CARTESIAN_POINT('',(0.,0.,200.));
#405 = DIRECTION('',(0.,0.,1.));
#406 = DIRECTION('',(1.,0.,-0.));
#407 = DEFINITIONAL_REPRESENTATION('',(#408),#412);
#408 = CIRCLE('',#409,17.);
#409 = AXIS2_PLACEMENT_2D('',#410,#411);
#410 = CARTESIAN_POINT('',(0.,0.));
#411 = DIRECTION('',(1.,0.));
#412 = ( GEOMETRIC_REPRESENTATION_CONTEXT(2) 
PARAMETRIC_REPRESENTATION_CONTEXT() REPRESENTATION_CONTEXT('2D SPACE',''
  ) );
#413 = ORIENTED_EDGE('',*,*,#414,.F.);
#414 = EDGE_CURVE('',#415,#386,#417,.T.);
#415 = VERTEX_POINT('',#416);
#416 = CARTESIAN_POINT('',(15.35,-5.052039192247,172.));
#417 = SURFACE_CURVE('',#418,(#423,#433),.PCURVE_S1.);
#418 = HYPERBOLA('',#419,511.66666666666,15.35);
#419 = AXIS2_PLACEMENT_3D('',#420,#421,#422);
#420 = CARTESIAN_POINT('',(15.35,0.,-366.6666666666));
#421 = DIRECTION('',(1.,0.,-0.));
#422 = DIRECTION('',(0.,0.,1.));
#423 = PCURVE('',#129,#424);
#424 = DEFINITIONAL_REPRESENTATION('',(#425),#432);
#425 = B_SPLINE_CURVE_WITH_KNOTS('',5,(#426,#427,#428,#429,#430,#431),
  .UNSPECIFIED.,.F.,.F.,(6,6),(0.300011511042,0.459607376488),
  .PIECEWISE_BEZIER_KNOTS.);
#426 = CARTESIAN_POINT('',(5.987575619429,168.2));
#427 = CARTESIAN_POINT('',(5.957040949922,173.1736149193));
#428 = CARTESIAN_POINT('',(5.92686119324,178.82840473513));
#429 = CARTESIAN_POINT('',(5.897090204131,185.17492809708));
#430 = CARTESIAN_POINT('',(5.867774874851,192.22662728316));
#431 = CARTESIAN_POINT('',(5.83895373915,200.));
#432 = ( GEOMETRIC_REPRESENTATION_CONTEXT(2) 
PARAMETRIC_REPRESENTATION_CONTEXT() REPRESENTATION_CONTEXT('2D SPACE',''
  ) );
#433 = PCURVE('',#434,#439);
#434 = PLANE('',#435);
#435 = AXIS2_PLACEMENT_3D('',#436,#437,#438);
#436 = CARTESIAN_POINT('',(15.35,-19.,172.));
#437 = DIRECTION('',(1.,0.,-0.));
#438 = DIRECTION('',(0.,0.,1.));
#439 = DEFINITIONAL_REPRESENTATION('',(#440),#444);
#440 = ( BOUNDED_CURVE() B_SPLINE_CURVE(2,(#441,#442,#443),
.UNSPECIFIED.,.F.,.F.) B_SPLINE_CURVE_WITH_KNOTS((3,3),(0.300011511042,
0.459607376488),.PIECEWISE_BEZIER_KNOTS.) CURVE() 
GEOMETRIC_REPRESENTATION_ITEM() RATIONAL_B_SPLINE_CURVE((1.,
1.003185544881,1.)) REPRESENTATION_ITEM('') );
#441 = CARTESIAN_POINT('',(-3.8,-14.32542878971));
#442 = CARTESIAN_POINT('',(8.607712233557,-13.04770207505));
#443 = CARTESIAN_POINT('',(28.,-11.69400930742));
#444 = ( GEOMETRIC_REPRESENTATION_CONTEXT(2) 
PARAMETRIC_REPRESENTATION_CONTEXT() REPRESENTATION_CONTEXT('2D SPACE',''
  ) );
#445 = ORIENTED_EDGE('',*,*,#446,.F.);
#446 = EDGE_CURVE('',#447,#415,#449,.T.);
#447 = VERTEX_POINT('',#448);
#448 = CARTESIAN_POINT('',(-15.35,-5.052039192247,172.));
#449 = SURFACE_CURVE('',#450,(#455,#462),.PCURVE_S1.);
#450 = CIRCLE('',#451,16.16);
#451 = AXIS2_PLACEMENT_3D('',#452,#453,#454);
#452 = CARTESIAN_POINT('',(0.,0.,172.));
#453 = DIRECTION('',(0.,0.,1.));
#454 = DIRECTION('',(1.,0.,-0.));
#455 = PCURVE('',#129,#456);
#456 = DEFINITIONAL_REPRESENTATION('',(#457),#461);
#457 = LINE('',#458,#459);
#458 = CARTESIAN_POINT('',(0.,172.));
#459 = VECTOR('',#460,1.);
#460 = DIRECTION('',(1.,0.));
#461 = ( GEOMETRIC_REPRESENTATION_CONTEXT(2) 
PARAMETRIC_REPRESENTATION_CONTEXT() REPRESENTATION_CONTEXT('2D SPACE',''
  ) );
#462 = PCURVE('',#463,#468);
#463 = PLANE('',#464);
#464 = AXIS2_PLACEMENT_3D('',#465,#466,#467);
#465 = CARTESIAN_POINT('',(-15.35,-19.,172.));
#466 = DIRECTION('',(0.,0.,1.));
#467 = DIRECTION('',(1.,0.,-0.));
#468 = DEFINITIONAL_REPRESENTATION('',(#469),#473);
#469 = CIRCLE('',#470,16.16);
#470 = AXIS2_PLACEMENT_2D('',#471,#472);
#471 = CARTESIAN_POINT('',(15.35,19.));
#472 = DIRECTION('',(1.,0.));
#473 = ( GEOMETRIC_REPRESENTATION_CONTEXT(2) 
PARAMETRIC_REPRESENTATION_CONTEXT() REPRESENTATION_CONTEXT('2D SPACE',''
  ) );
#474 = ORIENTED_EDGE('',*,*,#475,.T.);
#475 = EDGE_CURVE('',#447,#476,#478,.T.);
#476 = VERTEX_POINT('',#477);
#477 = CARTESIAN_POINT('',(-15.35,-7.305990692576,200.));
#478 = SURFACE_CURVE('',#479,(#484,#494),.PCURVE_S1.);
#479 = HYPERBOLA('',#480,511.66666666666,15.35);
#480 = AXIS2_PLACEMENT_3D('',#481,#482,#483);
#481 = CARTESIAN_POINT('',(-15.35,0.,-366.6666666666));
#482 = DIRECTION('',(1.,0.,-0.));
#483 = DIRECTION('',(0.,0.,1.));
#484 = PCURVE('',#129,#485);
#485 = DEFINITIONAL_REPRESENTATION('',(#486),#493);
#486 = B_SPLINE_CURVE_WITH_KNOTS('',5,(#487,#488,#489,#490,#491,#492),
  .UNSPECIFIED.,.F.,.F.,(6,6),(0.300011511042,0.459607376488),
  .PIECEWISE_BEZIER_KNOTS.);
#487 = CARTESIAN_POINT('',(3.43720234134,168.2));
#488 = CARTESIAN_POINT('',(3.467737010848,173.1736149193));
#489 = CARTESIAN_POINT('',(3.49791676753,178.82840473513));
#490 = CARTESIAN_POINT('',(3.527687756639,185.17492809708));
#491 = CARTESIAN_POINT('',(3.557003085918,192.22662728316));
#492 = CARTESIAN_POINT('',(3.585824221619,200.));
#493 = ( GEOMETRIC_REPRESENTATION_CONTEXT(2) 
PARAMETRIC_REPRESENTATION_CONTEXT() REPRESENTATION_CONTEXT('2D SPACE',''
  ) );
#494 = PCURVE('',#495,#500);
#495 = PLANE('',#496);
#496 = AXIS2_PLACEMENT_3D('',#497,#498,#499);
#497 = CARTESIAN_POINT('',(-15.35,-19.,172.));
#498 = DIRECTION('',(1.,0.,-0.));
#499 = DIRECTION('',(0.,0.,1.));
#500 = DEFINITIONAL_REPRESENTATION('',(#501),#505);
#501 = ( BOUNDED_CURVE() B_SPLINE_CURVE(2,(#502,#503,#504),
.UNSPECIFIED.,.F.,.F.) B_SPLINE_CURVE_WITH_KNOTS((3,3),(0.300011511042,
0.459607376488),.PIECEWISE_BEZIER_KNOTS.) CURVE() 
GEOMETRIC_REPRESENTATION_ITEM() RATIONAL_B_SPLINE_CURVE((1.,
1.003185544881,1.)) REPRESENTATION_ITEM('') );
#502 = CARTESIAN_POINT('',(-3.8,-14.32542878971));
#503 = CARTESIAN_POINT('',(8.607712233557,-13.04770207505));
#504 = CARTESIAN_POINT('',(28.,-11.69400930742));
#505 = ( GEOMETRIC_REPRESENTATION_CONTEXT(2) 
PARAMETRIC_REPRESENTATION_CONTEXT() REPRESENTATION_CONTEXT('2D SPACE',''
  ) );
#506 = ORIENTED_EDGE('',*,*,#507,.F.);
#507 = EDGE_CURVE('',#508,#476,#510,.T.);
#508 = VERTEX_POINT('',#509);
#509 = CARTESIAN_POINT('',(-15.35,7.305990692576,200.));
#510 = SURFACE_CURVE('',#511,(#516,#523),.PCURVE_S1.);
#511 = CIRCLE('',#512,17.);
#512 = AXIS2_PLACEMENT_3D('',#513,#514,#515);
#513 = CARTESIAN_POINT('',(0.,0.,200.));
#514 = DIRECTION('',(0.,0.,1.));
#515 = DIRECTION('',(1.,0.,-0.));
#516 = PCURVE('',#129,#517);
#517 = DEFINITIONAL_REPRESENTATION('',(#518),#522);
#518 = LINE('',#519,#520);
#519 = CARTESIAN_POINT('',(0.,200.));
#520 = VECTOR('',#521,1.);
#521 = DIRECTION('',(1.,0.));
#522 = ( GEOMETRIC_REPRESENTATION_CONTEXT(2) 
PARAMETRIC_REPRESENTATION_CONTEXT() REPRESENTATION_CONTEXT('2D SPACE',''
  ) );
#523 = PCURVE('',#524,#529);
#524 = PLANE('',#525);
#525 = AXIS2_PLACEMENT_3D('',#526,#527,#528);
#526 = CARTESIAN_POINT('',(0.,0.,200.));
#527 = DIRECTION('',(0.,0.,1.));
#528 = DIRECTION('',(1.,0.,-0.));
#529 = DEFINITIONAL_REPRESENTATION('',(#530),#534);
#530 = CIRCLE('',#531,17.);
#531 = AXIS2_PLACEMENT_2D('',#532,#533);
#532 = CARTESIAN_POINT('',(0.,0.));
#533 = DIRECTION('',(1.,0.));
#534 = ( GEOMETRIC_REPRESENTATION_CONTEXT(2) 
PARAMETRIC_REPRESENTATION_CONTEXT() REPRESENTATION_CONTEXT('2D SPACE',''
  ) );
#535 = ORIENTED_EDGE('',*,*,#536,.T.);
#536 = EDGE_CURVE('',#508,#537,#539,.T.);
#537 = VERTEX_POINT('',#538);
#538 = CARTESIAN_POINT('',(-15.35,5.052039192247,172.));
#539 = SURFACE_CURVE('',#540,(#545,#555),.PCURVE_S1.);
#540 = HYPERBOLA('',#541,511.66666666666,15.35);
#541 = AXIS2_PLACEMENT_3D('',#542,#543,#544);
#542 = CARTESIAN_POINT('',(-15.35,0.,-366.6666666666));
#543 = DIRECTION('',(1.,0.,-0.));
#544 = DIRECTION('',(0.,0.,1.));
#545 = PCURVE('',#129,#546);
#546 = DEFINITIONAL_REPRESENTATION('',(#547),#554);
#547 = B_SPLINE_CURVE_WITH_KNOTS('',5,(#548,#549,#550,#551,#552,#553),
  .UNSPECIFIED.,.F.,.F.,(6,6),(-0.459607376488,-0.300011511042),
  .PIECEWISE_BEZIER_KNOTS.);
#548 = CARTESIAN_POINT('',(2.69736108556,200.));
#549 = CARTESIAN_POINT('',(2.726182221262,192.22662728316));
#550 = CARTESIAN_POINT('',(2.755497550541,185.17492809708));
#551 = CARTESIAN_POINT('',(2.78526853965,178.82840473513));
#552 = CARTESIAN_POINT('',(2.815448296332,173.1736149193));
#553 = CARTESIAN_POINT('',(2.84598296584,168.2));
#554 = ( GEOMETRIC_REPRESENTATION_CONTEXT(2) 
PARAMETRIC_REPRESENTATION_CONTEXT() REPRESENTATION_CONTEXT('2D SPACE',''
  ) );
#555 = PCURVE('',#495,#556);
#556 = DEFINITIONAL_REPRESENTATION('',(#557),#561);
#557 = ( BOUNDED_CURVE() B_SPLINE_CURVE(2,(#558,#559,#560),
.UNSPECIFIED.,.F.,.F.) B_SPLINE_CURVE_WITH_KNOTS((3,3),(-0.459607376488,
-0.300011511042),.PIECEWISE_BEZIER_KNOTS.) CURVE() 
GEOMETRIC_REPRESENTATION_ITEM() RATIONAL_B_SPLINE_CURVE((1.,
1.003185544881,1.)) REPRESENTATION_ITEM('') );
#558 = CARTESIAN_POINT('',(28.,-26.30599069257));
#559 = CARTESIAN_POINT('',(8.607712233557,-24.95229792494));
#560 = CARTESIAN_POINT('',(-3.8,-23.67457121028));
#561 = ( GEOMETRIC_REPRESENTATION_CONTEXT(2) 
PARAMETRIC_REPRESENTATION_CONTEXT() REPRESENTATION_CONTEXT('2D SPACE',''
  ) );
#562 = ORIENTED_EDGE('',*,*,#563,.F.);
#563 = EDGE_CURVE('',#564,#537,#566,.T.);
#564 = VERTEX_POINT('',#565);
#565 = CARTESIAN_POINT('',(15.35,5.052039192247,172.));
#566 = SURFACE_CURVE('',#567,(#572,#579),.PCURVE_S1.);
#567 = CIRCLE('',#568,16.16);
#568 = AXIS2_PLACEMENT_3D('',#569,#570,#571);
#569 = CARTESIAN_POINT('',(0.,0.,172.));
#570 = DIRECTION('',(0.,0.,1.));
#571 = DIRECTION('',(1.,0.,-0.));
#572 = PCURVE('',#129,#573);
#573 = DEFINITIONAL_REPRESENTATION('',(#574),#578);
#574 = LINE('',#575,#576);
#575 = CARTESIAN_POINT('',(0.,172.));
#576 = VECTOR('',#577,1.);
#577 = DIRECTION('',(1.,0.));
#578 = ( GEOMETRIC_REPRESENTATION_CONTEXT(2) 
PARAMETRIC_REPRESENTATION_CONTEXT() REPRESENTATION_CONTEXT('2D SPACE',''
  ) );
#579 = PCURVE('',#580,#585);
#580 = PLANE('',#581);
#581 = AXIS2_PLACEMENT_3D('',#582,#583,#584);
#582 = CARTESIAN_POINT('',(-15.35,-19.,172.));
#583 = DIRECTION('',(0.,0.,1.));
#584 = DIRECTION('',(1.,0.,-0.));
#585 = DEFINITIONAL_REPRESENTATION('',(#586),#590);
#586 = CIRCLE('',#587,16.16);
#587 = AXIS2_PLACEMENT_2D('',#588,#589);
#588 = CARTESIAN_POINT('',(15.35,19.));
#589 = DIRECTION('',(1.,0.));
#590 = ( GEOMETRIC_REPRESENTATION_CONTEXT(2) 
PARAMETRIC_REPRESENTATION_CONTEXT() REPRESENTATION_CONTEXT('2D SPACE',''
  ) );
#591 = ORIENTED_EDGE('',*,*,#592,.F.);
#592 = EDGE_CURVE('',#593,#564,#595,.T.);
#593 = VERTEX_POINT('',#594);
#594 = CARTESIAN_POINT('',(15.35,7.305990692576,200.));
#595 = SURFACE_CURVE('',#596,(#601,#611),.PCURVE_S1.);
#596 = HYPERBOLA('',#597,511.66666666666,15.35);
#597 = AXIS2_PLACEMENT_3D('',#598,#599,#600);
#598 = CARTESIAN_POINT('',(15.35,0.,-366.6666666666));
#599 = DIRECTION('',(1.,0.,-0.));
#600 = DIRECTION('',(0.,0.,1.));
#601 = PCURVE('',#129,#602);
#602 = DEFINITIONAL_REPRESENTATION('',(#603),#610);
#603 = B_SPLINE_CURVE_WITH_KNOTS('',5,(#604,#605,#606,#607,#608,#609),
  .UNSPECIFIED.,.F.,.F.,(6,6),(-0.459607376488,-0.300011511042),
  .PIECEWISE_BEZIER_KNOTS.);
#604 = CARTESIAN_POINT('',(0.444231568029,200.));
#605 = CARTESIAN_POINT('',(0.415410432328,192.22662728316));
#606 = CARTESIAN_POINT('',(0.386095103049,185.17492809708));
#607 = CARTESIAN_POINT('',(0.35632411394,178.82840473513));
#608 = CARTESIAN_POINT('',(0.326144357258,173.1736149193));
#609 = CARTESIAN_POINT('',(0.29560968775,168.2));
#610 = ( GEOMETRIC_REPRESENTATION_CONTEXT(2) 
PARAMETRIC_REPRESENTATION_CONTEXT() REPRESENTATION_CONTEXT('2D SPACE',''
  ) );
#611 = PCURVE('',#434,#612);
#612 = DEFINITIONAL_REPRESENTATION('',(#613),#617);
#613 = ( BOUNDED_CURVE() B_SPLINE_CURVE(2,(#614,#615,#616),
.UNSPECIFIED.,.F.,.F.) B_SPLINE_CURVE_WITH_KNOTS((3,3),(-0.459607376488,
-0.300011511042),.PIECEWISE_BEZIER_KNOTS.) CURVE() 
GEOMETRIC_REPRESENTATION_ITEM() RATIONAL_B_SPLINE_CURVE((1.,
1.003185544881,1.)) REPRESENTATION_ITEM('') );
#614 = CARTESIAN_POINT('',(28.,-26.30599069257));
#615 = CARTESIAN_POINT('',(8.607712233557,-24.95229792494));
#616 = CARTESIAN_POINT('',(-3.8,-23.67457121028));
#617 = ( GEOMETRIC_REPRESENTATION_CONTEXT(2) 
PARAMETRIC_REPRESENTATION_CONTEXT() REPRESENTATION_CONTEXT('2D SPACE',''
  ) );
#618 = ORIENTED_EDGE('',*,*,#619,.F.);
#619 = EDGE_CURVE('',#363,#593,#620,.T.);
#620 = SURFACE_CURVE('',#621,(#626,#633),.PCURVE_S1.);
#621 = CIRCLE('',#622,17.);
#622 = AXIS2_PLACEMENT_3D('',#623,#624,#625);
#623 = CARTESIAN_POINT('',(0.,0.,200.));
#624 = DIRECTION('',(0.,0.,1.));
#625 = DIRECTION('',(1.,0.,-0.));
#626 = PCURVE('',#129,#627);
#627 = DEFINITIONAL_REPRESENTATION('',(#628),#632);
#628 = LINE('',#629,#630);
#629 = CARTESIAN_POINT('',(0.,200.));
#630 = VECTOR('',#631,1.);
#631 = DIRECTION('',(1.,0.));
#632 = ( GEOMETRIC_REPRESENTATION_CONTEXT(2) 
PARAMETRIC_REPRESENTATION_CONTEXT() REPRESENTATION_CONTEXT('2D SPACE',''
  ) );
#633 = PCURVE('',#402,#634);
#634 = DEFINITIONAL_REPRESENTATION('',(#635),#639);
#635 = CIRCLE('',#636,17.);
#636 = AXIS2_PLACEMENT_2D('',#637,#638);
#637 = CARTESIAN_POINT('',(0.,0.));
#638 = DIRECTION('',(1.,0.));
#639 = ( GEOMETRIC_REPRESENTATION_CONTEXT(2) 
PARAMETRIC_REPRESENTATION_CONTEXT() REPRESENTATION_CONTEXT('2D SPACE',''
  ) );
#640 = ORIENTED_EDGE('',*,*,#362,.F.);
#641 = ORIENTED_EDGE('',*,*,#642,.F.);
#642 = EDGE_CURVE('',#150,#173,#643,.T.);
#643 = SURFACE_CURVE('',#644,(#702,#763),.PCURVE_S1.);
#644 = B_SPLINE_CURVE_WITH_KNOTS('',6,(#645,#646,#647,#648,#649,#650,
    #651,#652,#653,#654,#655,#656,#657,#658,#659,#660,#661,#662,#663,
    #664,#665,#666,#667,#668,#669,#670,#671,#672,#673,#674,#675,#676,
    #677,#678,#679,#680,#681,#682,#683,#684,#685,#686,#687,#688,#689,
    #690,#691,#692,#693,#694,#695,#696,#697,#698,#699,#700,#701),
  .UNSPECIFIED.,.F.,.F.,(7,5,5,5,5,5,5,5,5,5,5,7),(0.,0.102235475873,
    0.166919393963,0.250304280409,0.315839593948,0.502419568777,
    0.637399647032,0.68787321467,0.753404903718,0.835768045775,
    0.899506592202,1.),.UNSPECIFIED.);
#645 = CARTESIAN_POINT('',(16.697,-5.143516556419E-16,189.9));
#646 = CARTESIAN_POINT('',(16.697,0.132775469054,189.9));
#647 = CARTESIAN_POINT('',(16.696035265338,0.265605724606,
    189.91007421257));
#648 = CARTESIAN_POINT('',(16.694103924321,0.396561982114,
    189.93023604208));
#649 = CARTESIAN_POINT('',(16.691309794211,0.524103845474,189.9598957508
    ));
#650 = CARTESIAN_POINT('',(16.68782012456,0.647025225816,189.99818937166
    ));
#651 = CARTESIAN_POINT('',(16.68128760021,0.83870036772,190.07310055038)
  );
#652 = CARTESIAN_POINT('',(16.67855015048,0.910803180426,190.10518207825
    ));
#653 = CARTESIAN_POINT('',(16.675651704823,0.98054485452,190.14007421817
    ));
#654 = CARTESIAN_POINT('',(16.672638037079,1.047802281389,
    190.17753149431));
#655 = CARTESIAN_POINT('',(16.669553065601,1.112502716441,
    190.21731905166));
#656 = CARTESIAN_POINT('',(16.662418255149,1.254674375913,
    190.31325133544));
#657 = CARTESIAN_POINT('',(16.658347716753,1.330421770964,190.3707938486
    ));
#658 = CARTESIAN_POINT('',(16.654309353693,1.401790141889,
    190.43140999064));
#659 = CARTESIAN_POINT('',(16.650377690048,1.468780597949,
    190.49469970438));
#660 = CARTESIAN_POINT('',(16.64661633985,1.531438488263,190.56031777105
    ));
#661 = CARTESIAN_POINT('',(16.640295873403,1.635729269921,
    190.68116551547));
#662 = CARTESIAN_POINT('',(16.63765199677,1.678988490497,190.7356083883)
  );
#663 = CARTESIAN_POINT('',(16.635171246586,1.719644108064,190.7911736758
    ));
#664 = CARTESIAN_POINT('',(16.632875539106,1.757730758329,
    190.84773655757));
#665 = CARTESIAN_POINT('',(16.630783491038,1.79328408,190.90518640297));
#666 = CARTESIAN_POINT('',(16.623579064517,1.920448767136,
    191.12923800834));
#667 = CARTESIAN_POINT('',(16.620028155566,1.994258005151,
    191.30136116949));
#668 = CARTESIAN_POINT('',(16.618610887155,2.048707049334,
    191.47771942371));
#669 = CARTESIAN_POINT('',(16.619519155137,2.084270411558,
    191.65662191262));
#670 = CARTESIAN_POINT('',(16.622805128719,2.101355006272,
    191.83662959644));
#671 = CARTESIAN_POINT('',(16.63249200331,2.09890697916,192.14675718546)
  );
#672 = CARTESIAN_POINT('',(16.637778260777,2.088195083659,
    192.27684637151));
#673 = CARTESIAN_POINT('',(16.644265078436,2.067807248617,
    192.40636666663));
#674 = CARTESIAN_POINT('',(16.651900898294,2.03765292313,192.53479255155
    ));
#675 = CARTESIAN_POINT('',(16.660596803216,1.997589177062,
    192.66154831043));
#676 = CARTESIAN_POINT('',(16.673822343455,1.928580316976,
    192.83252390228));
#677 = CARTESIAN_POINT('',(16.677551700825,1.90837850349,192.87873124284
    ));
#678 = CARTESIAN_POINT('',(16.681404034474,1.886744019423,
    192.92457775836));
#679 = CARTESIAN_POINT('',(16.685371409884,1.8636632485,192.97002534476)
  );
#680 = CARTESIAN_POINT('',(16.689444840189,1.839121453928,
    193.01503277835));
#681 = CARTESIAN_POINT('',(16.699027631209,1.779321775128,
    193.11736148288));
#682 = CARTESIAN_POINT('',(16.704602667506,1.743052051639,
    193.17434914574));
#683 = CARTESIAN_POINT('',(16.710317448482,1.704258174944,
    193.23042284698));
#684 = CARTESIAN_POINT('',(16.716146288336,1.662904415761,
    193.28547227472));
#685 = CARTESIAN_POINT('',(16.722059438494,1.618955905577,
    193.33937267032));
#686 = CARTESIAN_POINT('',(16.735517736944,1.513840864298,
    193.45811014691));
#687 = CARTESIAN_POINT('',(16.743091221571,1.451156469217,
    193.52219442632));
#688 = CARTESIAN_POINT('',(16.750676406109,1.384257963015,
    193.58396730926));
#689 = CARTESIAN_POINT('',(16.758191860564,1.313101063642,193.6430948733
    ));
#690 = CARTESIAN_POINT('',(16.765542841014,1.237684585952,
    193.69918966161));
#691 = CARTESIAN_POINT('',(16.778101417779,1.096457021669,
    193.79255040814));
#692 = CARTESIAN_POINT('',(16.783417380049,1.032334989858,
    193.83120246883));
#693 = CARTESIAN_POINT('',(16.788520987966,0.965737612473,
    193.86757501719));
#694 = CARTESIAN_POINT('',(16.793357165444,0.896735474635,
    193.90144190406));
#695 = CARTESIAN_POINT('',(16.797868569955,0.825448098211,
    193.93256672459));
#696 = CARTESIAN_POINT('',(16.808511011204,0.636344444143,
    194.00509973442));
#697 = CARTESIAN_POINT('',(16.814080752431,0.515316940982,
    194.04212140955));
#698 = CARTESIAN_POINT('',(16.818476591483,0.38983986228,194.07078647835
    ));
#699 = CARTESIAN_POINT('',(16.821493134164,0.261074063512,
    194.09026706685));
#700 = CARTESIAN_POINT('',(16.823,0.130507311756,194.1));
#701 = CARTESIAN_POINT('',(16.823,0.,194.1));
#702 = PCURVE('',#129,#703);
#703 = DEFINITIONAL_REPRESENTATION('',(#704),#762);
#704 = B_SPLINE_CURVE_WITH_KNOTS('',6,(#705,#706,#707,#708,#709,#710,
    #711,#712,#713,#714,#715,#716,#717,#718,#719,#720,#721,#722,#723,
    #724,#725,#726,#727,#728,#729,#730,#731,#732,#733,#734,#735,#736,
    #737,#738,#739,#740,#741,#742,#743,#744,#745,#746,#747,#748,#749,
    #750,#751,#752,#753,#754,#755,#756,#757,#758,#759,#760,#761),
  .UNSPECIFIED.,.F.,.F.,(7,5,5,5,5,5,5,5,5,5,5,7),(0.,0.102235475873,
    0.166919393963,0.250304280409,0.315839593948,0.502419568777,
    0.637399647032,0.68787321467,0.753404903718,0.835768045775,
    0.899506592202,1.),.UNSPECIFIED.);
#705 = CARTESIAN_POINT('',(0.,189.9));
#706 = CARTESIAN_POINT('',(7.95205540243E-03,189.9));
#707 = CARTESIAN_POINT('',(1.59073921482E-02,189.91007421257));
#708 = CARTESIAN_POINT('',(2.375074984229E-02,189.93023604208));
#709 = CARTESIAN_POINT('',(3.13901355161E-02,189.9598957508));
#710 = CARTESIAN_POINT('',(3.875335595761E-02,189.99818937166));
#711 = CARTESIAN_POINT('',(5.023587564997E-02,190.07310055038));
#712 = CARTESIAN_POINT('',(5.455548809914E-02,190.10518207825));
#713 = CARTESIAN_POINT('',(5.873383873268E-02,190.14007421817));
#714 = CARTESIAN_POINT('',(6.276350056612E-02,190.17753149431));
#715 = CARTESIAN_POINT('',(6.664004624645E-02,190.21731905166));
#716 = CARTESIAN_POINT('',(7.515832376814E-02,190.31325133544));
#717 = CARTESIAN_POINT('',(7.969677812853E-02,190.3707938486));
#718 = CARTESIAN_POINT('',(8.397270932603E-02,190.43140999064));
#719 = CARTESIAN_POINT('',(8.798599547418E-02,190.49469970438));
#720 = CARTESIAN_POINT('',(9.173916677226E-02,190.56031777105));
#721 = CARTESIAN_POINT('',(9.798476839451E-02,190.68116551547));
#722 = CARTESIAN_POINT('',(0.100574904998,190.7356083883));
#723 = CARTESIAN_POINT('',(0.103008538566,190.7911736758));
#724 = CARTESIAN_POINT('',(0.105287672328,190.84773655757));
#725 = CARTESIAN_POINT('',(0.107414380469,190.90518640297));
#726 = CARTESIAN_POINT('',(0.115017456785,191.12923800834));
#727 = CARTESIAN_POINT('',(0.119422322802,191.30136116949));
#728 = CARTESIAN_POINT('',(0.122660537429,191.47771942372));
#729 = CARTESIAN_POINT('',(0.124760295632,191.65662191262));
#730 = CARTESIAN_POINT('',(0.125746940268,191.83662959644));
#731 = CARTESIAN_POINT('',(0.125529619019,192.14675718546));
#732 = CARTESIAN_POINT('',(0.124856073919,192.27684637151));
#733 = CARTESIAN_POINT('',(0.123601458758,192.40636666663));
#734 = CARTESIAN_POINT('',(0.121761404624,192.53479255155));
#735 = CARTESIAN_POINT('',(0.119328708441,192.66154831043));
#736 = CARTESIAN_POINT('',(0.115153359471,192.83252390228));
#737 = CARTESIAN_POINT('',(0.113932268551,192.87873124284));
#738 = CARTESIAN_POINT('',(0.112625796103,192.92457775836));
#739 = CARTESIAN_POINT('',(0.11123321388,192.97002534476));
#740 = CARTESIAN_POINT('',(0.109753730307,193.01503277835));
#741 = CARTESIAN_POINT('',(0.10615168537,193.11736148289));
#742 = CARTESIAN_POINT('',(0.103969000898,193.17434914574));
#743 = CARTESIAN_POINT('',(0.101636520247,193.23042284698));
#744 = CARTESIAN_POINT('',(9.915231854307E-02,193.28547227472));
#745 = CARTESIAN_POINT('',(9.6514523643E-02,193.33937267032));
#746 = CARTESIAN_POINT('',(9.021082586357E-02,193.45811014691));
#747 = CARTESIAN_POINT('',(8.645518702326E-02,193.52219442632));
#748 = CARTESIAN_POINT('',(8.245075943027E-02,193.58396730926));
#749 = CARTESIAN_POINT('',(7.819529030262E-02,193.6430948733));
#750 = CARTESIAN_POINT('',(7.368903216846E-02,193.69918966161));
#751 = CARTESIAN_POINT('',(6.525740571655E-02,193.79255040814));
#752 = CARTESIAN_POINT('',(6.143138856893E-02,193.83120246883));
#753 = CARTESIAN_POINT('',(5.74598993457E-02,193.86757501719));
#754 = CARTESIAN_POINT('',(5.334719051655E-02,193.90144190406));
#755 = CARTESIAN_POINT('',(4.910036183944E-02,193.93256672459));
#756 = CARTESIAN_POINT('',(3.78397401176E-02,194.00509973442));
#757 = CARTESIAN_POINT('',(3.06374828331E-02,194.04212140955));
#758 = CARTESIAN_POINT('',(2.317447526322E-02,194.07078647835));
#759 = CARTESIAN_POINT('',(1.55188766386E-02,194.09026706685));
#760 = CARTESIAN_POINT('',(7.75767174441E-03,194.1));
#761 = CARTESIAN_POINT('',(0.,194.1));
#762 = ( GEOMETRIC_REPRESENTATION_CONTEXT(2) 
PARAMETRIC_REPRESENTATION_CONTEXT() REPRESENTATION_CONTEXT('2D SPACE',''
  ) );
#763 = PCURVE('',#296,#764);
#764 = DEFINITIONAL_REPRESENTATION('',(#765),#823);
#765 = B_SPLINE_CURVE_WITH_KNOTS('',6,(#766,#767,#768,#769,#770,#771,
    #772,#773,#774,#775,#776,#777,#778,#779,#780,#781,#782,#783,#784,
    #785,#786,#787,#788,#789,#790,#791,#792,#793,#794,#795,#796,#797,
    #798,#799,#800,#801,#802,#803,#804,#805,#806,#807,#808,#809,#810,
    #811,#812,#813,#814,#815,#816,#817,#818,#819,#820,#821,#822),
  .UNSPECIFIED.,.F.,.F.,(7,5,5,5,5,5,5,5,5,5,5,7),(0.,0.102235475873,
    0.166919393963,0.250304280409,0.315839593948,0.502419568777,
    0.637399647032,0.68787321467,0.753404903718,0.835768045775,
    0.899506592202,1.),.UNSPECIFIED.);
#766 = CARTESIAN_POINT('',(0.,39.197));
#767 = CARTESIAN_POINT('',(6.322641383542E-02,39.197));
#768 = CARTESIAN_POINT('',(0.126478766809,39.196035265338));
#769 = CARTESIAN_POINT('',(0.189294602684,39.194103924321));
#770 = CARTESIAN_POINT('',(0.251393352276,39.191309794211));
#771 = CARTESIAN_POINT('',(0.312549183657,39.18782012456));
#772 = CARTESIAN_POINT('',(0.410546181069,39.18128760021));
#773 = CARTESIAN_POINT('',(0.448086201497,39.17855015048));
#774 = CARTESIAN_POINT('',(0.485165072523,39.175651704823));
#775 = CARTESIAN_POINT('',(0.521772129698,39.172638037079));
#776 = CARTESIAN_POINT('',(0.557909095625,39.169553065601));
#777 = CARTESIAN_POINT('',(0.639580668193,39.162418255149));
#778 = CARTESIAN_POINT('',(0.684807149329,39.158347716753));
#779 = CARTESIAN_POINT('',(0.72929911226,39.154309353693));
#780 = CARTESIAN_POINT('',(0.77309578341,39.150377690048));
#781 = CARTESIAN_POINT('',(0.816245388389,39.14661633985));
#782 = CARTESIAN_POINT('',(0.892258193838,39.140295873403));
#783 = CARTESIAN_POINT('',(0.925343792037,39.13765199677));
#784 = CARTESIAN_POINT('',(0.958091368241,39.135171246586));
#785 = CARTESIAN_POINT('',(0.990526763123,39.132875539106));
#786 = CARTESIAN_POINT('',(1.022675634612,39.130783491038));
#787 = CARTESIAN_POINT('',(1.145353595054,39.123579064517));
#788 = CARTESIAN_POINT('',(1.233985761535,39.120028155566));
#789 = CARTESIAN_POINT('',(1.321162879725,39.118610887155));
#790 = CARTESIAN_POINT('',(1.407346294749,39.119519155137));
#791 = CARTESIAN_POINT('',(1.492998308942,39.122805128719));
#792 = CARTESIAN_POINT('',(1.640682714068,39.13249200331));
#793 = CARTESIAN_POINT('',(1.702668370424,39.137778260777));
#794 = CARTESIAN_POINT('',(1.764847817058,39.144265078436));
#795 = CARTESIAN_POINT('',(1.827401615353,39.151900898294));
#796 = CARTESIAN_POINT('',(1.890514870573,39.160596803216));
#797 = CARTESIAN_POINT('',(1.978313438967,39.173822343455));
#798 = CARTESIAN_POINT('',(2.002318239916,39.177551700825));
#799 = CARTESIAN_POINT('',(2.026443469781,39.181404034474));
#800 = CARTESIAN_POINT('',(2.050700548029,39.185371409884));
#801 = CARTESIAN_POINT('',(2.075101188948,39.189444840189));
#802 = CARTESIAN_POINT('',(2.131539635655,39.199027631209));
#803 = CARTESIAN_POINT('',(2.163683459009,39.204602667506));
#804 = CARTESIAN_POINT('',(2.196116329838,39.210317448482));
#805 = CARTESIAN_POINT('',(2.228864566876,39.216146288336));
#806 = CARTESIAN_POINT('',(2.261954718845,39.222059438494));
#807 = CARTESIAN_POINT('',(2.337469220541,39.235517736944));
#808 = CARTESIAN_POINT('',(2.380104331423,39.243091221571));
#809 = CARTESIAN_POINT('',(2.423379103076,39.250676406109));
#810 = CARTESIAN_POINT('',(2.467341416049,39.258191860564));
#811 = CARTESIAN_POINT('',(2.512030199622,39.265542841014));
#812 = CARTESIAN_POINT('',(2.592647790116,39.278101417779));
#813 = CARTESIAN_POINT('',(2.628269654533,39.283417380049));
#814 = CARTESIAN_POINT('',(2.664354227064,39.288520987966));
#815 = CARTESIAN_POINT('',(2.70090314232,39.293357165444));
#816 = CARTESIAN_POINT('',(2.737905788843,39.297868569955));
#817 = CARTESIAN_POINT('',(2.83435197124,39.308511011204));
#818 = CARTESIAN_POINT('',(2.894474957238,39.314080752431));
#819 = CARTESIAN_POINT('',(2.955522044155,39.318476591483));
#820 = CARTESIAN_POINT('',(3.017271804256,39.321493134164));
#821 = CARTESIAN_POINT('',(3.079446314658,39.323));
#822 = CARTESIAN_POINT('',(3.14159265359,39.323));
#823 = ( GEOMETRIC_REPRESENTATION_CONTEXT(2) 
PARAMETRIC_REPRESENTATION_CONTEXT() REPRESENTATION_CONTEXT('2D SPACE',''
  ) );
#824 = ORIENTED_EDGE('',*,*,#149,.F.);
#825 = FACE_BOUND('',#826,.T.);
#826 = EDGE_LOOP('',(#827));
#827 = ORIENTED_EDGE('',*,*,#828,.T.);
#828 = EDGE_CURVE('',#829,#829,#831,.T.);
#829 = VERTEX_POINT('',#830);
#830 = CARTESIAN_POINT('',(-16.697,-5.143516556419E-16,189.9));
#831 = SURFACE_CURVE('',#832,(#960,#1091),.PCURVE_S1.);
#832 = B_SPLINE_CURVE_WITH_KNOTS('',6,(#833,#834,#835,#836,#837,#838,
    #839,#840,#841,#842,#843,#844,#845,#846,#847,#848,#849,#850,#851,
    #852,#853,#854,#855,#856,#857,#858,#859,#860,#861,#862,#863,#864,
    #865,#866,#867,#868,#869,#870,#871,#872,#873,#874,#875,#876,#877,
    #878,#879,#880,#881,#882,#883,#884,#885,#886,#887,#888,#889,#890,
    #891,#892,#893,#894,#895,#896,#897,#898,#899,#900,#901,#902,#903,
    #904,#905,#906,#907,#908,#909,#910,#911,#912,#913,#914,#915,#916,
    #917,#918,#919,#920,#921,#922,#923,#924,#925,#926,#927,#928,#929,
    #930,#931,#932,#933,#934,#935,#936,#937,#938,#939,#940,#941,#942,
    #943,#944,#945,#946,#947,#948,#949,#950,#951,#952,#953,#954,#955,
    #956,#957,#958,#959),.UNSPECIFIED.,.T.,.F.,(7,5,5,5,5,5,5,5,5,5,5,5,
    5,5,5,5,5,5,5,5,5,5,5,5,5,7),(0.,5.111589047719E-02,
    8.345668064276E-02,0.125147617048,0.157914089554,0.251200705351,
    0.318688305303,0.343924177033,0.376688837358,0.417868920033,
    0.449737041451,0.466524301351,0.476922792651,0.499995274687,
    0.533465377991,0.550252984524,0.582121763973,0.623302696956,
    0.656068033824,0.681304426638,0.748793420112,0.842081962142,
    0.874849111227,0.91654090849,0.948882366446,1.),.UNSPECIFIED.);
#833 = CARTESIAN_POINT('',(-16.697,-4.440892098501E-16,189.9));
#834 = CARTESIAN_POINT('',(-16.697,0.132775469054,189.9));
#835 = CARTESIAN_POINT('',(-16.69603526533,0.265605724606,
    189.91007421257));
#836 = CARTESIAN_POINT('',(-16.69410392432,0.396561982114,
    189.93023604208));
#837 = CARTESIAN_POINT('',(-16.69130979421,0.524103845474,189.9598957508
    ));
#838 = CARTESIAN_POINT('',(-16.68782012456,0.647025225816,
    189.99818937166));
#839 = CARTESIAN_POINT('',(-16.68128760021,0.83870036772,190.07310055038
    ));
#840 = CARTESIAN_POINT('',(-16.67855015048,0.910803180426,
    190.10518207825));
#841 = CARTESIAN_POINT('',(-16.67565170482,0.98054485452,190.14007421817
    ));
#842 = CARTESIAN_POINT('',(-16.67263803707,1.047802281389,
    190.17753149431));
#843 = CARTESIAN_POINT('',(-16.6695530656,1.112502716441,190.21731905166
    ));
#844 = CARTESIAN_POINT('',(-16.66241825514,1.254674375913,
    190.31325133544));
#845 = CARTESIAN_POINT('',(-16.65834771675,1.330421770964,190.3707938486
    ));
#846 = CARTESIAN_POINT('',(-16.65430935369,1.401790141889,
    190.43140999064));
#847 = CARTESIAN_POINT('',(-16.65037769004,1.468780597949,
    190.49469970438));
#848 = CARTESIAN_POINT('',(-16.64661633985,1.531438488263,
    190.56031777105));
#849 = CARTESIAN_POINT('',(-16.6402958734,1.635729269921,190.68116551547
    ));
#850 = CARTESIAN_POINT('',(-16.63765199677,1.678988490497,190.7356083883
    ));
#851 = CARTESIAN_POINT('',(-16.63517124658,1.719644108064,190.7911736758
    ));
#852 = CARTESIAN_POINT('',(-16.6328755391,1.757730758329,190.84773655757
    ));
#853 = CARTESIAN_POINT('',(-16.63078349103,1.79328408,190.90518640297));
#854 = CARTESIAN_POINT('',(-16.62357906451,1.920448767136,
    191.12923800834));
#855 = CARTESIAN_POINT('',(-16.62002815556,1.994258005151,
    191.30136116949));
#856 = CARTESIAN_POINT('',(-16.61861088715,2.048707049334,
    191.47771942372));
#857 = CARTESIAN_POINT('',(-16.61951915513,2.084270411558,
    191.65662191262));
#858 = CARTESIAN_POINT('',(-16.62280512871,2.101355006272,
    191.83662959644));
#859 = CARTESIAN_POINT('',(-16.63249200331,2.09890697916,192.14675718546
    ));
#860 = CARTESIAN_POINT('',(-16.63777826077,2.088195083659,
    192.27684637151));
#861 = CARTESIAN_POINT('',(-16.64426507843,2.067807248617,
    192.40636666663));
#862 = CARTESIAN_POINT('',(-16.65190089829,2.037652923129,
    192.53479255155));
#863 = CARTESIAN_POINT('',(-16.66059680321,1.997589177062,
    192.66154831043));
#864 = CARTESIAN_POINT('',(-16.67382234345,1.928580316976,
    192.83252390228));
#865 = CARTESIAN_POINT('',(-16.67755170082,1.90837850349,192.87873124284
    ));
#866 = CARTESIAN_POINT('',(-16.68140403447,1.886744019423,
    192.92457775836));
#867 = CARTESIAN_POINT('',(-16.68537140988,1.8636632485,192.97002534476)
  );
#868 = CARTESIAN_POINT('',(-16.68944484018,1.839121453928,
    193.01503277835));
#869 = CARTESIAN_POINT('',(-16.6990276312,1.779321775128,193.11736148288
    ));
#870 = CARTESIAN_POINT('',(-16.7046026675,1.743052051639,193.17434914574
    ));
#871 = CARTESIAN_POINT('',(-16.71031744848,1.704258174944,
    193.23042284698));
#872 = CARTESIAN_POINT('',(-16.71614628833,1.662904415761,
    193.28547227472));
#873 = CARTESIAN_POINT('',(-16.72205943849,1.618955905577,
    193.33937267032));
#874 = CARTESIAN_POINT('',(-16.73551773694,1.513840864298,
    193.45811014691));
#875 = CARTESIAN_POINT('',(-16.74309122157,1.451156469217,
    193.52219442632));
#876 = CARTESIAN_POINT('',(-16.7506764061,1.384257963015,193.58396730926
    ));
#877 = CARTESIAN_POINT('',(-16.75819186056,1.313101063642,193.6430948733
    ));
#878 = CARTESIAN_POINT('',(-16.76554284101,1.237684585952,
    193.69918966161));
#879 = CARTESIAN_POINT('',(-16.77810141777,1.096457021669,
    193.79255040814));
#880 = CARTESIAN_POINT('',(-16.78341738004,1.032334989858,
    193.83120246883));
#881 = CARTESIAN_POINT('',(-16.78852098796,0.965737612473,
    193.86757501719));
#882 = CARTESIAN_POINT('',(-16.79335716544,0.896735474635,
    193.90144190406));
#883 = CARTESIAN_POINT('',(-16.79786856995,0.825448098211,
    193.93256672459));
#884 = CARTESIAN_POINT('',(-16.80417466007,0.713396299457,
    193.97554555681));
#885 = CARTESIAN_POINT('',(-16.80624470662,0.674152535417,
    193.98954888827));
#886 = CARTESIAN_POINT('',(-16.80820066913,0.634352654621,
    194.00269207766));
#887 = CARTESIAN_POINT('',(-16.81003456415,0.594029052633,
    194.01494195103));
#888 = CARTESIAN_POINT('',(-16.81173880478,0.553219399989,
    194.02626691813));
#889 = CARTESIAN_POINT('',(-16.81427708888,0.486413547434,
    194.04306046969));
#890 = CARTESIAN_POINT('',(-16.81519549678,0.460690445256,
    194.04911768307));
#891 = CARTESIAN_POINT('',(-16.8160597371,0.434807621581,194.0548015672)
  );
#892 = CARTESIAN_POINT('',(-16.8168682494,0.408776092911,194.06010560044
    ));
#893 = CARTESIAN_POINT('',(-16.8176196,0.382607606334,194.06502378488));
#894 = CARTESIAN_POINT('',(-16.81984986933,0.297975022066,194.0795949812
    ));
#895 = CARTESIAN_POINT('',(-16.82109949869,0.239020004093,
    194.08771326724));
#896 = CARTESIAN_POINT('',(-16.82204707036,0.179590446533,194.0938453719
    ));
#897 = CARTESIAN_POINT('',(-16.82268237739,0.119836463523,
    194.09794851135));
#898 = CARTESIAN_POINT('',(-16.823,5.991709845298E-02,194.1));
#899 = CARTESIAN_POINT('',(-16.823,-8.691875767061E-02,194.1));
#900 = CARTESIAN_POINT('',(-16.82233160991,-0.173849539733,
    194.09568266518));
#901 = CARTESIAN_POINT('',(-16.82099439279,-0.260266510538,
    194.08704705928));
#902 = CARTESIAN_POINT('',(-16.81901297193,-0.345696634468,
    194.07419580999));
#903 = CARTESIAN_POINT('',(-16.81643117877,-0.429719416407,
    194.05731215239));
#904 = CARTESIAN_POINT('',(-16.81173880478,-0.553219399989,
    194.02626691813));
#905 = CARTESIAN_POINT('',(-16.81003456415,-0.594029052633,
    194.01494195103));
#906 = CARTESIAN_POINT('',(-16.80820066913,-0.634352654621,
    194.00269207766));
#907 = CARTESIAN_POINT('',(-16.80624470662,-0.674152535417,
    193.98954888827));
#908 = CARTESIAN_POINT('',(-16.80417466007,-0.713396299457,
    193.97554555681));
#909 = CARTESIAN_POINT('',(-16.79786856995,-0.825448098211,
    193.93256672459));
#910 = CARTESIAN_POINT('',(-16.79335716544,-0.896735474635,
    193.90144190406));
#911 = CARTESIAN_POINT('',(-16.78852098796,-0.965737612473,
    193.86757501719));
#912 = CARTESIAN_POINT('',(-16.78341738004,-1.032334989858,
    193.83120246883));
#913 = CARTESIAN_POINT('',(-16.77810141777,-1.09645702167,
    193.79255040814));
#914 = CARTESIAN_POINT('',(-16.76554284101,-1.237684585952,
    193.69918966161));
#915 = CARTESIAN_POINT('',(-16.75819186056,-1.313101063642,
    193.6430948733));
#916 = CARTESIAN_POINT('',(-16.7506764061,-1.384257963015,
    193.58396730926));
#917 = CARTESIAN_POINT('',(-16.74309122157,-1.451156469217,
    193.52219442632));
#918 = CARTESIAN_POINT('',(-16.73551773694,-1.513840864298,
    193.45811014691));
#919 = CARTESIAN_POINT('',(-16.72205943849,-1.618955905577,
    193.33937267032));
#920 = CARTESIAN_POINT('',(-16.71614628833,-1.662904415761,
    193.28547227472));
#921 = CARTESIAN_POINT('',(-16.71031744848,-1.704258174944,
    193.23042284698));
#922 = CARTESIAN_POINT('',(-16.7046026675,-1.743052051639,
    193.17434914574));
#923 = CARTESIAN_POINT('',(-16.6990276312,-1.779321775128,
    193.11736148288));
#924 = CARTESIAN_POINT('',(-16.68944484018,-1.839121453928,
    193.01503277835));
#925 = CARTESIAN_POINT('',(-16.68537140988,-1.8636632485,192.97002534476
    ));
#926 = CARTESIAN_POINT('',(-16.68140403447,-1.886744019423,
    192.92457775836));
#927 = CARTESIAN_POINT('',(-16.67755170082,-1.90837850349,
    192.87873124284));
#928 = CARTESIAN_POINT('',(-16.67382234345,-1.928580316976,
    192.83252390228));
#929 = CARTESIAN_POINT('',(-16.66059680321,-1.997589177062,
    192.66154831043));
#930 = CARTESIAN_POINT('',(-16.65190089829,-2.03765292313,
    192.53479255155));
#931 = CARTESIAN_POINT('',(-16.64426507843,-2.067807248617,
    192.40636666663));
#932 = CARTESIAN_POINT('',(-16.63777826077,-2.088195083659,
    192.27684637151));
#933 = CARTESIAN_POINT('',(-16.63249200331,-2.09890697916,
    192.14675718546));
#934 = CARTESIAN_POINT('',(-16.62280512871,-2.101355006272,
    191.83662959644));
#935 = CARTESIAN_POINT('',(-16.61951915513,-2.084270411558,
    191.65662191262));
#936 = CARTESIAN_POINT('',(-16.61861088715,-2.048707049334,
    191.47771942371));
#937 = CARTESIAN_POINT('',(-16.62002815556,-1.994258005151,
    191.30136116949));
#938 = CARTESIAN_POINT('',(-16.62357906451,-1.920448767136,
    191.12923800834));
#939 = CARTESIAN_POINT('',(-16.63078349103,-1.79328408,190.90518640297)
  );
#940 = CARTESIAN_POINT('',(-16.6328755391,-1.757730758329,
    190.84773655757));
#941 = CARTESIAN_POINT('',(-16.63517124658,-1.719644108064,
    190.7911736758));
#942 = CARTESIAN_POINT('',(-16.63765199677,-1.678988490497,
    190.7356083883));
#943 = CARTESIAN_POINT('',(-16.6402958734,-1.635729269921,
    190.68116551547));
#944 = CARTESIAN_POINT('',(-16.64661633985,-1.531438488262,
    190.56031777105));
#945 = CARTESIAN_POINT('',(-16.65037769004,-1.468780597949,
    190.49469970438));
#946 = CARTESIAN_POINT('',(-16.65430935369,-1.401790141889,
    190.43140999064));
#947 = CARTESIAN_POINT('',(-16.65834771675,-1.330421770964,
    190.3707938486));
#948 = CARTESIAN_POINT('',(-16.66241825514,-1.254674375913,
    190.31325133544));
#949 = CARTESIAN_POINT('',(-16.6695530656,-1.112502716441,
    190.21731905166));
#950 = CARTESIAN_POINT('',(-16.67263803708,-1.047802281389,
    190.17753149431));
#951 = CARTESIAN_POINT('',(-16.67565170482,-0.98054485452,
    190.14007421817));
#952 = CARTESIAN_POINT('',(-16.67855015048,-0.910803180426,
    190.10518207825));
#953 = CARTESIAN_POINT('',(-16.68128760021,-0.83870036772,
    190.07310055038));
#954 = CARTESIAN_POINT('',(-16.68782017838,-0.647023646619,
    189.99818875447));
#955 = CARTESIAN_POINT('',(-16.69130977879,-0.52410365559,
    189.95989594848));
#956 = CARTESIAN_POINT('',(-16.69410397886,-0.396560915328,
    189.93023542797));
#957 = CARTESIAN_POINT('',(-16.69603535134,-0.265601060169,
    189.91007332092));
#958 = CARTESIAN_POINT('',(-16.697,-0.13276970125,189.9));
#959 = CARTESIAN_POINT('',(-16.697,-4.440892098501E-16,189.9));
#960 = PCURVE('',#129,#961);
#961 = DEFINITIONAL_REPRESENTATION('',(#962),#1090);
#962 = B_SPLINE_CURVE_WITH_KNOTS('',6,(#963,#964,#965,#966,#967,#968,
    #969,#970,#971,#972,#973,#974,#975,#976,#977,#978,#979,#980,#981,
    #982,#983,#984,#985,#986,#987,#988,#989,#990,#991,#992,#993,#994,
    #995,#996,#997,#998,#999,#1000,#1001,#1002,#1003,#1004,#1005,#1006,
    #1007,#1008,#1009,#1010,#1011,#1012,#1013,#1014,#1015,#1016,#1017,
    #1018,#1019,#1020,#1021,#1022,#1023,#1024,#1025,#1026,#1027,#1028,
    #1029,#1030,#1031,#1032,#1033,#1034,#1035,#1036,#1037,#1038,#1039,
    #1040,#1041,#1042,#1043,#1044,#1045,#1046,#1047,#1048,#1049,#1050,
    #1051,#1052,#1053,#1054,#1055,#1056,#1057,#1058,#1059,#1060,#1061,
    #1062,#1063,#1064,#1065,#1066,#1067,#1068,#1069,#1070,#1071,#1072,
    #1073,#1074,#1075,#1076,#1077,#1078,#1079,#1080,#1081,#1082,#1083,
    #1084,#1085,#1086,#1087,#1088,#1089),.UNSPECIFIED.,.T.,.F.,(7,5,5,5,
    5,5,5,5,5,5,5,5,5,5,5,5,5,5,5,5,5,5,5,5,5,7),(0.,5.111589047719E-02,
    8.345668064276E-02,0.125147617048,0.157914089554,0.251200705351,
    0.318688305303,0.343924177033,0.376688837358,0.417868920033,
    0.449737041451,0.466524301351,0.476922792651,0.499995274687,
    0.533465377991,0.550252984524,0.582121763973,0.623302696956,
    0.656068033824,0.681304426638,0.748793420112,0.842081962142,
    0.874849111227,0.91654090849,0.948882366446,1.),.UNSPECIFIED.);
#963 = CARTESIAN_POINT('',(3.14159265359,189.9));
#964 = CARTESIAN_POINT('',(3.133640598187,189.9));
#965 = CARTESIAN_POINT('',(3.125685261442,189.91007421257));
#966 = CARTESIAN_POINT('',(3.117841903748,189.93023604208));
#967 = CARTESIAN_POINT('',(3.110202518074,189.9598957508));
#968 = CARTESIAN_POINT('',(3.102839297632,189.99818937166));
#969 = CARTESIAN_POINT('',(3.09135677794,190.07310055038));
#970 = CARTESIAN_POINT('',(3.087037165491,190.10518207825));
#971 = CARTESIAN_POINT('',(3.082858814857,190.14007421817));
#972 = CARTESIAN_POINT('',(3.078829153024,190.17753149431));
#973 = CARTESIAN_POINT('',(3.074952607343,190.21731905166));
#974 = CARTESIAN_POINT('',(3.066434329822,190.31325133544));
#975 = CARTESIAN_POINT('',(3.061895875461,190.3707938486));
#976 = CARTESIAN_POINT('',(3.057619944264,190.43140999064));
#977 = CARTESIAN_POINT('',(3.053606658116,190.49469970438));
#978 = CARTESIAN_POINT('',(3.049853486818,190.56031777105));
#979 = CARTESIAN_POINT('',(3.043607885195,190.68116551547));
#980 = CARTESIAN_POINT('',(3.041017748592,190.7356083883));
#981 = CARTESIAN_POINT('',(3.038584115024,190.7911736758));
#982 = CARTESIAN_POINT('',(3.036304981262,190.84773655757));
#983 = CARTESIAN_POINT('',(3.034178273121,190.90518640297));
#984 = CARTESIAN_POINT('',(3.026575196804,191.12923800834));
#985 = CARTESIAN_POINT('',(3.022170330787,191.30136116949));
#986 = CARTESIAN_POINT('',(3.018932116161,191.47771942372));
#987 = CARTESIAN_POINT('',(3.016832357958,191.65662191262));
#988 = CARTESIAN_POINT('',(3.015845713321,191.83662959644));
#989 = CARTESIAN_POINT('',(3.016063034571,192.14675718546));
#990 = CARTESIAN_POINT('',(3.01673657967,192.27684637151));
#991 = CARTESIAN_POINT('',(3.017991194832,192.40636666663));
#992 = CARTESIAN_POINT('',(3.019831248966,192.53479255155));
#993 = CARTESIAN_POINT('',(3.022263945149,192.66154831043));
#994 = CARTESIAN_POINT('',(3.026439294118,192.83252390228));
#995 = CARTESIAN_POINT('',(3.027660385039,192.87873124284));
#996 = CARTESIAN_POINT('',(3.028966857487,192.92457775836));
#997 = CARTESIAN_POINT('',(3.03035943971,192.97002534476));
#998 = CARTESIAN_POINT('',(3.031838923283,193.01503277835));
#999 = CARTESIAN_POINT('',(3.03544096822,193.11736148289));
#1000 = CARTESIAN_POINT('',(3.037623652691,193.17434914574));
#1001 = CARTESIAN_POINT('',(3.039956133343,193.23042284698));
#1002 = CARTESIAN_POINT('',(3.042440335047,193.28547227472));
#1003 = CARTESIAN_POINT('',(3.045078129947,193.33937267032));
#1004 = CARTESIAN_POINT('',(3.051381827726,193.45811014691));
#1005 = CARTESIAN_POINT('',(3.055137466567,193.52219442632));
#1006 = CARTESIAN_POINT('',(3.05914189416,193.58396730926));
#1007 = CARTESIAN_POINT('',(3.063397363287,193.6430948733));
#1008 = CARTESIAN_POINT('',(3.067903621421,193.69918966161));
#1009 = CARTESIAN_POINT('',(3.076335247873,193.79255040814));
#1010 = CARTESIAN_POINT('',(3.080161265021,193.83120246883));
#1011 = CARTESIAN_POINT('',(3.084132754244,193.86757501719));
#1012 = CARTESIAN_POINT('',(3.088245463073,193.90144190406));
#1013 = CARTESIAN_POINT('',(3.09249229175,193.93256672459));
#1014 = CARTESIAN_POINT('',(3.099164679575,193.97554555681));
#1015 = CARTESIAN_POINT('',(3.101501027231,193.98954888827));
#1016 = CARTESIAN_POINT('',(3.10386999085,194.00269207766));
#1017 = CARTESIAN_POINT('',(3.106269663505,194.01494195103));
#1018 = CARTESIAN_POINT('',(3.108697831067,194.02626691813));
#1019 = CARTESIAN_POINT('',(3.112672134848,194.04306046969));
#1020 = CARTESIAN_POINT('',(3.114202262823,194.04911768307));
#1021 = CARTESIAN_POINT('',(3.115741752223,194.0548015672));
#1022 = CARTESIAN_POINT('',(3.117289956565,194.06010560044));
#1023 = CARTESIAN_POINT('',(3.118846186792,194.06502378488));
#1024 = CARTESIAN_POINT('',(3.123878905948,194.0795949812));
#1025 = CARTESIAN_POINT('',(3.127384163893,194.08771326724));
#1026 = CARTESIAN_POINT('',(3.130917220975,194.0938453719));
#1027 = CARTESIAN_POINT('',(3.134469283059,194.09794851135));
#1028 = CARTESIAN_POINT('',(3.138031035659,194.1));
#1029 = CARTESIAN_POINT('',(3.146759315759,194.1));
#1030 = CARTESIAN_POINT('',(3.151926691912,194.09568266518));
#1031 = CARTESIAN_POINT('',(3.157063956031,194.08704705928));
#1032 = CARTESIAN_POINT('',(3.16214341057,194.07419580999));
#1033 = CARTESIAN_POINT('',(3.167140418438,194.05731215239));
#1034 = CARTESIAN_POINT('',(3.174487476112,194.02626691813));
#1035 = CARTESIAN_POINT('',(3.176915643675,194.01494195103));
#1036 = CARTESIAN_POINT('',(3.17931531633,194.00269207766));
#1037 = CARTESIAN_POINT('',(3.181684279949,193.98954888827));
#1038 = CARTESIAN_POINT('',(3.184020627604,193.97554555681));
#1039 = CARTESIAN_POINT('',(3.190693015429,193.93256672459));
#1040 = CARTESIAN_POINT('',(3.194939844106,193.90144190406));
#1041 = CARTESIAN_POINT('',(3.199052552935,193.86757501719));
#1042 = CARTESIAN_POINT('',(3.203024042159,193.83120246883));
#1043 = CARTESIAN_POINT('',(3.206850059306,193.79255040814));
#1044 = CARTESIAN_POINT('',(3.215281685758,193.69918966161));
#1045 = CARTESIAN_POINT('',(3.219787943892,193.6430948733));
#1046 = CARTESIAN_POINT('',(3.22404341302,193.58396730926));
#1047 = CARTESIAN_POINT('',(3.228047840613,193.52219442632));
#1048 = CARTESIAN_POINT('',(3.231803479453,193.45811014691));
#1049 = CARTESIAN_POINT('',(3.238107177233,193.33937267032));
#1050 = CARTESIAN_POINT('',(3.240744972133,193.28547227472));
#1051 = CARTESIAN_POINT('',(3.243229173837,193.23042284698));
#1052 = CARTESIAN_POINT('',(3.245561654488,193.17434914574));
#1053 = CARTESIAN_POINT('',(3.24774433896,193.11736148288));
#1054 = CARTESIAN_POINT('',(3.251346383896,193.01503277835));
#1055 = CARTESIAN_POINT('',(3.25282586747,192.97002534476));
#1056 = CARTESIAN_POINT('',(3.254218449692,192.92457775836));
#1057 = CARTESIAN_POINT('',(3.255524922141,192.87873124284));
#1058 = CARTESIAN_POINT('',(3.256746013061,192.83252390228));
#1059 = CARTESIAN_POINT('',(3.260921362031,192.66154831043));
#1060 = CARTESIAN_POINT('',(3.263354058213,192.53479255155));
#1061 = CARTESIAN_POINT('',(3.265194112347,192.40636666663));
#1062 = CARTESIAN_POINT('',(3.266448727509,192.27684637151));
#1063 = CARTESIAN_POINT('',(3.267122272608,192.14675718546));
#1064 = CARTESIAN_POINT('',(3.267339593858,191.83662959644));
#1065 = CARTESIAN_POINT('',(3.266352949222,191.65662191262));
#1066 = CARTESIAN_POINT('',(3.264253191019,191.47771942371));
#1067 = CARTESIAN_POINT('',(3.261014976392,191.30136116949));
#1068 = CARTESIAN_POINT('',(3.256610110375,191.12923800834));
#1069 = CARTESIAN_POINT('',(3.249007034058,190.90518640297));
#1070 = CARTESIAN_POINT('',(3.246880325917,190.84773655757));
#1071 = CARTESIAN_POINT('',(3.244601192155,190.7911736758));
#1072 = CARTESIAN_POINT('',(3.242167558588,190.7356083883));
#1073 = CARTESIAN_POINT('',(3.239577421984,190.68116551547));
#1074 = CARTESIAN_POINT('',(3.233331820362,190.56031777105));
#1075 = CARTESIAN_POINT('',(3.229578649064,190.49469970438));
#1076 = CARTESIAN_POINT('',(3.225565362916,190.43140999064));
#1077 = CARTESIAN_POINT('',(3.221289431718,190.3707938486));
#1078 = CARTESIAN_POINT('',(3.216750977358,190.31325133544));
#1079 = CARTESIAN_POINT('',(3.208232699836,190.21731905166));
#1080 = CARTESIAN_POINT('',(3.204356154156,190.17753149431));
#1081 = CARTESIAN_POINT('',(3.200326492322,190.14007421817));
#1082 = CARTESIAN_POINT('',(3.196148141689,190.10518207825));
#1083 = CARTESIAN_POINT('',(3.19182852924,190.07310055038));
#1084 = CARTESIAN_POINT('',(3.180345914944,189.99818875447));
#1085 = CARTESIAN_POINT('',(3.172982777747,189.95989594848));
#1086 = CARTESIAN_POINT('',(3.165343339509,189.93023542797));
#1087 = CARTESIAN_POINT('',(3.157499766379,189.91007332092));
#1088 = CARTESIAN_POINT('',(3.149544363553,189.9));
#1089 = CARTESIAN_POINT('',(3.14159265359,189.9));
#1090 = ( GEOMETRIC_REPRESENTATION_CONTEXT(2) 
PARAMETRIC_REPRESENTATION_CONTEXT() REPRESENTATION_CONTEXT('2D SPACE',''
  ) );
#1091 = PCURVE('',#296,#1092);
#1092 = DEFINITIONAL_REPRESENTATION('',(#1093),#1221);
#1093 = B_SPLINE_CURVE_WITH_KNOTS('',6,(#1094,#1095,#1096,#1097,#1098,
    #1099,#1100,#1101,#1102,#1103,#1104,#1105,#1106,#1107,#1108,#1109,
    #1110,#1111,#1112,#1113,#1114,#1115,#1116,#1117,#1118,#1119,#1120,
    #1121,#1122,#1123,#1124,#1125,#1126,#1127,#1128,#1129,#1130,#1131,
    #1132,#1133,#1134,#1135,#1136,#1137,#1138,#1139,#1140,#1141,#1142,
    #1143,#1144,#1145,#1146,#1147,#1148,#1149,#1150,#1151,#1152,#1153,
    #1154,#1155,#1156,#1157,#1158,#1159,#1160,#1161,#1162,#1163,#1164,
    #1165,#1166,#1167,#1168,#1169,#1170,#1171,#1172,#1173,#1174,#1175,
    #1176,#1177,#1178,#1179,#1180,#1181,#1182,#1183,#1184,#1185,#1186,
    #1187,#1188,#1189,#1190,#1191,#1192,#1193,#1194,#1195,#1196,#1197,
    #1198,#1199,#1200,#1201,#1202,#1203,#1204,#1205,#1206,#1207,#1208,
    #1209,#1210,#1211,#1212,#1213,#1214,#1215,#1216,#1217,#1218,#1219,
    #1220),.UNSPECIFIED.,.F.,.F.,(7,5,5,5,5,5,5,5,5,5,5,5,5,5,5,5,5,5,5,
    5,5,5,5,5,5,7),(0.,5.111589047719E-02,8.345668064276E-02,
    0.125147617048,0.157914089554,0.251200705351,0.318688305303,
    0.343924177033,0.376688837358,0.417868920033,0.449737041451,
    0.466524301351,0.476922792651,0.499995274687,0.533465377991,
    0.550252984524,0.582121763973,0.623302696956,0.656068033824,
    0.681304426638,0.748793420112,0.842081962142,0.874849111227,
    0.91654090849,0.948882366446,1.),.UNSPECIFIED.);
#1094 = CARTESIAN_POINT('',(0.,5.803));
#1095 = CARTESIAN_POINT('',(6.322641383542E-02,5.803));
#1096 = CARTESIAN_POINT('',(0.126478766809,5.803964734662));
#1097 = CARTESIAN_POINT('',(0.189294602684,5.805896075679));
#1098 = CARTESIAN_POINT('',(0.251393352276,5.808690205789));
#1099 = CARTESIAN_POINT('',(0.312549183657,5.81217987544));
#1100 = CARTESIAN_POINT('',(0.410546181069,5.81871239979));
#1101 = CARTESIAN_POINT('',(0.448086201497,5.82144984952));
#1102 = CARTESIAN_POINT('',(0.485165072523,5.824348295177));
#1103 = CARTESIAN_POINT('',(0.521772129698,5.827361962921));
#1104 = CARTESIAN_POINT('',(0.557909095625,5.830446934399));
#1105 = CARTESIAN_POINT('',(0.639580668193,5.837581744851));
#1106 = CARTESIAN_POINT('',(0.684807149329,5.841652283247));
#1107 = CARTESIAN_POINT('',(0.72929911226,5.845690646307));
#1108 = CARTESIAN_POINT('',(0.77309578341,5.849622309952));
#1109 = CARTESIAN_POINT('',(0.816245388389,5.85338366015));
#1110 = CARTESIAN_POINT('',(0.892258193838,5.859704126597));
#1111 = CARTESIAN_POINT('',(0.925343792037,5.86234800323));
#1112 = CARTESIAN_POINT('',(0.958091368241,5.864828753414));
#1113 = CARTESIAN_POINT('',(0.990526763123,5.867124460894));
#1114 = CARTESIAN_POINT('',(1.022675634612,5.869216508962));
#1115 = CARTESIAN_POINT('',(1.145353595054,5.876420935483));
#1116 = CARTESIAN_POINT('',(1.233985761535,5.879971844434));
#1117 = CARTESIAN_POINT('',(1.321162879725,5.881389112845));
#1118 = CARTESIAN_POINT('',(1.407346294749,5.880480844863));
#1119 = CARTESIAN_POINT('',(1.492998308942,5.877194871281));
#1120 = CARTESIAN_POINT('',(1.640682714068,5.86750799669));
#1121 = CARTESIAN_POINT('',(1.702668370424,5.862221739223));
#1122 = CARTESIAN_POINT('',(1.764847817058,5.855734921564));
#1123 = CARTESIAN_POINT('',(1.827401615353,5.848099101706));
#1124 = CARTESIAN_POINT('',(1.890514870573,5.839403196784));
#1125 = CARTESIAN_POINT('',(1.978313438966,5.826177656545));
#1126 = CARTESIAN_POINT('',(2.002318239916,5.822448299175));
#1127 = CARTESIAN_POINT('',(2.026443469781,5.818595965526));
#1128 = CARTESIAN_POINT('',(2.050700548029,5.814628590116));
#1129 = CARTESIAN_POINT('',(2.075101188948,5.810555159811));
#1130 = CARTESIAN_POINT('',(2.131539635655,5.800972368791));
#1131 = CARTESIAN_POINT('',(2.163683459009,5.795397332494));
#1132 = CARTESIAN_POINT('',(2.196116329838,5.789682551518));
#1133 = CARTESIAN_POINT('',(2.228864566876,5.783853711664));
#1134 = CARTESIAN_POINT('',(2.261954718845,5.777940561506));
#1135 = CARTESIAN_POINT('',(2.337469220541,5.764482263056));
#1136 = CARTESIAN_POINT('',(2.380104331423,5.756908778429));
#1137 = CARTESIAN_POINT('',(2.423379103076,5.749323593891));
#1138 = CARTESIAN_POINT('',(2.467341416049,5.741808139436));
#1139 = CARTESIAN_POINT('',(2.512030199622,5.734457158986));
#1140 = CARTESIAN_POINT('',(2.592647790116,5.721898582221));
#1141 = CARTESIAN_POINT('',(2.628269654533,5.716582619951));
#1142 = CARTESIAN_POINT('',(2.664354227064,5.711479012034));
#1143 = CARTESIAN_POINT('',(2.70090314232,5.706642834556));
#1144 = CARTESIAN_POINT('',(2.737905788843,5.702131430045));
#1145 = CARTESIAN_POINT('',(2.795054172748,5.695825339922));
#1146 = CARTESIAN_POINT('',(2.81489023997,5.693755293377));
#1147 = CARTESIAN_POINT('',(2.834840739762,5.691799330869));
#1148 = CARTESIAN_POINT('',(2.854900190546,5.68996543585));
#1149 = CARTESIAN_POINT('',(2.875061716705,5.688261195219));
#1150 = CARTESIAN_POINT('',(2.90786375922,5.685722911115));
#1151 = CARTESIAN_POINT('',(2.920446455389,5.68480450322));
#1152 = CARTESIAN_POINT('',(2.933063138789,5.683940262895));
#1153 = CARTESIAN_POINT('',(2.945711613016,5.6831317506));
#1154 = CARTESIAN_POINT('',(2.958389483562,5.6823804));
#1155 = CARTESIAN_POINT('',(2.999283667243,5.68015013067));
#1156 = CARTESIAN_POINT('',(3.027606367404,5.67890050131));
#1157 = CARTESIAN_POINT('',(3.056031565926,5.677952929633));
#1158 = CARTESIAN_POINT('',(3.084527680745,5.677317622604));
#1159 = CARTESIAN_POINT('',(3.113060701946,5.677));
#1160 = CARTESIAN_POINT('',(3.182982538195,5.677));
#1161 = CARTESIAN_POINT('',(3.224378031279,5.677668390081));
#1162 = CARTESIAN_POINT('',(3.265656944947,5.679005607205));
#1163 = CARTESIAN_POINT('',(3.306720616405,5.680987028062));
#1164 = CARTESIAN_POINT('',(3.347484416554,5.683568821224));
#1165 = CARTESIAN_POINT('',(3.408123590475,5.688261195219));
#1166 = CARTESIAN_POINT('',(3.428285116634,5.68996543585));
#1167 = CARTESIAN_POINT('',(3.448344567418,5.691799330869));
#1168 = CARTESIAN_POINT('',(3.468295067209,5.693755293377));
#1169 = CARTESIAN_POINT('',(3.488131134432,5.695825339922));
#1170 = CARTESIAN_POINT('',(3.545279518337,5.702131430045));
#1171 = CARTESIAN_POINT('',(3.582282164859,5.706642834556));
#1172 = CARTESIAN_POINT('',(3.618831080116,5.711479012034));
#1173 = CARTESIAN_POINT('',(3.654915652647,5.716582619951));
#1174 = CARTESIAN_POINT('',(3.690537517064,5.721898582221));
#1175 = CARTESIAN_POINT('',(3.771155107558,5.734457158986));
#1176 = CARTESIAN_POINT('',(3.815843891131,5.741808139436));
#1177 = CARTESIAN_POINT('',(3.859806204104,5.749323593891));
#1178 = CARTESIAN_POINT('',(3.903080975757,5.756908778429));
#1179 = CARTESIAN_POINT('',(3.945716086638,5.764482263056));
#1180 = CARTESIAN_POINT('',(4.021230588335,5.777940561506));
#1181 = CARTESIAN_POINT('',(4.054320740304,5.783853711664));
#1182 = CARTESIAN_POINT('',(4.087068977342,5.789682551518));
#1183 = CARTESIAN_POINT('',(4.119501848171,5.795397332494));
#1184 = CARTESIAN_POINT('',(4.151645671525,5.800972368791));
#1185 = CARTESIAN_POINT('',(4.208084118232,5.810555159811));
#1186 = CARTESIAN_POINT('',(4.232484759151,5.814628590116));
#1187 = CARTESIAN_POINT('',(4.256741837398,5.818595965526));
#1188 = CARTESIAN_POINT('',(4.280867067263,5.822448299175));
#1189 = CARTESIAN_POINT('',(4.304871868213,5.826177656545));
#1190 = CARTESIAN_POINT('',(4.392670436607,5.839403196784));
#1191 = CARTESIAN_POINT('',(4.455783691827,5.848099101706));
#1192 = CARTESIAN_POINT('',(4.518337490122,5.855734921564));
#1193 = CARTESIAN_POINT('',(4.580516936756,5.862221739223));
#1194 = CARTESIAN_POINT('',(4.642502593112,5.86750799669));
#1195 = CARTESIAN_POINT('',(4.790186998238,5.877194871281));
#1196 = CARTESIAN_POINT('',(4.875839012431,5.880480844863));
#1197 = CARTESIAN_POINT('',(4.962022427455,5.881389112845));
#1198 = CARTESIAN_POINT('',(5.049199545644,5.879971844434));
#1199 = CARTESIAN_POINT('',(5.137831712126,5.876420935483));
#1200 = CARTESIAN_POINT('',(5.260509672568,5.869216508962));
#1201 = CARTESIAN_POINT('',(5.292658544057,5.867124460894));
#1202 = CARTESIAN_POINT('',(5.325093938939,5.864828753414));
#1203 = CARTESIAN_POINT('',(5.357841515142,5.86234800323));
#1204 = CARTESIAN_POINT('',(5.390927113342,5.859704126597));
#1205 = CARTESIAN_POINT('',(5.466939918791,5.85338366015));
#1206 = CARTESIAN_POINT('',(5.51008952377,5.849622309952));
#1207 = CARTESIAN_POINT('',(5.553886194919,5.845690646307));
#1208 = CARTESIAN_POINT('',(5.598378157851,5.841652283247));
#1209 = CARTESIAN_POINT('',(5.643604638986,5.837581744851));
#1210 = CARTESIAN_POINT('',(5.725276211554,5.830446934399));
#1211 = CARTESIAN_POINT('',(5.761413177482,5.82736196292));
#1212 = CARTESIAN_POINT('',(5.798020234656,5.824348295177));
#1213 = CARTESIAN_POINT('',(5.835099105683,5.82144984952));
#1214 = CARTESIAN_POINT('',(5.872639126111,5.81871239979));
#1215 = CARTESIAN_POINT('',(5.970636930913,5.812179821619));
#1216 = CARTESIAN_POINT('',(6.031792007717,5.808690221201));
#1217 = CARTESIAN_POINT('',(6.093891287318,5.805896021133));
#1218 = CARTESIAN_POINT('',(6.156708756913,5.803964648659));
#1219 = CARTESIAN_POINT('',(6.219961639918,5.803));
#1220 = CARTESIAN_POINT('',(6.28318530718,5.803));
#1221 = ( GEOMETRIC_REPRESENTATION_CONTEXT(2) 
PARAMETRIC_REPRESENTATION_CONTEXT() REPRESENTATION_CONTEXT('2D SPACE',''
  ) );
#1222 = ADVANCED_FACE('',(#1223),#296,.F.);
#1223 = FACE_BOUND('',#1224,.F.);
#1224 = EDGE_LOOP('',(#1225,#1226,#1247,#1248,#1249));
#1225 = ORIENTED_EDGE('',*,*,#642,.F.);
#1226 = ORIENTED_EDGE('',*,*,#1227,.F.);
#1227 = EDGE_CURVE('',#829,#150,#1228,.T.);
#1228 = SEAM_CURVE('',#1229,(#1233,#1240),.PCURVE_S1.);
#1229 = LINE('',#1230,#1231);
#1230 = CARTESIAN_POINT('',(-22.5,-5.143516556419E-16,189.9));
#1231 = VECTOR('',#1232,1.);
#1232 = DIRECTION('',(1.,0.,2.22044604925E-16));
#1233 = PCURVE('',#296,#1234);
#1234 = DEFINITIONAL_REPRESENTATION('',(#1235),#1239);
#1235 = LINE('',#1236,#1237);
#1236 = CARTESIAN_POINT('',(6.28318530718,-0.));
#1237 = VECTOR('',#1238,1.);
#1238 = DIRECTION('',(0.,1.));
#1239 = ( GEOMETRIC_REPRESENTATION_CONTEXT(2) 
PARAMETRIC_REPRESENTATION_CONTEXT() REPRESENTATION_CONTEXT('2D SPACE',''
  ) );
#1240 = PCURVE('',#296,#1241);
#1241 = DEFINITIONAL_REPRESENTATION('',(#1242),#1246);
#1242 = LINE('',#1243,#1244);
#1243 = CARTESIAN_POINT('',(0.,-0.));
#1244 = VECTOR('',#1245,1.);
#1245 = DIRECTION('',(0.,1.));
#1246 = ( GEOMETRIC_REPRESENTATION_CONTEXT(2) 
PARAMETRIC_REPRESENTATION_CONTEXT() REPRESENTATION_CONTEXT('2D SPACE',''
  ) );
#1247 = ORIENTED_EDGE('',*,*,#828,.T.);
#1248 = ORIENTED_EDGE('',*,*,#1227,.T.);
#1249 = ORIENTED_EDGE('',*,*,#172,.F.);
#1250 = ADVANCED_FACE('',(#1251),#402,.T.);
#1251 = FACE_BOUND('',#1252,.T.);
#1252 = EDGE_LOOP('',(#1253,#1254,#1255));
#1253 = ORIENTED_EDGE('',*,*,#385,.T.);
#1254 = ORIENTED_EDGE('',*,*,#619,.T.);
#1255 = ORIENTED_EDGE('',*,*,#1256,.F.);
#1256 = EDGE_CURVE('',#386,#593,#1257,.T.);
#1257 = SURFACE_CURVE('',#1258,(#1262,#1268),.PCURVE_S1.);
#1258 = LINE('',#1259,#1260);
#1259 = CARTESIAN_POINT('',(15.35,-9.5,200.));
#1260 = VECTOR('',#1261,1.);
#1261 = DIRECTION('',(-0.,1.,0.));
#1262 = PCURVE('',#402,#1263);
#1263 = DEFINITIONAL_REPRESENTATION('',(#1264),#1267);
#1264 = B_SPLINE_CURVE_WITH_KNOTS('',1,(#1265,#1266),.UNSPECIFIED.,.F.,
  .F.,(2,2),(-7.5,26.5),.PIECEWISE_BEZIER_KNOTS.);
#1265 = CARTESIAN_POINT('',(15.35,-17.));
#1266 = CARTESIAN_POINT('',(15.35,17.));
#1267 = ( GEOMETRIC_REPRESENTATION_CONTEXT(2) 
PARAMETRIC_REPRESENTATION_CONTEXT() REPRESENTATION_CONTEXT('2D SPACE',''
  ) );
#1268 = PCURVE('',#434,#1269);
#1269 = DEFINITIONAL_REPRESENTATION('',(#1270),#1273);
#1270 = B_SPLINE_CURVE_WITH_KNOTS('',1,(#1271,#1272),.UNSPECIFIED.,.F.,
  .F.,(2,2),(-7.5,26.5),.PIECEWISE_BEZIER_KNOTS.);
#1271 = CARTESIAN_POINT('',(28.,-2.));
#1272 = CARTESIAN_POINT('',(28.,-36.));
#1273 = ( GEOMETRIC_REPRESENTATION_CONTEXT(2) 
PARAMETRIC_REPRESENTATION_CONTEXT() REPRESENTATION_CONTEXT('2D SPACE',''
  ) );
#1274 = ADVANCED_FACE('',(#1275),#434,.T.);
#1275 = FACE_BOUND('',#1276,.T.);
#1276 = EDGE_LOOP('',(#1277,#1307,#1335,#1356,#1357,#1358,#1359,#1382));
#1277 = ORIENTED_EDGE('',*,*,#1278,.F.);
#1278 = EDGE_CURVE('',#1279,#1281,#1283,.T.);
#1279 = VERTEX_POINT('',#1280);
#1280 = CARTESIAN_POINT('',(15.35,-19.,210.));
#1281 = VERTEX_POINT('',#1282);
#1282 = CARTESIAN_POINT('',(15.35,19.,210.));
#1283 = SURFACE_CURVE('',#1284,(#1288,#1295),.PCURVE_S1.);
#1284 = LINE('',#1285,#1286);
#1285 = CARTESIAN_POINT('',(15.35,-19.,210.));
#1286 = VECTOR('',#1287,1.);
#1287 = DIRECTION('',(-0.,1.,0.));
#1288 = PCURVE('',#434,#1289);
#1289 = DEFINITIONAL_REPRESENTATION('',(#1290),#1294);
#1290 = LINE('',#1291,#1292);
#1291 = CARTESIAN_POINT('',(38.,0.));
#1292 = VECTOR('',#1293,1.);
#1293 = DIRECTION('',(0.,-1.));
#1294 = ( GEOMETRIC_REPRESENTATION_CONTEXT(2) 
PARAMETRIC_REPRESENTATION_CONTEXT() REPRESENTATION_CONTEXT('2D SPACE',''
  ) );
#1295 = PCURVE('',#1296,#1301);
#1296 = PLANE('',#1297);
#1297 = AXIS2_PLACEMENT_3D('',#1298,#1299,#1300);
#1298 = CARTESIAN_POINT('',(-15.35,-19.,210.));
#1299 = DIRECTION('',(0.,0.,1.));
#1300 = DIRECTION('',(1.,0.,-0.));
#1301 = DEFINITIONAL_REPRESENTATION('',(#1302),#1306);
#1302 = LINE('',#1303,#1304);
#1303 = CARTESIAN_POINT('',(30.7,0.));
#1304 = VECTOR('',#1305,1.);
#1305 = DIRECTION('',(0.,1.));
#1306 = ( GEOMETRIC_REPRESENTATION_CONTEXT(2) 
PARAMETRIC_REPRESENTATION_CONTEXT() REPRESENTATION_CONTEXT('2D SPACE',''
  ) );
#1307 = ORIENTED_EDGE('',*,*,#1308,.F.);
#1308 = EDGE_CURVE('',#1309,#1279,#1311,.T.);
#1309 = VERTEX_POINT('',#1310);
#1310 = CARTESIAN_POINT('',(15.35,-19.,172.));
#1311 = SURFACE_CURVE('',#1312,(#1316,#1323),.PCURVE_S1.);
#1312 = LINE('',#1313,#1314);
#1313 = CARTESIAN_POINT('',(15.35,-19.,172.));
#1314 = VECTOR('',#1315,1.);
#1315 = DIRECTION('',(0.,0.,1.));
#1316 = PCURVE('',#434,#1317);
#1317 = DEFINITIONAL_REPRESENTATION('',(#1318),#1322);
#1318 = LINE('',#1319,#1320);
#1319 = CARTESIAN_POINT('',(0.,0.));
#1320 = VECTOR('',#1321,1.);
#1321 = DIRECTION('',(1.,0.));
#1322 = ( GEOMETRIC_REPRESENTATION_CONTEXT(2) 
PARAMETRIC_REPRESENTATION_CONTEXT() REPRESENTATION_CONTEXT('2D SPACE',''
  ) );
#1323 = PCURVE('',#1324,#1329);
#1324 = PLANE('',#1325);
#1325 = AXIS2_PLACEMENT_3D('',#1326,#1327,#1328);
#1326 = CARTESIAN_POINT('',(-15.35,-19.,172.));
#1327 = DIRECTION('',(-0.,1.,0.));
#1328 = DIRECTION('',(0.,0.,1.));
#1329 = DEFINITIONAL_REPRESENTATION('',(#1330),#1334);
#1330 = LINE('',#1331,#1332);
#1331 = CARTESIAN_POINT('',(0.,30.7));
#1332 = VECTOR('',#1333,1.);
#1333 = DIRECTION('',(1.,0.));
#1334 = ( GEOMETRIC_REPRESENTATION_CONTEXT(2) 
PARAMETRIC_REPRESENTATION_CONTEXT() REPRESENTATION_CONTEXT('2D SPACE',''
  ) );
#1335 = ORIENTED_EDGE('',*,*,#1336,.T.);
#1336 = EDGE_CURVE('',#1309,#415,#1337,.T.);
#1337 = SURFACE_CURVE('',#1338,(#1342,#1349),.PCURVE_S1.);
#1338 = LINE('',#1339,#1340);
#1339 = CARTESIAN_POINT('',(15.35,-19.,172.));
#1340 = VECTOR('',#1341,1.);
#1341 = DIRECTION('',(-0.,1.,0.));
#1342 = PCURVE('',#434,#1343);
#1343 = DEFINITIONAL_REPRESENTATION('',(#1344),#1348);
#1344 = LINE('',#1345,#1346);
#1345 = CARTESIAN_POINT('',(0.,0.));
#1346 = VECTOR('',#1347,1.);
#1347 = DIRECTION('',(0.,-1.));
#1348 = ( GEOMETRIC_REPRESENTATION_CONTEXT(2) 
PARAMETRIC_REPRESENTATION_CONTEXT() REPRESENTATION_CONTEXT('2D SPACE',''
  ) );
#1349 = PCURVE('',#463,#1350);
#1350 = DEFINITIONAL_REPRESENTATION('',(#1351),#1355);
#1351 = LINE('',#1352,#1353);
#1352 = CARTESIAN_POINT('',(30.7,0.));
#1353 = VECTOR('',#1354,1.);
#1354 = DIRECTION('',(0.,1.));
#1355 = ( GEOMETRIC_REPRESENTATION_CONTEXT(2) 
PARAMETRIC_REPRESENTATION_CONTEXT() REPRESENTATION_CONTEXT('2D SPACE',''
  ) );
#1356 = ORIENTED_EDGE('',*,*,#414,.T.);
#1357 = ORIENTED_EDGE('',*,*,#1256,.T.);
#1358 = ORIENTED_EDGE('',*,*,#592,.T.);
#1359 = ORIENTED_EDGE('',*,*,#1360,.T.);
#1360 = EDGE_CURVE('',#564,#1361,#1363,.T.);
#1361 = VERTEX_POINT('',#1362);
#1362 = CARTESIAN_POINT('',(15.35,19.,172.));
#1363 = SURFACE_CURVE('',#1364,(#1368,#1375),.PCURVE_S1.);
#1364 = LINE('',#1365,#1366);
#1365 = CARTESIAN_POINT('',(15.35,-19.,172.));
#1366 = VECTOR('',#1367,1.);
#1367 = DIRECTION('',(-0.,1.,0.));
#1368 = PCURVE('',#434,#1369);
#1369 = DEFINITIONAL_REPRESENTATION('',(#1370),#1374);
#1370 = LINE('',#1371,#1372);
#1371 = CARTESIAN_POINT('',(0.,0.));
#1372 = VECTOR('',#1373,1.);
#1373 = DIRECTION('',(0.,-1.));
#1374 = ( GEOMETRIC_REPRESENTATION_CONTEXT(2) 
PARAMETRIC_REPRESENTATION_CONTEXT() REPRESENTATION_CONTEXT('2D SPACE',''
  ) );
#1375 = PCURVE('',#580,#1376);
#1376 = DEFINITIONAL_REPRESENTATION('',(#1377),#1381);
#1377 = LINE('',#1378,#1379);
#1378 = CARTESIAN_POINT('',(30.7,0.));
#1379 = VECTOR('',#1380,1.);
#1380 = DIRECTION('',(0.,1.));
#1381 = ( GEOMETRIC_REPRESENTATION_CONTEXT(2) 
PARAMETRIC_REPRESENTATION_CONTEXT() REPRESENTATION_CONTEXT('2D SPACE',''
  ) );
#1382 = ORIENTED_EDGE('',*,*,#1383,.T.);
#1383 = EDGE_CURVE('',#1361,#1281,#1384,.T.);
#1384 = SURFACE_CURVE('',#1385,(#1389,#1396),.PCURVE_S1.);
#1385 = LINE('',#1386,#1387);
#1386 = CARTESIAN_POINT('',(15.35,19.,172.));
#1387 = VECTOR('',#1388,1.);
#1388 = DIRECTION('',(0.,0.,1.));
#1389 = PCURVE('',#434,#1390);
#1390 = DEFINITIONAL_REPRESENTATION('',(#1391),#1395);
#1391 = LINE('',#1392,#1393);
#1392 = CARTESIAN_POINT('',(0.,-38.));
#1393 = VECTOR('',#1394,1.);
#1394 = DIRECTION('',(1.,0.));
#1395 = ( GEOMETRIC_REPRESENTATION_CONTEXT(2) 
PARAMETRIC_REPRESENTATION_CONTEXT() REPRESENTATION_CONTEXT('2D SPACE',''
  ) );
#1396 = PCURVE('',#1397,#1402);
#1397 = PLANE('',#1398);
#1398 = AXIS2_PLACEMENT_3D('',#1399,#1400,#1401);
#1399 = CARTESIAN_POINT('',(-15.35,19.,172.));
#1400 = DIRECTION('',(-0.,1.,0.));
#1401 = DIRECTION('',(0.,0.,1.));
#1402 = DEFINITIONAL_REPRESENTATION('',(#1403),#1407);
#1403 = LINE('',#1404,#1405);
#1404 = CARTESIAN_POINT('',(0.,30.7));
#1405 = VECTOR('',#1406,1.);
#1406 = DIRECTION('',(1.,0.));
#1407 = ( GEOMETRIC_REPRESENTATION_CONTEXT(2) 
PARAMETRIC_REPRESENTATION_CONTEXT() REPRESENTATION_CONTEXT('2D SPACE',''
  ) );
#1408 = ADVANCED_FACE('',(#1409),#580,.F.);
#1409 = FACE_BOUND('',#1410,.F.);
#1410 = EDGE_LOOP('',(#1411,#1434,#1435,#1436));
#1411 = ORIENTED_EDGE('',*,*,#1412,.F.);
#1412 = EDGE_CURVE('',#537,#1413,#1415,.T.);
#1413 = VERTEX_POINT('',#1414);
#1414 = CARTESIAN_POINT('',(-15.35,19.,172.));
#1415 = SURFACE_CURVE('',#1416,(#1420,#1427),.PCURVE_S1.);
#1416 = LINE('',#1417,#1418);
#1417 = CARTESIAN_POINT('',(-15.35,-19.,172.));
#1418 = VECTOR('',#1419,1.);
#1419 = DIRECTION('',(-0.,1.,0.));
#1420 = PCURVE('',#580,#1421);
#1421 = DEFINITIONAL_REPRESENTATION('',(#1422),#1426);
#1422 = LINE('',#1423,#1424);
#1423 = CARTESIAN_POINT('',(0.,0.));
#1424 = VECTOR('',#1425,1.);
#1425 = DIRECTION('',(0.,1.));
#1426 = ( GEOMETRIC_REPRESENTATION_CONTEXT(2) 
PARAMETRIC_REPRESENTATION_CONTEXT() REPRESENTATION_CONTEXT('2D SPACE',''
  ) );
#1427 = PCURVE('',#495,#1428);
#1428 = DEFINITIONAL_REPRESENTATION('',(#1429),#1433);
#1429 = LINE('',#1430,#1431);
#1430 = CARTESIAN_POINT('',(0.,0.));
#1431 = VECTOR('',#1432,1.);
#1432 = DIRECTION('',(0.,-1.));
#1433 = ( GEOMETRIC_REPRESENTATION_CONTEXT(2) 
PARAMETRIC_REPRESENTATION_CONTEXT() REPRESENTATION_CONTEXT('2D SPACE',''
  ) );
#1434 = ORIENTED_EDGE('',*,*,#563,.F.);
#1435 = ORIENTED_EDGE('',*,*,#1360,.T.);
#1436 = ORIENTED_EDGE('',*,*,#1437,.F.);
#1437 = EDGE_CURVE('',#1413,#1361,#1438,.T.);
#1438 = SURFACE_CURVE('',#1439,(#1443,#1450),.PCURVE_S1.);
#1439 = LINE('',#1440,#1441);
#1440 = CARTESIAN_POINT('',(-15.35,19.,172.));
#1441 = VECTOR('',#1442,1.);
#1442 = DIRECTION('',(1.,0.,-0.));
#1443 = PCURVE('',#580,#1444);
#1444 = DEFINITIONAL_REPRESENTATION('',(#1445),#1449);
#1445 = LINE('',#1446,#1447);
#1446 = CARTESIAN_POINT('',(0.,38.));
#1447 = VECTOR('',#1448,1.);
#1448 = DIRECTION('',(1.,0.));
#1449 = ( GEOMETRIC_REPRESENTATION_CONTEXT(2) 
PARAMETRIC_REPRESENTATION_CONTEXT() REPRESENTATION_CONTEXT('2D SPACE',''
  ) );
#1450 = PCURVE('',#1397,#1451);
#1451 = DEFINITIONAL_REPRESENTATION('',(#1452),#1456);
#1452 = LINE('',#1453,#1454);
#1453 = CARTESIAN_POINT('',(0.,0.));
#1454 = VECTOR('',#1455,1.);
#1455 = DIRECTION('',(0.,1.));
#1456 = ( GEOMETRIC_REPRESENTATION_CONTEXT(2) 
PARAMETRIC_REPRESENTATION_CONTEXT() REPRESENTATION_CONTEXT('2D SPACE',''
  ) );
#1457 = ADVANCED_FACE('',(#1458),#495,.F.);
#1458 = FACE_BOUND('',#1459,.F.);
#1459 = EDGE_LOOP('',(#1460,#1485,#1508,#1529,#1530,#1549,#1550,#1551));
#1460 = ORIENTED_EDGE('',*,*,#1461,.F.);
#1461 = EDGE_CURVE('',#1462,#1464,#1466,.T.);
#1462 = VERTEX_POINT('',#1463);
#1463 = CARTESIAN_POINT('',(-15.35,-19.,210.));
#1464 = VERTEX_POINT('',#1465);
#1465 = CARTESIAN_POINT('',(-15.35,19.,210.));
#1466 = SURFACE_CURVE('',#1467,(#1471,#1478),.PCURVE_S1.);
#1467 = LINE('',#1468,#1469);
#1468 = CARTESIAN_POINT('',(-15.35,-19.,210.));
#1469 = VECTOR('',#1470,1.);
#1470 = DIRECTION('',(-0.,1.,0.));
#1471 = PCURVE('',#495,#1472);
#1472 = DEFINITIONAL_REPRESENTATION('',(#1473),#1477);
#1473 = LINE('',#1474,#1475);
#1474 = CARTESIAN_POINT('',(38.,0.));
#1475 = VECTOR('',#1476,1.);
#1476 = DIRECTION('',(0.,-1.));
#1477 = ( GEOMETRIC_REPRESENTATION_CONTEXT(2) 
PARAMETRIC_REPRESENTATION_CONTEXT() REPRESENTATION_CONTEXT('2D SPACE',''
  ) );
#1478 = PCURVE('',#1296,#1479);
#1479 = DEFINITIONAL_REPRESENTATION('',(#1480),#1484);
#1480 = LINE('',#1481,#1482);
#1481 = CARTESIAN_POINT('',(0.,0.));
#1482 = VECTOR('',#1483,1.);
#1483 = DIRECTION('',(0.,1.));
#1484 = ( GEOMETRIC_REPRESENTATION_CONTEXT(2) 
PARAMETRIC_REPRESENTATION_CONTEXT() REPRESENTATION_CONTEXT('2D SPACE',''
  ) );
#1485 = ORIENTED_EDGE('',*,*,#1486,.F.);
#1486 = EDGE_CURVE('',#1487,#1462,#1489,.T.);
#1487 = VERTEX_POINT('',#1488);
#1488 = CARTESIAN_POINT('',(-15.35,-19.,172.));
#1489 = SURFACE_CURVE('',#1490,(#1494,#1501),.PCURVE_S1.);
#1490 = LINE('',#1491,#1492);
#1491 = CARTESIAN_POINT('',(-15.35,-19.,172.));
#1492 = VECTOR('',#1493,1.);
#1493 = DIRECTION('',(0.,0.,1.));
#1494 = PCURVE('',#495,#1495);
#1495 = DEFINITIONAL_REPRESENTATION('',(#1496),#1500);
#1496 = LINE('',#1497,#1498);
#1497 = CARTESIAN_POINT('',(0.,0.));
#1498 = VECTOR('',#1499,1.);
#1499 = DIRECTION('',(1.,0.));
#1500 = ( GEOMETRIC_REPRESENTATION_CONTEXT(2) 
PARAMETRIC_REPRESENTATION_CONTEXT() REPRESENTATION_CONTEXT('2D SPACE',''
  ) );
#1501 = PCURVE('',#1324,#1502);
#1502 = DEFINITIONAL_REPRESENTATION('',(#1503),#1507);
#1503 = LINE('',#1504,#1505);
#1504 = CARTESIAN_POINT('',(0.,0.));
#1505 = VECTOR('',#1506,1.);
#1506 = DIRECTION('',(1.,0.));
#1507 = ( GEOMETRIC_REPRESENTATION_CONTEXT(2) 
PARAMETRIC_REPRESENTATION_CONTEXT() REPRESENTATION_CONTEXT('2D SPACE',''
  ) );
#1508 = ORIENTED_EDGE('',*,*,#1509,.T.);
#1509 = EDGE_CURVE('',#1487,#447,#1510,.T.);
#1510 = SURFACE_CURVE('',#1511,(#1515,#1522),.PCURVE_S1.);
#1511 = LINE('',#1512,#1513);
#1512 = CARTESIAN_POINT('',(-15.35,-19.,172.));
#1513 = VECTOR('',#1514,1.);
#1514 = DIRECTION('',(-0.,1.,0.));
#1515 = PCURVE('',#495,#1516);
#1516 = DEFINITIONAL_REPRESENTATION('',(#1517),#1521);
#1517 = LINE('',#1518,#1519);
#1518 = CARTESIAN_POINT('',(0.,0.));
#1519 = VECTOR('',#1520,1.);
#1520 = DIRECTION('',(0.,-1.));
#1521 = ( GEOMETRIC_REPRESENTATION_CONTEXT(2) 
PARAMETRIC_REPRESENTATION_CONTEXT() REPRESENTATION_CONTEXT('2D SPACE',''
  ) );
#1522 = PCURVE('',#463,#1523);
#1523 = DEFINITIONAL_REPRESENTATION('',(#1524),#1528);
#1524 = LINE('',#1525,#1526);
#1525 = CARTESIAN_POINT('',(0.,0.));
#1526 = VECTOR('',#1527,1.);
#1527 = DIRECTION('',(0.,1.));
#1528 = ( GEOMETRIC_REPRESENTATION_CONTEXT(2) 
PARAMETRIC_REPRESENTATION_CONTEXT() REPRESENTATION_CONTEXT('2D SPACE',''
  ) );
#1529 = ORIENTED_EDGE('',*,*,#475,.T.);
#1530 = ORIENTED_EDGE('',*,*,#1531,.T.);
#1531 = EDGE_CURVE('',#476,#508,#1532,.T.);
#1532 = SURFACE_CURVE('',#1533,(#1537,#1543),.PCURVE_S1.);
#1533 = LINE('',#1534,#1535);
#1534 = CARTESIAN_POINT('',(-15.35,-9.5,200.));
#1535 = VECTOR('',#1536,1.);
#1536 = DIRECTION('',(-0.,1.,0.));
#1537 = PCURVE('',#495,#1538);
#1538 = DEFINITIONAL_REPRESENTATION('',(#1539),#1542);
#1539 = B_SPLINE_CURVE_WITH_KNOTS('',1,(#1540,#1541),.UNSPECIFIED.,.F.,
  .F.,(2,2),(-7.5,26.5),.PIECEWISE_BEZIER_KNOTS.);
#1540 = CARTESIAN_POINT('',(28.,-2.));
#1541 = CARTESIAN_POINT('',(28.,-36.));
#1542 = ( GEOMETRIC_REPRESENTATION_CONTEXT(2) 
PARAMETRIC_REPRESENTATION_CONTEXT() REPRESENTATION_CONTEXT('2D SPACE',''
  ) );
#1543 = PCURVE('',#524,#1544);
#1544 = DEFINITIONAL_REPRESENTATION('',(#1545),#1548);
#1545 = B_SPLINE_CURVE_WITH_KNOTS('',1,(#1546,#1547),.UNSPECIFIED.,.F.,
  .F.,(2,2),(-7.5,26.5),.PIECEWISE_BEZIER_KNOTS.);
#1546 = CARTESIAN_POINT('',(-15.35,-17.));
#1547 = CARTESIAN_POINT('',(-15.35,17.));
#1548 = ( GEOMETRIC_REPRESENTATION_CONTEXT(2) 
PARAMETRIC_REPRESENTATION_CONTEXT() REPRESENTATION_CONTEXT('2D SPACE',''
  ) );
#1549 = ORIENTED_EDGE('',*,*,#536,.T.);
#1550 = ORIENTED_EDGE('',*,*,#1412,.T.);
#1551 = ORIENTED_EDGE('',*,*,#1552,.T.);
#1552 = EDGE_CURVE('',#1413,#1464,#1553,.T.);
#1553 = SURFACE_CURVE('',#1554,(#1558,#1565),.PCURVE_S1.);
#1554 = LINE('',#1555,#1556);
#1555 = CARTESIAN_POINT('',(-15.35,19.,172.));
#1556 = VECTOR('',#1557,1.);
#1557 = DIRECTION('',(0.,0.,1.));
#1558 = PCURVE('',#495,#1559);
#1559 = DEFINITIONAL_REPRESENTATION('',(#1560),#1564);
#1560 = LINE('',#1561,#1562);
#1561 = CARTESIAN_POINT('',(0.,-38.));
#1562 = VECTOR('',#1563,1.);
#1563 = DIRECTION('',(1.,0.));
#1564 = ( GEOMETRIC_REPRESENTATION_CONTEXT(2) 
PARAMETRIC_REPRESENTATION_CONTEXT() REPRESENTATION_CONTEXT('2D SPACE',''
  ) );
#1565 = PCURVE('',#1397,#1566);
#1566 = DEFINITIONAL_REPRESENTATION('',(#1567),#1571);
#1567 = LINE('',#1568,#1569);
#1568 = CARTESIAN_POINT('',(0.,0.));
#1569 = VECTOR('',#1570,1.);
#1570 = DIRECTION('',(1.,0.));
#1571 = ( GEOMETRIC_REPRESENTATION_CONTEXT(2) 
PARAMETRIC_REPRESENTATION_CONTEXT() REPRESENTATION_CONTEXT('2D SPACE',''
  ) );
#1572 = ADVANCED_FACE('',(#1573),#524,.T.);
#1573 = FACE_BOUND('',#1574,.T.);
#1574 = EDGE_LOOP('',(#1575,#1576));
#1575 = ORIENTED_EDGE('',*,*,#1531,.T.);
#1576 = ORIENTED_EDGE('',*,*,#507,.T.);
#1577 = ADVANCED_FACE('',(#1578),#463,.F.);
#1578 = FACE_BOUND('',#1579,.F.);
#1579 = EDGE_LOOP('',(#1580,#1581,#1602,#1603));
#1580 = ORIENTED_EDGE('',*,*,#1509,.F.);
#1581 = ORIENTED_EDGE('',*,*,#1582,.T.);
#1582 = EDGE_CURVE('',#1487,#1309,#1583,.T.);
#1583 = SURFACE_CURVE('',#1584,(#1588,#1595),.PCURVE_S1.);
#1584 = LINE('',#1585,#1586);
#1585 = CARTESIAN_POINT('',(-15.35,-19.,172.));
#1586 = VECTOR('',#1587,1.);
#1587 = DIRECTION('',(1.,0.,-0.));
#1588 = PCURVE('',#463,#1589);
#1589 = DEFINITIONAL_REPRESENTATION('',(#1590),#1594);
#1590 = LINE('',#1591,#1592);
#1591 = CARTESIAN_POINT('',(0.,0.));
#1592 = VECTOR('',#1593,1.);
#1593 = DIRECTION('',(1.,0.));
#1594 = ( GEOMETRIC_REPRESENTATION_CONTEXT(2) 
PARAMETRIC_REPRESENTATION_CONTEXT() REPRESENTATION_CONTEXT('2D SPACE',''
  ) );
#1595 = PCURVE('',#1324,#1596);
#1596 = DEFINITIONAL_REPRESENTATION('',(#1597),#1601);
#1597 = LINE('',#1598,#1599);
#1598 = CARTESIAN_POINT('',(0.,0.));
#1599 = VECTOR('',#1600,1.);
#1600 = DIRECTION('',(0.,1.));
#1601 = ( GEOMETRIC_REPRESENTATION_CONTEXT(2) 
PARAMETRIC_REPRESENTATION_CONTEXT() REPRESENTATION_CONTEXT('2D SPACE',''
  ) );
#1602 = ORIENTED_EDGE('',*,*,#1336,.T.);
#1603 = ORIENTED_EDGE('',*,*,#446,.F.);
#1604 = ADVANCED_FACE('',(#1605),#1296,.T.);
#1605 = FACE_BOUND('',#1606,.T.);
#1606 = EDGE_LOOP('',(#1607,#1608,#1629,#1630));
#1607 = ORIENTED_EDGE('',*,*,#1461,.F.);
#1608 = ORIENTED_EDGE('',*,*,#1609,.T.);
#1609 = EDGE_CURVE('',#1462,#1279,#1610,.T.);
#1610 = SURFACE_CURVE('',#1611,(#1615,#1622),.PCURVE_S1.);
#1611 = LINE('',#1612,#1613);
#1612 = CARTESIAN_POINT('',(-15.35,-19.,210.));
#1613 = VECTOR('',#1614,1.);
#1614 = DIRECTION('',(1.,0.,-0.));
#1615 = PCURVE('',#1296,#1616);
#1616 = DEFINITIONAL_REPRESENTATION('',(#1617),#1621);
#1617 = LINE('',#1618,#1619);
#1618 = CARTESIAN_POINT('',(0.,0.));
#1619 = VECTOR('',#1620,1.);
#1620 = DIRECTION('',(1.,0.));
#1621 = ( GEOMETRIC_REPRESENTATION_CONTEXT(2) 
PARAMETRIC_REPRESENTATION_CONTEXT() REPRESENTATION_CONTEXT('2D SPACE',''
  ) );
#1622 = PCURVE('',#1324,#1623);
#1623 = DEFINITIONAL_REPRESENTATION('',(#1624),#1628);
#1624 = LINE('',#1625,#1626);
#1625 = CARTESIAN_POINT('',(38.,0.));
#1626 = VECTOR('',#1627,1.);
#1627 = DIRECTION('',(0.,1.));
#1628 = ( GEOMETRIC_REPRESENTATION_CONTEXT(2) 
PARAMETRIC_REPRESENTATION_CONTEXT() REPRESENTATION_CONTEXT('2D SPACE',''
  ) );
#1629 = ORIENTED_EDGE('',*,*,#1278,.T.);
#1630 = ORIENTED_EDGE('',*,*,#1631,.F.);
#1631 = EDGE_CURVE('',#1464,#1281,#1632,.T.);
#1632 = SURFACE_CURVE('',#1633,(#1637,#1644),.PCURVE_S1.);
#1633 = LINE('',#1634,#1635);
#1634 = CARTESIAN_POINT('',(-15.35,19.,210.));
#1635 = VECTOR('',#1636,1.);
#1636 = DIRECTION('',(1.,0.,-0.));
#1637 = PCURVE('',#1296,#1638);
#1638 = DEFINITIONAL_REPRESENTATION('',(#1639),#1643);
#1639 = LINE('',#1640,#1641);
#1640 = CARTESIAN_POINT('',(0.,38.));
#1641 = VECTOR('',#1642,1.);
#1642 = DIRECTION('',(1.,0.));
#1643 = ( GEOMETRIC_REPRESENTATION_CONTEXT(2) 
PARAMETRIC_REPRESENTATION_CONTEXT() REPRESENTATION_CONTEXT('2D SPACE',''
  ) );
#1644 = PCURVE('',#1397,#1645);
#1645 = DEFINITIONAL_REPRESENTATION('',(#1646),#1650);
#1646 = LINE('',#1647,#1648);
#1647 = CARTESIAN_POINT('',(38.,0.));
#1648 = VECTOR('',#1649,1.);
#1649 = DIRECTION('',(0.,1.));
#1650 = ( GEOMETRIC_REPRESENTATION_CONTEXT(2) 
PARAMETRIC_REPRESENTATION_CONTEXT() REPRESENTATION_CONTEXT('2D SPACE',''
  ) );
#1651 = ADVANCED_FACE('',(#1652),#1397,.T.);
#1652 = FACE_BOUND('',#1653,.T.);
#1653 = EDGE_LOOP('',(#1654,#1655,#1656,#1657));
#1654 = ORIENTED_EDGE('',*,*,#1437,.F.);
#1655 = ORIENTED_EDGE('',*,*,#1552,.T.);
#1656 = ORIENTED_EDGE('',*,*,#1631,.T.);
#1657 = ORIENTED_EDGE('',*,*,#1383,.F.);
#1658 = ADVANCED_FACE('',(#1659),#1324,.F.);
#1659 = FACE_BOUND('',#1660,.F.);
#1660 = EDGE_LOOP('',(#1661,#1662,#1663,#1664));
#1661 = ORIENTED_EDGE('',*,*,#1582,.F.);
#1662 = ORIENTED_EDGE('',*,*,#1486,.T.);
#1663 = ORIENTED_EDGE('',*,*,#1609,.T.);
#1664 = ORIENTED_EDGE('',*,*,#1308,.F.);
#1665 = ( GEOMETRIC_REPRESENTATION_CONTEXT(3) 
GLOBAL_UNCERTAINTY_ASSIGNED_CONTEXT((#1669)) 
GLOBAL_UNIT_ASSIGNED_CONTEXT((#1666,#1667,#1668)) REPRESENTATION_CONTEXT
('Context #1','3D Context with UNIT and UNCERTAINTY') );
#1666 = ( LENGTH_UNIT() NAMED_UNIT(*) SI_UNIT(.MILLI.,.METRE.) );
#1667 = ( NAMED_UNIT(*) PLANE_ANGLE_UNIT() SI_UNIT($,.RADIAN.) );
#1668 = ( NAMED_UNIT(*) SI_UNIT($,.STERADIAN.) SOLID_ANGLE_UNIT() );
#1669 = UNCERTAINTY_MEASURE_WITH_UNIT(LENGTH_MEASURE(1.E-07),#1666,
  'distance_accuracy_value','confusion accuracy');
#1670 = PRODUCT_RELATED_PRODUCT_CATEGORY('part',$,(#7));
ENDSEC;
END-ISO-10303-21;
