ISO-10303-21;
HEADER;
FILE_DESCRIPTION(('Open CASCADE Model'),'2;1');
FILE_NAME('Open CASCADE Shape Model','2026-09-27T21:00:33',('Author'),(
    'Open CASCADE'),'Open CASCADE STEP processor 8.0','build123d',
  'Unknown');
FILE_SCHEMA(('AUTOMOTIVE_DESIGN { 1 0 10303 214 1 1 1 1 }'));
ENDSEC;
DATA;
#1 = APPLICATION_PROTOCOL_DEFINITION('international standard',
  'automotive_design',2000,#2);
#2 = APPLICATION_CONTEXT(
  'core data for automotive mechanical design processes');
#3 = SHAPE_DEFINITION_REPRESENTATION(#4,#10);
#4 = PRODUCT_DEFINITION_SHAPE('','',#5);
#5 = PRODUCT_DEFINITION('design','',#6,#9);
#6 = PRODUCT_DEFINITION_FORMATION('','',#7);
#7 = PRODUCT('=>[0:1:1:2]','=>[0:1:1:2]','',(#8));
#8 = PRODUCT_CONTEXT('',#2,'mechanical');
#9 = PRODUCT_DEFINITION_CONTEXT('part definition',#2,'design');
#10 = SHAPE_REPRESENTATION('',(#11,#15),#19);
#11 = AXIS2_PLACEMENT_3D('',#12,#13,#14);
#12 = CARTESIAN_POINT('',(0.,0.,0.));
#13 = DIRECTION('',(0.,0.,1.));
#14 = DIRECTION('',(1.,0.,-0.));
#15 = AXIS2_PLACEMENT_3D('',#16,#17,#18);
#16 = CARTESIAN_POINT('',(0.,0.,0.));
#17 = DIRECTION('',(0.,-0.2419218956,0.970295726276));
#18 = DIRECTION('',(1.,0.,0.));
#19 = ( GEOMETRIC_REPRESENTATION_CONTEXT(3) 
GLOBAL_UNCERTAINTY_ASSIGNED_CONTEXT((#23)) GLOBAL_UNIT_ASSIGNED_CONTEXT(
(#20,#21,#22)) REPRESENTATION_CONTEXT('Context #1',
  '3D Context with UNIT and UNCERTAINTY') );
#20 = ( LENGTH_UNIT() NAMED_UNIT(*) SI_UNIT(.MILLI.,.METRE.) );
#21 = ( NAMED_UNIT(*) PLANE_ANGLE_UNIT() SI_UNIT($,.RADIAN.) );
#22 = ( NAMED_UNIT(*) SI_UNIT($,.STERADIAN.) SOLID_ANGLE_UNIT() );
#23 = UNCERTAINTY_MEASURE_WITH_UNIT(LENGTH_MEASURE(1.E-07),#20,
  'distance_accuracy_value','confusion accuracy');
#24 = PRODUCT_RELATED_PRODUCT_CATEGORY('part',$,(#7));
#25 = SHAPE_DEFINITION_REPRESENTATION(#26,#32);
#26 = PRODUCT_DEFINITION_SHAPE('','',#27);
#27 = PRODUCT_DEFINITION('design','',#28,#31);
#28 = PRODUCT_DEFINITION_FORMATION('','',#29);
#29 = PRODUCT('COMPOUND','COMPOUND','',(#30));
#30 = PRODUCT_CONTEXT('',#2,'mechanical');
#31 = PRODUCT_DEFINITION_CONTEXT('part definition',#2,'design');
#32 = SHAPE_REPRESENTATION('',(#11,#33,#1911),#2009);
#33 = MANIFOLD_SOLID_BREP('',#34);
#34 = CLOSED_SHELL('',(#35,#327,#964,#999,#1047,#1648,#1676,#1736,#1841,
    #1896,#1903,#1907));
#35 = ADVANCED_FACE('',(#36),#54,.T.);
#36 = FACE_BOUND('',#37,.T.);
#37 = EDGE_LOOP('',(#38,#85,#114,#214,#243,#276,#299,#326));
#38 = ORIENTED_EDGE('',*,*,#39,.F.);
#39 = EDGE_CURVE('',#40,#42,#44,.T.);
#40 = VERTEX_POINT('',#41);
#41 = CARTESIAN_POINT('',(6.708737119579,0.916515138991,7.));
#42 = VERTEX_POINT('',#43);
#43 = CARTESIAN_POINT('',(6.747368421053,-1.652628627902E-15,7.2));
#44 = SURFACE_CURVE('',#45,(#53,#69),.PCURVE_S1.);
#45 = B_SPLINE_CURVE_WITH_KNOTS('',6,(#46,#47,#48,#49,#50,#51,#52),
  .UNSPECIFIED.,.F.,.F.,(7,7),(0.,1.),.PIECEWISE_BEZIER_KNOTS.);
#46 = CARTESIAN_POINT('',(6.708737119579,0.916515138991,7.));
#47 = CARTESIAN_POINT('',(6.719941767211,0.779612201593,7.062736807349)
  );
#48 = CARTESIAN_POINT('',(6.730100425688,0.63424096497,7.115748276487));
#49 = CARTESIAN_POINT('',(6.738496711188,0.481509704336,7.15728426865));
#50 = CARTESIAN_POINT('',(6.744414424321,0.32312627373,7.185769935413));
#51 = CARTESIAN_POINT('',(6.747368421053,0.161513167629,7.2));
#52 = CARTESIAN_POINT('',(6.747368421053,0.,7.2));
#53 = PCURVE('',#54,#59);
#54 = CONICAL_SURFACE('',#55,7.6,0.117872103197);
#55 = AXIS2_PLACEMENT_3D('',#56,#57,#58);
#56 = CARTESIAN_POINT('',(0.,0.,0.));
#57 = DIRECTION('',(-0.,-0.,-1.));
#58 = DIRECTION('',(1.,0.,-0.));
#59 = DEFINITIONAL_REPRESENTATION('',(#60),#68);
#60 = B_SPLINE_CURVE_WITH_KNOTS('',6,(#61,#62,#63,#64,#65,#66,#67),
  .UNSPECIFIED.,.F.,.F.,(7,7),(0.,1.),.PIECEWISE_BEZIER_KNOTS.);
#61 = CARTESIAN_POINT('',(-0.135774629399,-7.));
#62 = CARTESIAN_POINT('',(-0.115517863791,-7.062736807349));
#63 = CARTESIAN_POINT('',(-9.398950684994E-02,-7.115748276487));
#64 = CARTESIAN_POINT('',(-7.136035547753E-02,-7.15728426865));
#65 = CARTESIAN_POINT('',(-4.788923411474E-02,-7.185769935413));
#66 = CARTESIAN_POINT('',(-2.393720893102E-02,-7.2));
#67 = CARTESIAN_POINT('',(0.,-7.2));
#68 = ( GEOMETRIC_REPRESENTATION_CONTEXT(2) 
PARAMETRIC_REPRESENTATION_CONTEXT() REPRESENTATION_CONTEXT('2D SPACE',''
  ) );
#69 = PCURVE('',#70,#75);
#70 = CYLINDRICAL_SURFACE('',#71,2.2);
#71 = AXIS2_PLACEMENT_3D('',#72,#73,#74);
#72 = CARTESIAN_POINT('',(-15.6,0.,5.));
#73 = DIRECTION('',(1.,0.,2.22044604925E-16));
#74 = DIRECTION('',(2.22044604925E-16,0.,-1.));
#75 = DEFINITIONAL_REPRESENTATION('',(#76),#84);
#76 = B_SPLINE_CURVE_WITH_KNOTS('',6,(#77,#78,#79,#80,#81,#82,#83),
  .UNSPECIFIED.,.F.,.F.,(7,7),(0.,1.),.PIECEWISE_BEZIER_KNOTS.);
#77 = CARTESIAN_POINT('',(2.711892987438,22.308737119579));
#78 = CARTESIAN_POINT('',(2.780344456138,22.319941767211));
#79 = CARTESIAN_POINT('',(2.850453041379,22.330100425688));
#80 = CARTESIAN_POINT('',(2.922010465781,22.338496711188));
#81 = CARTESIAN_POINT('',(2.994717532573,22.344414424321));
#82 = CARTESIAN_POINT('',(3.068177577395,22.347368421053));
#83 = CARTESIAN_POINT('',(3.14159265359,22.347368421053));
#84 = ( GEOMETRIC_REPRESENTATION_CONTEXT(2) 
PARAMETRIC_REPRESENTATION_CONTEXT() REPRESENTATION_CONTEXT('2D SPACE',''
  ) );
#85 = ORIENTED_EDGE('',*,*,#86,.T.);
#86 = EDGE_CURVE('',#40,#87,#89,.T.);
#87 = VERTEX_POINT('',#88);
#88 = CARTESIAN_POINT('',(-6.708737119579,0.916515138991,7.));
#89 = SURFACE_CURVE('',#90,(#95,#102),.PCURVE_S1.);
#90 = CIRCLE('',#91,6.771052631579);
#91 = AXIS2_PLACEMENT_3D('',#92,#93,#94);
#92 = CARTESIAN_POINT('',(0.,0.,7.));
#93 = DIRECTION('',(0.,0.,1.));
#94 = DIRECTION('',(1.,0.,-0.));
#95 = PCURVE('',#54,#96);
#96 = DEFINITIONAL_REPRESENTATION('',(#97),#101);
#97 = LINE('',#98,#99);
#98 = CARTESIAN_POINT('',(-0.,-7.));
#99 = VECTOR('',#100,1.);
#100 = DIRECTION('',(-1.,-0.));
#101 = ( GEOMETRIC_REPRESENTATION_CONTEXT(2) 
PARAMETRIC_REPRESENTATION_CONTEXT() REPRESENTATION_CONTEXT('2D SPACE',''
  ) );
#102 = PCURVE('',#103,#108);
#103 = PLANE('',#104);
#104 = AXIS2_PLACEMENT_3D('',#105,#106,#107);
#105 = CARTESIAN_POINT('',(0.,0.,7.));
#106 = DIRECTION('',(0.,0.,1.));
#107 = DIRECTION('',(1.,0.,-0.));
#108 = DEFINITIONAL_REPRESENTATION('',(#109),#113);
#109 = CIRCLE('',#110,6.771052631579);
#110 = AXIS2_PLACEMENT_2D('',#111,#112);
#111 = CARTESIAN_POINT('',(0.,0.));
#112 = DIRECTION('',(1.,0.));
#113 = ( GEOMETRIC_REPRESENTATION_CONTEXT(2) 
PARAMETRIC_REPRESENTATION_CONTEXT() REPRESENTATION_CONTEXT('2D SPACE',''
  ) );
#114 = ORIENTED_EDGE('',*,*,#115,.T.);
#115 = EDGE_CURVE('',#87,#116,#118,.T.);
#116 = VERTEX_POINT('',#117);
#117 = CARTESIAN_POINT('',(-6.708737119579,-0.916515138991,7.));
#118 = SURFACE_CURVE('',#119,(#147,#178),.PCURVE_S1.);
#119 = B_SPLINE_CURVE_WITH_KNOTS('',6,(#120,#121,#122,#123,#124,#125,
    #126,#127,#128,#129,#130,#131,#132,#133,#134,#135,#136,#137,#138,
    #139,#140,#141,#142,#143,#144,#145,#146),.UNSPECIFIED.,.F.,.F.,(7,5,
    5,5,5,7),(0.,0.177784471837,0.499106411887,0.720278513199,
    0.822485840598,1.),.UNSPECIFIED.);
#120 = CARTESIAN_POINT('',(-6.708737119579,0.916515138991,7.));
#121 = CARTESIAN_POINT('',(-6.712723025565,0.867813720106,7.02231779385)
  );
#122 = CARTESIAN_POINT('',(-6.716574569187,0.818065392025,7.043393370438
    ));
#123 = CARTESIAN_POINT('',(-6.720260788083,0.767308828361,7.063156779713
    ));
#124 = CARTESIAN_POINT('',(-6.723750321991,0.715594134108,7.081536393436
    ));
#125 = CARTESIAN_POINT('',(-6.727012720591,0.662984875186,7.098461959759
    ));
#126 = CARTESIAN_POINT('',(-6.73545456211,0.51300190094,7.141711421305)
  );
#127 = CARTESIAN_POINT('',(-6.740056900362,0.41374967561,7.164599211474)
  );
#128 = CARTESIAN_POINT('',(-6.743656443652,0.312321589231,7.182121360066
    ));
#129 = CARTESIAN_POINT('',(-6.746114250738,0.20933772465,7.193959500869)
  );
#130 = CARTESIAN_POINT('',(-6.747351347725,0.105525791322,7.19991777117)
  );
#131 = CARTESIAN_POINT('',(-6.747379934933,-6.971724837629E-02,
    7.200055453333));
#132 = CARTESIAN_POINT('',(-6.746813516696,-0.141171728035,
    7.197327256245));
#133 = CARTESIAN_POINT('',(-6.745668543443,-0.212369260783,
    7.191813884242));
#134 = CARTESIAN_POINT('',(-6.743962170649,-0.283062554477,
    7.183556127432));
#135 = CARTESIAN_POINT('',(-6.741726296637,-0.353022951063,7.17262979712
    ));
#136 = CARTESIAN_POINT('',(-6.737746957932,-0.453934861298,
    7.152904839863));
#137 = CARTESIAN_POINT('',(-6.73638544253,-0.485628910128,7.14612268472)
  );
#138 = CARTESIAN_POINT('',(-6.734924437072,-0.517103048476,
    7.138802845536));
#139 = CARTESIAN_POINT('',(-6.733368626298,-0.548339105345,
    7.130956340295));
#140 = CARTESIAN_POINT('',(-6.731723064449,-0.579320471856,
    7.122595005382));
#141 = CARTESIAN_POINT('',(-6.726988695715,-0.663372201351,
    7.098337310749));
#142 = CARTESIAN_POINT('',(-6.723729765428,-0.715898729829,7.0814281163)
  );
#143 = CARTESIAN_POINT('',(-6.720244502615,-0.767533045633,7.06306946362
    ));
#144 = CARTESIAN_POINT('',(-6.716563225842,-0.818211902555,
    7.043331298582));
#145 = CARTESIAN_POINT('',(-6.712717156216,-0.867885434205,
    7.022284930321));
#146 = CARTESIAN_POINT('',(-6.708737119579,-0.916515138991,7.));
#147 = PCURVE('',#54,#148);
#148 = DEFINITIONAL_REPRESENTATION('',(#149),#177);
#149 = B_SPLINE_CURVE_WITH_KNOTS('',6,(#150,#151,#152,#153,#154,#155,
    #156,#157,#158,#159,#160,#161,#162,#163,#164,#165,#166,#167,#168,
    #169,#170,#171,#172,#173,#174,#175,#176),.UNSPECIFIED.,.F.,.F.,(7,5,
    5,5,5,7),(0.,0.177784471837,0.499106411887,0.720278513199,
    0.822485840598,1.),.UNSPECIFIED.);
#150 = CARTESIAN_POINT('',(-3.005818024191,-7.));
#151 = CARTESIAN_POINT('',(-3.013024102058,-7.02231779385));
#152 = CARTESIAN_POINT('',(-3.020387437173,-7.043393370438));
#153 = CARTESIAN_POINT('',(-3.027901995379,-7.063156779713));
#154 = CARTESIAN_POINT('',(-3.035560070137,-7.081536393436));
#155 = CARTESIAN_POINT('',(-3.043351987903,-7.098461959759));
#156 = CARTESIAN_POINT('',(-3.06556900753,-7.141711421305));
#157 = CARTESIAN_POINT('',(-3.080274881414,-7.164599211474));
#158 = CARTESIAN_POINT('',(-3.095305352183,-7.182121360067));
#159 = CARTESIAN_POINT('',(-3.110567567715,-7.193959500869));
#160 = CARTESIAN_POINT('',(-3.125953105779,-7.19991777117));
#161 = CARTESIAN_POINT('',(-3.151925163069,-7.200055453333));
#162 = CARTESIAN_POINT('',(-3.162515143112,-7.197327256245));
#163 = CARTESIAN_POINT('',(-3.173066855475,-7.191813884242));
#164 = CARTESIAN_POINT('',(-3.183543455262,-7.183556127432));
#165 = CARTESIAN_POINT('',(-3.193910816113,-7.17262979712));
#166 = CARTESIAN_POINT('',(-3.208863456004,-7.152904839863));
#167 = CARTESIAN_POINT('',(-3.21355952084,-7.14612268472));
#168 = CARTESIAN_POINT('',(-3.218222762327,-7.138802845536));
#169 = CARTESIAN_POINT('',(-3.222850452807,-7.130956340295));
#170 = CARTESIAN_POINT('',(-3.227440092626,-7.122595005382));
#171 = CARTESIAN_POINT('',(-3.239890685835,-7.098337310749));
#172 = CARTESIAN_POINT('',(-3.247670342514,-7.0814281163));
#173 = CARTESIAN_POINT('',(-3.255316507371,-7.06306946362));
#174 = CARTESIAN_POINT('',(-3.262819555276,-7.043331298582));
#175 = CARTESIAN_POINT('',(-3.270171816258,-7.022284930321));
#176 = CARTESIAN_POINT('',(-3.277367282989,-7.));
#177 = ( GEOMETRIC_REPRESENTATION_CONTEXT(2) 
PARAMETRIC_REPRESENTATION_CONTEXT() REPRESENTATION_CONTEXT('2D SPACE',''
  ) );
#178 = PCURVE('',#179,#184);
#179 = CYLINDRICAL_SURFACE('',#180,2.2);
#180 = AXIS2_PLACEMENT_3D('',#181,#182,#183);
#181 = CARTESIAN_POINT('',(-15.6,0.,5.));
#182 = DIRECTION('',(1.,0.,2.22044604925E-16));
#183 = DIRECTION('',(2.22044604925E-16,0.,-1.));
#184 = DEFINITIONAL_REPRESENTATION('',(#185),#213);
#185 = B_SPLINE_CURVE_WITH_KNOTS('',6,(#186,#187,#188,#189,#190,#191,
    #192,#193,#194,#195,#196,#197,#198,#199,#200,#201,#202,#203,#204,
    #205,#206,#207,#208,#209,#210,#211,#212),.UNSPECIFIED.,.F.,.F.,(7,5,
    5,5,5,7),(0.,0.177784471837,0.499106411887,0.720278513199,
    0.822485840598,1.),.UNSPECIFIED.);
#186 = CARTESIAN_POINT('',(2.711892987438,8.891262880421));
#187 = CARTESIAN_POINT('',(2.736243696881,8.887276974435));
#188 = CARTESIAN_POINT('',(2.760791794855,8.883425430813));
#189 = CARTESIAN_POINT('',(2.785533992998,8.879739211917));
#190 = CARTESIAN_POINT('',(2.810464216653,8.876249678009));
#191 = CARTESIAN_POINT('',(2.83557291742,8.872987279409));
#192 = CARTESIAN_POINT('',(2.906524839926,8.86454543789));
#193 = CARTESIAN_POINT('',(2.952755716211,8.859943099638));
#194 = CARTESIAN_POINT('',(2.999432827904,8.856343556348));
#195 = CARTESIAN_POINT('',(3.046437034797,8.853885749262));
#196 = CARTESIAN_POINT('',(3.093626370164,8.852648652275));
#197 = CARTESIAN_POINT('',(3.173282321885,8.852620065067));
#198 = CARTESIAN_POINT('',(3.205760620883,8.853186483304));
#199 = CARTESIAN_POINT('',(3.238182881524,8.854331456557));
#200 = CARTESIAN_POINT('',(3.270498158392,8.856037829351));
#201 = CARTESIAN_POINT('',(3.302660497722,8.858273703363));
#202 = CARTESIAN_POINT('',(3.349397602201,8.862253042068));
#203 = CARTESIAN_POINT('',(3.364127801459,8.86361455747));
#204 = CARTESIAN_POINT('',(3.378812602856,8.865075562928));
#205 = CARTESIAN_POINT('',(3.393448557845,8.866631373702));
#206 = CARTESIAN_POINT('',(3.408032633572,8.868276935551));
#207 = CARTESIAN_POINT('',(3.447797253473,8.873011304285));
#208 = CARTESIAN_POINT('',(3.4728679312,8.876270234572));
#209 = CARTESIAN_POINT('',(3.497760614826,8.879755497385));
#210 = CARTESIAN_POINT('',(3.522465808056,8.883436774158));
#211 = CARTESIAN_POINT('',(3.546977467348,8.887282843784));
#212 = CARTESIAN_POINT('',(3.571292319741,8.891262880421));
#213 = ( GEOMETRIC_REPRESENTATION_CONTEXT(2) 
PARAMETRIC_REPRESENTATION_CONTEXT() REPRESENTATION_CONTEXT('2D SPACE',''
  ) );
#214 = ORIENTED_EDGE('',*,*,#215,.T.);
#215 = EDGE_CURVE('',#116,#216,#218,.T.);
#216 = VERTEX_POINT('',#217);
#217 = CARTESIAN_POINT('',(6.708737119579,-0.916515138991,7.));
#218 = SURFACE_CURVE('',#219,(#224,#231),.PCURVE_S1.);
#219 = CIRCLE('',#220,6.771052631579);
#220 = AXIS2_PLACEMENT_3D('',#221,#222,#223);
#221 = CARTESIAN_POINT('',(0.,0.,7.));
#222 = DIRECTION('',(0.,0.,1.));
#223 = DIRECTION('',(1.,0.,-0.));
#224 = PCURVE('',#54,#225);
#225 = DEFINITIONAL_REPRESENTATION('',(#226),#230);
#226 = LINE('',#227,#228);
#227 = CARTESIAN_POINT('',(-0.,-7.));
#228 = VECTOR('',#229,1.);
#229 = DIRECTION('',(-1.,-0.));
#230 = ( GEOMETRIC_REPRESENTATION_CONTEXT(2) 
PARAMETRIC_REPRESENTATION_CONTEXT() REPRESENTATION_CONTEXT('2D SPACE',''
  ) );
#231 = PCURVE('',#232,#237);
#232 = PLANE('',#233);
#233 = AXIS2_PLACEMENT_3D('',#234,#235,#236);
#234 = CARTESIAN_POINT('',(0.,0.,7.));
#235 = DIRECTION('',(0.,0.,1.));
#236 = DIRECTION('',(1.,0.,-0.));
#237 = DEFINITIONAL_REPRESENTATION('',(#238),#242);
#238 = CIRCLE('',#239,6.771052631579);
#239 = AXIS2_PLACEMENT_2D('',#240,#241);
#240 = CARTESIAN_POINT('',(0.,0.));
#241 = DIRECTION('',(1.,0.));
#242 = ( GEOMETRIC_REPRESENTATION_CONTEXT(2) 
PARAMETRIC_REPRESENTATION_CONTEXT() REPRESENTATION_CONTEXT('2D SPACE',''
  ) );
#243 = ORIENTED_EDGE('',*,*,#244,.F.);
#244 = EDGE_CURVE('',#42,#216,#245,.T.);
#245 = SURFACE_CURVE('',#246,(#254,#265),.PCURVE_S1.);
#246 = B_SPLINE_CURVE_WITH_KNOTS('',6,(#247,#248,#249,#250,#251,#252,
    #253),.UNSPECIFIED.,.F.,.F.,(7,7),(0.,1.),.PIECEWISE_BEZIER_KNOTS.);
#247 = CARTESIAN_POINT('',(6.747368421053,2.22044604925E-16,7.2));
#248 = CARTESIAN_POINT('',(6.747368421053,-0.161513982753,7.2));
#249 = CARTESIAN_POINT('',(6.7444143912,-0.323127117832,7.185769782174)
  );
#250 = CARTESIAN_POINT('',(6.73849668842,-0.48150969796,7.157284134711)
  );
#251 = CARTESIAN_POINT('',(6.730100448198,-0.634240839733,7.115748410529
    ));
#252 = CARTESIAN_POINT('',(6.719941739031,-0.7796125459,7.062736649568)
  );
#253 = CARTESIAN_POINT('',(6.708737119579,-0.916515138991,7.));
#254 = PCURVE('',#54,#255);
#255 = DEFINITIONAL_REPRESENTATION('',(#256),#264);
#256 = B_SPLINE_CURVE_WITH_KNOTS('',6,(#257,#258,#259,#260,#261,#262,
    #263),.UNSPECIFIED.,.F.,.F.,(7,7),(0.,1.),.PIECEWISE_BEZIER_KNOTS.);
#257 = CARTESIAN_POINT('',(-6.28318530718,-7.2));
#258 = CARTESIAN_POINT('',(-6.259247977442,-7.2));
#259 = CARTESIAN_POINT('',(-6.235295947944,-7.185769782174));
#260 = CARTESIAN_POINT('',(-6.211824952748,-7.157284134711));
#261 = CARTESIAN_POINT('',(-6.189195818792,-7.115748410529));
#262 = CARTESIAN_POINT('',(-6.167667392443,-7.062736649568));
#263 = CARTESIAN_POINT('',(-6.147410677781,-7.));
#264 = ( GEOMETRIC_REPRESENTATION_CONTEXT(2) 
PARAMETRIC_REPRESENTATION_CONTEXT() REPRESENTATION_CONTEXT('2D SPACE',''
  ) );
#265 = PCURVE('',#70,#266);
#266 = DEFINITIONAL_REPRESENTATION('',(#267),#275);
#267 = B_SPLINE_CURVE_WITH_KNOTS('',6,(#268,#269,#270,#271,#272,#273,
    #274),.UNSPECIFIED.,.F.,.F.,(7,7),(0.,1.),.PIECEWISE_BEZIER_KNOTS.);
#268 = CARTESIAN_POINT('',(3.14159265359,22.347368421053));
#269 = CARTESIAN_POINT('',(3.215008100296,22.347368421053));
#270 = CARTESIAN_POINT('',(3.288468156159,22.3444143912));
#271 = CARTESIAN_POINT('',(3.361174858228,22.33849668842));
#272 = CARTESIAN_POINT('',(3.432732191462,22.330100448198));
#273 = CARTESIAN_POINT('',(3.502841023195,22.319941739031));
#274 = CARTESIAN_POINT('',(3.571292319741,22.308737119579));
#275 = ( GEOMETRIC_REPRESENTATION_CONTEXT(2) 
PARAMETRIC_REPRESENTATION_CONTEXT() REPRESENTATION_CONTEXT('2D SPACE',''
  ) );
#276 = ORIENTED_EDGE('',*,*,#277,.T.);
#277 = EDGE_CURVE('',#42,#278,#280,.T.);
#278 = VERTEX_POINT('',#279);
#279 = CARTESIAN_POINT('',(3.928947368421,-9.623145637511E-16,31.));
#280 = SEAM_CURVE('',#281,(#285,#292),.PCURVE_S1.);
#281 = LINE('',#282,#283);
#282 = CARTESIAN_POINT('',(7.6,-1.861463134704E-15,0.));
#283 = VECTOR('',#284,1.);
#284 = DIRECTION('',(-0.117599343536,2.880353192868E-17,0.993061123194)
  );
#285 = PCURVE('',#54,#286);
#286 = DEFINITIONAL_REPRESENTATION('',(#287),#291);
#287 = LINE('',#288,#289);
#288 = CARTESIAN_POINT('',(0.,-0.));
#289 = VECTOR('',#290,1.);
#290 = DIRECTION('',(-0.,-1.));
#291 = ( GEOMETRIC_REPRESENTATION_CONTEXT(2) 
PARAMETRIC_REPRESENTATION_CONTEXT() REPRESENTATION_CONTEXT('2D SPACE',''
  ) );
#292 = PCURVE('',#54,#293);
#293 = DEFINITIONAL_REPRESENTATION('',(#294),#298);
#294 = LINE('',#295,#296);
#295 = CARTESIAN_POINT('',(-6.28318530718,0.));
#296 = VECTOR('',#297,1.);
#297 = DIRECTION('',(-0.,-1.));
#298 = ( GEOMETRIC_REPRESENTATION_CONTEXT(2) 
PARAMETRIC_REPRESENTATION_CONTEXT() REPRESENTATION_CONTEXT('2D SPACE',''
  ) );
#299 = ORIENTED_EDGE('',*,*,#300,.F.);
#300 = EDGE_CURVE('',#278,#278,#301,.T.);
#301 = SURFACE_CURVE('',#302,(#307,#314),.PCURVE_S1.);
#302 = CIRCLE('',#303,3.928947368421);
#303 = AXIS2_PLACEMENT_3D('',#304,#305,#306);
#304 = CARTESIAN_POINT('',(0.,0.,31.));
#305 = DIRECTION('',(0.,0.,1.));
#306 = DIRECTION('',(1.,0.,-0.));
#307 = PCURVE('',#54,#308);
#308 = DEFINITIONAL_REPRESENTATION('',(#309),#313);
#309 = LINE('',#310,#311);
#310 = CARTESIAN_POINT('',(-0.,-31.));
#311 = VECTOR('',#312,1.);
#312 = DIRECTION('',(-1.,-0.));
#313 = ( GEOMETRIC_REPRESENTATION_CONTEXT(2) 
PARAMETRIC_REPRESENTATION_CONTEXT() REPRESENTATION_CONTEXT('2D SPACE',''
  ) );
#314 = PCURVE('',#315,#320);
#315 = PLANE('',#316);
#316 = AXIS2_PLACEMENT_3D('',#317,#318,#319);
#317 = CARTESIAN_POINT('',(0.,0.,31.));
#318 = DIRECTION('',(0.,0.,1.));
#319 = DIRECTION('',(1.,0.,-0.));
#320 = DEFINITIONAL_REPRESENTATION('',(#321),#325);
#321 = CIRCLE('',#322,3.928947368421);
#322 = AXIS2_PLACEMENT_2D('',#323,#324);
#323 = CARTESIAN_POINT('',(0.,0.));
#324 = DIRECTION('',(1.,0.));
#325 = ( GEOMETRIC_REPRESENTATION_CONTEXT(2) 
PARAMETRIC_REPRESENTATION_CONTEXT() REPRESENTATION_CONTEXT('2D SPACE',''
  ) );
#326 = ORIENTED_EDGE('',*,*,#277,.F.);
#327 = ADVANCED_FACE('',(#328),#70,.F.);
#328 = FACE_BOUND('',#329,.F.);
#329 = EDGE_LOOP('',(#330,#447,#470,#645,#813,#814,#924,#943,#944,#945)
  );
#330 = ORIENTED_EDGE('',*,*,#331,.F.);
#331 = EDGE_CURVE('',#332,#334,#336,.T.);
#332 = VERTEX_POINT('',#333);
#333 = CARTESIAN_POINT('',(10.6,-1.567547902909E-15,2.8));
#334 = VERTEX_POINT('',#335);
#335 = CARTESIAN_POINT('',(10.560303025955,0.916515138991,7.));
#336 = SURFACE_CURVE('',#337,(#370,#406),.PCURVE_S1.);
#337 = B_SPLINE_CURVE_WITH_KNOTS('',7,(#338,#339,#340,#341,#342,#343,
    #344,#345,#346,#347,#348,#349,#350,#351,#352,#353,#354,#355,#356,
    #357,#358,#359,#360,#361,#362,#363,#364,#365,#366,#367,#368,#369),
  .UNSPECIFIED.,.F.,.F.,(8,6,6,6,6,8),(0.,0.266198759891,0.565771488373,
    0.750990807253,0.893875979683,1.),.UNSPECIFIED.);
#338 = CARTESIAN_POINT('',(10.6,-2.694222958124E-16,2.8));
#339 = CARTESIAN_POINT('',(10.6,0.280972931224,2.8));
#340 = CARTESIAN_POINT('',(10.591310711225,0.554519149443,2.841864740249
    ));
#341 = CARTESIAN_POINT('',(10.574761059722,0.813394345932,2.92161374328)
  );
#342 = CARTESIAN_POINT('',(10.552436701969,1.051527442516,3.033952679252
    ));
#343 = CARTESIAN_POINT('',(10.527199880309,1.26420135121,3.172276971154)
  );
#344 = CARTESIAN_POINT('',(10.501740884142,1.448483610059,3.328674709126
    ));
#345 = CARTESIAN_POINT('',(10.45123833832,1.77844208086,3.680044792329)
  );
#346 = CARTESIAN_POINT('',(10.425883865799,1.921369649898,3.882706825231
    ));
#347 = CARTESIAN_POINT('',(10.403956698441,2.033821966061,4.096519400112
    ));
#348 = CARTESIAN_POINT('',(10.386765873798,2.117138013509,4.317721947796
    ));
#349 = CARTESIAN_POINT('',(10.37505241157,2.172345702398,4.543517739793)
  );
#350 = CARTESIAN_POINT('',(10.369185117453,2.2,4.77163784542));
#351 = CARTESIAN_POINT('',(10.369185117453,2.2,5.141191365928));
#352 = CARTESIAN_POINT('',(10.37142808693,2.189428344604,5.282359932501)
  );
#353 = CARTESIAN_POINT('',(10.375912587428,2.168291493403,5.422966246822
    ));
#354 = CARTESIAN_POINT('',(10.382583129932,2.136517339712,5.562461378248
    ));
#355 = CARTESIAN_POINT('',(10.391327740268,2.093964670531,5.700250138355
    ));
#356 = CARTESIAN_POINT('',(10.401970315515,2.040431270045,5.835652922598
    ));
#357 = CARTESIAN_POINT('',(10.423736778661,1.925694178906,6.069860465061
    ));
#358 = CARTESIAN_POINT('',(10.434195815697,1.869033648174,6.169969710138
    ));
#359 = CARTESIAN_POINT('',(10.44552014966,1.805555423394,6.267830270018)
  );
#360 = CARTESIAN_POINT('',(10.457566486463,1.735117678234,6.363021337097
    ));
#361 = CARTESIAN_POINT('',(10.470158498063,1.6575733207,6.455049527162)
  );
#362 = CARTESIAN_POINT('',(10.483082349696,1.572782902717,6.543333471492
    ));
#363 = CARTESIAN_POINT('',(10.505737527454,1.412181668546,6.689469350603
    ));
#364 = CARTESIAN_POINT('',(10.51544071107,1.339630940908,6.749345547198)
  );
#365 = CARTESIAN_POINT('',(10.525078290598,1.262983603235,6.806470212549
    ));
#366 = CARTESIAN_POINT('',(10.534523499113,1.182273635666,6.860482176251
    ));
#367 = CARTESIAN_POINT('',(10.543639390304,1.09756170486,6.911005227005)
  );
#368 = CARTESIAN_POINT('',(10.552281938648,1.008936126804,6.957647455954
    ));
#369 = CARTESIAN_POINT('',(10.560303139594,0.916513829622,7.000000600014
    ));
#370 = PCURVE('',#70,#371);
#371 = DEFINITIONAL_REPRESENTATION('',(#372),#405);
#372 = B_SPLINE_CURVE_WITH_KNOTS('',7,(#373,#374,#375,#376,#377,#378,
    #379,#380,#381,#382,#383,#384,#385,#386,#387,#388,#389,#390,#391,
    #392,#393,#394,#395,#396,#397,#398,#399,#400,#401,#402,#403,#404),
  .UNSPECIFIED.,.F.,.F.,(8,6,6,6,6,8),(0.,0.266198759891,0.565771488373,
    0.750990807253,0.893875979683,1.),.UNSPECIFIED.);
#373 = CARTESIAN_POINT('',(0.,26.2));
#374 = CARTESIAN_POINT('',(0.127714968738,26.2));
#375 = CARTESIAN_POINT('',(0.252054055227,26.191310711225));
#376 = CARTESIAN_POINT('',(0.37312750903,26.174761059722));
#377 = CARTESIAN_POINT('',(0.490767732459,26.152436701969));
#378 = CARTESIAN_POINT('',(0.604565213861,26.127199880309));
#379 = CARTESIAN_POINT('',(0.713728435382,26.101740884142));
#380 = CARTESIAN_POINT('',(0.932823836988,26.05123833832));
#381 = CARTESIAN_POINT('',(1.04444897709,26.025883865799));
#382 = CARTESIAN_POINT('',(1.152834963048,26.003956698441));
#383 = CARTESIAN_POINT('',(1.25884238663,25.986765873798));
#384 = CARTESIAN_POINT('',(1.363304601381,25.97505241157));
#385 = CARTESIAN_POINT('',(1.46699534744,25.969185117453));
#386 = CARTESIAN_POINT('',(1.634974220399,25.969185117453));
#387 = CARTESIAN_POINT('',(1.699141831325,25.97142808693));
#388 = CARTESIAN_POINT('',(1.763485268519,25.975912587428));
#389 = CARTESIAN_POINT('',(1.828187118928,25.982583129932));
#390 = CARTESIAN_POINT('',(1.893430302389,25.991327740268));
#391 = CARTESIAN_POINT('',(1.959406229369,26.001970315515));
#392 = CARTESIAN_POINT('',(2.077952671282,26.023736778661));
#393 = CARTESIAN_POINT('',(2.130146983326,26.034195815697));
#394 = CARTESIAN_POINT('',(2.183012162375,26.04552014966));
#395 = CARTESIAN_POINT('',(2.236650820245,26.057566486463));
#396 = CARTESIAN_POINT('',(2.291169781983,26.070158498063));
#397 = CARTESIAN_POINT('',(2.346683651965,26.083082349696));
#398 = CARTESIAN_POINT('',(2.445382261965,26.105737527454));
#399 = CARTESIAN_POINT('',(2.488090450828,26.11544071107));
#400 = CARTESIAN_POINT('',(2.531455960728,26.125078290598));
#401 = CARTESIAN_POINT('',(2.575494872897,26.134523499113));
#402 = CARTESIAN_POINT('',(2.620227992819,26.143639390304));
#403 = CARTESIAN_POINT('',(2.665682507396,26.152281938648));
#404 = CARTESIAN_POINT('',(2.711893642123,26.160303139594));
#405 = ( GEOMETRIC_REPRESENTATION_CONTEXT(2) 
PARAMETRIC_REPRESENTATION_CONTEXT() REPRESENTATION_CONTEXT('2D SPACE',''
  ) );
#406 = PCURVE('',#407,#412);
#407 = CYLINDRICAL_SURFACE('',#408,10.6);
#408 = AXIS2_PLACEMENT_3D('',#409,#410,#411);
#409 = CARTESIAN_POINT('',(0.,0.,0.));
#410 = DIRECTION('',(0.,0.,1.));
#411 = DIRECTION('',(1.,0.,-0.));
#412 = DEFINITIONAL_REPRESENTATION('',(#413),#446);
#413 = B_SPLINE_CURVE_WITH_KNOTS('',7,(#414,#415,#416,#417,#418,#419,
    #420,#421,#422,#423,#424,#425,#426,#427,#428,#429,#430,#431,#432,
    #433,#434,#435,#436,#437,#438,#439,#440,#441,#442,#443,#444,#445),
  .UNSPECIFIED.,.F.,.F.,(8,6,6,6,6,8),(0.,0.266198759891,0.565771488373,
    0.750990807253,0.893875979683,1.),.UNSPECIFIED.);
#414 = CARTESIAN_POINT('',(0.,2.8));
#415 = CARTESIAN_POINT('',(2.650688030412E-02,2.8));
#416 = CARTESIAN_POINT('',(5.231315469808E-02,2.841864740249));
#417 = CARTESIAN_POINT('',(7.676561162315E-02,2.92161374328));
#418 = CARTESIAN_POINT('',(9.931545786766E-02,3.033952679252));
#419 = CARTESIAN_POINT('',(0.119513716191,3.172276971154));
#420 = CARTESIAN_POINT('',(0.137062065058,3.328674709126));
#421 = CARTESIAN_POINT('',(0.168552724304,3.680044792329));
#422 = CARTESIAN_POINT('',(0.18224312968,3.882706825231));
#423 = CARTESIAN_POINT('',(0.193050255206,4.096519400112));
#424 = CARTESIAN_POINT('',(0.201075673565,4.317721947796));
#425 = CARTESIAN_POINT('',(0.206399893271,4.543517739793));
#426 = CARTESIAN_POINT('',(0.209066860367,4.77163784542));
#427 = CARTESIAN_POINT('',(0.209066860367,5.141191365928));
#428 = CARTESIAN_POINT('',(0.208047333297,5.282359932501));
#429 = CARTESIAN_POINT('',(0.206008907082,5.422966246822));
#430 = CARTESIAN_POINT('',(0.202946005923,5.562461378248));
#431 = CARTESIAN_POINT('',(0.198847797918,5.700250138355));
#432 = CARTESIAN_POINT('',(0.193698840605,5.835652922598));
#433 = CARTESIAN_POINT('',(0.18268153206,6.069860465061));
#434 = CARTESIAN_POINT('',(0.177245967088,6.169969710138));
#435 = CARTESIAN_POINT('',(0.171163078515,6.267830270018));
#436 = CARTESIAN_POINT('',(0.16442187691,6.363021337097));
#437 = CARTESIAN_POINT('',(0.157011066634,6.455049527162));
#438 = CARTESIAN_POINT('',(0.148920078076,6.543333471492));
#439 = CARTESIAN_POINT('',(0.133619013289,6.689469350603));
#440 = CARTESIAN_POINT('',(0.126713839133,6.749345547188));
#441 = CARTESIAN_POINT('',(0.119426396553,6.806470212548));
#442 = CARTESIAN_POINT('',(0.111760831897,6.860482176263));
#443 = CARTESIAN_POINT('',(0.103723613425,6.911005227014));
#444 = CARTESIAN_POINT('',(9.532352599489E-02,6.95764745594));
#445 = CARTESIAN_POINT('',(8.65716657538E-02,7.0000006));
#446 = ( GEOMETRIC_REPRESENTATION_CONTEXT(2) 
PARAMETRIC_REPRESENTATION_CONTEXT() REPRESENTATION_CONTEXT('2D SPACE',''
  ) );
#447 = ORIENTED_EDGE('',*,*,#448,.F.);
#448 = EDGE_CURVE('',#449,#332,#451,.T.);
#449 = VERTEX_POINT('',#450);
#450 = CARTESIAN_POINT('',(5.,-8.817456953861E-16,2.8));
#451 = SEAM_CURVE('',#452,(#456,#463),.PCURVE_S1.);
#452 = LINE('',#453,#454);
#453 = CARTESIAN_POINT('',(-15.6,-5.388445916248E-16,2.8));
#454 = VECTOR('',#455,1.);
#455 = DIRECTION('',(1.,0.,2.22044604925E-16));
#456 = PCURVE('',#70,#457);
#457 = DEFINITIONAL_REPRESENTATION('',(#458),#462);
#458 = LINE('',#459,#460);
#459 = CARTESIAN_POINT('',(6.28318530718,-0.));
#460 = VECTOR('',#461,1.);
#461 = DIRECTION('',(0.,1.));
#462 = ( GEOMETRIC_REPRESENTATION_CONTEXT(2) 
PARAMETRIC_REPRESENTATION_CONTEXT() REPRESENTATION_CONTEXT('2D SPACE',''
  ) );
#463 = PCURVE('',#70,#464);
#464 = DEFINITIONAL_REPRESENTATION('',(#465),#469);
#465 = LINE('',#466,#467);
#466 = CARTESIAN_POINT('',(0.,-0.));
#467 = VECTOR('',#468,1.);
#468 = DIRECTION('',(0.,1.));
#469 = ( GEOMETRIC_REPRESENTATION_CONTEXT(2) 
PARAMETRIC_REPRESENTATION_CONTEXT() REPRESENTATION_CONTEXT('2D SPACE',''
  ) );
#470 = ORIENTED_EDGE('',*,*,#471,.T.);
#471 = EDGE_CURVE('',#449,#472,#474,.T.);
#472 = VERTEX_POINT('',#473);
#473 = CARTESIAN_POINT('',(5.,-1.224646799147E-15,7.2));
#474 = SURFACE_CURVE('',#475,(#528,#584),.PCURVE_S1.);
#475 = B_SPLINE_CURVE_WITH_KNOTS('',6,(#476,#477,#478,#479,#480,#481,
    #482,#483,#484,#485,#486,#487,#488,#489,#490,#491,#492,#493,#494,
    #495,#496,#497,#498,#499,#500,#501,#502,#503,#504,#505,#506,#507,
    #508,#509,#510,#511,#512,#513,#514,#515,#516,#517,#518,#519,#520,
    #521,#522,#523,#524,#525,#526,#527),.UNSPECIFIED.,.F.,.F.,(7,5,5,5,5
    ,5,5,5,5,5,7),(0.,0.127995463193,0.186234719144,0.230084153302,
    0.371115227602,0.499990167745,0.628475281635,0.770457415443,
    0.813580688637,0.872965609158,1.),.UNSPECIFIED.);
#476 = CARTESIAN_POINT('',(5.,-2.694222958124E-16,2.8));
#477 = CARTESIAN_POINT('',(5.,0.176558524602,2.8));
#478 = CARTESIAN_POINT('',(4.992518466451,0.351764383105,2.817003490071)
  );
#479 = CARTESIAN_POINT('',(4.977770590559,0.522708292751,2.850521423464)
  );
#480 = CARTESIAN_POINT('',(4.956705551131,0.686579231876,2.899191041071)
  );
#481 = CARTESIAN_POINT('',(4.930935813553,0.840859185878,2.960786292443)
  );
#482 = CARTESIAN_POINT('',(4.889290777188,1.048436484907,3.064529201483)
  );
#483 = CARTESIAN_POINT('',(4.875623756509,1.111210787021,3.099113778955)
  );
#484 = CARTESIAN_POINT('',(4.861437300716,1.171823077686,3.135670591975)
  );
#485 = CARTESIAN_POINT('',(4.8468514364,1.230259086245,3.174040127723));
#486 = CARTESIAN_POINT('',(4.831980520953,1.286512530143,3.214072748307)
  );
#487 = CARTESIAN_POINT('',(4.8056015291,1.381296411309,3.286916052917));
#488 = CARTESIAN_POINT('',(4.794168428251,1.420778700354,3.319072702694)
  );
#489 = CARTESIAN_POINT('',(4.782676380353,1.459038546992,3.35204435922)
  );
#490 = CARTESIAN_POINT('',(4.771166622033,1.496084436701,3.385781991218)
  );
#491 = CARTESIAN_POINT('',(4.759677854843,1.531926220732,3.420241308917)
  );
#492 = CARTESIAN_POINT('',(4.711479244455,1.678014887946,3.568406734937)
  );
#493 = CARTESIAN_POINT('',(4.675283248312,1.777175629983,3.688549386982)
  );
#494 = CARTESIAN_POINT('',(4.640885292994,1.864329321684,3.814445233443)
  );
#495 = CARTESIAN_POINT('',(4.609297106805,1.939751675246,3.945062229952)
  );
#496 = CARTESIAN_POINT('',(4.58134097664,2.003653344459,4.079607926857)
  );
#497 = CARTESIAN_POINT('',(4.536050081526,2.104047338174,4.343383296538)
  );
#498 = CARTESIAN_POINT('',(4.518011487027,2.142417253195,4.472045521322)
  );
#499 = CARTESIAN_POINT('',(4.504101390232,2.171199851216,4.602690952241)
  );
#500 = CARTESIAN_POINT('',(4.494694979641,2.190394074791,4.734651935103)
  );
#501 = CARTESIAN_POINT('',(4.489988864129,2.2,4.867296440649));
#502 = CARTESIAN_POINT('',(4.489988864129,2.2,5.13230215213));
#503 = CARTESIAN_POINT('',(4.494666556324,2.190452102716,5.2645460798));
#504 = CARTESIAN_POINT('',(4.504016221227,2.171373638488,5.396112645047)
  );
#505 = CARTESIAN_POINT('',(4.517843599868,2.14276461241,5.526375268021)
  );
#506 = CARTESIAN_POINT('',(4.535777902554,2.104626224305,5.654672284838)
  );
#507 = CARTESIAN_POINT('',(4.581048871974,2.004327379562,5.919081009904)
  );
#508 = CARTESIAN_POINT('',(4.609170072212,1.940077629837,6.054563677103)
  );
#509 = CARTESIAN_POINT('',(4.64097676212,1.864152748771,6.186068915144)
  );
#510 = CARTESIAN_POINT('',(4.675630374402,1.776337475844,6.312788931541)
  );
#511 = CARTESIAN_POINT('',(4.712097675286,1.676349808293,6.433669583976)
  );
#512 = CARTESIAN_POINT('',(4.76036976705,1.529762192679,6.581829708077)
  );
#513 = CARTESIAN_POINT('',(4.771669005851,1.494458038508,6.615684286027)
  );
#514 = CARTESIAN_POINT('',(4.78298723997,1.457989023699,6.648839390721)
  );
#515 = CARTESIAN_POINT('',(4.79428760958,1.420345796034,6.681252805206)
  );
#516 = CARTESIAN_POINT('',(4.805530880567,1.381520293508,6.712877869752)
  );
#517 = CARTESIAN_POINT('',(4.832022587648,1.286401837605,6.786058249058)
  );
#518 = CARTESIAN_POINT('',(4.847186387511,1.229029371992,6.82687176189)
  );
#519 = CARTESIAN_POINT('',(4.862052979438,1.169387361696,6.865955043612)
  );
#520 = CARTESIAN_POINT('',(4.87650093307,1.107482905999,6.903149098829)
  );
#521 = CARTESIAN_POINT('',(4.890402738728,1.043331799942,6.938284347675)
  );
#522 = CARTESIAN_POINT('',(4.931913714972,0.834976808203,7.041549553487)
  );
#523 = CARTESIAN_POINT('',(4.957343953222,0.681591363137,7.102284021722)
  );
#524 = CARTESIAN_POINT('',(4.978107049812,0.518801987116,7.150243269277)
  );
#525 = CARTESIAN_POINT('',(4.99263319604,0.349084876557,7.18325725661));
#526 = CARTESIAN_POINT('',(5.,0.175199535991,7.2));
#527 = CARTESIAN_POINT('',(5.,4.041334437186E-16,7.2));
#528 = PCURVE('',#70,#529);
#529 = DEFINITIONAL_REPRESENTATION('',(#530),#583);
#530 = B_SPLINE_CURVE_WITH_KNOTS('',6,(#531,#532,#533,#534,#535,#536,
    #537,#538,#539,#540,#541,#542,#543,#544,#545,#546,#547,#548,#549,
    #550,#551,#552,#553,#554,#555,#556,#557,#558,#559,#560,#561,#562,
    #563,#564,#565,#566,#567,#568,#569,#570,#571,#572,#573,#574,#575,
    #576,#577,#578,#579,#580,#581,#582),.UNSPECIFIED.,.F.,.F.,(7,5,5,5,5
    ,5,5,5,5,5,7),(0.,0.127995463193,0.186234719144,0.230084153302,
    0.371115227602,0.499990167745,0.628475281635,0.770457415443,
    0.813580688637,0.872965609158,1.),.UNSPECIFIED.);
#531 = CARTESIAN_POINT('',(0.,20.6));
#532 = CARTESIAN_POINT('',(8.025387481912E-02,20.6));
#533 = CARTESIAN_POINT('',(0.159892799768,20.592518466451));
#534 = CARTESIAN_POINT('',(0.238525514344,20.577770590559));
#535 = CARTESIAN_POINT('',(0.315730581803,20.556705551131));
#536 = CARTESIAN_POINT('',(0.390976346738,20.530935813553));
#537 = CARTESIAN_POINT('',(0.496457266488,20.489290777188));
#538 = CARTESIAN_POINT('',(0.529008744108,20.475623756509));
#539 = CARTESIAN_POINT('',(0.561146502131,20.461437300716));
#540 = CARTESIAN_POINT('',(0.592888514798,20.4468514364));
#541 = CARTESIAN_POINT('',(0.624250909599,20.431980520953));
#542 = CARTESIAN_POINT('',(0.678587880779,20.4056015291));
#543 = CARTESIAN_POINT('',(0.701724420658,20.394168428251));
#544 = CARTESIAN_POINT('',(0.724668861661,20.382676380353));
#545 = CARTESIAN_POINT('',(0.747431726752,20.371166622033));
#546 = CARTESIAN_POINT('',(0.770023725076,20.359677854843));
#547 = CARTESIAN_POINT('',(0.864602928139,20.311479244455));
#548 = CARTESIAN_POINT('',(0.935136137655,20.275283248312));
#549 = CARTESIAN_POINT('',(1.00437320345,20.240885292994));
#550 = CARTESIAN_POINT('',(1.072599486237,20.209297106805));
#551 = CARTESIAN_POINT('',(1.140088333127,20.18134097664));
#552 = CARTESIAN_POINT('',(1.268376811981,20.136050081526));
#553 = CARTESIAN_POINT('',(1.329238512991,20.118011487027));
#554 = CARTESIAN_POINT('',(1.389806393195,20.104101390232));
#555 = CARTESIAN_POINT('',(1.450183490028,20.094694979641));
#556 = CARTESIAN_POINT('',(1.51047652709,20.089988864129));
#557 = CARTESIAN_POINT('',(1.630933668672,20.089988864129));
#558 = CARTESIAN_POINT('',(1.69104462348,20.094666556324));
#559 = CARTESIAN_POINT('',(1.751238869469,20.104016221227));
#560 = CARTESIAN_POINT('',(1.811622054975,20.117843599868));
#561 = CARTESIAN_POINT('',(1.872296184585,20.135777902554));
#562 = CARTESIAN_POINT('',(2.000838418173,20.181048871974));
#563 = CARTESIAN_POINT('',(2.068775537895,20.209170072212));
#564 = CARTESIAN_POINT('',(2.137459076184,20.24097676212));
#565 = CARTESIAN_POINT('',(2.207167855479,20.275630374402));
#566 = CARTESIAN_POINT('',(2.278193052438,20.312097675286));
#567 = CARTESIAN_POINT('',(2.372929912257,20.36036976705));
#568 = CARTESIAN_POINT('',(2.395155630492,20.371669005851));
#569 = CARTESIAN_POINT('',(2.417546958242,20.38298723997));
#570 = CARTESIAN_POINT('',(2.440114079759,20.39428760958));
#571 = CARTESIAN_POINT('',(2.462867001427,20.405530880567));
#572 = CARTESIAN_POINT('',(2.517417926472,20.432022587648));
#573 = CARTESIAN_POINT('',(2.549399287011,20.447186387511));
#574 = CARTESIAN_POINT('',(2.581775555771,20.462052979438));
#575 = CARTESIAN_POINT('',(2.614563643031,20.47650093307));
#576 = CARTESIAN_POINT('',(2.647782472277,20.490402738728));
#577 = CARTESIAN_POINT('',(2.753483111182,20.531913714972));
#578 = CARTESIAN_POINT('',(2.828211424197,20.557343953222));
#579 = CARTESIAN_POINT('',(2.90486406841,20.578107049812));
#580 = CARTESIAN_POINT('',(2.982917807726,20.59263319604));
#581 = CARTESIAN_POINT('',(3.061956500867,20.6));
#582 = CARTESIAN_POINT('',(3.14159265359,20.6));
#583 = ( GEOMETRIC_REPRESENTATION_CONTEXT(2) 
PARAMETRIC_REPRESENTATION_CONTEXT() REPRESENTATION_CONTEXT('2D SPACE',''
  ) );
#584 = PCURVE('',#585,#590);
#585 = CYLINDRICAL_SURFACE('',#586,5.);
#586 = AXIS2_PLACEMENT_3D('',#587,#588,#589);
#587 = CARTESIAN_POINT('',(0.,0.,0.));
#588 = DIRECTION('',(0.,0.,1.));
#589 = DIRECTION('',(1.,0.,-0.));
#590 = DEFINITIONAL_REPRESENTATION('',(#591),#644);
#591 = B_SPLINE_CURVE_WITH_KNOTS('',6,(#592,#593,#594,#595,#596,#597,
    #598,#599,#600,#601,#602,#603,#604,#605,#606,#607,#608,#609,#610,
    #611,#612,#613,#614,#615,#616,#617,#618,#619,#620,#621,#622,#623,
    #624,#625,#626,#627,#628,#629,#630,#631,#632,#633,#634,#635,#636,
    #637,#638,#639,#640,#641,#642,#643),.UNSPECIFIED.,.F.,.F.,(7,5,5,5,5
    ,5,5,5,5,5,7),(0.,0.127995463193,0.186234719144,0.230084153302,
    0.371115227602,0.499990167745,0.628475281635,0.770457415443,
    0.813580688637,0.872965609158,1.),.UNSPECIFIED.);
#592 = CARTESIAN_POINT('',(0.,2.8));
#593 = CARTESIAN_POINT('',(3.531170492041E-02,2.8));
#594 = CARTESIAN_POINT('',(7.035293558638E-02,2.817003490071));
#595 = CARTESIAN_POINT('',(0.104620678711,2.850521423464));
#596 = CARTESIAN_POINT('',(0.137627386352,2.899191041071));
#597 = CARTESIAN_POINT('',(0.168894393501,2.960786292443));
#598 = CARTESIAN_POINT('',(0.211237111471,3.064529201483));
#599 = CARTESIAN_POINT('',(0.22408435765,3.099113778955));
#600 = CARTESIAN_POINT('',(0.236532265791,3.135670591975));
#601 = CARTESIAN_POINT('',(0.248576244793,3.174040127723));
#602 = CARTESIAN_POINT('',(0.260212434483,3.214072748307));
#603 = CARTESIAN_POINT('',(0.279889665325,3.286916052917));
#604 = CARTESIAN_POINT('',(0.288110096637,3.319072702694));
#605 = CARTESIAN_POINT('',(0.296099218998,3.35204435922));
#606 = CARTESIAN_POINT('',(0.303857265407,3.385781991218));
#607 = CARTESIAN_POINT('',(0.311384620112,3.420241308917));
#608 = CARTESIAN_POINT('',(0.342151488482,3.568406734937));
#609 = CARTESIAN_POINT('',(0.363253334151,3.688549386982));
#610 = CARTESIAN_POINT('',(0.381984859908,3.814445233443));
#611 = CARTESIAN_POINT('',(0.398335879877,3.945062229952));
#612 = CARTESIAN_POINT('',(0.412284733604,4.079607926857));
#613 = CARTESIAN_POINT('',(0.434312188431,4.343383296538));
#614 = CARTESIAN_POINT('',(0.442790937044,4.472045521322));
#615 = CARTESIAN_POINT('',(0.449184143073,4.602690952241));
#616 = CARTESIAN_POINT('',(0.453459386781,4.734651935103));
#617 = CARTESIAN_POINT('',(0.455598673396,4.867296440649));
#618 = CARTESIAN_POINT('',(0.455598673396,5.13230215213));
#619 = CARTESIAN_POINT('',(0.453472308613,5.2645460798));
#620 = CARTESIAN_POINT('',(0.4492228524,5.396112645047));
#621 = CARTESIAN_POINT('',(0.442868095003,5.526375268021));
#622 = CARTESIAN_POINT('',(0.434440108839,5.654672284838));
#623 = CARTESIAN_POINT('',(0.412431638715,5.919081009904));
#624 = CARTESIAN_POINT('',(0.398405786093,6.054563677103));
#625 = CARTESIAN_POINT('',(0.381945222605,6.186068915144));
#626 = CARTESIAN_POINT('',(0.363072026098,6.312788931541));
#627 = CARTESIAN_POINT('',(0.341796491113,6.433669583976));
#628 = CARTESIAN_POINT('',(0.310930248131,6.581829708077));
#629 = CARTESIAN_POINT('',(0.303516846584,6.615684286027));
#630 = CARTESIAN_POINT('',(0.295880322002,6.648839390721));
#631 = CARTESIAN_POINT('',(0.288020310256,6.681252805206));
#632 = CARTESIAN_POINT('',(0.279936590903,6.712877869752));
#633 = CARTESIAN_POINT('',(0.26018885058,6.786058249058));
#634 = CARTESIAN_POINT('',(0.248321375111,6.82687176189));
#635 = CARTESIAN_POINT('',(0.23602988871,6.865955043612));
#636 = CARTESIAN_POINT('',(0.223318568062,6.903149098829));
#637 = CARTESIAN_POINT('',(0.210192386868,6.938284347675));
#638 = CARTESIAN_POINT('',(0.167702405117,7.041549553487));
#639 = CARTESIAN_POINT('',(0.136622788389,7.102284021722));
#640 = CARTESIAN_POINT('',(0.103837610061,7.150243269277));
#641 = CARTESIAN_POINT('',(6.981703229803E-02,7.18325725661));
#642 = CARTESIAN_POINT('',(3.503990719813E-02,7.2));
#643 = CARTESIAN_POINT('',(0.,7.2));
#644 = ( GEOMETRIC_REPRESENTATION_CONTEXT(2) 
PARAMETRIC_REPRESENTATION_CONTEXT() REPRESENTATION_CONTEXT('2D SPACE',''
  ) );
#645 = ORIENTED_EDGE('',*,*,#646,.T.);
#646 = EDGE_CURVE('',#472,#449,#647,.T.);
#647 = SURFACE_CURVE('',#648,(#701,#757),.PCURVE_S1.);
#648 = B_SPLINE_CURVE_WITH_KNOTS('',6,(#649,#650,#651,#652,#653,#654,
    #655,#656,#657,#658,#659,#660,#661,#662,#663,#664,#665,#666,#667,
    #668,#669,#670,#671,#672,#673,#674,#675,#676,#677,#678,#679,#680,
    #681,#682,#683,#684,#685,#686,#687,#688,#689,#690,#691,#692,#693,
    #694,#695,#696,#697,#698,#699,#700),.UNSPECIFIED.,.F.,.F.,(7,5,5,5,5
    ,5,5,5,5,5,7),(0.,0.127995464734,0.186234721388,0.230084156079,
    0.371115232091,0.4999901738,0.62847528925,0.770457410815,
    0.813580684878,0.872965606597,1.),.UNSPECIFIED.);
#649 = CARTESIAN_POINT('',(5.,0.,7.2));
#650 = CARTESIAN_POINT('',(5.,-0.176558524602,7.2));
#651 = CARTESIAN_POINT('',(4.992518466451,-0.351764383105,7.182996509929
    ));
#652 = CARTESIAN_POINT('',(4.977770590559,-0.52270829275,7.149478576536)
  );
#653 = CARTESIAN_POINT('',(4.956705551131,-0.686579231876,7.100808958929
    ));
#654 = CARTESIAN_POINT('',(4.930935813553,-0.840859185878,7.039213707557
    ));
#655 = CARTESIAN_POINT('',(4.889290777187,-1.04843648491,6.935470798515)
  );
#656 = CARTESIAN_POINT('',(4.875623756509,-1.11121078702,6.900886221045)
  );
#657 = CARTESIAN_POINT('',(4.861437300717,-1.171823077683,6.864329408027
    ));
#658 = CARTESIAN_POINT('',(4.846851436401,-1.230259086244,6.825959872278
    ));
#659 = CARTESIAN_POINT('',(4.831980520952,-1.286512530146,6.785927251691
    ));
#660 = CARTESIAN_POINT('',(4.8056015291,-1.381296411309,6.713083947083)
  );
#661 = CARTESIAN_POINT('',(4.794168428251,-1.420778700354,6.680927297306
    ));
#662 = CARTESIAN_POINT('',(4.782676380353,-1.459038546992,6.64795564078)
  );
#663 = CARTESIAN_POINT('',(4.771166622033,-1.496084436701,6.614218008782
    ));
#664 = CARTESIAN_POINT('',(4.759677854843,-1.531926220732,6.579758691083
    ));
#665 = CARTESIAN_POINT('',(4.711479244455,-1.678014887946,6.431593265063
    ));
#666 = CARTESIAN_POINT('',(4.675283248312,-1.777175629982,6.311450613018
    ));
#667 = CARTESIAN_POINT('',(4.640885292994,-1.864329321684,6.185554766557
    ));
#668 = CARTESIAN_POINT('',(4.609297106805,-1.939751675246,6.054937770048
    ));
#669 = CARTESIAN_POINT('',(4.58134097664,-2.00365334446,5.920392073143)
  );
#670 = CARTESIAN_POINT('',(4.536050081526,-2.104047338174,5.656616703462
    ));
#671 = CARTESIAN_POINT('',(4.518011487027,-2.142417253195,5.527954478678
    ));
#672 = CARTESIAN_POINT('',(4.504101390232,-2.171199851216,5.397309047759
    ));
#673 = CARTESIAN_POINT('',(4.494694979641,-2.190394074791,5.265348064897
    ));
#674 = CARTESIAN_POINT('',(4.489988864129,-2.2,5.132703559351));
#675 = CARTESIAN_POINT('',(4.489988864129,-2.2,4.86769784787));
#676 = CARTESIAN_POINT('',(4.494666556324,-2.190452102716,4.735453920201
    ));
#677 = CARTESIAN_POINT('',(4.504016221227,-2.171373638488,4.603887354953
    ));
#678 = CARTESIAN_POINT('',(4.517843599868,-2.14276461241,4.473624731979)
  );
#679 = CARTESIAN_POINT('',(4.535777902554,-2.104626224305,4.345327715162
    ));
#680 = CARTESIAN_POINT('',(4.581048869636,-2.004327384742,4.08091900375)
  );
#681 = CARTESIAN_POINT('',(4.609170077096,-1.940077617008,3.945436301954
    ));
#682 = CARTESIAN_POINT('',(4.640976761367,-1.864152751937,3.81393108417)
  );
#683 = CARTESIAN_POINT('',(4.675630369156,-1.776337490181,3.687211089111
    ));
#684 = CARTESIAN_POINT('',(4.712097679226,-1.67634979633,3.566330403933)
  );
#685 = CARTESIAN_POINT('',(4.76036976705,-1.529762192679,3.418170291923)
  );
#686 = CARTESIAN_POINT('',(4.771669005851,-1.494458038508,3.384315713973
    ));
#687 = CARTESIAN_POINT('',(4.78298723997,-1.457989023699,3.351160609279)
  );
#688 = CARTESIAN_POINT('',(4.79428760958,-1.420345796034,3.318747194794)
  );
#689 = CARTESIAN_POINT('',(4.805530880567,-1.381520293508,3.287122130248
    ));
#690 = CARTESIAN_POINT('',(4.832022587648,-1.286401837605,3.213941750942
    ));
#691 = CARTESIAN_POINT('',(4.847186387511,-1.229029371992,3.17312823811)
  );
#692 = CARTESIAN_POINT('',(4.862052979438,-1.169387361696,3.134044956388
    ));
#693 = CARTESIAN_POINT('',(4.87650093307,-1.107482905999,3.096850901171)
  );
#694 = CARTESIAN_POINT('',(4.890402738728,-1.043331799942,3.061715652325
    ));
#695 = CARTESIAN_POINT('',(4.931913714972,-0.834976808203,2.958450446513
    ));
#696 = CARTESIAN_POINT('',(4.957343953222,-0.681591363137,2.897715978278
    ));
#697 = CARTESIAN_POINT('',(4.978107049812,-0.518801987116,2.849756730723
    ));
#698 = CARTESIAN_POINT('',(4.99263319604,-0.349084876557,2.81674274339)
  );
#699 = CARTESIAN_POINT('',(5.,-0.175199535991,2.8));
#700 = CARTESIAN_POINT('',(5.,-8.881784197001E-16,2.8));
#701 = PCURVE('',#70,#702);
#702 = DEFINITIONAL_REPRESENTATION('',(#703),#756);
#703 = B_SPLINE_CURVE_WITH_KNOTS('',6,(#704,#705,#706,#707,#708,#709,
    #710,#711,#712,#713,#714,#715,#716,#717,#718,#719,#720,#721,#722,
    #723,#724,#725,#726,#727,#728,#729,#730,#731,#732,#733,#734,#735,
    #736,#737,#738,#739,#740,#741,#742,#743,#744,#745,#746,#747,#748,
    #749,#750,#751,#752,#753,#754,#755),.UNSPECIFIED.,.F.,.F.,(7,5,5,5,5
    ,5,5,5,5,5,7),(0.,0.127995464734,0.186234721388,0.230084156079,
    0.371115232091,0.4999901738,0.62847528925,0.770457410815,
    0.813580684878,0.872965606597,1.),.UNSPECIFIED.);
#704 = CARTESIAN_POINT('',(3.14159265359,20.6));
#705 = CARTESIAN_POINT('',(3.221846528409,20.6));
#706 = CARTESIAN_POINT('',(3.301485453358,20.592518466451));
#707 = CARTESIAN_POINT('',(3.380118167934,20.577770590559));
#708 = CARTESIAN_POINT('',(3.457323235393,20.556705551131));
#709 = CARTESIAN_POINT('',(3.532569000328,20.530935813553));
#710 = CARTESIAN_POINT('',(3.63804992008,20.489290777187));
#711 = CARTESIAN_POINT('',(3.670601397697,20.475623756509));
#712 = CARTESIAN_POINT('',(3.70273915572,20.461437300717));
#713 = CARTESIAN_POINT('',(3.734481168387,20.446851436401));
#714 = CARTESIAN_POINT('',(3.76584356319,20.431980520952));
#715 = CARTESIAN_POINT('',(3.820180534369,20.4056015291));
#716 = CARTESIAN_POINT('',(3.843317074248,20.394168428251));
#717 = CARTESIAN_POINT('',(3.866261515251,20.382676380353));
#718 = CARTESIAN_POINT('',(3.889024380341,20.371166622033));
#719 = CARTESIAN_POINT('',(3.911616378666,20.359677854843));
#720 = CARTESIAN_POINT('',(4.006195581729,20.311479244455));
#721 = CARTESIAN_POINT('',(4.076728791245,20.275283248312));
#722 = CARTESIAN_POINT('',(4.14596585704,20.240885292994));
#723 = CARTESIAN_POINT('',(4.214192139827,20.209297106805));
#724 = CARTESIAN_POINT('',(4.281680986717,20.18134097664));
#725 = CARTESIAN_POINT('',(4.409969465571,20.136050081526));
#726 = CARTESIAN_POINT('',(4.470831166581,20.118011487027));
#727 = CARTESIAN_POINT('',(4.531399046785,20.104101390232));
#728 = CARTESIAN_POINT('',(4.591776143618,20.094694979641));
#729 = CARTESIAN_POINT('',(4.65206918068,20.089988864129));
#730 = CARTESIAN_POINT('',(4.772526322262,20.089988864129));
#731 = CARTESIAN_POINT('',(4.83263727707,20.094666556324));
#732 = CARTESIAN_POINT('',(4.892831523059,20.104016221227));
#733 = CARTESIAN_POINT('',(4.953214708565,20.117843599868));
#734 = CARTESIAN_POINT('',(5.013888838175,20.135777902554));
#735 = CARTESIAN_POINT('',(5.142431065124,20.181048869636));
#736 = CARTESIAN_POINT('',(5.210368202854,20.209170077096));
#737 = CARTESIAN_POINT('',(5.279051729248,20.240976761367));
#738 = CARTESIAN_POINT('',(5.348760497437,20.275630369156));
#739 = CARTESIAN_POINT('',(5.419785713759,20.312097679226));
#740 = CARTESIAN_POINT('',(5.514522565847,20.36036976705));
#741 = CARTESIAN_POINT('',(5.536748284082,20.371669005851));
#742 = CARTESIAN_POINT('',(5.559139611832,20.38298723997));
#743 = CARTESIAN_POINT('',(5.581706733348,20.39428760958));
#744 = CARTESIAN_POINT('',(5.604459655016,20.405530880567));
#745 = CARTESIAN_POINT('',(5.659010580061,20.432022587648));
#746 = CARTESIAN_POINT('',(5.6909919406,20.447186387511));
#747 = CARTESIAN_POINT('',(5.723368209361,20.462052979438));
#748 = CARTESIAN_POINT('',(5.756156296621,20.47650093307));
#749 = CARTESIAN_POINT('',(5.789375125867,20.490402738728));
#750 = CARTESIAN_POINT('',(5.895075764772,20.531913714972));
#751 = CARTESIAN_POINT('',(5.969804077787,20.557343953222));
#752 = CARTESIAN_POINT('',(6.046456721999,20.578107049812));
#753 = CARTESIAN_POINT('',(6.124510461316,20.59263319604));
#754 = CARTESIAN_POINT('',(6.203549154457,20.6));
#755 = CARTESIAN_POINT('',(6.28318530718,20.6));
#756 = ( GEOMETRIC_REPRESENTATION_CONTEXT(2) 
PARAMETRIC_REPRESENTATION_CONTEXT() REPRESENTATION_CONTEXT('2D SPACE',''
  ) );
#757 = PCURVE('',#585,#758);
#758 = DEFINITIONAL_REPRESENTATION('',(#759),#812);
#759 = B_SPLINE_CURVE_WITH_KNOTS('',6,(#760,#761,#762,#763,#764,#765,
    #766,#767,#768,#769,#770,#771,#772,#773,#774,#775,#776,#777,#778,
    #779,#780,#781,#782,#783,#784,#785,#786,#787,#788,#789,#790,#791,
    #792,#793,#794,#795,#796,#797,#798,#799,#800,#801,#802,#803,#804,
    #805,#806,#807,#808,#809,#810,#811),.UNSPECIFIED.,.F.,.F.,(7,5,5,5,5
    ,5,5,5,5,5,7),(0.,0.127995464734,0.186234721388,0.230084156079,
    0.371115232091,0.4999901738,0.62847528925,0.770457410815,
    0.813580684878,0.872965606597,1.),.UNSPECIFIED.);
#760 = CARTESIAN_POINT('',(6.28318530718,7.2));
#761 = CARTESIAN_POINT('',(6.247873602259,7.2));
#762 = CARTESIAN_POINT('',(6.212832371593,7.182996509929));
#763 = CARTESIAN_POINT('',(6.178564628469,7.149478576536));
#764 = CARTESIAN_POINT('',(6.145557920828,7.100808958929));
#765 = CARTESIAN_POINT('',(6.114290913678,7.039213707557));
#766 = CARTESIAN_POINT('',(6.071948195708,6.935470798515));
#767 = CARTESIAN_POINT('',(6.059100949529,6.900886221045));
#768 = CARTESIAN_POINT('',(6.046653041389,6.864329408027));
#769 = CARTESIAN_POINT('',(6.034609062387,6.825959872278));
#770 = CARTESIAN_POINT('',(6.022972872696,6.785927251691));
#771 = CARTESIAN_POINT('',(6.003295641855,6.713083947083));
#772 = CARTESIAN_POINT('',(5.995075210543,6.680927297306));
#773 = CARTESIAN_POINT('',(5.987086088181,6.64795564078));
#774 = CARTESIAN_POINT('',(5.979328041772,6.614218008782));
#775 = CARTESIAN_POINT('',(5.971800687067,6.579758691083));
#776 = CARTESIAN_POINT('',(5.941033818698,6.431593265063));
#777 = CARTESIAN_POINT('',(5.919931973029,6.311450613018));
#778 = CARTESIAN_POINT('',(5.901200447272,6.185554766557));
#779 = CARTESIAN_POINT('',(5.884849427302,6.054937770048));
#780 = CARTESIAN_POINT('',(5.870900573576,5.920392073143));
#781 = CARTESIAN_POINT('',(5.848873118749,5.656616703462));
#782 = CARTESIAN_POINT('',(5.840394370136,5.527954478678));
#783 = CARTESIAN_POINT('',(5.834001164107,5.397309047759));
#784 = CARTESIAN_POINT('',(5.829725920398,5.265348064897));
#785 = CARTESIAN_POINT('',(5.827586633784,5.132703559351));
#786 = CARTESIAN_POINT('',(5.827586633784,4.86769784787));
#787 = CARTESIAN_POINT('',(5.829712998567,4.735453920201));
#788 = CARTESIAN_POINT('',(5.83396245478,4.603887354953));
#789 = CARTESIAN_POINT('',(5.840317212176,4.473624731979));
#790 = CARTESIAN_POINT('',(5.848745198341,4.345327715162));
#791 = CARTESIAN_POINT('',(5.870753667328,4.08091900375));
#792 = CARTESIAN_POINT('',(5.884779523835,3.945436301954));
#793 = CARTESIAN_POINT('',(5.901240083929,3.81393108417));
#794 = CARTESIAN_POINT('',(5.920113278025,3.687211089111));
#795 = CARTESIAN_POINT('',(5.941388818586,3.566330403933));
#796 = CARTESIAN_POINT('',(5.972255059048,3.418170291923));
#797 = CARTESIAN_POINT('',(5.979668460595,3.384315713973));
#798 = CARTESIAN_POINT('',(5.987304985178,3.351160609279));
#799 = CARTESIAN_POINT('',(5.995164996923,3.318747194794));
#800 = CARTESIAN_POINT('',(6.003248716276,3.287122130248));
#801 = CARTESIAN_POINT('',(6.0229964566,3.213941750942));
#802 = CARTESIAN_POINT('',(6.034863932068,3.17312823811));
#803 = CARTESIAN_POINT('',(6.04715541847,3.134044956388));
#804 = CARTESIAN_POINT('',(6.059866739118,3.096850901171));
#805 = CARTESIAN_POINT('',(6.072992920311,3.061715652325));
#806 = CARTESIAN_POINT('',(6.115482902063,2.958450446513));
#807 = CARTESIAN_POINT('',(6.146562518791,2.897715978278));
#808 = CARTESIAN_POINT('',(6.179347697119,2.849756730723));
#809 = CARTESIAN_POINT('',(6.213368274882,2.81674274339));
#810 = CARTESIAN_POINT('',(6.248145399981,2.8));
#811 = CARTESIAN_POINT('',(6.28318530718,2.8));
#812 = ( GEOMETRIC_REPRESENTATION_CONTEXT(2) 
PARAMETRIC_REPRESENTATION_CONTEXT() REPRESENTATION_CONTEXT('2D SPACE',''
  ) );
#813 = ORIENTED_EDGE('',*,*,#448,.T.);
#814 = ORIENTED_EDGE('',*,*,#815,.F.);
#815 = EDGE_CURVE('',#816,#332,#818,.T.);
#816 = VERTEX_POINT('',#817);
#817 = CARTESIAN_POINT('',(10.560303025955,-0.916515138991,7.));
#818 = SURFACE_CURVE('',#819,(#852,#888),.PCURVE_S1.);
#819 = B_SPLINE_CURVE_WITH_KNOTS('',7,(#820,#821,#822,#823,#824,#825,
    #826,#827,#828,#829,#830,#831,#832,#833,#834,#835,#836,#837,#838,
    #839,#840,#841,#842,#843,#844,#845,#846,#847,#848,#849,#850,#851),
  .UNSPECIFIED.,.F.,.F.,(8,6,6,6,6,8),(0.,0.106131743293,0.249025849098,
    0.434256748143,0.733870961916,1.),.UNSPECIFIED.);
#820 = CARTESIAN_POINT('',(10.56030313955,-0.916513830129,7.000000599898
    ));
#821 = CARTESIAN_POINT('',(10.552281787797,-1.008937864896,6.95764665955
    ));
#822 = CARTESIAN_POINT('',(10.543639182939,-1.097563670589,
    6.911004103251));
#823 = CARTESIAN_POINT('',(10.53452333624,-1.182274940989,6.860481239576
    ));
#824 = CARTESIAN_POINT('',(10.525078237229,-1.26298392564,6.806469852538
    ));
#825 = CARTESIAN_POINT('',(10.515440769486,-1.339630455219,
    6.749345862829));
#826 = CARTESIAN_POINT('',(10.505737626432,-1.4121809669,6.689469989052)
  );
#827 = CARTESIAN_POINT('',(10.483082349696,-1.572782902717,
    6.543333471492));
#828 = CARTESIAN_POINT('',(10.470158498063,-1.6575733207,6.455049527162)
  );
#829 = CARTESIAN_POINT('',(10.457566486463,-1.735117678234,
    6.363021337097));
#830 = CARTESIAN_POINT('',(10.44552014966,-1.805555423394,6.267830270018
    ));
#831 = CARTESIAN_POINT('',(10.434195815697,-1.869033648174,
    6.169969710138));
#832 = CARTESIAN_POINT('',(10.423736778661,-1.925694178906,
    6.069860465061));
#833 = CARTESIAN_POINT('',(10.401970315515,-2.040431270045,
    5.835652922598));
#834 = CARTESIAN_POINT('',(10.391327740268,-2.093964670531,
    5.700250138355));
#835 = CARTESIAN_POINT('',(10.382583129932,-2.136517339712,
    5.562461378248));
#836 = CARTESIAN_POINT('',(10.375912587428,-2.168291493403,
    5.422966246822));
#837 = CARTESIAN_POINT('',(10.37142808693,-2.189428344604,5.282359932502
    ));
#838 = CARTESIAN_POINT('',(10.369185117453,-2.2,5.141191365928));
#839 = CARTESIAN_POINT('',(10.369185117453,-2.2,4.771620500077));
#840 = CARTESIAN_POINT('',(10.375053282775,-2.172341566837,
    4.543501809084));
#841 = CARTESIAN_POINT('',(10.386766858334,-2.117133458373,
    4.317715432629));
#842 = CARTESIAN_POINT('',(10.403956678164,-2.033821244169,
    4.096521623817));
#843 = CARTESIAN_POINT('',(10.425883253842,-1.92137292021,3.882712000374
    ));
#844 = CARTESIAN_POINT('',(10.451237906399,-1.778444902817,
    3.680047797408));
#845 = CARTESIAN_POINT('',(10.501731754958,-1.448543255597,
    3.328738225173));
#846 = CARTESIAN_POINT('',(10.527193833896,-1.264254617427,
    3.172303038177));
#847 = CARTESIAN_POINT('',(10.552440823833,-1.051518947145,
    3.033923885024));
#848 = CARTESIAN_POINT('',(10.57477234842,-0.813303298608,2.921559474057
    ));
#849 = CARTESIAN_POINT('',(10.591318554823,-0.554372267644,
    2.841826923348));
#850 = CARTESIAN_POINT('',(10.6,-0.280846029353,2.8));
#851 = CARTESIAN_POINT('',(10.6,-1.7763568394E-15,2.8));
#852 = PCURVE('',#70,#853);
#853 = DEFINITIONAL_REPRESENTATION('',(#854),#887);
#854 = B_SPLINE_CURVE_WITH_KNOTS('',7,(#855,#856,#857,#858,#859,#860,
    #861,#862,#863,#864,#865,#866,#867,#868,#869,#870,#871,#872,#873,
    #874,#875,#876,#877,#878,#879,#880,#881,#882,#883,#884,#885,#886),
  .UNSPECIFIED.,.F.,.F.,(8,6,6,6,6,8),(0.,0.106131743293,0.249025849098,
    0.434256748143,0.733870961916,1.),.UNSPECIFIED.);
#855 = CARTESIAN_POINT('',(3.57129166531,26.16030313955));
#856 = CARTESIAN_POINT('',(3.617503668835,26.152281787797));
#857 = CARTESIAN_POINT('',(3.66295834069,26.143639182939));
#858 = CARTESIAN_POINT('',(3.707691160611,26.13452333624));
#859 = CARTESIAN_POINT('',(3.751729560681,26.125078237229));
#860 = CARTESIAN_POINT('',(3.795094595777,26.115440769486));
#861 = CARTESIAN_POINT('',(3.837802614013,26.105737626432));
#862 = CARTESIAN_POINT('',(3.936501655214,26.083082349696));
#863 = CARTESIAN_POINT('',(3.992015525197,26.070158498063));
#864 = CARTESIAN_POINT('',(4.046534486935,26.057566486463));
#865 = CARTESIAN_POINT('',(4.100173144804,26.04552014966));
#866 = CARTESIAN_POINT('',(4.153038323854,26.034195815697));
#867 = CARTESIAN_POINT('',(4.205232635898,26.023736778661));
#868 = CARTESIAN_POINT('',(4.323779077811,26.001970315515));
#869 = CARTESIAN_POINT('',(4.38975500479,25.991327740268));
#870 = CARTESIAN_POINT('',(4.454998188251,25.982583129932));
#871 = CARTESIAN_POINT('',(4.519700038661,25.975912587428));
#872 = CARTESIAN_POINT('',(4.584043475854,25.97142808693));
#873 = CARTESIAN_POINT('',(4.648211086781,25.969185117453));
#874 = CARTESIAN_POINT('',(4.816197843986,25.969185117453));
#875 = CARTESIAN_POINT('',(4.919887924496,25.975053282775));
#876 = CARTESIAN_POINT('',(5.024346328937,25.986766858334));
#877 = CARTESIAN_POINT('',(5.130349667425,26.003956678164));
#878 = CARTESIAN_POINT('',(5.238733607605,26.025883253842));
#879 = CARTESIAN_POINT('',(5.350359596386,26.051237906399));
#880 = CARTESIAN_POINT('',(5.569417266622,26.101731754958));
#881 = CARTESIAN_POINT('',(5.678594893763,26.127193833896));
#882 = CARTESIAN_POINT('',(5.792427640596,26.152440823833));
#883 = CARTESIAN_POINT('',(5.910103733072,26.17477234842));
#884 = CARTESIAN_POINT('',(6.031198028595,26.191318554823));
#885 = CARTESIAN_POINT('',(6.15552802111,26.2));
#886 = CARTESIAN_POINT('',(6.28318530718,26.2));
#887 = ( GEOMETRIC_REPRESENTATION_CONTEXT(2) 
PARAMETRIC_REPRESENTATION_CONTEXT() REPRESENTATION_CONTEXT('2D SPACE',''
  ) );
#888 = PCURVE('',#407,#889);
#889 = DEFINITIONAL_REPRESENTATION('',(#890),#923);
#890 = B_SPLINE_CURVE_WITH_KNOTS('',7,(#891,#892,#893,#894,#895,#896,
    #897,#898,#899,#900,#901,#902,#903,#904,#905,#906,#907,#908,#909,
    #910,#911,#912,#913,#914,#915,#916,#917,#918,#919,#920,#921,#922),
  .UNSPECIFIED.,.F.,.F.,(8,6,6,6,6,8),(0.,0.106131743293,0.249025849098,
    0.434256748143,0.733870961916,1.),.UNSPECIFIED.);
#891 = CARTESIAN_POINT('',(6.196613641378,7.0000006));
#892 = CARTESIAN_POINT('',(6.187861616597,6.957646659652));
#893 = CARTESIAN_POINT('',(6.179461507318,6.911004103184));
#894 = CARTESIAN_POINT('',(6.171424351233,6.860481239486));
#895 = CARTESIAN_POINT('',(6.163758879821,6.806469852547));
#896 = CARTESIAN_POINT('',(6.156471514158,6.749345862897));
#897 = CARTESIAN_POINT('',(6.149566360739,6.689469989052));
#898 = CARTESIAN_POINT('',(6.134265229103,6.543333471492));
#899 = CARTESIAN_POINT('',(6.126174240545,6.455049527162));
#900 = CARTESIAN_POINT('',(6.118763430269,6.363021337097));
#901 = CARTESIAN_POINT('',(6.112022228665,6.267830270018));
#902 = CARTESIAN_POINT('',(6.105939340092,6.169969710138));
#903 = CARTESIAN_POINT('',(6.10050377512,6.069860465061));
#904 = CARTESIAN_POINT('',(6.089486466574,5.835652922598));
#905 = CARTESIAN_POINT('',(6.084337509261,5.700250138355));
#906 = CARTESIAN_POINT('',(6.080239301256,5.562461378248));
#907 = CARTESIAN_POINT('',(6.077176400097,5.422966246822));
#908 = CARTESIAN_POINT('',(6.075137973882,5.282359932502));
#909 = CARTESIAN_POINT('',(6.074118446813,5.141191365928));
#910 = CARTESIAN_POINT('',(6.074118446813,4.771620500077));
#911 = CARTESIAN_POINT('',(6.07678581255,4.543501809084));
#912 = CARTESIAN_POINT('',(6.082110073379,4.317715432629));
#913 = CARTESIAN_POINT('',(6.090135118149,4.096521623817));
#914 = CARTESIAN_POINT('',(6.100941863927,3.882712000374));
#915 = CARTESIAN_POINT('',(6.114632313553,3.680047797408));
#916 = CARTESIAN_POINT('',(6.146117549655,3.328738225173));
#917 = CARTESIAN_POINT('',(6.163666536723,3.172303038177));
#918 = CARTESIAN_POINT('',(6.183870697246,3.033923885024));
#919 = CARTESIAN_POINT('',(6.206428329178,2.921559474057));
#920 = CARTESIAN_POINT('',(6.23088600861,2.841826923348));
#921 = CARTESIAN_POINT('',(6.25669039875,2.8));
#922 = CARTESIAN_POINT('',(6.28318530718,2.8));
#923 = ( GEOMETRIC_REPRESENTATION_CONTEXT(2) 
PARAMETRIC_REPRESENTATION_CONTEXT() REPRESENTATION_CONTEXT('2D SPACE',''
  ) );
#924 = ORIENTED_EDGE('',*,*,#925,.F.);
#925 = EDGE_CURVE('',#216,#816,#926,.T.);
#926 = SURFACE_CURVE('',#927,(#931,#937),.PCURVE_S1.);
#927 = LINE('',#928,#929);
#928 = CARTESIAN_POINT('',(-15.6,-0.916515138991,7.));
#929 = VECTOR('',#930,1.);
#930 = DIRECTION('',(1.,0.,2.22044604925E-16));
#931 = PCURVE('',#70,#932);
#932 = DEFINITIONAL_REPRESENTATION('',(#933),#936);
#933 = B_SPLINE_CURVE_WITH_KNOTS('',1,(#934,#935),.UNSPECIFIED.,.F.,.F.,
  (2,2),(2.88,28.32),.PIECEWISE_BEZIER_KNOTS.);
#934 = CARTESIAN_POINT('',(3.571292319741,2.88));
#935 = CARTESIAN_POINT('',(3.571292319741,28.32));
#936 = ( GEOMETRIC_REPRESENTATION_CONTEXT(2) 
PARAMETRIC_REPRESENTATION_CONTEXT() REPRESENTATION_CONTEXT('2D SPACE',''
  ) );
#937 = PCURVE('',#232,#938);
#938 = DEFINITIONAL_REPRESENTATION('',(#939),#942);
#939 = B_SPLINE_CURVE_WITH_KNOTS('',1,(#940,#941),.UNSPECIFIED.,.F.,.F.,
  (2,2),(2.88,28.32),.PIECEWISE_BEZIER_KNOTS.);
#940 = CARTESIAN_POINT('',(-12.72,-0.916515138991));
#941 = CARTESIAN_POINT('',(12.72,-0.916515138991));
#942 = ( GEOMETRIC_REPRESENTATION_CONTEXT(2) 
PARAMETRIC_REPRESENTATION_CONTEXT() REPRESENTATION_CONTEXT('2D SPACE',''
  ) );
#943 = ORIENTED_EDGE('',*,*,#244,.F.);
#944 = ORIENTED_EDGE('',*,*,#39,.F.);
#945 = ORIENTED_EDGE('',*,*,#946,.T.);
#946 = EDGE_CURVE('',#40,#334,#947,.T.);
#947 = SURFACE_CURVE('',#948,(#952,#958),.PCURVE_S1.);
#948 = LINE('',#949,#950);
#949 = CARTESIAN_POINT('',(-15.6,0.916515138991,7.));
#950 = VECTOR('',#951,1.);
#951 = DIRECTION('',(1.,0.,2.22044604925E-16));
#952 = PCURVE('',#70,#953);
#953 = DEFINITIONAL_REPRESENTATION('',(#954),#957);
#954 = B_SPLINE_CURVE_WITH_KNOTS('',1,(#955,#956),.UNSPECIFIED.,.F.,.F.,
  (2,2),(2.88,28.32),.PIECEWISE_BEZIER_KNOTS.);
#955 = CARTESIAN_POINT('',(2.711892987438,2.88));
#956 = CARTESIAN_POINT('',(2.711892987438,28.32));
#957 = ( GEOMETRIC_REPRESENTATION_CONTEXT(2) 
PARAMETRIC_REPRESENTATION_CONTEXT() REPRESENTATION_CONTEXT('2D SPACE',''
  ) );
#958 = PCURVE('',#103,#959);
#959 = DEFINITIONAL_REPRESENTATION('',(#960),#963);
#960 = B_SPLINE_CURVE_WITH_KNOTS('',1,(#961,#962),.UNSPECIFIED.,.F.,.F.,
  (2,2),(2.88,28.32),.PIECEWISE_BEZIER_KNOTS.);
#961 = CARTESIAN_POINT('',(-12.72,0.916515138991));
#962 = CARTESIAN_POINT('',(12.72,0.916515138991));
#963 = ( GEOMETRIC_REPRESENTATION_CONTEXT(2) 
PARAMETRIC_REPRESENTATION_CONTEXT() REPRESENTATION_CONTEXT('2D SPACE',''
  ) );
#964 = ADVANCED_FACE('',(#965,#996),#315,.F.);
#965 = FACE_BOUND('',#966,.F.);
#966 = EDGE_LOOP('',(#967));
#967 = ORIENTED_EDGE('',*,*,#968,.T.);
#968 = EDGE_CURVE('',#969,#969,#971,.T.);
#969 = VERTEX_POINT('',#970);
#970 = CARTESIAN_POINT('',(5.6,-1.371604415045E-15,31.));
#971 = SURFACE_CURVE('',#972,(#977,#984),.PCURVE_S1.);
#972 = CIRCLE('',#973,5.6);
#973 = AXIS2_PLACEMENT_3D('',#974,#975,#976);
#974 = CARTESIAN_POINT('',(0.,0.,31.));
#975 = DIRECTION('',(0.,0.,1.));
#976 = DIRECTION('',(1.,0.,-0.));
#977 = PCURVE('',#315,#978);
#978 = DEFINITIONAL_REPRESENTATION('',(#979),#983);
#979 = CIRCLE('',#980,5.6);
#980 = AXIS2_PLACEMENT_2D('',#981,#982);
#981 = CARTESIAN_POINT('',(0.,0.));
#982 = DIRECTION('',(1.,0.));
#983 = ( GEOMETRIC_REPRESENTATION_CONTEXT(2) 
PARAMETRIC_REPRESENTATION_CONTEXT() REPRESENTATION_CONTEXT('2D SPACE',''
  ) );
#984 = PCURVE('',#985,#990);
#985 = CYLINDRICAL_SURFACE('',#986,5.6);
#986 = AXIS2_PLACEMENT_3D('',#987,#988,#989);
#987 = CARTESIAN_POINT('',(0.,0.,31.));
#988 = DIRECTION('',(0.,0.,1.));
#989 = DIRECTION('',(1.,0.,-0.));
#990 = DEFINITIONAL_REPRESENTATION('',(#991),#995);
#991 = LINE('',#992,#993);
#992 = CARTESIAN_POINT('',(0.,0.));
#993 = VECTOR('',#994,1.);
#994 = DIRECTION('',(1.,0.));
#995 = ( GEOMETRIC_REPRESENTATION_CONTEXT(2) 
PARAMETRIC_REPRESENTATION_CONTEXT() REPRESENTATION_CONTEXT('2D SPACE',''
  ) );
#996 = FACE_BOUND('',#997,.F.);
#997 = EDGE_LOOP('',(#998));
#998 = ORIENTED_EDGE('',*,*,#300,.F.);
#999 = ADVANCED_FACE('',(#1000),#232,.T.);
#1000 = FACE_BOUND('',#1001,.T.);
#1001 = EDGE_LOOP('',(#1002,#1026,#1027,#1028));
#1002 = ORIENTED_EDGE('',*,*,#1003,.T.);
#1003 = EDGE_CURVE('',#1004,#816,#1006,.T.);
#1004 = VERTEX_POINT('',#1005);
#1005 = CARTESIAN_POINT('',(-10.56030302595,-0.916515138991,7.));
#1006 = SURFACE_CURVE('',#1007,(#1012,#1019),.PCURVE_S1.);
#1007 = CIRCLE('',#1008,10.6);
#1008 = AXIS2_PLACEMENT_3D('',#1009,#1010,#1011);
#1009 = CARTESIAN_POINT('',(0.,0.,7.));
#1010 = DIRECTION('',(0.,0.,1.));
#1011 = DIRECTION('',(1.,0.,-0.));
#1012 = PCURVE('',#232,#1013);
#1013 = DEFINITIONAL_REPRESENTATION('',(#1014),#1018);
#1014 = CIRCLE('',#1015,10.6);
#1015 = AXIS2_PLACEMENT_2D('',#1016,#1017);
#1016 = CARTESIAN_POINT('',(0.,0.));
#1017 = DIRECTION('',(1.,0.));
#1018 = ( GEOMETRIC_REPRESENTATION_CONTEXT(2) 
PARAMETRIC_REPRESENTATION_CONTEXT() REPRESENTATION_CONTEXT('2D SPACE',''
  ) );
#1019 = PCURVE('',#407,#1020);
#1020 = DEFINITIONAL_REPRESENTATION('',(#1021),#1025);
#1021 = LINE('',#1022,#1023);
#1022 = CARTESIAN_POINT('',(0.,7.));
#1023 = VECTOR('',#1024,1.);
#1024 = DIRECTION('',(1.,0.));
#1025 = ( GEOMETRIC_REPRESENTATION_CONTEXT(2) 
PARAMETRIC_REPRESENTATION_CONTEXT() REPRESENTATION_CONTEXT('2D SPACE',''
  ) );
#1026 = ORIENTED_EDGE('',*,*,#925,.F.);
#1027 = ORIENTED_EDGE('',*,*,#215,.F.);
#1028 = ORIENTED_EDGE('',*,*,#1029,.F.);
#1029 = EDGE_CURVE('',#1004,#116,#1030,.T.);
#1030 = SURFACE_CURVE('',#1031,(#1035,#1041),.PCURVE_S1.);
#1031 = LINE('',#1032,#1033);
#1032 = CARTESIAN_POINT('',(-15.6,-0.916515138991,7.));
#1033 = VECTOR('',#1034,1.);
#1034 = DIRECTION('',(1.,0.,2.22044604925E-16));
#1035 = PCURVE('',#232,#1036);
#1036 = DEFINITIONAL_REPRESENTATION('',(#1037),#1040);
#1037 = B_SPLINE_CURVE_WITH_KNOTS('',1,(#1038,#1039),.UNSPECIFIED.,.F.,
  .F.,(2,2),(2.88,28.32),.PIECEWISE_BEZIER_KNOTS.);
#1038 = CARTESIAN_POINT('',(-12.72,-0.916515138991));
#1039 = CARTESIAN_POINT('',(12.72,-0.916515138991));
#1040 = ( GEOMETRIC_REPRESENTATION_CONTEXT(2) 
PARAMETRIC_REPRESENTATION_CONTEXT() REPRESENTATION_CONTEXT('2D SPACE',''
  ) );
#1041 = PCURVE('',#179,#1042);
#1042 = DEFINITIONAL_REPRESENTATION('',(#1043),#1046);
#1043 = B_SPLINE_CURVE_WITH_KNOTS('',1,(#1044,#1045),.UNSPECIFIED.,.F.,
  .F.,(2,2),(2.88,28.32),.PIECEWISE_BEZIER_KNOTS.);
#1044 = CARTESIAN_POINT('',(3.571292319741,2.88));
#1045 = CARTESIAN_POINT('',(3.571292319741,28.32));
#1046 = ( GEOMETRIC_REPRESENTATION_CONTEXT(2) 
PARAMETRIC_REPRESENTATION_CONTEXT() REPRESENTATION_CONTEXT('2D SPACE',''
  ) );
#1047 = ADVANCED_FACE('',(#1048),#179,.F.);
#1048 = FACE_BOUND('',#1049,.F.);
#1049 = EDGE_LOOP('',(#1050,#1385,#1408,#1518,#1537,#1538,#1539,#1647));
#1050 = ORIENTED_EDGE('',*,*,#1051,.F.);
#1051 = EDGE_CURVE('',#1052,#1052,#1054,.T.);
#1052 = VERTEX_POINT('',#1053);
#1053 = CARTESIAN_POINT('',(-5.,-5.388445916248E-16,2.8));
#1054 = SURFACE_CURVE('',#1055,(#1163,#1274),.PCURVE_S1.);
#1055 = B_SPLINE_CURVE_WITH_KNOTS('',6,(#1056,#1057,#1058,#1059,#1060,
    #1061,#1062,#1063,#1064,#1065,#1066,#1067,#1068,#1069,#1070,#1071,
    #1072,#1073,#1074,#1075,#1076,#1077,#1078,#1079,#1080,#1081,#1082,
    #1083,#1084,#1085,#1086,#1087,#1088,#1089,#1090,#1091,#1092,#1093,
    #1094,#1095,#1096,#1097,#1098,#1099,#1100,#1101,#1102,#1103,#1104,
    #1105,#1106,#1107,#1108,#1109,#1110,#1111,#1112,#1113,#1114,#1115,
    #1116,#1117,#1118,#1119,#1120,#1121,#1122,#1123,#1124,#1125,#1126,
    #1127,#1128,#1129,#1130,#1131,#1132,#1133,#1134,#1135,#1136,#1137,
    #1138,#1139,#1140,#1141,#1142,#1143,#1144,#1145,#1146,#1147,#1148,
    #1149,#1150,#1151,#1152,#1153,#1154,#1155,#1156,#1157,#1158,#1159,
    #1160,#1161,#1162),.UNSPECIFIED.,.T.,.F.,(7,5,5,5,5,5,5,5,5,5,5,5,5,
    5,5,5,5,5,5,5,5,7),(0.,6.397458978815E-02,9.308368800345E-02,
    0.115000477029,0.185490522827,0.249904692601,0.314124019729,
    0.385089416585,0.406643256591,0.436324980193,0.473861815814,
    0.527480828629,0.564147777424,0.593257383513,0.615174554926,
    0.685665830579,0.750081124202,0.814301571779,0.885268206784,
    0.906822422846,0.936504664311,1.),.UNSPECIFIED.);
#1056 = CARTESIAN_POINT('',(-5.,0.,2.8));
#1057 = CARTESIAN_POINT('',(-5.,0.176558524602,2.8));
#1058 = CARTESIAN_POINT('',(-4.992518466451,0.351764383105,
    2.817003490071));
#1059 = CARTESIAN_POINT('',(-4.977770590559,0.52270829275,2.850521423464
    ));
#1060 = CARTESIAN_POINT('',(-4.956705551131,0.686579231876,
    2.899191041071));
#1061 = CARTESIAN_POINT('',(-4.930935813552,0.840859185878,
    2.960786292443));
#1062 = CARTESIAN_POINT('',(-4.889290777187,1.04843648491,3.064529201485
    ));
#1063 = CARTESIAN_POINT('',(-4.875623756509,1.11121078702,3.099113778955
    ));
#1064 = CARTESIAN_POINT('',(-4.861437300717,1.171823077683,
    3.135670591973));
#1065 = CARTESIAN_POINT('',(-4.846851436401,1.230259086244,
    3.174040127722));
#1066 = CARTESIAN_POINT('',(-4.831980520952,1.286512530146,
    3.214072748309));
#1067 = CARTESIAN_POINT('',(-4.8056015291,1.381296411309,3.286916052917)
  );
#1068 = CARTESIAN_POINT('',(-4.794168428251,1.420778700354,
    3.319072702694));
#1069 = CARTESIAN_POINT('',(-4.782676380353,1.459038546992,3.35204435922
    ));
#1070 = CARTESIAN_POINT('',(-4.771166622033,1.496084436701,
    3.385781991218));
#1071 = CARTESIAN_POINT('',(-4.759677854843,1.531926220732,
    3.420241308917));
#1072 = CARTESIAN_POINT('',(-4.711479240641,1.678014899504,
    3.568406746659));
#1073 = CARTESIAN_POINT('',(-4.675283253389,1.777175616127,
    3.688549366996));
#1074 = CARTESIAN_POINT('',(-4.640885293722,1.864329318633,
    3.814445234087));
#1075 = CARTESIAN_POINT('',(-4.60929710208,1.939751687649,3.945062250208
    ));
#1076 = CARTESIAN_POINT('',(-4.581340978905,2.003653339439,
    4.079607913665));
#1077 = CARTESIAN_POINT('',(-4.536050081526,2.104047338174,
    4.343383296537));
#1078 = CARTESIAN_POINT('',(-4.518011487027,2.142417253195,
    4.472045521322));
#1079 = CARTESIAN_POINT('',(-4.504101390232,2.171199851216,
    4.602690952241));
#1080 = CARTESIAN_POINT('',(-4.494694979641,2.190394074791,
    4.734651935103));
#1081 = CARTESIAN_POINT('',(-4.489988864129,2.2,4.867296440649));
#1082 = CARTESIAN_POINT('',(-4.489988864129,2.2,5.13230215213));
#1083 = CARTESIAN_POINT('',(-4.494666556324,2.190452102716,5.2645460798)
  );
#1084 = CARTESIAN_POINT('',(-4.504016221227,2.171373638488,
    5.396112645047));
#1085 = CARTESIAN_POINT('',(-4.517843599868,2.14276461241,5.526375268021
    ));
#1086 = CARTESIAN_POINT('',(-4.535777902554,2.104626224305,
    5.654672284838));
#1087 = CARTESIAN_POINT('',(-4.581048871974,2.004327379562,
    5.919081009904));
#1088 = CARTESIAN_POINT('',(-4.609170072212,1.940077629837,
    6.054563677104));
#1089 = CARTESIAN_POINT('',(-4.64097676212,1.864152748771,6.186068915144
    ));
#1090 = CARTESIAN_POINT('',(-4.675630374402,1.776337475844,
    6.312788931541));
#1091 = CARTESIAN_POINT('',(-4.712097675286,1.676349808293,
    6.433669583976));
#1092 = CARTESIAN_POINT('',(-4.76036976705,1.529762192679,6.581829708077
    ));
#1093 = CARTESIAN_POINT('',(-4.771669005851,1.494458038508,
    6.615684286027));
#1094 = CARTESIAN_POINT('',(-4.78298723997,1.457989023699,6.648839390721
    ));
#1095 = CARTESIAN_POINT('',(-4.79428760958,1.420345796034,6.681252805206
    ));
#1096 = CARTESIAN_POINT('',(-4.805530880567,1.381520293508,
    6.712877869752));
#1097 = CARTESIAN_POINT('',(-4.832022587648,1.286401837605,
    6.786058249058));
#1098 = CARTESIAN_POINT('',(-4.847186387511,1.229029371992,6.82687176189
    ));
#1099 = CARTESIAN_POINT('',(-4.862052979438,1.169387361696,
    6.865955043612));
#1100 = CARTESIAN_POINT('',(-4.87650093307,1.107482905999,6.903149098829
    ));
#1101 = CARTESIAN_POINT('',(-4.890402738728,1.043331799942,
    6.938284347675));
#1102 = CARTESIAN_POINT('',(-4.920349393099,0.893021316098,7.01278144957
    ));
#1103 = CARTESIAN_POINT('',(-4.936008784164,0.805425181352,
    7.050853096624));
#1104 = CARTESIAN_POINT('',(-4.950283427329,0.71444854449,7.084892245613
    ));
#1105 = CARTESIAN_POINT('',(-4.962869301221,0.620410607854,
    7.114454717426));
#1106 = CARTESIAN_POINT('',(-4.973494966364,0.523669591691,
    7.139149487013));
#1107 = CARTESIAN_POINT('',(-4.993996227808,0.283134735661,
    7.186464608772));
#1108 = CARTESIAN_POINT('',(-5.001588727488,0.137070943588,
    7.203637682466));
#1109 = CARTESIAN_POINT('',(-5.00398365539,-1.12889895137E-02,
    7.208971517685));
#1110 = CARTESIAN_POINT('',(-5.000909789104,-0.159527732744,7.2021102736
    ));
#1111 = CARTESIAN_POINT('',(-4.992679192509,-0.30523206109,
    7.183469168286));
#1112 = CARTESIAN_POINT('',(-4.971425152397,-0.542485421458,
    7.134336359347));
#1113 = CARTESIAN_POINT('',(-4.960742344889,-0.636562939669,
    7.10946051243));
#1114 = CARTESIAN_POINT('',(-4.948222234963,-0.728009267844,
    7.079989670894));
#1115 = CARTESIAN_POINT('',(-4.934119946274,-0.816502657003,
    7.046291348481));
#1116 = CARTESIAN_POINT('',(-4.918718266438,-0.901756849854,
    7.008778294609));
#1117 = CARTESIAN_POINT('',(-4.889290777188,-1.048436484907,
    6.935470798517));
#1118 = CARTESIAN_POINT('',(-4.875623756509,-1.111210787021,
    6.900886221045));
#1119 = CARTESIAN_POINT('',(-4.861437300716,-1.171823077686,
    6.864329408025));
#1120 = CARTESIAN_POINT('',(-4.8468514364,-1.230259086245,6.825959872277
    ));
#1121 = CARTESIAN_POINT('',(-4.831980520953,-1.286512530144,
    6.785927251693));
#1122 = CARTESIAN_POINT('',(-4.8056015291,-1.381296411309,6.713083947083
    ));
#1123 = CARTESIAN_POINT('',(-4.794168428251,-1.420778700354,
    6.680927297306));
#1124 = CARTESIAN_POINT('',(-4.782676380353,-1.459038546992,
    6.64795564078));
#1125 = CARTESIAN_POINT('',(-4.771166622033,-1.496084436701,
    6.614218008782));
#1126 = CARTESIAN_POINT('',(-4.759677854843,-1.531926220732,
    6.579758691083));
#1127 = CARTESIAN_POINT('',(-4.711479240641,-1.678014899504,
    6.431593253341));
#1128 = CARTESIAN_POINT('',(-4.675283253389,-1.777175616127,
    6.311450633004));
#1129 = CARTESIAN_POINT('',(-4.640885293722,-1.864329318633,
    6.185554765913));
#1130 = CARTESIAN_POINT('',(-4.60929710208,-1.939751687649,
    6.054937749792));
#1131 = CARTESIAN_POINT('',(-4.581340978905,-2.003653339439,
    5.920392086335));
#1132 = CARTESIAN_POINT('',(-4.536050081526,-2.104047338174,
    5.656616703462));
#1133 = CARTESIAN_POINT('',(-4.518011487027,-2.142417253195,
    5.527954478678));
#1134 = CARTESIAN_POINT('',(-4.504101390232,-2.171199851216,
    5.397309047759));
#1135 = CARTESIAN_POINT('',(-4.494694979641,-2.190394074791,
    5.265348064897));
#1136 = CARTESIAN_POINT('',(-4.489988864129,-2.2,5.132703559351));
#1137 = CARTESIAN_POINT('',(-4.489988864129,-2.2,4.86769784787));
#1138 = CARTESIAN_POINT('',(-4.494666556324,-2.190452102716,4.7354539202
    ));
#1139 = CARTESIAN_POINT('',(-4.504016221227,-2.171373638488,
    4.603887354953));
#1140 = CARTESIAN_POINT('',(-4.517843599868,-2.14276461241,
    4.473624731979));
#1141 = CARTESIAN_POINT('',(-4.535777902554,-2.104626224305,
    4.345327715162));
#1142 = CARTESIAN_POINT('',(-4.581048871974,-2.004327379562,
    4.080918990096));
#1143 = CARTESIAN_POINT('',(-4.609170072212,-1.940077629837,
    3.945436322896));
#1144 = CARTESIAN_POINT('',(-4.64097676212,-1.864152748771,
    3.813931084856));
#1145 = CARTESIAN_POINT('',(-4.675630374402,-1.776337475844,
    3.687211068459));
#1146 = CARTESIAN_POINT('',(-4.712097675286,-1.676349808293,
    3.566330416024));
#1147 = CARTESIAN_POINT('',(-4.76036976705,-1.529762192679,
    3.418170291923));
#1148 = CARTESIAN_POINT('',(-4.771669005851,-1.494458038508,
    3.384315713973));
#1149 = CARTESIAN_POINT('',(-4.78298723997,-1.457989023699,
    3.351160609279));
#1150 = CARTESIAN_POINT('',(-4.79428760958,-1.420345796034,
    3.318747194794));
#1151 = CARTESIAN_POINT('',(-4.805530880567,-1.381520293508,
    3.287122130248));
#1152 = CARTESIAN_POINT('',(-4.832022587648,-1.286401837605,
    3.213941750942));
#1153 = CARTESIAN_POINT('',(-4.847186387511,-1.229029371992,
    3.17312823811));
#1154 = CARTESIAN_POINT('',(-4.862052979438,-1.169387361696,
    3.134044956388));
#1155 = CARTESIAN_POINT('',(-4.87650093307,-1.107482905999,
    3.096850901171));
#1156 = CARTESIAN_POINT('',(-4.890402738728,-1.043331799942,
    3.061715652325));
#1157 = CARTESIAN_POINT('',(-4.931913714972,-0.834976808203,
    2.958450446513));
#1158 = CARTESIAN_POINT('',(-4.957343953222,-0.681591363137,
    2.897715978278));
#1159 = CARTESIAN_POINT('',(-4.978107049812,-0.518801987116,
    2.849756730723));
#1160 = CARTESIAN_POINT('',(-4.99263319604,-0.349084876557,2.81674274339
    ));
#1161 = CARTESIAN_POINT('',(-5.,-0.175199535991,2.8));
#1162 = CARTESIAN_POINT('',(-5.,0.,2.8));
#1163 = PCURVE('',#179,#1164);
#1164 = DEFINITIONAL_REPRESENTATION('',(#1165),#1273);
#1165 = B_SPLINE_CURVE_WITH_KNOTS('',6,(#1166,#1167,#1168,#1169,#1170,
    #1171,#1172,#1173,#1174,#1175,#1176,#1177,#1178,#1179,#1180,#1181,
    #1182,#1183,#1184,#1185,#1186,#1187,#1188,#1189,#1190,#1191,#1192,
    #1193,#1194,#1195,#1196,#1197,#1198,#1199,#1200,#1201,#1202,#1203,
    #1204,#1205,#1206,#1207,#1208,#1209,#1210,#1211,#1212,#1213,#1214,
    #1215,#1216,#1217,#1218,#1219,#1220,#1221,#1222,#1223,#1224,#1225,
    #1226,#1227,#1228,#1229,#1230,#1231,#1232,#1233,#1234,#1235,#1236,
    #1237,#1238,#1239,#1240,#1241,#1242,#1243,#1244,#1245,#1246,#1247,
    #1248,#1249,#1250,#1251,#1252,#1253,#1254,#1255,#1256,#1257,#1258,
    #1259,#1260,#1261,#1262,#1263,#1264,#1265,#1266,#1267,#1268,#1269,
    #1270,#1271,#1272),.UNSPECIFIED.,.F.,.F.,(7,5,5,5,5,5,5,5,5,5,5,5,5,
    5,5,5,5,5,5,5,5,7),(0.,6.397458978815E-02,9.308368800345E-02,
    0.115000477029,0.185490522827,0.249904692601,0.314124019729,
    0.385089416585,0.406643256591,0.436324980193,0.473861815814,
    0.527480828629,0.564147777424,0.593257383513,0.615174554926,
    0.685665830579,0.750081124202,0.814301571779,0.885268206784,
    0.906822422846,0.936504664311,1.),.UNSPECIFIED.);
#1166 = CARTESIAN_POINT('',(0.,10.6));
#1167 = CARTESIAN_POINT('',(8.025387481912E-02,10.6));
#1168 = CARTESIAN_POINT('',(0.159892799768,10.607481533549));
#1169 = CARTESIAN_POINT('',(0.238525514344,10.622229409441));
#1170 = CARTESIAN_POINT('',(0.315730581803,10.643294448869));
#1171 = CARTESIAN_POINT('',(0.390976346738,10.669064186448));
#1172 = CARTESIAN_POINT('',(0.49645726649,10.710709222813));
#1173 = CARTESIAN_POINT('',(0.529008744107,10.724376243491));
#1174 = CARTESIAN_POINT('',(0.56114650213,10.738562699283));
#1175 = CARTESIAN_POINT('',(0.592888514798,10.753148563599));
#1176 = CARTESIAN_POINT('',(0.624250909601,10.768019479048));
#1177 = CARTESIAN_POINT('',(0.678587880779,10.7943984709));
#1178 = CARTESIAN_POINT('',(0.701724420658,10.805831571749));
#1179 = CARTESIAN_POINT('',(0.724668861661,10.817323619647));
#1180 = CARTESIAN_POINT('',(0.747431726752,10.828833377967));
#1181 = CARTESIAN_POINT('',(0.770023725076,10.840322145157));
#1182 = CARTESIAN_POINT('',(0.864602935622,10.888520759359));
#1183 = CARTESIAN_POINT('',(0.935136126405,10.924716746611));
#1184 = CARTESIAN_POINT('',(1.004373202937,10.959114706278));
#1185 = CARTESIAN_POINT('',(1.072599497229,10.99070289792));
#1186 = CARTESIAN_POINT('',(1.140088326711,11.018659021095));
#1187 = CARTESIAN_POINT('',(1.268376811981,11.063949918474));
#1188 = CARTESIAN_POINT('',(1.329238512991,11.081988512973));
#1189 = CARTESIAN_POINT('',(1.389806393195,11.095898609768));
#1190 = CARTESIAN_POINT('',(1.450183490028,11.105305020359));
#1191 = CARTESIAN_POINT('',(1.51047652709,11.110011135871));
#1192 = CARTESIAN_POINT('',(1.630933668672,11.110011135871));
#1193 = CARTESIAN_POINT('',(1.69104462348,11.105333443676));
#1194 = CARTESIAN_POINT('',(1.751238869469,11.095983778773));
#1195 = CARTESIAN_POINT('',(1.811622054975,11.082156400132));
#1196 = CARTESIAN_POINT('',(1.872296184585,11.064222097446));
#1197 = CARTESIAN_POINT('',(2.000838418172,11.018951128026));
#1198 = CARTESIAN_POINT('',(2.068775537895,10.990829927788));
#1199 = CARTESIAN_POINT('',(2.137459076184,10.95902323788));
#1200 = CARTESIAN_POINT('',(2.207167855479,10.924369625598));
#1201 = CARTESIAN_POINT('',(2.278193052438,10.887902324714));
#1202 = CARTESIAN_POINT('',(2.372929912257,10.83963023295));
#1203 = CARTESIAN_POINT('',(2.395155630492,10.828330994149));
#1204 = CARTESIAN_POINT('',(2.417546958242,10.81701276003));
#1205 = CARTESIAN_POINT('',(2.440114079759,10.80571239042));
#1206 = CARTESIAN_POINT('',(2.462867001427,10.794469119433));
#1207 = CARTESIAN_POINT('',(2.517417926472,10.767977412352));
#1208 = CARTESIAN_POINT('',(2.549399287011,10.752813612489));
#1209 = CARTESIAN_POINT('',(2.581775555771,10.737947020562));
#1210 = CARTESIAN_POINT('',(2.614563643031,10.72349906693));
#1211 = CARTESIAN_POINT('',(2.647782472277,10.709597261272));
#1212 = CARTESIAN_POINT('',(2.724036532925,10.679650606901));
#1213 = CARTESIAN_POINT('',(2.76739645199,10.663991215836));
#1214 = CARTESIAN_POINT('',(2.811458320331,10.649716572671));
#1215 = CARTESIAN_POINT('',(2.856166425458,10.637130698779));
#1216 = CARTESIAN_POINT('',(2.901479345145,10.626505033636));
#1217 = CARTESIAN_POINT('',(3.012908581587,10.606003772192));
#1218 = CARTESIAN_POINT('',(3.079559384153,10.598411272512));
#1219 = CARTESIAN_POINT('',(3.146702808378,10.59601634461));
#1220 = CARTESIAN_POINT('',(3.213820426963,10.599090210896));
#1221 = CARTESIAN_POINT('',(3.280391807719,10.607320807491));
#1222 = CARTESIAN_POINT('',(3.39052244945,10.628574847603));
#1223 = CARTESIAN_POINT('',(3.434689475567,10.639257655111));
#1224 = CARTESIAN_POINT('',(3.478269787203,10.651777765037));
#1225 = CARTESIAN_POINT('',(3.521227597593,10.665880053726));
#1226 = CARTESIAN_POINT('',(3.563514299437,10.681281733562));
#1227 = CARTESIAN_POINT('',(3.638049920078,10.710709222812));
#1228 = CARTESIAN_POINT('',(3.670601397697,10.724376243491));
#1229 = CARTESIAN_POINT('',(3.702739155721,10.738562699284));
#1230 = CARTESIAN_POINT('',(3.734481168388,10.7531485636));
#1231 = CARTESIAN_POINT('',(3.765843563189,10.768019479047));
#1232 = CARTESIAN_POINT('',(3.820180534369,10.7943984709));
#1233 = CARTESIAN_POINT('',(3.843317074248,10.805831571749));
#1234 = CARTESIAN_POINT('',(3.866261515251,10.817323619647));
#1235 = CARTESIAN_POINT('',(3.889024380341,10.828833377967));
#1236 = CARTESIAN_POINT('',(3.911616378666,10.840322145157));
#1237 = CARTESIAN_POINT('',(4.006195589211,10.888520759359));
#1238 = CARTESIAN_POINT('',(4.076728779995,10.924716746611));
#1239 = CARTESIAN_POINT('',(4.145965856527,10.959114706278));
#1240 = CARTESIAN_POINT('',(4.214192150819,10.99070289792));
#1241 = CARTESIAN_POINT('',(4.281680980301,11.018659021095));
#1242 = CARTESIAN_POINT('',(4.409969465571,11.063949918474));
#1243 = CARTESIAN_POINT('',(4.470831166581,11.081988512973));
#1244 = CARTESIAN_POINT('',(4.531399046785,11.095898609768));
#1245 = CARTESIAN_POINT('',(4.591776143618,11.105305020359));
#1246 = CARTESIAN_POINT('',(4.65206918068,11.110011135871));
#1247 = CARTESIAN_POINT('',(4.772526322262,11.110011135871));
#1248 = CARTESIAN_POINT('',(4.83263727707,11.105333443676));
#1249 = CARTESIAN_POINT('',(4.892831523058,11.095983778773));
#1250 = CARTESIAN_POINT('',(4.953214708565,11.082156400132));
#1251 = CARTESIAN_POINT('',(5.013888838175,11.064222097446));
#1252 = CARTESIAN_POINT('',(5.142431071762,11.018951128026));
#1253 = CARTESIAN_POINT('',(5.210368191485,10.990829927788));
#1254 = CARTESIAN_POINT('',(5.279051729774,10.95902323788));
#1255 = CARTESIAN_POINT('',(5.348760509069,10.924369625598));
#1256 = CARTESIAN_POINT('',(5.419785706027,10.887902324714));
#1257 = CARTESIAN_POINT('',(5.514522565847,10.83963023295));
#1258 = CARTESIAN_POINT('',(5.536748284082,10.828330994149));
#1259 = CARTESIAN_POINT('',(5.559139611832,10.81701276003));
#1260 = CARTESIAN_POINT('',(5.581706733348,10.80571239042));
#1261 = CARTESIAN_POINT('',(5.604459655016,10.794469119433));
#1262 = CARTESIAN_POINT('',(5.659010580061,10.767977412352));
#1263 = CARTESIAN_POINT('',(5.6909919406,10.752813612489));
#1264 = CARTESIAN_POINT('',(5.723368209361,10.737947020562));
#1265 = CARTESIAN_POINT('',(5.756156296621,10.72349906693));
#1266 = CARTESIAN_POINT('',(5.789375125867,10.709597261272));
#1267 = CARTESIAN_POINT('',(5.895075764772,10.668086285028));
#1268 = CARTESIAN_POINT('',(5.969804077787,10.642656046778));
#1269 = CARTESIAN_POINT('',(6.046456722,10.621892950188));
#1270 = CARTESIAN_POINT('',(6.124510461316,10.60736680396));
#1271 = CARTESIAN_POINT('',(6.203549154457,10.6));
#1272 = CARTESIAN_POINT('',(6.28318530718,10.6));
#1273 = ( GEOMETRIC_REPRESENTATION_CONTEXT(2) 
PARAMETRIC_REPRESENTATION_CONTEXT() REPRESENTATION_CONTEXT('2D SPACE',''
  ) );
#1274 = PCURVE('',#585,#1275);
#1275 = DEFINITIONAL_REPRESENTATION('',(#1276),#1384);
#1276 = B_SPLINE_CURVE_WITH_KNOTS('',6,(#1277,#1278,#1279,#1280,#1281,
    #1282,#1283,#1284,#1285,#1286,#1287,#1288,#1289,#1290,#1291,#1292,
    #1293,#1294,#1295,#1296,#1297,#1298,#1299,#1300,#1301,#1302,#1303,
    #1304,#1305,#1306,#1307,#1308,#1309,#1310,#1311,#1312,#1313,#1314,
    #1315,#1316,#1317,#1318,#1319,#1320,#1321,#1322,#1323,#1324,#1325,
    #1326,#1327,#1328,#1329,#1330,#1331,#1332,#1333,#1334,#1335,#1336,
    #1337,#1338,#1339,#1340,#1341,#1342,#1343,#1344,#1345,#1346,#1347,
    #1348,#1349,#1350,#1351,#1352,#1353,#1354,#1355,#1356,#1357,#1358,
    #1359,#1360,#1361,#1362,#1363,#1364,#1365,#1366,#1367,#1368,#1369,
    #1370,#1371,#1372,#1373,#1374,#1375,#1376,#1377,#1378,#1379,#1380,
    #1381,#1382,#1383),.UNSPECIFIED.,.T.,.F.,(7,5,5,5,5,5,5,5,5,5,5,5,5,
    5,5,5,5,5,5,5,5,7),(0.,6.397458978815E-02,9.308368800345E-02,
    0.115000477029,0.185490522827,0.249904692601,0.314124019729,
    0.385089416585,0.406643256591,0.436324980193,0.473861815814,
    0.527480828629,0.564147777424,0.593257383513,0.615174554926,
    0.685665830579,0.750081124202,0.814301571779,0.885268206784,
    0.906822422846,0.936504664311,1.),.UNSPECIFIED.);
#1277 = CARTESIAN_POINT('',(3.14159265359,2.8));
#1278 = CARTESIAN_POINT('',(3.106280948669,2.8));
#1279 = CARTESIAN_POINT('',(3.071239718003,2.817003490071));
#1280 = CARTESIAN_POINT('',(3.036971974879,2.850521423464));
#1281 = CARTESIAN_POINT('',(3.003965267238,2.899191041071));
#1282 = CARTESIAN_POINT('',(2.972698260089,2.960786292443));
#1283 = CARTESIAN_POINT('',(2.930355542119,3.064529201485));
#1284 = CARTESIAN_POINT('',(2.91750829594,3.099113778955));
#1285 = CARTESIAN_POINT('',(2.905060387799,3.135670591973));
#1286 = CARTESIAN_POINT('',(2.893016408797,3.174040127722));
#1287 = CARTESIAN_POINT('',(2.881380219106,3.214072748309));
#1288 = CARTESIAN_POINT('',(2.861702988265,3.286916052917));
#1289 = CARTESIAN_POINT('',(2.853482556953,3.319072702694));
#1290 = CARTESIAN_POINT('',(2.845493434591,3.35204435922));
#1291 = CARTESIAN_POINT('',(2.837735388182,3.385781991218));
#1292 = CARTESIAN_POINT('',(2.830208033478,3.420241308917));
#1293 = CARTESIAN_POINT('',(2.799441162674,3.568406746659));
#1294 = CARTESIAN_POINT('',(2.778339322393,3.688549366996));
#1295 = CARTESIAN_POINT('',(2.759607794304,3.814445234087));
#1296 = CARTESIAN_POINT('',(2.743256771055,3.945062250208));
#1297 = CARTESIAN_POINT('',(2.729307921088,4.079607913665));
#1298 = CARTESIAN_POINT('',(2.707280465159,4.343383296537));
#1299 = CARTESIAN_POINT('',(2.698801716546,4.472045521322));
#1300 = CARTESIAN_POINT('',(2.692408510517,4.602690952241));
#1301 = CARTESIAN_POINT('',(2.688133266809,4.734651935103));
#1302 = CARTESIAN_POINT('',(2.685993980194,4.867296440649));
#1303 = CARTESIAN_POINT('',(2.685993980194,5.13230215213));
#1304 = CARTESIAN_POINT('',(2.688120344977,5.2645460798));
#1305 = CARTESIAN_POINT('',(2.69236980119,5.396112645047));
#1306 = CARTESIAN_POINT('',(2.698724558587,5.526375268021));
#1307 = CARTESIAN_POINT('',(2.707152544751,5.654672284838));
#1308 = CARTESIAN_POINT('',(2.729161014874,5.919081009904));
#1309 = CARTESIAN_POINT('',(2.743186867497,6.054563677104));
#1310 = CARTESIAN_POINT('',(2.759647430984,6.186068915144));
#1311 = CARTESIAN_POINT('',(2.778520627492,6.312788931541));
#1312 = CARTESIAN_POINT('',(2.799796162477,6.433669583976));
#1313 = CARTESIAN_POINT('',(2.830662405458,6.581829708077));
#1314 = CARTESIAN_POINT('',(2.838075807006,6.615684286027));
#1315 = CARTESIAN_POINT('',(2.845712331588,6.648839390721));
#1316 = CARTESIAN_POINT('',(2.853572343334,6.681252805206));
#1317 = CARTESIAN_POINT('',(2.861656062686,6.712877869752));
#1318 = CARTESIAN_POINT('',(2.88140380301,6.786058249058));
#1319 = CARTESIAN_POINT('',(2.893271278479,6.82687176189));
#1320 = CARTESIAN_POINT('',(2.90556276488,6.865955043612));
#1321 = CARTESIAN_POINT('',(2.918274085528,6.903149098829));
#1322 = CARTESIAN_POINT('',(2.931400266722,6.938284347675));
#1323 = CARTESIAN_POINT('',(2.962053190668,7.01278144957));
#1324 = CARTESIAN_POINT('',(2.979846703308,7.050853096624));
#1325 = CARTESIAN_POINT('',(2.998258118699,7.084892245613));
#1326 = CARTESIAN_POINT('',(3.017225739947,7.114454717426));
#1327 = CARTESIAN_POINT('',(3.036684498395,7.139149487013));
#1328 = CARTESIAN_POINT('',(3.084965889712,7.186464608772));
#1329 = CARTESIAN_POINT('',(3.114202118694,7.203637682466));
#1330 = CARTESIAN_POINT('',(3.14384859252,7.208971517685));
#1331 = CARTESIAN_POINT('',(3.173473478097,7.2021102736));
#1332 = CARTESIAN_POINT('',(3.20264503608,7.183469168286));
#1333 = CARTESIAN_POINT('',(3.250285729286,7.134336359347));
#1334 = CARTESIAN_POINT('',(3.269216803265,7.10946051243));
#1335 = CARTESIAN_POINT('',(3.287669634854,7.079989670894));
#1336 = CARTESIAN_POINT('',(3.30558562852,7.046291348481));
#1337 = CARTESIAN_POINT('',(3.32290927545,7.008778294609));
#1338 = CARTESIAN_POINT('',(3.35282976506,6.935470798517));
#1339 = CARTESIAN_POINT('',(3.36567701124,6.900886221045));
#1340 = CARTESIAN_POINT('',(3.378124919381,6.864329408025));
#1341 = CARTESIAN_POINT('',(3.390168898383,6.825959872277));
#1342 = CARTESIAN_POINT('',(3.401805088073,6.785927251693));
#1343 = CARTESIAN_POINT('',(3.421482318915,6.713083947083));
#1344 = CARTESIAN_POINT('',(3.429702750227,6.680927297306));
#1345 = CARTESIAN_POINT('',(3.437691872588,6.64795564078));
#1346 = CARTESIAN_POINT('',(3.445449918997,6.614218008782));
#1347 = CARTESIAN_POINT('',(3.452977273702,6.579758691083));
#1348 = CARTESIAN_POINT('',(3.483744144506,6.431593253341));
#1349 = CARTESIAN_POINT('',(3.504845984786,6.311450633004));
#1350 = CARTESIAN_POINT('',(3.523577512875,6.185554765913));
#1351 = CARTESIAN_POINT('',(3.539928536124,6.054937749792));
#1352 = CARTESIAN_POINT('',(3.553877386092,5.920392086335));
#1353 = CARTESIAN_POINT('',(3.575904842021,5.656616703462));
#1354 = CARTESIAN_POINT('',(3.584383590634,5.527954478678));
#1355 = CARTESIAN_POINT('',(3.590776796663,5.397309047759));
#1356 = CARTESIAN_POINT('',(3.595052040371,5.265348064897));
#1357 = CARTESIAN_POINT('',(3.597191326986,5.132703559351));
#1358 = CARTESIAN_POINT('',(3.597191326986,4.86769784787));
#1359 = CARTESIAN_POINT('',(3.595064962203,4.7354539202));
#1360 = CARTESIAN_POINT('',(3.590815505989,4.603887354953));
#1361 = CARTESIAN_POINT('',(3.584460748593,4.473624731979));
#1362 = CARTESIAN_POINT('',(3.576032762428,4.345327715162));
#1363 = CARTESIAN_POINT('',(3.554024292305,4.080918990096));
#1364 = CARTESIAN_POINT('',(3.539998439683,3.945436322896));
#1365 = CARTESIAN_POINT('',(3.523537876195,3.813931084856));
#1366 = CARTESIAN_POINT('',(3.504664679688,3.687211068459));
#1367 = CARTESIAN_POINT('',(3.483389144702,3.566330416024));
#1368 = CARTESIAN_POINT('',(3.452522901721,3.418170291923));
#1369 = CARTESIAN_POINT('',(3.445109500174,3.384315713973));
#1370 = CARTESIAN_POINT('',(3.437472975591,3.351160609279));
#1371 = CARTESIAN_POINT('',(3.429612963846,3.318747194794));
#1372 = CARTESIAN_POINT('',(3.421529244493,3.287122130248));
#1373 = CARTESIAN_POINT('',(3.401781504169,3.213941750942));
#1374 = CARTESIAN_POINT('',(3.389914028701,3.17312823811));
#1375 = CARTESIAN_POINT('',(3.3776225423,3.134044956388));
#1376 = CARTESIAN_POINT('',(3.364911221651,3.096850901171));
#1377 = CARTESIAN_POINT('',(3.351785040458,3.061715652325));
#1378 = CARTESIAN_POINT('',(3.309295058707,2.958450446513));
#1379 = CARTESIAN_POINT('',(3.278215441979,2.897715978278));
#1380 = CARTESIAN_POINT('',(3.24543026365,2.849756730723));
#1381 = CARTESIAN_POINT('',(3.211409685888,2.81674274339));
#1382 = CARTESIAN_POINT('',(3.176632560788,2.8));
#1383 = CARTESIAN_POINT('',(3.14159265359,2.8));
#1384 = ( GEOMETRIC_REPRESENTATION_CONTEXT(2) 
PARAMETRIC_REPRESENTATION_CONTEXT() REPRESENTATION_CONTEXT('2D SPACE',''
  ) );
#1385 = ORIENTED_EDGE('',*,*,#1386,.F.);
#1386 = EDGE_CURVE('',#1387,#1052,#1389,.T.);
#1387 = VERTEX_POINT('',#1388);
#1388 = CARTESIAN_POINT('',(-10.6,-5.388445916248E-16,2.8));
#1389 = SEAM_CURVE('',#1390,(#1394,#1401),.PCURVE_S1.);
#1390 = LINE('',#1391,#1392);
#1391 = CARTESIAN_POINT('',(-15.6,-5.388445916248E-16,2.8));
#1392 = VECTOR('',#1393,1.);
#1393 = DIRECTION('',(1.,0.,2.22044604925E-16));
#1394 = PCURVE('',#179,#1395);
#1395 = DEFINITIONAL_REPRESENTATION('',(#1396),#1400);
#1396 = LINE('',#1397,#1398);
#1397 = CARTESIAN_POINT('',(6.28318530718,-0.));
#1398 = VECTOR('',#1399,1.);
#1399 = DIRECTION('',(0.,1.));
#1400 = ( GEOMETRIC_REPRESENTATION_CONTEXT(2) 
PARAMETRIC_REPRESENTATION_CONTEXT() REPRESENTATION_CONTEXT('2D SPACE',''
  ) );
#1401 = PCURVE('',#179,#1402);
#1402 = DEFINITIONAL_REPRESENTATION('',(#1403),#1407);
#1403 = LINE('',#1404,#1405);
#1404 = CARTESIAN_POINT('',(0.,-0.));
#1405 = VECTOR('',#1406,1.);
#1406 = DIRECTION('',(0.,1.));
#1407 = ( GEOMETRIC_REPRESENTATION_CONTEXT(2) 
PARAMETRIC_REPRESENTATION_CONTEXT() REPRESENTATION_CONTEXT('2D SPACE',''
  ) );
#1408 = ORIENTED_EDGE('',*,*,#1409,.T.);
#1409 = EDGE_CURVE('',#1387,#1410,#1412,.T.);
#1410 = VERTEX_POINT('',#1411);
#1411 = CARTESIAN_POINT('',(-10.56030302595,0.916515138991,7.));
#1412 = SURFACE_CURVE('',#1413,(#1446,#1482),.PCURVE_S1.);
#1413 = B_SPLINE_CURVE_WITH_KNOTS('',7,(#1414,#1415,#1416,#1417,#1418,
    #1419,#1420,#1421,#1422,#1423,#1424,#1425,#1426,#1427,#1428,#1429,
    #1430,#1431,#1432,#1433,#1434,#1435,#1436,#1437,#1438,#1439,#1440,
    #1441,#1442,#1443,#1444,#1445),.UNSPECIFIED.,.F.,.F.,(8,6,6,6,6,8),(
    0.,0.266198759891,0.565771488373,0.750990807253,0.893875979682,1.),
  .UNSPECIFIED.);
#1414 = CARTESIAN_POINT('',(-10.6,3.796405077357E-16,2.8));
#1415 = CARTESIAN_POINT('',(-10.6,0.280972931224,2.8));
#1416 = CARTESIAN_POINT('',(-10.59131071122,0.554519149443,
    2.841864740249));
#1417 = CARTESIAN_POINT('',(-10.57476105972,0.813394345931,
    2.921613743279));
#1418 = CARTESIAN_POINT('',(-10.55243670196,1.051527442516,
    3.033952679252));
#1419 = CARTESIAN_POINT('',(-10.5271998803,1.26420135121,3.172276971154)
  );
#1420 = CARTESIAN_POINT('',(-10.50174088414,1.448483610059,
    3.328674709126));
#1421 = CARTESIAN_POINT('',(-10.45123833832,1.77844208086,3.680044792329
    ));
#1422 = CARTESIAN_POINT('',(-10.42588386579,1.921369649898,
    3.882706825231));
#1423 = CARTESIAN_POINT('',(-10.40395669844,2.033821966061,
    4.096519400112));
#1424 = CARTESIAN_POINT('',(-10.38676587379,2.117138013509,
    4.317721947796));
#1425 = CARTESIAN_POINT('',(-10.37505241157,2.172345702398,
    4.543517739793));
#1426 = CARTESIAN_POINT('',(-10.36918511745,2.2,4.77163784542));
#1427 = CARTESIAN_POINT('',(-10.36918511745,2.2,5.141191365928));
#1428 = CARTESIAN_POINT('',(-10.37142808693,2.189428344604,
    5.282359932501));
#1429 = CARTESIAN_POINT('',(-10.37591258742,2.168291493403,
    5.422966246822));
#1430 = CARTESIAN_POINT('',(-10.38258312993,2.136517339712,
    5.562461378248));
#1431 = CARTESIAN_POINT('',(-10.39132774026,2.093964670531,
    5.700250138355));
#1432 = CARTESIAN_POINT('',(-10.40197031551,2.040431270045,
    5.835652922598));
#1433 = CARTESIAN_POINT('',(-10.42373677866,1.925694178906,
    6.069860465061));
#1434 = CARTESIAN_POINT('',(-10.43419581569,1.869033648174,
    6.169969710138));
#1435 = CARTESIAN_POINT('',(-10.44552014966,1.805555423394,
    6.267830270018));
#1436 = CARTESIAN_POINT('',(-10.45756648646,1.735117678234,
    6.363021337097));
#1437 = CARTESIAN_POINT('',(-10.47015849806,1.6575733207,6.455049527162)
  );
#1438 = CARTESIAN_POINT('',(-10.48308234969,1.572782902717,
    6.543333471492));
#1439 = CARTESIAN_POINT('',(-10.50573752745,1.412181668546,
    6.689469350603));
#1440 = CARTESIAN_POINT('',(-10.51544071107,1.339630940908,
    6.749345547198));
#1441 = CARTESIAN_POINT('',(-10.52507829059,1.262983603235,
    6.806470212549));
#1442 = CARTESIAN_POINT('',(-10.53452349911,1.182273635666,
    6.860482176251));
#1443 = CARTESIAN_POINT('',(-10.5436393903,1.09756170486,6.911005227005)
  );
#1444 = CARTESIAN_POINT('',(-10.55228193864,1.008936126804,
    6.957647455954));
#1445 = CARTESIAN_POINT('',(-10.56030313959,0.916513829622,
    7.000000600014));
#1446 = PCURVE('',#179,#1447);
#1447 = DEFINITIONAL_REPRESENTATION('',(#1448),#1481);
#1448 = B_SPLINE_CURVE_WITH_KNOTS('',7,(#1449,#1450,#1451,#1452,#1453,
    #1454,#1455,#1456,#1457,#1458,#1459,#1460,#1461,#1462,#1463,#1464,
    #1465,#1466,#1467,#1468,#1469,#1470,#1471,#1472,#1473,#1474,#1475,
    #1476,#1477,#1478,#1479,#1480),.UNSPECIFIED.,.F.,.F.,(8,6,6,6,6,8),(
    0.,0.266198759891,0.565771488373,0.750990807253,0.893875979682,1.),
  .UNSPECIFIED.);
#1449 = CARTESIAN_POINT('',(0.,5.));
#1450 = CARTESIAN_POINT('',(0.127714968738,5.));
#1451 = CARTESIAN_POINT('',(0.252054055227,5.008689288775));
#1452 = CARTESIAN_POINT('',(0.37312750903,5.025238940278));
#1453 = CARTESIAN_POINT('',(0.490767732459,5.047563298031));
#1454 = CARTESIAN_POINT('',(0.604565213861,5.072800119691));
#1455 = CARTESIAN_POINT('',(0.713728435382,5.098259115858));
#1456 = CARTESIAN_POINT('',(0.932823836988,5.14876166168));
#1457 = CARTESIAN_POINT('',(1.04444897709,5.174116134201));
#1458 = CARTESIAN_POINT('',(1.152834963047,5.196043301559));
#1459 = CARTESIAN_POINT('',(1.25884238663,5.213234126202));
#1460 = CARTESIAN_POINT('',(1.363304601381,5.22494758843));
#1461 = CARTESIAN_POINT('',(1.46699534744,5.230814882547));
#1462 = CARTESIAN_POINT('',(1.634974220399,5.230814882547));
#1463 = CARTESIAN_POINT('',(1.699141831325,5.22857191307));
#1464 = CARTESIAN_POINT('',(1.763485268519,5.224087412572));
#1465 = CARTESIAN_POINT('',(1.828187118928,5.217416870068));
#1466 = CARTESIAN_POINT('',(1.893430302389,5.208672259732));
#1467 = CARTESIAN_POINT('',(1.959406229368,5.198029684485));
#1468 = CARTESIAN_POINT('',(2.077952671282,5.176263221339));
#1469 = CARTESIAN_POINT('',(2.130146983326,5.165804184303));
#1470 = CARTESIAN_POINT('',(2.183012162375,5.15447985034));
#1471 = CARTESIAN_POINT('',(2.236650820245,5.142433513537));
#1472 = CARTESIAN_POINT('',(2.291169781983,5.129841501937));
#1473 = CARTESIAN_POINT('',(2.346683651966,5.116917650304));
#1474 = CARTESIAN_POINT('',(2.445382261965,5.094262472546));
#1475 = CARTESIAN_POINT('',(2.488090450828,5.08455928893));
#1476 = CARTESIAN_POINT('',(2.531455960728,5.074921709402));
#1477 = CARTESIAN_POINT('',(2.575494872897,5.065476500887));
#1478 = CARTESIAN_POINT('',(2.620227992819,5.056360609696));
#1479 = CARTESIAN_POINT('',(2.665682507396,5.047718061352));
#1480 = CARTESIAN_POINT('',(2.711893642123,5.039696860406));
#1481 = ( GEOMETRIC_REPRESENTATION_CONTEXT(2) 
PARAMETRIC_REPRESENTATION_CONTEXT() REPRESENTATION_CONTEXT('2D SPACE',''
  ) );
#1482 = PCURVE('',#407,#1483);
#1483 = DEFINITIONAL_REPRESENTATION('',(#1484),#1517);
#1484 = B_SPLINE_CURVE_WITH_KNOTS('',7,(#1485,#1486,#1487,#1488,#1489,
    #1490,#1491,#1492,#1493,#1494,#1495,#1496,#1497,#1498,#1499,#1500,
    #1501,#1502,#1503,#1504,#1505,#1506,#1507,#1508,#1509,#1510,#1511,
    #1512,#1513,#1514,#1515,#1516),.UNSPECIFIED.,.F.,.F.,(8,6,6,6,6,8),(
    0.,0.266198759891,0.565771488373,0.750990807253,0.893875979682,1.),
  .UNSPECIFIED.);
#1485 = CARTESIAN_POINT('',(3.14159265359,2.8));
#1486 = CARTESIAN_POINT('',(3.115085773286,2.8));
#1487 = CARTESIAN_POINT('',(3.089279498892,2.841864740249));
#1488 = CARTESIAN_POINT('',(3.064827041967,2.921613743279));
#1489 = CARTESIAN_POINT('',(3.042277195722,3.033952679252));
#1490 = CARTESIAN_POINT('',(3.022078937399,3.172276971154));
#1491 = CARTESIAN_POINT('',(3.004530588531,3.328674709126));
#1492 = CARTESIAN_POINT('',(2.973039929286,3.680044792329));
#1493 = CARTESIAN_POINT('',(2.95934952391,3.882706825231));
#1494 = CARTESIAN_POINT('',(2.948542398384,4.096519400112));
#1495 = CARTESIAN_POINT('',(2.940516980024,4.317721947796));
#1496 = CARTESIAN_POINT('',(2.935192760318,4.543517739793));
#1497 = CARTESIAN_POINT('',(2.932525793223,4.77163784542));
#1498 = CARTESIAN_POINT('',(2.932525793223,5.141191365928));
#1499 = CARTESIAN_POINT('',(2.933545320293,5.282359932501));
#1500 = CARTESIAN_POINT('',(2.935583746507,5.422966246822));
#1501 = CARTESIAN_POINT('',(2.938646647667,5.562461378248));
#1502 = CARTESIAN_POINT('',(2.942744855671,5.700250138355));
#1503 = CARTESIAN_POINT('',(2.947893812985,5.835652922598));
#1504 = CARTESIAN_POINT('',(2.95891112153,6.069860465061));
#1505 = CARTESIAN_POINT('',(2.964346686502,6.169969710138));
#1506 = CARTESIAN_POINT('',(2.970429575075,6.267830270018));
#1507 = CARTESIAN_POINT('',(2.97717077668,6.363021337097));
#1508 = CARTESIAN_POINT('',(2.984581586955,6.455049527162));
#1509 = CARTESIAN_POINT('',(2.992672575513,6.543333471492));
#1510 = CARTESIAN_POINT('',(3.007973640301,6.689469350603));
#1511 = CARTESIAN_POINT('',(3.014878814457,6.749345547188));
#1512 = CARTESIAN_POINT('',(3.022166257037,6.806470212548));
#1513 = CARTESIAN_POINT('',(3.029831821692,6.860482176263));
#1514 = CARTESIAN_POINT('',(3.037869040164,6.911005227014));
#1515 = CARTESIAN_POINT('',(3.046269127595,6.95764745594));
#1516 = CARTESIAN_POINT('',(3.055020987836,7.0000006));
#1517 = ( GEOMETRIC_REPRESENTATION_CONTEXT(2) 
PARAMETRIC_REPRESENTATION_CONTEXT() REPRESENTATION_CONTEXT('2D SPACE',''
  ) );
#1518 = ORIENTED_EDGE('',*,*,#1519,.T.);
#1519 = EDGE_CURVE('',#1410,#87,#1520,.T.);
#1520 = SURFACE_CURVE('',#1521,(#1525,#1531),.PCURVE_S1.);
#1521 = LINE('',#1522,#1523);
#1522 = CARTESIAN_POINT('',(-15.6,0.916515138991,7.));
#1523 = VECTOR('',#1524,1.);
#1524 = DIRECTION('',(1.,0.,2.22044604925E-16));
#1525 = PCURVE('',#179,#1526);
#1526 = DEFINITIONAL_REPRESENTATION('',(#1527),#1530);
#1527 = B_SPLINE_CURVE_WITH_KNOTS('',1,(#1528,#1529),.UNSPECIFIED.,.F.,
  .F.,(2,2),(2.88,28.32),.PIECEWISE_BEZIER_KNOTS.);
#1528 = CARTESIAN_POINT('',(2.711892987438,2.88));
#1529 = CARTESIAN_POINT('',(2.711892987438,28.32));
#1530 = ( GEOMETRIC_REPRESENTATION_CONTEXT(2) 
PARAMETRIC_REPRESENTATION_CONTEXT() REPRESENTATION_CONTEXT('2D SPACE',''
  ) );
#1531 = PCURVE('',#103,#1532);
#1532 = DEFINITIONAL_REPRESENTATION('',(#1533),#1536);
#1533 = B_SPLINE_CURVE_WITH_KNOTS('',1,(#1534,#1535),.UNSPECIFIED.,.F.,
  .F.,(2,2),(2.88,28.32),.PIECEWISE_BEZIER_KNOTS.);
#1534 = CARTESIAN_POINT('',(-12.72,0.916515138991));
#1535 = CARTESIAN_POINT('',(12.72,0.916515138991));
#1536 = ( GEOMETRIC_REPRESENTATION_CONTEXT(2) 
PARAMETRIC_REPRESENTATION_CONTEXT() REPRESENTATION_CONTEXT('2D SPACE',''
  ) );
#1537 = ORIENTED_EDGE('',*,*,#115,.T.);
#1538 = ORIENTED_EDGE('',*,*,#1029,.F.);
#1539 = ORIENTED_EDGE('',*,*,#1540,.T.);
#1540 = EDGE_CURVE('',#1004,#1387,#1541,.T.);
#1541 = SURFACE_CURVE('',#1542,(#1575,#1611),.PCURVE_S1.);
#1542 = B_SPLINE_CURVE_WITH_KNOTS('',7,(#1543,#1544,#1545,#1546,#1547,
    #1548,#1549,#1550,#1551,#1552,#1553,#1554,#1555,#1556,#1557,#1558,
    #1559,#1560,#1561,#1562,#1563,#1564,#1565,#1566,#1567,#1568,#1569,
    #1570,#1571,#1572,#1573,#1574),.UNSPECIFIED.,.F.,.F.,(8,6,6,6,6,8),(
    0.,0.106131743293,0.249025849098,0.434256748143,0.733870961916,1.),
  .UNSPECIFIED.);
#1543 = CARTESIAN_POINT('',(-10.56030313955,-0.916513830129,
    7.000000599898));
#1544 = CARTESIAN_POINT('',(-10.55228178779,-1.008937864896,
    6.95764665955));
#1545 = CARTESIAN_POINT('',(-10.54363918293,-1.097563670589,
    6.911004103251));
#1546 = CARTESIAN_POINT('',(-10.53452333624,-1.182274940989,
    6.860481239576));
#1547 = CARTESIAN_POINT('',(-10.52507823722,-1.26298392564,
    6.806469852538));
#1548 = CARTESIAN_POINT('',(-10.51544076948,-1.339630455219,
    6.749345862829));
#1549 = CARTESIAN_POINT('',(-10.50573762643,-1.4121809669,6.689469989052
    ));
#1550 = CARTESIAN_POINT('',(-10.48308234969,-1.572782902717,
    6.543333471492));
#1551 = CARTESIAN_POINT('',(-10.47015849806,-1.6575733207,6.455049527162
    ));
#1552 = CARTESIAN_POINT('',(-10.45756648646,-1.735117678234,
    6.363021337097));
#1553 = CARTESIAN_POINT('',(-10.44552014966,-1.805555423394,
    6.267830270018));
#1554 = CARTESIAN_POINT('',(-10.43419581569,-1.869033648174,
    6.169969710138));
#1555 = CARTESIAN_POINT('',(-10.42373677866,-1.925694178906,
    6.069860465061));
#1556 = CARTESIAN_POINT('',(-10.40197031551,-2.040431270045,
    5.835652922598));
#1557 = CARTESIAN_POINT('',(-10.39132774026,-2.093964670531,
    5.700250138355));
#1558 = CARTESIAN_POINT('',(-10.38258312993,-2.136517339712,
    5.562461378248));
#1559 = CARTESIAN_POINT('',(-10.37591258742,-2.168291493403,
    5.422966246822));
#1560 = CARTESIAN_POINT('',(-10.37142808693,-2.189428344604,
    5.282359932502));
#1561 = CARTESIAN_POINT('',(-10.36918511745,-2.2,5.141191365928));
#1562 = CARTESIAN_POINT('',(-10.36918511745,-2.2,4.771620500077));
#1563 = CARTESIAN_POINT('',(-10.37505328277,-2.172341566837,
    4.543501809084));
#1564 = CARTESIAN_POINT('',(-10.38676685833,-2.117133458373,
    4.317715432628));
#1565 = CARTESIAN_POINT('',(-10.40395667816,-2.033821244169,
    4.096521623817));
#1566 = CARTESIAN_POINT('',(-10.42588325384,-1.92137292021,
    3.882712000374));
#1567 = CARTESIAN_POINT('',(-10.45123790639,-1.778444902817,
    3.680047797408));
#1568 = CARTESIAN_POINT('',(-10.50173175495,-1.448543255597,
    3.328738225173));
#1569 = CARTESIAN_POINT('',(-10.52719383389,-1.264254617426,
    3.172303038177));
#1570 = CARTESIAN_POINT('',(-10.55244082383,-1.051518947145,
    3.033923885024));
#1571 = CARTESIAN_POINT('',(-10.57477234842,-0.813303298608,
    2.921559474057));
#1572 = CARTESIAN_POINT('',(-10.59131855482,-0.554372267644,
    2.841826923348));
#1573 = CARTESIAN_POINT('',(-10.6,-0.280846029353,2.8));
#1574 = CARTESIAN_POINT('',(-10.6,4.440892098501E-16,2.8));
#1575 = PCURVE('',#179,#1576);
#1576 = DEFINITIONAL_REPRESENTATION('',(#1577),#1610);
#1577 = B_SPLINE_CURVE_WITH_KNOTS('',7,(#1578,#1579,#1580,#1581,#1582,
    #1583,#1584,#1585,#1586,#1587,#1588,#1589,#1590,#1591,#1592,#1593,
    #1594,#1595,#1596,#1597,#1598,#1599,#1600,#1601,#1602,#1603,#1604,
    #1605,#1606,#1607,#1608,#1609),.UNSPECIFIED.,.F.,.F.,(8,6,6,6,6,8),(
    0.,0.106131743293,0.249025849098,0.434256748143,0.733870961916,1.),
  .UNSPECIFIED.);
#1578 = CARTESIAN_POINT('',(3.57129166531,5.03969686045));
#1579 = CARTESIAN_POINT('',(3.617503668835,5.047718212203));
#1580 = CARTESIAN_POINT('',(3.66295834069,5.056360817061));
#1581 = CARTESIAN_POINT('',(3.707691160611,5.06547666376));
#1582 = CARTESIAN_POINT('',(3.751729560681,5.074921762771));
#1583 = CARTESIAN_POINT('',(3.795094595777,5.084559230514));
#1584 = CARTESIAN_POINT('',(3.837802614013,5.094262373568));
#1585 = CARTESIAN_POINT('',(3.936501655214,5.116917650304));
#1586 = CARTESIAN_POINT('',(3.992015525197,5.129841501937));
#1587 = CARTESIAN_POINT('',(4.046534486935,5.142433513537));
#1588 = CARTESIAN_POINT('',(4.100173144804,5.15447985034));
#1589 = CARTESIAN_POINT('',(4.153038323854,5.165804184303));
#1590 = CARTESIAN_POINT('',(4.205232635898,5.176263221339));
#1591 = CARTESIAN_POINT('',(4.323779077811,5.198029684485));
#1592 = CARTESIAN_POINT('',(4.38975500479,5.208672259732));
#1593 = CARTESIAN_POINT('',(4.454998188251,5.217416870068));
#1594 = CARTESIAN_POINT('',(4.519700038661,5.224087412572));
#1595 = CARTESIAN_POINT('',(4.584043475854,5.22857191307));
#1596 = CARTESIAN_POINT('',(4.648211086781,5.230814882547));
#1597 = CARTESIAN_POINT('',(4.816197843986,5.230814882547));
#1598 = CARTESIAN_POINT('',(4.919887924496,5.224946717225));
#1599 = CARTESIAN_POINT('',(5.024346328936,5.213233141666));
#1600 = CARTESIAN_POINT('',(5.130349667425,5.196043321836));
#1601 = CARTESIAN_POINT('',(5.238733607605,5.174116746158));
#1602 = CARTESIAN_POINT('',(5.350359596386,5.148762093601));
#1603 = CARTESIAN_POINT('',(5.569417266622,5.098268245042));
#1604 = CARTESIAN_POINT('',(5.678594893763,5.072806166104));
#1605 = CARTESIAN_POINT('',(5.792427640595,5.047559176167));
#1606 = CARTESIAN_POINT('',(5.910103733072,5.02522765158));
#1607 = CARTESIAN_POINT('',(6.031198028595,5.008681445177));
#1608 = CARTESIAN_POINT('',(6.15552802111,5.));
#1609 = CARTESIAN_POINT('',(6.28318530718,5.));
#1610 = ( GEOMETRIC_REPRESENTATION_CONTEXT(2) 
PARAMETRIC_REPRESENTATION_CONTEXT() REPRESENTATION_CONTEXT('2D SPACE',''
  ) );
#1611 = PCURVE('',#407,#1612);
#1612 = DEFINITIONAL_REPRESENTATION('',(#1613),#1646);
#1613 = B_SPLINE_CURVE_WITH_KNOTS('',7,(#1614,#1615,#1616,#1617,#1618,
    #1619,#1620,#1621,#1622,#1623,#1624,#1625,#1626,#1627,#1628,#1629,
    #1630,#1631,#1632,#1633,#1634,#1635,#1636,#1637,#1638,#1639,#1640,
    #1641,#1642,#1643,#1644,#1645),.UNSPECIFIED.,.F.,.F.,(8,6,6,6,6,8),(
    0.,0.106131743293,0.249025849098,0.434256748143,0.733870961916,1.),
  .UNSPECIFIED.);
#1614 = CARTESIAN_POINT('',(3.228164319392,7.0000006));
#1615 = CARTESIAN_POINT('',(3.236916344172,6.957646659652));
#1616 = CARTESIAN_POINT('',(3.245316453452,6.911004103184));
#1617 = CARTESIAN_POINT('',(3.253353609536,6.860481239486));
#1618 = CARTESIAN_POINT('',(3.261019080948,6.806469852547));
#1619 = CARTESIAN_POINT('',(3.268306446611,6.749345862897));
#1620 = CARTESIAN_POINT('',(3.27521160003,6.689469989052));
#1621 = CARTESIAN_POINT('',(3.290512731666,6.543333471492));
#1622 = CARTESIAN_POINT('',(3.298603720224,6.455049527162));
#1623 = CARTESIAN_POINT('',(3.3060145305,6.363021337097));
#1624 = CARTESIAN_POINT('',(3.312755732105,6.267830270018));
#1625 = CARTESIAN_POINT('',(3.318838620677,6.169969710138));
#1626 = CARTESIAN_POINT('',(3.32427418565,6.069860465061));
#1627 = CARTESIAN_POINT('',(3.335291494195,5.835652922598));
#1628 = CARTESIAN_POINT('',(3.340440451508,5.700250138355));
#1629 = CARTESIAN_POINT('',(3.344538659513,5.562461378248));
#1630 = CARTESIAN_POINT('',(3.347601560672,5.422966246822));
#1631 = CARTESIAN_POINT('',(3.349639986887,5.282359932502));
#1632 = CARTESIAN_POINT('',(3.350659513957,5.141191365928));
#1633 = CARTESIAN_POINT('',(3.350659513957,4.771620500077));
#1634 = CARTESIAN_POINT('',(3.347992148219,4.543501809084));
#1635 = CARTESIAN_POINT('',(3.34266788739,4.317715432628));
#1636 = CARTESIAN_POINT('',(3.334642842621,4.096521623817));
#1637 = CARTESIAN_POINT('',(3.323836096842,3.882712000374));
#1638 = CARTESIAN_POINT('',(3.310145647216,3.680047797408));
#1639 = CARTESIAN_POINT('',(3.278660411114,3.328738225173));
#1640 = CARTESIAN_POINT('',(3.261111424047,3.172303038177));
#1641 = CARTESIAN_POINT('',(3.240907263523,3.033923885024));
#1642 = CARTESIAN_POINT('',(3.218349631592,2.921559474057));
#1643 = CARTESIAN_POINT('',(3.193891952159,2.841826923348));
#1644 = CARTESIAN_POINT('',(3.168087562019,2.8));
#1645 = CARTESIAN_POINT('',(3.14159265359,2.8));
#1646 = ( GEOMETRIC_REPRESENTATION_CONTEXT(2) 
PARAMETRIC_REPRESENTATION_CONTEXT() REPRESENTATION_CONTEXT('2D SPACE',''
  ) );
#1647 = ORIENTED_EDGE('',*,*,#1386,.T.);
#1648 = ADVANCED_FACE('',(#1649),#103,.T.);
#1649 = FACE_BOUND('',#1650,.T.);
#1650 = EDGE_LOOP('',(#1651,#1652,#1674,#1675));
#1651 = ORIENTED_EDGE('',*,*,#946,.T.);
#1652 = ORIENTED_EDGE('',*,*,#1653,.T.);
#1653 = EDGE_CURVE('',#334,#1410,#1654,.T.);
#1654 = SURFACE_CURVE('',#1655,(#1660,#1667),.PCURVE_S1.);
#1655 = CIRCLE('',#1656,10.6);
#1656 = AXIS2_PLACEMENT_3D('',#1657,#1658,#1659);
#1657 = CARTESIAN_POINT('',(0.,0.,7.));
#1658 = DIRECTION('',(0.,0.,1.));
#1659 = DIRECTION('',(1.,0.,-0.));
#1660 = PCURVE('',#103,#1661);
#1661 = DEFINITIONAL_REPRESENTATION('',(#1662),#1666);
#1662 = CIRCLE('',#1663,10.6);
#1663 = AXIS2_PLACEMENT_2D('',#1664,#1665);
#1664 = CARTESIAN_POINT('',(0.,0.));
#1665 = DIRECTION('',(1.,0.));
#1666 = ( GEOMETRIC_REPRESENTATION_CONTEXT(2) 
PARAMETRIC_REPRESENTATION_CONTEXT() REPRESENTATION_CONTEXT('2D SPACE',''
  ) );
#1667 = PCURVE('',#407,#1668);
#1668 = DEFINITIONAL_REPRESENTATION('',(#1669),#1673);
#1669 = LINE('',#1670,#1671);
#1670 = CARTESIAN_POINT('',(0.,7.));
#1671 = VECTOR('',#1672,1.);
#1672 = DIRECTION('',(1.,0.));
#1673 = ( GEOMETRIC_REPRESENTATION_CONTEXT(2) 
PARAMETRIC_REPRESENTATION_CONTEXT() REPRESENTATION_CONTEXT('2D SPACE',''
  ) );
#1674 = ORIENTED_EDGE('',*,*,#1519,.T.);
#1675 = ORIENTED_EDGE('',*,*,#86,.F.);
#1676 = ADVANCED_FACE('',(#1677),#407,.T.);
#1677 = FACE_BOUND('',#1678,.T.);
#1678 = EDGE_LOOP('',(#1679,#1680,#1681,#1704,#1731,#1732,#1733,#1734,
    #1735));
#1679 = ORIENTED_EDGE('',*,*,#1653,.F.);
#1680 = ORIENTED_EDGE('',*,*,#331,.F.);
#1681 = ORIENTED_EDGE('',*,*,#1682,.F.);
#1682 = EDGE_CURVE('',#1683,#332,#1685,.T.);
#1683 = VERTEX_POINT('',#1684);
#1684 = CARTESIAN_POINT('',(10.6,-2.596251214192E-15,0.));
#1685 = SEAM_CURVE('',#1686,(#1690,#1697),.PCURVE_S1.);
#1686 = LINE('',#1687,#1688);
#1687 = CARTESIAN_POINT('',(10.6,-2.596251214192E-15,0.));
#1688 = VECTOR('',#1689,1.);
#1689 = DIRECTION('',(0.,0.,1.));
#1690 = PCURVE('',#407,#1691);
#1691 = DEFINITIONAL_REPRESENTATION('',(#1692),#1696);
#1692 = LINE('',#1693,#1694);
#1693 = CARTESIAN_POINT('',(6.28318530718,-0.));
#1694 = VECTOR('',#1695,1.);
#1695 = DIRECTION('',(0.,1.));
#1696 = ( GEOMETRIC_REPRESENTATION_CONTEXT(2) 
PARAMETRIC_REPRESENTATION_CONTEXT() REPRESENTATION_CONTEXT('2D SPACE',''
  ) );
#1697 = PCURVE('',#407,#1698);
#1698 = DEFINITIONAL_REPRESENTATION('',(#1699),#1703);
#1699 = LINE('',#1700,#1701);
#1700 = CARTESIAN_POINT('',(0.,-0.));
#1701 = VECTOR('',#1702,1.);
#1702 = DIRECTION('',(0.,1.));
#1703 = ( GEOMETRIC_REPRESENTATION_CONTEXT(2) 
PARAMETRIC_REPRESENTATION_CONTEXT() REPRESENTATION_CONTEXT('2D SPACE',''
  ) );
#1704 = ORIENTED_EDGE('',*,*,#1705,.T.);
#1705 = EDGE_CURVE('',#1683,#1683,#1706,.T.);
#1706 = SURFACE_CURVE('',#1707,(#1712,#1719),.PCURVE_S1.);
#1707 = CIRCLE('',#1708,10.6);
#1708 = AXIS2_PLACEMENT_3D('',#1709,#1710,#1711);
#1709 = CARTESIAN_POINT('',(0.,0.,0.));
#1710 = DIRECTION('',(0.,0.,1.));
#1711 = DIRECTION('',(1.,0.,-0.));
#1712 = PCURVE('',#407,#1713);
#1713 = DEFINITIONAL_REPRESENTATION('',(#1714),#1718);
#1714 = LINE('',#1715,#1716);
#1715 = CARTESIAN_POINT('',(0.,0.));
#1716 = VECTOR('',#1717,1.);
#1717 = DIRECTION('',(1.,0.));
#1718 = ( GEOMETRIC_REPRESENTATION_CONTEXT(2) 
PARAMETRIC_REPRESENTATION_CONTEXT() REPRESENTATION_CONTEXT('2D SPACE',''
  ) );
#1719 = PCURVE('',#1720,#1725);
#1720 = PLANE('',#1721);
#1721 = AXIS2_PLACEMENT_3D('',#1722,#1723,#1724);
#1722 = CARTESIAN_POINT('',(0.,0.,0.));
#1723 = DIRECTION('',(0.,0.,1.));
#1724 = DIRECTION('',(1.,0.,-0.));
#1725 = DEFINITIONAL_REPRESENTATION('',(#1726),#1730);
#1726 = CIRCLE('',#1727,10.6);
#1727 = AXIS2_PLACEMENT_2D('',#1728,#1729);
#1728 = CARTESIAN_POINT('',(0.,0.));
#1729 = DIRECTION('',(1.,0.));
#1730 = ( GEOMETRIC_REPRESENTATION_CONTEXT(2) 
PARAMETRIC_REPRESENTATION_CONTEXT() REPRESENTATION_CONTEXT('2D SPACE',''
  ) );
#1731 = ORIENTED_EDGE('',*,*,#1682,.T.);
#1732 = ORIENTED_EDGE('',*,*,#815,.F.);
#1733 = ORIENTED_EDGE('',*,*,#1003,.F.);
#1734 = ORIENTED_EDGE('',*,*,#1540,.T.);
#1735 = ORIENTED_EDGE('',*,*,#1409,.T.);
#1736 = ADVANCED_FACE('',(#1737,#1838),#585,.F.);
#1737 = FACE_BOUND('',#1738,.F.);
#1738 = EDGE_LOOP('',(#1739,#1762,#1789,#1790,#1791,#1814,#1836,#1837));
#1739 = ORIENTED_EDGE('',*,*,#1740,.T.);
#1740 = EDGE_CURVE('',#472,#1741,#1743,.T.);
#1741 = VERTEX_POINT('',#1742);
#1742 = CARTESIAN_POINT('',(5.,-1.224646799147E-15,11.));
#1743 = SEAM_CURVE('',#1744,(#1748,#1755),.PCURVE_S1.);
#1744 = LINE('',#1745,#1746);
#1745 = CARTESIAN_POINT('',(5.,-1.224646799147E-15,0.));
#1746 = VECTOR('',#1747,1.);
#1747 = DIRECTION('',(0.,0.,1.));
#1748 = PCURVE('',#585,#1749);
#1749 = DEFINITIONAL_REPRESENTATION('',(#1750),#1754);
#1750 = LINE('',#1751,#1752);
#1751 = CARTESIAN_POINT('',(6.28318530718,-0.));
#1752 = VECTOR('',#1753,1.);
#1753 = DIRECTION('',(0.,1.));
#1754 = ( GEOMETRIC_REPRESENTATION_CONTEXT(2) 
PARAMETRIC_REPRESENTATION_CONTEXT() REPRESENTATION_CONTEXT('2D SPACE',''
  ) );
#1755 = PCURVE('',#585,#1756);
#1756 = DEFINITIONAL_REPRESENTATION('',(#1757),#1761);
#1757 = LINE('',#1758,#1759);
#1758 = CARTESIAN_POINT('',(0.,-0.));
#1759 = VECTOR('',#1760,1.);
#1760 = DIRECTION('',(0.,1.));
#1761 = ( GEOMETRIC_REPRESENTATION_CONTEXT(2) 
PARAMETRIC_REPRESENTATION_CONTEXT() REPRESENTATION_CONTEXT('2D SPACE',''
  ) );
#1762 = ORIENTED_EDGE('',*,*,#1763,.F.);
#1763 = EDGE_CURVE('',#1741,#1741,#1764,.T.);
#1764 = SURFACE_CURVE('',#1765,(#1770,#1777),.PCURVE_S1.);
#1765 = CIRCLE('',#1766,5.);
#1766 = AXIS2_PLACEMENT_3D('',#1767,#1768,#1769);
#1767 = CARTESIAN_POINT('',(0.,0.,11.));
#1768 = DIRECTION('',(0.,0.,1.));
#1769 = DIRECTION('',(1.,0.,-0.));
#1770 = PCURVE('',#585,#1771);
#1771 = DEFINITIONAL_REPRESENTATION('',(#1772),#1776);
#1772 = LINE('',#1773,#1774);
#1773 = CARTESIAN_POINT('',(0.,11.));
#1774 = VECTOR('',#1775,1.);
#1775 = DIRECTION('',(1.,0.));
#1776 = ( GEOMETRIC_REPRESENTATION_CONTEXT(2) 
PARAMETRIC_REPRESENTATION_CONTEXT() REPRESENTATION_CONTEXT('2D SPACE',''
  ) );
#1777 = PCURVE('',#1778,#1783);
#1778 = PLANE('',#1779);
#1779 = AXIS2_PLACEMENT_3D('',#1780,#1781,#1782);
#1780 = CARTESIAN_POINT('',(0.,0.,11.));
#1781 = DIRECTION('',(0.,0.,1.));
#1782 = DIRECTION('',(1.,0.,-0.));
#1783 = DEFINITIONAL_REPRESENTATION('',(#1784),#1788);
#1784 = CIRCLE('',#1785,5.);
#1785 = AXIS2_PLACEMENT_2D('',#1786,#1787);
#1786 = CARTESIAN_POINT('',(0.,0.));
#1787 = DIRECTION('',(1.,0.));
#1788 = ( GEOMETRIC_REPRESENTATION_CONTEXT(2) 
PARAMETRIC_REPRESENTATION_CONTEXT() REPRESENTATION_CONTEXT('2D SPACE',''
  ) );
#1789 = ORIENTED_EDGE('',*,*,#1740,.F.);
#1790 = ORIENTED_EDGE('',*,*,#471,.F.);
#1791 = ORIENTED_EDGE('',*,*,#1792,.F.);
#1792 = EDGE_CURVE('',#1793,#449,#1795,.T.);
#1793 = VERTEX_POINT('',#1794);
#1794 = CARTESIAN_POINT('',(5.,-1.224646799147E-15,0.));
#1795 = SEAM_CURVE('',#1796,(#1800,#1807),.PCURVE_S1.);
#1796 = LINE('',#1797,#1798);
#1797 = CARTESIAN_POINT('',(5.,-1.224646799147E-15,0.));
#1798 = VECTOR('',#1799,1.);
#1799 = DIRECTION('',(0.,0.,1.));
#1800 = PCURVE('',#585,#1801);
#1801 = DEFINITIONAL_REPRESENTATION('',(#1802),#1806);
#1802 = LINE('',#1803,#1804);
#1803 = CARTESIAN_POINT('',(6.28318530718,-0.));
#1804 = VECTOR('',#1805,1.);
#1805 = DIRECTION('',(0.,1.));
#1806 = ( GEOMETRIC_REPRESENTATION_CONTEXT(2) 
PARAMETRIC_REPRESENTATION_CONTEXT() REPRESENTATION_CONTEXT('2D SPACE',''
  ) );
#1807 = PCURVE('',#585,#1808);
#1808 = DEFINITIONAL_REPRESENTATION('',(#1809),#1813);
#1809 = LINE('',#1810,#1811);
#1810 = CARTESIAN_POINT('',(0.,-0.));
#1811 = VECTOR('',#1812,1.);
#1812 = DIRECTION('',(0.,1.));
#1813 = ( GEOMETRIC_REPRESENTATION_CONTEXT(2) 
PARAMETRIC_REPRESENTATION_CONTEXT() REPRESENTATION_CONTEXT('2D SPACE',''
  ) );
#1814 = ORIENTED_EDGE('',*,*,#1815,.T.);
#1815 = EDGE_CURVE('',#1793,#1793,#1816,.T.);
#1816 = SURFACE_CURVE('',#1817,(#1822,#1829),.PCURVE_S1.);
#1817 = CIRCLE('',#1818,5.);
#1818 = AXIS2_PLACEMENT_3D('',#1819,#1820,#1821);
#1819 = CARTESIAN_POINT('',(0.,0.,0.));
#1820 = DIRECTION('',(0.,0.,1.));
#1821 = DIRECTION('',(1.,0.,-0.));
#1822 = PCURVE('',#585,#1823);
#1823 = DEFINITIONAL_REPRESENTATION('',(#1824),#1828);
#1824 = LINE('',#1825,#1826);
#1825 = CARTESIAN_POINT('',(0.,0.));
#1826 = VECTOR('',#1827,1.);
#1827 = DIRECTION('',(1.,0.));
#1828 = ( GEOMETRIC_REPRESENTATION_CONTEXT(2) 
PARAMETRIC_REPRESENTATION_CONTEXT() REPRESENTATION_CONTEXT('2D SPACE',''
  ) );
#1829 = PCURVE('',#1720,#1830);
#1830 = DEFINITIONAL_REPRESENTATION('',(#1831),#1835);
#1831 = CIRCLE('',#1832,5.);
#1832 = AXIS2_PLACEMENT_2D('',#1833,#1834);
#1833 = CARTESIAN_POINT('',(0.,0.));
#1834 = DIRECTION('',(1.,0.));
#1835 = ( GEOMETRIC_REPRESENTATION_CONTEXT(2) 
PARAMETRIC_REPRESENTATION_CONTEXT() REPRESENTATION_CONTEXT('2D SPACE',''
  ) );
#1836 = ORIENTED_EDGE('',*,*,#1792,.T.);
#1837 = ORIENTED_EDGE('',*,*,#646,.F.);
#1838 = FACE_BOUND('',#1839,.F.);
#1839 = EDGE_LOOP('',(#1840));
#1840 = ORIENTED_EDGE('',*,*,#1051,.T.);
#1841 = ADVANCED_FACE('',(#1842),#985,.T.);
#1842 = FACE_BOUND('',#1843,.T.);
#1843 = EDGE_LOOP('',(#1844,#1873,#1894,#1895));
#1844 = ORIENTED_EDGE('',*,*,#1845,.F.);
#1845 = EDGE_CURVE('',#1846,#1846,#1848,.T.);
#1846 = VERTEX_POINT('',#1847);
#1847 = CARTESIAN_POINT('',(5.6,-1.371604415045E-15,38.));
#1848 = SURFACE_CURVE('',#1849,(#1854,#1861),.PCURVE_S1.);
#1849 = CIRCLE('',#1850,5.6);
#1850 = AXIS2_PLACEMENT_3D('',#1851,#1852,#1853);
#1851 = CARTESIAN_POINT('',(0.,0.,38.));
#1852 = DIRECTION('',(0.,0.,1.));
#1853 = DIRECTION('',(1.,0.,-0.));
#1854 = PCURVE('',#985,#1855);
#1855 = DEFINITIONAL_REPRESENTATION('',(#1856),#1860);
#1856 = LINE('',#1857,#1858);
#1857 = CARTESIAN_POINT('',(0.,7.));
#1858 = VECTOR('',#1859,1.);
#1859 = DIRECTION('',(1.,0.));
#1860 = ( GEOMETRIC_REPRESENTATION_CONTEXT(2) 
PARAMETRIC_REPRESENTATION_CONTEXT() REPRESENTATION_CONTEXT('2D SPACE',''
  ) );
#1861 = PCURVE('',#1862,#1867);
#1862 = PLANE('',#1863);
#1863 = AXIS2_PLACEMENT_3D('',#1864,#1865,#1866);
#1864 = CARTESIAN_POINT('',(0.,0.,38.));
#1865 = DIRECTION('',(0.,0.,1.));
#1866 = DIRECTION('',(1.,0.,-0.));
#1867 = DEFINITIONAL_REPRESENTATION('',(#1868),#1872);
#1868 = CIRCLE('',#1869,5.6);
#1869 = AXIS2_PLACEMENT_2D('',#1870,#1871);
#1870 = CARTESIAN_POINT('',(0.,0.));
#1871 = DIRECTION('',(1.,0.));
#1872 = ( GEOMETRIC_REPRESENTATION_CONTEXT(2) 
PARAMETRIC_REPRESENTATION_CONTEXT() REPRESENTATION_CONTEXT('2D SPACE',''
  ) );
#1873 = ORIENTED_EDGE('',*,*,#1874,.F.);
#1874 = EDGE_CURVE('',#969,#1846,#1875,.T.);
#1875 = SEAM_CURVE('',#1876,(#1880,#1887),.PCURVE_S1.);
#1876 = LINE('',#1877,#1878);
#1877 = CARTESIAN_POINT('',(5.6,-1.371604415045E-15,31.));
#1878 = VECTOR('',#1879,1.);
#1879 = DIRECTION('',(0.,0.,1.));
#1880 = PCURVE('',#985,#1881);
#1881 = DEFINITIONAL_REPRESENTATION('',(#1882),#1886);
#1882 = LINE('',#1883,#1884);
#1883 = CARTESIAN_POINT('',(6.28318530718,-0.));
#1884 = VECTOR('',#1885,1.);
#1885 = DIRECTION('',(0.,1.));
#1886 = ( GEOMETRIC_REPRESENTATION_CONTEXT(2) 
PARAMETRIC_REPRESENTATION_CONTEXT() REPRESENTATION_CONTEXT('2D SPACE',''
  ) );
#1887 = PCURVE('',#985,#1888);
#1888 = DEFINITIONAL_REPRESENTATION('',(#1889),#1893);
#1889 = LINE('',#1890,#1891);
#1890 = CARTESIAN_POINT('',(0.,-0.));
#1891 = VECTOR('',#1892,1.);
#1892 = DIRECTION('',(0.,1.));
#1893 = ( GEOMETRIC_REPRESENTATION_CONTEXT(2) 
PARAMETRIC_REPRESENTATION_CONTEXT() REPRESENTATION_CONTEXT('2D SPACE',''
  ) );
#1894 = ORIENTED_EDGE('',*,*,#968,.T.);
#1895 = ORIENTED_EDGE('',*,*,#1874,.T.);
#1896 = ADVANCED_FACE('',(#1897,#1900),#1720,.F.);
#1897 = FACE_BOUND('',#1898,.F.);
#1898 = EDGE_LOOP('',(#1899));
#1899 = ORIENTED_EDGE('',*,*,#1705,.T.);
#1900 = FACE_BOUND('',#1901,.F.);
#1901 = EDGE_LOOP('',(#1902));
#1902 = ORIENTED_EDGE('',*,*,#1815,.F.);
#1903 = ADVANCED_FACE('',(#1904),#1778,.F.);
#1904 = FACE_BOUND('',#1905,.F.);
#1905 = EDGE_LOOP('',(#1906));
#1906 = ORIENTED_EDGE('',*,*,#1763,.T.);
#1907 = ADVANCED_FACE('',(#1908),#1862,.T.);
#1908 = FACE_BOUND('',#1909,.T.);
#1909 = EDGE_LOOP('',(#1910));
#1910 = ORIENTED_EDGE('',*,*,#1845,.T.);
#1911 = MANIFOLD_SOLID_BREP('',#1912);
#1912 = CLOSED_SHELL('',(#1913,#2001,#2005));
#1913 = ADVANCED_FACE('',(#1914),#1927,.T.);
#1914 = FACE_BOUND('',#1915,.T.);
#1915 = EDGE_LOOP('',(#1916,#1950,#1973,#2000));
#1916 = ORIENTED_EDGE('',*,*,#1917,.F.);
#1917 = EDGE_CURVE('',#1918,#1918,#1920,.T.);
#1918 = VERTEX_POINT('',#1919);
#1919 = CARTESIAN_POINT('',(0.8,19.76,19.38));
#1920 = SURFACE_CURVE('',#1921,(#1926,#1938),.PCURVE_S1.);
#1921 = CIRCLE('',#1922,0.8);
#1922 = AXIS2_PLACEMENT_3D('',#1923,#1924,#1925);
#1923 = CARTESIAN_POINT('',(0.,19.76,19.38));
#1924 = DIRECTION('',(0.,0.,1.));
#1925 = DIRECTION('',(1.,0.,-0.));
#1926 = PCURVE('',#1927,#1932);
#1927 = CONICAL_SURFACE('',#1928,3.04,0.146315288005);
#1928 = AXIS2_PLACEMENT_3D('',#1929,#1930,#1931);
#1929 = CARTESIAN_POINT('',(0.,19.76,4.18));
#1930 = DIRECTION('',(-0.,-0.,-1.));
#1931 = DIRECTION('',(1.,0.,-0.));
#1932 = DEFINITIONAL_REPRESENTATION('',(#1933),#1937);
#1933 = LINE('',#1934,#1935);
#1934 = CARTESIAN_POINT('',(-0.,-15.2));
#1935 = VECTOR('',#1936,1.);
#1936 = DIRECTION('',(-1.,-0.));
#1937 = ( GEOMETRIC_REPRESENTATION_CONTEXT(2) 
PARAMETRIC_REPRESENTATION_CONTEXT() REPRESENTATION_CONTEXT('2D SPACE',''
  ) );
#1938 = PCURVE('',#1939,#1944);
#1939 = PLANE('',#1940);
#1940 = AXIS2_PLACEMENT_3D('',#1941,#1942,#1943);
#1941 = CARTESIAN_POINT('',(0.,19.76,19.38));
#1942 = DIRECTION('',(0.,0.,1.));
#1943 = DIRECTION('',(1.,0.,-0.));
#1944 = DEFINITIONAL_REPRESENTATION('',(#1945),#1949);
#1945 = CIRCLE('',#1946,0.8);
#1946 = AXIS2_PLACEMENT_2D('',#1947,#1948);
#1947 = CARTESIAN_POINT('',(0.,0.));
#1948 = DIRECTION('',(1.,0.));
#1949 = ( GEOMETRIC_REPRESENTATION_CONTEXT(2) 
PARAMETRIC_REPRESENTATION_CONTEXT() REPRESENTATION_CONTEXT('2D SPACE',''
  ) );
#1950 = ORIENTED_EDGE('',*,*,#1951,.F.);
#1951 = EDGE_CURVE('',#1952,#1918,#1954,.T.);
#1952 = VERTEX_POINT('',#1953);
#1953 = CARTESIAN_POINT('',(3.04,19.76,4.18));
#1954 = SEAM_CURVE('',#1955,(#1959,#1966),.PCURVE_S1.);
#1955 = LINE('',#1956,#1957);
#1956 = CARTESIAN_POINT('',(3.04,19.76,4.18));
#1957 = VECTOR('',#1958,1.);
#1958 = DIRECTION('',(-0.145793789599,3.570917955372E-17,0.989315000854)
  );
#1959 = PCURVE('',#1927,#1960);
#1960 = DEFINITIONAL_REPRESENTATION('',(#1961),#1965);
#1961 = LINE('',#1962,#1963);
#1962 = CARTESIAN_POINT('',(-6.28318530718,0.));
#1963 = VECTOR('',#1964,1.);
#1964 = DIRECTION('',(-0.,-1.));
#1965 = ( GEOMETRIC_REPRESENTATION_CONTEXT(2) 
PARAMETRIC_REPRESENTATION_CONTEXT() REPRESENTATION_CONTEXT('2D SPACE',''
  ) );
#1966 = PCURVE('',#1927,#1967);
#1967 = DEFINITIONAL_REPRESENTATION('',(#1968),#1972);
#1968 = LINE('',#1969,#1970);
#1969 = CARTESIAN_POINT('',(0.,-0.));
#1970 = VECTOR('',#1971,1.);
#1971 = DIRECTION('',(-0.,-1.));
#1972 = ( GEOMETRIC_REPRESENTATION_CONTEXT(2) 
PARAMETRIC_REPRESENTATION_CONTEXT() REPRESENTATION_CONTEXT('2D SPACE',''
  ) );
#1973 = ORIENTED_EDGE('',*,*,#1974,.T.);
#1974 = EDGE_CURVE('',#1952,#1952,#1975,.T.);
#1975 = SURFACE_CURVE('',#1976,(#1981,#1988),.PCURVE_S1.);
#1976 = CIRCLE('',#1977,3.04);
#1977 = AXIS2_PLACEMENT_3D('',#1978,#1979,#1980);
#1978 = CARTESIAN_POINT('',(0.,19.76,4.18));
#1979 = DIRECTION('',(0.,0.,1.));
#1980 = DIRECTION('',(1.,0.,-0.));
#1981 = PCURVE('',#1927,#1982);
#1982 = DEFINITIONAL_REPRESENTATION('',(#1983),#1987);
#1983 = LINE('',#1984,#1985);
#1984 = CARTESIAN_POINT('',(-0.,-0.));
#1985 = VECTOR('',#1986,1.);
#1986 = DIRECTION('',(-1.,-0.));
#1987 = ( GEOMETRIC_REPRESENTATION_CONTEXT(2) 
PARAMETRIC_REPRESENTATION_CONTEXT() REPRESENTATION_CONTEXT('2D SPACE',''
  ) );
#1988 = PCURVE('',#1989,#1994);
#1989 = PLANE('',#1990);
#1990 = AXIS2_PLACEMENT_3D('',#1991,#1992,#1993);
#1991 = CARTESIAN_POINT('',(0.,19.76,4.18));
#1992 = DIRECTION('',(0.,0.,1.));
#1993 = DIRECTION('',(1.,0.,-0.));
#1994 = DEFINITIONAL_REPRESENTATION('',(#1995),#1999);
#1995 = CIRCLE('',#1996,3.04);
#1996 = AXIS2_PLACEMENT_2D('',#1997,#1998);
#1997 = CARTESIAN_POINT('',(0.,0.));
#1998 = DIRECTION('',(1.,0.));
#1999 = ( GEOMETRIC_REPRESENTATION_CONTEXT(2) 
PARAMETRIC_REPRESENTATION_CONTEXT() REPRESENTATION_CONTEXT('2D SPACE',''
  ) );
#2000 = ORIENTED_EDGE('',*,*,#1951,.T.);
#2001 = ADVANCED_FACE('',(#2002),#1939,.T.);
#2002 = FACE_BOUND('',#2003,.T.);
#2003 = EDGE_LOOP('',(#2004));
#2004 = ORIENTED_EDGE('',*,*,#1917,.T.);
#2005 = ADVANCED_FACE('',(#2006),#1989,.F.);
#2006 = FACE_BOUND('',#2007,.T.);
#2007 = EDGE_LOOP('',(#2008));
#2008 = ORIENTED_EDGE('',*,*,#1974,.F.);
#2009 = ( GEOMETRIC_REPRESENTATION_CONTEXT(3) 
GLOBAL_UNCERTAINTY_ASSIGNED_CONTEXT((#2013)) 
GLOBAL_UNIT_ASSIGNED_CONTEXT((#2010,#2011,#2012)) REPRESENTATION_CONTEXT
('Context #1','3D Context with UNIT and UNCERTAINTY') );
#2010 = ( LENGTH_UNIT() NAMED_UNIT(*) SI_UNIT(.MILLI.,.METRE.) );
#2011 = ( NAMED_UNIT(*) PLANE_ANGLE_UNIT() SI_UNIT($,.RADIAN.) );
#2012 = ( NAMED_UNIT(*) SI_UNIT($,.STERADIAN.) SOLID_ANGLE_UNIT() );
#2013 = UNCERTAINTY_MEASURE_WITH_UNIT(LENGTH_MEASURE(1.E-07),#2010,
  'distance_accuracy_value','confusion accuracy');
#2014 = CONTEXT_DEPENDENT_SHAPE_REPRESENTATION(#2015,#2017);
#2015 = ( REPRESENTATION_RELATIONSHIP('','',#32,#10) 
REPRESENTATION_RELATIONSHIP_WITH_TRANSFORMATION(#2016) 
SHAPE_REPRESENTATION_RELATIONSHIP() );
#2016 = ITEM_DEFINED_TRANSFORMATION('','',#11,#15);
#2017 = PRODUCT_DEFINITION_SHAPE('Placement','Placement of an item',
  #2018);
#2018 = NEXT_ASSEMBLY_USAGE_OCCURRENCE('5','=>[0:1:1:2]','',#5,#27,$);
#2019 = PRODUCT_RELATED_PRODUCT_CATEGORY('part',$,(#29));
ENDSEC;
END-ISO-10303-21;
