ISO-10303-21;
HEADER;
FILE_DESCRIPTION(('Open CASCADE Model'),'2;1');
FILE_NAME('Open CASCADE Shape Model','2026-09-27T21:06:28',('Author'),(
    'Open CASCADE'),'Open CASCADE STEP processor 8.0','build123d',
  'Unknown');
FILE_SCHEMA(('AUTOMOTIVE_DESIGN { 1 0 10303 214 1 1 1 1 }'));
ENDSEC;
DATA;
#1 = APPLICATION_PROTOCOL_DEFINITION('international standard',
  'automotive_design',2000,#2);
#2 = APPLICATION_CONTEXT(
  'core data for automotive mechanical design processes');
#3 = SHAPE_DEFINITION_REPRESENTATION(#4,#10);
#4 = PRODUCT_DEFINITION_SHAPE('','',#5);
#5 = PRODUCT_DEFINITION('design','',#6,#9);
#6 = PRODUCT_DEFINITION_FORMATION('','',#7);
#7 = PRODUCT('=>[0:1:1:2]','=>[0:1:1:2]','',(#8));
#8 = PRODUCT_CONTEXT('',#2,'mechanical');
#9 = PRODUCT_DEFINITION_CONTEXT('part definition',#2,'design');
#10 = SHAPE_REPRESENTATION('',(#11,#15),#19);
#11 = AXIS2_PLACEMENT_3D('',#12,#13,#14);
#12 = CARTESIAN_POINT('',(0.,0.,0.));
#13 = DIRECTION('',(0.,0.,1.));
#14 = DIRECTION('',(1.,0.,-0.));
#15 = AXIS2_PLACEMENT_3D('',#16,#17,#18);
#16 = CARTESIAN_POINT('',(0.,0.,0.));
#17 = DIRECTION('',(-0.,0.173648177667,0.984807753012));
#18 = DIRECTION('',(1.,0.,0.));
#19 = ( GEOMETRIC_REPRESENTATION_CONTEXT(3) 
GLOBAL_UNCERTAINTY_ASSIGNED_CONTEXT((#23)) GLOBAL_UNIT_ASSIGNED_CONTEXT(
(#20,#21,#22)) REPRESENTATION_CONTEXT('Context #1',
  '3D Context with UNIT and UNCERTAINTY') );
#20 = ( LENGTH_UNIT() NAMED_UNIT(*) SI_UNIT(.MILLI.,.METRE.) );
#21 = ( NAMED_UNIT(*) PLANE_ANGLE_UNIT() SI_UNIT($,.RADIAN.) );
#22 = ( NAMED_UNIT(*) SI_UNIT($,.STERADIAN.) SOLID_ANGLE_UNIT() );
#23 = UNCERTAINTY_MEASURE_WITH_UNIT(LENGTH_MEASURE(1.E-07),#20,
  'distance_accuracy_value','confusion accuracy');
#24 = PRODUCT_RELATED_PRODUCT_CATEGORY('part',$,(#7));
#25 = SHAPE_DEFINITION_REPRESENTATION(#26,#32);
#26 = PRODUCT_DEFINITION_SHAPE('','',#27);
#27 = PRODUCT_DEFINITION('design','',#28,#31);
#28 = PRODUCT_DEFINITION_FORMATION('','',#29);
#29 = PRODUCT('SOLID','SOLID','',(#30));
#30 = PRODUCT_CONTEXT('',#2,'mechanical');
#31 = PRODUCT_DEFINITION_CONTEXT('part definition',#2,'design');
#32 = ADVANCED_BREP_SHAPE_REPRESENTATION('',(#11,#33),#1982);
#33 = MANIFOLD_SOLID_BREP('',#34);
#34 = CLOSED_SHELL('',(#35,#614,#1095,#1130,#1178,#1608,#1636,#1686,
    #1743,#1803,#1908,#1963,#1967,#1974,#1978));
#35 = ADVANCED_FACE('',(#36,#327),#54,.T.);
#36 = FACE_BOUND('',#37,.T.);
#37 = EDGE_LOOP('',(#38,#85,#114,#214,#243,#276,#299,#326));
#38 = ORIENTED_EDGE('',*,*,#39,.F.);
#39 = EDGE_CURVE('',#40,#42,#44,.T.);
#40 = VERTEX_POINT('',#41);
#41 = CARTESIAN_POINT('',(17.146575415413,0.916515138991,7.));
#42 = VERTEX_POINT('',#43);
#43 = CARTESIAN_POINT('',(17.147368421053,-4.199893970129E-15,7.2));
#44 = SURFACE_CURVE('',#45,(#53,#69),.PCURVE_S1.);
#45 = B_SPLINE_CURVE_WITH_KNOTS('',6,(#46,#47,#48,#49,#50,#51,#52),
  .UNSPECIFIED.,.F.,.F.,(7,7),(0.,1.),.PIECEWISE_BEZIER_KNOTS.);
#46 = CARTESIAN_POINT('',(17.146575415413,0.916515138991,7.));
#47 = CARTESIAN_POINT('',(17.1464530365,0.779476128027,7.062799164091));
#48 = CARTESIAN_POINT('',(17.146629323518,0.633974820674,7.115843073125)
  );
#49 = CARTESIAN_POINT('',(17.146946138509,0.481180370463,7.15735922701)
  );
#50 = CARTESIAN_POINT('',(17.147228358946,0.322840345615,7.185795447404)
  );
#51 = CARTESIAN_POINT('',(17.147368421053,0.161368936324,7.2));
#52 = CARTESIAN_POINT('',(17.147368421053,0.,7.2));
#53 = PCURVE('',#54,#59);
#54 = CONICAL_SURFACE('',#55,18.,0.117872103197);
#55 = AXIS2_PLACEMENT_3D('',#56,#57,#58);
#56 = CARTESIAN_POINT('',(0.,0.,0.));
#57 = DIRECTION('',(-0.,-0.,-1.));
#58 = DIRECTION('',(1.,0.,-0.));
#59 = DEFINITIONAL_REPRESENTATION('',(#60),#68);
#60 = B_SPLINE_CURVE_WITH_KNOTS('',6,(#61,#62,#63,#64,#65,#66,#67),
  .UNSPECIFIED.,.F.,.F.,(7,7),(0.,1.),.PIECEWISE_BEZIER_KNOTS.);
#61 = CARTESIAN_POINT('',(-5.340097095124E-02,-7.));
#62 = CARTESIAN_POINT('',(-4.543191199513E-02,-7.062799164091));
#63 = CARTESIAN_POINT('',(-3.696151868668E-02,-7.115843073125));
#64 = CARTESIAN_POINT('',(-2.805881073573E-02,-7.15735922701));
#65 = CARTESIAN_POINT('',(-1.882740030406E-02,-7.185795447404));
#66 = CARTESIAN_POINT('',(-9.410711449194E-03,-7.2));
#67 = CARTESIAN_POINT('',(0.,-7.2));
#68 = ( GEOMETRIC_REPRESENTATION_CONTEXT(2) 
PARAMETRIC_REPRESENTATION_CONTEXT() REPRESENTATION_CONTEXT('2D SPACE',''
  ) );
#69 = PCURVE('',#70,#75);
#70 = CYLINDRICAL_SURFACE('',#71,2.2);
#71 = AXIS2_PLACEMENT_3D('',#72,#73,#74);
#72 = CARTESIAN_POINT('',(-26.,0.,5.));
#73 = DIRECTION('',(1.,0.,2.22044604925E-16));
#74 = DIRECTION('',(2.22044604925E-16,0.,-1.));
#75 = DEFINITIONAL_REPRESENTATION('',(#76),#84);
#76 = B_SPLINE_CURVE_WITH_KNOTS('',6,(#77,#78,#79,#80,#81,#82,#83),
  .UNSPECIFIED.,.F.,.F.,(7,7),(0.,1.),.PIECEWISE_BEZIER_KNOTS.);
#77 = CARTESIAN_POINT('',(2.711892987438,43.146575415413));
#78 = CARTESIAN_POINT('',(2.78041249292,43.1464530365));
#79 = CARTESIAN_POINT('',(2.850581026982,43.146629323518));
#80 = CARTESIAN_POINT('',(2.922162259562,43.146946138509));
#81 = CARTESIAN_POINT('',(2.994847454038,43.147228358946));
#82 = CARTESIAN_POINT('',(3.068243137079,43.147368421053));
#83 = CARTESIAN_POINT('',(3.14159265359,43.147368421053));
#84 = ( GEOMETRIC_REPRESENTATION_CONTEXT(2) 
PARAMETRIC_REPRESENTATION_CONTEXT() REPRESENTATION_CONTEXT('2D SPACE',''
  ) );
#85 = ORIENTED_EDGE('',*,*,#86,.T.);
#86 = EDGE_CURVE('',#40,#87,#89,.T.);
#87 = VERTEX_POINT('',#88);
#88 = CARTESIAN_POINT('',(-17.14657541541,0.916515138991,7.));
#89 = SURFACE_CURVE('',#90,(#95,#102),.PCURVE_S1.);
#90 = CIRCLE('',#91,17.171052631579);
#91 = AXIS2_PLACEMENT_3D('',#92,#93,#94);
#92 = CARTESIAN_POINT('',(0.,0.,7.));
#93 = DIRECTION('',(0.,0.,1.));
#94 = DIRECTION('',(1.,0.,-0.));
#95 = PCURVE('',#54,#96);
#96 = DEFINITIONAL_REPRESENTATION('',(#97),#101);
#97 = LINE('',#98,#99);
#98 = CARTESIAN_POINT('',(-0.,-7.));
#99 = VECTOR('',#100,1.);
#100 = DIRECTION('',(-1.,-0.));
#101 = ( GEOMETRIC_REPRESENTATION_CONTEXT(2) 
PARAMETRIC_REPRESENTATION_CONTEXT() REPRESENTATION_CONTEXT('2D SPACE',''
  ) );
#102 = PCURVE('',#103,#108);
#103 = PLANE('',#104);
#104 = AXIS2_PLACEMENT_3D('',#105,#106,#107);
#105 = CARTESIAN_POINT('',(0.,0.,7.));
#106 = DIRECTION('',(0.,0.,1.));
#107 = DIRECTION('',(1.,0.,-0.));
#108 = DEFINITIONAL_REPRESENTATION('',(#109),#113);
#109 = CIRCLE('',#110,17.171052631579);
#110 = AXIS2_PLACEMENT_2D('',#111,#112);
#111 = CARTESIAN_POINT('',(0.,0.));
#112 = DIRECTION('',(1.,0.));
#113 = ( GEOMETRIC_REPRESENTATION_CONTEXT(2) 
PARAMETRIC_REPRESENTATION_CONTEXT() REPRESENTATION_CONTEXT('2D SPACE',''
  ) );
#114 = ORIENTED_EDGE('',*,*,#115,.T.);
#115 = EDGE_CURVE('',#87,#116,#118,.T.);
#116 = VERTEX_POINT('',#117);
#117 = CARTESIAN_POINT('',(-17.14657541541,-0.916515138991,7.));
#118 = SURFACE_CURVE('',#119,(#147,#178),.PCURVE_S1.);
#119 = B_SPLINE_CURVE_WITH_KNOTS('',6,(#120,#121,#122,#123,#124,#125,
    #126,#127,#128,#129,#130,#131,#132,#133,#134,#135,#136,#137,#138,
    #139,#140,#141,#142,#143,#144,#145,#146),.UNSPECIFIED.,.F.,.F.,(7,5,
    5,5,5,7),(0.,0.173447410352,0.499104985083,0.722486056796,
    0.826821918709,1.),.UNSPECIFIED.);
#120 = CARTESIAN_POINT('',(-17.14657541541,0.916515138991,7.));
#121 = CARTESIAN_POINT('',(-17.14653294444,0.868956459075,7.021794125067
    ));
#122 = CARTESIAN_POINT('',(-17.1465264888,0.82040067759,7.042403073298)
  );
#123 = CARTESIAN_POINT('',(-17.14654931369,0.770886504815,7.061760615099
    ));
#124 = CARTESIAN_POINT('',(-17.14659459542,0.72046284794,7.079799735662)
  );
#125 = CARTESIAN_POINT('',(-17.14665570911,0.669190418625,7.096455211972
    ));
#126 = CARTESIAN_POINT('',(-17.14685946067,0.519421932156,7.140225683126
    ));
#127 = CARTESIAN_POINT('',(-17.14702661099,0.41894047831,7.163701645589)
  );
#128 = CARTESIAN_POINT('',(-17.1471874392,0.316238590283,7.181670742918)
  );
#129 = CARTESIAN_POINT('',(-17.14730726918,0.211955817838,7.193808250787
    ));
#130 = CARTESIAN_POINT('',(-17.14736759859,0.106835098358,7.199916742494
    ));
#131 = CARTESIAN_POINT('',(-17.1473689739,-7.036823015566E-02,
    7.200055964786));
#132 = CARTESIAN_POINT('',(-17.14734154381,-0.142473389162,
    7.197277310959));
#133 = CARTESIAN_POINT('',(-17.14728598267,-0.214320908641,
    7.191662549219));
#134 = CARTESIAN_POINT('',(-17.14720639933,-0.285661730243,
    7.183252277939));
#135 = CARTESIAN_POINT('',(-17.14711042388,-0.356264260477,
    7.172122435668));
#136 = CARTESIAN_POINT('',(-17.1469608623,-0.458446851335,7.151958649885
    ));
#137 = CARTESIAN_POINT('',(-17.14691193304,-0.490772320313,
    7.144968465941));
#138 = CARTESIAN_POINT('',(-17.14686275955,-0.522870345115,
    7.137418324627));
#139 = CARTESIAN_POINT('',(-17.14681450485,-0.554721648967,
    7.129319785752));
#140 = CARTESIAN_POINT('',(-17.14676842621,-0.586308526158,
    7.120685325089));
#141 = CARTESIAN_POINT('',(-17.1466552481,-0.669577490521,7.096329436781
    ));
#142 = CARTESIAN_POINT('',(-17.14659432222,-0.720767382976,
    7.079690765324));
#143 = CARTESIAN_POINT('',(-17.14654921049,-0.771110789537,
    7.061672919915));
#144 = CARTESIAN_POINT('',(-17.14652650839,-0.820547308264,
    7.042340833979));
#145 = CARTESIAN_POINT('',(-17.14653300857,-0.869028269293,
    7.021761217491));
#146 = CARTESIAN_POINT('',(-17.14657541541,-0.916515138991,7.));
#147 = PCURVE('',#54,#148);
#148 = DEFINITIONAL_REPRESENTATION('',(#149),#177);
#149 = B_SPLINE_CURVE_WITH_KNOTS('',6,(#150,#151,#152,#153,#154,#155,
    #156,#157,#158,#159,#160,#161,#162,#163,#164,#165,#166,#167,#168,
    #169,#170,#171,#172,#173,#174,#175,#176),.UNSPECIFIED.,.F.,.F.,(7,5,
    5,5,5,7),(0.,0.173447410352,0.499104985083,0.722486056796,
    0.826821918709,1.),.UNSPECIFIED.);
#150 = CARTESIAN_POINT('',(-3.088191682639,-7.));
#151 = CARTESIAN_POINT('',(-3.090957303329,-7.021794125067));
#152 = CARTESIAN_POINT('',(-3.093782019573,-7.042403073298));
#153 = CARTESIAN_POINT('',(-3.096663535656,-7.061760615099));
#154 = CARTESIAN_POINT('',(-3.099598950349,-7.079799735662));
#155 = CARTESIAN_POINT('',(-3.102584662844,-7.096455211972));
#156 = CARTESIAN_POINT('',(-3.111308313307,-7.140225683126));
#157 = CARTESIAN_POINT('',(-3.117163870534,-7.163701645589));
#158 = CARTESIAN_POINT('',(-3.123151013643,-7.181670742918));
#159 = CARTESIAN_POINT('',(-3.129231825152,-7.193808250787));
#160 = CARTESIAN_POINT('',(-3.135362245822,-7.199916742494));
#161 = CARTESIAN_POINT('',(-3.145696387048,-7.200055964786));
#162 = CARTESIAN_POINT('',(-3.149901418576,-7.197277310959));
#163 = CARTESIAN_POINT('',(-3.154091191826,-7.191662549219));
#164 = CARTESIAN_POINT('',(-3.158250946212,-7.183252277939));
#165 = CARTESIAN_POINT('',(-3.162366954586,-7.172122435668));
#166 = CARTESIAN_POINT('',(-3.168322704725,-7.151958649885));
#167 = CARTESIAN_POINT('',(-3.170206607313,-7.144968465941));
#168 = CARTESIAN_POINT('',(-3.172077033437,-7.137418324627));
#169 = CARTESIAN_POINT('',(-3.173932840521,-7.129319785752));
#170 = CARTESIAN_POINT('',(-3.175772978993,-7.120685325089));
#171 = CARTESIAN_POINT('',(-3.18062318441,-7.096329436781));
#172 = CARTESIAN_POINT('',(-3.183604085333,-7.079690765324));
#173 = CARTESIAN_POINT('',(-3.186534823941,-7.061672919915));
#174 = CARTESIAN_POINT('',(-3.189411817794,-7.042340833979));
#175 = CARTESIAN_POINT('',(-3.192232179741,-7.021761217491));
#176 = CARTESIAN_POINT('',(-3.194993624541,-7.));
#177 = ( GEOMETRIC_REPRESENTATION_CONTEXT(2) 
PARAMETRIC_REPRESENTATION_CONTEXT() REPRESENTATION_CONTEXT('2D SPACE',''
  ) );
#178 = PCURVE('',#179,#184);
#179 = CYLINDRICAL_SURFACE('',#180,2.2);
#180 = AXIS2_PLACEMENT_3D('',#181,#182,#183);
#181 = CARTESIAN_POINT('',(-26.,0.,5.));
#182 = DIRECTION('',(1.,0.,2.22044604925E-16));
#183 = DIRECTION('',(2.22044604925E-16,0.,-1.));
#184 = DEFINITIONAL_REPRESENTATION('',(#185),#213);
#185 = B_SPLINE_CURVE_WITH_KNOTS('',6,(#186,#187,#188,#189,#190,#191,
    #192,#193,#194,#195,#196,#197,#198,#199,#200,#201,#202,#203,#204,
    #205,#206,#207,#208,#209,#210,#211,#212),.UNSPECIFIED.,.F.,.F.,(7,5,
    5,5,5,7),(0.,0.173447410352,0.499104985083,0.722486056796,
    0.826821918709,1.),.UNSPECIFIED.);
#186 = CARTESIAN_POINT('',(2.711892987438,8.853424584587));
#187 = CARTESIAN_POINT('',(2.735672327397,8.853467055556));
#188 = CARTESIAN_POINT('',(2.759639273523,8.853473511192));
#189 = CARTESIAN_POINT('',(2.783789449416,8.853450686309));
#190 = CARTESIAN_POINT('',(2.808116147156,8.853405404572));
#191 = CARTESIAN_POINT('',(2.832609748685,8.853344290885));
#192 = CARTESIAN_POINT('',(2.903534067685,8.853140539325));
#193 = CARTESIAN_POINT('',(2.950366962471,8.85297338901));
#194 = CARTESIAN_POINT('',(2.997644967853,8.852812560796));
#195 = CARTESIAN_POINT('',(3.045246938809,8.85269273082));
#196 = CARTESIAN_POINT('',(3.093031230419,8.852632401405));
#197 = CARTESIAN_POINT('',(3.173578222785,8.8526310261));
#198 = CARTESIAN_POINT('',(3.206352269096,8.852658456186));
#199 = CARTESIAN_POINT('',(3.239071636695,8.85271401733));
#200 = CARTESIAN_POINT('',(3.271686295509,8.852793600664));
#201 = CARTESIAN_POINT('',(3.304150646116,8.852889576114));
#202 = CARTESIAN_POINT('',(3.351492946605,8.853039137696));
#203 = CARTESIAN_POINT('',(3.366523476643,8.853088066955));
#204 = CARTESIAN_POINT('',(3.381508037806,8.853137240448));
#205 = CARTESIAN_POINT('',(3.396442986022,8.853185495141));
#206 = CARTESIAN_POINT('',(3.411325074032,8.853231573788));
#207 = CARTESIAN_POINT('',(3.450760473977,8.8533447519));
#208 = CARTESIAN_POINT('',(3.475216085305,8.853405677771));
#209 = CARTESIAN_POINT('',(3.49950525292,8.853450789508));
#210 = CARTESIAN_POINT('',(3.523618410728,8.853473491603));
#211 = CARTESIAN_POINT('',(3.547548884892,8.853466991428));
#212 = CARTESIAN_POINT('',(3.571292319741,8.853424584587));
#213 = ( GEOMETRIC_REPRESENTATION_CONTEXT(2) 
PARAMETRIC_REPRESENTATION_CONTEXT() REPRESENTATION_CONTEXT('2D SPACE',''
  ) );
#214 = ORIENTED_EDGE('',*,*,#215,.T.);
#215 = EDGE_CURVE('',#116,#216,#218,.T.);
#216 = VERTEX_POINT('',#217);
#217 = CARTESIAN_POINT('',(17.146575415413,-0.916515138991,7.));
#218 = SURFACE_CURVE('',#219,(#224,#231),.PCURVE_S1.);
#219 = CIRCLE('',#220,17.171052631579);
#220 = AXIS2_PLACEMENT_3D('',#221,#222,#223);
#221 = CARTESIAN_POINT('',(0.,0.,7.));
#222 = DIRECTION('',(0.,0.,1.));
#223 = DIRECTION('',(1.,0.,-0.));
#224 = PCURVE('',#54,#225);
#225 = DEFINITIONAL_REPRESENTATION('',(#226),#230);
#226 = LINE('',#227,#228);
#227 = CARTESIAN_POINT('',(-0.,-7.));
#228 = VECTOR('',#229,1.);
#229 = DIRECTION('',(-1.,-0.));
#230 = ( GEOMETRIC_REPRESENTATION_CONTEXT(2) 
PARAMETRIC_REPRESENTATION_CONTEXT() REPRESENTATION_CONTEXT('2D SPACE',''
  ) );
#231 = PCURVE('',#232,#237);
#232 = PLANE('',#233);
#233 = AXIS2_PLACEMENT_3D('',#234,#235,#236);
#234 = CARTESIAN_POINT('',(0.,0.,7.));
#235 = DIRECTION('',(0.,0.,1.));
#236 = DIRECTION('',(1.,0.,-0.));
#237 = DEFINITIONAL_REPRESENTATION('',(#238),#242);
#238 = CIRCLE('',#239,17.171052631579);
#239 = AXIS2_PLACEMENT_2D('',#240,#241);
#240 = CARTESIAN_POINT('',(0.,0.));
#241 = DIRECTION('',(1.,0.));
#242 = ( GEOMETRIC_REPRESENTATION_CONTEXT(2) 
PARAMETRIC_REPRESENTATION_CONTEXT() REPRESENTATION_CONTEXT('2D SPACE',''
  ) );
#243 = ORIENTED_EDGE('',*,*,#244,.F.);
#244 = EDGE_CURVE('',#42,#216,#245,.T.);
#245 = SURFACE_CURVE('',#246,(#254,#265),.PCURVE_S1.);
#246 = B_SPLINE_CURVE_WITH_KNOTS('',6,(#247,#248,#249,#250,#251,#252,
    #253),.UNSPECIFIED.,.F.,.F.,(7,7),(0.,1.),.PIECEWISE_BEZIER_KNOTS.);
#247 = CARTESIAN_POINT('',(17.147368421053,2.22044604925E-16,7.2));
#248 = CARTESIAN_POINT('',(17.147368421053,-0.161369709629,7.2));
#249 = CARTESIAN_POINT('',(17.147228357077,-0.322841126562,
    7.185795303176));
#250 = CARTESIAN_POINT('',(17.146946139038,-0.481180402723,
    7.157359102483));
#251 = CARTESIAN_POINT('',(17.146629322797,-0.633974734083,
    7.115843179291));
#252 = CARTESIAN_POINT('',(17.146453036768,-0.779476427975,
    7.062799026637));
#253 = CARTESIAN_POINT('',(17.146575415413,-0.916515138991,7.));
#254 = PCURVE('',#54,#255);
#255 = DEFINITIONAL_REPRESENTATION('',(#256),#264);
#256 = B_SPLINE_CURVE_WITH_KNOTS('',6,(#257,#258,#259,#260,#261,#262,
    #263),.UNSPECIFIED.,.F.,.F.,(7,7),(0.,1.),.PIECEWISE_BEZIER_KNOTS.);
#257 = CARTESIAN_POINT('',(-6.28318530718,-7.2));
#258 = CARTESIAN_POINT('',(-6.273774550633,-7.2));
#259 = CARTESIAN_POINT('',(-6.264357861326,-7.185795303176));
#260 = CARTESIAN_POINT('',(-6.255126494627,-7.157359102483));
#261 = CARTESIAN_POINT('',(-6.246223793491,-7.115843179291));
#262 = CARTESIAN_POINT('',(-6.237753377742,-7.062799026637));
#263 = CARTESIAN_POINT('',(-6.229784336228,-7.));
#264 = ( GEOMETRIC_REPRESENTATION_CONTEXT(2) 
PARAMETRIC_REPRESENTATION_CONTEXT() REPRESENTATION_CONTEXT('2D SPACE',''
  ) );
#265 = PCURVE('',#70,#266);
#266 = DEFINITIONAL_REPRESENTATION('',(#267),#275);
#267 = B_SPLINE_CURVE_WITH_KNOTS('',6,(#268,#269,#270,#271,#272,#273,
    #274),.UNSPECIFIED.,.F.,.F.,(7,7),(0.,1.),.PIECEWISE_BEZIER_KNOTS.);
#268 = CARTESIAN_POINT('',(3.14159265359,43.147368421053));
#269 = CARTESIAN_POINT('',(3.214942521603,43.147368421053));
#270 = CARTESIAN_POINT('',(3.288338206356,43.147228357077));
#271 = CARTESIAN_POINT('',(3.361023079877,43.146946139038));
#272 = CARTESIAN_POINT('',(3.43260422661,43.146629322797));
#273 = CARTESIAN_POINT('',(3.502772964233,43.146453036768));
#274 = CARTESIAN_POINT('',(3.571292319741,43.146575415413));
#275 = ( GEOMETRIC_REPRESENTATION_CONTEXT(2) 
PARAMETRIC_REPRESENTATION_CONTEXT() REPRESENTATION_CONTEXT('2D SPACE',''
  ) );
#276 = ORIENTED_EDGE('',*,*,#277,.T.);
#277 = EDGE_CURVE('',#42,#278,#280,.T.);
#278 = VERTEX_POINT('',#279);
#279 = CARTESIAN_POINT('',(14.328947368421,-3.509579905978E-15,31.));
#280 = SEAM_CURVE('',#281,(#285,#292),.PCURVE_S1.);
#281 = LINE('',#282,#283);
#282 = CARTESIAN_POINT('',(18.,-4.40872847693E-15,0.));
#283 = VECTOR('',#284,1.);
#284 = DIRECTION('',(-0.117599343536,2.880353192868E-17,0.993061123194)
  );
#285 = PCURVE('',#54,#286);
#286 = DEFINITIONAL_REPRESENTATION('',(#287),#291);
#287 = LINE('',#288,#289);
#288 = CARTESIAN_POINT('',(0.,-0.));
#289 = VECTOR('',#290,1.);
#290 = DIRECTION('',(-0.,-1.));
#291 = ( GEOMETRIC_REPRESENTATION_CONTEXT(2) 
PARAMETRIC_REPRESENTATION_CONTEXT() REPRESENTATION_CONTEXT('2D SPACE',''
  ) );
#292 = PCURVE('',#54,#293);
#293 = DEFINITIONAL_REPRESENTATION('',(#294),#298);
#294 = LINE('',#295,#296);
#295 = CARTESIAN_POINT('',(-6.28318530718,0.));
#296 = VECTOR('',#297,1.);
#297 = DIRECTION('',(-0.,-1.));
#298 = ( GEOMETRIC_REPRESENTATION_CONTEXT(2) 
PARAMETRIC_REPRESENTATION_CONTEXT() REPRESENTATION_CONTEXT('2D SPACE',''
  ) );
#299 = ORIENTED_EDGE('',*,*,#300,.F.);
#300 = EDGE_CURVE('',#278,#278,#301,.T.);
#301 = SURFACE_CURVE('',#302,(#307,#314),.PCURVE_S1.);
#302 = CIRCLE('',#303,14.328947368421);
#303 = AXIS2_PLACEMENT_3D('',#304,#305,#306);
#304 = CARTESIAN_POINT('',(0.,0.,31.));
#305 = DIRECTION('',(0.,0.,1.));
#306 = DIRECTION('',(1.,0.,-0.));
#307 = PCURVE('',#54,#308);
#308 = DEFINITIONAL_REPRESENTATION('',(#309),#313);
#309 = LINE('',#310,#311);
#310 = CARTESIAN_POINT('',(-0.,-31.));
#311 = VECTOR('',#312,1.);
#312 = DIRECTION('',(-1.,-0.));
#313 = ( GEOMETRIC_REPRESENTATION_CONTEXT(2) 
PARAMETRIC_REPRESENTATION_CONTEXT() REPRESENTATION_CONTEXT('2D SPACE',''
  ) );
#314 = PCURVE('',#315,#320);
#315 = PLANE('',#316);
#316 = AXIS2_PLACEMENT_3D('',#317,#318,#319);
#317 = CARTESIAN_POINT('',(0.,0.,31.));
#318 = DIRECTION('',(0.,0.,1.));
#319 = DIRECTION('',(1.,0.,-0.));
#320 = DEFINITIONAL_REPRESENTATION('',(#321),#325);
#321 = CIRCLE('',#322,14.328947368421);
#322 = AXIS2_PLACEMENT_2D('',#323,#324);
#323 = CARTESIAN_POINT('',(0.,0.));
#324 = DIRECTION('',(1.,0.));
#325 = ( GEOMETRIC_REPRESENTATION_CONTEXT(2) 
PARAMETRIC_REPRESENTATION_CONTEXT() REPRESENTATION_CONTEXT('2D SPACE',''
  ) );
#326 = ORIENTED_EDGE('',*,*,#277,.F.);
#327 = FACE_BOUND('',#328,.T.);
#328 = EDGE_LOOP('',(#329,#360));
#329 = ORIENTED_EDGE('',*,*,#330,.F.);
#330 = EDGE_CURVE('',#331,#333,#335,.T.);
#331 = VERTEX_POINT('',#332);
#332 = CARTESIAN_POINT('',(5.968841292884,15.733471269149,9.9));
#333 = VERTEX_POINT('',#334);
#334 = CARTESIAN_POINT('',(-5.968841292884,15.733471269149,9.9));
#335 = SURFACE_CURVE('',#336,(#341,#348),.PCURVE_S1.);
#336 = CIRCLE('',#337,16.827631578947);
#337 = AXIS2_PLACEMENT_3D('',#338,#339,#340);
#338 = CARTESIAN_POINT('',(0.,0.,9.9));
#339 = DIRECTION('',(0.,0.,1.));
#340 = DIRECTION('',(1.,0.,-0.));
#341 = PCURVE('',#54,#342);
#342 = DEFINITIONAL_REPRESENTATION('',(#343),#347);
#343 = LINE('',#344,#345);
#344 = CARTESIAN_POINT('',(-0.,-9.9));
#345 = VECTOR('',#346,1.);
#346 = DIRECTION('',(-1.,-0.));
#347 = ( GEOMETRIC_REPRESENTATION_CONTEXT(2) 
PARAMETRIC_REPRESENTATION_CONTEXT() REPRESENTATION_CONTEXT('2D SPACE',''
  ) );
#348 = PCURVE('',#349,#354);
#349 = PLANE('',#350);
#350 = AXIS2_PLACEMENT_3D('',#351,#352,#353);
#351 = CARTESIAN_POINT('',(0.,19.76,9.9));
#352 = DIRECTION('',(0.,0.,1.));
#353 = DIRECTION('',(1.,0.,-0.));
#354 = DEFINITIONAL_REPRESENTATION('',(#355),#359);
#355 = CIRCLE('',#356,16.827631578947);
#356 = AXIS2_PLACEMENT_2D('',#357,#358);
#357 = CARTESIAN_POINT('',(0.,-19.76));
#358 = DIRECTION('',(1.,0.));
#359 = ( GEOMETRIC_REPRESENTATION_CONTEXT(2) 
PARAMETRIC_REPRESENTATION_CONTEXT() REPRESENTATION_CONTEXT('2D SPACE',''
  ) );
#360 = ORIENTED_EDGE('',*,*,#361,.T.);
#361 = EDGE_CURVE('',#331,#333,#362,.T.);
#362 = SURFACE_CURVE('',#363,(#443,#526),.PCURVE_S1.);
#363 = B_SPLINE_CURVE_WITH_KNOTS('',8,(#364,#365,#366,#367,#368,#369,
    #370,#371,#372,#373,#374,#375,#376,#377,#378,#379,#380,#381,#382,
    #383,#384,#385,#386,#387,#388,#389,#390,#391,#392,#393,#394,#395,
    #396,#397,#398,#399,#400,#401,#402,#403,#404,#405,#406,#407,#408,
    #409,#410,#411,#412,#413,#414,#415,#416,#417,#418,#419,#420,#421,
    #422,#423,#424,#425,#426,#427,#428,#429,#430,#431,#432,#433,#434,
    #435,#436,#437,#438,#439,#440,#441,#442),.UNSPECIFIED.,.F.,.F.,(9,7,
    7,7,7,7,7,7,7,7,7,9),(0.,0.243393793507,0.365307476679,
    0.431350565682,0.460605584745,0.483436282147,0.51606988028,
    0.549408429389,0.600780959777,0.696432073313,0.875157845444,1.),
  .UNSPECIFIED.);
#364 = CARTESIAN_POINT('',(5.968841292884,15.733471269149,9.9));
#365 = CARTESIAN_POINT('',(5.731750214431,15.743420143227,
    10.531605228541));
#366 = CARTESIAN_POINT('',(5.49052858518,15.751321296321,11.162661148185
    ));
#367 = CARTESIAN_POINT('',(5.244537586887,15.757180180257,
    11.793122660164));
#368 = CARTESIAN_POINT('',(4.992945102023,15.761002313707,
    12.422883842451));
#369 = CARTESIAN_POINT('',(4.734748769492,15.762794217731,
    13.051782329636));
#370 = CARTESIAN_POINT('',(4.468415248083,15.762566244147,
    13.679547162279));
#371 = CARTESIAN_POINT('',(4.192002250358,15.760333229417,
    14.305817088572));
#372 = CARTESIAN_POINT('',(3.756021579904,15.754015659895,
    15.242514636926));
#373 = CARTESIAN_POINT('',(3.607018986645,15.751411891078,
    15.554513351357));
#374 = CARTESIAN_POINT('',(3.453996625292,15.748316348693,15.86586650448
    ));
#375 = CARTESIAN_POINT('',(3.296305048982,15.744733564772,
    16.176467085475));
#376 = CARTESIAN_POINT('',(3.133171775034,15.740669510593,
    16.486145367446));
#377 = CARTESIAN_POINT('',(2.96346226552,15.736133625392,16.794623319812
    ));
#378 = CARTESIAN_POINT('',(2.785745791698,15.731139132408,
    17.101528118996));
#379 = CARTESIAN_POINT('',(2.495071626899,15.722769091357,
    17.571236228383));
#380 = CARTESIAN_POINT('',(2.389815815289,15.719702184202,
    17.735531003121));
#381 = CARTESIAN_POINT('',(2.280957226052,15.716512152928,
    17.899045181011));
#382 = CARTESIAN_POINT('',(2.167905465131,15.713203712522,18.06164905144
    ));
#383 = CARTESIAN_POINT('',(2.049987129638,15.709783792501,
    18.223125078069));
#384 = CARTESIAN_POINT('',(1.926201136732,15.706264029571,
    18.383100052442));
#385 = CARTESIAN_POINT('',(1.795332538257,15.702660405569,
    18.541078252818));
#386 = CARTESIAN_POINT('',(1.59262634399,15.697381851851,18.764849965705
    ));
#387 = CARTESIAN_POINT('',(1.528551096424,15.695751711745,
    18.832933325324));
#388 = CARTESIAN_POINT('',(1.462390393416,15.694113943787,18.90034946808
    ));
#389 = CARTESIAN_POINT('',(1.393886212892,15.692471802016,
    18.966996200751));
#390 = CARTESIAN_POINT('',(1.322732131346,15.690830165796,
    19.032713497506));
#391 = CARTESIAN_POINT('',(1.248566826967,15.689195719569,
    19.097281476188));
#392 = CARTESIAN_POINT('',(1.170927310456,15.687577561951,
    19.160403142613));
#393 = CARTESIAN_POINT('',(1.025241581569,15.684749182915,
    19.269441647174));
#394 = CARTESIAN_POINT('',(0.958989745444,15.68353046183,19.315975161058
    ));
#395 = CARTESIAN_POINT('',(0.88988524999,15.682336238961,19.361155583846
    ));
#396 = CARTESIAN_POINT('',(0.817505096338,15.681174578261,
    19.404717175053));
#397 = CARTESIAN_POINT('',(0.741446708879,15.680058810594,
    19.446207650397));
#398 = CARTESIAN_POINT('',(0.66132309367,15.679007937399,19.484986305824
    ));
#399 = CARTESIAN_POINT('',(0.576735748353,15.67804725262,19.52020750005)
  );
#400 = CARTESIAN_POINT('',(0.359200976725,15.67601242308,19.594440892443
    ));
#401 = CARTESIAN_POINT('',(0.215709248039,15.675016454702,
    19.630420854674));
#402 = CARTESIAN_POINT('',(6.403981677905E-02,15.67445047127,
    19.650568621771));
#403 = CARTESIAN_POINT('',(-8.97240379763E-02,15.674455536824,
    19.650315080218));
#404 = CARTESIAN_POINT('',(-0.240507172693,15.67503112709,19.62989297971
    ));
#405 = CARTESIAN_POINT('',(-0.383911751182,15.676056833949,
    19.592980279665));
#406 = CARTESIAN_POINT('',(-0.515955708352,15.677363530567,
    19.545365749169));
#407 = CARTESIAN_POINT('',(-0.752230822672,15.680198183752,
    19.440982340019));
#408 = CARTESIAN_POINT('',(-0.861985097645,15.681804532426,
    19.381306335345));
#409 = CARTESIAN_POINT('',(-0.964311987285,15.683515471186,
    19.317014520496));
#410 = CARTESIAN_POINT('',(-1.060207857509,15.685290675286,
    19.24943529012));
#411 = CARTESIAN_POINT('',(-1.15066367473,15.687100230285,
    19.179585379269));
#412 = CARTESIAN_POINT('',(-1.236434780043,15.688927782721,
    19.108019096202));
#413 = CARTESIAN_POINT('',(-1.318318740692,15.690764761526,
    19.035007202122));
#414 = CARTESIAN_POINT('',(-1.518496434987,15.695455290144,
    18.845653299909));
#415 = CARTESIAN_POINT('',(-1.631765749083,15.698303324621,
    18.727958808638));
#416 = CARTESIAN_POINT('',(-1.73890116734,15.701127788875,
    18.608257726023));
#417 = CARTESIAN_POINT('',(-1.840907886417,15.703913258205,
    18.487039644411));
#418 = CARTESIAN_POINT('',(-1.938609736098,15.706648471305,
    18.364671312083));
#419 = CARTESIAN_POINT('',(-2.032584789926,15.70932653402,
    18.241373893171));
#420 = CARTESIAN_POINT('',(-2.123342195184,15.711942888514,
    18.117279960843));
#421 = CARTESIAN_POINT('',(-2.375099110045,15.719247034267,
    17.759962109219));
#422 = CARTESIAN_POINT('',(-2.529007762636,15.723770371957,
    17.525168260571));
#423 = CARTESIAN_POINT('',(-2.675555829672,15.72804132194,
    17.288735171875));
#424 = CARTESIAN_POINT('',(-2.816027913959,15.732046648421,
    17.051052166648));
#425 = CARTESIAN_POINT('',(-2.951447836699,15.735776838029,
    16.812409619752));
#426 = CARTESIAN_POINT('',(-3.082518326822,15.739225912713,
    16.572984784367));
#427 = CARTESIAN_POINT('',(-3.209834878086,15.742389511386,
    16.332888106708));
#428 = CARTESIAN_POINT('',(-3.565650685837,15.750636315759,
    15.642354850013));
#429 = CARTESIAN_POINT('',(-3.785880889489,15.754997737508,
    15.190563598897));
#430 = CARTESIAN_POINT('',(-3.997569248021,15.758325818029,
    14.737366308366));
#431 = CARTESIAN_POINT('',(-4.202277519695,15.760607967172,
    14.283089919934));
#432 = CARTESIAN_POINT('',(-4.401225650883,15.761835294085,
    13.827977523782));
#433 = CARTESIAN_POINT('',(-4.595249609281,15.762002003497,
    13.372180934364));
#434 = CARTESIAN_POINT('',(-4.785040960069,15.761103438563,
    12.91579889768));
#435 = CARTESIAN_POINT('',(-5.101140766845,15.757760686569,
    12.139709641041));
#436 = CARTESIAN_POINT('',(-5.229330011262,15.755864241029,
    11.820298515501));
#437 = CARTESIAN_POINT('',(-5.355894324867,15.753444782552,
    11.500671357561));
#438 = CARTESIAN_POINT('',(-5.480982869807,15.750501274273,
    11.180851855614));
#439 = CARTESIAN_POINT('',(-5.604720876345,15.747032855646,
    10.860859720099));
#440 = CARTESIAN_POINT('',(-5.727215950177,15.743038795202,
    10.540711500361));
#441 = CARTESIAN_POINT('',(-5.848562072511,15.738518455343,
    10.220421101325));
#442 = CARTESIAN_POINT('',(-5.968841292884,15.733471269149,9.9));
#443 = PCURVE('',#54,#444);
#444 = DEFINITIONAL_REPRESENTATION('',(#445),#525);
#445 = B_SPLINE_CURVE_WITH_KNOTS('',8,(#446,#447,#448,#449,#450,#451,
    #452,#453,#454,#455,#456,#457,#458,#459,#460,#461,#462,#463,#464,
    #465,#466,#467,#468,#469,#470,#471,#472,#473,#474,#475,#476,#477,
    #478,#479,#480,#481,#482,#483,#484,#485,#486,#487,#488,#489,#490,
    #491,#492,#493,#494,#495,#496,#497,#498,#499,#500,#501,#502,#503,
    #504,#505,#506,#507,#508,#509,#510,#511,#512,#513,#514,#515,#516,
    #517,#518,#519,#520,#521,#522,#523,#524),.UNSPECIFIED.,.F.,.F.,(9,7,
    7,7,7,7,7,7,7,7,7,9),(0.,0.243393793507,0.365307476679,
    0.431350565682,0.460605584745,0.483436282147,0.51606988028,
    0.549408429389,0.600780959777,0.696432073313,0.875157845444,1.),
  .UNSPECIFIED.);
#446 = CARTESIAN_POINT('',(-1.208198033152,-9.9));
#447 = CARTESIAN_POINT('',(-1.221581018054,-10.53160522854));
#448 = CARTESIAN_POINT('',(-1.235286313402,-11.16266114818));
#449 = CARTESIAN_POINT('',(-1.249358650785,-11.79312266016));
#450 = CARTESIAN_POINT('',(-1.263855623898,-12.42288384245));
#451 = CARTESIAN_POINT('',(-1.278846270536,-13.05178232963));
#452 = CARTESIAN_POINT('',(-1.294434396374,-13.67954716227));
#453 = CARTESIAN_POINT('',(-1.310750889683,-14.30581708857));
#454 = CARTESIAN_POINT('',(-1.336729283757,-15.24251463692));
#455 = CARTESIAN_POINT('',(-1.345646380944,-15.55451335135));
#456 = CARTESIAN_POINT('',(-1.354844856963,-15.86586650448));
#457 = CARTESIAN_POINT('',(-1.364367466044,-16.17646708547));
#458 = CARTESIAN_POINT('',(-1.374265070652,-16.48614536744));
#459 = CARTESIAN_POINT('',(-1.38461197897,-16.79462331981));
#460 = CARTESIAN_POINT('',(-1.39550176675,-17.10152811899));
#461 = CARTESIAN_POINT('',(-1.413409408391,-17.57123622838));
#462 = CARTESIAN_POINT('',(-1.419911200323,-17.73553100312));
#463 = CARTESIAN_POINT('',(-1.426653647347,-17.89904518101));
#464 = CARTESIAN_POINT('',(-1.433674968567,-18.06164905144));
#465 = CARTESIAN_POINT('',(-1.441018843514,-18.22312507806));
#466 = CARTESIAN_POINT('',(-1.448750041407,-18.38310005244));
#467 = CARTESIAN_POINT('',(-1.456947143524,-18.54107825281));
#468 = CARTESIAN_POINT('',(-1.469682236811,-18.7648499657));
#469 = CARTESIAN_POINT('',(-1.473712648204,-18.83293332532));
#470 = CARTESIAN_POINT('',(-1.477879263587,-18.90034946808));
#471 = CARTESIAN_POINT('',(-1.482198682165,-18.96699620075));
#472 = CARTESIAN_POINT('',(-1.486690627976,-19.0327134975));
#473 = CARTESIAN_POINT('',(-1.4913783559,-19.09728147618));
#474 = CARTESIAN_POINT('',(-1.496291624961,-19.16040314261));
#475 = CARTESIAN_POINT('',(-1.505522241723,-19.26944164717));
#476 = CARTESIAN_POINT('',(-1.509723570287,-19.31597516105));
#477 = CARTESIAN_POINT('',(-1.514109494294,-19.36115558384));
#478 = CARTESIAN_POINT('',(-1.518707122855,-19.40471717505));
#479 = CARTESIAN_POINT('',(-1.523542306752,-19.44620765039));
#480 = CARTESIAN_POINT('',(-1.528639886358,-19.48498630582));
#481 = CARTESIAN_POINT('',(-1.534025331207,-19.52020750005));
#482 = CARTESIAN_POINT('',(-1.547883774217,-19.59444089244));
#483 = CARTESIAN_POINT('',(-1.557032003641,-19.63042085467));
#484 = CARTESIAN_POINT('',(-1.566708601155,-19.65056862177));
#485 = CARTESIAN_POINT('',(-1.576522435256,-19.65031508021));
#486 = CARTESIAN_POINT('',(-1.586143280764,-19.62989297971));
#487 = CARTESIAN_POINT('',(-1.595286684771,-19.59298027966));
#488 = CARTESIAN_POINT('',(-1.603698086959,-19.54536574916));
#489 = CARTESIAN_POINT('',(-1.618736043293,-19.44098234001));
#490 = CARTESIAN_POINT('',(-1.625713800172,-19.38130633534));
#491 = CARTESIAN_POINT('',(-1.632211492155,-19.31701452049));
#492 = CARTESIAN_POINT('',(-1.638293125389,-19.24943529011));
#493 = CARTESIAN_POINT('',(-1.644022414275,-19.17958537927));
#494 = CARTESIAN_POINT('',(-1.649447987896,-19.1080190962));
#495 = CARTESIAN_POINT('',(-1.654620973242,-19.03500720212));
#496 = CARTESIAN_POINT('',(-1.66725043422,-18.8456532999));
#497 = CARTESIAN_POINT('',(-1.674380534995,-18.72795880863));
#498 = CARTESIAN_POINT('',(-1.681109703206,-18.60825772601));
#499 = CARTESIAN_POINT('',(-1.687502782352,-18.48703964441));
#500 = CARTESIAN_POINT('',(-1.69361294298,-18.36467131207));
#501 = CARTESIAN_POINT('',(-1.699477557461,-18.24137389317));
#502 = CARTESIAN_POINT('',(-1.705129479537,-18.11727996084));
#503 = CARTESIAN_POINT('',(-1.720774950478,-17.75996210921));
#504 = CARTESIAN_POINT('',(-1.730298758893,-17.52516826057));
#505 = CARTESIAN_POINT('',(-1.739330560696,-17.28873517187));
#506 = CARTESIAN_POINT('',(-1.747953913476,-17.05105216664));
#507 = CARTESIAN_POINT('',(-1.756235477508,-16.81240961975));
#508 = CARTESIAN_POINT('',(-1.76422117618,-16.57298478436));
#509 = CARTESIAN_POINT('',(-1.771949892058,-16.3328881067));
#510 = CARTESIAN_POINT('',(-1.793472346452,-15.64235485001));
#511 = CARTESIAN_POINT('',(-1.80669705753,-15.19056359889));
#512 = CARTESIAN_POINT('',(-1.819323672778,-14.73736630836));
#513 = CARTESIAN_POINT('',(-1.831455704828,-14.28308991993));
#514 = CARTESIAN_POINT('',(-1.843174271226,-13.82797752378));
#515 = CARTESIAN_POINT('',(-1.854535472199,-13.37218093436));
#516 = CARTESIAN_POINT('',(-1.865585828562,-12.91579889768));
#517 = CARTESIAN_POINT('',(-1.883889603639,-12.13970964104));
#518 = CARTESIAN_POINT('',(-1.891282901343,-11.8202985155));
#519 = CARTESIAN_POINT('',(-1.898554410996,-11.50067135756));
#520 = CARTESIAN_POINT('',(-1.9057143317,-11.18085185561));
#521 = CARTESIAN_POINT('',(-1.912771289434,-10.86085972009));
#522 = CARTESIAN_POINT('',(-1.919732747547,-10.54071150036));
#523 = CARTESIAN_POINT('',(-1.926605267583,-10.22042110132));
#524 = CARTESIAN_POINT('',(-1.933394620437,-9.9));
#525 = ( GEOMETRIC_REPRESENTATION_CONTEXT(2) 
PARAMETRIC_REPRESENTATION_CONTEXT() REPRESENTATION_CONTEXT('2D SPACE',''
  ) );
#526 = PCURVE('',#527,#532);
#527 = CONICAL_SURFACE('',#528,7.2,0.309702944542);
#528 = AXIS2_PLACEMENT_3D('',#529,#530,#531);
#529 = CARTESIAN_POINT('',(0.,19.76,9.9));
#530 = DIRECTION('',(-0.,-0.,-1.));
#531 = DIRECTION('',(1.,0.,-0.));
#532 = DEFINITIONAL_REPRESENTATION('',(#533),#613);
#533 = B_SPLINE_CURVE_WITH_KNOTS('',8,(#534,#535,#536,#537,#538,#539,
    #540,#541,#542,#543,#544,#545,#546,#547,#548,#549,#550,#551,#552,
    #553,#554,#555,#556,#557,#558,#559,#560,#561,#562,#563,#564,#565,
    #566,#567,#568,#569,#570,#571,#572,#573,#574,#575,#576,#577,#578,
    #579,#580,#581,#582,#583,#584,#585,#586,#587,#588,#589,#590,#591,
    #592,#593,#594,#595,#596,#597,#598,#599,#600,#601,#602,#603,#604,
    #605,#606,#607,#608,#609,#610,#611,#612),.UNSPECIFIED.,.F.,.F.,(9,7,
    7,7,7,7,7,7,7,7,7,9),(0.,0.243393793507,0.365307476679,
    0.431350565682,0.460605584745,0.483436282147,0.51606988028,
    0.549408429389,0.600780959777,0.696432073313,0.875157845444,1.),
  .UNSPECIFIED.);
#534 = CARTESIAN_POINT('',(-5.68971642929,-5.452822518623E-14));
#535 = CARTESIAN_POINT('',(-5.672446545247,-0.631605228541));
#536 = CARTESIAN_POINT('',(-5.653511818792,-1.262661148186));
#537 = CARTESIAN_POINT('',(-5.632671327319,-1.893122660163));
#538 = CARTESIAN_POINT('',(-5.609615989436,-2.522883842454));
#539 = CARTESIAN_POINT('',(-5.5839703066,-3.151782329635));
#540 = CARTESIAN_POINT('',(-5.555189244232,-3.779547162279));
#541 = CARTESIAN_POINT('',(-5.52258004038,-4.405817088572));
#542 = CARTESIAN_POINT('',(-5.465936934986,-5.342514636926));
#543 = CARTESIAN_POINT('',(-5.445749629571,-5.654513351357));
#544 = CARTESIAN_POINT('',(-5.424113673125,-5.96586650448));
#545 = CARTESIAN_POINT('',(-5.400822186708,-6.276467085475));
#546 = CARTESIAN_POINT('',(-5.375627487126,-6.586145367446));
#547 = CARTESIAN_POINT('',(-5.348178369079,-6.894623319812));
#548 = CARTESIAN_POINT('',(-5.318034061858,-7.201528118996));
#549 = CARTESIAN_POINT('',(-5.266150838819,-7.671236228383));
#550 = CARTESIAN_POINT('',(-5.246900659924,-7.835531003122));
#551 = CARTESIAN_POINT('',(-5.226496346829,-7.999045181007));
#552 = CARTESIAN_POINT('',(-5.204770897422,-8.161649051445));
#553 = CARTESIAN_POINT('',(-5.181530895562,-8.323125078065));
#554 = CARTESIAN_POINT('',(-5.156495474969,-8.483100052443));
#555 = CARTESIAN_POINT('',(-5.129324290839,-8.641078252818));
#556 = CARTESIAN_POINT('',(-5.086063028792,-8.864849965705));
#557 = CARTESIAN_POINT('',(-5.072239331013,-8.932933325324));
#558 = CARTESIAN_POINT('',(-5.057810272625,-9.00034946808));
#559 = CARTESIAN_POINT('',(-5.042707208164,-9.066996200751));
#560 = CARTESIAN_POINT('',(-5.026848328412,-9.132713497506));
#561 = CARTESIAN_POINT('',(-5.010137306336,-9.197281476188));
#562 = CARTESIAN_POINT('',(-4.992452174551,-9.260403142613));
#563 = CARTESIAN_POINT('',(-4.958904290816,-9.369441647174));
#564 = CARTESIAN_POINT('',(-4.943530337164,-9.415975161058));
#565 = CARTESIAN_POINT('',(-4.927373550922,-9.461155583846));
#566 = CARTESIAN_POINT('',(-4.910325609205,-9.504717175053));
#567 = CARTESIAN_POINT('',(-4.892281619905,-9.546207650397));
#568 = CARTESIAN_POINT('',(-4.873140976387,-9.584986305824));
#569 = CARTESIAN_POINT('',(-4.852803809186,-9.62020750005));
#570 = CARTESIAN_POINT('',(-4.800212292814,-9.694440892443));
#571 = CARTESIAN_POINT('',(-4.76529106667,-9.730420854673));
#572 = CARTESIAN_POINT('',(-4.72814207375,-9.750568621773));
#573 = CARTESIAN_POINT('',(-4.690354636438,-9.750315080214));
#574 = CARTESIAN_POINT('',(-4.653395038339,-9.729892979712));
#575 = CARTESIAN_POINT('',(-4.618471195594,-9.692980279664));
#576 = CARTESIAN_POINT('',(-4.586572228683,-9.645365749168));
#577 = CARTESIAN_POINT('',(-4.529933260237,-9.540982340019));
#578 = CARTESIAN_POINT('',(-4.503880028348,-9.481306335344));
#579 = CARTESIAN_POINT('',(-4.479851169385,-9.4170145205));
#580 = CARTESIAN_POINT('',(-4.457585536954,-9.349435290115));
#581 = CARTESIAN_POINT('',(-4.436821886234,-9.279585379272));
#582 = CARTESIAN_POINT('',(-4.417358851691,-9.208019096201));
#583 = CARTESIAN_POINT('',(-4.3989914765,-9.135007202122));
#584 = CARTESIAN_POINT('',(-4.354615719417,-8.945653299908));
#585 = CARTESIAN_POINT('',(-4.330016888161,-8.827958808638));
#586 = CARTESIAN_POINT('',(-4.307208633992,-8.708257726023));
#587 = CARTESIAN_POINT('',(-4.285916588196,-8.587039644411));
#588 = CARTESIAN_POINT('',(-4.265915018827,-8.464671312083));
#589 = CARTESIAN_POINT('',(-4.247042945153,-8.341373893171));
#590 = CARTESIAN_POINT('',(-4.229160638308,-8.217279960843));
#591 = CARTESIAN_POINT('',(-4.180485656564,-7.859962109219));
#592 = CARTESIAN_POINT('',(-4.151890574499,-7.62516826057));
#593 = CARTESIAN_POINT('',(-4.12566462716,-7.388735171879));
#594 = CARTESIAN_POINT('',(-4.101428853661,-7.151052166642));
#595 = CARTESIAN_POINT('',(-4.078879658063,-6.912409619756));
#596 = CARTESIAN_POINT('',(-4.057802484563,-6.672984784366));
#597 = CARTESIAN_POINT('',(-4.038016932488,-6.432888106708));
#598 = CARTESIAN_POINT('',(-3.984552053805,-5.742354850013));
#599 = CARTESIAN_POINT('',(-3.953746759267,-5.290563598897));
#600 = CARTESIAN_POINT('',(-3.926032379063,-4.837366308367));
#601 = CARTESIAN_POINT('',(-3.900888334302,-4.383089919933));
#602 = CARTESIAN_POINT('',(-3.87790577386,-3.927977523782));
#603 = CARTESIAN_POINT('',(-3.856793033064,-3.472180934364));
#604 = CARTESIAN_POINT('',(-3.837309599719,-3.01579889768));
#605 = CARTESIAN_POINT('',(-3.80665931057,-2.239709641041));
#606 = CARTESIAN_POINT('',(-3.794756727888,-1.920298515501));
#607 = CARTESIAN_POINT('',(-3.783491431729,-1.600671357561));
#608 = CARTESIAN_POINT('',(-3.772808974787,-1.280851855614));
#609 = CARTESIAN_POINT('',(-3.762662881852,-0.960859720099));
#610 = CARTESIAN_POINT('',(-3.753012704286,-0.640711500361));
#611 = CARTESIAN_POINT('',(-3.743822756078,-0.320421101325));
#612 = CARTESIAN_POINT('',(-3.73506153148,0.));
#613 = ( GEOMETRIC_REPRESENTATION_CONTEXT(2) 
PARAMETRIC_REPRESENTATION_CONTEXT() REPRESENTATION_CONTEXT('2D SPACE',''
  ) );
#614 = ADVANCED_FACE('',(#615),#70,.F.);
#615 = FACE_BOUND('',#616,.F.);
#616 = EDGE_LOOP('',(#617,#734,#757,#854,#944,#945,#1055,#1074,#1075,
    #1076));
#617 = ORIENTED_EDGE('',*,*,#618,.F.);
#618 = EDGE_CURVE('',#619,#621,#623,.T.);
#619 = VERTEX_POINT('',#620);
#620 = CARTESIAN_POINT('',(21.,-2.841180574022E-15,2.8));
#621 = VERTEX_POINT('',#622);
#622 = CARTESIAN_POINT('',(20.979990467109,0.916515138991,7.));
#623 = SURFACE_CURVE('',#624,(#657,#693),.PCURVE_S1.);
#624 = B_SPLINE_CURVE_WITH_KNOTS('',7,(#625,#626,#627,#628,#629,#630,
    #631,#632,#633,#634,#635,#636,#637,#638,#639,#640,#641,#642,#643,
    #644,#645,#646,#647,#648,#649,#650,#651,#652,#653,#654,#655,#656),
  .UNSPECIFIED.,.F.,.F.,(8,6,6,6,6,8),(0.,0.277177654246,0.565585587868,
    0.73887043083,0.888449261975,1.),.UNSPECIFIED.);
#625 = CARTESIAN_POINT('',(21.,-2.694222958124E-16,2.8));
#626 = CARTESIAN_POINT('',(21.,0.292594671026,2.8));
#627 = CARTESIAN_POINT('',(20.995243737694,0.57721958306,2.845399638728)
  );
#628 = CARTESIAN_POINT('',(20.986198059417,0.845686544212,2.93175050348)
  );
#629 = CARTESIAN_POINT('',(20.974100282943,1.091220644923,3.053050118569
    ));
#630 = CARTESIAN_POINT('',(20.960632838567,1.308701710269,3.201814532203
    ));
#631 = CARTESIAN_POINT('',(20.947284545109,1.495150117283,3.369194017501
    ));
#632 = CARTESIAN_POINT('',(20.9223380324,1.811622470827,3.728161439792)
  );
#633 = CARTESIAN_POINT('',(20.910485402675,1.943459080687,3.92545201744)
  );
#634 = CARTESIAN_POINT('',(20.900355713144,2.047076754337,4.132257523561
    ));
#635 = CARTESIAN_POINT('',(20.892473336498,2.123778645421,4.345309402509
    ));
#636 = CARTESIAN_POINT('',(20.887122737529,2.17457047286,4.562202575335)
  );
#637 = CARTESIAN_POINT('',(20.884443971531,2.2,4.78101658702));
#638 = CARTESIAN_POINT('',(20.884443971531,2.2,5.131572338711));
#639 = CARTESIAN_POINT('',(20.885411228547,2.190819754043,5.263130128764
    ));
#640 = CARTESIAN_POINT('',(20.887344585582,2.17246304813,5.394260004127)
  );
#641 = CARTESIAN_POINT('',(20.890226131507,2.14486495042,5.524540598241)
  );
#642 = CARTESIAN_POINT('',(20.894017779534,2.107898715428,5.653512952085
    ));
#643 = CARTESIAN_POINT('',(20.898657845694,2.061382688219,5.780650922235
    ));
#644 = CARTESIAN_POINT('',(20.908718698694,1.95649316023,6.012955476122)
  );
#645 = CARTESIAN_POINT('',(20.913946379186,1.900604612792,6.118765135223
    ));
#646 = CARTESIAN_POINT('',(20.919683579873,1.837271173359,6.222356346267
    ));
#647 = CARTESIAN_POINT('',(20.925856459288,1.766319600177,6.323258393652
    ));
#648 = CARTESIAN_POINT('',(20.932371080782,1.687569169565,6.420915305047
    ));
#649 = CARTESIAN_POINT('',(20.939110069901,1.600847042804,6.514667090296
    ));
#650 = CARTESIAN_POINT('',(20.951014797515,1.435272686193,6.670151760515
    ));
#651 = CARTESIAN_POINT('',(20.956148388586,1.359976758459,6.734010737756
    ));
#652 = CARTESIAN_POINT('',(20.961264830555,1.280124914025,6.794898599736
    ));
#653 = CARTESIAN_POINT('',(20.966290084051,1.195759180479,6.852390541567
    ));
#654 = CARTESIAN_POINT('',(20.971143407536,1.106955522977,6.906045798709
    ));
#655 = CARTESIAN_POINT('',(20.975739480111,1.013824818421,6.955407179889
    ));
#656 = CARTESIAN_POINT('',(20.979990524309,0.916513829622,7.000000600014
    ));
#657 = PCURVE('',#70,#658);
#658 = DEFINITIONAL_REPRESENTATION('',(#659),#692);
#659 = B_SPLINE_CURVE_WITH_KNOTS('',7,(#660,#661,#662,#663,#664,#665,
    #666,#667,#668,#669,#670,#671,#672,#673,#674,#675,#676,#677,#678,
    #679,#680,#681,#682,#683,#684,#685,#686,#687,#688,#689,#690,#691),
  .UNSPECIFIED.,.F.,.F.,(8,6,6,6,6,8),(0.,0.277177654246,0.565585587868,
    0.73887043083,0.888449261975,1.),.UNSPECIFIED.);
#660 = CARTESIAN_POINT('',(0.,47.));
#661 = CARTESIAN_POINT('',(0.132997577739,47.));
#662 = CARTESIAN_POINT('',(0.262372443815,46.995243737694));
#663 = CARTESIAN_POINT('',(0.388245622955,46.986198059417));
#664 = CARTESIAN_POINT('',(0.51043754774,46.974100282943));
#665 = CARTESIAN_POINT('',(0.628512285797,46.960632838567));
#666 = CARTESIAN_POINT('',(0.741627695154,46.947284545109));
#667 = CARTESIAN_POINT('',(0.959151494946,46.9223380324));
#668 = CARTESIAN_POINT('',(1.066049337669,46.910485402675));
#669 = CARTESIAN_POINT('',(1.169936913347,46.900355713144));
#670 = CARTESIAN_POINT('',(1.271598282164,46.892473336498));
#671 = CARTESIAN_POINT('',(1.37179765852,46.887122737529));
#672 = CARTESIAN_POINT('',(1.471258411804,46.884443971531));
#673 = CARTESIAN_POINT('',(1.6306019353,46.884443971531));
#674 = CARTESIAN_POINT('',(1.690400759079,46.885411228547));
#675 = CARTESIAN_POINT('',(1.750354866959,46.887344585582));
#676 = CARTESIAN_POINT('',(1.81062134083,46.890226131507));
#677 = CARTESIAN_POINT('',(1.871358007161,46.894017779534));
#678 = CARTESIAN_POINT('',(1.932729168507,46.898657845694));
#679 = CARTESIAN_POINT('',(2.04858674961,46.908718698694));
#680 = CARTESIAN_POINT('',(2.102874705118,46.913946379186));
#681 = CARTESIAN_POINT('',(2.157889635234,46.919683579873));
#682 = CARTESIAN_POINT('',(2.213746224449,46.925856459288));
#683 = CARTESIAN_POINT('',(2.27056387773,46.932371080782));
#684 = CARTESIAN_POINT('',(2.328471190184,46.939110069901));
#685 = CARTESIAN_POINT('',(2.431714414043,46.951014797515));
#686 = CARTESIAN_POINT('',(2.476533782738,46.956148388586));
#687 = CARTESIAN_POINT('',(2.522078673903,46.961264830555));
#688 = CARTESIAN_POINT('',(2.568363149208,46.966290084051));
#689 = CARTESIAN_POINT('',(2.615407099321,46.971143407536));
#690 = CARTESIAN_POINT('',(2.663238162321,46.975739480111));
#691 = CARTESIAN_POINT('',(2.711893642123,46.979990524309));
#692 = ( GEOMETRIC_REPRESENTATION_CONTEXT(2) 
PARAMETRIC_REPRESENTATION_CONTEXT() REPRESENTATION_CONTEXT('2D SPACE',''
  ) );
#693 = PCURVE('',#694,#699);
#694 = CYLINDRICAL_SURFACE('',#695,21.);
#695 = AXIS2_PLACEMENT_3D('',#696,#697,#698);
#696 = CARTESIAN_POINT('',(0.,0.,0.));
#697 = DIRECTION('',(0.,0.,1.));
#698 = DIRECTION('',(1.,0.,-0.));
#699 = DEFINITIONAL_REPRESENTATION('',(#700),#733);
#700 = B_SPLINE_CURVE_WITH_KNOTS('',7,(#701,#702,#703,#704,#705,#706,
    #707,#708,#709,#710,#711,#712,#713,#714,#715,#716,#717,#718,#719,
    #720,#721,#722,#723,#724,#725,#726,#727,#728,#729,#730,#731,#732),
  .UNSPECIFIED.,.F.,.F.,(8,6,6,6,6,8),(0.,0.277177654246,0.565585587868,
    0.73887043083,0.888449261975,1.),.UNSPECIFIED.);
#701 = CARTESIAN_POINT('',(0.,2.8));
#702 = CARTESIAN_POINT('',(1.393307957264E-02,2.8));
#703 = CARTESIAN_POINT('',(2.748665175634E-02,2.845399638728));
#704 = CARTESIAN_POINT('',(4.027518286843E-02,2.93175050348));
#705 = CARTESIAN_POINT('',(5.197953733672E-02,3.053050118569));
#706 = CARTESIAN_POINT('',(6.23548341466E-02,3.201814532203));
#707 = CARTESIAN_POINT('',(7.125581938226E-02,3.369194017501));
#708 = CARTESIAN_POINT('',(8.637267929553E-02,3.728161439792));
#709 = CARTESIAN_POINT('',(9.267555236111E-02,3.92545201744));
#710 = CARTESIAN_POINT('',(9.7633121722E-02,4.132257523561));
#711 = CARTESIAN_POINT('',(0.101304812586,4.345309402509));
#712 = CARTESIAN_POINT('',(0.103736855618,4.562202575335));
#713 = CARTESIAN_POINT('',(0.104954485373,4.78101658702));
#714 = CARTESIAN_POINT('',(0.104954485373,5.131572338711));
#715 = CARTESIAN_POINT('',(0.104514912702,5.263130128764));
#716 = CARTESIAN_POINT('',(0.103635946004,5.394260004127));
#717 = CARTESIAN_POINT('',(0.102314607121,5.524540598241));
#718 = CARTESIAN_POINT('',(0.100545084536,5.653512952085));
#719 = CARTESIAN_POINT('',(9.831905681144E-02,5.780650922235));
#720 = CARTESIAN_POINT('',(9.330139326214E-02,6.012955476122));
#721 = CARTESIAN_POINT('',(9.062842547452E-02,6.118765135223));
#722 = CARTESIAN_POINT('',(8.760021789454E-02,6.222356346267));
#723 = CARTESIAN_POINT('',(8.42088520259E-02,6.323258393652));
#724 = CARTESIAN_POINT('',(8.044609080933E-02,6.420915305047));
#725 = CARTESIAN_POINT('',(7.630408378012E-02,6.514667090296));
#726 = CARTESIAN_POINT('',(6.839923723627E-02,6.670151760515));
#727 = CARTESIAN_POINT('',(6.480541750701E-02,6.734010737747));
#728 = CARTESIAN_POINT('',(6.099520432183E-02,6.794898599734));
#729 = CARTESIAN_POINT('',(5.69707464852E-02,6.852390541579));
#730 = CARTESIAN_POINT('',(5.27357801655E-02,6.906045798719));
#731 = CARTESIAN_POINT('',(4.829565873842E-02,6.955407179875));
#732 = CARTESIAN_POINT('',(4.365738263026E-02,7.0000006));
#733 = ( GEOMETRIC_REPRESENTATION_CONTEXT(2) 
PARAMETRIC_REPRESENTATION_CONTEXT() REPRESENTATION_CONTEXT('2D SPACE',''
  ) );
#734 = ORIENTED_EDGE('',*,*,#735,.F.);
#735 = EDGE_CURVE('',#736,#619,#738,.T.);
#736 = VERTEX_POINT('',#737);
#737 = CARTESIAN_POINT('',(9.36,-1.415691699814E-15,2.8));
#738 = SEAM_CURVE('',#739,(#743,#750),.PCURVE_S1.);
#739 = LINE('',#740,#741);
#740 = CARTESIAN_POINT('',(-26.,-5.388445916248E-16,2.8));
#741 = VECTOR('',#742,1.);
#742 = DIRECTION('',(1.,0.,2.22044604925E-16));
#743 = PCURVE('',#70,#744);
#744 = DEFINITIONAL_REPRESENTATION('',(#745),#749);
#745 = LINE('',#746,#747);
#746 = CARTESIAN_POINT('',(6.28318530718,-0.));
#747 = VECTOR('',#748,1.);
#748 = DIRECTION('',(0.,1.));
#749 = ( GEOMETRIC_REPRESENTATION_CONTEXT(2) 
PARAMETRIC_REPRESENTATION_CONTEXT() REPRESENTATION_CONTEXT('2D SPACE',''
  ) );
#750 = PCURVE('',#70,#751);
#751 = DEFINITIONAL_REPRESENTATION('',(#752),#756);
#752 = LINE('',#753,#754);
#753 = CARTESIAN_POINT('',(0.,-0.));
#754 = VECTOR('',#755,1.);
#755 = DIRECTION('',(0.,1.));
#756 = ( GEOMETRIC_REPRESENTATION_CONTEXT(2) 
PARAMETRIC_REPRESENTATION_CONTEXT() REPRESENTATION_CONTEXT('2D SPACE',''
  ) );
#757 = ORIENTED_EDGE('',*,*,#758,.T.);
#758 = EDGE_CURVE('',#736,#759,#761,.T.);
#759 = VERTEX_POINT('',#760);
#760 = CARTESIAN_POINT('',(9.36,-2.292538808004E-15,7.2));
#761 = SURFACE_CURVE('',#762,(#789,#819),.PCURVE_S1.);
#762 = B_SPLINE_CURVE_WITH_KNOTS('',7,(#763,#764,#765,#766,#767,#768,
    #769,#770,#771,#772,#773,#774,#775,#776,#777,#778,#779,#780,#781,
    #782,#783,#784,#785,#786,#787,#788),.UNSPECIFIED.,.F.,.F.,(8,6,6,6,8
    ),(0.,0.235364949125,0.500005654451,0.76466913189,1.),
  .UNSPECIFIED.);
#763 = CARTESIAN_POINT('',(9.36,-2.694222958124E-16,2.8));
#764 = CARTESIAN_POINT('',(9.36,0.281305589124,2.8));
#765 = CARTESIAN_POINT('',(9.350136191118,0.554967069215,2.841963894691)
  );
#766 = CARTESIAN_POINT('',(9.331376298094,0.813803349559,2.921790028273)
  );
#767 = CARTESIAN_POINT('',(9.306080998345,1.051826329817,3.034143541596)
  );
#768 = CARTESIAN_POINT('',(9.277463887899,1.264379925389,3.172427961879)
  );
#769 = CARTESIAN_POINT('',(9.248571814246,1.448559873599,3.328755921548)
  );
#770 = CARTESIAN_POINT('',(9.191243405487,1.77820297067,3.679790165838)
  );
#771 = CARTESIAN_POINT('',(9.162429979319,1.921067894722,3.882247497715)
  );
#772 = CARTESIAN_POINT('',(9.13746218524,2.033571661253,4.095959722027)
  );
#773 = CARTESIAN_POINT('',(9.117853506884,2.116989309717,4.317182056036)
  );
#774 = CARTESIAN_POINT('',(9.104480034751,2.172292636269,4.543103434033)
  );
#775 = CARTESIAN_POINT('',(9.097779948977,2.2,4.771418919329));
#776 = CARTESIAN_POINT('',(9.097779948977,2.2,5.228600749884));
#777 = CARTESIAN_POINT('',(9.104481166471,2.172287931697,5.456915176119)
  );
#778 = CARTESIAN_POINT('',(9.117854827485,2.11698392375,5.682826080668)
  );
#779 = CARTESIAN_POINT('',(9.137462239725,2.033570520069,5.904038063404)
  );
#780 = CARTESIAN_POINT('',(9.16242914292,1.92107167682,6.117746144052));
#781 = CARTESIAN_POINT('',(9.191242721095,1.778206905981,6.320205643481)
  );
#782 = CARTESIAN_POINT('',(9.248566193633,1.448592192589,6.671209662223)
  );
#783 = CARTESIAN_POINT('',(9.277459331155,1.264413646191,6.827552753196)
  );
#784 = CARTESIAN_POINT('',(9.306082327335,1.051830637395,6.965866980412)
  );
#785 = CARTESIAN_POINT('',(9.33138290743,0.813761474567,7.078238164368)
  );
#786 = CARTESIAN_POINT('',(9.350141302277,0.554888271508,7.158057812946)
  );
#787 = CARTESIAN_POINT('',(9.36,0.281232835527,7.2));
#788 = CARTESIAN_POINT('',(9.36,4.041334437186E-16,7.2));
#789 = PCURVE('',#70,#790);
#790 = DEFINITIONAL_REPRESENTATION('',(#791),#818);
#791 = B_SPLINE_CURVE_WITH_KNOTS('',7,(#792,#793,#794,#795,#796,#797,
    #798,#799,#800,#801,#802,#803,#804,#805,#806,#807,#808,#809,#810,
    #811,#812,#813,#814,#815,#816,#817),.UNSPECIFIED.,.F.,.F.,(8,6,6,6,8
    ),(0.,0.235364949125,0.500005654451,0.76466913189,1.),
  .UNSPECIFIED.);
#792 = CARTESIAN_POINT('',(0.,35.36));
#793 = CARTESIAN_POINT('',(0.127866176874,35.36));
#794 = CARTESIAN_POINT('',(0.25225766785,35.350136191118));
#795 = CARTESIAN_POINT('',(0.373325451719,35.331376298094));
#796 = CARTESIAN_POINT('',(0.490926549356,35.306080998345));
#797 = CARTESIAN_POINT('',(0.604670825264,35.277463887899));
#798 = CARTESIAN_POINT('',(0.713779075061,35.248571814246));
#799 = CARTESIAN_POINT('',(0.932665065664,35.191243405487));
#800 = CARTESIAN_POINT('',(1.044202879618,35.162429979319));
#801 = CARTESIAN_POINT('',(1.152561207148,35.13746218524));
#802 = CARTESIAN_POINT('',(1.258591751462,35.117853506884));
#803 = CARTESIAN_POINT('',(1.363116273291,35.104480034751));
#804 = CARTESIAN_POINT('',(1.466895835581,35.097779948977));
#805 = CARTESIAN_POINT('',(1.67470575856,35.097779948977));
#806 = CARTESIAN_POINT('',(1.778484817717,35.104481166471));
#807 = CARTESIAN_POINT('',(1.883005102805,35.117854827485));
#808 = CARTESIAN_POINT('',(1.989030856211,35.137462239725));
#809 = CARTESIAN_POINT('',(2.097386499914,35.16242914292));
#810 = CARTESIAN_POINT('',(2.208924974843,35.191242721095));
#811 = CARTESIAN_POINT('',(2.427792118428,35.248566193633));
#812 = CARTESIAN_POINT('',(2.536904949731,35.277459331155));
#813 = CARTESIAN_POINT('',(2.65066711221,35.306082327335));
#814 = CARTESIAN_POINT('',(2.768288850038,35.33138290743));
#815 = CARTESIAN_POINT('',(2.889370809776,35.350141302277));
#816 = CARTESIAN_POINT('',(3.013759546532,35.36));
#817 = CARTESIAN_POINT('',(3.14159265359,35.36));
#818 = ( GEOMETRIC_REPRESENTATION_CONTEXT(2) 
PARAMETRIC_REPRESENTATION_CONTEXT() REPRESENTATION_CONTEXT('2D SPACE',''
  ) );
#819 = PCURVE('',#820,#825);
#820 = CYLINDRICAL_SURFACE('',#821,9.36);
#821 = AXIS2_PLACEMENT_3D('',#822,#823,#824);
#822 = CARTESIAN_POINT('',(0.,0.,0.));
#823 = DIRECTION('',(0.,0.,1.));
#824 = DIRECTION('',(1.,0.,-0.));
#825 = DEFINITIONAL_REPRESENTATION('',(#826),#853);
#826 = B_SPLINE_CURVE_WITH_KNOTS('',7,(#827,#828,#829,#830,#831,#832,
    #833,#834,#835,#836,#837,#838,#839,#840,#841,#842,#843,#844,#845,
    #846,#847,#848,#849,#850,#851,#852),.UNSPECIFIED.,.F.,.F.,(8,6,6,6,8
    ),(0.,0.235364949125,0.500005654451,0.76466913189,1.),
  .UNSPECIFIED.);
#827 = CARTESIAN_POINT('',(0.,2.8));
#828 = CARTESIAN_POINT('',(3.005401593202E-02,2.8));
#829 = CARTESIAN_POINT('',(5.929139046119E-02,2.841963894691));
#830 = CARTESIAN_POINT('',(8.698897587704E-02,2.921790028273));
#831 = CARTESIAN_POINT('',(0.112541533746,3.034143541596));
#832 = CARTESIAN_POINT('',(0.135446228921,3.172427961879));
#833 = CARTESIAN_POINT('',(0.155361440122,3.328755921548));
#834 = CARTESIAN_POINT('',(0.191108338736,3.679790165838));
#835 = CARTESIAN_POINT('',(0.206673416677,3.882247497715));
#836 = CARTESIAN_POINT('',(0.218983409244,4.095959722027));
#837 = CARTESIAN_POINT('',(0.228138242319,4.317182056036));
#838 = CARTESIAN_POINT('',(0.234217028905,4.543103434033));
#839 = CARTESIAN_POINT('',(0.237262534631,4.771418919329));
#840 = CARTESIAN_POINT('',(0.237262534631,5.228600749884));
#841 = CARTESIAN_POINT('',(0.234216512024,5.456915176119));
#842 = CARTESIAN_POINT('',(0.228137649706,5.682826080669));
#843 = CARTESIAN_POINT('',(0.218983289485,5.904038063403));
#844 = CARTESIAN_POINT('',(0.206673829924,6.117746144052));
#845 = CARTESIAN_POINT('',(0.191108765486,6.320205643481));
#846 = CARTESIAN_POINT('',(0.155364944832,6.671209662223));
#847 = CARTESIAN_POINT('',(0.135449862772,6.827552753196));
#848 = CARTESIAN_POINT('',(0.11254196368,6.965866980412));
#849 = CARTESIAN_POINT('',(8.698446595397E-02,7.078238164368));
#850 = CARTESIAN_POINT('',(5.928297187459E-02,7.158057812946));
#851 = CARTESIAN_POINT('',(3.004624311189E-02,7.2));
#852 = CARTESIAN_POINT('',(0.,7.2));
#853 = ( GEOMETRIC_REPRESENTATION_CONTEXT(2) 
PARAMETRIC_REPRESENTATION_CONTEXT() REPRESENTATION_CONTEXT('2D SPACE',''
  ) );
#854 = ORIENTED_EDGE('',*,*,#855,.T.);
#855 = EDGE_CURVE('',#759,#736,#856,.T.);
#856 = SURFACE_CURVE('',#857,(#884,#914),.PCURVE_S1.);
#857 = B_SPLINE_CURVE_WITH_KNOTS('',7,(#858,#859,#860,#861,#862,#863,
    #864,#865,#866,#867,#868,#869,#870,#871,#872,#873,#874,#875,#876,
    #877,#878,#879,#880,#881,#882,#883),.UNSPECIFIED.,.F.,.F.,(8,6,6,6,8
    ),(0.,0.235388640107,0.500050827965,0.764713403956,1.),
  .UNSPECIFIED.);
#858 = CARTESIAN_POINT('',(9.36,-8.881784197001E-16,7.2));
#859 = CARTESIAN_POINT('',(9.36,-0.281305589124,7.2));
#860 = CARTESIAN_POINT('',(9.350136191118,-0.554967069215,7.15803610531)
  );
#861 = CARTESIAN_POINT('',(9.331376298094,-0.813803349559,7.078209971726
    ));
#862 = CARTESIAN_POINT('',(9.306080998345,-1.051826329817,6.965856458404
    ));
#863 = CARTESIAN_POINT('',(9.277463887899,-1.264379925388,6.827572038121
    ));
#864 = CARTESIAN_POINT('',(9.248571814246,-1.448559873599,6.671244078452
    ));
#865 = CARTESIAN_POINT('',(9.191243996505,-1.77819957227,6.32021345309)
  );
#866 = CARTESIAN_POINT('',(9.162429471411,-1.921071688698,6.117750367875
    ));
#867 = CARTESIAN_POINT('',(9.137461234405,-2.033574627301,5.904033066717
    ));
#868 = CARTESIAN_POINT('',(9.117854173418,-2.116986644984,5.682816713954
    ));
#869 = CARTESIAN_POINT('',(9.10448115384,-2.172287983592,5.456908970859)
  );
#870 = CARTESIAN_POINT('',(9.097779948977,-2.2,5.228600414636));
#871 = CARTESIAN_POINT('',(9.097779948977,-2.2,4.771399250115));
#872 = CARTESIAN_POINT('',(9.104481166471,-2.172287931697,4.543084823882
    ));
#873 = CARTESIAN_POINT('',(9.117854827485,-2.11698392375,4.31717391933)
  );
#874 = CARTESIAN_POINT('',(9.137462239725,-2.033570520069,4.095961936598
    ));
#875 = CARTESIAN_POINT('',(9.16242914292,-1.921071676819,3.882253855947)
  );
#876 = CARTESIAN_POINT('',(9.191242721095,-1.778206905981,3.679794356519
    ));
#877 = CARTESIAN_POINT('',(9.248561209797,-1.44862085006,3.328820854884)
  );
#878 = CARTESIAN_POINT('',(9.277456899612,-1.264434262394,3.172454501283
    ));
#879 = CARTESIAN_POINT('',(9.306085815036,-1.051817497319,3.034114057688
    ));
#880 = CARTESIAN_POINT('',(9.331389357397,-0.813710260836,2.921734573715
    ));
#881 = CARTESIAN_POINT('',(9.350145280552,-0.55481700981,2.841925201985)
  );
#882 = CARTESIAN_POINT('',(9.36,-0.281175897345,2.8));
#883 = CARTESIAN_POINT('',(9.36,-1.33226762955E-15,2.8));
#884 = PCURVE('',#70,#885);
#885 = DEFINITIONAL_REPRESENTATION('',(#886),#913);
#886 = B_SPLINE_CURVE_WITH_KNOTS('',7,(#887,#888,#889,#890,#891,#892,
    #893,#894,#895,#896,#897,#898,#899,#900,#901,#902,#903,#904,#905,
    #906,#907,#908,#909,#910,#911,#912),.UNSPECIFIED.,.F.,.F.,(8,6,6,6,8
    ),(0.,0.235388640107,0.500050827965,0.764713403956,1.),
  .UNSPECIFIED.);
#887 = CARTESIAN_POINT('',(3.14159265359,35.36));
#888 = CARTESIAN_POINT('',(3.269458830464,35.36));
#889 = CARTESIAN_POINT('',(3.393850321439,35.350136191118));
#890 = CARTESIAN_POINT('',(3.514918105309,35.331376298094));
#891 = CARTESIAN_POINT('',(3.632519202946,35.306080998345));
#892 = CARTESIAN_POINT('',(3.746263478854,35.277463887899));
#893 = CARTESIAN_POINT('',(3.855371728651,35.248571814246));
#894 = CARTESIAN_POINT('',(4.074255462686,35.191243996505));
#895 = CARTESIAN_POINT('',(4.185797406327,35.162429471411));
#896 = CARTESIAN_POINT('',(4.294157089882,35.137461234405));
#897 = CARTESIAN_POINT('',(4.400184510538,35.117854173418));
#898 = CARTESIAN_POINT('',(4.504703295494,35.10448115384));
#899 = CARTESIAN_POINT('',(4.608479701005,35.097779948977));
#900 = CARTESIAN_POINT('',(4.81629841215,35.097779948977));
#901 = CARTESIAN_POINT('',(4.920077471307,35.104481166471));
#902 = CARTESIAN_POINT('',(5.024597756395,35.117854827485));
#903 = CARTESIAN_POINT('',(5.130623509801,35.137462239725));
#904 = CARTESIAN_POINT('',(5.238979153504,35.16242914292));
#905 = CARTESIAN_POINT('',(5.350517628433,35.191242721095));
#906 = CARTESIAN_POINT('',(5.569365743198,35.248561209797));
#907 = CARTESIAN_POINT('',(5.678488793497,35.277456899612));
#908 = CARTESIAN_POINT('',(5.792269109618,35.306085815036));
#909 = CARTESIAN_POINT('',(5.909906826951,35.331389357397));
#910 = CARTESIAN_POINT('',(6.030995861074,35.350145280552));
#911 = CARTESIAN_POINT('',(6.155378081114,35.36));
#912 = CARTESIAN_POINT('',(6.28318530718,35.36));
#913 = ( GEOMETRIC_REPRESENTATION_CONTEXT(2) 
PARAMETRIC_REPRESENTATION_CONTEXT() REPRESENTATION_CONTEXT('2D SPACE',''
  ) );
#914 = PCURVE('',#820,#915);
#915 = DEFINITIONAL_REPRESENTATION('',(#916),#943);
#916 = B_SPLINE_CURVE_WITH_KNOTS('',7,(#917,#918,#919,#920,#921,#922,
    #923,#924,#925,#926,#927,#928,#929,#930,#931,#932,#933,#934,#935,
    #936,#937,#938,#939,#940,#941,#942),.UNSPECIFIED.,.F.,.F.,(8,6,6,6,8
    ),(0.,0.235388640107,0.500050827965,0.764713403956,1.),
  .UNSPECIFIED.);
#917 = CARTESIAN_POINT('',(6.28318530718,7.2));
#918 = CARTESIAN_POINT('',(6.253131291248,7.2));
#919 = CARTESIAN_POINT('',(6.223893916718,7.15803610531));
#920 = CARTESIAN_POINT('',(6.196196331303,7.078209971726));
#921 = CARTESIAN_POINT('',(6.170643773434,6.965856458404));
#922 = CARTESIAN_POINT('',(6.147739078259,6.827572038121));
#923 = CARTESIAN_POINT('',(6.127823867058,6.671244078452));
#924 = CARTESIAN_POINT('',(6.09207733697,6.32021345309));
#925 = CARTESIAN_POINT('',(6.076511482197,6.117750367875));
#926 = CARTESIAN_POINT('',(6.064201567444,5.904033066717));
#927 = CARTESIAN_POINT('',(6.055047357673,5.682816713954));
#928 = CARTESIAN_POINT('',(6.048968789672,5.456908970859));
#929 = CARTESIAN_POINT('',(6.045922772549,5.228600414636));
#930 = CARTESIAN_POINT('',(6.045922772549,4.771399250115));
#931 = CARTESIAN_POINT('',(6.048968795155,4.543084823882));
#932 = CARTESIAN_POINT('',(6.055047657474,4.31717391933));
#933 = CARTESIAN_POINT('',(6.064202017695,4.095961936598));
#934 = CARTESIAN_POINT('',(6.076511477256,3.882253855947));
#935 = CARTESIAN_POINT('',(6.092076541693,3.679794356519));
#936 = CARTESIAN_POINT('',(6.127817254696,3.328820854884));
#937 = CARTESIAN_POINT('',(6.147733229952,3.172454501283));
#938 = CARTESIAN_POINT('',(6.170644786414,3.034114057688));
#939 = CARTESIAN_POINT('',(6.196206342295,2.921734573715));
#940 = CARTESIAN_POINT('',(6.223909947803,2.841925201985));
#941 = CARTESIAN_POINT('',(6.253145147207,2.8));
#942 = CARTESIAN_POINT('',(6.28318530718,2.8));
#943 = ( GEOMETRIC_REPRESENTATION_CONTEXT(2) 
PARAMETRIC_REPRESENTATION_CONTEXT() REPRESENTATION_CONTEXT('2D SPACE',''
  ) );
#944 = ORIENTED_EDGE('',*,*,#735,.T.);
#945 = ORIENTED_EDGE('',*,*,#946,.F.);
#946 = EDGE_CURVE('',#947,#619,#949,.T.);
#947 = VERTEX_POINT('',#948);
#948 = CARTESIAN_POINT('',(20.979990467109,-0.916515138991,7.));
#949 = SURFACE_CURVE('',#950,(#983,#1019),.PCURVE_S1.);
#950 = B_SPLINE_CURVE_WITH_KNOTS('',7,(#951,#952,#953,#954,#955,#956,
    #957,#958,#959,#960,#961,#962,#963,#964,#965,#966,#967,#968,#969,
    #970,#971,#972,#973,#974,#975,#976,#977,#978,#979,#980,#981,#982),
  .UNSPECIFIED.,.F.,.F.,(8,6,6,6,6,8),(0.,0.111560897453,0.261151671675,
    0.434450366718,0.722897168243,1.),.UNSPECIFIED.);
#951 = CARTESIAN_POINT('',(20.979990524287,-0.916513830129,
    7.000000599898));
#952 = CARTESIAN_POINT('',(20.975739396529,-1.013826731641,
    6.955406303229));
#953 = CARTESIAN_POINT('',(20.971143292307,-1.106957669695,
    6.906044556453));
#954 = CARTESIAN_POINT('',(20.966289994526,-1.195760580304,6.85238951092
    ));
#955 = CARTESIAN_POINT('',(20.961264803477,-1.280125221243,
    6.794898222359));
#956 = CARTESIAN_POINT('',(20.956148424329,-1.359976181703,
    6.734011125108));
#957 = CARTESIAN_POINT('',(20.95101485462,-1.435271891962,6.670152506348
    ));
#958 = CARTESIAN_POINT('',(20.939110069901,-1.600847042804,
    6.514667090297));
#959 = CARTESIAN_POINT('',(20.932371080782,-1.687569169565,
    6.420915305047));
#960 = CARTESIAN_POINT('',(20.925856459288,-1.766319600177,
    6.323258393652));
#961 = CARTESIAN_POINT('',(20.919683579873,-1.837271173359,
    6.222356346267));
#962 = CARTESIAN_POINT('',(20.913946379186,-1.900604612792,
    6.118765135223));
#963 = CARTESIAN_POINT('',(20.908718698694,-1.956493160229,
    6.012955476122));
#964 = CARTESIAN_POINT('',(20.898657845189,-2.061382693483,
    5.780650910576));
#965 = CARTESIAN_POINT('',(20.894017779754,-2.107898713173,
    5.653512964172));
#966 = CARTESIAN_POINT('',(20.890226131897,-2.144864946384,
    5.524540607665));
#967 = CARTESIAN_POINT('',(20.887344585561,-2.172463048328,
    5.394259994328));
#968 = CARTESIAN_POINT('',(20.885411228251,-2.190819757091,
    5.263130116761));
#969 = CARTESIAN_POINT('',(20.884443971531,-2.2,5.131572350897));
#970 = CARTESIAN_POINT('',(20.884443971531,-2.2,4.78100456108));
#971 = CARTESIAN_POINT('',(20.887123023928,-2.174567729632,
    4.562192913122));
#972 = CARTESIAN_POINT('',(20.892473603914,-2.123776171888,
    4.345306605696));
#973 = CARTESIAN_POINT('',(20.900355641356,-2.04707694933,4.13225944262)
  );
#974 = CARTESIAN_POINT('',(20.910485266539,-1.943460797672,
    3.925454075746));
#975 = CARTESIAN_POINT('',(20.922338024159,-1.811622575362,
    3.728161558364));
#976 = CARTESIAN_POINT('',(20.947279605859,-1.495212776785,
    3.369265090756));
#977 = CARTESIAN_POINT('',(20.960629335608,-1.308759960906,3.20184491732
    ));
#978 = CARTESIAN_POINT('',(20.974102349709,-1.09121427928,3.05301910814)
  );
#979 = CARTESIAN_POINT('',(20.986204402692,-0.845590851682,
    2.931690097985));
#980 = CARTESIAN_POINT('',(20.995248182532,-0.577062069001,
    2.845357184282));
#981 = CARTESIAN_POINT('',(21.,-0.292457851013,2.8));
#982 = CARTESIAN_POINT('',(21.,-2.6645352591E-15,2.8));
#983 = PCURVE('',#70,#984);
#984 = DEFINITIONAL_REPRESENTATION('',(#985),#1018);
#985 = B_SPLINE_CURVE_WITH_KNOTS('',7,(#986,#987,#988,#989,#990,#991,
    #992,#993,#994,#995,#996,#997,#998,#999,#1000,#1001,#1002,#1003,
    #1004,#1005,#1006,#1007,#1008,#1009,#1010,#1011,#1012,#1013,#1014,
    #1015,#1016,#1017),.UNSPECIFIED.,.F.,.F.,(8,6,6,6,6,8),(0.,
    0.111560897453,0.261151671675,0.434450366718,0.722897168243,1.),
  .UNSPECIFIED.);
#986 = CARTESIAN_POINT('',(3.57129166531,46.979990524287));
#987 = CARTESIAN_POINT('',(3.619948101474,46.975739396529));
#988 = CARTESIAN_POINT('',(3.66777933158,46.971143292307));
#989 = CARTESIAN_POINT('',(3.714822943141,46.966289994526));
#990 = CARTESIAN_POINT('',(3.761106847127,46.961264803477));
#991 = CARTESIAN_POINT('',(3.806651212024,46.956148424329));
#992 = CARTESIAN_POINT('',(3.851470397897,46.95101485462));
#993 = CARTESIAN_POINT('',(3.954714116995,46.939110069901));
#994 = CARTESIAN_POINT('',(4.01262142945,46.932371080782));
#995 = CARTESIAN_POINT('',(4.06943908273,46.925856459288));
#996 = CARTESIAN_POINT('',(4.125295671945,46.919683579873));
#997 = CARTESIAN_POINT('',(4.180310602061,46.913946379186));
#998 = CARTESIAN_POINT('',(4.23459855757,46.908718698694));
#999 = CARTESIAN_POINT('',(4.350456144487,46.898657845189));
#1000 = CARTESIAN_POINT('',(4.411827294331,46.894017779754));
#1001 = CARTESIAN_POINT('',(4.472563961687,46.890226131897));
#1002 = CARTESIAN_POINT('',(4.532830444678,46.887344585561));
#1003 = CARTESIAN_POINT('',(4.592784553828,46.885411228251));
#1004 = CARTESIAN_POINT('',(4.652583366341,46.884443971531));
#1005 = CARTESIAN_POINT('',(4.811932361712,46.884443971531));
#1006 = CARTESIAN_POINT('',(4.911392024437,46.887123023928));
#1007 = CARTESIAN_POINT('',(5.01158858532,46.892473603914));
#1008 = CARTESIAN_POINT('',(5.113247644786,46.900355641356));
#1009 = CARTESIAN_POINT('',(5.217134759384,46.910485266539));
#1010 = CARTESIAN_POINT('',(5.324033740382,46.922338024159));
#1011 = CARTESIAN_POINT('',(5.541514543704,46.947279605859));
#1012 = CARTESIAN_POINT('',(5.654645165369,46.960629335608));
#1013 = CARTESIAN_POINT('',(5.772757782068,46.974102349709));
#1014 = CARTESIAN_POINT('',(5.894988501628,46.986204402692));
#1015 = CARTESIAN_POINT('',(6.020884473931,46.995248182532));
#1016 = CARTESIAN_POINT('',(6.150249920355,47.));
#1017 = CARTESIAN_POINT('',(6.28318530718,47.));
#1018 = ( GEOMETRIC_REPRESENTATION_CONTEXT(2) 
PARAMETRIC_REPRESENTATION_CONTEXT() REPRESENTATION_CONTEXT('2D SPACE',''
  ) );
#1019 = PCURVE('',#694,#1020);
#1020 = DEFINITIONAL_REPRESENTATION('',(#1021),#1054);
#1021 = B_SPLINE_CURVE_WITH_KNOTS('',7,(#1022,#1023,#1024,#1025,#1026,
    #1027,#1028,#1029,#1030,#1031,#1032,#1033,#1034,#1035,#1036,#1037,
    #1038,#1039,#1040,#1041,#1042,#1043,#1044,#1045,#1046,#1047,#1048,
    #1049,#1050,#1051,#1052,#1053),.UNSPECIFIED.,.F.,.F.,(8,6,6,6,6,8),(
    0.,0.111560897453,0.261151671675,0.434450366718,0.722897168243,1.),
  .UNSPECIFIED.);
#1022 = CARTESIAN_POINT('',(6.239527924525,7.0000006));
#1023 = CARTESIAN_POINT('',(6.234889557249,6.955406303331));
#1024 = CARTESIAN_POINT('',(6.230449424648,6.906044556386));
#1025 = CARTESIAN_POINT('',(6.226214493908,6.852389510831));
#1026 = CARTESIAN_POINT('',(6.222190088176,6.794898222368));
#1027 = CARTESIAN_POINT('',(6.218379917184,6.734011125176));
#1028 = CARTESIAN_POINT('',(6.214786107861,6.670152506348));
#1029 = CARTESIAN_POINT('',(6.206881223399,6.514667090297));
#1030 = CARTESIAN_POINT('',(6.20273921637,6.420915305047));
#1031 = CARTESIAN_POINT('',(6.198976455154,6.323258393652));
#1032 = CARTESIAN_POINT('',(6.195585089285,6.222356346267));
#1033 = CARTESIAN_POINT('',(6.192556881705,6.118765135223));
#1034 = CARTESIAN_POINT('',(6.189883913917,6.012955476122));
#1035 = CARTESIAN_POINT('',(6.184866250116,5.780650910576));
#1036 = CARTESIAN_POINT('',(6.182640222751,5.653512964172));
#1037 = CARTESIAN_POINT('',(6.180870700251,5.524540607665));
#1038 = CARTESIAN_POINT('',(6.179549361166,5.394259994328));
#1039 = CARTESIAN_POINT('',(6.178670394332,5.263130116761));
#1040 = CARTESIAN_POINT('',(6.178230821807,5.131572350897));
#1041 = CARTESIAN_POINT('',(6.178230821807,4.78100456108));
#1042 = CARTESIAN_POINT('',(6.179448582889,4.562192913122));
#1043 = CARTESIAN_POINT('',(6.18188061309,4.345306605696));
#1044 = CARTESIAN_POINT('',(6.185552175859,4.13225944262));
#1045 = CARTESIAN_POINT('',(6.190509672821,3.925454075746));
#1046 = CARTESIAN_POINT('',(6.196812622891,3.728161558364));
#1047 = CARTESIAN_POINT('',(6.211926494756,3.369265090756));
#1048 = CARTESIAN_POINT('',(6.220827694525,3.20184491732));
#1049 = CARTESIAN_POINT('',(6.231206079538,3.05301910814));
#1050 = CARTESIAN_POINT('',(6.242914687822,2.931690097985));
#1051 = CARTESIAN_POINT('',(6.255706156,2.845357184282));
#1052 = CARTESIAN_POINT('',(6.269258742846,2.8));
#1053 = CARTESIAN_POINT('',(6.28318530718,2.8));
#1054 = ( GEOMETRIC_REPRESENTATION_CONTEXT(2) 
PARAMETRIC_REPRESENTATION_CONTEXT() REPRESENTATION_CONTEXT('2D SPACE',''
  ) );
#1055 = ORIENTED_EDGE('',*,*,#1056,.F.);
#1056 = EDGE_CURVE('',#216,#947,#1057,.T.);
#1057 = SURFACE_CURVE('',#1058,(#1062,#1068),.PCURVE_S1.);
#1058 = LINE('',#1059,#1060);
#1059 = CARTESIAN_POINT('',(-26.,-0.916515138991,7.));
#1060 = VECTOR('',#1061,1.);
#1061 = DIRECTION('',(1.,0.,2.22044604925E-16));
#1062 = PCURVE('',#70,#1063);
#1063 = DEFINITIONAL_REPRESENTATION('',(#1064),#1067);
#1064 = B_SPLINE_CURVE_WITH_KNOTS('',1,(#1065,#1066),.UNSPECIFIED.,.F.,
  .F.,(2,2),(0.8,51.2),.PIECEWISE_BEZIER_KNOTS.);
#1065 = CARTESIAN_POINT('',(3.571292319741,0.8));
#1066 = CARTESIAN_POINT('',(3.571292319741,51.2));
#1067 = ( GEOMETRIC_REPRESENTATION_CONTEXT(2) 
PARAMETRIC_REPRESENTATION_CONTEXT() REPRESENTATION_CONTEXT('2D SPACE',''
  ) );
#1068 = PCURVE('',#232,#1069);
#1069 = DEFINITIONAL_REPRESENTATION('',(#1070),#1073);
#1070 = B_SPLINE_CURVE_WITH_KNOTS('',1,(#1071,#1072),.UNSPECIFIED.,.F.,
  .F.,(2,2),(0.8,51.2),.PIECEWISE_BEZIER_KNOTS.);
#1071 = CARTESIAN_POINT('',(-25.2,-0.916515138991));
#1072 = CARTESIAN_POINT('',(25.2,-0.916515138991));
#1073 = ( GEOMETRIC_REPRESENTATION_CONTEXT(2) 
PARAMETRIC_REPRESENTATION_CONTEXT() REPRESENTATION_CONTEXT('2D SPACE',''
  ) );
#1074 = ORIENTED_EDGE('',*,*,#244,.F.);
#1075 = ORIENTED_EDGE('',*,*,#39,.F.);
#1076 = ORIENTED_EDGE('',*,*,#1077,.T.);
#1077 = EDGE_CURVE('',#40,#621,#1078,.T.);
#1078 = SURFACE_CURVE('',#1079,(#1083,#1089),.PCURVE_S1.);
#1079 = LINE('',#1080,#1081);
#1080 = CARTESIAN_POINT('',(-26.,0.916515138991,7.));
#1081 = VECTOR('',#1082,1.);
#1082 = DIRECTION('',(1.,0.,2.22044604925E-16));
#1083 = PCURVE('',#70,#1084);
#1084 = DEFINITIONAL_REPRESENTATION('',(#1085),#1088);
#1085 = B_SPLINE_CURVE_WITH_KNOTS('',1,(#1086,#1087),.UNSPECIFIED.,.F.,
  .F.,(2,2),(0.8,51.2),.PIECEWISE_BEZIER_KNOTS.);
#1086 = CARTESIAN_POINT('',(2.711892987438,0.8));
#1087 = CARTESIAN_POINT('',(2.711892987438,51.2));
#1088 = ( GEOMETRIC_REPRESENTATION_CONTEXT(2) 
PARAMETRIC_REPRESENTATION_CONTEXT() REPRESENTATION_CONTEXT('2D SPACE',''
  ) );
#1089 = PCURVE('',#103,#1090);
#1090 = DEFINITIONAL_REPRESENTATION('',(#1091),#1094);
#1091 = B_SPLINE_CURVE_WITH_KNOTS('',1,(#1092,#1093),.UNSPECIFIED.,.F.,
  .F.,(2,2),(0.8,51.2),.PIECEWISE_BEZIER_KNOTS.);
#1092 = CARTESIAN_POINT('',(-25.2,0.916515138991));
#1093 = CARTESIAN_POINT('',(25.2,0.916515138991));
#1094 = ( GEOMETRIC_REPRESENTATION_CONTEXT(2) 
PARAMETRIC_REPRESENTATION_CONTEXT() REPRESENTATION_CONTEXT('2D SPACE',''
  ) );
#1095 = ADVANCED_FACE('',(#1096,#1127),#315,.F.);
#1096 = FACE_BOUND('',#1097,.F.);
#1097 = EDGE_LOOP('',(#1098));
#1098 = ORIENTED_EDGE('',*,*,#1099,.T.);
#1099 = EDGE_CURVE('',#1100,#1100,#1102,.T.);
#1100 = VERTEX_POINT('',#1101);
#1101 = CARTESIAN_POINT('',(16.,-3.918869757272E-15,31.));
#1102 = SURFACE_CURVE('',#1103,(#1108,#1115),.PCURVE_S1.);
#1103 = CIRCLE('',#1104,16.);
#1104 = AXIS2_PLACEMENT_3D('',#1105,#1106,#1107);
#1105 = CARTESIAN_POINT('',(0.,0.,31.));
#1106 = DIRECTION('',(0.,0.,1.));
#1107 = DIRECTION('',(1.,0.,-0.));
#1108 = PCURVE('',#315,#1109);
#1109 = DEFINITIONAL_REPRESENTATION('',(#1110),#1114);
#1110 = CIRCLE('',#1111,16.);
#1111 = AXIS2_PLACEMENT_2D('',#1112,#1113);
#1112 = CARTESIAN_POINT('',(0.,0.));
#1113 = DIRECTION('',(1.,0.));
#1114 = ( GEOMETRIC_REPRESENTATION_CONTEXT(2) 
PARAMETRIC_REPRESENTATION_CONTEXT() REPRESENTATION_CONTEXT('2D SPACE',''
  ) );
#1115 = PCURVE('',#1116,#1121);
#1116 = CYLINDRICAL_SURFACE('',#1117,16.);
#1117 = AXIS2_PLACEMENT_3D('',#1118,#1119,#1120);
#1118 = CARTESIAN_POINT('',(0.,0.,31.));
#1119 = DIRECTION('',(0.,0.,1.));
#1120 = DIRECTION('',(1.,0.,-0.));
#1121 = DEFINITIONAL_REPRESENTATION('',(#1122),#1126);
#1122 = LINE('',#1123,#1124);
#1123 = CARTESIAN_POINT('',(0.,0.));
#1124 = VECTOR('',#1125,1.);
#1125 = DIRECTION('',(1.,0.));
#1126 = ( GEOMETRIC_REPRESENTATION_CONTEXT(2) 
PARAMETRIC_REPRESENTATION_CONTEXT() REPRESENTATION_CONTEXT('2D SPACE',''
  ) );
#1127 = FACE_BOUND('',#1128,.F.);
#1128 = EDGE_LOOP('',(#1129));
#1129 = ORIENTED_EDGE('',*,*,#300,.F.);
#1130 = ADVANCED_FACE('',(#1131),#232,.T.);
#1131 = FACE_BOUND('',#1132,.T.);
#1132 = EDGE_LOOP('',(#1133,#1157,#1158,#1159));
#1133 = ORIENTED_EDGE('',*,*,#1134,.T.);
#1134 = EDGE_CURVE('',#1135,#947,#1137,.T.);
#1135 = VERTEX_POINT('',#1136);
#1136 = CARTESIAN_POINT('',(-20.9799904671,-0.916515138991,7.));
#1137 = SURFACE_CURVE('',#1138,(#1143,#1150),.PCURVE_S1.);
#1138 = CIRCLE('',#1139,21.);
#1139 = AXIS2_PLACEMENT_3D('',#1140,#1141,#1142);
#1140 = CARTESIAN_POINT('',(0.,0.,7.));
#1141 = DIRECTION('',(0.,0.,1.));
#1142 = DIRECTION('',(1.,0.,-0.));
#1143 = PCURVE('',#232,#1144);
#1144 = DEFINITIONAL_REPRESENTATION('',(#1145),#1149);
#1145 = CIRCLE('',#1146,21.);
#1146 = AXIS2_PLACEMENT_2D('',#1147,#1148);
#1147 = CARTESIAN_POINT('',(0.,0.));
#1148 = DIRECTION('',(1.,0.));
#1149 = ( GEOMETRIC_REPRESENTATION_CONTEXT(2) 
PARAMETRIC_REPRESENTATION_CONTEXT() REPRESENTATION_CONTEXT('2D SPACE',''
  ) );
#1150 = PCURVE('',#694,#1151);
#1151 = DEFINITIONAL_REPRESENTATION('',(#1152),#1156);
#1152 = LINE('',#1153,#1154);
#1153 = CARTESIAN_POINT('',(0.,7.));
#1154 = VECTOR('',#1155,1.);
#1155 = DIRECTION('',(1.,0.));
#1156 = ( GEOMETRIC_REPRESENTATION_CONTEXT(2) 
PARAMETRIC_REPRESENTATION_CONTEXT() REPRESENTATION_CONTEXT('2D SPACE',''
  ) );
#1157 = ORIENTED_EDGE('',*,*,#1056,.F.);
#1158 = ORIENTED_EDGE('',*,*,#215,.F.);
#1159 = ORIENTED_EDGE('',*,*,#1160,.F.);
#1160 = EDGE_CURVE('',#1135,#116,#1161,.T.);
#1161 = SURFACE_CURVE('',#1162,(#1166,#1172),.PCURVE_S1.);
#1162 = LINE('',#1163,#1164);
#1163 = CARTESIAN_POINT('',(-26.,-0.916515138991,7.));
#1164 = VECTOR('',#1165,1.);
#1165 = DIRECTION('',(1.,0.,2.22044604925E-16));
#1166 = PCURVE('',#232,#1167);
#1167 = DEFINITIONAL_REPRESENTATION('',(#1168),#1171);
#1168 = B_SPLINE_CURVE_WITH_KNOTS('',1,(#1169,#1170),.UNSPECIFIED.,.F.,
  .F.,(2,2),(0.8,51.2),.PIECEWISE_BEZIER_KNOTS.);
#1169 = CARTESIAN_POINT('',(-25.2,-0.916515138991));
#1170 = CARTESIAN_POINT('',(25.2,-0.916515138991));
#1171 = ( GEOMETRIC_REPRESENTATION_CONTEXT(2) 
PARAMETRIC_REPRESENTATION_CONTEXT() REPRESENTATION_CONTEXT('2D SPACE',''
  ) );
#1172 = PCURVE('',#179,#1173);
#1173 = DEFINITIONAL_REPRESENTATION('',(#1174),#1177);
#1174 = B_SPLINE_CURVE_WITH_KNOTS('',1,(#1175,#1176),.UNSPECIFIED.,.F.,
  .F.,(2,2),(0.8,51.2),.PIECEWISE_BEZIER_KNOTS.);
#1175 = CARTESIAN_POINT('',(3.571292319741,0.8));
#1176 = CARTESIAN_POINT('',(3.571292319741,51.2));
#1177 = ( GEOMETRIC_REPRESENTATION_CONTEXT(2) 
PARAMETRIC_REPRESENTATION_CONTEXT() REPRESENTATION_CONTEXT('2D SPACE',''
  ) );
#1178 = ADVANCED_FACE('',(#1179),#179,.F.);
#1179 = FACE_BOUND('',#1180,.F.);
#1180 = EDGE_LOOP('',(#1181,#1345,#1368,#1478,#1497,#1498,#1499,#1607));
#1181 = ORIENTED_EDGE('',*,*,#1182,.F.);
#1182 = EDGE_CURVE('',#1183,#1183,#1185,.T.);
#1183 = VERTEX_POINT('',#1184);
#1184 = CARTESIAN_POINT('',(-9.36,-5.388445916248E-16,2.8));
#1185 = SURFACE_CURVE('',#1186,(#1237,#1291),.PCURVE_S1.);
#1186 = B_SPLINE_CURVE_WITH_KNOTS('',7,(#1187,#1188,#1189,#1190,#1191,
    #1192,#1193,#1194,#1195,#1196,#1197,#1198,#1199,#1200,#1201,#1202,
    #1203,#1204,#1205,#1206,#1207,#1208,#1209,#1210,#1211,#1212,#1213,
    #1214,#1215,#1216,#1217,#1218,#1219,#1220,#1221,#1222,#1223,#1224,
    #1225,#1226,#1227,#1228,#1229,#1230,#1231,#1232,#1233,#1234,#1235,
    #1236),.UNSPECIFIED.,.T.,.F.,(8,6,6,6,6,6,6,6,8),(0.,0.117681697901,
    0.250001177298,0.382332042677,0.499996700183,0.617691796976,
    0.750023764241,0.882355925575,1.),.UNSPECIFIED.);
#1187 = CARTESIAN_POINT('',(-9.36,4.440892098501E-16,2.8));
#1188 = CARTESIAN_POINT('',(-9.36,0.281305589124,2.8));
#1189 = CARTESIAN_POINT('',(-9.350136191118,0.554967069215,
    2.841963894691));
#1190 = CARTESIAN_POINT('',(-9.331376298094,0.813803349559,
    2.921790028273));
#1191 = CARTESIAN_POINT('',(-9.306080998345,1.051826329817,
    3.034143541596));
#1192 = CARTESIAN_POINT('',(-9.277463887899,1.264379925389,
    3.172427961879));
#1193 = CARTESIAN_POINT('',(-9.248571814246,1.448559873599,
    3.328755921548));
#1194 = CARTESIAN_POINT('',(-9.191243405487,1.77820297067,3.679790165838
    ));
#1195 = CARTESIAN_POINT('',(-9.162429979319,1.921067894722,
    3.882247497714));
#1196 = CARTESIAN_POINT('',(-9.13746218524,2.033571661253,4.095959722028
    ));
#1197 = CARTESIAN_POINT('',(-9.117853506884,2.116989309717,
    4.317182056036));
#1198 = CARTESIAN_POINT('',(-9.104480034751,2.172292636269,
    4.543103434033));
#1199 = CARTESIAN_POINT('',(-9.097779948977,2.2,4.771418919329));
#1200 = CARTESIAN_POINT('',(-9.097779948977,2.2,5.228600749884));
#1201 = CARTESIAN_POINT('',(-9.104481166471,2.172287931697,
    5.456915176118));
#1202 = CARTESIAN_POINT('',(-9.117854827485,2.11698392375,5.682826080669
    ));
#1203 = CARTESIAN_POINT('',(-9.137462239725,2.033570520069,
    5.904038063403));
#1204 = CARTESIAN_POINT('',(-9.16242914292,1.921071676819,6.117746144053
    ));
#1205 = CARTESIAN_POINT('',(-9.191242721095,1.778206905981,
    6.320205643481));
#1206 = CARTESIAN_POINT('',(-9.248566193633,1.448592192589,
    6.671209662223));
#1207 = CARTESIAN_POINT('',(-9.277459331155,1.264413646191,
    6.827552753196));
#1208 = CARTESIAN_POINT('',(-9.306082327335,1.051830637395,
    6.965866980413));
#1209 = CARTESIAN_POINT('',(-9.33138290743,0.813761474567,7.078238164368
    ));
#1210 = CARTESIAN_POINT('',(-9.350141302277,0.554888271508,
    7.158057812946));
#1211 = CARTESIAN_POINT('',(-9.36,0.281232835527,7.2));
#1212 = CARTESIAN_POINT('',(-9.36,-0.281305589124,7.2));
#1213 = CARTESIAN_POINT('',(-9.350136191118,-0.554967069215,
    7.158036105309));
#1214 = CARTESIAN_POINT('',(-9.331376298094,-0.813803349559,
    7.078209971727));
#1215 = CARTESIAN_POINT('',(-9.306080998345,-1.051826329817,
    6.965856458404));
#1216 = CARTESIAN_POINT('',(-9.277463887899,-1.264379925389,
    6.827572038121));
#1217 = CARTESIAN_POINT('',(-9.248571814246,-1.448559873599,
    6.671244078452));
#1218 = CARTESIAN_POINT('',(-9.191243996505,-1.77819957227,6.32021345309
    ));
#1219 = CARTESIAN_POINT('',(-9.162429471411,-1.921071688698,
    6.117750367875));
#1220 = CARTESIAN_POINT('',(-9.137461234405,-2.033574627301,
    5.904033066717));
#1221 = CARTESIAN_POINT('',(-9.117854173418,-2.116986644984,
    5.682816713953));
#1222 = CARTESIAN_POINT('',(-9.10448115384,-2.172287983592,
    5.456908970859));
#1223 = CARTESIAN_POINT('',(-9.097779948977,-2.2,5.228600414636));
#1224 = CARTESIAN_POINT('',(-9.097779948977,-2.2,4.771399250115));
#1225 = CARTESIAN_POINT('',(-9.104481166471,-2.172287931697,
    4.543084823882));
#1226 = CARTESIAN_POINT('',(-9.117854827485,-2.116983923749,
    4.31717391933));
#1227 = CARTESIAN_POINT('',(-9.137462239725,-2.03357052007,
    4.095961936598));
#1228 = CARTESIAN_POINT('',(-9.16242914292,-1.921071676819,
    3.882253855947));
#1229 = CARTESIAN_POINT('',(-9.191242721095,-1.778206905981,
    3.679794356519));
#1230 = CARTESIAN_POINT('',(-9.248561209797,-1.44862085006,
    3.328820854884));
#1231 = CARTESIAN_POINT('',(-9.277456899612,-1.264434262394,
    3.172454501283));
#1232 = CARTESIAN_POINT('',(-9.306085815036,-1.051817497318,
    3.034114057688));
#1233 = CARTESIAN_POINT('',(-9.331389357397,-0.813710260837,
    2.921734573715));
#1234 = CARTESIAN_POINT('',(-9.350145280552,-0.554817009809,
    2.841925201985));
#1235 = CARTESIAN_POINT('',(-9.36,-0.281175897345,2.8));
#1236 = CARTESIAN_POINT('',(-9.36,4.440892098501E-16,2.8));
#1237 = PCURVE('',#179,#1238);
#1238 = DEFINITIONAL_REPRESENTATION('',(#1239),#1290);
#1239 = B_SPLINE_CURVE_WITH_KNOTS('',7,(#1240,#1241,#1242,#1243,#1244,
    #1245,#1246,#1247,#1248,#1249,#1250,#1251,#1252,#1253,#1254,#1255,
    #1256,#1257,#1258,#1259,#1260,#1261,#1262,#1263,#1264,#1265,#1266,
    #1267,#1268,#1269,#1270,#1271,#1272,#1273,#1274,#1275,#1276,#1277,
    #1278,#1279,#1280,#1281,#1282,#1283,#1284,#1285,#1286,#1287,#1288,
    #1289),.UNSPECIFIED.,.F.,.F.,(8,6,6,6,6,6,6,6,8),(0.,0.117681697901,
    0.250001177298,0.382332042677,0.499996700183,0.617691796976,
    0.750023764241,0.882355925575,1.),.UNSPECIFIED.);
#1240 = CARTESIAN_POINT('',(0.,16.64));
#1241 = CARTESIAN_POINT('',(0.127866176874,16.64));
#1242 = CARTESIAN_POINT('',(0.25225766785,16.649863808882));
#1243 = CARTESIAN_POINT('',(0.373325451719,16.668623701906));
#1244 = CARTESIAN_POINT('',(0.490926549356,16.693919001655));
#1245 = CARTESIAN_POINT('',(0.604670825264,16.722536112101));
#1246 = CARTESIAN_POINT('',(0.713779075061,16.751428185754));
#1247 = CARTESIAN_POINT('',(0.932665065664,16.808756594513));
#1248 = CARTESIAN_POINT('',(1.044202879618,16.837570020681));
#1249 = CARTESIAN_POINT('',(1.152561207148,16.86253781476));
#1250 = CARTESIAN_POINT('',(1.258591751462,16.882146493116));
#1251 = CARTESIAN_POINT('',(1.363116273291,16.895519965249));
#1252 = CARTESIAN_POINT('',(1.466895835581,16.902220051023));
#1253 = CARTESIAN_POINT('',(1.674705758561,16.902220051023));
#1254 = CARTESIAN_POINT('',(1.778484817717,16.895518833529));
#1255 = CARTESIAN_POINT('',(1.883005102805,16.882145172515));
#1256 = CARTESIAN_POINT('',(1.989030856211,16.862537760275));
#1257 = CARTESIAN_POINT('',(2.097386499914,16.83757085708));
#1258 = CARTESIAN_POINT('',(2.208924974843,16.808757278905));
#1259 = CARTESIAN_POINT('',(2.427792118428,16.751433806367));
#1260 = CARTESIAN_POINT('',(2.53690494973,16.722540668845));
#1261 = CARTESIAN_POINT('',(2.65066711221,16.693917672665));
#1262 = CARTESIAN_POINT('',(2.768288850038,16.66861709257));
#1263 = CARTESIAN_POINT('',(2.889370809776,16.649858697723));
#1264 = CARTESIAN_POINT('',(3.013759546532,16.64));
#1265 = CARTESIAN_POINT('',(3.269458830464,16.64));
#1266 = CARTESIAN_POINT('',(3.393850321439,16.649863808882));
#1267 = CARTESIAN_POINT('',(3.514918105309,16.668623701906));
#1268 = CARTESIAN_POINT('',(3.632519202946,16.693919001655));
#1269 = CARTESIAN_POINT('',(3.746263478854,16.722536112101));
#1270 = CARTESIAN_POINT('',(3.855371728651,16.751428185754));
#1271 = CARTESIAN_POINT('',(4.074255462686,16.808756003495));
#1272 = CARTESIAN_POINT('',(4.185797406327,16.837570528589));
#1273 = CARTESIAN_POINT('',(4.294157089881,16.862538765595));
#1274 = CARTESIAN_POINT('',(4.400184510539,16.882145826582));
#1275 = CARTESIAN_POINT('',(4.504703295494,16.89551884616));
#1276 = CARTESIAN_POINT('',(4.608479701005,16.902220051023));
#1277 = CARTESIAN_POINT('',(4.81629841215,16.902220051023));
#1278 = CARTESIAN_POINT('',(4.920077471306,16.895518833529));
#1279 = CARTESIAN_POINT('',(5.024597756396,16.882145172515));
#1280 = CARTESIAN_POINT('',(5.1306235098,16.862537760275));
#1281 = CARTESIAN_POINT('',(5.238979153504,16.83757085708));
#1282 = CARTESIAN_POINT('',(5.350517628433,16.808757278905));
#1283 = CARTESIAN_POINT('',(5.569365743198,16.751438790203));
#1284 = CARTESIAN_POINT('',(5.678488793497,16.722543100388));
#1285 = CARTESIAN_POINT('',(5.792269109619,16.693914184964));
#1286 = CARTESIAN_POINT('',(5.90990682695,16.668610642603));
#1287 = CARTESIAN_POINT('',(6.030995861074,16.649854719448));
#1288 = CARTESIAN_POINT('',(6.155378081114,16.64));
#1289 = CARTESIAN_POINT('',(6.28318530718,16.64));
#1290 = ( GEOMETRIC_REPRESENTATION_CONTEXT(2) 
PARAMETRIC_REPRESENTATION_CONTEXT() REPRESENTATION_CONTEXT('2D SPACE',''
  ) );
#1291 = PCURVE('',#820,#1292);
#1292 = DEFINITIONAL_REPRESENTATION('',(#1293),#1344);
#1293 = B_SPLINE_CURVE_WITH_KNOTS('',7,(#1294,#1295,#1296,#1297,#1298,
    #1299,#1300,#1301,#1302,#1303,#1304,#1305,#1306,#1307,#1308,#1309,
    #1310,#1311,#1312,#1313,#1314,#1315,#1316,#1317,#1318,#1319,#1320,
    #1321,#1322,#1323,#1324,#1325,#1326,#1327,#1328,#1329,#1330,#1331,
    #1332,#1333,#1334,#1335,#1336,#1337,#1338,#1339,#1340,#1341,#1342,
    #1343),.UNSPECIFIED.,.T.,.F.,(8,6,6,6,6,6,6,6,8),(0.,0.117681697901,
    0.250001177298,0.382332042677,0.499996700183,0.617691796976,
    0.750023764241,0.882355925575,1.),.UNSPECIFIED.);
#1294 = CARTESIAN_POINT('',(3.14159265359,2.8));
#1295 = CARTESIAN_POINT('',(3.111538637658,2.8));
#1296 = CARTESIAN_POINT('',(3.082301263129,2.841963894691));
#1297 = CARTESIAN_POINT('',(3.054603677713,2.921790028273));
#1298 = CARTESIAN_POINT('',(3.029051119844,3.034143541596));
#1299 = CARTESIAN_POINT('',(3.006146424669,3.172427961879));
#1300 = CARTESIAN_POINT('',(2.986231213468,3.328755921548));
#1301 = CARTESIAN_POINT('',(2.950484314853,3.679790165838));
#1302 = CARTESIAN_POINT('',(2.934919236912,3.882247497714));
#1303 = CARTESIAN_POINT('',(2.922609244346,4.095959722028));
#1304 = CARTESIAN_POINT('',(2.91345441127,4.317182056036));
#1305 = CARTESIAN_POINT('',(2.907375624684,4.543103434033));
#1306 = CARTESIAN_POINT('',(2.904330118959,4.771418919329));
#1307 = CARTESIAN_POINT('',(2.904330118959,5.228600749884));
#1308 = CARTESIAN_POINT('',(2.907376141565,5.456915176118));
#1309 = CARTESIAN_POINT('',(2.913455003884,5.682826080669));
#1310 = CARTESIAN_POINT('',(2.922609364105,5.904038063403));
#1311 = CARTESIAN_POINT('',(2.934918823666,6.117746144053));
#1312 = CARTESIAN_POINT('',(2.950483888103,6.320205643481));
#1313 = CARTESIAN_POINT('',(2.986227708757,6.671209662223));
#1314 = CARTESIAN_POINT('',(3.006142790818,6.827552753196));
#1315 = CARTESIAN_POINT('',(3.02905068991,6.965866980413));
#1316 = CARTESIAN_POINT('',(3.054608187636,7.078238164368));
#1317 = CARTESIAN_POINT('',(3.082309681715,7.158057812946));
#1318 = CARTESIAN_POINT('',(3.111546410478,7.2));
#1319 = CARTESIAN_POINT('',(3.171646669522,7.2));
#1320 = CARTESIAN_POINT('',(3.200884044051,7.15803610531));
#1321 = CARTESIAN_POINT('',(3.228581629467,7.078209971726));
#1322 = CARTESIAN_POINT('',(3.254134187335,6.965856458404));
#1323 = CARTESIAN_POINT('',(3.277038882511,6.827572038121));
#1324 = CARTESIAN_POINT('',(3.296954093712,6.671244078452));
#1325 = CARTESIAN_POINT('',(3.3327006238,6.32021345309));
#1326 = CARTESIAN_POINT('',(3.348266478572,6.117750367875));
#1327 = CARTESIAN_POINT('',(3.360576393325,5.904033066717));
#1328 = CARTESIAN_POINT('',(3.369730603096,5.682816713953));
#1329 = CARTESIAN_POINT('',(3.375809171098,5.456908970859));
#1330 = CARTESIAN_POINT('',(3.378855188221,5.228600414636));
#1331 = CARTESIAN_POINT('',(3.378855188221,4.771399250115));
#1332 = CARTESIAN_POINT('',(3.375809165614,4.543084823882));
#1333 = CARTESIAN_POINT('',(3.369730303296,4.31717391933));
#1334 = CARTESIAN_POINT('',(3.360575943075,4.095961936598));
#1335 = CARTESIAN_POINT('',(3.348266483513,3.882253855947));
#1336 = CARTESIAN_POINT('',(3.332701419076,3.679794356519));
#1337 = CARTESIAN_POINT('',(3.296960706073,3.328820854884));
#1338 = CARTESIAN_POINT('',(3.277044730817,3.172454501283));
#1339 = CARTESIAN_POINT('',(3.254133174356,3.034114057688));
#1340 = CARTESIAN_POINT('',(3.228571618475,2.921734573715));
#1341 = CARTESIAN_POINT('',(3.200868012967,2.841925201985));
#1342 = CARTESIAN_POINT('',(3.171632813563,2.8));
#1343 = CARTESIAN_POINT('',(3.14159265359,2.8));
#1344 = ( GEOMETRIC_REPRESENTATION_CONTEXT(2) 
PARAMETRIC_REPRESENTATION_CONTEXT() REPRESENTATION_CONTEXT('2D SPACE',''
  ) );
#1345 = ORIENTED_EDGE('',*,*,#1346,.F.);
#1346 = EDGE_CURVE('',#1347,#1183,#1349,.T.);
#1347 = VERTEX_POINT('',#1348);
#1348 = CARTESIAN_POINT('',(-21.,-5.388445916248E-16,2.8));
#1349 = SEAM_CURVE('',#1350,(#1354,#1361),.PCURVE_S1.);
#1350 = LINE('',#1351,#1352);
#1351 = CARTESIAN_POINT('',(-26.,-5.388445916248E-16,2.8));
#1352 = VECTOR('',#1353,1.);
#1353 = DIRECTION('',(1.,0.,2.22044604925E-16));
#1354 = PCURVE('',#179,#1355);
#1355 = DEFINITIONAL_REPRESENTATION('',(#1356),#1360);
#1356 = LINE('',#1357,#1358);
#1357 = CARTESIAN_POINT('',(6.28318530718,-0.));
#1358 = VECTOR('',#1359,1.);
#1359 = DIRECTION('',(0.,1.));
#1360 = ( GEOMETRIC_REPRESENTATION_CONTEXT(2) 
PARAMETRIC_REPRESENTATION_CONTEXT() REPRESENTATION_CONTEXT('2D SPACE',''
  ) );
#1361 = PCURVE('',#179,#1362);
#1362 = DEFINITIONAL_REPRESENTATION('',(#1363),#1367);
#1363 = LINE('',#1364,#1365);
#1364 = CARTESIAN_POINT('',(0.,-0.));
#1365 = VECTOR('',#1366,1.);
#1366 = DIRECTION('',(0.,1.));
#1367 = ( GEOMETRIC_REPRESENTATION_CONTEXT(2) 
PARAMETRIC_REPRESENTATION_CONTEXT() REPRESENTATION_CONTEXT('2D SPACE',''
  ) );
#1368 = ORIENTED_EDGE('',*,*,#1369,.T.);
#1369 = EDGE_CURVE('',#1347,#1370,#1372,.T.);
#1370 = VERTEX_POINT('',#1371);
#1371 = CARTESIAN_POINT('',(-20.9799904671,0.916515138991,7.));
#1372 = SURFACE_CURVE('',#1373,(#1406,#1442),.PCURVE_S1.);
#1373 = B_SPLINE_CURVE_WITH_KNOTS('',7,(#1374,#1375,#1376,#1377,#1378,
    #1379,#1380,#1381,#1382,#1383,#1384,#1385,#1386,#1387,#1388,#1389,
    #1390,#1391,#1392,#1393,#1394,#1395,#1396,#1397,#1398,#1399,#1400,
    #1401,#1402,#1403,#1404,#1405),.UNSPECIFIED.,.F.,.F.,(8,6,6,6,6,8),(
    0.,0.277177657345,0.565585594191,0.73887043909,0.888449260574,1.),
  .UNSPECIFIED.);
#1374 = CARTESIAN_POINT('',(-21.,1.016456843292E-15,2.8));
#1375 = CARTESIAN_POINT('',(-21.,0.292594671026,2.8));
#1376 = CARTESIAN_POINT('',(-20.99524373769,0.57721958306,2.845399638728
    ));
#1377 = CARTESIAN_POINT('',(-20.98619805941,0.845686544212,2.93175050348
    ));
#1378 = CARTESIAN_POINT('',(-20.97410028294,1.091220644922,
    3.053050118568));
#1379 = CARTESIAN_POINT('',(-20.96063283856,1.308701710269,
    3.201814532203));
#1380 = CARTESIAN_POINT('',(-20.9472845451,1.495150117282,3.369194017501
    ));
#1381 = CARTESIAN_POINT('',(-20.9223380324,1.811622470827,3.728161439792
    ));
#1382 = CARTESIAN_POINT('',(-20.91048540267,1.943459080687,3.92545201744
    ));
#1383 = CARTESIAN_POINT('',(-20.90035571314,2.047076754336,
    4.132257523561));
#1384 = CARTESIAN_POINT('',(-20.89247333649,2.123778645421,
    4.345309402509));
#1385 = CARTESIAN_POINT('',(-20.88712273752,2.17457047286,4.562202575335
    ));
#1386 = CARTESIAN_POINT('',(-20.88444397153,2.2,4.78101658702));
#1387 = CARTESIAN_POINT('',(-20.88444397153,2.2,5.131572338711));
#1388 = CARTESIAN_POINT('',(-20.88541122854,2.190819754043,
    5.263130128764));
#1389 = CARTESIAN_POINT('',(-20.88734458558,2.17246304813,5.394260004127
    ));
#1390 = CARTESIAN_POINT('',(-20.8902261315,2.14486495042,5.524540598241)
  );
#1391 = CARTESIAN_POINT('',(-20.89401777953,2.107898715428,
    5.653512952085));
#1392 = CARTESIAN_POINT('',(-20.89865784569,2.061382688219,
    5.780650922235));
#1393 = CARTESIAN_POINT('',(-20.90871869834,1.956493163911,
    6.012955467968));
#1394 = CARTESIAN_POINT('',(-20.91394637965,1.90060460696,6.118765142736
    ));
#1395 = CARTESIAN_POINT('',(-20.91968358016,1.837271170256,
    6.222356352794));
#1396 = CARTESIAN_POINT('',(-20.92585645886,1.76631960595,6.323258388037
    ));
#1397 = CARTESIAN_POINT('',(-20.93237108034,1.687569174851,
    6.420915297336));
#1398 = CARTESIAN_POINT('',(-20.93911007042,1.60084703547,6.514667097184
    ));
#1399 = CARTESIAN_POINT('',(-20.95101479751,1.435272686205,
    6.670151760503));
#1400 = CARTESIAN_POINT('',(-20.95614838858,1.359976758461,
    6.734010737757));
#1401 = CARTESIAN_POINT('',(-20.96126483055,1.280124914014,
    6.794898599745));
#1402 = CARTESIAN_POINT('',(-20.96629008405,1.195759180465,
    6.852390541574));
#1403 = CARTESIAN_POINT('',(-20.97114340753,1.106955522978,
    6.906045798707));
#1404 = CARTESIAN_POINT('',(-20.97573948011,1.013824818438,
    6.955407179881));
#1405 = CARTESIAN_POINT('',(-20.9799905243,0.916513829622,7.000000600014
    ));
#1406 = PCURVE('',#179,#1407);
#1407 = DEFINITIONAL_REPRESENTATION('',(#1408),#1441);
#1408 = B_SPLINE_CURVE_WITH_KNOTS('',7,(#1409,#1410,#1411,#1412,#1413,
    #1414,#1415,#1416,#1417,#1418,#1419,#1420,#1421,#1422,#1423,#1424,
    #1425,#1426,#1427,#1428,#1429,#1430,#1431,#1432,#1433,#1434,#1435,
    #1436,#1437,#1438,#1439,#1440),.UNSPECIFIED.,.F.,.F.,(8,6,6,6,6,8),(
    0.,0.277177657345,0.565585594191,0.73887043909,0.888449260574,1.),
  .UNSPECIFIED.);
#1409 = CARTESIAN_POINT('',(0.,5.));
#1410 = CARTESIAN_POINT('',(0.132997577739,5.));
#1411 = CARTESIAN_POINT('',(0.262372443815,5.004756262306));
#1412 = CARTESIAN_POINT('',(0.388245622955,5.013801940583));
#1413 = CARTESIAN_POINT('',(0.51043754774,5.025899717057));
#1414 = CARTESIAN_POINT('',(0.628512285797,5.039367161433));
#1415 = CARTESIAN_POINT('',(0.741627695154,5.052715454891));
#1416 = CARTESIAN_POINT('',(0.959151494946,5.0776619676));
#1417 = CARTESIAN_POINT('',(1.066049337669,5.089514597325));
#1418 = CARTESIAN_POINT('',(1.169936913346,5.099644286856));
#1419 = CARTESIAN_POINT('',(1.271598282165,5.107526663502));
#1420 = CARTESIAN_POINT('',(1.37179765852,5.112877262471));
#1421 = CARTESIAN_POINT('',(1.471258411804,5.115556028469));
#1422 = CARTESIAN_POINT('',(1.6306019353,5.115556028469));
#1423 = CARTESIAN_POINT('',(1.690400759079,5.114588771453));
#1424 = CARTESIAN_POINT('',(1.750354866959,5.112655414418));
#1425 = CARTESIAN_POINT('',(1.81062134083,5.109773868493));
#1426 = CARTESIAN_POINT('',(1.871358007161,5.105982220466));
#1427 = CARTESIAN_POINT('',(1.932729168507,5.101342154306));
#1428 = CARTESIAN_POINT('',(2.048586745543,5.09128130166));
#1429 = CARTESIAN_POINT('',(2.102874709505,5.08605362035));
#1430 = CARTESIAN_POINT('',(2.157889638521,5.080316419832));
#1431 = CARTESIAN_POINT('',(2.213746220788,5.074143541135));
#1432 = CARTESIAN_POINT('',(2.270563873416,5.067628919656));
#1433 = CARTESIAN_POINT('',(2.328471194758,5.060889929572));
#1434 = CARTESIAN_POINT('',(2.431714414035,5.048985202486));
#1435 = CARTESIAN_POINT('',(2.476533782737,5.043851611415));
#1436 = CARTESIAN_POINT('',(2.52207867391,5.038735169444));
#1437 = CARTESIAN_POINT('',(2.568363149215,5.033709915949));
#1438 = CARTESIAN_POINT('',(2.61540709932,5.028856592464));
#1439 = CARTESIAN_POINT('',(2.663238162312,5.02426051989));
#1440 = CARTESIAN_POINT('',(2.711893642123,5.020009475691));
#1441 = ( GEOMETRIC_REPRESENTATION_CONTEXT(2) 
PARAMETRIC_REPRESENTATION_CONTEXT() REPRESENTATION_CONTEXT('2D SPACE',''
  ) );
#1442 = PCURVE('',#694,#1443);
#1443 = DEFINITIONAL_REPRESENTATION('',(#1444),#1477);
#1444 = B_SPLINE_CURVE_WITH_KNOTS('',7,(#1445,#1446,#1447,#1448,#1449,
    #1450,#1451,#1452,#1453,#1454,#1455,#1456,#1457,#1458,#1459,#1460,
    #1461,#1462,#1463,#1464,#1465,#1466,#1467,#1468,#1469,#1470,#1471,
    #1472,#1473,#1474,#1475,#1476),.UNSPECIFIED.,.F.,.F.,(8,6,6,6,6,8),(
    0.,0.277177657345,0.565585594191,0.73887043909,0.888449260574,1.),
  .UNSPECIFIED.);
#1445 = CARTESIAN_POINT('',(3.14159265359,2.8));
#1446 = CARTESIAN_POINT('',(3.127659574017,2.8));
#1447 = CARTESIAN_POINT('',(3.114106001833,2.845399638728));
#1448 = CARTESIAN_POINT('',(3.101317470721,2.93175050348));
#1449 = CARTESIAN_POINT('',(3.089613116253,3.053050118568));
#1450 = CARTESIAN_POINT('',(3.079237819443,3.201814532203));
#1451 = CARTESIAN_POINT('',(3.070336834208,3.369194017501));
#1452 = CARTESIAN_POINT('',(3.055219974294,3.728161439792));
#1453 = CARTESIAN_POINT('',(3.048917101229,3.92545201744));
#1454 = CARTESIAN_POINT('',(3.043959531868,4.132257523561));
#1455 = CARTESIAN_POINT('',(3.040287841003,4.345309402509));
#1456 = CARTESIAN_POINT('',(3.037855797972,4.562202575335));
#1457 = CARTESIAN_POINT('',(3.036638168217,4.78101658702));
#1458 = CARTESIAN_POINT('',(3.036638168217,5.131572338711));
#1459 = CARTESIAN_POINT('',(3.037077740888,5.263130128764));
#1460 = CARTESIAN_POINT('',(3.037956707586,5.394260004127));
#1461 = CARTESIAN_POINT('',(3.039278046469,5.524540598241));
#1462 = CARTESIAN_POINT('',(3.041047569054,5.653512952085));
#1463 = CARTESIAN_POINT('',(3.043273596778,5.780650922235));
#1464 = CARTESIAN_POINT('',(3.048291260152,6.012955467968));
#1465 = CARTESIAN_POINT('',(3.050964228394,6.118765142736));
#1466 = CARTESIAN_POINT('',(3.053992435844,6.222356352794));
#1467 = CARTESIAN_POINT('',(3.057383801288,6.323258388037));
#1468 = CARTESIAN_POINT('',(3.061146562528,6.420915297336));
#1469 = CARTESIAN_POINT('',(3.06528857016,6.514667097184));
#1470 = CARTESIAN_POINT('',(3.073193416353,6.670151760503));
#1471 = CARTESIAN_POINT('',(3.076787236083,6.734010737747));
#1472 = CARTESIAN_POINT('',(3.080597449268,6.794898599743));
#1473 = CARTESIAN_POINT('',(3.084621907105,6.852390541586));
#1474 = CARTESIAN_POINT('',(3.088856873424,6.906045798717));
#1475 = CARTESIAN_POINT('',(3.093296994851,6.955407179867));
#1476 = CARTESIAN_POINT('',(3.09793527096,7.0000006));
#1477 = ( GEOMETRIC_REPRESENTATION_CONTEXT(2) 
PARAMETRIC_REPRESENTATION_CONTEXT() REPRESENTATION_CONTEXT('2D SPACE',''
  ) );
#1478 = ORIENTED_EDGE('',*,*,#1479,.T.);
#1479 = EDGE_CURVE('',#1370,#87,#1480,.T.);
#1480 = SURFACE_CURVE('',#1481,(#1485,#1491),.PCURVE_S1.);
#1481 = LINE('',#1482,#1483);
#1482 = CARTESIAN_POINT('',(-26.,0.916515138991,7.));
#1483 = VECTOR('',#1484,1.);
#1484 = DIRECTION('',(1.,0.,2.22044604925E-16));
#1485 = PCURVE('',#179,#1486);
#1486 = DEFINITIONAL_REPRESENTATION('',(#1487),#1490);
#1487 = B_SPLINE_CURVE_WITH_KNOTS('',1,(#1488,#1489),.UNSPECIFIED.,.F.,
  .F.,(2,2),(0.8,51.2),.PIECEWISE_BEZIER_KNOTS.);
#1488 = CARTESIAN_POINT('',(2.711892987438,0.8));
#1489 = CARTESIAN_POINT('',(2.711892987438,51.2));
#1490 = ( GEOMETRIC_REPRESENTATION_CONTEXT(2) 
PARAMETRIC_REPRESENTATION_CONTEXT() REPRESENTATION_CONTEXT('2D SPACE',''
  ) );
#1491 = PCURVE('',#103,#1492);
#1492 = DEFINITIONAL_REPRESENTATION('',(#1493),#1496);
#1493 = B_SPLINE_CURVE_WITH_KNOTS('',1,(#1494,#1495),.UNSPECIFIED.,.F.,
  .F.,(2,2),(0.8,51.2),.PIECEWISE_BEZIER_KNOTS.);
#1494 = CARTESIAN_POINT('',(-25.2,0.916515138991));
#1495 = CARTESIAN_POINT('',(25.2,0.916515138991));
#1496 = ( GEOMETRIC_REPRESENTATION_CONTEXT(2) 
PARAMETRIC_REPRESENTATION_CONTEXT() REPRESENTATION_CONTEXT('2D SPACE',''
  ) );
#1497 = ORIENTED_EDGE('',*,*,#115,.T.);
#1498 = ORIENTED_EDGE('',*,*,#1160,.F.);
#1499 = ORIENTED_EDGE('',*,*,#1500,.T.);
#1500 = EDGE_CURVE('',#1135,#1347,#1501,.T.);
#1501 = SURFACE_CURVE('',#1502,(#1535,#1571),.PCURVE_S1.);
#1502 = B_SPLINE_CURVE_WITH_KNOTS('',7,(#1503,#1504,#1505,#1506,#1507,
    #1508,#1509,#1510,#1511,#1512,#1513,#1514,#1515,#1516,#1517,#1518,
    #1519,#1520,#1521,#1522,#1523,#1524,#1525,#1526,#1527,#1528,#1529,
    #1530,#1531,#1532,#1533,#1534),.UNSPECIFIED.,.F.,.F.,(8,6,6,6,6,8),(
    0.,0.111560900732,0.261151667782,0.434450351441,0.722897160733,1.),
  .UNSPECIFIED.);
#1503 = CARTESIAN_POINT('',(-20.97999052428,-0.916513830129,
    7.000000599898));
#1504 = CARTESIAN_POINT('',(-20.97573939652,-1.01382673164,
    6.955406303229));
#1505 = CARTESIAN_POINT('',(-20.9711432923,-1.106957669695,
    6.906044556453));
#1506 = CARTESIAN_POINT('',(-20.96628999452,-1.195760580305,
    6.85238951092));
#1507 = CARTESIAN_POINT('',(-20.96126480347,-1.280125221244,
    6.794898222358));
#1508 = CARTESIAN_POINT('',(-20.95614842432,-1.359976181703,
    6.734011125108));
#1509 = CARTESIAN_POINT('',(-20.95101485462,-1.435271891961,
    6.670152506349));
#1510 = CARTESIAN_POINT('',(-20.93911007042,-1.60084703547,
    6.514667097184));
#1511 = CARTESIAN_POINT('',(-20.93237108034,-1.687569174851,
    6.420915297336));
#1512 = CARTESIAN_POINT('',(-20.92585645886,-1.76631960595,
    6.323258388037));
#1513 = CARTESIAN_POINT('',(-20.91968358016,-1.837271170256,
    6.222356352794));
#1514 = CARTESIAN_POINT('',(-20.91394637965,-1.900604606959,
    6.118765142736));
#1515 = CARTESIAN_POINT('',(-20.90871869834,-1.956493163911,
    6.012955467968));
#1516 = CARTESIAN_POINT('',(-20.89865784569,-2.061382688219,
    5.780650922235));
#1517 = CARTESIAN_POINT('',(-20.89401777953,-2.107898715428,
    5.653512952085));
#1518 = CARTESIAN_POINT('',(-20.8902261315,-2.14486495042,5.524540598241
    ));
#1519 = CARTESIAN_POINT('',(-20.88734458558,-2.17246304813,
    5.394260004127));
#1520 = CARTESIAN_POINT('',(-20.88541122854,-2.190819754043,
    5.263130128764));
#1521 = CARTESIAN_POINT('',(-20.88444397153,-2.2,5.131572338711));
#1522 = CARTESIAN_POINT('',(-20.88444397153,-2.2,4.78100456108));
#1523 = CARTESIAN_POINT('',(-20.88712302392,-2.174567729632,
    4.562192913122));
#1524 = CARTESIAN_POINT('',(-20.89247360391,-2.123776171888,
    4.345306605695));
#1525 = CARTESIAN_POINT('',(-20.90035564135,-2.04707694933,4.13225944262
    ));
#1526 = CARTESIAN_POINT('',(-20.91048526653,-1.943460797672,
    3.925454075745));
#1527 = CARTESIAN_POINT('',(-20.92233802415,-1.811622575362,
    3.728161558365));
#1528 = CARTESIAN_POINT('',(-20.94727960586,-1.495212776757,
    3.369265090724));
#1529 = CARTESIAN_POINT('',(-20.9606293356,-1.308759960931,
    3.201844917363));
#1530 = CARTESIAN_POINT('',(-20.9741023497,-1.091214279313,3.05301910814
    ));
#1531 = CARTESIAN_POINT('',(-20.98620440269,-0.845590851655,
    2.931690097958));
#1532 = CARTESIAN_POINT('',(-20.99524818253,-0.57706206896,
    2.845357184293));
#1533 = CARTESIAN_POINT('',(-21.,-0.292457851052,2.8));
#1534 = CARTESIAN_POINT('',(-21.,8.881784197001E-16,2.8));
#1535 = PCURVE('',#179,#1536);
#1536 = DEFINITIONAL_REPRESENTATION('',(#1537),#1570);
#1537 = B_SPLINE_CURVE_WITH_KNOTS('',7,(#1538,#1539,#1540,#1541,#1542,
    #1543,#1544,#1545,#1546,#1547,#1548,#1549,#1550,#1551,#1552,#1553,
    #1554,#1555,#1556,#1557,#1558,#1559,#1560,#1561,#1562,#1563,#1564,
    #1565,#1566,#1567,#1568,#1569),.UNSPECIFIED.,.F.,.F.,(8,6,6,6,6,8),(
    0.,0.111560900732,0.261151667782,0.434450351441,0.722897160733,1.),
  .UNSPECIFIED.);
#1538 = CARTESIAN_POINT('',(3.57129166531,5.020009475713));
#1539 = CARTESIAN_POINT('',(3.619948101474,5.024260603471));
#1540 = CARTESIAN_POINT('',(3.66777933158,5.028856707693));
#1541 = CARTESIAN_POINT('',(3.714822943142,5.033710005474));
#1542 = CARTESIAN_POINT('',(3.761106847128,5.038735196523));
#1543 = CARTESIAN_POINT('',(3.806651212024,5.043851575671));
#1544 = CARTESIAN_POINT('',(3.851470397896,5.04898514538));
#1545 = CARTESIAN_POINT('',(3.954714112422,5.060889929572));
#1546 = CARTESIAN_POINT('',(4.012621433764,5.067628919656));
#1547 = CARTESIAN_POINT('',(4.069439086392,5.074143541135));
#1548 = CARTESIAN_POINT('',(4.125295668658,5.080316419832));
#1549 = CARTESIAN_POINT('',(4.180310597675,5.08605362035));
#1550 = CARTESIAN_POINT('',(4.234598561637,5.09128130166));
#1551 = CARTESIAN_POINT('',(4.350456138672,5.101342154306));
#1552 = CARTESIAN_POINT('',(4.411827300019,5.105982220466));
#1553 = CARTESIAN_POINT('',(4.472563966349,5.109773868493));
#1554 = CARTESIAN_POINT('',(4.532830440221,5.112655414418));
#1555 = CARTESIAN_POINT('',(4.592784548101,5.114588771453));
#1556 = CARTESIAN_POINT('',(4.65258337188,5.115556028469));
#1557 = CARTESIAN_POINT('',(4.811932361712,5.115556028469));
#1558 = CARTESIAN_POINT('',(4.911392024437,5.112876976072));
#1559 = CARTESIAN_POINT('',(5.01158858532,5.107526396086));
#1560 = CARTESIAN_POINT('',(5.113247644785,5.099644358644));
#1561 = CARTESIAN_POINT('',(5.217134759385,5.089514733461));
#1562 = CARTESIAN_POINT('',(5.324033740382,5.077661975841));
#1563 = CARTESIAN_POINT('',(5.541514543723,5.052720394138));
#1564 = CARTESIAN_POINT('',(5.654645165346,5.039370664395));
#1565 = CARTESIAN_POINT('',(5.77275778206,5.025897650292));
#1566 = CARTESIAN_POINT('',(5.894988501639,5.013795597305));
#1567 = CARTESIAN_POINT('',(6.020884473949,5.004751817469));
#1568 = CARTESIAN_POINT('',(6.150249920338,5.));
#1569 = CARTESIAN_POINT('',(6.28318530718,5.));
#1570 = ( GEOMETRIC_REPRESENTATION_CONTEXT(2) 
PARAMETRIC_REPRESENTATION_CONTEXT() REPRESENTATION_CONTEXT('2D SPACE',''
  ) );
#1571 = PCURVE('',#694,#1572);
#1572 = DEFINITIONAL_REPRESENTATION('',(#1573),#1606);
#1573 = B_SPLINE_CURVE_WITH_KNOTS('',7,(#1574,#1575,#1576,#1577,#1578,
    #1579,#1580,#1581,#1582,#1583,#1584,#1585,#1586,#1587,#1588,#1589,
    #1590,#1591,#1592,#1593,#1594,#1595,#1596,#1597,#1598,#1599,#1600,
    #1601,#1602,#1603,#1604,#1605),.UNSPECIFIED.,.F.,.F.,(8,6,6,6,6,8),(
    0.,0.111560900732,0.261151667782,0.434450351441,0.722897160733,1.),
  .UNSPECIFIED.);
#1574 = CARTESIAN_POINT('',(3.185250036244,7.0000006));
#1575 = CARTESIAN_POINT('',(3.189888403521,6.955406303331));
#1576 = CARTESIAN_POINT('',(3.194328536121,6.906044556386));
#1577 = CARTESIAN_POINT('',(3.198563466862,6.85238951083));
#1578 = CARTESIAN_POINT('',(3.202587872594,6.794898222367));
#1579 = CARTESIAN_POINT('',(3.206398043586,6.734011125176));
#1580 = CARTESIAN_POINT('',(3.209991852908,6.670152506349));
#1581 = CARTESIAN_POINT('',(3.21789673702,6.514667097184));
#1582 = CARTESIAN_POINT('',(3.222038744652,6.420915297336));
#1583 = CARTESIAN_POINT('',(3.225801505891,6.323258388037));
#1584 = CARTESIAN_POINT('',(3.229192871336,6.222356352794));
#1585 = CARTESIAN_POINT('',(3.232221078786,6.118765142736));
#1586 = CARTESIAN_POINT('',(3.234894047028,6.012955467968));
#1587 = CARTESIAN_POINT('',(3.239911710401,5.780650922235));
#1588 = CARTESIAN_POINT('',(3.242137738126,5.653512952085));
#1589 = CARTESIAN_POINT('',(3.243907260711,5.524540598241));
#1590 = CARTESIAN_POINT('',(3.245228599594,5.394260004127));
#1591 = CARTESIAN_POINT('',(3.246107566292,5.263130128764));
#1592 = CARTESIAN_POINT('',(3.246547138962,5.131572338711));
#1593 = CARTESIAN_POINT('',(3.246547138962,4.78100456108));
#1594 = CARTESIAN_POINT('',(3.245329377881,4.562192913122));
#1595 = CARTESIAN_POINT('',(3.242897347679,4.345306605695));
#1596 = CARTESIAN_POINT('',(3.23922578491,4.13225944262));
#1597 = CARTESIAN_POINT('',(3.234268287948,3.925454075745));
#1598 = CARTESIAN_POINT('',(3.227965337879,3.728161558365));
#1599 = CARTESIAN_POINT('',(3.212851466012,3.369265090724));
#1600 = CARTESIAN_POINT('',(3.203950266245,3.201844917363));
#1601 = CARTESIAN_POINT('',(3.193571881233,3.05301910814));
#1602 = CARTESIAN_POINT('',(3.181863272946,2.931690097958));
#1603 = CARTESIAN_POINT('',(3.169071804767,2.845357184293));
#1604 = CARTESIAN_POINT('',(3.155519217926,2.8));
#1605 = CARTESIAN_POINT('',(3.14159265359,2.8));
#1606 = ( GEOMETRIC_REPRESENTATION_CONTEXT(2) 
PARAMETRIC_REPRESENTATION_CONTEXT() REPRESENTATION_CONTEXT('2D SPACE',''
  ) );
#1607 = ORIENTED_EDGE('',*,*,#1346,.T.);
#1608 = ADVANCED_FACE('',(#1609),#103,.T.);
#1609 = FACE_BOUND('',#1610,.T.);
#1610 = EDGE_LOOP('',(#1611,#1612,#1634,#1635));
#1611 = ORIENTED_EDGE('',*,*,#1077,.T.);
#1612 = ORIENTED_EDGE('',*,*,#1613,.T.);
#1613 = EDGE_CURVE('',#621,#1370,#1614,.T.);
#1614 = SURFACE_CURVE('',#1615,(#1620,#1627),.PCURVE_S1.);
#1615 = CIRCLE('',#1616,21.);
#1616 = AXIS2_PLACEMENT_3D('',#1617,#1618,#1619);
#1617 = CARTESIAN_POINT('',(0.,0.,7.));
#1618 = DIRECTION('',(0.,0.,1.));
#1619 = DIRECTION('',(1.,0.,-0.));
#1620 = PCURVE('',#103,#1621);
#1621 = DEFINITIONAL_REPRESENTATION('',(#1622),#1626);
#1622 = CIRCLE('',#1623,21.);
#1623 = AXIS2_PLACEMENT_2D('',#1624,#1625);
#1624 = CARTESIAN_POINT('',(0.,0.));
#1625 = DIRECTION('',(1.,0.));
#1626 = ( GEOMETRIC_REPRESENTATION_CONTEXT(2) 
PARAMETRIC_REPRESENTATION_CONTEXT() REPRESENTATION_CONTEXT('2D SPACE',''
  ) );
#1627 = PCURVE('',#694,#1628);
#1628 = DEFINITIONAL_REPRESENTATION('',(#1629),#1633);
#1629 = LINE('',#1630,#1631);
#1630 = CARTESIAN_POINT('',(0.,7.));
#1631 = VECTOR('',#1632,1.);
#1632 = DIRECTION('',(1.,0.));
#1633 = ( GEOMETRIC_REPRESENTATION_CONTEXT(2) 
PARAMETRIC_REPRESENTATION_CONTEXT() REPRESENTATION_CONTEXT('2D SPACE',''
  ) );
#1634 = ORIENTED_EDGE('',*,*,#1479,.T.);
#1635 = ORIENTED_EDGE('',*,*,#86,.F.);
#1636 = ADVANCED_FACE('',(#1637),#349,.F.);
#1637 = FACE_BOUND('',#1638,.F.);
#1638 = EDGE_LOOP('',(#1639,#1663,#1685));
#1639 = ORIENTED_EDGE('',*,*,#1640,.T.);
#1640 = EDGE_CURVE('',#331,#1641,#1643,.T.);
#1641 = VERTEX_POINT('',#1642);
#1642 = CARTESIAN_POINT('',(7.2,19.76,9.9));
#1643 = SURFACE_CURVE('',#1644,(#1649,#1656),.PCURVE_S1.);
#1644 = CIRCLE('',#1645,7.2);
#1645 = AXIS2_PLACEMENT_3D('',#1646,#1647,#1648);
#1646 = CARTESIAN_POINT('',(0.,19.76,9.9));
#1647 = DIRECTION('',(0.,0.,1.));
#1648 = DIRECTION('',(1.,0.,-0.));
#1649 = PCURVE('',#349,#1650);
#1650 = DEFINITIONAL_REPRESENTATION('',(#1651),#1655);
#1651 = CIRCLE('',#1652,7.2);
#1652 = AXIS2_PLACEMENT_2D('',#1653,#1654);
#1653 = CARTESIAN_POINT('',(0.,0.));
#1654 = DIRECTION('',(1.,0.));
#1655 = ( GEOMETRIC_REPRESENTATION_CONTEXT(2) 
PARAMETRIC_REPRESENTATION_CONTEXT() REPRESENTATION_CONTEXT('2D SPACE',''
  ) );
#1656 = PCURVE('',#527,#1657);
#1657 = DEFINITIONAL_REPRESENTATION('',(#1658),#1662);
#1658 = LINE('',#1659,#1660);
#1659 = CARTESIAN_POINT('',(-0.,-0.));
#1660 = VECTOR('',#1661,1.);
#1661 = DIRECTION('',(-1.,-0.));
#1662 = ( GEOMETRIC_REPRESENTATION_CONTEXT(2) 
PARAMETRIC_REPRESENTATION_CONTEXT() REPRESENTATION_CONTEXT('2D SPACE',''
  ) );
#1663 = ORIENTED_EDGE('',*,*,#1664,.T.);
#1664 = EDGE_CURVE('',#1641,#333,#1665,.T.);
#1665 = SURFACE_CURVE('',#1666,(#1671,#1678),.PCURVE_S1.);
#1666 = CIRCLE('',#1667,7.2);
#1667 = AXIS2_PLACEMENT_3D('',#1668,#1669,#1670);
#1668 = CARTESIAN_POINT('',(0.,19.76,9.9));
#1669 = DIRECTION('',(0.,0.,1.));
#1670 = DIRECTION('',(1.,0.,-0.));
#1671 = PCURVE('',#349,#1672);
#1672 = DEFINITIONAL_REPRESENTATION('',(#1673),#1677);
#1673 = CIRCLE('',#1674,7.2);
#1674 = AXIS2_PLACEMENT_2D('',#1675,#1676);
#1675 = CARTESIAN_POINT('',(0.,0.));
#1676 = DIRECTION('',(1.,0.));
#1677 = ( GEOMETRIC_REPRESENTATION_CONTEXT(2) 
PARAMETRIC_REPRESENTATION_CONTEXT() REPRESENTATION_CONTEXT('2D SPACE',''
  ) );
#1678 = PCURVE('',#527,#1679);
#1679 = DEFINITIONAL_REPRESENTATION('',(#1680),#1684);
#1680 = LINE('',#1681,#1682);
#1681 = CARTESIAN_POINT('',(-0.,-0.));
#1682 = VECTOR('',#1683,1.);
#1683 = DIRECTION('',(-1.,-0.));
#1684 = ( GEOMETRIC_REPRESENTATION_CONTEXT(2) 
PARAMETRIC_REPRESENTATION_CONTEXT() REPRESENTATION_CONTEXT('2D SPACE',''
  ) );
#1685 = ORIENTED_EDGE('',*,*,#330,.F.);
#1686 = ADVANCED_FACE('',(#1687),#527,.T.);
#1687 = FACE_BOUND('',#1688,.T.);
#1688 = EDGE_LOOP('',(#1689,#1712,#1739,#1740,#1741,#1742));
#1689 = ORIENTED_EDGE('',*,*,#1690,.T.);
#1690 = EDGE_CURVE('',#1641,#1691,#1693,.T.);
#1691 = VERTEX_POINT('',#1692);
#1692 = CARTESIAN_POINT('',(0.8,19.76,29.9));
#1693 = SEAM_CURVE('',#1694,(#1698,#1705),.PCURVE_S1.);
#1694 = LINE('',#1695,#1696);
#1695 = CARTESIAN_POINT('',(7.2,19.76,9.9));
#1696 = VECTOR('',#1697,1.);
#1697 = DIRECTION('',(-0.304775727104,7.464852373109E-17,0.952424147199)
  );
#1698 = PCURVE('',#527,#1699);
#1699 = DEFINITIONAL_REPRESENTATION('',(#1700),#1704);
#1700 = LINE('',#1701,#1702);
#1701 = CARTESIAN_POINT('',(-6.28318530718,0.));
#1702 = VECTOR('',#1703,1.);
#1703 = DIRECTION('',(-0.,-1.));
#1704 = ( GEOMETRIC_REPRESENTATION_CONTEXT(2) 
PARAMETRIC_REPRESENTATION_CONTEXT() REPRESENTATION_CONTEXT('2D SPACE',''
  ) );
#1705 = PCURVE('',#527,#1706);
#1706 = DEFINITIONAL_REPRESENTATION('',(#1707),#1711);
#1707 = LINE('',#1708,#1709);
#1708 = CARTESIAN_POINT('',(0.,-0.));
#1709 = VECTOR('',#1710,1.);
#1710 = DIRECTION('',(-0.,-1.));
#1711 = ( GEOMETRIC_REPRESENTATION_CONTEXT(2) 
PARAMETRIC_REPRESENTATION_CONTEXT() REPRESENTATION_CONTEXT('2D SPACE',''
  ) );
#1712 = ORIENTED_EDGE('',*,*,#1713,.F.);
#1713 = EDGE_CURVE('',#1691,#1691,#1714,.T.);
#1714 = SURFACE_CURVE('',#1715,(#1720,#1727),.PCURVE_S1.);
#1715 = CIRCLE('',#1716,0.8);
#1716 = AXIS2_PLACEMENT_3D('',#1717,#1718,#1719);
#1717 = CARTESIAN_POINT('',(0.,19.76,29.9));
#1718 = DIRECTION('',(0.,0.,1.));
#1719 = DIRECTION('',(1.,0.,-0.));
#1720 = PCURVE('',#527,#1721);
#1721 = DEFINITIONAL_REPRESENTATION('',(#1722),#1726);
#1722 = LINE('',#1723,#1724);
#1723 = CARTESIAN_POINT('',(-0.,-20.));
#1724 = VECTOR('',#1725,1.);
#1725 = DIRECTION('',(-1.,-0.));
#1726 = ( GEOMETRIC_REPRESENTATION_CONTEXT(2) 
PARAMETRIC_REPRESENTATION_CONTEXT() REPRESENTATION_CONTEXT('2D SPACE',''
  ) );
#1727 = PCURVE('',#1728,#1733);
#1728 = PLANE('',#1729);
#1729 = AXIS2_PLACEMENT_3D('',#1730,#1731,#1732);
#1730 = CARTESIAN_POINT('',(0.,19.76,29.9));
#1731 = DIRECTION('',(0.,0.,1.));
#1732 = DIRECTION('',(1.,0.,-0.));
#1733 = DEFINITIONAL_REPRESENTATION('',(#1734),#1738);
#1734 = CIRCLE('',#1735,0.8);
#1735 = AXIS2_PLACEMENT_2D('',#1736,#1737);
#1736 = CARTESIAN_POINT('',(0.,0.));
#1737 = DIRECTION('',(1.,0.));
#1738 = ( GEOMETRIC_REPRESENTATION_CONTEXT(2) 
PARAMETRIC_REPRESENTATION_CONTEXT() REPRESENTATION_CONTEXT('2D SPACE',''
  ) );
#1739 = ORIENTED_EDGE('',*,*,#1690,.F.);
#1740 = ORIENTED_EDGE('',*,*,#1664,.T.);
#1741 = ORIENTED_EDGE('',*,*,#361,.F.);
#1742 = ORIENTED_EDGE('',*,*,#1640,.T.);
#1743 = ADVANCED_FACE('',(#1744),#694,.T.);
#1744 = FACE_BOUND('',#1745,.T.);
#1745 = EDGE_LOOP('',(#1746,#1747,#1748,#1771,#1798,#1799,#1800,#1801,
    #1802));
#1746 = ORIENTED_EDGE('',*,*,#1613,.F.);
#1747 = ORIENTED_EDGE('',*,*,#618,.F.);
#1748 = ORIENTED_EDGE('',*,*,#1749,.F.);
#1749 = EDGE_CURVE('',#1750,#619,#1752,.T.);
#1750 = VERTEX_POINT('',#1751);
#1751 = CARTESIAN_POINT('',(21.,-5.143516556419E-15,0.));
#1752 = SEAM_CURVE('',#1753,(#1757,#1764),.PCURVE_S1.);
#1753 = LINE('',#1754,#1755);
#1754 = CARTESIAN_POINT('',(21.,-5.143516556419E-15,0.));
#1755 = VECTOR('',#1756,1.);
#1756 = DIRECTION('',(0.,0.,1.));
#1757 = PCURVE('',#694,#1758);
#1758 = DEFINITIONAL_REPRESENTATION('',(#1759),#1763);
#1759 = LINE('',#1760,#1761);
#1760 = CARTESIAN_POINT('',(6.28318530718,-0.));
#1761 = VECTOR('',#1762,1.);
#1762 = DIRECTION('',(0.,1.));
#1763 = ( GEOMETRIC_REPRESENTATION_CONTEXT(2) 
PARAMETRIC_REPRESENTATION_CONTEXT() REPRESENTATION_CONTEXT('2D SPACE',''
  ) );
#1764 = PCURVE('',#694,#1765);
#1765 = DEFINITIONAL_REPRESENTATION('',(#1766),#1770);
#1766 = LINE('',#1767,#1768);
#1767 = CARTESIAN_POINT('',(0.,-0.));
#1768 = VECTOR('',#1769,1.);
#1769 = DIRECTION('',(0.,1.));
#1770 = ( GEOMETRIC_REPRESENTATION_CONTEXT(2) 
PARAMETRIC_REPRESENTATION_CONTEXT() REPRESENTATION_CONTEXT('2D SPACE',''
  ) );
#1771 = ORIENTED_EDGE('',*,*,#1772,.T.);
#1772 = EDGE_CURVE('',#1750,#1750,#1773,.T.);
#1773 = SURFACE_CURVE('',#1774,(#1779,#1786),.PCURVE_S1.);
#1774 = CIRCLE('',#1775,21.);
#1775 = AXIS2_PLACEMENT_3D('',#1776,#1777,#1778);
#1776 = CARTESIAN_POINT('',(0.,0.,0.));
#1777 = DIRECTION('',(0.,0.,1.));
#1778 = DIRECTION('',(1.,0.,-0.));
#1779 = PCURVE('',#694,#1780);
#1780 = DEFINITIONAL_REPRESENTATION('',(#1781),#1785);
#1781 = LINE('',#1782,#1783);
#1782 = CARTESIAN_POINT('',(0.,0.));
#1783 = VECTOR('',#1784,1.);
#1784 = DIRECTION('',(1.,0.));
#1785 = ( GEOMETRIC_REPRESENTATION_CONTEXT(2) 
PARAMETRIC_REPRESENTATION_CONTEXT() REPRESENTATION_CONTEXT('2D SPACE',''
  ) );
#1786 = PCURVE('',#1787,#1792);
#1787 = PLANE('',#1788);
#1788 = AXIS2_PLACEMENT_3D('',#1789,#1790,#1791);
#1789 = CARTESIAN_POINT('',(0.,0.,0.));
#1790 = DIRECTION('',(0.,0.,1.));
#1791 = DIRECTION('',(1.,0.,-0.));
#1792 = DEFINITIONAL_REPRESENTATION('',(#1793),#1797);
#1793 = CIRCLE('',#1794,21.);
#1794 = AXIS2_PLACEMENT_2D('',#1795,#1796);
#1795 = CARTESIAN_POINT('',(0.,0.));
#1796 = DIRECTION('',(1.,0.));
#1797 = ( GEOMETRIC_REPRESENTATION_CONTEXT(2) 
PARAMETRIC_REPRESENTATION_CONTEXT() REPRESENTATION_CONTEXT('2D SPACE',''
  ) );
#1798 = ORIENTED_EDGE('',*,*,#1749,.T.);
#1799 = ORIENTED_EDGE('',*,*,#946,.F.);
#1800 = ORIENTED_EDGE('',*,*,#1134,.F.);
#1801 = ORIENTED_EDGE('',*,*,#1500,.T.);
#1802 = ORIENTED_EDGE('',*,*,#1369,.T.);
#1803 = ADVANCED_FACE('',(#1804,#1905),#820,.F.);
#1804 = FACE_BOUND('',#1805,.F.);
#1805 = EDGE_LOOP('',(#1806,#1829,#1856,#1857,#1858,#1881,#1903,#1904));
#1806 = ORIENTED_EDGE('',*,*,#1807,.T.);
#1807 = EDGE_CURVE('',#759,#1808,#1810,.T.);
#1808 = VERTEX_POINT('',#1809);
#1809 = CARTESIAN_POINT('',(9.36,-2.292538808004E-15,11.));
#1810 = SEAM_CURVE('',#1811,(#1815,#1822),.PCURVE_S1.);
#1811 = LINE('',#1812,#1813);
#1812 = CARTESIAN_POINT('',(9.36,-2.292538808004E-15,0.));
#1813 = VECTOR('',#1814,1.);
#1814 = DIRECTION('',(0.,0.,1.));
#1815 = PCURVE('',#820,#1816);
#1816 = DEFINITIONAL_REPRESENTATION('',(#1817),#1821);
#1817 = LINE('',#1818,#1819);
#1818 = CARTESIAN_POINT('',(6.28318530718,-0.));
#1819 = VECTOR('',#1820,1.);
#1820 = DIRECTION('',(0.,1.));
#1821 = ( GEOMETRIC_REPRESENTATION_CONTEXT(2) 
PARAMETRIC_REPRESENTATION_CONTEXT() REPRESENTATION_CONTEXT('2D SPACE',''
  ) );
#1822 = PCURVE('',#820,#1823);
#1823 = DEFINITIONAL_REPRESENTATION('',(#1824),#1828);
#1824 = LINE('',#1825,#1826);
#1825 = CARTESIAN_POINT('',(0.,-0.));
#1826 = VECTOR('',#1827,1.);
#1827 = DIRECTION('',(0.,1.));
#1828 = ( GEOMETRIC_REPRESENTATION_CONTEXT(2) 
PARAMETRIC_REPRESENTATION_CONTEXT() REPRESENTATION_CONTEXT('2D SPACE',''
  ) );
#1829 = ORIENTED_EDGE('',*,*,#1830,.F.);
#1830 = EDGE_CURVE('',#1808,#1808,#1831,.T.);
#1831 = SURFACE_CURVE('',#1832,(#1837,#1844),.PCURVE_S1.);
#1832 = CIRCLE('',#1833,9.36);
#1833 = AXIS2_PLACEMENT_3D('',#1834,#1835,#1836);
#1834 = CARTESIAN_POINT('',(0.,0.,11.));
#1835 = DIRECTION('',(0.,0.,1.));
#1836 = DIRECTION('',(1.,0.,-0.));
#1837 = PCURVE('',#820,#1838);
#1838 = DEFINITIONAL_REPRESENTATION('',(#1839),#1843);
#1839 = LINE('',#1840,#1841);
#1840 = CARTESIAN_POINT('',(0.,11.));
#1841 = VECTOR('',#1842,1.);
#1842 = DIRECTION('',(1.,0.));
#1843 = ( GEOMETRIC_REPRESENTATION_CONTEXT(2) 
PARAMETRIC_REPRESENTATION_CONTEXT() REPRESENTATION_CONTEXT('2D SPACE',''
  ) );
#1844 = PCURVE('',#1845,#1850);
#1845 = PLANE('',#1846);
#1846 = AXIS2_PLACEMENT_3D('',#1847,#1848,#1849);
#1847 = CARTESIAN_POINT('',(0.,0.,11.));
#1848 = DIRECTION('',(0.,0.,1.));
#1849 = DIRECTION('',(1.,0.,-0.));
#1850 = DEFINITIONAL_REPRESENTATION('',(#1851),#1855);
#1851 = CIRCLE('',#1852,9.36);
#1852 = AXIS2_PLACEMENT_2D('',#1853,#1854);
#1853 = CARTESIAN_POINT('',(0.,0.));
#1854 = DIRECTION('',(1.,0.));
#1855 = ( GEOMETRIC_REPRESENTATION_CONTEXT(2) 
PARAMETRIC_REPRESENTATION_CONTEXT() REPRESENTATION_CONTEXT('2D SPACE',''
  ) );
#1856 = ORIENTED_EDGE('',*,*,#1807,.F.);
#1857 = ORIENTED_EDGE('',*,*,#758,.F.);
#1858 = ORIENTED_EDGE('',*,*,#1859,.F.);
#1859 = EDGE_CURVE('',#1860,#736,#1862,.T.);
#1860 = VERTEX_POINT('',#1861);
#1861 = CARTESIAN_POINT('',(9.36,-2.292538808004E-15,0.));
#1862 = SEAM_CURVE('',#1863,(#1867,#1874),.PCURVE_S1.);
#1863 = LINE('',#1864,#1865);
#1864 = CARTESIAN_POINT('',(9.36,-2.292538808004E-15,0.));
#1865 = VECTOR('',#1866,1.);
#1866 = DIRECTION('',(0.,0.,1.));
#1867 = PCURVE('',#820,#1868);
#1868 = DEFINITIONAL_REPRESENTATION('',(#1869),#1873);
#1869 = LINE('',#1870,#1871);
#1870 = CARTESIAN_POINT('',(6.28318530718,-0.));
#1871 = VECTOR('',#1872,1.);
#1872 = DIRECTION('',(0.,1.));
#1873 = ( GEOMETRIC_REPRESENTATION_CONTEXT(2) 
PARAMETRIC_REPRESENTATION_CONTEXT() REPRESENTATION_CONTEXT('2D SPACE',''
  ) );
#1874 = PCURVE('',#820,#1875);
#1875 = DEFINITIONAL_REPRESENTATION('',(#1876),#1880);
#1876 = LINE('',#1877,#1878);
#1877 = CARTESIAN_POINT('',(0.,-0.));
#1878 = VECTOR('',#1879,1.);
#1879 = DIRECTION('',(0.,1.));
#1880 = ( GEOMETRIC_REPRESENTATION_CONTEXT(2) 
PARAMETRIC_REPRESENTATION_CONTEXT() REPRESENTATION_CONTEXT('2D SPACE',''
  ) );
#1881 = ORIENTED_EDGE('',*,*,#1882,.T.);
#1882 = EDGE_CURVE('',#1860,#1860,#1883,.T.);
#1883 = SURFACE_CURVE('',#1884,(#1889,#1896),.PCURVE_S1.);
#1884 = CIRCLE('',#1885,9.36);
#1885 = AXIS2_PLACEMENT_3D('',#1886,#1887,#1888);
#1886 = CARTESIAN_POINT('',(0.,0.,0.));
#1887 = DIRECTION('',(0.,0.,1.));
#1888 = DIRECTION('',(1.,0.,-0.));
#1889 = PCURVE('',#820,#1890);
#1890 = DEFINITIONAL_REPRESENTATION('',(#1891),#1895);
#1891 = LINE('',#1892,#1893);
#1892 = CARTESIAN_POINT('',(0.,0.));
#1893 = VECTOR('',#1894,1.);
#1894 = DIRECTION('',(1.,0.));
#1895 = ( GEOMETRIC_REPRESENTATION_CONTEXT(2) 
PARAMETRIC_REPRESENTATION_CONTEXT() REPRESENTATION_CONTEXT('2D SPACE',''
  ) );
#1896 = PCURVE('',#1787,#1897);
#1897 = DEFINITIONAL_REPRESENTATION('',(#1898),#1902);
#1898 = CIRCLE('',#1899,9.36);
#1899 = AXIS2_PLACEMENT_2D('',#1900,#1901);
#1900 = CARTESIAN_POINT('',(0.,0.));
#1901 = DIRECTION('',(1.,0.));
#1902 = ( GEOMETRIC_REPRESENTATION_CONTEXT(2) 
PARAMETRIC_REPRESENTATION_CONTEXT() REPRESENTATION_CONTEXT('2D SPACE',''
  ) );
#1903 = ORIENTED_EDGE('',*,*,#1859,.T.);
#1904 = ORIENTED_EDGE('',*,*,#855,.F.);
#1905 = FACE_BOUND('',#1906,.F.);
#1906 = EDGE_LOOP('',(#1907));
#1907 = ORIENTED_EDGE('',*,*,#1182,.T.);
#1908 = ADVANCED_FACE('',(#1909),#1116,.T.);
#1909 = FACE_BOUND('',#1910,.T.);
#1910 = EDGE_LOOP('',(#1911,#1940,#1961,#1962));
#1911 = ORIENTED_EDGE('',*,*,#1912,.F.);
#1912 = EDGE_CURVE('',#1913,#1913,#1915,.T.);
#1913 = VERTEX_POINT('',#1914);
#1914 = CARTESIAN_POINT('',(16.,-3.918869757272E-15,38.));
#1915 = SURFACE_CURVE('',#1916,(#1921,#1928),.PCURVE_S1.);
#1916 = CIRCLE('',#1917,16.);
#1917 = AXIS2_PLACEMENT_3D('',#1918,#1919,#1920);
#1918 = CARTESIAN_POINT('',(0.,0.,38.));
#1919 = DIRECTION('',(0.,0.,1.));
#1920 = DIRECTION('',(1.,0.,-0.));
#1921 = PCURVE('',#1116,#1922);
#1922 = DEFINITIONAL_REPRESENTATION('',(#1923),#1927);
#1923 = LINE('',#1924,#1925);
#1924 = CARTESIAN_POINT('',(0.,7.));
#1925 = VECTOR('',#1926,1.);
#1926 = DIRECTION('',(1.,0.));
#1927 = ( GEOMETRIC_REPRESENTATION_CONTEXT(2) 
PARAMETRIC_REPRESENTATION_CONTEXT() REPRESENTATION_CONTEXT('2D SPACE',''
  ) );
#1928 = PCURVE('',#1929,#1934);
#1929 = PLANE('',#1930);
#1930 = AXIS2_PLACEMENT_3D('',#1931,#1932,#1933);
#1931 = CARTESIAN_POINT('',(0.,0.,38.));
#1932 = DIRECTION('',(0.,0.,1.));
#1933 = DIRECTION('',(1.,0.,-0.));
#1934 = DEFINITIONAL_REPRESENTATION('',(#1935),#1939);
#1935 = CIRCLE('',#1936,16.);
#1936 = AXIS2_PLACEMENT_2D('',#1937,#1938);
#1937 = CARTESIAN_POINT('',(0.,0.));
#1938 = DIRECTION('',(1.,0.));
#1939 = ( GEOMETRIC_REPRESENTATION_CONTEXT(2) 
PARAMETRIC_REPRESENTATION_CONTEXT() REPRESENTATION_CONTEXT('2D SPACE',''
  ) );
#1940 = ORIENTED_EDGE('',*,*,#1941,.F.);
#1941 = EDGE_CURVE('',#1100,#1913,#1942,.T.);
#1942 = SEAM_CURVE('',#1943,(#1947,#1954),.PCURVE_S1.);
#1943 = LINE('',#1944,#1945);
#1944 = CARTESIAN_POINT('',(16.,-3.918869757272E-15,31.));
#1945 = VECTOR('',#1946,1.);
#1946 = DIRECTION('',(0.,0.,1.));
#1947 = PCURVE('',#1116,#1948);
#1948 = DEFINITIONAL_REPRESENTATION('',(#1949),#1953);
#1949 = LINE('',#1950,#1951);
#1950 = CARTESIAN_POINT('',(6.28318530718,-0.));
#1951 = VECTOR('',#1952,1.);
#1952 = DIRECTION('',(0.,1.));
#1953 = ( GEOMETRIC_REPRESENTATION_CONTEXT(2) 
PARAMETRIC_REPRESENTATION_CONTEXT() REPRESENTATION_CONTEXT('2D SPACE',''
  ) );
#1954 = PCURVE('',#1116,#1955);
#1955 = DEFINITIONAL_REPRESENTATION('',(#1956),#1960);
#1956 = LINE('',#1957,#1958);
#1957 = CARTESIAN_POINT('',(0.,-0.));
#1958 = VECTOR('',#1959,1.);
#1959 = DIRECTION('',(0.,1.));
#1960 = ( GEOMETRIC_REPRESENTATION_CONTEXT(2) 
PARAMETRIC_REPRESENTATION_CONTEXT() REPRESENTATION_CONTEXT('2D SPACE',''
  ) );
#1961 = ORIENTED_EDGE('',*,*,#1099,.T.);
#1962 = ORIENTED_EDGE('',*,*,#1941,.T.);
#1963 = ADVANCED_FACE('',(#1964),#1728,.T.);
#1964 = FACE_BOUND('',#1965,.T.);
#1965 = EDGE_LOOP('',(#1966));
#1966 = ORIENTED_EDGE('',*,*,#1713,.T.);
#1967 = ADVANCED_FACE('',(#1968,#1971),#1787,.F.);
#1968 = FACE_BOUND('',#1969,.F.);
#1969 = EDGE_LOOP('',(#1970));
#1970 = ORIENTED_EDGE('',*,*,#1772,.T.);
#1971 = FACE_BOUND('',#1972,.F.);
#1972 = EDGE_LOOP('',(#1973));
#1973 = ORIENTED_EDGE('',*,*,#1882,.F.);
#1974 = ADVANCED_FACE('',(#1975),#1845,.F.);
#1975 = FACE_BOUND('',#1976,.F.);
#1976 = EDGE_LOOP('',(#1977));
#1977 = ORIENTED_EDGE('',*,*,#1830,.T.);
#1978 = ADVANCED_FACE('',(#1979),#1929,.T.);
#1979 = FACE_BOUND('',#1980,.T.);
#1980 = EDGE_LOOP('',(#1981));
#1981 = ORIENTED_EDGE('',*,*,#1912,.T.);
#1982 = ( GEOMETRIC_REPRESENTATION_CONTEXT(3) 
GLOBAL_UNCERTAINTY_ASSIGNED_CONTEXT((#1986)) 
GLOBAL_UNIT_ASSIGNED_CONTEXT((#1983,#1984,#1985)) REPRESENTATION_CONTEXT
('Context #1','3D Context with UNIT and UNCERTAINTY') );
#1983 = ( LENGTH_UNIT() NAMED_UNIT(*) SI_UNIT(.MILLI.,.METRE.) );
#1984 = ( NAMED_UNIT(*) PLANE_ANGLE_UNIT() SI_UNIT($,.RADIAN.) );
#1985 = ( NAMED_UNIT(*) SI_UNIT($,.STERADIAN.) SOLID_ANGLE_UNIT() );
#1986 = UNCERTAINTY_MEASURE_WITH_UNIT(LENGTH_MEASURE(1.E-07),#1983,
  'distance_accuracy_value','confusion accuracy');
#1987 = CONTEXT_DEPENDENT_SHAPE_REPRESENTATION(#1988,#1990);
#1988 = ( REPRESENTATION_RELATIONSHIP('','',#32,#10) 
REPRESENTATION_RELATIONSHIP_WITH_TRANSFORMATION(#1989) 
SHAPE_REPRESENTATION_RELATIONSHIP() );
#1989 = ITEM_DEFINED_TRANSFORMATION('','',#11,#15);
#1990 = PRODUCT_DEFINITION_SHAPE('Placement','Placement of an item',
  #1991);
#1991 = NEXT_ASSEMBLY_USAGE_OCCURRENCE('1','=>[0:1:1:2]','',#5,#27,$);
#1992 = PRODUCT_RELATED_PRODUCT_CATEGORY('part',$,(#29));
ENDSEC;
END-ISO-10303-21;
