ISO-10303-21;
HEADER;
FILE_DESCRIPTION(('Open CASCADE Model'),'2;1');
FILE_NAME('Open CASCADE Shape Model','2026-09-27T21:06:29',('Author'),(
    'Open CASCADE'),'Open CASCADE STEP processor 8.0','build123d',
  'Unknown');
FILE_SCHEMA(('AUTOMOTIVE_DESIGN { 1 0 10303 214 1 1 1 1 }'));
ENDSEC;
DATA;
#1 = APPLICATION_PROTOCOL_DEFINITION('international standard',
  'automotive_design',2000,#2);
#2 = APPLICATION_CONTEXT(
  'core data for automotive mechanical design processes');
#3 = SHAPE_DEFINITION_REPRESENTATION(#4,#10);
#4 = PRODUCT_DEFINITION_SHAPE('','',#5);
#5 = PRODUCT_DEFINITION('design','',#6,#9);
#6 = PRODUCT_DEFINITION_FORMATION('','',#7);
#7 = PRODUCT('=>[0:1:1:2]','=>[0:1:1:2]','',(#8));
#8 = PRODUCT_CONTEXT('',#2,'mechanical');
#9 = PRODUCT_DEFINITION_CONTEXT('part definition',#2,'design');
#10 = SHAPE_REPRESENTATION('',(#11,#15),#19);
#11 = AXIS2_PLACEMENT_3D('',#12,#13,#14);
#12 = CARTESIAN_POINT('',(0.,0.,0.));
#13 = DIRECTION('',(0.,0.,1.));
#14 = DIRECTION('',(1.,0.,-0.));
#15 = AXIS2_PLACEMENT_3D('',#16,#17,#18);
#16 = CARTESIAN_POINT('',(0.,0.,0.));
#17 = DIRECTION('',(0.,-0.13917310096,0.990268068742));
#18 = DIRECTION('',(1.,0.,0.));
#19 = ( GEOMETRIC_REPRESENTATION_CONTEXT(3) 
GLOBAL_UNCERTAINTY_ASSIGNED_CONTEXT((#23)) GLOBAL_UNIT_ASSIGNED_CONTEXT(
(#20,#21,#22)) REPRESENTATION_CONTEXT('Context #1',
  '3D Context with UNIT and UNCERTAINTY') );
#20 = ( LENGTH_UNIT() NAMED_UNIT(*) SI_UNIT(.MILLI.,.METRE.) );
#21 = ( NAMED_UNIT(*) PLANE_ANGLE_UNIT() SI_UNIT($,.RADIAN.) );
#22 = ( NAMED_UNIT(*) SI_UNIT($,.STERADIAN.) SOLID_ANGLE_UNIT() );
#23 = UNCERTAINTY_MEASURE_WITH_UNIT(LENGTH_MEASURE(1.E-07),#20,
  'distance_accuracy_value','confusion accuracy');
#24 = PRODUCT_RELATED_PRODUCT_CATEGORY('part',$,(#7));
#25 = SHAPE_DEFINITION_REPRESENTATION(#26,#32);
#26 = PRODUCT_DEFINITION_SHAPE('','',#27);
#27 = PRODUCT_DEFINITION('design','',#28,#31);
#28 = PRODUCT_DEFINITION_FORMATION('','',#29);
#29 = PRODUCT('COMPOUND','COMPOUND','',(#30));
#30 = PRODUCT_CONTEXT('',#2,'mechanical');
#31 = PRODUCT_DEFINITION_CONTEXT('part definition',#2,'design');
#32 = SHAPE_REPRESENTATION('',(#11,#33,#1911),#2009);
#33 = MANIFOLD_SOLID_BREP('',#34);
#34 = CLOSED_SHELL('',(#35,#327,#964,#999,#1047,#1648,#1676,#1736,#1841,
    #1896,#1903,#1907));
#35 = ADVANCED_FACE('',(#36),#54,.T.);
#36 = FACE_BOUND('',#37,.T.);
#37 = EDGE_LOOP('',(#38,#85,#114,#214,#243,#276,#299,#326));
#38 = ORIENTED_EDGE('',*,*,#39,.F.);
#39 = EDGE_CURVE('',#40,#42,#44,.T.);
#40 = VERTEX_POINT('',#41);
#41 = CARTESIAN_POINT('',(9.326126067335,0.916515138991,7.));
#42 = VERTEX_POINT('',#43);
#43 = CARTESIAN_POINT('',(9.347368421053,-2.289444963459E-15,7.2));
#44 = SURFACE_CURVE('',#45,(#53,#69),.PCURVE_S1.);
#45 = B_SPLINE_CURVE_WITH_KNOTS('',6,(#46,#47,#48,#49,#50,#51,#52),
  .UNSPECIFIED.,.F.,.F.,(7,7),(0.,1.),.PIECEWISE_BEZIER_KNOTS.);
#46 = CARTESIAN_POINT('',(9.326126067335,0.916515138991,7.));
#47 = CARTESIAN_POINT('',(9.332120510959,0.779484168008,7.062795479708)
  );
#48 = CARTESIAN_POINT('',(9.337692661628,0.634007126963,7.115829897742)
  );
#49 = CARTESIAN_POINT('',(9.342378592512,0.481232608824,7.157345876313)
  );
#50 = CARTESIAN_POINT('',(9.345707262477,0.322891725759,7.185790768009)
  );
#51 = CARTESIAN_POINT('',(9.347368421053,0.161395330641,7.2));
#52 = CARTESIAN_POINT('',(9.347368421053,0.,7.2));
#53 = PCURVE('',#54,#59);
#54 = CONICAL_SURFACE('',#55,10.2,0.117872103197);
#55 = AXIS2_PLACEMENT_3D('',#56,#57,#58);
#56 = CARTESIAN_POINT('',(0.,0.,0.));
#57 = DIRECTION('',(-0.,-0.,-1.));
#58 = DIRECTION('',(1.,0.,-0.));
#59 = DEFINITIONAL_REPRESENTATION('',(#60),#68);
#60 = B_SPLINE_CURVE_WITH_KNOTS('',6,(#61,#62,#63,#64,#65,#66,#67),
  .UNSPECIFIED.,.F.,.F.,(7,7),(0.,1.),.PIECEWISE_BEZIER_KNOTS.);
#61 = CARTESIAN_POINT('',(-9.795939020218E-02,-7.));
#62 = CARTESIAN_POINT('',(-8.334413855226E-02,-7.062795479708));
#63 = CARTESIAN_POINT('',(-6.780848205159E-02,-7.115829897742));
#64 = CARTESIAN_POINT('',(-5.147848100256E-02,-7.157345876313));
#65 = CARTESIAN_POINT('',(-3.454360046819E-02,-7.185790768009));
#66 = CARTESIAN_POINT('',(-1.726639235466E-02,-7.2));
#67 = CARTESIAN_POINT('',(0.,-7.2));
#68 = ( GEOMETRIC_REPRESENTATION_CONTEXT(2) 
PARAMETRIC_REPRESENTATION_CONTEXT() REPRESENTATION_CONTEXT('2D SPACE',''
  ) );
#69 = PCURVE('',#70,#75);
#70 = CYLINDRICAL_SURFACE('',#71,2.2);
#71 = AXIS2_PLACEMENT_3D('',#72,#73,#74);
#72 = CARTESIAN_POINT('',(-18.2,0.,5.));
#73 = DIRECTION('',(1.,0.,2.22044604925E-16));
#74 = DIRECTION('',(2.22044604925E-16,0.,-1.));
#75 = DEFINITIONAL_REPRESENTATION('',(#76),#84);
#76 = B_SPLINE_CURVE_WITH_KNOTS('',6,(#77,#78,#79,#80,#81,#82,#83),
  .UNSPECIFIED.,.F.,.F.,(7,7),(0.,1.),.PIECEWISE_BEZIER_KNOTS.);
#77 = CARTESIAN_POINT('',(2.711892987438,27.526126067335));
#78 = CARTESIAN_POINT('',(2.78040847293,27.532120510959));
#79 = CARTESIAN_POINT('',(2.850565164872,27.537692661628));
#80 = CARTESIAN_POINT('',(2.9221381079,27.542378592512));
#81 = CARTESIAN_POINT('',(2.994824113519,27.545707262477));
#82 = CARTESIAN_POINT('',(3.068231139662,27.547368421053));
#83 = CARTESIAN_POINT('',(3.14159265359,27.547368421053));
#84 = ( GEOMETRIC_REPRESENTATION_CONTEXT(2) 
PARAMETRIC_REPRESENTATION_CONTEXT() REPRESENTATION_CONTEXT('2D SPACE',''
  ) );
#85 = ORIENTED_EDGE('',*,*,#86,.T.);
#86 = EDGE_CURVE('',#40,#87,#89,.T.);
#87 = VERTEX_POINT('',#88);
#88 = CARTESIAN_POINT('',(-9.326126067335,0.916515138991,7.));
#89 = SURFACE_CURVE('',#90,(#95,#102),.PCURVE_S1.);
#90 = CIRCLE('',#91,9.371052631579);
#91 = AXIS2_PLACEMENT_3D('',#92,#93,#94);
#92 = CARTESIAN_POINT('',(0.,0.,7.));
#93 = DIRECTION('',(0.,0.,1.));
#94 = DIRECTION('',(1.,0.,-0.));
#95 = PCURVE('',#54,#96);
#96 = DEFINITIONAL_REPRESENTATION('',(#97),#101);
#97 = LINE('',#98,#99);
#98 = CARTESIAN_POINT('',(-0.,-7.));
#99 = VECTOR('',#100,1.);
#100 = DIRECTION('',(-1.,-0.));
#101 = ( GEOMETRIC_REPRESENTATION_CONTEXT(2) 
PARAMETRIC_REPRESENTATION_CONTEXT() REPRESENTATION_CONTEXT('2D SPACE',''
  ) );
#102 = PCURVE('',#103,#108);
#103 = PLANE('',#104);
#104 = AXIS2_PLACEMENT_3D('',#105,#106,#107);
#105 = CARTESIAN_POINT('',(0.,0.,7.));
#106 = DIRECTION('',(0.,0.,1.));
#107 = DIRECTION('',(1.,0.,-0.));
#108 = DEFINITIONAL_REPRESENTATION('',(#109),#113);
#109 = CIRCLE('',#110,9.371052631579);
#110 = AXIS2_PLACEMENT_2D('',#111,#112);
#111 = CARTESIAN_POINT('',(0.,0.));
#112 = DIRECTION('',(1.,0.));
#113 = ( GEOMETRIC_REPRESENTATION_CONTEXT(2) 
PARAMETRIC_REPRESENTATION_CONTEXT() REPRESENTATION_CONTEXT('2D SPACE',''
  ) );
#114 = ORIENTED_EDGE('',*,*,#115,.T.);
#115 = EDGE_CURVE('',#87,#116,#118,.T.);
#116 = VERTEX_POINT('',#117);
#117 = CARTESIAN_POINT('',(-9.326126067335,-0.916515138991,7.));
#118 = SURFACE_CURVE('',#119,(#147,#178),.PCURVE_S1.);
#119 = B_SPLINE_CURVE_WITH_KNOTS('',6,(#120,#121,#122,#123,#124,#125,
    #126,#127,#128,#129,#130,#131,#132,#133,#134,#135,#136,#137,#138,
    #139,#140,#141,#142,#143,#144,#145,#146),.UNSPECIFIED.,.F.,.F.,(7,5,
    5,5,5,7),(0.,0.175568994967,0.499105394491,0.722464281586,
    0.824700522027,1.),.UNSPECIFIED.);
#120 = CARTESIAN_POINT('',(-9.326126067335,0.916515138991,7.));
#121 = CARTESIAN_POINT('',(-9.328231878472,0.868377002577,7.022059665393
    ));
#122 = CARTESIAN_POINT('',(-9.33028459902,0.81921957327,7.042904063096)
  );
#123 = CARTESIAN_POINT('',(-9.332264697034,0.769082086094,7.062465230223
    ));
#124 = CARTESIAN_POINT('',(-9.334152414356,0.718014476015,7.080674137718
    ));
#125 = CARTESIAN_POINT('',(-9.335928581914,0.666079142149,7.097463456911
    ));
#126 = CARTESIAN_POINT('',(-9.340610235837,0.516189090425,7.140977637599
    ));
#127 = CARTESIAN_POINT('',(-9.343206815072,0.416309861772,7.164159317699
    ));
#128 = CARTESIAN_POINT('',(-9.345252155042,0.314243753944,7.181901570757
    ));
#129 = CARTESIAN_POINT('',(-9.346653443149,0.210618811374,7.193885708018
    ));
#130 = CARTESIAN_POINT('',(-9.3473587464,0.106166614935,7.199917267698)
  );
#131 = CARTESIAN_POINT('',(-9.347374965897,-7.037220574719E-02,
    7.20005596791));
#132 = CARTESIAN_POINT('',(-9.347050029401,-0.142481512704,
    7.197277002965));
#133 = CARTESIAN_POINT('',(-9.346393195923,-0.21433152803,7.191661597237
    ));
#134 = CARTESIAN_POINT('',(-9.345415971711,-0.285672071851,
    7.183250781977));
#135 = CARTESIAN_POINT('',(-9.344139765215,-0.356271049797,
    7.172121095925));
#136 = CARTESIAN_POINT('',(-9.341886391965,-0.457792245002,
    7.152087823963));
#137 = CARTESIAN_POINT('',(-9.341122308476,-0.48947065772,7.145249681835
    ));
#138 = CARTESIAN_POINT('',(-9.340304514946,-0.520930444072,7.13787385946
    ));
#139 = CARTESIAN_POINT('',(-9.339436072328,-0.552153505035,
    7.129971241658));
#140 = CARTESIAN_POINT('',(-9.338520283916,-0.583123222666,
    7.121553544842));
#141 = CARTESIAN_POINT('',(-9.335915335798,-0.666466369392,
    7.097338238934));
#142 = CARTESIAN_POINT('',(-9.334141152711,-0.718319085681,
    7.080565502082));
#143 = CARTESIAN_POINT('',(-9.33225583794,-0.769306385364,7.062377708564
    ));
#144 = CARTESIAN_POINT('',(-9.33027847662,-0.819366184781,7.042841891314
    ));
#145 = CARTESIAN_POINT('',(-9.328228738175,-0.868448788733,
    7.022026768844));
#146 = CARTESIAN_POINT('',(-9.326126067335,-0.916515138991,7.));
#147 = PCURVE('',#54,#148);
#148 = DEFINITIONAL_REPRESENTATION('',(#149),#177);
#149 = B_SPLINE_CURVE_WITH_KNOTS('',6,(#150,#151,#152,#153,#154,#155,
    #156,#157,#158,#159,#160,#161,#162,#163,#164,#165,#166,#167,#168,
    #169,#170,#171,#172,#173,#174,#175,#176),.UNSPECIFIED.,.F.,.F.,(7,5,
    5,5,5,7),(0.,0.175568994967,0.499105394491,0.722464281586,
    0.824700522027,1.),.UNSPECIFIED.);
#150 = CARTESIAN_POINT('',(-3.043633263388,-7.));
#151 = CARTESIAN_POINT('',(-3.048767511307,-7.022059665393));
#152 = CARTESIAN_POINT('',(-3.054012889104,-7.042904063096));
#153 = CARTESIAN_POINT('',(-3.059365054126,-7.062465230223));
#154 = CARTESIAN_POINT('',(-3.064818507357,-7.080674137718));
#155 = CARTESIAN_POINT('',(-3.070366405974,-7.097463456911));
#156 = CARTESIAN_POINT('',(-3.086382586875,-7.140977637599));
#157 = CARTESIAN_POINT('',(-3.097060199529,-7.164159317699));
#158 = CARTESIAN_POINT('',(-3.107975556921,-7.181901570757));
#159 = CARTESIAN_POINT('',(-3.119060249702,-7.193885708018));
#160 = CARTESIAN_POINT('',(-3.130234738802,-7.199917267698));
#161 = CARTESIAN_POINT('',(-3.14912121157,-7.20005596791));
#162 = CARTESIAN_POINT('',(-3.156835614801,-7.197277002965));
#163 = CARTESIAN_POINT('',(-3.164521864344,-7.191661597237));
#164 = CARTESIAN_POINT('',(-3.172152774665,-7.183250781977));
#165 = CARTESIAN_POINT('',(-3.179703104914,-7.172121095925));
#166 = CARTESIAN_POINT('',(-3.190558029748,-7.152087823963));
#167 = CARTESIAN_POINT('',(-3.193944817764,-7.145249681835));
#168 = CARTESIAN_POINT('',(-3.197307836002,-7.13787385946));
#169 = CARTESIAN_POINT('',(-3.200645111454,-7.129971241658));
#170 = CARTESIAN_POINT('',(-3.20395483049,-7.121553544842));
#171 = CARTESIAN_POINT('',(-3.212860266021,-7.097338238934));
#172 = CARTESIAN_POINT('',(-3.218399328724,-7.080565502082));
#173 = CARTESIAN_POINT('',(-3.223844196934,-7.062377708564));
#174 = CARTESIAN_POINT('',(-3.229188062354,-7.042841891314));
#175 = CARTESIAN_POINT('',(-3.234425452337,-7.022026768844));
#176 = CARTESIAN_POINT('',(-3.239552043792,-7.));
#177 = ( GEOMETRIC_REPRESENTATION_CONTEXT(2) 
PARAMETRIC_REPRESENTATION_CONTEXT() REPRESENTATION_CONTEXT('2D SPACE',''
  ) );
#178 = PCURVE('',#179,#184);
#179 = CYLINDRICAL_SURFACE('',#180,2.2);
#180 = AXIS2_PLACEMENT_3D('',#181,#182,#183);
#181 = CARTESIAN_POINT('',(-18.2,0.,5.));
#182 = DIRECTION('',(1.,0.,2.22044604925E-16));
#183 = DIRECTION('',(2.22044604925E-16,0.,-1.));
#184 = DEFINITIONAL_REPRESENTATION('',(#185),#213);
#185 = B_SPLINE_CURVE_WITH_KNOTS('',6,(#186,#187,#188,#189,#190,#191,
    #192,#193,#194,#195,#196,#197,#198,#199,#200,#201,#202,#203,#204,
    #205,#206,#207,#208,#209,#210,#211,#212),.UNSPECIFIED.,.F.,.F.,(7,5,
    5,5,5,7),(0.,0.175568994967,0.499105394491,0.722464281586,
    0.824700522027,1.),.UNSPECIFIED.);
#186 = CARTESIAN_POINT('',(2.711892987438,8.873873932665));
#187 = CARTESIAN_POINT('',(2.735962055645,8.871768121528));
#188 = CARTESIAN_POINT('',(2.760222202712,8.86971540098));
#189 = CARTESIAN_POINT('',(2.784669398888,8.867735302966));
#190 = CARTESIAN_POINT('',(2.809297115693,8.865847585644));
#191 = CARTESIAN_POINT('',(2.834095703054,8.864071418086));
#192 = CARTESIAN_POINT('',(2.905040495242,8.859389764163));
#193 = CARTESIAN_POINT('',(2.951577748718,8.856793184928));
#194 = CARTESIAN_POINT('',(2.998555516589,8.854747844958));
#195 = CARTESIAN_POINT('',(3.045854696173,8.853346556851));
#196 = CARTESIAN_POINT('',(3.093335086614,8.8526412536));
#197 = CARTESIAN_POINT('',(3.173580029873,8.852625034103));
#198 = CARTESIAN_POINT('',(3.206355960344,8.852949970599));
#199 = CARTESIAN_POINT('',(3.239076475987,8.853606804077));
#200 = CARTESIAN_POINT('',(3.27169103771,8.854584028289));
#201 = CARTESIAN_POINT('',(3.304153791681,8.855860234785));
#202 = CARTESIAN_POINT('',(3.351189660405,8.858113608035));
#203 = CARTESIAN_POINT('',(3.365918259814,8.858877691524));
#204 = CARTESIAN_POINT('',(3.380602495587,8.859695485054));
#205 = CARTESIAN_POINT('',(3.395238958053,8.860563927672));
#206 = CARTESIAN_POINT('',(3.409824619092,8.861479716084));
#207 = CARTESIAN_POINT('',(3.449274506611,8.864084664202));
#208 = CARTESIAN_POINT('',(3.474035095176,8.865858847289));
#209 = CARTESIAN_POINT('',(3.498625279237,8.86774416206));
#210 = CARTESIAN_POINT('',(3.523035460838,8.86972152338));
#211 = CARTESIAN_POINT('',(3.547259144612,8.871771261825));
#212 = CARTESIAN_POINT('',(3.571292319741,8.873873932665));
#213 = ( GEOMETRIC_REPRESENTATION_CONTEXT(2) 
PARAMETRIC_REPRESENTATION_CONTEXT() REPRESENTATION_CONTEXT('2D SPACE',''
  ) );
#214 = ORIENTED_EDGE('',*,*,#215,.T.);
#215 = EDGE_CURVE('',#116,#216,#218,.T.);
#216 = VERTEX_POINT('',#217);
#217 = CARTESIAN_POINT('',(9.326126067335,-0.916515138991,7.));
#218 = SURFACE_CURVE('',#219,(#224,#231),.PCURVE_S1.);
#219 = CIRCLE('',#220,9.371052631579);
#220 = AXIS2_PLACEMENT_3D('',#221,#222,#223);
#221 = CARTESIAN_POINT('',(0.,0.,7.));
#222 = DIRECTION('',(0.,0.,1.));
#223 = DIRECTION('',(1.,0.,-0.));
#224 = PCURVE('',#54,#225);
#225 = DEFINITIONAL_REPRESENTATION('',(#226),#230);
#226 = LINE('',#227,#228);
#227 = CARTESIAN_POINT('',(-0.,-7.));
#228 = VECTOR('',#229,1.);
#229 = DIRECTION('',(-1.,-0.));
#230 = ( GEOMETRIC_REPRESENTATION_CONTEXT(2) 
PARAMETRIC_REPRESENTATION_CONTEXT() REPRESENTATION_CONTEXT('2D SPACE',''
  ) );
#231 = PCURVE('',#232,#237);
#232 = PLANE('',#233);
#233 = AXIS2_PLACEMENT_3D('',#234,#235,#236);
#234 = CARTESIAN_POINT('',(0.,0.,7.));
#235 = DIRECTION('',(0.,0.,1.));
#236 = DIRECTION('',(1.,0.,-0.));
#237 = DEFINITIONAL_REPRESENTATION('',(#238),#242);
#238 = CIRCLE('',#239,9.371052631579);
#239 = AXIS2_PLACEMENT_2D('',#240,#241);
#240 = CARTESIAN_POINT('',(0.,0.));
#241 = DIRECTION('',(1.,0.));
#242 = ( GEOMETRIC_REPRESENTATION_CONTEXT(2) 
PARAMETRIC_REPRESENTATION_CONTEXT() REPRESENTATION_CONTEXT('2D SPACE',''
  ) );
#243 = ORIENTED_EDGE('',*,*,#244,.F.);
#244 = EDGE_CURVE('',#42,#216,#245,.T.);
#245 = SURFACE_CURVE('',#246,(#254,#265),.PCURVE_S1.);
#246 = B_SPLINE_CURVE_WITH_KNOTS('',6,(#247,#248,#249,#250,#251,#252,
    #253),.UNSPECIFIED.,.F.,.F.,(7,7),(0.,1.),.PIECEWISE_BEZIER_KNOTS.);
#247 = CARTESIAN_POINT('',(9.347368421053,2.22044604925E-16,7.2));
#248 = CARTESIAN_POINT('',(9.347368421053,-0.161396116769,7.2));
#249 = CARTESIAN_POINT('',(9.345707244428,-0.322892526408,7.185790621026
    ));
#250 = CARTESIAN_POINT('',(9.342378580984,-0.48123262759,7.157345748863)
  );
#251 = CARTESIAN_POINT('',(9.337692671688,-0.634007027174,7.115830013347
    ));
#252 = CARTESIAN_POINT('',(9.332120497189,-0.779484482776,7.062795335464
    ));
#253 = CARTESIAN_POINT('',(9.326126067335,-0.916515138991,7.));
#254 = PCURVE('',#54,#255);
#255 = DEFINITIONAL_REPRESENTATION('',(#256),#264);
#256 = B_SPLINE_CURVE_WITH_KNOTS('',6,(#257,#258,#259,#260,#261,#262,
    #263),.UNSPECIFIED.,.F.,.F.,(7,7),(0.,1.),.PIECEWISE_BEZIER_KNOTS.);
#257 = CARTESIAN_POINT('',(-6.28318530718,-7.2));
#258 = CARTESIAN_POINT('',(-6.265918830723,-7.2));
#259 = CARTESIAN_POINT('',(-6.248641621041,-7.185790621026));
#260 = CARTESIAN_POINT('',(-6.231706824299,-7.157345748863));
#261 = CARTESIAN_POINT('',(-6.215376835693,-7.115830013347));
#262 = CARTESIAN_POINT('',(-6.199841135055,-7.062795335464));
#263 = CARTESIAN_POINT('',(-6.185225916977,-7.));
#264 = ( GEOMETRIC_REPRESENTATION_CONTEXT(2) 
PARAMETRIC_REPRESENTATION_CONTEXT() REPRESENTATION_CONTEXT('2D SPACE',''
  ) );
#265 = PCURVE('',#70,#266);
#266 = DEFINITIONAL_REPRESENTATION('',(#267),#275);
#267 = B_SPLINE_CURVE_WITH_KNOTS('',6,(#268,#269,#270,#271,#272,#273,
    #274),.UNSPECIFIED.,.F.,.F.,(7,7),(0.,1.),.PIECEWISE_BEZIER_KNOTS.);
#268 = CARTESIAN_POINT('',(3.14159265359,27.547368421053));
#269 = CARTESIAN_POINT('',(3.214954524848,27.547368421053));
#270 = CARTESIAN_POINT('',(3.288361555706,27.545707244428));
#271 = CARTESIAN_POINT('',(3.361047226102,27.542378580984));
#272 = CARTESIAN_POINT('',(3.432620081644,27.537692671688));
#273 = CARTESIAN_POINT('',(3.502776991633,27.532120497189));
#274 = CARTESIAN_POINT('',(3.571292319741,27.526126067335));
#275 = ( GEOMETRIC_REPRESENTATION_CONTEXT(2) 
PARAMETRIC_REPRESENTATION_CONTEXT() REPRESENTATION_CONTEXT('2D SPACE',''
  ) );
#276 = ORIENTED_EDGE('',*,*,#277,.T.);
#277 = EDGE_CURVE('',#42,#278,#280,.T.);
#278 = VERTEX_POINT('',#279);
#279 = CARTESIAN_POINT('',(6.528947368421,-1.599130899308E-15,31.));
#280 = SEAM_CURVE('',#281,(#285,#292),.PCURVE_S1.);
#281 = LINE('',#282,#283);
#282 = CARTESIAN_POINT('',(10.2,-2.498279470261E-15,0.));
#283 = VECTOR('',#284,1.);
#284 = DIRECTION('',(-0.117599343536,2.880353192868E-17,0.993061123194)
  );
#285 = PCURVE('',#54,#286);
#286 = DEFINITIONAL_REPRESENTATION('',(#287),#291);
#287 = LINE('',#288,#289);
#288 = CARTESIAN_POINT('',(0.,-0.));
#289 = VECTOR('',#290,1.);
#290 = DIRECTION('',(-0.,-1.));
#291 = ( GEOMETRIC_REPRESENTATION_CONTEXT(2) 
PARAMETRIC_REPRESENTATION_CONTEXT() REPRESENTATION_CONTEXT('2D SPACE',''
  ) );
#292 = PCURVE('',#54,#293);
#293 = DEFINITIONAL_REPRESENTATION('',(#294),#298);
#294 = LINE('',#295,#296);
#295 = CARTESIAN_POINT('',(-6.28318530718,0.));
#296 = VECTOR('',#297,1.);
#297 = DIRECTION('',(-0.,-1.));
#298 = ( GEOMETRIC_REPRESENTATION_CONTEXT(2) 
PARAMETRIC_REPRESENTATION_CONTEXT() REPRESENTATION_CONTEXT('2D SPACE',''
  ) );
#299 = ORIENTED_EDGE('',*,*,#300,.F.);
#300 = EDGE_CURVE('',#278,#278,#301,.T.);
#301 = SURFACE_CURVE('',#302,(#307,#314),.PCURVE_S1.);
#302 = CIRCLE('',#303,6.528947368421);
#303 = AXIS2_PLACEMENT_3D('',#304,#305,#306);
#304 = CARTESIAN_POINT('',(0.,0.,31.));
#305 = DIRECTION('',(0.,0.,1.));
#306 = DIRECTION('',(1.,0.,-0.));
#307 = PCURVE('',#54,#308);
#308 = DEFINITIONAL_REPRESENTATION('',(#309),#313);
#309 = LINE('',#310,#311);
#310 = CARTESIAN_POINT('',(-0.,-31.));
#311 = VECTOR('',#312,1.);
#312 = DIRECTION('',(-1.,-0.));
#313 = ( GEOMETRIC_REPRESENTATION_CONTEXT(2) 
PARAMETRIC_REPRESENTATION_CONTEXT() REPRESENTATION_CONTEXT('2D SPACE',''
  ) );
#314 = PCURVE('',#315,#320);
#315 = PLANE('',#316);
#316 = AXIS2_PLACEMENT_3D('',#317,#318,#319);
#317 = CARTESIAN_POINT('',(0.,0.,31.));
#318 = DIRECTION('',(0.,0.,1.));
#319 = DIRECTION('',(1.,0.,-0.));
#320 = DEFINITIONAL_REPRESENTATION('',(#321),#325);
#321 = CIRCLE('',#322,6.528947368421);
#322 = AXIS2_PLACEMENT_2D('',#323,#324);
#323 = CARTESIAN_POINT('',(0.,0.));
#324 = DIRECTION('',(1.,0.));
#325 = ( GEOMETRIC_REPRESENTATION_CONTEXT(2) 
PARAMETRIC_REPRESENTATION_CONTEXT() REPRESENTATION_CONTEXT('2D SPACE',''
  ) );
#326 = ORIENTED_EDGE('',*,*,#277,.F.);
#327 = ADVANCED_FACE('',(#328),#70,.F.);
#328 = FACE_BOUND('',#329,.F.);
#329 = EDGE_LOOP('',(#330,#447,#470,#645,#813,#814,#924,#943,#944,#945)
  );
#330 = ORIENTED_EDGE('',*,*,#331,.F.);
#331 = EDGE_CURVE('',#332,#334,#336,.T.);
#332 = VERTEX_POINT('',#333);
#333 = CARTESIAN_POINT('',(13.2,-1.885956070687E-15,2.8));
#334 = VERTEX_POINT('',#335);
#335 = CARTESIAN_POINT('',(13.168143377105,0.916515138991,7.));
#336 = SURFACE_CURVE('',#337,(#370,#406),.PCURVE_S1.);
#337 = B_SPLINE_CURVE_WITH_KNOTS('',7,(#338,#339,#340,#341,#342,#343,
    #344,#345,#346,#347,#348,#349,#350,#351,#352,#353,#354,#355,#356,
    #357,#358,#359,#360,#361,#362,#363,#364,#365,#366,#367,#368,#369),
  .UNSPECIFIED.,.F.,.F.,(8,6,6,6,6,8),(0.,0.266045246655,0.565774307074,
    0.744989159264,0.894008717937,1.),.UNSPECIFIED.);
#338 = CARTESIAN_POINT('',(13.2,-2.694222958124E-16,2.8));
#339 = CARTESIAN_POINT('',(13.2,0.280555735375,2.8));
#340 = CARTESIAN_POINT('',(13.193043004354,0.553960776497,2.841740555005
    ));
#341 = CARTESIAN_POINT('',(13.179768604589,0.812888326684,2.921394572694
    ));
#342 = CARTESIAN_POINT('',(13.161853016418,1.051160243791,3.033717655965
    ));
#343 = CARTESIAN_POINT('',(13.141620002924,1.263983037364,3.172092202735
    ));
#344 = CARTESIAN_POINT('',(13.121229219322,1.448390788631,3.328575864345
    ));
#345 = CARTESIAN_POINT('',(13.080794136225,1.778738691564,3.680360650647
    ));
#346 = CARTESIAN_POINT('',(13.060521740683,1.921745674421,3.883278688821
    ));
#347 = CARTESIAN_POINT('',(13.043032665914,2.034133710022,4.09721726584)
  );
#348 = CARTESIAN_POINT('',(13.029350878178,2.117321737879,4.318393223715
    ));
#349 = CARTESIAN_POINT('',(13.020039013398,2.172410178454,4.544028627994
    ));
#350 = CARTESIAN_POINT('',(13.015375522819,2.2,4.771904126543));
#351 = CARTESIAN_POINT('',(13.015375522819,2.2,5.136383733328));
#352 = CARTESIAN_POINT('',(13.01704284484,2.190136039365,5.272749663204)
  );
#353 = CARTESIAN_POINT('',(13.020376618996,2.170412985347,5.40862369097)
  );
#354 = CARTESIAN_POINT('',(13.025340126266,2.140762175534,5.543522742081
    ));
#355 = CARTESIAN_POINT('',(13.031859098542,2.10104958668,5.676922249553)
  );
#356 = CARTESIAN_POINT('',(13.039815898514,2.051083193212,5.808222585598
    ));
#357 = CARTESIAN_POINT('',(13.056709194049,1.940343154568,6.043557146817
    ));
#358 = CARTESIAN_POINT('',(13.065255787608,1.882801244152,6.148473692718
    ));
#359 = CARTESIAN_POINT('',(13.074582047653,1.817849656054,6.251056655052
    ));
#360 = CARTESIAN_POINT('',(13.084563786238,1.745322420163,6.350832258519
    ));
#361 = CARTESIAN_POINT('',(13.095045188117,1.66504734509,6.4472416392));
#362 = CARTESIAN_POINT('',(13.105834058948,1.57686163888,6.539622107144)
  );
#363 = CARTESIAN_POINT('',(13.124423474331,1.412180295689,6.689470599807
    ));
#364 = CARTESIAN_POINT('',(13.132191913415,1.339621449872,6.749353925238
    ));
#365 = CARTESIAN_POINT('',(13.139911100219,1.262962712825,6.806486346569
    ));
#366 = CARTESIAN_POINT('',(13.147478861287,1.18224246047,6.860502828582)
  );
#367 = CARTESIAN_POINT('',(13.154784752459,1.097526563541,6.911024828164
    ));
#368 = CARTESIAN_POINT('',(13.161712671086,1.008909227029,6.957659782958
    ));
#369 = CARTESIAN_POINT('',(13.168143468238,0.916513829622,7.000000600014
    ));
#370 = PCURVE('',#70,#371);
#371 = DEFINITIONAL_REPRESENTATION('',(#372),#405);
#372 = B_SPLINE_CURVE_WITH_KNOTS('',7,(#373,#374,#375,#376,#377,#378,
    #379,#380,#381,#382,#383,#384,#385,#386,#387,#388,#389,#390,#391,
    #392,#393,#394,#395,#396,#397,#398,#399,#400,#401,#402,#403,#404),
  .UNSPECIFIED.,.F.,.F.,(8,6,6,6,6,8),(0.,0.266045246655,0.565774307074,
    0.744989159264,0.894008717937,1.),.UNSPECIFIED.);
#373 = CARTESIAN_POINT('',(0.,31.4));
#374 = CARTESIAN_POINT('',(0.127525334261,31.4));
#375 = CARTESIAN_POINT('',(0.251800238022,31.393043004354));
#376 = CARTESIAN_POINT('',(0.37288243037,31.379768604589));
#377 = CARTESIAN_POINT('',(0.490572450456,31.361853016418));
#378 = CARTESIAN_POINT('',(0.604436044617,31.341620002924));
#379 = CARTESIAN_POINT('',(0.713666801117,31.321229219322));
#380 = CARTESIAN_POINT('',(0.933020789172,31.280794136225));
#381 = CARTESIAN_POINT('',(1.044755473855,31.260521740683));
#382 = CARTESIAN_POINT('',(1.153176173085,31.243032665914));
#383 = CARTESIAN_POINT('',(1.259153859826,31.229350878178));
#384 = CARTESIAN_POINT('',(1.363536832079,31.220039013398));
#385 = CARTESIAN_POINT('',(1.467116384314,31.215375522819));
#386 = CARTESIAN_POINT('',(1.632788932853,31.215375522819));
#387 = CARTESIAN_POINT('',(1.694773510593,31.21704284484));
#388 = CARTESIAN_POINT('',(1.7569233445,31.220376618996));
#389 = CARTESIAN_POINT('',(1.819408311785,31.225340126266));
#390 = CARTESIAN_POINT('',(1.882398401241,31.231859098542));
#391 = CARTESIAN_POINT('',(1.946070621441,31.239815898514));
#392 = CARTESIAN_POINT('',(2.064292390792,31.256709194049));
#393 = CARTESIAN_POINT('',(2.118579103932,31.265255787608));
#394 = CARTESIAN_POINT('',(2.173593503422,31.274582047653));
#395 = CARTESIAN_POINT('',(2.22945013245,31.284563786238));
#396 = CARTESIAN_POINT('',(2.286268411168,31.295045188117));
#397 = CARTESIAN_POINT('',(2.344177036173,31.305834058948));
#398 = CARTESIAN_POINT('',(2.445383105664,31.324423474331));
#399 = CARTESIAN_POINT('',(2.488096208101,31.332191913415));
#400 = CARTESIAN_POINT('',(2.531467924906,31.339911100219));
#401 = CARTESIAN_POINT('',(2.575511803096,31.347478861287));
#402 = CARTESIAN_POINT('',(2.620246228855,31.354784752459));
#403 = CARTESIAN_POINT('',(2.665695957279,31.361712671086));
#404 = CARTESIAN_POINT('',(2.711893642123,31.368143468238));
#405 = ( GEOMETRIC_REPRESENTATION_CONTEXT(2) 
PARAMETRIC_REPRESENTATION_CONTEXT() REPRESENTATION_CONTEXT('2D SPACE',''
  ) );
#406 = PCURVE('',#407,#412);
#407 = CYLINDRICAL_SURFACE('',#408,13.2);
#408 = AXIS2_PLACEMENT_3D('',#409,#410,#411);
#409 = CARTESIAN_POINT('',(0.,0.,0.));
#410 = DIRECTION('',(0.,0.,1.));
#411 = DIRECTION('',(1.,0.,-0.));
#412 = DEFINITIONAL_REPRESENTATION('',(#413),#446);
#413 = B_SPLINE_CURVE_WITH_KNOTS('',7,(#414,#415,#416,#417,#418,#419,
    #420,#421,#422,#423,#424,#425,#426,#427,#428,#429,#430,#431,#432,
    #433,#434,#435,#436,#437,#438,#439,#440,#441,#442,#443,#444,#445),
  .UNSPECIFIED.,.F.,.F.,(8,6,6,6,6,8),(0.,0.266045246655,0.565774307074,
    0.744989159264,0.894008717937,1.),.UNSPECIFIED.);
#414 = CARTESIAN_POINT('',(0.,2.8));
#415 = CARTESIAN_POINT('',(2.125422237686E-02,2.8));
#416 = CARTESIAN_POINT('',(4.196674099435E-02,2.841740555005));
#417 = CARTESIAN_POINT('',(6.159806084216E-02,2.921394572694));
#418 = CARTESIAN_POINT('',(7.969266620395E-02,3.033717655965));
#419 = CARTESIAN_POINT('',(9.588518639792E-02,3.172092202735));
#420 = CARTESIAN_POINT('',(0.109939646309,3.328575864345));
#421 = CARTESIAN_POINT('',(0.135152779679,3.680360650647));
#422 = CARTESIAN_POINT('',(0.146092976332,3.883278688821));
#423 = CARTESIAN_POINT('',(0.154709010189,4.09721726584));
#424 = CARTESIAN_POINT('',(0.16109571935,4.318393223715));
#425 = CARTESIAN_POINT('',(0.165328293766,4.544028627994));
#426 = CARTESIAN_POINT('',(0.16744807922,4.771904126543));
#427 = CARTESIAN_POINT('',(0.16744807922,5.136383733328));
#428 = CARTESIAN_POINT('',(0.166690208951,5.272749663204));
#429 = CARTESIAN_POINT('',(0.165174844659,5.40862369097));
#430 = CARTESIAN_POINT('',(0.162897317364,5.543522742081));
#431 = CARTESIAN_POINT('',(0.15984855704,5.676922249553));
#432 = CARTESIAN_POINT('',(0.156015611245,5.808222585598));
#433 = CARTESIAN_POINT('',(0.147529159965,6.043557146817));
#434 = CARTESIAN_POINT('',(0.143122141935,6.148473692718));
#435 = CARTESIAN_POINT('',(0.138151189718,6.251056655052));
#436 = CARTESIAN_POINT('',(0.132605100487,6.350832258519));
#437 = CARTESIAN_POINT('',(0.126472332165,6.4472416392));
#438 = CARTESIAN_POINT('',(0.1197420726,6.539622107144));
#439 = CARTESIAN_POINT('',(0.107186980242,6.689470599807));
#440 = CARTESIAN_POINT('',(0.101658773707,6.749353925228));
#441 = CARTESIAN_POINT('',(9.582211804151E-02,6.806486346568));
#442 = CARTESIAN_POINT('',(8.968041130143E-02,6.860502828594));
#443 = CARTESIAN_POINT('',(8.323903370175E-02,6.911024828174));
#444 = CARTESIAN_POINT('',(7.650536063197E-02,6.957659782945));
#445 = CARTESIAN_POINT('',(6.948877567228E-02,7.0000006));
#446 = ( GEOMETRIC_REPRESENTATION_CONTEXT(2) 
PARAMETRIC_REPRESENTATION_CONTEXT() REPRESENTATION_CONTEXT('2D SPACE',''
  ) );
#447 = ORIENTED_EDGE('',*,*,#448,.F.);
#448 = EDGE_CURVE('',#449,#332,#451,.T.);
#449 = VERTEX_POINT('',#450);
#450 = CARTESIAN_POINT('',(5.304,-9.189749580802E-16,2.8));
#451 = SEAM_CURVE('',#452,(#456,#463),.PCURVE_S1.);
#452 = LINE('',#453,#454);
#453 = CARTESIAN_POINT('',(-18.2,-5.388445916248E-16,2.8));
#454 = VECTOR('',#455,1.);
#455 = DIRECTION('',(1.,0.,2.22044604925E-16));
#456 = PCURVE('',#70,#457);
#457 = DEFINITIONAL_REPRESENTATION('',(#458),#462);
#458 = LINE('',#459,#460);
#459 = CARTESIAN_POINT('',(6.28318530718,-0.));
#460 = VECTOR('',#461,1.);
#461 = DIRECTION('',(0.,1.));
#462 = ( GEOMETRIC_REPRESENTATION_CONTEXT(2) 
PARAMETRIC_REPRESENTATION_CONTEXT() REPRESENTATION_CONTEXT('2D SPACE',''
  ) );
#463 = PCURVE('',#70,#464);
#464 = DEFINITIONAL_REPRESENTATION('',(#465),#469);
#465 = LINE('',#466,#467);
#466 = CARTESIAN_POINT('',(0.,-0.));
#467 = VECTOR('',#468,1.);
#468 = DIRECTION('',(0.,1.));
#469 = ( GEOMETRIC_REPRESENTATION_CONTEXT(2) 
PARAMETRIC_REPRESENTATION_CONTEXT() REPRESENTATION_CONTEXT('2D SPACE',''
  ) );
#470 = ORIENTED_EDGE('',*,*,#471,.T.);
#471 = EDGE_CURVE('',#449,#472,#474,.T.);
#472 = VERTEX_POINT('',#473);
#473 = CARTESIAN_POINT('',(5.304,-1.299105324536E-15,7.2));
#474 = SURFACE_CURVE('',#475,(#528,#584),.PCURVE_S1.);
#475 = B_SPLINE_CURVE_WITH_KNOTS('',6,(#476,#477,#478,#479,#480,#481,
    #482,#483,#484,#485,#486,#487,#488,#489,#490,#491,#492,#493,#494,
    #495,#496,#497,#498,#499,#500,#501,#502,#503,#504,#505,#506,#507,
    #508,#509,#510,#511,#512,#513,#514,#515,#516,#517,#518,#519,#520,
    #521,#522,#523,#524,#525,#526,#527),.UNSPECIFIED.,.F.,.F.,(7,5,5,5,5
    ,5,5,5,5,5,7),(0.,8.09381522968E-02,0.191413872002,0.239144707469,
    0.400726580553,0.500074125621,0.599142388063,0.761673444002,
    0.808678546945,0.869827923098,1.),.UNSPECIFIED.);
#476 = CARTESIAN_POINT('',(5.304,-2.694222958124E-16,2.8));
#477 = CARTESIAN_POINT('',(5.304,0.111159719815,2.8));
#478 = CARTESIAN_POINT('',(5.301204946042,0.222155881642,2.806740120691)
  );
#479 = CARTESIAN_POINT('',(5.295627714196,0.332093464778,2.82018209542)
  );
#480 = CARTESIAN_POINT('',(5.28742769911,0.44008497305,2.840084102024));
#481 = CARTESIAN_POINT('',(5.276889922868,0.545278986907,2.865996133297)
  );
#482 = CARTESIAN_POINT('',(5.24736180492,0.785579896099,2.93992234577));
#483 = CARTESIAN_POINT('',(5.22669894108,0.917512610336,2.992525769301)
  );
#484 = CARTESIAN_POINT('',(5.203231504672,1.04214553989,3.053803109592)
  );
#485 = CARTESIAN_POINT('',(5.177805702538,1.15908774345,3.122553434663)
  );
#486 = CARTESIAN_POINT('',(5.151240809272,1.268089554696,3.197618772199)
  );
#487 = CARTESIAN_POINT('',(5.112620146635,1.412646121258,3.312535915014)
  );
#488 = CARTESIAN_POINT('',(5.100880545949,1.45480094677,3.348210516437)
  );
#489 = CARTESIAN_POINT('',(5.08910571232,1.495507266567,3.384821238376)
  );
#490 = CARTESIAN_POINT('',(5.077344813118,1.534775977109,3.422306253417)
  );
#491 = CARTESIAN_POINT('',(5.065643649176,1.572619561541,3.460609945376)
  );
#492 = CARTESIAN_POINT('',(5.014778900909,1.732386116484,3.631955530045)
  );
#493 = CARTESIAN_POINT('',(4.976651883626,1.839649051149,3.773152298448)
  );
#494 = CARTESIAN_POINT('',(4.941351053271,1.931210206375,3.921267258568)
  );
#495 = CARTESIAN_POINT('',(4.91020719903,2.007447046761,4.074808016502)
  );
#496 = CARTESIAN_POINT('',(4.884232294565,2.068629407394,4.23262344186)
  );
#497 = CARTESIAN_POINT('',(4.851803011181,2.143217792875,4.492813557));
#498 = CARTESIAN_POINT('',(4.841690552568,2.165932424011,4.593071783985)
  );
#499 = CARTESIAN_POINT('',(4.833986856429,2.182965676093,4.694213371128)
  );
#500 = CARTESIAN_POINT('',(4.828810344319,2.194321018227,4.795939934932)
  );
#501 = CARTESIAN_POINT('',(4.826221710614,2.2,4.897962419498));
#502 = CARTESIAN_POINT('',(4.826221710614,2.2,5.101750735736));
#503 = CARTESIAN_POINT('',(4.82879581206,2.19435290123,5.203486579469));
#504 = CARTESIAN_POINT('',(4.833943272138,2.183061282898,5.304928976772)
  );
#505 = CARTESIAN_POINT('',(4.841604074641,2.16612362409,5.405791256108)
  );
#506 = CARTESIAN_POINT('',(4.851661106818,2.143536519311,5.505777549803)
  );
#507 = CARTESIAN_POINT('',(4.884090879619,2.068967060373,5.766679494002)
  );
#508 = CARTESIAN_POINT('',(4.910206641007,2.007468307442,5.925435905884)
  );
#509 = CARTESIAN_POINT('',(4.941554367811,1.930739312439,6.079869471707)
  );
#510 = CARTESIAN_POINT('',(4.977104286026,1.838504593885,6.228809648431)
  );
#511 = CARTESIAN_POINT('',(5.015500162491,1.730378496039,6.370735898949)
  );
#512 = CARTESIAN_POINT('',(5.066449613017,1.570009295746,6.542025143993)
  );
#513 = CARTESIAN_POINT('',(5.077975831869,1.532664624366,6.579701586779)
  );
#514 = CARTESIAN_POINT('',(5.089558162335,1.493937379697,6.61658186701)
  );
#515 = CARTESIAN_POINT('',(5.10115278061,1.453815663434,6.652612720973)
  );
#516 = CARTESIAN_POINT('',(5.112712690993,1.412289093697,6.68773502762)
  );
#517 = CARTESIAN_POINT('',(5.139115705655,1.313487383599,6.766308275701)
  );
#518 = CARTESIAN_POINT('',(5.153903738574,1.255219762102,6.809096247533)
  );
#519 = CARTESIAN_POINT('',(5.168436298583,1.194543502328,6.850088227641)
  );
#520 = CARTESIAN_POINT('',(5.182589395871,1.131464978362,6.889113546971)
  );
#521 = CARTESIAN_POINT('',(5.196232196788,1.066000061134,6.92598977657)
  );
#522 = CARTESIAN_POINT('',(5.236894902942,0.853791404902,7.034033103024)
  );
#523 = CARTESIAN_POINT('',(5.26188006517,0.697417988061,7.097581376149)
  );
#524 = CARTESIAN_POINT('',(5.282357770811,0.53111745085,7.147822925736)
  );
#525 = CARTESIAN_POINT('',(5.296715174646,0.35748695908,7.182436830969)
  );
#526 = CARTESIAN_POINT('',(5.304,0.179440726462,7.2));
#527 = CARTESIAN_POINT('',(5.304,4.041334437186E-16,7.2));
#528 = PCURVE('',#70,#529);
#529 = DEFINITIONAL_REPRESENTATION('',(#530),#583);
#530 = B_SPLINE_CURVE_WITH_KNOTS('',6,(#531,#532,#533,#534,#535,#536,
    #537,#538,#539,#540,#541,#542,#543,#544,#545,#546,#547,#548,#549,
    #550,#551,#552,#553,#554,#555,#556,#557,#558,#559,#560,#561,#562,
    #563,#564,#565,#566,#567,#568,#569,#570,#571,#572,#573,#574,#575,
    #576,#577,#578,#579,#580,#581,#582),.UNSPECIFIED.,.F.,.F.,(7,5,5,5,5
    ,5,5,5,5,5,7),(0.,8.09381522968E-02,0.191413872002,0.239144707469,
    0.400726580553,0.500074125621,0.599142388063,0.761673444002,
    0.808678546945,0.869827923098,1.),.UNSPECIFIED.);
#531 = CARTESIAN_POINT('',(0.,23.504));
#532 = CARTESIAN_POINT('',(5.052714537047E-02,23.504));
#533 = CARTESIAN_POINT('',(0.100979985647,23.501204946042));
#534 = CARTESIAN_POINT('',(0.15118371058,23.495627714196));
#535 = CARTESIAN_POINT('',(0.200963948963,23.48742769911));
#536 = CARTESIAN_POINT('',(0.250128872904,23.476889922868));
#537 = CARTESIAN_POINT('',(0.364408517456,23.44736180492));
#538 = CARTESIAN_POINT('',(0.428758040356,23.42669894108));
#539 = CARTESIAN_POINT('',(0.491610087383,23.403231504672));
#540 = CARTESIAN_POINT('',(0.553029873138,23.377805702538));
#541 = CARTESIAN_POINT('',(0.613046547745,23.351240809272));
#542 = CARTESIAN_POINT('',(0.696986892866,23.312620146635));
#543 = CARTESIAN_POINT('',(0.722077081753,23.300880545949));
#544 = CARTESIAN_POINT('',(0.746945687117,23.28910571232));
#545 = CARTESIAN_POINT('',(0.771605839792,23.277344813118));
#546 = CARTESIAN_POINT('',(0.796070815357,23.265643649176));
#547 = CARTESIAN_POINT('',(0.902559340972,23.214778900909));
#548 = CARTESIAN_POINT('',(0.982749859275,23.176651883626));
#549 = CARTESIAN_POINT('',(1.061372035758,23.141351053271));
#550 = CARTESIAN_POINT('',(1.138805703906,23.11020719903));
#551 = CARTESIAN_POINT('',(1.215426304612,23.084232294565));
#552 = CARTESIAN_POINT('',(1.338458185235,23.051803011181));
#553 = CARTESIAN_POINT('',(1.385110817473,23.041690552568));
#554 = CARTESIAN_POINT('',(1.43162282537,23.033986856429));
#555 = CARTESIAN_POINT('',(1.4780417504,23.028810344319));
#556 = CARTESIAN_POINT('',(1.524415608385,23.026221710614));
#557 = CARTESIAN_POINT('',(1.61704666122,23.026221710614));
#558 = CARTESIAN_POINT('',(1.663290227908,23.02879581206));
#559 = CARTESIAN_POINT('',(1.709578476235,23.033943272138));
#560 = CARTESIAN_POINT('',(1.755958999127,23.041604074641));
#561 = CARTESIAN_POINT('',(1.802478920165,23.051661106818));
#562 = CARTESIAN_POINT('',(1.925819499417,23.084090879619));
#563 = CARTESIAN_POINT('',(2.002885355536,23.110206641007));
#564 = CARTESIAN_POINT('',(2.080773490039,23.141554367811));
#565 = CARTESIAN_POINT('',(2.159866230127,23.177104286026));
#566 = CARTESIAN_POINT('',(2.240550231752,23.215500162491));
#567 = CARTESIAN_POINT('',(2.34720705947,23.266449613017));
#568 = CARTESIAN_POINT('',(2.371310298373,23.277975831869));
#569 = CARTESIAN_POINT('',(2.395603344934,23.289558162335));
#570 = CARTESIAN_POINT('',(2.420098878047,23.30115278061));
#571 = CARTESIAN_POINT('',(2.444809433658,23.312712690993));
#572 = CARTESIAN_POINT('',(2.502189443624,23.339115705655));
#573 = CARTESIAN_POINT('',(2.535024500495,23.353903738574));
#574 = CARTESIAN_POINT('',(2.56826983297,23.368436298583));
#575 = CARTESIAN_POINT('',(2.601943695031,23.382589395871));
#576 = CARTESIAN_POINT('',(2.636066504777,23.396232196788));
#577 = CARTESIAN_POINT('',(2.744307392176,23.436894902942));
#578 = CARTESIAN_POINT('',(2.820754791464,23.46188006517));
#579 = CARTESIAN_POINT('',(2.899198463655,23.482357770811));
#580 = CARTESIAN_POINT('',(2.979098687287,23.496715174646));
#581 = CARTESIAN_POINT('',(3.060028687016,23.504));
#582 = CARTESIAN_POINT('',(3.14159265359,23.504));
#583 = ( GEOMETRIC_REPRESENTATION_CONTEXT(2) 
PARAMETRIC_REPRESENTATION_CONTEXT() REPRESENTATION_CONTEXT('2D SPACE',''
  ) );
#584 = PCURVE('',#585,#590);
#585 = CYLINDRICAL_SURFACE('',#586,5.304);
#586 = AXIS2_PLACEMENT_3D('',#587,#588,#589);
#587 = CARTESIAN_POINT('',(0.,0.,0.));
#588 = DIRECTION('',(0.,0.,1.));
#589 = DIRECTION('',(1.,0.,-0.));
#590 = DEFINITIONAL_REPRESENTATION('',(#591),#644);
#591 = B_SPLINE_CURVE_WITH_KNOTS('',6,(#592,#593,#594,#595,#596,#597,
    #598,#599,#600,#601,#602,#603,#604,#605,#606,#607,#608,#609,#610,
    #611,#612,#613,#614,#615,#616,#617,#618,#619,#620,#621,#622,#623,
    #624,#625,#626,#627,#628,#629,#630,#631,#632,#633,#634,#635,#636,
    #637,#638,#639,#640,#641,#642,#643),.UNSPECIFIED.,.F.,.F.,(7,5,5,5,5
    ,5,5,5,5,5,7),(0.,8.09381522968E-02,0.191413872002,0.239144707469,
    0.400726580553,0.500074125621,0.599142388063,0.761673444002,
    0.808678546945,0.869827923098,1.),.UNSPECIFIED.);
#592 = CARTESIAN_POINT('',(0.,2.8));
#593 = CARTESIAN_POINT('',(2.095771489725E-02,2.8));
#594 = CARTESIAN_POINT('',(4.188455817334E-02,2.806740120691));
#595 = CARTESIAN_POINT('',(6.262851398607E-02,2.82018209542));
#596 = CARTESIAN_POINT('',(8.303831228884E-02,2.840084102024));
#597 = CARTESIAN_POINT('',(0.102965553193,2.865996133297));
#598 = CARTESIAN_POINT('',(0.148611917459,2.93992234577));
#599 = CARTESIAN_POINT('',(0.173775469912,2.992525769301));
#600 = CARTESIAN_POINT('',(0.197670716218,3.053803109592));
#601 = CARTESIAN_POINT('',(0.220222434642,3.122553434663));
#602 = CARTESIAN_POINT('',(0.241369748915,3.197618772199));
#603 = CARTESIAN_POINT('',(0.269579915572,3.312535915014));
#604 = CARTESIAN_POINT('',(0.277829653242,3.348210516437));
#605 = CARTESIAN_POINT('',(0.285818347029,3.384821238376));
#606 = CARTESIAN_POINT('',(0.293546383995,3.422306253417));
#607 = CARTESIAN_POINT('',(0.301014327197,3.460609945376));
#608 = CARTESIAN_POINT('',(0.332625950334,3.631955530045));
#609 = CARTESIAN_POINT('',(0.354076651869,3.773152298448));
#610 = CARTESIAN_POINT('',(0.372571001229,3.921267258568));
#611 = CARTESIAN_POINT('',(0.388095242075,4.074808016502));
#612 = CARTESIAN_POINT('',(0.400626423677,4.23262344186));
#613 = CARTESIAN_POINT('',(0.415960733052,4.492813557));
#614 = CARTESIAN_POINT('',(0.42064834166,4.593071783985));
#615 = CARTESIAN_POINT('',(0.424172863276,4.694213371128));
#616 = CARTESIAN_POINT('',(0.426525763115,4.795939934932));
#617 = CARTESIAN_POINT('',(0.427702436154,4.897962419498));
#618 = CARTESIAN_POINT('',(0.427702436154,5.101750735736));
#619 = CARTESIAN_POINT('',(0.426532369001,5.203486579469));
#620 = CARTESIAN_POINT('',(0.424192673735,5.304928976772));
#621 = CARTESIAN_POINT('',(0.420687905217,5.405791256108));
#622 = CARTESIAN_POINT('',(0.416026508991,5.505777549803));
#623 = CARTESIAN_POINT('',(0.400695435187,5.766679494002));
#624 = CARTESIAN_POINT('',(0.388098970618,5.925435905884));
#625 = CARTESIAN_POINT('',(0.372474329444,6.079869471707));
#626 = CARTESIAN_POINT('',(0.353844739969,6.228809648431));
#627 = CARTESIAN_POINT('',(0.332224028778,6.370735898949));
#628 = CARTESIAN_POINT('',(0.300499288759,6.542025143993));
#629 = CARTESIAN_POINT('',(0.293130945011,6.579701586779));
#630 = CARTESIAN_POINT('',(0.28551034134,6.61658186701));
#631 = CARTESIAN_POINT('',(0.277636941837,6.652612720973));
#632 = CARTESIAN_POINT('',(0.269510380051,6.68773502762));
#633 = CARTESIAN_POINT('',(0.250228941629,6.766308275701));
#634 = CARTESIAN_POINT('',(0.238895957544,6.809096247533));
#635 = CARTESIAN_POINT('',(0.227134356621,6.850088227641));
#636 = CARTESIAN_POINT('',(0.214948075051,6.889113546971));
#637 = CARTESIAN_POINT('',(0.202341990865,6.92598977657));
#638 = CARTESIAN_POINT('',(0.161604931553,7.034033103024));
#639 = CARTESIAN_POINT('',(0.131762995895,7.097581376149));
#640 = CARTESIAN_POINT('',(0.100204746218,7.147822925736));
#641 = CARTESIAN_POINT('',(6.73995566352E-02,7.182436830969));
#642 = CARTESIAN_POINT('',(3.383120785479E-02,7.2));
#643 = CARTESIAN_POINT('',(0.,7.2));
#644 = ( GEOMETRIC_REPRESENTATION_CONTEXT(2) 
PARAMETRIC_REPRESENTATION_CONTEXT() REPRESENTATION_CONTEXT('2D SPACE',''
  ) );
#645 = ORIENTED_EDGE('',*,*,#646,.T.);
#646 = EDGE_CURVE('',#472,#449,#647,.T.);
#647 = SURFACE_CURVE('',#648,(#701,#757),.PCURVE_S1.);
#648 = B_SPLINE_CURVE_WITH_KNOTS('',6,(#649,#650,#651,#652,#653,#654,
    #655,#656,#657,#658,#659,#660,#661,#662,#663,#664,#665,#666,#667,
    #668,#669,#670,#671,#672,#673,#674,#675,#676,#677,#678,#679,#680,
    #681,#682,#683,#684,#685,#686,#687,#688,#689,#690,#691,#692,#693,
    #694,#695,#696,#697,#698,#699,#700),.UNSPECIFIED.,.F.,.F.,(7,5,5,5,5
    ,5,5,5,5,5,7),(0.,8.093815228885E-02,0.191413871989,0.239144707456,
    0.400726580539,0.500074125606,0.599142388048,0.761673443986,
    0.808678546929,0.869827923084,1.),.UNSPECIFIED.);
#649 = CARTESIAN_POINT('',(5.304,-4.440892098501E-16,7.2));
#650 = CARTESIAN_POINT('',(5.304,-0.111159719815,7.2));
#651 = CARTESIAN_POINT('',(5.301204946042,-0.222155881642,7.193259879309
    ));
#652 = CARTESIAN_POINT('',(5.295627714196,-0.332093464778,7.17981790458)
  );
#653 = CARTESIAN_POINT('',(5.28742769911,-0.44008497305,7.159915897976)
  );
#654 = CARTESIAN_POINT('',(5.276889922868,-0.545278986907,7.134003866703
    ));
#655 = CARTESIAN_POINT('',(5.247361804919,-0.785579896106,7.060077654228
    ));
#656 = CARTESIAN_POINT('',(5.22669894108,-0.917512610334,7.007474230699)
  );
#657 = CARTESIAN_POINT('',(5.203231504673,-1.042145539884,6.94619689041)
  );
#658 = CARTESIAN_POINT('',(5.177805702539,-1.159087743449,6.877446565339
    ));
#659 = CARTESIAN_POINT('',(5.151240809271,-1.2680895547,6.802381227798)
  );
#660 = CARTESIAN_POINT('',(5.112620146635,-1.412646121258,6.687464084986
    ));
#661 = CARTESIAN_POINT('',(5.100880545949,-1.45480094677,6.651789483563)
  );
#662 = CARTESIAN_POINT('',(5.08910571232,-1.495507266567,6.615178761624)
  );
#663 = CARTESIAN_POINT('',(5.077344813118,-1.534775977109,6.577693746583
    ));
#664 = CARTESIAN_POINT('',(5.065643649176,-1.572619561541,6.539390054624
    ));
#665 = CARTESIAN_POINT('',(5.014778900909,-1.732386116484,6.368044469955
    ));
#666 = CARTESIAN_POINT('',(4.976651883626,-1.839649051149,6.226847701552
    ));
#667 = CARTESIAN_POINT('',(4.941351053271,-1.931210206375,6.078732741433
    ));
#668 = CARTESIAN_POINT('',(4.91020719903,-2.007447046761,5.925191983498)
  );
#669 = CARTESIAN_POINT('',(4.884232294565,-2.068629407394,5.76737655814)
  );
#670 = CARTESIAN_POINT('',(4.851803011181,-2.143217792875,5.507186443));
#671 = CARTESIAN_POINT('',(4.841690552568,-2.165932424011,5.406928216015
    ));
#672 = CARTESIAN_POINT('',(4.833986856429,-2.182965676093,5.305786628872
    ));
#673 = CARTESIAN_POINT('',(4.828810344319,-2.194321018227,5.204060065068
    ));
#674 = CARTESIAN_POINT('',(4.826221710614,-2.2,5.102037580502));
#675 = CARTESIAN_POINT('',(4.826221710614,-2.2,4.898249264264));
#676 = CARTESIAN_POINT('',(4.82879581206,-2.19435290123,4.796513420532)
  );
#677 = CARTESIAN_POINT('',(4.833943272138,-2.183061282898,4.695071023228
    ));
#678 = CARTESIAN_POINT('',(4.841604074641,-2.16612362409,4.594208743892)
  );
#679 = CARTESIAN_POINT('',(4.851661106818,-2.143536519311,4.494222450197
    ));
#680 = CARTESIAN_POINT('',(4.884090879619,-2.068967060373,4.233320505998
    ));
#681 = CARTESIAN_POINT('',(4.910206641008,-2.007468307442,4.074564094116
    ));
#682 = CARTESIAN_POINT('',(4.941554367811,-1.930739312439,3.920130528293
    ));
#683 = CARTESIAN_POINT('',(4.977104286026,-1.838504593885,3.771190351569
    ));
#684 = CARTESIAN_POINT('',(5.015500162491,-1.730378496039,3.629264101051
    ));
#685 = CARTESIAN_POINT('',(5.066449613017,-1.570009295747,3.457974856007
    ));
#686 = CARTESIAN_POINT('',(5.077975831869,-1.532664624366,3.420298413221
    ));
#687 = CARTESIAN_POINT('',(5.089558162335,-1.493937379697,3.38341813299)
  );
#688 = CARTESIAN_POINT('',(5.101152780609,-1.453815663435,3.347387279027
    ));
#689 = CARTESIAN_POINT('',(5.112712690993,-1.412289093697,3.31226497238)
  );
#690 = CARTESIAN_POINT('',(5.139115705656,-1.313487383597,3.233691724297
    ));
#691 = CARTESIAN_POINT('',(5.153903738574,-1.255219762103,3.190903752468
    ));
#692 = CARTESIAN_POINT('',(5.168436298582,-1.194543502332,3.149911772361
    ));
#693 = CARTESIAN_POINT('',(5.182589395871,-1.131464978363,3.11088645303)
  );
#694 = CARTESIAN_POINT('',(5.196232196789,-1.06600006113,3.074010223428)
  );
#695 = CARTESIAN_POINT('',(5.236894902942,-0.853791404902,2.965966896976
    ));
#696 = CARTESIAN_POINT('',(5.26188006517,-0.697417988061,2.902418623851)
  );
#697 = CARTESIAN_POINT('',(5.282357770811,-0.53111745085,2.852177074264)
  );
#698 = CARTESIAN_POINT('',(5.296715174646,-0.35748695908,2.817563169031)
  );
#699 = CARTESIAN_POINT('',(5.304,-0.179440726462,2.8));
#700 = CARTESIAN_POINT('',(5.304,-8.881784197001E-16,2.8));
#701 = PCURVE('',#70,#702);
#702 = DEFINITIONAL_REPRESENTATION('',(#703),#756);
#703 = B_SPLINE_CURVE_WITH_KNOTS('',6,(#704,#705,#706,#707,#708,#709,
    #710,#711,#712,#713,#714,#715,#716,#717,#718,#719,#720,#721,#722,
    #723,#724,#725,#726,#727,#728,#729,#730,#731,#732,#733,#734,#735,
    #736,#737,#738,#739,#740,#741,#742,#743,#744,#745,#746,#747,#748,
    #749,#750,#751,#752,#753,#754,#755),.UNSPECIFIED.,.F.,.F.,(7,5,5,5,5
    ,5,5,5,5,5,7),(0.,8.093815228885E-02,0.191413871989,0.239144707456,
    0.400726580539,0.500074125606,0.599142388048,0.761673443986,
    0.808678546929,0.869827923084,1.),.UNSPECIFIED.);
#704 = CARTESIAN_POINT('',(3.14159265359,23.504));
#705 = CARTESIAN_POINT('',(3.19211979896,23.504));
#706 = CARTESIAN_POINT('',(3.242572639237,23.501204946042));
#707 = CARTESIAN_POINT('',(3.292776364169,23.495627714196));
#708 = CARTESIAN_POINT('',(3.342556602553,23.48742769911));
#709 = CARTESIAN_POINT('',(3.391721526494,23.476889922868));
#710 = CARTESIAN_POINT('',(3.506001171049,23.447361804919));
#711 = CARTESIAN_POINT('',(3.570350693945,23.42669894108));
#712 = CARTESIAN_POINT('',(3.63320274097,23.403231504673));
#713 = CARTESIAN_POINT('',(3.694622526727,23.377805702539));
#714 = CARTESIAN_POINT('',(3.754639201337,23.351240809271));
#715 = CARTESIAN_POINT('',(3.838579546456,23.312620146635));
#716 = CARTESIAN_POINT('',(3.863669735343,23.300880545949));
#717 = CARTESIAN_POINT('',(3.888538340707,23.28910571232));
#718 = CARTESIAN_POINT('',(3.913198493382,23.277344813118));
#719 = CARTESIAN_POINT('',(3.937663468947,23.265643649176));
#720 = CARTESIAN_POINT('',(4.044151994562,23.214778900909));
#721 = CARTESIAN_POINT('',(4.124342512865,23.176651883626));
#722 = CARTESIAN_POINT('',(4.202964689348,23.141351053271));
#723 = CARTESIAN_POINT('',(4.280398357496,23.11020719903));
#724 = CARTESIAN_POINT('',(4.357018958201,23.084232294565));
#725 = CARTESIAN_POINT('',(4.480050838825,23.051803011181));
#726 = CARTESIAN_POINT('',(4.526703471062,23.041690552568));
#727 = CARTESIAN_POINT('',(4.573215478959,23.033986856429));
#728 = CARTESIAN_POINT('',(4.61963440399,23.028810344319));
#729 = CARTESIAN_POINT('',(4.666008261974,23.026221710614));
#730 = CARTESIAN_POINT('',(4.75863931481,23.026221710614));
#731 = CARTESIAN_POINT('',(4.804882881497,23.02879581206));
#732 = CARTESIAN_POINT('',(4.851171129825,23.033943272138));
#733 = CARTESIAN_POINT('',(4.897551652717,23.041604074641));
#734 = CARTESIAN_POINT('',(4.944071573755,23.051661106818));
#735 = CARTESIAN_POINT('',(5.067412153007,23.084090879619));
#736 = CARTESIAN_POINT('',(5.144478009126,23.110206641008));
#737 = CARTESIAN_POINT('',(5.222366143629,23.141554367811));
#738 = CARTESIAN_POINT('',(5.301458883716,23.177104286026));
#739 = CARTESIAN_POINT('',(5.382142885342,23.215500162491));
#740 = CARTESIAN_POINT('',(5.48879971306,23.266449613017));
#741 = CARTESIAN_POINT('',(5.512902951962,23.277975831869));
#742 = CARTESIAN_POINT('',(5.537195998524,23.289558162335));
#743 = CARTESIAN_POINT('',(5.561691531636,23.301152780609));
#744 = CARTESIAN_POINT('',(5.586402087247,23.312712690993));
#745 = CARTESIAN_POINT('',(5.643782097216,23.339115705656));
#746 = CARTESIAN_POINT('',(5.676617154084,23.353903738574));
#747 = CARTESIAN_POINT('',(5.709862486557,23.368436298582));
#748 = CARTESIAN_POINT('',(5.74353634862,23.382589395871));
#749 = CARTESIAN_POINT('',(5.777659158369,23.396232196789));
#750 = CARTESIAN_POINT('',(5.885900045765,23.436894902942));
#751 = CARTESIAN_POINT('',(5.962347445054,23.46188006517));
#752 = CARTESIAN_POINT('',(6.040791117245,23.482357770811));
#753 = CARTESIAN_POINT('',(6.120691340877,23.496715174646));
#754 = CARTESIAN_POINT('',(6.201621340606,23.504));
#755 = CARTESIAN_POINT('',(6.28318530718,23.504));
#756 = ( GEOMETRIC_REPRESENTATION_CONTEXT(2) 
PARAMETRIC_REPRESENTATION_CONTEXT() REPRESENTATION_CONTEXT('2D SPACE',''
  ) );
#757 = PCURVE('',#585,#758);
#758 = DEFINITIONAL_REPRESENTATION('',(#759),#812);
#759 = B_SPLINE_CURVE_WITH_KNOTS('',6,(#760,#761,#762,#763,#764,#765,
    #766,#767,#768,#769,#770,#771,#772,#773,#774,#775,#776,#777,#778,
    #779,#780,#781,#782,#783,#784,#785,#786,#787,#788,#789,#790,#791,
    #792,#793,#794,#795,#796,#797,#798,#799,#800,#801,#802,#803,#804,
    #805,#806,#807,#808,#809,#810,#811),.UNSPECIFIED.,.F.,.F.,(7,5,5,5,5
    ,5,5,5,5,5,7),(0.,8.093815228885E-02,0.191413871989,0.239144707456,
    0.400726580539,0.500074125606,0.599142388048,0.761673443986,
    0.808678546929,0.869827923084,1.),.UNSPECIFIED.);
#760 = CARTESIAN_POINT('',(6.28318530718,7.2));
#761 = CARTESIAN_POINT('',(6.262227592282,7.2));
#762 = CARTESIAN_POINT('',(6.241300749006,7.193259879309));
#763 = CARTESIAN_POINT('',(6.220556793194,7.17981790458));
#764 = CARTESIAN_POINT('',(6.200146994891,7.159915897976));
#765 = CARTESIAN_POINT('',(6.180219753987,7.134003866703));
#766 = CARTESIAN_POINT('',(6.13457338972,7.060077654228));
#767 = CARTESIAN_POINT('',(6.109409837268,7.007474230699));
#768 = CARTESIAN_POINT('',(6.085514590963,6.94619689041));
#769 = CARTESIAN_POINT('',(6.062962872538,6.877446565339));
#770 = CARTESIAN_POINT('',(6.041815558264,6.802381227798));
#771 = CARTESIAN_POINT('',(6.013605391608,6.687464084986));
#772 = CARTESIAN_POINT('',(6.005355653938,6.651789483563));
#773 = CARTESIAN_POINT('',(5.99736696015,6.615178761624));
#774 = CARTESIAN_POINT('',(5.989638923185,6.577693746583));
#775 = CARTESIAN_POINT('',(5.982170979982,6.539390054624));
#776 = CARTESIAN_POINT('',(5.950559356846,6.368044469955));
#777 = CARTESIAN_POINT('',(5.929108655311,6.226847701552));
#778 = CARTESIAN_POINT('',(5.910614305951,6.078732741433));
#779 = CARTESIAN_POINT('',(5.895090065104,5.925191983498));
#780 = CARTESIAN_POINT('',(5.882558883503,5.76737655814));
#781 = CARTESIAN_POINT('',(5.867224574127,5.507186443));
#782 = CARTESIAN_POINT('',(5.86253696552,5.406928216015));
#783 = CARTESIAN_POINT('',(5.859012443904,5.305786628872));
#784 = CARTESIAN_POINT('',(5.856659544064,5.204060065068));
#785 = CARTESIAN_POINT('',(5.855482871026,5.102037580502));
#786 = CARTESIAN_POINT('',(5.855482871026,4.898249264264));
#787 = CARTESIAN_POINT('',(5.856652938178,4.796513420532));
#788 = CARTESIAN_POINT('',(5.858992633444,4.695071023228));
#789 = CARTESIAN_POINT('',(5.862497401962,4.594208743892));
#790 = CARTESIAN_POINT('',(5.867158798188,4.494222450197));
#791 = CARTESIAN_POINT('',(5.882489871993,4.233320505998));
#792 = CARTESIAN_POINT('',(5.895086336561,4.074564094116));
#793 = CARTESIAN_POINT('',(5.910710977736,3.920130528293));
#794 = CARTESIAN_POINT('',(5.929340567211,3.771190351569));
#795 = CARTESIAN_POINT('',(5.950961278402,3.629264101051));
#796 = CARTESIAN_POINT('',(5.98268601842,3.457974856007));
#797 = CARTESIAN_POINT('',(5.990054362169,3.420298413221));
#798 = CARTESIAN_POINT('',(5.99767496584,3.38341813299));
#799 = CARTESIAN_POINT('',(6.005548365342,3.347387279027));
#800 = CARTESIAN_POINT('',(6.013674927129,3.31226497238));
#801 = CARTESIAN_POINT('',(6.032956365551,3.233691724297));
#802 = CARTESIAN_POINT('',(6.044289349635,3.190903752468));
#803 = CARTESIAN_POINT('',(6.056050950558,3.149911772361));
#804 = CARTESIAN_POINT('',(6.068237232128,3.11088645303));
#805 = CARTESIAN_POINT('',(6.080843316315,3.074010223428));
#806 = CARTESIAN_POINT('',(6.121580375627,2.965966896976));
#807 = CARTESIAN_POINT('',(6.151422311285,2.902418623851));
#808 = CARTESIAN_POINT('',(6.182980560962,2.852177074264));
#809 = CARTESIAN_POINT('',(6.215785750544,2.817563169031));
#810 = CARTESIAN_POINT('',(6.249354099325,2.8));
#811 = CARTESIAN_POINT('',(6.28318530718,2.8));
#812 = ( GEOMETRIC_REPRESENTATION_CONTEXT(2) 
PARAMETRIC_REPRESENTATION_CONTEXT() REPRESENTATION_CONTEXT('2D SPACE',''
  ) );
#813 = ORIENTED_EDGE('',*,*,#448,.T.);
#814 = ORIENTED_EDGE('',*,*,#815,.F.);
#815 = EDGE_CURVE('',#816,#332,#818,.T.);
#816 = VERTEX_POINT('',#817);
#817 = CARTESIAN_POINT('',(13.168143377105,-0.916515138991,7.));
#818 = SURFACE_CURVE('',#819,(#852,#888),.PCURVE_S1.);
#819 = B_SPLINE_CURVE_WITH_KNOTS('',7,(#820,#821,#822,#823,#824,#825,
    #826,#827,#828,#829,#830,#831,#832,#833,#834,#835,#836,#837,#838,
    #839,#840,#841,#842,#843,#844,#845,#846,#847,#848,#849,#850,#851),
  .UNSPECIFIED.,.F.,.F.,(8,6,6,6,6,8),(0.,0.111663487303,0.255026261008,
    0.434252974787,0.734021624819,1.),.UNSPECIFIED.);
#820 = CARTESIAN_POINT('',(13.168143468203,-0.916513830129,
    7.000000599898));
#821 = CARTESIAN_POINT('',(13.161368337131,-1.013856494294,
    6.955392664291));
#822 = CARTESIAN_POINT('',(13.15404214285,-1.106995099116,6.90602333119)
  );
#823 = CARTESIAN_POINT('',(13.14630414899,-1.195791756996,6.852368148659
    ));
#824 = CARTESIAN_POINT('',(13.138289486127,-1.280143638492,
    6.794883142711));
#825 = CARTESIAN_POINT('',(13.130125958061,-1.359981802338,
    6.734005501431));
#826 = CARTESIAN_POINT('',(13.121930848101,-1.435270025469,
    6.670154259101));
#827 = CARTESIAN_POINT('',(13.1033785919,-1.596817259063,6.518451309115)
  );
#828 = CARTESIAN_POINT('',(13.093058859523,-1.680204179707,
    6.428855677145));
#829 = CARTESIAN_POINT('',(13.083050642105,-1.756292449612,
    6.335625864501));
#830 = CARTESIAN_POINT('',(13.073521215836,-1.825229089689,
    6.239340510814));
#831 = CARTESIAN_POINT('',(13.064607004875,-1.887167495755,
    6.140490541376));
#832 = CARTESIAN_POINT('',(13.056417567025,-1.942254847162,
    6.039494593262));
#833 = CARTESIAN_POINT('',(13.039815898514,-2.051083193212,
    5.808222585599));
#834 = CARTESIAN_POINT('',(13.031859098542,-2.10104958668,5.676922249553
    ));
#835 = CARTESIAN_POINT('',(13.025340126266,-2.140762175535,
    5.543522742081));
#836 = CARTESIAN_POINT('',(13.020376618996,-2.170412985347,5.40862369097
    ));
#837 = CARTESIAN_POINT('',(13.01704284484,-2.190136039365,5.272749663204
    ));
#838 = CARTESIAN_POINT('',(13.015375522819,-2.2,5.136383733328));
#839 = CARTESIAN_POINT('',(13.015375522819,-2.2,4.77188909642));
#840 = CARTESIAN_POINT('',(13.020039610573,-2.17240661014,4.544015427603
    ));
#841 = CARTESIAN_POINT('',(13.029351520605,-2.117318034443,4.3183883854)
  );
#842 = CARTESIAN_POINT('',(13.04303259215,-2.034133426659,4.09721950341)
  );
#843 = CARTESIAN_POINT('',(13.060521353608,-1.921748414593,
    3.883282643574));
#844 = CARTESIAN_POINT('',(13.080793930526,-1.778740372096,
    3.680362440232));
#845 = CARTESIAN_POINT('',(13.121222112148,-1.448448853062,
    3.328637696684));
#846 = CARTESIAN_POINT('',(13.141615274089,-1.264034967329,
    3.172117640888));
#847 = CARTESIAN_POINT('',(13.161856207448,-1.051152074288,
    3.033689659632));
#848 = CARTESIAN_POINT('',(13.179777424847,-0.812799761073,
    2.921341794575));
#849 = CARTESIAN_POINT('',(13.193049108981,-0.553817968126,
    2.841703896819));
#850 = CARTESIAN_POINT('',(13.2,-0.280432544195,2.8));
#851 = CARTESIAN_POINT('',(13.2,-1.7763568394E-15,2.8));
#852 = PCURVE('',#70,#853);
#853 = DEFINITIONAL_REPRESENTATION('',(#854),#887);
#854 = B_SPLINE_CURVE_WITH_KNOTS('',7,(#855,#856,#857,#858,#859,#860,
    #861,#862,#863,#864,#865,#866,#867,#868,#869,#870,#871,#872,#873,
    #874,#875,#876,#877,#878,#879,#880,#881,#882,#883,#884,#885,#886),
  .UNSPECIFIED.,.F.,.F.,(8,6,6,6,6,8),(0.,0.111663487303,0.255026261008,
    0.434252974787,0.734021624819,1.),.UNSPECIFIED.);
#855 = CARTESIAN_POINT('',(3.57129166531,31.368143468203));
#856 = CARTESIAN_POINT('',(3.619962982796,31.361368337131));
#857 = CARTESIAN_POINT('',(3.66779882209,31.35404214285));
#858 = CARTESIAN_POINT('',(3.714840038787,31.34630414899));
#859 = CARTESIAN_POINT('',(3.761117627791,31.338289486127));
#860 = CARTESIAN_POINT('',(3.806654829174,31.330125958061));
#861 = CARTESIAN_POINT('',(3.851469234053,31.321930848101));
#862 = CARTESIAN_POINT('',(3.952201361557,31.3033785919));
#863 = CARTESIAN_POINT('',(4.007710251791,31.293058859523));
#864 = CARTESIAN_POINT('',(4.062227188024,31.283050642105));
#865 = CARTESIAN_POINT('',(4.115866437402,31.273521215836));
#866 = CARTESIAN_POINT('',(4.168734510629,31.264607004875));
#867 = CARTESIAN_POINT('',(4.22093376524,31.256417567025));
#868 = CARTESIAN_POINT('',(4.337114685738,31.239815898514));
#869 = CARTESIAN_POINT('',(4.400786905938,31.231859098542));
#870 = CARTESIAN_POINT('',(4.463776995394,31.225340126266));
#871 = CARTESIAN_POINT('',(4.52626196268,31.220376618996));
#872 = CARTESIAN_POINT('',(4.588411796586,31.21704284484));
#873 = CARTESIAN_POINT('',(4.650396374327,31.215375522819));
#874 = CARTESIAN_POINT('',(4.816075754739,31.215375522819));
#875 = CARTESIAN_POINT('',(4.919654451747,31.220039610573));
#876 = CARTESIAN_POINT('',(5.024034039002,31.229351520605));
#877 = CARTESIAN_POINT('',(5.130008364663,31.24303259215));
#878 = CARTESIAN_POINT('',(5.238427680538,31.260521353608));
#879 = CARTESIAN_POINT('',(5.350163402119,31.280793930526));
#880 = CARTESIAN_POINT('',(5.569479950757,31.321222112148));
#881 = CARTESIAN_POINT('',(5.678724686062,31.341615274089));
#882 = CARTESIAN_POINT('',(5.792622613735,31.361856207448));
#883 = CARTESIAN_POINT('',(5.910347540849,31.379777424847));
#884 = CARTESIAN_POINT('',(6.031449993242,31.393049108981));
#885 = CARTESIAN_POINT('',(6.155715968909,31.4));
#886 = CARTESIAN_POINT('',(6.28318530718,31.4));
#887 = ( GEOMETRIC_REPRESENTATION_CONTEXT(2) 
PARAMETRIC_REPRESENTATION_CONTEXT() REPRESENTATION_CONTEXT('2D SPACE',''
  ) );
#888 = PCURVE('',#407,#889);
#889 = DEFINITIONAL_REPRESENTATION('',(#890),#923);
#890 = B_SPLINE_CURVE_WITH_KNOTS('',7,(#891,#892,#893,#894,#895,#896,
    #897,#898,#899,#900,#901,#902,#903,#904,#905,#906,#907,#908,#909,
    #910,#911,#912,#913,#914,#915,#916,#917,#918,#919,#920,#921,#922),
  .UNSPECIFIED.,.F.,.F.,(8,6,6,6,6,8),(0.,0.111663487303,0.255026261008,
    0.434252974787,0.734021624819,1.),.UNSPECIFIED.);
#891 = CARTESIAN_POINT('',(6.213696531469,7.0000006));
#892 = CARTESIAN_POINT('',(6.206304246869,6.955392664393));
#893 = CARTESIAN_POINT('',(6.199226785325,6.906023331122));
#894 = CARTESIAN_POINT('',(6.192474636414,6.852368148569));
#895 = CARTESIAN_POINT('',(6.186055881131,6.794883142721));
#896 = CARTESIAN_POINT('',(6.179976215049,6.7340055015));
#897 = CARTESIAN_POINT('',(6.17423897149,6.670154259101));
#898 = CARTESIAN_POINT('',(6.161920105988,6.518451309115));
#899 = CARTESIAN_POINT('',(6.155554964019,6.428855677145));
#900 = CARTESIAN_POINT('',(6.14974130188,6.335625864501));
#901 = CARTESIAN_POINT('',(6.144469332307,6.239340510814));
#902 = CARTESIAN_POINT('',(6.139728760439,6.140490541376));
#903 = CARTESIAN_POINT('',(6.135509646579,6.039494593262));
#904 = CARTESIAN_POINT('',(6.127169695935,5.808222585599));
#905 = CARTESIAN_POINT('',(6.12333675014,5.676922249553));
#906 = CARTESIAN_POINT('',(6.120287989816,5.543522742081));
#907 = CARTESIAN_POINT('',(6.118010462521,5.40862369097));
#908 = CARTESIAN_POINT('',(6.116495098229,5.272749663204));
#909 = CARTESIAN_POINT('',(6.11573722796,5.136383733328));
#910 = CARTESIAN_POINT('',(6.11573722796,4.77188909642));
#911 = CARTESIAN_POINT('',(6.117857287455,4.544015427603));
#912 = CARTESIAN_POINT('',(6.122089872653,4.3183883854));
#913 = CARTESIAN_POINT('',(6.128476317213,4.09721950341));
#914 = CARTESIAN_POINT('',(6.137092121314,3.883282643574));
#915 = CARTESIAN_POINT('',(6.148032399237,3.680362440232));
#916 = CARTESIAN_POINT('',(6.17324122922,3.328637696684));
#917 = CARTESIAN_POINT('',(6.187296171946,3.172117640888));
#918 = CARTESIAN_POINT('',(6.203493283188,3.033689659632));
#919 = CARTESIAN_POINT('',(6.221593978129,2.921341794575));
#920 = CARTESIAN_POINT('',(6.241229384653,2.841703896819));
#921 = CARTESIAN_POINT('',(6.261940417468,2.8));
#922 = CARTESIAN_POINT('',(6.28318530718,2.8));
#923 = ( GEOMETRIC_REPRESENTATION_CONTEXT(2) 
PARAMETRIC_REPRESENTATION_CONTEXT() REPRESENTATION_CONTEXT('2D SPACE',''
  ) );
#924 = ORIENTED_EDGE('',*,*,#925,.F.);
#925 = EDGE_CURVE('',#216,#816,#926,.T.);
#926 = SURFACE_CURVE('',#927,(#931,#937),.PCURVE_S1.);
#927 = LINE('',#928,#929);
#928 = CARTESIAN_POINT('',(-18.2,-0.916515138991,7.));
#929 = VECTOR('',#930,1.);
#930 = DIRECTION('',(1.,0.,2.22044604925E-16));
#931 = PCURVE('',#70,#932);
#932 = DEFINITIONAL_REPRESENTATION('',(#933),#936);
#933 = B_SPLINE_CURVE_WITH_KNOTS('',1,(#934,#935),.UNSPECIFIED.,.F.,.F.,
  (2,2),(2.36,34.04),.PIECEWISE_BEZIER_KNOTS.);
#934 = CARTESIAN_POINT('',(3.571292319741,2.36));
#935 = CARTESIAN_POINT('',(3.571292319741,34.04));
#936 = ( GEOMETRIC_REPRESENTATION_CONTEXT(2) 
PARAMETRIC_REPRESENTATION_CONTEXT() REPRESENTATION_CONTEXT('2D SPACE',''
  ) );
#937 = PCURVE('',#232,#938);
#938 = DEFINITIONAL_REPRESENTATION('',(#939),#942);
#939 = B_SPLINE_CURVE_WITH_KNOTS('',1,(#940,#941),.UNSPECIFIED.,.F.,.F.,
  (2,2),(2.36,34.04),.PIECEWISE_BEZIER_KNOTS.);
#940 = CARTESIAN_POINT('',(-15.84,-0.916515138991));
#941 = CARTESIAN_POINT('',(15.84,-0.916515138991));
#942 = ( GEOMETRIC_REPRESENTATION_CONTEXT(2) 
PARAMETRIC_REPRESENTATION_CONTEXT() REPRESENTATION_CONTEXT('2D SPACE',''
  ) );
#943 = ORIENTED_EDGE('',*,*,#244,.F.);
#944 = ORIENTED_EDGE('',*,*,#39,.F.);
#945 = ORIENTED_EDGE('',*,*,#946,.T.);
#946 = EDGE_CURVE('',#40,#334,#947,.T.);
#947 = SURFACE_CURVE('',#948,(#952,#958),.PCURVE_S1.);
#948 = LINE('',#949,#950);
#949 = CARTESIAN_POINT('',(-18.2,0.916515138991,7.));
#950 = VECTOR('',#951,1.);
#951 = DIRECTION('',(1.,0.,2.22044604925E-16));
#952 = PCURVE('',#70,#953);
#953 = DEFINITIONAL_REPRESENTATION('',(#954),#957);
#954 = B_SPLINE_CURVE_WITH_KNOTS('',1,(#955,#956),.UNSPECIFIED.,.F.,.F.,
  (2,2),(2.36,34.04),.PIECEWISE_BEZIER_KNOTS.);
#955 = CARTESIAN_POINT('',(2.711892987438,2.36));
#956 = CARTESIAN_POINT('',(2.711892987438,34.04));
#957 = ( GEOMETRIC_REPRESENTATION_CONTEXT(2) 
PARAMETRIC_REPRESENTATION_CONTEXT() REPRESENTATION_CONTEXT('2D SPACE',''
  ) );
#958 = PCURVE('',#103,#959);
#959 = DEFINITIONAL_REPRESENTATION('',(#960),#963);
#960 = B_SPLINE_CURVE_WITH_KNOTS('',1,(#961,#962),.UNSPECIFIED.,.F.,.F.,
  (2,2),(2.36,34.04),.PIECEWISE_BEZIER_KNOTS.);
#961 = CARTESIAN_POINT('',(-15.84,0.916515138991));
#962 = CARTESIAN_POINT('',(15.84,0.916515138991));
#963 = ( GEOMETRIC_REPRESENTATION_CONTEXT(2) 
PARAMETRIC_REPRESENTATION_CONTEXT() REPRESENTATION_CONTEXT('2D SPACE',''
  ) );
#964 = ADVANCED_FACE('',(#965,#996),#315,.F.);
#965 = FACE_BOUND('',#966,.F.);
#966 = EDGE_LOOP('',(#967));
#967 = ORIENTED_EDGE('',*,*,#968,.T.);
#968 = EDGE_CURVE('',#969,#969,#971,.T.);
#969 = VERTEX_POINT('',#970);
#970 = CARTESIAN_POINT('',(8.2,-2.008420750602E-15,31.));
#971 = SURFACE_CURVE('',#972,(#977,#984),.PCURVE_S1.);
#972 = CIRCLE('',#973,8.2);
#973 = AXIS2_PLACEMENT_3D('',#974,#975,#976);
#974 = CARTESIAN_POINT('',(0.,0.,31.));
#975 = DIRECTION('',(0.,0.,1.));
#976 = DIRECTION('',(1.,0.,-0.));
#977 = PCURVE('',#315,#978);
#978 = DEFINITIONAL_REPRESENTATION('',(#979),#983);
#979 = CIRCLE('',#980,8.2);
#980 = AXIS2_PLACEMENT_2D('',#981,#982);
#981 = CARTESIAN_POINT('',(0.,0.));
#982 = DIRECTION('',(1.,0.));
#983 = ( GEOMETRIC_REPRESENTATION_CONTEXT(2) 
PARAMETRIC_REPRESENTATION_CONTEXT() REPRESENTATION_CONTEXT('2D SPACE',''
  ) );
#984 = PCURVE('',#985,#990);
#985 = CYLINDRICAL_SURFACE('',#986,8.2);
#986 = AXIS2_PLACEMENT_3D('',#987,#988,#989);
#987 = CARTESIAN_POINT('',(0.,0.,31.));
#988 = DIRECTION('',(0.,0.,1.));
#989 = DIRECTION('',(1.,0.,-0.));
#990 = DEFINITIONAL_REPRESENTATION('',(#991),#995);
#991 = LINE('',#992,#993);
#992 = CARTESIAN_POINT('',(0.,0.));
#993 = VECTOR('',#994,1.);
#994 = DIRECTION('',(1.,0.));
#995 = ( GEOMETRIC_REPRESENTATION_CONTEXT(2) 
PARAMETRIC_REPRESENTATION_CONTEXT() REPRESENTATION_CONTEXT('2D SPACE',''
  ) );
#996 = FACE_BOUND('',#997,.F.);
#997 = EDGE_LOOP('',(#998));
#998 = ORIENTED_EDGE('',*,*,#300,.F.);
#999 = ADVANCED_FACE('',(#1000),#232,.T.);
#1000 = FACE_BOUND('',#1001,.T.);
#1001 = EDGE_LOOP('',(#1002,#1026,#1027,#1028));
#1002 = ORIENTED_EDGE('',*,*,#1003,.T.);
#1003 = EDGE_CURVE('',#1004,#816,#1006,.T.);
#1004 = VERTEX_POINT('',#1005);
#1005 = CARTESIAN_POINT('',(-13.1681433771,-0.916515138991,7.));
#1006 = SURFACE_CURVE('',#1007,(#1012,#1019),.PCURVE_S1.);
#1007 = CIRCLE('',#1008,13.2);
#1008 = AXIS2_PLACEMENT_3D('',#1009,#1010,#1011);
#1009 = CARTESIAN_POINT('',(0.,0.,7.));
#1010 = DIRECTION('',(0.,0.,1.));
#1011 = DIRECTION('',(1.,0.,-0.));
#1012 = PCURVE('',#232,#1013);
#1013 = DEFINITIONAL_REPRESENTATION('',(#1014),#1018);
#1014 = CIRCLE('',#1015,13.2);
#1015 = AXIS2_PLACEMENT_2D('',#1016,#1017);
#1016 = CARTESIAN_POINT('',(0.,0.));
#1017 = DIRECTION('',(1.,0.));
#1018 = ( GEOMETRIC_REPRESENTATION_CONTEXT(2) 
PARAMETRIC_REPRESENTATION_CONTEXT() REPRESENTATION_CONTEXT('2D SPACE',''
  ) );
#1019 = PCURVE('',#407,#1020);
#1020 = DEFINITIONAL_REPRESENTATION('',(#1021),#1025);
#1021 = LINE('',#1022,#1023);
#1022 = CARTESIAN_POINT('',(0.,7.));
#1023 = VECTOR('',#1024,1.);
#1024 = DIRECTION('',(1.,0.));
#1025 = ( GEOMETRIC_REPRESENTATION_CONTEXT(2) 
PARAMETRIC_REPRESENTATION_CONTEXT() REPRESENTATION_CONTEXT('2D SPACE',''
  ) );
#1026 = ORIENTED_EDGE('',*,*,#925,.F.);
#1027 = ORIENTED_EDGE('',*,*,#215,.F.);
#1028 = ORIENTED_EDGE('',*,*,#1029,.F.);
#1029 = EDGE_CURVE('',#1004,#116,#1030,.T.);
#1030 = SURFACE_CURVE('',#1031,(#1035,#1041),.PCURVE_S1.);
#1031 = LINE('',#1032,#1033);
#1032 = CARTESIAN_POINT('',(-18.2,-0.916515138991,7.));
#1033 = VECTOR('',#1034,1.);
#1034 = DIRECTION('',(1.,0.,2.22044604925E-16));
#1035 = PCURVE('',#232,#1036);
#1036 = DEFINITIONAL_REPRESENTATION('',(#1037),#1040);
#1037 = B_SPLINE_CURVE_WITH_KNOTS('',1,(#1038,#1039),.UNSPECIFIED.,.F.,
  .F.,(2,2),(2.36,34.04),.PIECEWISE_BEZIER_KNOTS.);
#1038 = CARTESIAN_POINT('',(-15.84,-0.916515138991));
#1039 = CARTESIAN_POINT('',(15.84,-0.916515138991));
#1040 = ( GEOMETRIC_REPRESENTATION_CONTEXT(2) 
PARAMETRIC_REPRESENTATION_CONTEXT() REPRESENTATION_CONTEXT('2D SPACE',''
  ) );
#1041 = PCURVE('',#179,#1042);
#1042 = DEFINITIONAL_REPRESENTATION('',(#1043),#1046);
#1043 = B_SPLINE_CURVE_WITH_KNOTS('',1,(#1044,#1045),.UNSPECIFIED.,.F.,
  .F.,(2,2),(2.36,34.04),.PIECEWISE_BEZIER_KNOTS.);
#1044 = CARTESIAN_POINT('',(3.571292319741,2.36));
#1045 = CARTESIAN_POINT('',(3.571292319741,34.04));
#1046 = ( GEOMETRIC_REPRESENTATION_CONTEXT(2) 
PARAMETRIC_REPRESENTATION_CONTEXT() REPRESENTATION_CONTEXT('2D SPACE',''
  ) );
#1047 = ADVANCED_FACE('',(#1048),#179,.F.);
#1048 = FACE_BOUND('',#1049,.F.);
#1049 = EDGE_LOOP('',(#1050,#1385,#1408,#1518,#1537,#1538,#1539,#1647));
#1050 = ORIENTED_EDGE('',*,*,#1051,.F.);
#1051 = EDGE_CURVE('',#1052,#1052,#1054,.T.);
#1052 = VERTEX_POINT('',#1053);
#1053 = CARTESIAN_POINT('',(-5.304,-5.388445916248E-16,2.8));
#1054 = SURFACE_CURVE('',#1055,(#1163,#1274),.PCURVE_S1.);
#1055 = B_SPLINE_CURVE_WITH_KNOTS('',6,(#1056,#1057,#1058,#1059,#1060,
    #1061,#1062,#1063,#1064,#1065,#1066,#1067,#1068,#1069,#1070,#1071,
    #1072,#1073,#1074,#1075,#1076,#1077,#1078,#1079,#1080,#1081,#1082,
    #1083,#1084,#1085,#1086,#1087,#1088,#1089,#1090,#1091,#1092,#1093,
    #1094,#1095,#1096,#1097,#1098,#1099,#1100,#1101,#1102,#1103,#1104,
    #1105,#1106,#1107,#1108,#1109,#1110,#1111,#1112,#1113,#1114,#1115,
    #1116,#1117,#1118,#1119,#1120,#1121,#1122,#1123,#1124,#1125,#1126,
    #1127,#1128,#1129,#1130,#1131,#1132,#1133,#1134,#1135,#1136,#1137,
    #1138,#1139,#1140,#1141,#1142,#1143,#1144,#1145,#1146,#1147,#1148,
    #1149,#1150,#1151,#1152,#1153,#1154,#1155,#1156,#1157,#1158,#1159,
    #1160,#1161,#1162),.UNSPECIFIED.,.T.,.F.,(7,5,5,5,5,5,5,5,5,5,5,5,5,
    5,5,5,5,5,5,5,5,7),(0.,4.045644920983E-02,9.567707404152E-02,
    0.119535045415,0.200300774,0.249959047589,0.299477723435,
    0.380717895369,0.4042131137,0.434778262025,0.471738381072,
    0.527531763952,0.565862651964,0.595812722537,0.619671895693,
    0.70044169264,0.750102467633,0.799623637853,0.880867902024,
    0.904364303865,0.93493099183,1.),.UNSPECIFIED.);
#1056 = CARTESIAN_POINT('',(-5.304,0.,2.8));
#1057 = CARTESIAN_POINT('',(-5.304,0.111159719803,2.8));
#1058 = CARTESIAN_POINT('',(-5.301204946043,0.222155881646,
    2.806740120689));
#1059 = CARTESIAN_POINT('',(-5.295627714196,0.332093464791,
    2.820182095421));
#1060 = CARTESIAN_POINT('',(-5.287427699109,0.440084973053,
    2.840084102027));
#1061 = CARTESIAN_POINT('',(-5.276889922869,0.545278986895,
    2.865996133293));
#1062 = CARTESIAN_POINT('',(-5.247361804921,0.785579896095,
    2.939922345769));
#1063 = CARTESIAN_POINT('',(-5.22669894108,0.917512610337,2.992525769301
    ));
#1064 = CARTESIAN_POINT('',(-5.203231504672,1.042145539892,
    3.053803109594));
#1065 = CARTESIAN_POINT('',(-5.177805702538,1.159087743451,
    3.122553434664));
#1066 = CARTESIAN_POINT('',(-5.151240809272,1.268089554694,
    3.197618772197));
#1067 = CARTESIAN_POINT('',(-5.112620146635,1.412646121258,
    3.312535915014));
#1068 = CARTESIAN_POINT('',(-5.100880545949,1.45480094677,3.348210516437
    ));
#1069 = CARTESIAN_POINT('',(-5.08910571232,1.495507266567,3.384821238376
    ));
#1070 = CARTESIAN_POINT('',(-5.077344813118,1.534775977109,
    3.422306253417));
#1071 = CARTESIAN_POINT('',(-5.065643649176,1.572619561541,
    3.460609945376));
#1072 = CARTESIAN_POINT('',(-5.014778900909,1.732386116484,
    3.631955530045));
#1073 = CARTESIAN_POINT('',(-4.976651883626,1.839649051148,
    3.773152298448));
#1074 = CARTESIAN_POINT('',(-4.941351053271,1.931210206375,
    3.921267258568));
#1075 = CARTESIAN_POINT('',(-4.91020719903,2.007447046761,4.074808016502
    ));
#1076 = CARTESIAN_POINT('',(-4.884232294565,2.068629407394,4.23262344186
    ));
#1077 = CARTESIAN_POINT('',(-4.851803011181,2.143217792875,4.492813557)
  );
#1078 = CARTESIAN_POINT('',(-4.841690552568,2.165932424011,
    4.593071783985));
#1079 = CARTESIAN_POINT('',(-4.833986856429,2.182965676093,
    4.694213371128));
#1080 = CARTESIAN_POINT('',(-4.828810344319,2.194321018227,
    4.795939934933));
#1081 = CARTESIAN_POINT('',(-4.826221710614,2.2,4.897962419498));
#1082 = CARTESIAN_POINT('',(-4.826221710614,2.2,5.101750735736));
#1083 = CARTESIAN_POINT('',(-4.82879581206,2.19435290123,5.203486579469)
  );
#1084 = CARTESIAN_POINT('',(-4.833943272138,2.183061282898,
    5.304928976772));
#1085 = CARTESIAN_POINT('',(-4.841604074641,2.16612362409,5.405791256108
    ));
#1086 = CARTESIAN_POINT('',(-4.851661106818,2.143536519311,
    5.505777549804));
#1087 = CARTESIAN_POINT('',(-4.884090879619,2.068967060373,
    5.766679494002));
#1088 = CARTESIAN_POINT('',(-4.910206641008,2.007468307442,
    5.925435905884));
#1089 = CARTESIAN_POINT('',(-4.941554367811,1.930739312439,
    6.079869471707));
#1090 = CARTESIAN_POINT('',(-4.977104286026,1.838504593885,
    6.228809648431));
#1091 = CARTESIAN_POINT('',(-5.015500162491,1.730378496039,
    6.370735898949));
#1092 = CARTESIAN_POINT('',(-5.066449613017,1.570009295746,
    6.542025143993));
#1093 = CARTESIAN_POINT('',(-5.077975831869,1.532664624366,
    6.579701586779));
#1094 = CARTESIAN_POINT('',(-5.089558162335,1.493937379697,6.61658186701
    ));
#1095 = CARTESIAN_POINT('',(-5.10115278061,1.453815663434,6.652612720973
    ));
#1096 = CARTESIAN_POINT('',(-5.112712690993,1.412289093697,6.68773502762
    ));
#1097 = CARTESIAN_POINT('',(-5.139115705655,1.313487383599,
    6.766308275701));
#1098 = CARTESIAN_POINT('',(-5.153903738575,1.255219762102,
    6.809096247533));
#1099 = CARTESIAN_POINT('',(-5.168436298583,1.194543502328,
    6.850088227641));
#1100 = CARTESIAN_POINT('',(-5.182589395871,1.131464978362,
    6.889113546971));
#1101 = CARTESIAN_POINT('',(-5.196232196788,1.066000061134,6.92598977657
    ));
#1102 = CARTESIAN_POINT('',(-5.224944262749,0.91615885499,7.002279512526
    ));
#1103 = CARTESIAN_POINT('',(-5.239731840597,0.830602660845,
    7.040654721231));
#1104 = CARTESIAN_POINT('',(-5.253305782177,0.741752684674,7.07518057969
    ));
#1105 = CARTESIAN_POINT('',(-5.26539214618,0.649894112149,7.10543883004)
  );
#1106 = CARTESIAN_POINT('',(-5.275742493782,0.555348980186,
    7.131055674928));
#1107 = CARTESIAN_POINT('',(-5.29683592626,0.312236526804,7.182857019396
    ));
#1108 = CARTESIAN_POINT('',(-5.305087069042,0.16074272065,7.202668526744
    ));
#1109 = CARTESIAN_POINT('',(-5.308077204949,6.497523067601E-03,
    7.209729979122));
#1110 = CARTESIAN_POINT('',(-5.305470736501,-0.147821819191,
    7.203583079235));
#1111 = CARTESIAN_POINT('',(-5.297578507371,-0.299535631441,
    7.184648842156));
#1112 = CARTESIAN_POINT('',(-5.276702667724,-0.546845980438,
    7.133433330994));
#1113 = CARTESIAN_POINT('',(-5.266090085738,-0.645093105328,
    7.10719477467));
#1114 = CARTESIAN_POINT('',(-5.253596359046,-0.74047107211,
    7.075943010197));
#1115 = CARTESIAN_POINT('',(-5.239497998511,-0.832617854703,
    7.040093222699));
#1116 = CARTESIAN_POINT('',(-5.224101355046,-0.921214053062,
    7.000112650603));
#1117 = CARTESIAN_POINT('',(-5.194930966327,-1.072221634472,
    6.922469217889));
#1118 = CARTESIAN_POINT('',(-5.181525638564,-1.136188851041,
    6.886177051018));
#1119 = CARTESIAN_POINT('',(-5.167637659871,-1.197863461642,
    6.847831922358));
#1120 = CARTESIAN_POINT('',(-5.153389773744,-1.257231375065,
    6.807604831047));
#1121 = CARTESIAN_POINT('',(-5.138898356828,-1.314287170853,
    6.765655825559));
#1122 = CARTESIAN_POINT('',(-5.112620146635,-1.412646121258,
    6.687464084986));
#1123 = CARTESIAN_POINT('',(-5.100880545949,-1.45480094677,
    6.651789483563));
#1124 = CARTESIAN_POINT('',(-5.08910571232,-1.495507266567,
    6.615178761624));
#1125 = CARTESIAN_POINT('',(-5.077344813118,-1.534775977109,
    6.577693746583));
#1126 = CARTESIAN_POINT('',(-5.065643649176,-1.572619561541,
    6.539390054624));
#1127 = CARTESIAN_POINT('',(-5.014778900909,-1.732386116484,
    6.368044469955));
#1128 = CARTESIAN_POINT('',(-4.976651883626,-1.839649051149,
    6.226847701552));
#1129 = CARTESIAN_POINT('',(-4.941351053271,-1.931210206375,
    6.078732741432));
#1130 = CARTESIAN_POINT('',(-4.91020719903,-2.007447046761,
    5.925191983498));
#1131 = CARTESIAN_POINT('',(-4.884232294565,-2.068629407394,
    5.76737655814));
#1132 = CARTESIAN_POINT('',(-4.851803011181,-2.143217792875,
    5.507186443001));
#1133 = CARTESIAN_POINT('',(-4.841690552568,-2.165932424011,
    5.406928216015));
#1134 = CARTESIAN_POINT('',(-4.833986856429,-2.182965676093,
    5.305786628872));
#1135 = CARTESIAN_POINT('',(-4.828810344319,-2.194321018227,
    5.204060065068));
#1136 = CARTESIAN_POINT('',(-4.826221710614,-2.2,5.102037580502));
#1137 = CARTESIAN_POINT('',(-4.826221710614,-2.2,4.898249264264));
#1138 = CARTESIAN_POINT('',(-4.82879581206,-2.19435290123,4.796513420532
    ));
#1139 = CARTESIAN_POINT('',(-4.833943272138,-2.183061282898,
    4.695071023228));
#1140 = CARTESIAN_POINT('',(-4.841604074641,-2.16612362409,
    4.594208743892));
#1141 = CARTESIAN_POINT('',(-4.851661106818,-2.143536519311,
    4.494222450197));
#1142 = CARTESIAN_POINT('',(-4.884090879614,-2.068967060385,
    4.233320506043));
#1143 = CARTESIAN_POINT('',(-4.910206641015,-2.00746830743,
    4.074564094039));
#1144 = CARTESIAN_POINT('',(-4.941554367819,-1.930739312407,
    3.920130528307));
#1145 = CARTESIAN_POINT('',(-4.977104286005,-1.838504593951,
    3.771190351627));
#1146 = CARTESIAN_POINT('',(-5.015500162503,-1.730378496002,
    3.629264101011));
#1147 = CARTESIAN_POINT('',(-5.066449613017,-1.570009295747,
    3.457974856007));
#1148 = CARTESIAN_POINT('',(-5.077975831869,-1.532664624366,
    3.420298413221));
#1149 = CARTESIAN_POINT('',(-5.089558162335,-1.493937379697,
    3.38341813299));
#1150 = CARTESIAN_POINT('',(-5.101152780609,-1.453815663435,
    3.347387279027));
#1151 = CARTESIAN_POINT('',(-5.112712690993,-1.412289093697,
    3.31226497238));
#1152 = CARTESIAN_POINT('',(-5.139115705655,-1.3134873836,3.233691724299
    ));
#1153 = CARTESIAN_POINT('',(-5.153903738574,-1.255219762102,
    3.190903752467));
#1154 = CARTESIAN_POINT('',(-5.168436298583,-1.194543502328,
    3.149911772359));
#1155 = CARTESIAN_POINT('',(-5.182589395871,-1.131464978362,
    3.110886453029));
#1156 = CARTESIAN_POINT('',(-5.196232196788,-1.066000061134,
    3.07401022343));
#1157 = CARTESIAN_POINT('',(-5.236894902942,-0.853791404902,
    2.965966896976));
#1158 = CARTESIAN_POINT('',(-5.26188006517,-0.697417988061,
    2.902418623851));
#1159 = CARTESIAN_POINT('',(-5.282357770811,-0.53111745085,
    2.852177074264));
#1160 = CARTESIAN_POINT('',(-5.296715174646,-0.35748695908,
    2.817563169031));
#1161 = CARTESIAN_POINT('',(-5.304,-0.179440726462,2.8));
#1162 = CARTESIAN_POINT('',(-5.304,0.,2.8));
#1163 = PCURVE('',#179,#1164);
#1164 = DEFINITIONAL_REPRESENTATION('',(#1165),#1273);
#1165 = B_SPLINE_CURVE_WITH_KNOTS('',6,(#1166,#1167,#1168,#1169,#1170,
    #1171,#1172,#1173,#1174,#1175,#1176,#1177,#1178,#1179,#1180,#1181,
    #1182,#1183,#1184,#1185,#1186,#1187,#1188,#1189,#1190,#1191,#1192,
    #1193,#1194,#1195,#1196,#1197,#1198,#1199,#1200,#1201,#1202,#1203,
    #1204,#1205,#1206,#1207,#1208,#1209,#1210,#1211,#1212,#1213,#1214,
    #1215,#1216,#1217,#1218,#1219,#1220,#1221,#1222,#1223,#1224,#1225,
    #1226,#1227,#1228,#1229,#1230,#1231,#1232,#1233,#1234,#1235,#1236,
    #1237,#1238,#1239,#1240,#1241,#1242,#1243,#1244,#1245,#1246,#1247,
    #1248,#1249,#1250,#1251,#1252,#1253,#1254,#1255,#1256,#1257,#1258,
    #1259,#1260,#1261,#1262,#1263,#1264,#1265,#1266,#1267,#1268,#1269,
    #1270,#1271,#1272),.UNSPECIFIED.,.F.,.F.,(7,5,5,5,5,5,5,5,5,5,5,5,5,
    5,5,5,5,5,5,5,5,7),(0.,4.045644920983E-02,9.567707404152E-02,
    0.119535045415,0.200300774,0.249959047589,0.299477723435,
    0.380717895369,0.4042131137,0.434778262025,0.471738381072,
    0.527531763952,0.565862651964,0.595812722537,0.619671895693,
    0.70044169264,0.750102467633,0.799623637853,0.880867902024,
    0.904364303865,0.93493099183,1.),.UNSPECIFIED.);
#1166 = CARTESIAN_POINT('',(0.,12.896));
#1167 = CARTESIAN_POINT('',(5.05271453648E-02,12.896));
#1168 = CARTESIAN_POINT('',(0.100979985648,12.898795053957));
#1169 = CARTESIAN_POINT('',(0.151183710585,12.904372285804));
#1170 = CARTESIAN_POINT('',(0.200963948965,12.912572300891));
#1171 = CARTESIAN_POINT('',(0.250128872899,12.923110077131));
#1172 = CARTESIAN_POINT('',(0.364408517455,12.952638195079));
#1173 = CARTESIAN_POINT('',(0.428758040356,12.97330105892));
#1174 = CARTESIAN_POINT('',(0.491610087384,12.996768495328));
#1175 = CARTESIAN_POINT('',(0.553029873138,13.022194297462));
#1176 = CARTESIAN_POINT('',(0.613046547744,13.048759190728));
#1177 = CARTESIAN_POINT('',(0.696986892866,13.087379853365));
#1178 = CARTESIAN_POINT('',(0.722077081753,13.099119454051));
#1179 = CARTESIAN_POINT('',(0.746945687117,13.11089428768));
#1180 = CARTESIAN_POINT('',(0.771605839792,13.122655186882));
#1181 = CARTESIAN_POINT('',(0.796070815357,13.134356350824));
#1182 = CARTESIAN_POINT('',(0.902559340972,13.185221099091));
#1183 = CARTESIAN_POINT('',(0.982749859275,13.223348116374));
#1184 = CARTESIAN_POINT('',(1.061372035758,13.258648946729));
#1185 = CARTESIAN_POINT('',(1.138805703906,13.28979280097));
#1186 = CARTESIAN_POINT('',(1.215426304612,13.315767705435));
#1187 = CARTESIAN_POINT('',(1.338458185235,13.348196988819));
#1188 = CARTESIAN_POINT('',(1.385110817472,13.358309447432));
#1189 = CARTESIAN_POINT('',(1.43162282537,13.366013143571));
#1190 = CARTESIAN_POINT('',(1.4780417504,13.371189655681));
#1191 = CARTESIAN_POINT('',(1.524415608385,13.373778289386));
#1192 = CARTESIAN_POINT('',(1.61704666122,13.373778289386));
#1193 = CARTESIAN_POINT('',(1.663290227908,13.37120418794));
#1194 = CARTESIAN_POINT('',(1.709578476235,13.366056727862));
#1195 = CARTESIAN_POINT('',(1.755958999127,13.358395925359));
#1196 = CARTESIAN_POINT('',(1.802478920165,13.348338893182));
#1197 = CARTESIAN_POINT('',(1.925819499417,13.315909120381));
#1198 = CARTESIAN_POINT('',(2.002885355536,13.289793358992));
#1199 = CARTESIAN_POINT('',(2.080773490039,13.258445632189));
#1200 = CARTESIAN_POINT('',(2.159866230127,13.222895713974));
#1201 = CARTESIAN_POINT('',(2.240550231752,13.184499837509));
#1202 = CARTESIAN_POINT('',(2.34720705947,13.133550386983));
#1203 = CARTESIAN_POINT('',(2.371310298373,13.122024168131));
#1204 = CARTESIAN_POINT('',(2.395603344934,13.110441837665));
#1205 = CARTESIAN_POINT('',(2.420098878047,13.09884721939));
#1206 = CARTESIAN_POINT('',(2.444809433658,13.087287309007));
#1207 = CARTESIAN_POINT('',(2.502189443624,13.060884294345));
#1208 = CARTESIAN_POINT('',(2.535024500495,13.046096261425));
#1209 = CARTESIAN_POINT('',(2.56826983297,13.031563701417));
#1210 = CARTESIAN_POINT('',(2.601943695031,13.017410604129));
#1211 = CARTESIAN_POINT('',(2.636066504777,13.003767803212));
#1212 = CARTESIAN_POINT('',(2.712495739144,12.975055737251));
#1213 = CARTESIAN_POINT('',(2.755065948239,12.960268159403));
#1214 = CARTESIAN_POINT('',(2.798308407791,12.946694217823));
#1215 = CARTESIAN_POINT('',(2.842175960546,12.93460785382));
#1216 = CARTESIAN_POINT('',(2.886634099625,12.924257506218));
#1217 = CARTESIAN_POINT('',(2.999620462693,12.90316407374));
#1218 = CARTESIAN_POINT('',(3.068845977581,12.894912930958));
#1219 = CARTESIAN_POINT('',(3.138652450531,12.891922795051));
#1220 = CARTESIAN_POINT('',(3.20847436838,12.894529263499));
#1221 = CARTESIAN_POINT('',(3.277747581935,12.902421492629));
#1222 = CARTESIAN_POINT('',(3.392546577403,12.923297332276));
#1223 = CARTESIAN_POINT('',(3.438695121159,12.933909914262));
#1224 = CARTESIAN_POINT('',(3.484212409142,12.946403640954));
#1225 = CARTESIAN_POINT('',(3.529059754159,12.960502001489));
#1226 = CARTESIAN_POINT('',(3.573183807371,12.975898644954));
#1227 = CARTESIAN_POINT('',(3.650365293995,13.005069033673));
#1228 = CARTESIAN_POINT('',(3.683766730229,13.018474361436));
#1229 = CARTESIAN_POINT('',(3.716737905516,13.032362340129));
#1230 = CARTESIAN_POINT('',(3.749298192316,13.046610226256));
#1231 = CARTESIAN_POINT('',(3.78146498958,13.061101643172));
#1232 = CARTESIAN_POINT('',(3.838579546456,13.087379853365));
#1233 = CARTESIAN_POINT('',(3.863669735343,13.099119454051));
#1234 = CARTESIAN_POINT('',(3.888538340707,13.11089428768));
#1235 = CARTESIAN_POINT('',(3.913198493382,13.122655186882));
#1236 = CARTESIAN_POINT('',(3.937663468947,13.134356350824));
#1237 = CARTESIAN_POINT('',(4.044151994562,13.185221099091));
#1238 = CARTESIAN_POINT('',(4.124342512865,13.223348116374));
#1239 = CARTESIAN_POINT('',(4.202964689348,13.258648946729));
#1240 = CARTESIAN_POINT('',(4.280398357496,13.28979280097));
#1241 = CARTESIAN_POINT('',(4.357018958201,13.315767705435));
#1242 = CARTESIAN_POINT('',(4.480050838825,13.348196988819));
#1243 = CARTESIAN_POINT('',(4.526703471062,13.358309447432));
#1244 = CARTESIAN_POINT('',(4.573215478959,13.366013143571));
#1245 = CARTESIAN_POINT('',(4.61963440399,13.371189655681));
#1246 = CARTESIAN_POINT('',(4.666008261975,13.373778289386));
#1247 = CARTESIAN_POINT('',(4.75863931481,13.373778289386));
#1248 = CARTESIAN_POINT('',(4.804882881497,13.37120418794));
#1249 = CARTESIAN_POINT('',(4.851171129825,13.366056727862));
#1250 = CARTESIAN_POINT('',(4.897551652717,13.358395925359));
#1251 = CARTESIAN_POINT('',(4.944071573755,13.348338893182));
#1252 = CARTESIAN_POINT('',(5.067412152986,13.315909120386));
#1253 = CARTESIAN_POINT('',(5.14447800916,13.289793358985));
#1254 = CARTESIAN_POINT('',(5.222366143631,13.258445632181));
#1255 = CARTESIAN_POINT('',(5.301458883678,13.222895713995));
#1256 = CARTESIAN_POINT('',(5.382142885367,13.184499837497));
#1257 = CARTESIAN_POINT('',(5.48879971306,13.133550386983));
#1258 = CARTESIAN_POINT('',(5.512902951962,13.122024168131));
#1259 = CARTESIAN_POINT('',(5.537195998524,13.110441837665));
#1260 = CARTESIAN_POINT('',(5.561691531636,13.09884721939));
#1261 = CARTESIAN_POINT('',(5.586402087247,13.087287309007));
#1262 = CARTESIAN_POINT('',(5.643782097214,13.060884294345));
#1263 = CARTESIAN_POINT('',(5.676617154085,13.046096261426));
#1264 = CARTESIAN_POINT('',(5.709862486559,13.031563701417));
#1265 = CARTESIAN_POINT('',(5.743536348621,13.017410604129));
#1266 = CARTESIAN_POINT('',(5.777659158367,13.003767803212));
#1267 = CARTESIAN_POINT('',(5.885900045765,12.963105097058));
#1268 = CARTESIAN_POINT('',(5.962347445053,12.93811993483));
#1269 = CARTESIAN_POINT('',(6.040791117245,12.917642229189));
#1270 = CARTESIAN_POINT('',(6.120691340877,12.903284825354));
#1271 = CARTESIAN_POINT('',(6.201621340606,12.896));
#1272 = CARTESIAN_POINT('',(6.28318530718,12.896));
#1273 = ( GEOMETRIC_REPRESENTATION_CONTEXT(2) 
PARAMETRIC_REPRESENTATION_CONTEXT() REPRESENTATION_CONTEXT('2D SPACE',''
  ) );
#1274 = PCURVE('',#585,#1275);
#1275 = DEFINITIONAL_REPRESENTATION('',(#1276),#1384);
#1276 = B_SPLINE_CURVE_WITH_KNOTS('',6,(#1277,#1278,#1279,#1280,#1281,
    #1282,#1283,#1284,#1285,#1286,#1287,#1288,#1289,#1290,#1291,#1292,
    #1293,#1294,#1295,#1296,#1297,#1298,#1299,#1300,#1301,#1302,#1303,
    #1304,#1305,#1306,#1307,#1308,#1309,#1310,#1311,#1312,#1313,#1314,
    #1315,#1316,#1317,#1318,#1319,#1320,#1321,#1322,#1323,#1324,#1325,
    #1326,#1327,#1328,#1329,#1330,#1331,#1332,#1333,#1334,#1335,#1336,
    #1337,#1338,#1339,#1340,#1341,#1342,#1343,#1344,#1345,#1346,#1347,
    #1348,#1349,#1350,#1351,#1352,#1353,#1354,#1355,#1356,#1357,#1358,
    #1359,#1360,#1361,#1362,#1363,#1364,#1365,#1366,#1367,#1368,#1369,
    #1370,#1371,#1372,#1373,#1374,#1375,#1376,#1377,#1378,#1379,#1380,
    #1381,#1382,#1383),.UNSPECIFIED.,.T.,.F.,(7,5,5,5,5,5,5,5,5,5,5,5,5,
    5,5,5,5,5,5,5,5,7),(0.,4.045644920983E-02,9.567707404152E-02,
    0.119535045415,0.200300774,0.249959047589,0.299477723435,
    0.380717895369,0.4042131137,0.434778262025,0.471738381072,
    0.527531763952,0.565862651964,0.595812722537,0.619671895693,
    0.70044169264,0.750102467633,0.799623637853,0.880867902024,
    0.904364303865,0.93493099183,1.),.UNSPECIFIED.);
#1277 = CARTESIAN_POINT('',(3.14159265359,2.8));
#1278 = CARTESIAN_POINT('',(3.120634938695,2.8));
#1279 = CARTESIAN_POINT('',(3.099708095416,2.806740120689));
#1280 = CARTESIAN_POINT('',(3.078964139601,2.820182095421));
#1281 = CARTESIAN_POINT('',(3.0585543413,2.840084102027));
#1282 = CARTESIAN_POINT('',(3.038627100399,2.865996133293));
#1283 = CARTESIAN_POINT('',(2.992980736132,2.939922345769));
#1284 = CARTESIAN_POINT('',(2.967817183677,2.992525769301));
#1285 = CARTESIAN_POINT('',(2.943921937372,3.053803109594));
#1286 = CARTESIAN_POINT('',(2.921370218948,3.122553434664));
#1287 = CARTESIAN_POINT('',(2.900222904675,3.197618772197));
#1288 = CARTESIAN_POINT('',(2.872012738018,3.312535915014));
#1289 = CARTESIAN_POINT('',(2.863763000348,3.348210516437));
#1290 = CARTESIAN_POINT('',(2.855774306561,3.384821238376));
#1291 = CARTESIAN_POINT('',(2.848046269595,3.422306253417));
#1292 = CARTESIAN_POINT('',(2.840578326392,3.460609945376));
#1293 = CARTESIAN_POINT('',(2.808966703256,3.631955530045));
#1294 = CARTESIAN_POINT('',(2.787516001721,3.773152298448));
#1295 = CARTESIAN_POINT('',(2.769021652361,3.921267258568));
#1296 = CARTESIAN_POINT('',(2.753497411514,4.074808016502));
#1297 = CARTESIAN_POINT('',(2.740966229913,4.23262344186));
#1298 = CARTESIAN_POINT('',(2.725631920537,4.492813557));
#1299 = CARTESIAN_POINT('',(2.72094431193,4.593071783985));
#1300 = CARTESIAN_POINT('',(2.717419790314,4.694213371128));
#1301 = CARTESIAN_POINT('',(2.715066890474,4.795939934933));
#1302 = CARTESIAN_POINT('',(2.713890217436,4.897962419498));
#1303 = CARTESIAN_POINT('',(2.713890217436,5.101750735736));
#1304 = CARTESIAN_POINT('',(2.715060284589,5.203486579469));
#1305 = CARTESIAN_POINT('',(2.717399979855,5.304928976772));
#1306 = CARTESIAN_POINT('',(2.720904748373,5.405791256108));
#1307 = CARTESIAN_POINT('',(2.725566144599,5.505777549804));
#1308 = CARTESIAN_POINT('',(2.740897218403,5.766679494002));
#1309 = CARTESIAN_POINT('',(2.753493682971,5.925435905884));
#1310 = CARTESIAN_POINT('',(2.769118324146,6.079869471707));
#1311 = CARTESIAN_POINT('',(2.787747913621,6.228809648431));
#1312 = CARTESIAN_POINT('',(2.809368624812,6.370735898949));
#1313 = CARTESIAN_POINT('',(2.841093364831,6.542025143993));
#1314 = CARTESIAN_POINT('',(2.848461708579,6.579701586779));
#1315 = CARTESIAN_POINT('',(2.85608231225,6.61658186701));
#1316 = CARTESIAN_POINT('',(2.863955711752,6.652612720973));
#1317 = CARTESIAN_POINT('',(2.872082273539,6.68773502762));
#1318 = CARTESIAN_POINT('',(2.891363711961,6.766308275701));
#1319 = CARTESIAN_POINT('',(2.902696696046,6.809096247533));
#1320 = CARTESIAN_POINT('',(2.914458296969,6.850088227641));
#1321 = CARTESIAN_POINT('',(2.926644578538,6.889113546971));
#1322 = CARTESIAN_POINT('',(2.939250662725,6.92598977657));
#1323 = CARTESIAN_POINT('',(2.968015229687,7.002279512526));
#1324 = CARTESIAN_POINT('',(2.984382213964,7.040654721231));
#1325 = CARTESIAN_POINT('',(3.001323004557,7.07518057969));
#1326 = CARTESIAN_POINT('',(3.018785028881,7.10543883004));
#1327 = CARTESIAN_POINT('',(3.036712224385,7.131055674928));
#1328 = CARTESIAN_POINT('',(3.082720107863,7.182857019396));
#1329 = CARTESIAN_POINT('',(3.111309904848,7.202668526744));
#1330 = CARTESIAN_POINT('',(3.140368605371,7.209729979122));
#1331 = CARTESIAN_POINT('',(3.169439887852,7.203583079235));
#1332 = CARTESIAN_POINT('',(3.198067394248,7.184648842156));
#1333 = CARTESIAN_POINT('',(3.24486035534,7.133433330994));
#1334 = CARTESIAN_POINT('',(3.263486203507,7.10719477467));
#1335 = CARTESIAN_POINT('',(3.281615395082,7.075943010197));
#1336 = CARTESIAN_POINT('',(3.29918497603,7.040093222699));
#1337 = CARTESIAN_POINT('',(3.316136029111,7.000112650603));
#1338 = CARTESIAN_POINT('',(3.345132866165,6.922469217889));
#1339 = CARTESIAN_POINT('',(3.357453503018,6.886177051018));
#1340 = CARTESIAN_POINT('',(3.369370709345,6.847831922358));
#1341 = CARTESIAN_POINT('',(3.38088002593,6.807604831047));
#1342 = CARTESIAN_POINT('',(3.391977852179,6.765655825559));
#1343 = CARTESIAN_POINT('',(3.411172569161,6.687464084986));
#1344 = CARTESIAN_POINT('',(3.419422306832,6.651789483563));
#1345 = CARTESIAN_POINT('',(3.427411000619,6.615178761624));
#1346 = CARTESIAN_POINT('',(3.435139037585,6.577693746583));
#1347 = CARTESIAN_POINT('',(3.442606980787,6.539390054624));
#1348 = CARTESIAN_POINT('',(3.474218603924,6.368044469955));
#1349 = CARTESIAN_POINT('',(3.495669305458,6.226847701552));
#1350 = CARTESIAN_POINT('',(3.514163654819,6.078732741432));
#1351 = CARTESIAN_POINT('',(3.529687895665,5.925191983498));
#1352 = CARTESIAN_POINT('',(3.542219077266,5.76737655814));
#1353 = CARTESIAN_POINT('',(3.557553386642,5.507186443001));
#1354 = CARTESIAN_POINT('',(3.562240995249,5.406928216015));
#1355 = CARTESIAN_POINT('',(3.565765516866,5.305786628872));
#1356 = CARTESIAN_POINT('',(3.568118416705,5.204060065068));
#1357 = CARTESIAN_POINT('',(3.569295089743,5.102037580502));
#1358 = CARTESIAN_POINT('',(3.569295089743,4.898249264264));
#1359 = CARTESIAN_POINT('',(3.568125022591,4.796513420532));
#1360 = CARTESIAN_POINT('',(3.565785327325,4.695071023228));
#1361 = CARTESIAN_POINT('',(3.562280558807,4.594208743892));
#1362 = CARTESIAN_POINT('',(3.557619162581,4.494222450197));
#1363 = CARTESIAN_POINT('',(3.542288088779,4.233320506043));
#1364 = CARTESIAN_POINT('',(3.529691624206,4.074564094039));
#1365 = CARTESIAN_POINT('',(3.514066983027,3.920130528307));
#1366 = CARTESIAN_POINT('',(3.495437393572,3.771190351627));
#1367 = CARTESIAN_POINT('',(3.47381668236,3.629264101011));
#1368 = CARTESIAN_POINT('',(3.442091942349,3.457974856007));
#1369 = CARTESIAN_POINT('',(3.434723598601,3.420298413221));
#1370 = CARTESIAN_POINT('',(3.42710299493,3.38341813299));
#1371 = CARTESIAN_POINT('',(3.419229595427,3.347387279027));
#1372 = CARTESIAN_POINT('',(3.41110303364,3.31226497238));
#1373 = CARTESIAN_POINT('',(3.391821595219,3.233691724299));
#1374 = CARTESIAN_POINT('',(3.380488611134,3.190903752467));
#1375 = CARTESIAN_POINT('',(3.368727010211,3.149911772359));
#1376 = CARTESIAN_POINT('',(3.356540728641,3.110886453029));
#1377 = CARTESIAN_POINT('',(3.343934644455,3.07401022343));
#1378 = CARTESIAN_POINT('',(3.303197585143,2.965966896976));
#1379 = CARTESIAN_POINT('',(3.273355649485,2.902418623851));
#1380 = CARTESIAN_POINT('',(3.241797399807,2.852177074264));
#1381 = CARTESIAN_POINT('',(3.208992210225,2.817563169031));
#1382 = CARTESIAN_POINT('',(3.175423861445,2.8));
#1383 = CARTESIAN_POINT('',(3.14159265359,2.8));
#1384 = ( GEOMETRIC_REPRESENTATION_CONTEXT(2) 
PARAMETRIC_REPRESENTATION_CONTEXT() REPRESENTATION_CONTEXT('2D SPACE',''
  ) );
#1385 = ORIENTED_EDGE('',*,*,#1386,.F.);
#1386 = EDGE_CURVE('',#1387,#1052,#1389,.T.);
#1387 = VERTEX_POINT('',#1388);
#1388 = CARTESIAN_POINT('',(-13.2,-5.388445916248E-16,2.8));
#1389 = SEAM_CURVE('',#1390,(#1394,#1401),.PCURVE_S1.);
#1390 = LINE('',#1391,#1392);
#1391 = CARTESIAN_POINT('',(-18.2,-5.388445916248E-16,2.8));
#1392 = VECTOR('',#1393,1.);
#1393 = DIRECTION('',(1.,0.,2.22044604925E-16));
#1394 = PCURVE('',#179,#1395);
#1395 = DEFINITIONAL_REPRESENTATION('',(#1396),#1400);
#1396 = LINE('',#1397,#1398);
#1397 = CARTESIAN_POINT('',(6.28318530718,-0.));
#1398 = VECTOR('',#1399,1.);
#1399 = DIRECTION('',(0.,1.));
#1400 = ( GEOMETRIC_REPRESENTATION_CONTEXT(2) 
PARAMETRIC_REPRESENTATION_CONTEXT() REPRESENTATION_CONTEXT('2D SPACE',''
  ) );
#1401 = PCURVE('',#179,#1402);
#1402 = DEFINITIONAL_REPRESENTATION('',(#1403),#1407);
#1403 = LINE('',#1404,#1405);
#1404 = CARTESIAN_POINT('',(0.,-0.));
#1405 = VECTOR('',#1406,1.);
#1406 = DIRECTION('',(0.,1.));
#1407 = ( GEOMETRIC_REPRESENTATION_CONTEXT(2) 
PARAMETRIC_REPRESENTATION_CONTEXT() REPRESENTATION_CONTEXT('2D SPACE',''
  ) );
#1408 = ORIENTED_EDGE('',*,*,#1409,.T.);
#1409 = EDGE_CURVE('',#1387,#1410,#1412,.T.);
#1410 = VERTEX_POINT('',#1411);
#1411 = CARTESIAN_POINT('',(-13.1681433771,0.916515138991,7.));
#1412 = SURFACE_CURVE('',#1413,(#1446,#1482),.PCURVE_S1.);
#1413 = B_SPLINE_CURVE_WITH_KNOTS('',7,(#1414,#1415,#1416,#1417,#1418,
    #1419,#1420,#1421,#1422,#1423,#1424,#1425,#1426,#1427,#1428,#1429,
    #1430,#1431,#1432,#1433,#1434,#1435,#1436,#1437,#1438,#1439,#1440,
    #1441,#1442,#1443,#1444,#1445),.UNSPECIFIED.,.F.,.F.,(8,6,6,6,6,8),(
    0.,0.266045243647,0.565774300686,0.744989150855,0.894008719285,1.),
  .UNSPECIFIED.);
#1414 = CARTESIAN_POINT('',(-13.2,5.388445916248E-16,2.8));
#1415 = CARTESIAN_POINT('',(-13.2,0.280555735369,2.8));
#1416 = CARTESIAN_POINT('',(-13.19304300435,0.553960776503,
    2.841740555003));
#1417 = CARTESIAN_POINT('',(-13.17976860458,0.812888326688,
    2.921394572699));
#1418 = CARTESIAN_POINT('',(-13.16185301641,1.051160243786,
    3.033717655965));
#1419 = CARTESIAN_POINT('',(-13.14162000292,1.26398303736,3.172092202729
    ));
#1420 = CARTESIAN_POINT('',(-13.12122921932,1.448390788635,3.32857586435
    ));
#1421 = CARTESIAN_POINT('',(-13.08079413622,1.778738691564,
    3.680360650647));
#1422 = CARTESIAN_POINT('',(-13.06052174068,1.92174567442,3.883278688821
    ));
#1423 = CARTESIAN_POINT('',(-13.04303266591,2.034133710022,
    4.097217265839));
#1424 = CARTESIAN_POINT('',(-13.02935087817,2.117321737879,
    4.318393223715));
#1425 = CARTESIAN_POINT('',(-13.02003901339,2.172410178454,
    4.544028627994));
#1426 = CARTESIAN_POINT('',(-13.01537552281,2.2,4.771904126542));
#1427 = CARTESIAN_POINT('',(-13.01537552281,2.2,5.136383733328));
#1428 = CARTESIAN_POINT('',(-13.01704284484,2.190136039365,
    5.272749663204));
#1429 = CARTESIAN_POINT('',(-13.02037661899,2.170412985347,5.40862369097
    ));
#1430 = CARTESIAN_POINT('',(-13.02534012626,2.140762175535,
    5.543522742081));
#1431 = CARTESIAN_POINT('',(-13.03185909854,2.10104958668,5.676922249553
    ));
#1432 = CARTESIAN_POINT('',(-13.03981589851,2.051083193212,
    5.808222585598));
#1433 = CARTESIAN_POINT('',(-13.05670919463,1.94034315071,6.043557155016
    ));
#1434 = CARTESIAN_POINT('',(-13.06525578685,1.882801250172,
    6.148473685208));
#1435 = CARTESIAN_POINT('',(-13.07458204716,1.817849659301,6.25105664849
    ));
#1436 = CARTESIAN_POINT('',(-13.08456378691,1.745322414238,
    6.350832264105));
#1437 = CARTESIAN_POINT('',(-13.09504518883,1.665047339618,
    6.447241646921));
#1438 = CARTESIAN_POINT('',(-13.10583405809,1.576861646404,
    6.539622100298));
#1439 = CARTESIAN_POINT('',(-13.12442347433,1.412180295689,
    6.689470599807));
#1440 = CARTESIAN_POINT('',(-13.13219191341,1.339621449872,
    6.749353925238));
#1441 = CARTESIAN_POINT('',(-13.13991110021,1.262962712825,
    6.806486346569));
#1442 = CARTESIAN_POINT('',(-13.14747886128,1.18224246047,6.860502828582
    ));
#1443 = CARTESIAN_POINT('',(-13.15478475245,1.097526563541,
    6.911024828164));
#1444 = CARTESIAN_POINT('',(-13.16171267108,1.008909227029,
    6.957659782958));
#1445 = CARTESIAN_POINT('',(-13.16814346823,0.916513829622,
    7.000000600014));
#1446 = PCURVE('',#179,#1447);
#1447 = DEFINITIONAL_REPRESENTATION('',(#1448),#1481);
#1448 = B_SPLINE_CURVE_WITH_KNOTS('',7,(#1449,#1450,#1451,#1452,#1453,
    #1454,#1455,#1456,#1457,#1458,#1459,#1460,#1461,#1462,#1463,#1464,
    #1465,#1466,#1467,#1468,#1469,#1470,#1471,#1472,#1473,#1474,#1475,
    #1476,#1477,#1478,#1479,#1480),.UNSPECIFIED.,.F.,.F.,(8,6,6,6,6,8),(
    0.,0.266045243647,0.565774300686,0.744989150855,0.894008719285,1.),
  .UNSPECIFIED.);
#1449 = CARTESIAN_POINT('',(0.,5.));
#1450 = CARTESIAN_POINT('',(0.127525334259,5.));
#1451 = CARTESIAN_POINT('',(0.251800238024,5.006956995645));
#1452 = CARTESIAN_POINT('',(0.372882430372,5.020231395412));
#1453 = CARTESIAN_POINT('',(0.490572450455,5.038146983582));
#1454 = CARTESIAN_POINT('',(0.604436044614,5.058379997075));
#1455 = CARTESIAN_POINT('',(0.71366680112,5.078770780679));
#1456 = CARTESIAN_POINT('',(0.933020789172,5.119205863775));
#1457 = CARTESIAN_POINT('',(1.044755473855,5.139478259317));
#1458 = CARTESIAN_POINT('',(1.153176173085,5.156967334086));
#1459 = CARTESIAN_POINT('',(1.259153859826,5.170649121822));
#1460 = CARTESIAN_POINT('',(1.363536832079,5.179960986602));
#1461 = CARTESIAN_POINT('',(1.467116384314,5.184624477181));
#1462 = CARTESIAN_POINT('',(1.632788932853,5.184624477181));
#1463 = CARTESIAN_POINT('',(1.694773510594,5.18295715516));
#1464 = CARTESIAN_POINT('',(1.7569233445,5.179623381004));
#1465 = CARTESIAN_POINT('',(1.819408311785,5.174659873734));
#1466 = CARTESIAN_POINT('',(1.882398401241,5.168140901458));
#1467 = CARTESIAN_POINT('',(1.946070621441,5.160184101486));
#1468 = CARTESIAN_POINT('',(2.064292394912,5.143290805362));
#1469 = CARTESIAN_POINT('',(2.118579099492,5.134744213147));
#1470 = CARTESIAN_POINT('',(2.173593500092,5.125417952837));
#1471 = CARTESIAN_POINT('',(2.229450136153,5.115436213081));
#1472 = CARTESIAN_POINT('',(2.286268415534,5.104954811166));
#1473 = CARTESIAN_POINT('',(2.34417703155,5.094165941901));
#1474 = CARTESIAN_POINT('',(2.445383105664,5.075576525669));
#1475 = CARTESIAN_POINT('',(2.488096208101,5.067808086585));
#1476 = CARTESIAN_POINT('',(2.531467924906,5.060088899781));
#1477 = CARTESIAN_POINT('',(2.575511803096,5.052521138713));
#1478 = CARTESIAN_POINT('',(2.620246228855,5.045215247541));
#1479 = CARTESIAN_POINT('',(2.665695957279,5.038287328914));
#1480 = CARTESIAN_POINT('',(2.711893642123,5.031856531762));
#1481 = ( GEOMETRIC_REPRESENTATION_CONTEXT(2) 
PARAMETRIC_REPRESENTATION_CONTEXT() REPRESENTATION_CONTEXT('2D SPACE',''
  ) );
#1482 = PCURVE('',#407,#1483);
#1483 = DEFINITIONAL_REPRESENTATION('',(#1484),#1517);
#1484 = B_SPLINE_CURVE_WITH_KNOTS('',7,(#1485,#1486,#1487,#1488,#1489,
    #1490,#1491,#1492,#1493,#1494,#1495,#1496,#1497,#1498,#1499,#1500,
    #1501,#1502,#1503,#1504,#1505,#1506,#1507,#1508,#1509,#1510,#1511,
    #1512,#1513,#1514,#1515,#1516),.UNSPECIFIED.,.F.,.F.,(8,6,6,6,6,8),(
    0.,0.266045243647,0.565774300686,0.744989150855,0.894008719285,1.),
  .UNSPECIFIED.);
#1485 = CARTESIAN_POINT('',(3.14159265359,2.8));
#1486 = CARTESIAN_POINT('',(3.120338431213,2.8));
#1487 = CARTESIAN_POINT('',(3.099625912595,2.841740555003));
#1488 = CARTESIAN_POINT('',(3.079994592747,2.921394572699));
#1489 = CARTESIAN_POINT('',(3.061899987386,3.033717655965));
#1490 = CARTESIAN_POINT('',(3.045707467192,3.172092202729));
#1491 = CARTESIAN_POINT('',(3.03165300728,3.32857586435));
#1492 = CARTESIAN_POINT('',(3.00643987391,3.680360650647));
#1493 = CARTESIAN_POINT('',(2.995499677258,3.883278688821));
#1494 = CARTESIAN_POINT('',(2.986883643401,4.097217265839));
#1495 = CARTESIAN_POINT('',(2.98049693424,4.318393223715));
#1496 = CARTESIAN_POINT('',(2.976264359824,4.544028627994));
#1497 = CARTESIAN_POINT('',(2.97414457437,4.771904126542));
#1498 = CARTESIAN_POINT('',(2.97414457437,5.136383733328));
#1499 = CARTESIAN_POINT('',(2.974902444639,5.272749663204));
#1500 = CARTESIAN_POINT('',(2.976417808931,5.40862369097));
#1501 = CARTESIAN_POINT('',(2.978695336226,5.543522742081));
#1502 = CARTESIAN_POINT('',(2.98174409655,5.676922249553));
#1503 = CARTESIAN_POINT('',(2.985577042345,5.808222585598));
#1504 = CARTESIAN_POINT('',(2.994063493921,6.043557155016));
#1505 = CARTESIAN_POINT('',(2.998470511195,6.148473685208));
#1506 = CARTESIAN_POINT('',(3.003441463623,6.25105664849));
#1507 = CARTESIAN_POINT('',(3.008987553555,6.350832264105));
#1508 = CARTESIAN_POINT('',(3.015120321843,6.447241646921));
#1509 = CARTESIAN_POINT('',(3.021850580416,6.539622100298));
#1510 = CARTESIAN_POINT('',(3.034405673348,6.689470599807));
#1511 = CARTESIAN_POINT('',(3.039933879883,6.749353925228));
#1512 = CARTESIAN_POINT('',(3.045770535548,6.806486346568));
#1513 = CARTESIAN_POINT('',(3.051912242288,6.860502828594));
#1514 = CARTESIAN_POINT('',(3.058353619888,6.911024828174));
#1515 = CARTESIAN_POINT('',(3.065087292958,6.957659782945));
#1516 = CARTESIAN_POINT('',(3.072103877918,7.0000006));
#1517 = ( GEOMETRIC_REPRESENTATION_CONTEXT(2) 
PARAMETRIC_REPRESENTATION_CONTEXT() REPRESENTATION_CONTEXT('2D SPACE',''
  ) );
#1518 = ORIENTED_EDGE('',*,*,#1519,.T.);
#1519 = EDGE_CURVE('',#1410,#87,#1520,.T.);
#1520 = SURFACE_CURVE('',#1521,(#1525,#1531),.PCURVE_S1.);
#1521 = LINE('',#1522,#1523);
#1522 = CARTESIAN_POINT('',(-18.2,0.916515138991,7.));
#1523 = VECTOR('',#1524,1.);
#1524 = DIRECTION('',(1.,0.,2.22044604925E-16));
#1525 = PCURVE('',#179,#1526);
#1526 = DEFINITIONAL_REPRESENTATION('',(#1527),#1530);
#1527 = B_SPLINE_CURVE_WITH_KNOTS('',1,(#1528,#1529),.UNSPECIFIED.,.F.,
  .F.,(2,2),(2.36,34.04),.PIECEWISE_BEZIER_KNOTS.);
#1528 = CARTESIAN_POINT('',(2.711892987438,2.36));
#1529 = CARTESIAN_POINT('',(2.711892987438,34.04));
#1530 = ( GEOMETRIC_REPRESENTATION_CONTEXT(2) 
PARAMETRIC_REPRESENTATION_CONTEXT() REPRESENTATION_CONTEXT('2D SPACE',''
  ) );
#1531 = PCURVE('',#103,#1532);
#1532 = DEFINITIONAL_REPRESENTATION('',(#1533),#1536);
#1533 = B_SPLINE_CURVE_WITH_KNOTS('',1,(#1534,#1535),.UNSPECIFIED.,.F.,
  .F.,(2,2),(2.36,34.04),.PIECEWISE_BEZIER_KNOTS.);
#1534 = CARTESIAN_POINT('',(-15.84,0.916515138991));
#1535 = CARTESIAN_POINT('',(15.84,0.916515138991));
#1536 = ( GEOMETRIC_REPRESENTATION_CONTEXT(2) 
PARAMETRIC_REPRESENTATION_CONTEXT() REPRESENTATION_CONTEXT('2D SPACE',''
  ) );
#1537 = ORIENTED_EDGE('',*,*,#115,.T.);
#1538 = ORIENTED_EDGE('',*,*,#1029,.F.);
#1539 = ORIENTED_EDGE('',*,*,#1540,.T.);
#1540 = EDGE_CURVE('',#1004,#1387,#1541,.T.);
#1541 = SURFACE_CURVE('',#1542,(#1575,#1611),.PCURVE_S1.);
#1542 = B_SPLINE_CURVE_WITH_KNOTS('',7,(#1543,#1544,#1545,#1546,#1547,
    #1548,#1549,#1550,#1551,#1552,#1553,#1554,#1555,#1556,#1557,#1558,
    #1559,#1560,#1561,#1562,#1563,#1564,#1565,#1566,#1567,#1568,#1569,
    #1570,#1571,#1572,#1573,#1574),.UNSPECIFIED.,.F.,.F.,(8,6,6,6,6,8),(
    0.,0.111663487303,0.255026261008,0.434252974787,0.734021624819,1.),
  .UNSPECIFIED.);
#1543 = CARTESIAN_POINT('',(-13.1681434682,-0.916513830129,
    7.000000599898));
#1544 = CARTESIAN_POINT('',(-13.16136833713,-1.013856494294,
    6.955392664291));
#1545 = CARTESIAN_POINT('',(-13.15404214285,-1.106995099116,
    6.90602333119));
#1546 = CARTESIAN_POINT('',(-13.14630414899,-1.195791756996,
    6.852368148659));
#1547 = CARTESIAN_POINT('',(-13.13828948612,-1.280143638492,
    6.794883142711));
#1548 = CARTESIAN_POINT('',(-13.13012595806,-1.359981802338,
    6.734005501431));
#1549 = CARTESIAN_POINT('',(-13.1219308481,-1.435270025469,
    6.670154259101));
#1550 = CARTESIAN_POINT('',(-13.1033785919,-1.596817259063,
    6.518451309115));
#1551 = CARTESIAN_POINT('',(-13.09305885952,-1.680204179707,
    6.428855677145));
#1552 = CARTESIAN_POINT('',(-13.0830506421,-1.756292449612,
    6.335625864501));
#1553 = CARTESIAN_POINT('',(-13.07352121583,-1.825229089689,
    6.239340510814));
#1554 = CARTESIAN_POINT('',(-13.06460700487,-1.887167495755,
    6.140490541376));
#1555 = CARTESIAN_POINT('',(-13.05641756702,-1.942254847161,
    6.039494593262));
#1556 = CARTESIAN_POINT('',(-13.03981589851,-2.051083193212,
    5.808222585598));
#1557 = CARTESIAN_POINT('',(-13.03185909854,-2.10104958668,
    5.676922249553));
#1558 = CARTESIAN_POINT('',(-13.02534012626,-2.140762175534,
    5.543522742081));
#1559 = CARTESIAN_POINT('',(-13.02037661899,-2.170412985347,
    5.408623690971));
#1560 = CARTESIAN_POINT('',(-13.01704284484,-2.190136039365,
    5.272749663204));
#1561 = CARTESIAN_POINT('',(-13.01537552281,-2.2,5.136383733328));
#1562 = CARTESIAN_POINT('',(-13.01537552281,-2.2,4.77188909642));
#1563 = CARTESIAN_POINT('',(-13.02003961057,-2.17240661014,
    4.544015427603));
#1564 = CARTESIAN_POINT('',(-13.0293515206,-2.117318034443,4.3183883854)
  );
#1565 = CARTESIAN_POINT('',(-13.04303259215,-2.034133426658,
    4.097219503409));
#1566 = CARTESIAN_POINT('',(-13.0605213536,-1.921748414593,
    3.883282643575));
#1567 = CARTESIAN_POINT('',(-13.08079393052,-1.778740372096,
    3.680362440232));
#1568 = CARTESIAN_POINT('',(-13.12122211214,-1.448448853062,
    3.328637696684));
#1569 = CARTESIAN_POINT('',(-13.14161527408,-1.264034967329,
    3.172117640888));
#1570 = CARTESIAN_POINT('',(-13.16185620744,-1.051152074287,
    3.033689659632));
#1571 = CARTESIAN_POINT('',(-13.17977742484,-0.812799761073,
    2.921341794574));
#1572 = CARTESIAN_POINT('',(-13.19304910898,-0.553817968126,
    2.841703896819));
#1573 = CARTESIAN_POINT('',(-13.2,-0.280432544196,2.8));
#1574 = CARTESIAN_POINT('',(-13.2,4.440892098501E-16,2.8));
#1575 = PCURVE('',#179,#1576);
#1576 = DEFINITIONAL_REPRESENTATION('',(#1577),#1610);
#1577 = B_SPLINE_CURVE_WITH_KNOTS('',7,(#1578,#1579,#1580,#1581,#1582,
    #1583,#1584,#1585,#1586,#1587,#1588,#1589,#1590,#1591,#1592,#1593,
    #1594,#1595,#1596,#1597,#1598,#1599,#1600,#1601,#1602,#1603,#1604,
    #1605,#1606,#1607,#1608,#1609),.UNSPECIFIED.,.F.,.F.,(8,6,6,6,6,8),(
    0.,0.111663487303,0.255026261008,0.434252974787,0.734021624819,1.),
  .UNSPECIFIED.);
#1578 = CARTESIAN_POINT('',(3.57129166531,5.031856531797));
#1579 = CARTESIAN_POINT('',(3.619962982796,5.038631662869));
#1580 = CARTESIAN_POINT('',(3.66779882209,5.04595785715));
#1581 = CARTESIAN_POINT('',(3.714840038787,5.05369585101));
#1582 = CARTESIAN_POINT('',(3.761117627791,5.061710513873));
#1583 = CARTESIAN_POINT('',(3.806654829174,5.069874041939));
#1584 = CARTESIAN_POINT('',(3.851469234053,5.078069151899));
#1585 = CARTESIAN_POINT('',(3.952201361557,5.0966214081));
#1586 = CARTESIAN_POINT('',(4.007710251791,5.106941140477));
#1587 = CARTESIAN_POINT('',(4.062227188024,5.116949357895));
#1588 = CARTESIAN_POINT('',(4.115866437402,5.126478784164));
#1589 = CARTESIAN_POINT('',(4.168734510629,5.135392995125));
#1590 = CARTESIAN_POINT('',(4.22093376524,5.143582432975));
#1591 = CARTESIAN_POINT('',(4.337114685738,5.160184101486));
#1592 = CARTESIAN_POINT('',(4.400786905938,5.168140901458));
#1593 = CARTESIAN_POINT('',(4.463776995394,5.174659873734));
#1594 = CARTESIAN_POINT('',(4.52626196268,5.179623381004));
#1595 = CARTESIAN_POINT('',(4.588411796586,5.18295715516));
#1596 = CARTESIAN_POINT('',(4.650396374327,5.184624477181));
#1597 = CARTESIAN_POINT('',(4.816075754739,5.184624477181));
#1598 = CARTESIAN_POINT('',(4.919654451747,5.179960389427));
#1599 = CARTESIAN_POINT('',(5.024034039002,5.170648479395));
#1600 = CARTESIAN_POINT('',(5.130008364663,5.15696740785));
#1601 = CARTESIAN_POINT('',(5.238427680538,5.139478646392));
#1602 = CARTESIAN_POINT('',(5.350163402119,5.119206069474));
#1603 = CARTESIAN_POINT('',(5.569479950756,5.078777887852));
#1604 = CARTESIAN_POINT('',(5.678724686062,5.058384725911));
#1605 = CARTESIAN_POINT('',(5.792622613736,5.038143792552));
#1606 = CARTESIAN_POINT('',(5.910347540848,5.020222575153));
#1607 = CARTESIAN_POINT('',(6.031449993242,5.006950891019));
#1608 = CARTESIAN_POINT('',(6.155715968909,5.));
#1609 = CARTESIAN_POINT('',(6.28318530718,5.));
#1610 = ( GEOMETRIC_REPRESENTATION_CONTEXT(2) 
PARAMETRIC_REPRESENTATION_CONTEXT() REPRESENTATION_CONTEXT('2D SPACE',''
  ) );
#1611 = PCURVE('',#407,#1612);
#1612 = DEFINITIONAL_REPRESENTATION('',(#1613),#1646);
#1613 = B_SPLINE_CURVE_WITH_KNOTS('',7,(#1614,#1615,#1616,#1617,#1618,
    #1619,#1620,#1621,#1622,#1623,#1624,#1625,#1626,#1627,#1628,#1629,
    #1630,#1631,#1632,#1633,#1634,#1635,#1636,#1637,#1638,#1639,#1640,
    #1641,#1642,#1643,#1644,#1645),.UNSPECIFIED.,.F.,.F.,(8,6,6,6,6,8),(
    0.,0.111663487303,0.255026261008,0.434252974787,0.734021624819,1.),
  .UNSPECIFIED.);
#1614 = CARTESIAN_POINT('',(3.211081429301,7.0000006));
#1615 = CARTESIAN_POINT('',(3.2184737139,6.955392664393));
#1616 = CARTESIAN_POINT('',(3.225551175445,6.906023331122));
#1617 = CARTESIAN_POINT('',(3.232303324355,6.852368148569));
#1618 = CARTESIAN_POINT('',(3.238722079638,6.794883142721));
#1619 = CARTESIAN_POINT('',(3.24480174572,6.7340055015));
#1620 = CARTESIAN_POINT('',(3.250538989279,6.670154259101));
#1621 = CARTESIAN_POINT('',(3.262857854782,6.518451309115));
#1622 = CARTESIAN_POINT('',(3.269222996751,6.428855677145));
#1623 = CARTESIAN_POINT('',(3.27503665889,6.335625864501));
#1624 = CARTESIAN_POINT('',(3.280308628462,6.239340510814));
#1625 = CARTESIAN_POINT('',(3.28504920033,6.140490541376));
#1626 = CARTESIAN_POINT('',(3.28926831419,6.039494593262));
#1627 = CARTESIAN_POINT('',(3.297608264835,5.808222585598));
#1628 = CARTESIAN_POINT('',(3.301441210629,5.676922249553));
#1629 = CARTESIAN_POINT('',(3.304489970954,5.543522742081));
#1630 = CARTESIAN_POINT('',(3.306767498248,5.408623690971));
#1631 = CARTESIAN_POINT('',(3.308282862541,5.272749663204));
#1632 = CARTESIAN_POINT('',(3.309040732809,5.136383733328));
#1633 = CARTESIAN_POINT('',(3.309040732809,4.77188909642));
#1634 = CARTESIAN_POINT('',(3.306920673314,4.544015427603));
#1635 = CARTESIAN_POINT('',(3.302688088116,4.3183883854));
#1636 = CARTESIAN_POINT('',(3.296301643557,4.09721950341));
#1637 = CARTESIAN_POINT('',(3.287685839455,3.883282643575));
#1638 = CARTESIAN_POINT('',(3.276745561532,3.680362440232));
#1639 = CARTESIAN_POINT('',(3.251536731549,3.328637696684));
#1640 = CARTESIAN_POINT('',(3.237481788823,3.172117640888));
#1641 = CARTESIAN_POINT('',(3.221284677581,3.033689659632));
#1642 = CARTESIAN_POINT('',(3.203183982641,2.921341794574));
#1643 = CARTESIAN_POINT('',(3.183548576117,2.841703896819));
#1644 = CARTESIAN_POINT('',(3.162837543302,2.8));
#1645 = CARTESIAN_POINT('',(3.14159265359,2.8));
#1646 = ( GEOMETRIC_REPRESENTATION_CONTEXT(2) 
PARAMETRIC_REPRESENTATION_CONTEXT() REPRESENTATION_CONTEXT('2D SPACE',''
  ) );
#1647 = ORIENTED_EDGE('',*,*,#1386,.T.);
#1648 = ADVANCED_FACE('',(#1649),#103,.T.);
#1649 = FACE_BOUND('',#1650,.T.);
#1650 = EDGE_LOOP('',(#1651,#1652,#1674,#1675));
#1651 = ORIENTED_EDGE('',*,*,#946,.T.);
#1652 = ORIENTED_EDGE('',*,*,#1653,.T.);
#1653 = EDGE_CURVE('',#334,#1410,#1654,.T.);
#1654 = SURFACE_CURVE('',#1655,(#1660,#1667),.PCURVE_S1.);
#1655 = CIRCLE('',#1656,13.2);
#1656 = AXIS2_PLACEMENT_3D('',#1657,#1658,#1659);
#1657 = CARTESIAN_POINT('',(0.,0.,7.));
#1658 = DIRECTION('',(0.,0.,1.));
#1659 = DIRECTION('',(1.,0.,-0.));
#1660 = PCURVE('',#103,#1661);
#1661 = DEFINITIONAL_REPRESENTATION('',(#1662),#1666);
#1662 = CIRCLE('',#1663,13.2);
#1663 = AXIS2_PLACEMENT_2D('',#1664,#1665);
#1664 = CARTESIAN_POINT('',(0.,0.));
#1665 = DIRECTION('',(1.,0.));
#1666 = ( GEOMETRIC_REPRESENTATION_CONTEXT(2) 
PARAMETRIC_REPRESENTATION_CONTEXT() REPRESENTATION_CONTEXT('2D SPACE',''
  ) );
#1667 = PCURVE('',#407,#1668);
#1668 = DEFINITIONAL_REPRESENTATION('',(#1669),#1673);
#1669 = LINE('',#1670,#1671);
#1670 = CARTESIAN_POINT('',(0.,7.));
#1671 = VECTOR('',#1672,1.);
#1672 = DIRECTION('',(1.,0.));
#1673 = ( GEOMETRIC_REPRESENTATION_CONTEXT(2) 
PARAMETRIC_REPRESENTATION_CONTEXT() REPRESENTATION_CONTEXT('2D SPACE',''
  ) );
#1674 = ORIENTED_EDGE('',*,*,#1519,.T.);
#1675 = ORIENTED_EDGE('',*,*,#86,.F.);
#1676 = ADVANCED_FACE('',(#1677),#407,.T.);
#1677 = FACE_BOUND('',#1678,.T.);
#1678 = EDGE_LOOP('',(#1679,#1680,#1681,#1704,#1731,#1732,#1733,#1734,
    #1735));
#1679 = ORIENTED_EDGE('',*,*,#1653,.F.);
#1680 = ORIENTED_EDGE('',*,*,#331,.F.);
#1681 = ORIENTED_EDGE('',*,*,#1682,.F.);
#1682 = EDGE_CURVE('',#1683,#332,#1685,.T.);
#1683 = VERTEX_POINT('',#1684);
#1684 = CARTESIAN_POINT('',(13.2,-3.233067549749E-15,0.));
#1685 = SEAM_CURVE('',#1686,(#1690,#1697),.PCURVE_S1.);
#1686 = LINE('',#1687,#1688);
#1687 = CARTESIAN_POINT('',(13.2,-3.233067549749E-15,0.));
#1688 = VECTOR('',#1689,1.);
#1689 = DIRECTION('',(0.,0.,1.));
#1690 = PCURVE('',#407,#1691);
#1691 = DEFINITIONAL_REPRESENTATION('',(#1692),#1696);
#1692 = LINE('',#1693,#1694);
#1693 = CARTESIAN_POINT('',(6.28318530718,-0.));
#1694 = VECTOR('',#1695,1.);
#1695 = DIRECTION('',(0.,1.));
#1696 = ( GEOMETRIC_REPRESENTATION_CONTEXT(2) 
PARAMETRIC_REPRESENTATION_CONTEXT() REPRESENTATION_CONTEXT('2D SPACE',''
  ) );
#1697 = PCURVE('',#407,#1698);
#1698 = DEFINITIONAL_REPRESENTATION('',(#1699),#1703);
#1699 = LINE('',#1700,#1701);
#1700 = CARTESIAN_POINT('',(0.,-0.));
#1701 = VECTOR('',#1702,1.);
#1702 = DIRECTION('',(0.,1.));
#1703 = ( GEOMETRIC_REPRESENTATION_CONTEXT(2) 
PARAMETRIC_REPRESENTATION_CONTEXT() REPRESENTATION_CONTEXT('2D SPACE',''
  ) );
#1704 = ORIENTED_EDGE('',*,*,#1705,.T.);
#1705 = EDGE_CURVE('',#1683,#1683,#1706,.T.);
#1706 = SURFACE_CURVE('',#1707,(#1712,#1719),.PCURVE_S1.);
#1707 = CIRCLE('',#1708,13.2);
#1708 = AXIS2_PLACEMENT_3D('',#1709,#1710,#1711);
#1709 = CARTESIAN_POINT('',(0.,0.,0.));
#1710 = DIRECTION('',(0.,0.,1.));
#1711 = DIRECTION('',(1.,0.,-0.));
#1712 = PCURVE('',#407,#1713);
#1713 = DEFINITIONAL_REPRESENTATION('',(#1714),#1718);
#1714 = LINE('',#1715,#1716);
#1715 = CARTESIAN_POINT('',(0.,0.));
#1716 = VECTOR('',#1717,1.);
#1717 = DIRECTION('',(1.,0.));
#1718 = ( GEOMETRIC_REPRESENTATION_CONTEXT(2) 
PARAMETRIC_REPRESENTATION_CONTEXT() REPRESENTATION_CONTEXT('2D SPACE',''
  ) );
#1719 = PCURVE('',#1720,#1725);
#1720 = PLANE('',#1721);
#1721 = AXIS2_PLACEMENT_3D('',#1722,#1723,#1724);
#1722 = CARTESIAN_POINT('',(0.,0.,0.));
#1723 = DIRECTION('',(0.,0.,1.));
#1724 = DIRECTION('',(1.,0.,-0.));
#1725 = DEFINITIONAL_REPRESENTATION('',(#1726),#1730);
#1726 = CIRCLE('',#1727,13.2);
#1727 = AXIS2_PLACEMENT_2D('',#1728,#1729);
#1728 = CARTESIAN_POINT('',(0.,0.));
#1729 = DIRECTION('',(1.,0.));
#1730 = ( GEOMETRIC_REPRESENTATION_CONTEXT(2) 
PARAMETRIC_REPRESENTATION_CONTEXT() REPRESENTATION_CONTEXT('2D SPACE',''
  ) );
#1731 = ORIENTED_EDGE('',*,*,#1682,.T.);
#1732 = ORIENTED_EDGE('',*,*,#815,.F.);
#1733 = ORIENTED_EDGE('',*,*,#1003,.F.);
#1734 = ORIENTED_EDGE('',*,*,#1540,.T.);
#1735 = ORIENTED_EDGE('',*,*,#1409,.T.);
#1736 = ADVANCED_FACE('',(#1737,#1838),#585,.F.);
#1737 = FACE_BOUND('',#1738,.F.);
#1738 = EDGE_LOOP('',(#1739,#1762,#1789,#1790,#1791,#1814,#1836,#1837));
#1739 = ORIENTED_EDGE('',*,*,#1740,.T.);
#1740 = EDGE_CURVE('',#472,#1741,#1743,.T.);
#1741 = VERTEX_POINT('',#1742);
#1742 = CARTESIAN_POINT('',(5.304,-1.299105324536E-15,11.));
#1743 = SEAM_CURVE('',#1744,(#1748,#1755),.PCURVE_S1.);
#1744 = LINE('',#1745,#1746);
#1745 = CARTESIAN_POINT('',(5.304,-1.299105324536E-15,0.));
#1746 = VECTOR('',#1747,1.);
#1747 = DIRECTION('',(0.,0.,1.));
#1748 = PCURVE('',#585,#1749);
#1749 = DEFINITIONAL_REPRESENTATION('',(#1750),#1754);
#1750 = LINE('',#1751,#1752);
#1751 = CARTESIAN_POINT('',(6.28318530718,-0.));
#1752 = VECTOR('',#1753,1.);
#1753 = DIRECTION('',(0.,1.));
#1754 = ( GEOMETRIC_REPRESENTATION_CONTEXT(2) 
PARAMETRIC_REPRESENTATION_CONTEXT() REPRESENTATION_CONTEXT('2D SPACE',''
  ) );
#1755 = PCURVE('',#585,#1756);
#1756 = DEFINITIONAL_REPRESENTATION('',(#1757),#1761);
#1757 = LINE('',#1758,#1759);
#1758 = CARTESIAN_POINT('',(0.,-0.));
#1759 = VECTOR('',#1760,1.);
#1760 = DIRECTION('',(0.,1.));
#1761 = ( GEOMETRIC_REPRESENTATION_CONTEXT(2) 
PARAMETRIC_REPRESENTATION_CONTEXT() REPRESENTATION_CONTEXT('2D SPACE',''
  ) );
#1762 = ORIENTED_EDGE('',*,*,#1763,.F.);
#1763 = EDGE_CURVE('',#1741,#1741,#1764,.T.);
#1764 = SURFACE_CURVE('',#1765,(#1770,#1777),.PCURVE_S1.);
#1765 = CIRCLE('',#1766,5.304);
#1766 = AXIS2_PLACEMENT_3D('',#1767,#1768,#1769);
#1767 = CARTESIAN_POINT('',(0.,0.,11.));
#1768 = DIRECTION('',(0.,0.,1.));
#1769 = DIRECTION('',(1.,0.,-0.));
#1770 = PCURVE('',#585,#1771);
#1771 = DEFINITIONAL_REPRESENTATION('',(#1772),#1776);
#1772 = LINE('',#1773,#1774);
#1773 = CARTESIAN_POINT('',(0.,11.));
#1774 = VECTOR('',#1775,1.);
#1775 = DIRECTION('',(1.,0.));
#1776 = ( GEOMETRIC_REPRESENTATION_CONTEXT(2) 
PARAMETRIC_REPRESENTATION_CONTEXT() REPRESENTATION_CONTEXT('2D SPACE',''
  ) );
#1777 = PCURVE('',#1778,#1783);
#1778 = PLANE('',#1779);
#1779 = AXIS2_PLACEMENT_3D('',#1780,#1781,#1782);
#1780 = CARTESIAN_POINT('',(0.,0.,11.));
#1781 = DIRECTION('',(0.,0.,1.));
#1782 = DIRECTION('',(1.,0.,-0.));
#1783 = DEFINITIONAL_REPRESENTATION('',(#1784),#1788);
#1784 = CIRCLE('',#1785,5.304);
#1785 = AXIS2_PLACEMENT_2D('',#1786,#1787);
#1786 = CARTESIAN_POINT('',(0.,0.));
#1787 = DIRECTION('',(1.,0.));
#1788 = ( GEOMETRIC_REPRESENTATION_CONTEXT(2) 
PARAMETRIC_REPRESENTATION_CONTEXT() REPRESENTATION_CONTEXT('2D SPACE',''
  ) );
#1789 = ORIENTED_EDGE('',*,*,#1740,.F.);
#1790 = ORIENTED_EDGE('',*,*,#471,.F.);
#1791 = ORIENTED_EDGE('',*,*,#1792,.F.);
#1792 = EDGE_CURVE('',#1793,#449,#1795,.T.);
#1793 = VERTEX_POINT('',#1794);
#1794 = CARTESIAN_POINT('',(5.304,-1.299105324536E-15,0.));
#1795 = SEAM_CURVE('',#1796,(#1800,#1807),.PCURVE_S1.);
#1796 = LINE('',#1797,#1798);
#1797 = CARTESIAN_POINT('',(5.304,-1.299105324536E-15,0.));
#1798 = VECTOR('',#1799,1.);
#1799 = DIRECTION('',(0.,0.,1.));
#1800 = PCURVE('',#585,#1801);
#1801 = DEFINITIONAL_REPRESENTATION('',(#1802),#1806);
#1802 = LINE('',#1803,#1804);
#1803 = CARTESIAN_POINT('',(6.28318530718,-0.));
#1804 = VECTOR('',#1805,1.);
#1805 = DIRECTION('',(0.,1.));
#1806 = ( GEOMETRIC_REPRESENTATION_CONTEXT(2) 
PARAMETRIC_REPRESENTATION_CONTEXT() REPRESENTATION_CONTEXT('2D SPACE',''
  ) );
#1807 = PCURVE('',#585,#1808);
#1808 = DEFINITIONAL_REPRESENTATION('',(#1809),#1813);
#1809 = LINE('',#1810,#1811);
#1810 = CARTESIAN_POINT('',(0.,-0.));
#1811 = VECTOR('',#1812,1.);
#1812 = DIRECTION('',(0.,1.));
#1813 = ( GEOMETRIC_REPRESENTATION_CONTEXT(2) 
PARAMETRIC_REPRESENTATION_CONTEXT() REPRESENTATION_CONTEXT('2D SPACE',''
  ) );
#1814 = ORIENTED_EDGE('',*,*,#1815,.T.);
#1815 = EDGE_CURVE('',#1793,#1793,#1816,.T.);
#1816 = SURFACE_CURVE('',#1817,(#1822,#1829),.PCURVE_S1.);
#1817 = CIRCLE('',#1818,5.304);
#1818 = AXIS2_PLACEMENT_3D('',#1819,#1820,#1821);
#1819 = CARTESIAN_POINT('',(0.,0.,0.));
#1820 = DIRECTION('',(0.,0.,1.));
#1821 = DIRECTION('',(1.,0.,-0.));
#1822 = PCURVE('',#585,#1823);
#1823 = DEFINITIONAL_REPRESENTATION('',(#1824),#1828);
#1824 = LINE('',#1825,#1826);
#1825 = CARTESIAN_POINT('',(0.,0.));
#1826 = VECTOR('',#1827,1.);
#1827 = DIRECTION('',(1.,0.));
#1828 = ( GEOMETRIC_REPRESENTATION_CONTEXT(2) 
PARAMETRIC_REPRESENTATION_CONTEXT() REPRESENTATION_CONTEXT('2D SPACE',''
  ) );
#1829 = PCURVE('',#1720,#1830);
#1830 = DEFINITIONAL_REPRESENTATION('',(#1831),#1835);
#1831 = CIRCLE('',#1832,5.304);
#1832 = AXIS2_PLACEMENT_2D('',#1833,#1834);
#1833 = CARTESIAN_POINT('',(0.,0.));
#1834 = DIRECTION('',(1.,0.));
#1835 = ( GEOMETRIC_REPRESENTATION_CONTEXT(2) 
PARAMETRIC_REPRESENTATION_CONTEXT() REPRESENTATION_CONTEXT('2D SPACE',''
  ) );
#1836 = ORIENTED_EDGE('',*,*,#1792,.T.);
#1837 = ORIENTED_EDGE('',*,*,#646,.F.);
#1838 = FACE_BOUND('',#1839,.F.);
#1839 = EDGE_LOOP('',(#1840));
#1840 = ORIENTED_EDGE('',*,*,#1051,.T.);
#1841 = ADVANCED_FACE('',(#1842),#985,.T.);
#1842 = FACE_BOUND('',#1843,.T.);
#1843 = EDGE_LOOP('',(#1844,#1873,#1894,#1895));
#1844 = ORIENTED_EDGE('',*,*,#1845,.F.);
#1845 = EDGE_CURVE('',#1846,#1846,#1848,.T.);
#1846 = VERTEX_POINT('',#1847);
#1847 = CARTESIAN_POINT('',(8.2,-2.008420750602E-15,38.));
#1848 = SURFACE_CURVE('',#1849,(#1854,#1861),.PCURVE_S1.);
#1849 = CIRCLE('',#1850,8.2);
#1850 = AXIS2_PLACEMENT_3D('',#1851,#1852,#1853);
#1851 = CARTESIAN_POINT('',(0.,0.,38.));
#1852 = DIRECTION('',(0.,0.,1.));
#1853 = DIRECTION('',(1.,0.,-0.));
#1854 = PCURVE('',#985,#1855);
#1855 = DEFINITIONAL_REPRESENTATION('',(#1856),#1860);
#1856 = LINE('',#1857,#1858);
#1857 = CARTESIAN_POINT('',(0.,7.));
#1858 = VECTOR('',#1859,1.);
#1859 = DIRECTION('',(1.,0.));
#1860 = ( GEOMETRIC_REPRESENTATION_CONTEXT(2) 
PARAMETRIC_REPRESENTATION_CONTEXT() REPRESENTATION_CONTEXT('2D SPACE',''
  ) );
#1861 = PCURVE('',#1862,#1867);
#1862 = PLANE('',#1863);
#1863 = AXIS2_PLACEMENT_3D('',#1864,#1865,#1866);
#1864 = CARTESIAN_POINT('',(0.,0.,38.));
#1865 = DIRECTION('',(0.,0.,1.));
#1866 = DIRECTION('',(1.,0.,-0.));
#1867 = DEFINITIONAL_REPRESENTATION('',(#1868),#1872);
#1868 = CIRCLE('',#1869,8.2);
#1869 = AXIS2_PLACEMENT_2D('',#1870,#1871);
#1870 = CARTESIAN_POINT('',(0.,0.));
#1871 = DIRECTION('',(1.,0.));
#1872 = ( GEOMETRIC_REPRESENTATION_CONTEXT(2) 
PARAMETRIC_REPRESENTATION_CONTEXT() REPRESENTATION_CONTEXT('2D SPACE',''
  ) );
#1873 = ORIENTED_EDGE('',*,*,#1874,.F.);
#1874 = EDGE_CURVE('',#969,#1846,#1875,.T.);
#1875 = SEAM_CURVE('',#1876,(#1880,#1887),.PCURVE_S1.);
#1876 = LINE('',#1877,#1878);
#1877 = CARTESIAN_POINT('',(8.2,-2.008420750602E-15,31.));
#1878 = VECTOR('',#1879,1.);
#1879 = DIRECTION('',(0.,0.,1.));
#1880 = PCURVE('',#985,#1881);
#1881 = DEFINITIONAL_REPRESENTATION('',(#1882),#1886);
#1882 = LINE('',#1883,#1884);
#1883 = CARTESIAN_POINT('',(6.28318530718,-0.));
#1884 = VECTOR('',#1885,1.);
#1885 = DIRECTION('',(0.,1.));
#1886 = ( GEOMETRIC_REPRESENTATION_CONTEXT(2) 
PARAMETRIC_REPRESENTATION_CONTEXT() REPRESENTATION_CONTEXT('2D SPACE',''
  ) );
#1887 = PCURVE('',#985,#1888);
#1888 = DEFINITIONAL_REPRESENTATION('',(#1889),#1893);
#1889 = LINE('',#1890,#1891);
#1890 = CARTESIAN_POINT('',(0.,-0.));
#1891 = VECTOR('',#1892,1.);
#1892 = DIRECTION('',(0.,1.));
#1893 = ( GEOMETRIC_REPRESENTATION_CONTEXT(2) 
PARAMETRIC_REPRESENTATION_CONTEXT() REPRESENTATION_CONTEXT('2D SPACE',''
  ) );
#1894 = ORIENTED_EDGE('',*,*,#968,.T.);
#1895 = ORIENTED_EDGE('',*,*,#1874,.T.);
#1896 = ADVANCED_FACE('',(#1897,#1900),#1720,.F.);
#1897 = FACE_BOUND('',#1898,.F.);
#1898 = EDGE_LOOP('',(#1899));
#1899 = ORIENTED_EDGE('',*,*,#1705,.T.);
#1900 = FACE_BOUND('',#1901,.F.);
#1901 = EDGE_LOOP('',(#1902));
#1902 = ORIENTED_EDGE('',*,*,#1815,.F.);
#1903 = ADVANCED_FACE('',(#1904),#1778,.F.);
#1904 = FACE_BOUND('',#1905,.F.);
#1905 = EDGE_LOOP('',(#1906));
#1906 = ORIENTED_EDGE('',*,*,#1763,.T.);
#1907 = ADVANCED_FACE('',(#1908),#1862,.T.);
#1908 = FACE_BOUND('',#1909,.T.);
#1909 = EDGE_LOOP('',(#1910));
#1910 = ORIENTED_EDGE('',*,*,#1845,.T.);
#1911 = MANIFOLD_SOLID_BREP('',#1912);
#1912 = CLOSED_SHELL('',(#1913,#2001,#2005));
#1913 = ADVANCED_FACE('',(#1914),#1927,.T.);
#1914 = FACE_BOUND('',#1915,.T.);
#1915 = EDGE_LOOP('',(#1916,#1950,#1973,#2000));
#1916 = ORIENTED_EDGE('',*,*,#1917,.F.);
#1917 = EDGE_CURVE('',#1918,#1918,#1920,.T.);
#1918 = VERTEX_POINT('',#1919);
#1919 = CARTESIAN_POINT('',(0.8,19.76,22.01));
#1920 = SURFACE_CURVE('',#1921,(#1926,#1938),.PCURVE_S1.);
#1921 = CIRCLE('',#1922,0.8);
#1922 = AXIS2_PLACEMENT_3D('',#1923,#1924,#1925);
#1923 = CARTESIAN_POINT('',(0.,19.76,22.01));
#1924 = DIRECTION('',(0.,0.,1.));
#1925 = DIRECTION('',(1.,0.,-0.));
#1926 = PCURVE('',#1927,#1932);
#1927 = CONICAL_SURFACE('',#1928,4.08,0.19739555985);
#1928 = AXIS2_PLACEMENT_3D('',#1929,#1930,#1931);
#1929 = CARTESIAN_POINT('',(0.,19.76,5.61));
#1930 = DIRECTION('',(-0.,-0.,-1.));
#1931 = DIRECTION('',(1.,0.,-0.));
#1932 = DEFINITIONAL_REPRESENTATION('',(#1933),#1937);
#1933 = LINE('',#1934,#1935);
#1934 = CARTESIAN_POINT('',(-0.,-16.4));
#1935 = VECTOR('',#1936,1.);
#1936 = DIRECTION('',(-1.,-0.));
#1937 = ( GEOMETRIC_REPRESENTATION_CONTEXT(2) 
PARAMETRIC_REPRESENTATION_CONTEXT() REPRESENTATION_CONTEXT('2D SPACE',''
  ) );
#1938 = PCURVE('',#1939,#1944);
#1939 = PLANE('',#1940);
#1940 = AXIS2_PLACEMENT_3D('',#1941,#1942,#1943);
#1941 = CARTESIAN_POINT('',(0.,19.76,22.01));
#1942 = DIRECTION('',(0.,0.,1.));
#1943 = DIRECTION('',(1.,0.,-0.));
#1944 = DEFINITIONAL_REPRESENTATION('',(#1945),#1949);
#1945 = CIRCLE('',#1946,0.8);
#1946 = AXIS2_PLACEMENT_2D('',#1947,#1948);
#1947 = CARTESIAN_POINT('',(0.,0.));
#1948 = DIRECTION('',(1.,0.));
#1949 = ( GEOMETRIC_REPRESENTATION_CONTEXT(2) 
PARAMETRIC_REPRESENTATION_CONTEXT() REPRESENTATION_CONTEXT('2D SPACE',''
  ) );
#1950 = ORIENTED_EDGE('',*,*,#1951,.F.);
#1951 = EDGE_CURVE('',#1952,#1918,#1954,.T.);
#1952 = VERTEX_POINT('',#1953);
#1953 = CARTESIAN_POINT('',(4.08,19.76,5.61));
#1954 = SEAM_CURVE('',#1955,(#1959,#1966),.PCURVE_S1.);
#1955 = LINE('',#1956,#1957);
#1956 = CARTESIAN_POINT('',(4.08,19.76,5.61));
#1957 = VECTOR('',#1958,1.);
#1958 = DIRECTION('',(-0.196116135138,4.803459943163E-17,0.980580675691)
  );
#1959 = PCURVE('',#1927,#1960);
#1960 = DEFINITIONAL_REPRESENTATION('',(#1961),#1965);
#1961 = LINE('',#1962,#1963);
#1962 = CARTESIAN_POINT('',(-6.28318530718,0.));
#1963 = VECTOR('',#1964,1.);
#1964 = DIRECTION('',(-0.,-1.));
#1965 = ( GEOMETRIC_REPRESENTATION_CONTEXT(2) 
PARAMETRIC_REPRESENTATION_CONTEXT() REPRESENTATION_CONTEXT('2D SPACE',''
  ) );
#1966 = PCURVE('',#1927,#1967);
#1967 = DEFINITIONAL_REPRESENTATION('',(#1968),#1972);
#1968 = LINE('',#1969,#1970);
#1969 = CARTESIAN_POINT('',(0.,-0.));
#1970 = VECTOR('',#1971,1.);
#1971 = DIRECTION('',(-0.,-1.));
#1972 = ( GEOMETRIC_REPRESENTATION_CONTEXT(2) 
PARAMETRIC_REPRESENTATION_CONTEXT() REPRESENTATION_CONTEXT('2D SPACE',''
  ) );
#1973 = ORIENTED_EDGE('',*,*,#1974,.T.);
#1974 = EDGE_CURVE('',#1952,#1952,#1975,.T.);
#1975 = SURFACE_CURVE('',#1976,(#1981,#1988),.PCURVE_S1.);
#1976 = CIRCLE('',#1977,4.08);
#1977 = AXIS2_PLACEMENT_3D('',#1978,#1979,#1980);
#1978 = CARTESIAN_POINT('',(0.,19.76,5.61));
#1979 = DIRECTION('',(0.,0.,1.));
#1980 = DIRECTION('',(1.,0.,-0.));
#1981 = PCURVE('',#1927,#1982);
#1982 = DEFINITIONAL_REPRESENTATION('',(#1983),#1987);
#1983 = LINE('',#1984,#1985);
#1984 = CARTESIAN_POINT('',(-0.,-0.));
#1985 = VECTOR('',#1986,1.);
#1986 = DIRECTION('',(-1.,-0.));
#1987 = ( GEOMETRIC_REPRESENTATION_CONTEXT(2) 
PARAMETRIC_REPRESENTATION_CONTEXT() REPRESENTATION_CONTEXT('2D SPACE',''
  ) );
#1988 = PCURVE('',#1989,#1994);
#1989 = PLANE('',#1990);
#1990 = AXIS2_PLACEMENT_3D('',#1991,#1992,#1993);
#1991 = CARTESIAN_POINT('',(0.,19.76,5.61));
#1992 = DIRECTION('',(0.,0.,1.));
#1993 = DIRECTION('',(1.,0.,-0.));
#1994 = DEFINITIONAL_REPRESENTATION('',(#1995),#1999);
#1995 = CIRCLE('',#1996,4.08);
#1996 = AXIS2_PLACEMENT_2D('',#1997,#1998);
#1997 = CARTESIAN_POINT('',(0.,0.));
#1998 = DIRECTION('',(1.,0.));
#1999 = ( GEOMETRIC_REPRESENTATION_CONTEXT(2) 
PARAMETRIC_REPRESENTATION_CONTEXT() REPRESENTATION_CONTEXT('2D SPACE',''
  ) );
#2000 = ORIENTED_EDGE('',*,*,#1951,.T.);
#2001 = ADVANCED_FACE('',(#2002),#1939,.T.);
#2002 = FACE_BOUND('',#2003,.T.);
#2003 = EDGE_LOOP('',(#2004));
#2004 = ORIENTED_EDGE('',*,*,#1917,.T.);
#2005 = ADVANCED_FACE('',(#2006),#1989,.F.);
#2006 = FACE_BOUND('',#2007,.T.);
#2007 = EDGE_LOOP('',(#2008));
#2008 = ORIENTED_EDGE('',*,*,#1974,.F.);
#2009 = ( GEOMETRIC_REPRESENTATION_CONTEXT(3) 
GLOBAL_UNCERTAINTY_ASSIGNED_CONTEXT((#2013)) 
GLOBAL_UNIT_ASSIGNED_CONTEXT((#2010,#2011,#2012)) REPRESENTATION_CONTEXT
('Context #1','3D Context with UNIT and UNCERTAINTY') );
#2010 = ( LENGTH_UNIT() NAMED_UNIT(*) SI_UNIT(.MILLI.,.METRE.) );
#2011 = ( NAMED_UNIT(*) PLANE_ANGLE_UNIT() SI_UNIT($,.RADIAN.) );
#2012 = ( NAMED_UNIT(*) SI_UNIT($,.STERADIAN.) SOLID_ANGLE_UNIT() );
#2013 = UNCERTAINTY_MEASURE_WITH_UNIT(LENGTH_MEASURE(1.E-07),#2010,
  'distance_accuracy_value','confusion accuracy');
#2014 = CONTEXT_DEPENDENT_SHAPE_REPRESENTATION(#2015,#2017);
#2015 = ( REPRESENTATION_RELATIONSHIP('','',#32,#10) 
REPRESENTATION_RELATIONSHIP_WITH_TRANSFORMATION(#2016) 
SHAPE_REPRESENTATION_RELATIONSHIP() );
#2016 = ITEM_DEFINED_TRANSFORMATION('','',#11,#15);
#2017 = PRODUCT_DEFINITION_SHAPE('Placement','Placement of an item',
  #2018);
#2018 = NEXT_ASSEMBLY_USAGE_OCCURRENCE('4','=>[0:1:1:2]','',#5,#27,$);
#2019 = PRODUCT_RELATED_PRODUCT_CATEGORY('part',$,(#29));
ENDSEC;
END-ISO-10303-21;
