ISO-10303-21;
HEADER;
FILE_DESCRIPTION(('Open CASCADE Model'),'2;1');
FILE_NAME('Open CASCADE Shape Model','2026-09-27T21:00:33',('Author'),(
    'Open CASCADE'),'Open CASCADE STEP processor 8.0','build123d',
  'Unknown');
FILE_SCHEMA(('AUTOMOTIVE_DESIGN { 1 0 10303 214 1 1 1 1 }'));
ENDSEC;
DATA;
#1 = APPLICATION_PROTOCOL_DEFINITION('international standard',
  'automotive_design',2000,#2);
#2 = APPLICATION_CONTEXT(
  'core data for automotive mechanical design processes');
#3 = SHAPE_DEFINITION_REPRESENTATION(#4,#10);
#4 = PRODUCT_DEFINITION_SHAPE('','',#5);
#5 = PRODUCT_DEFINITION('design','',#6,#9);
#6 = PRODUCT_DEFINITION_FORMATION('','',#7);
#7 = PRODUCT('=>[0:1:1:2]','=>[0:1:1:2]','',(#8));
#8 = PRODUCT_CONTEXT('',#2,'mechanical');
#9 = PRODUCT_DEFINITION_CONTEXT('part definition',#2,'design');
#10 = SHAPE_REPRESENTATION('',(#11,#15),#19);
#11 = AXIS2_PLACEMENT_3D('',#12,#13,#14);
#12 = CARTESIAN_POINT('',(0.,0.,0.));
#13 = DIRECTION('',(0.,0.,1.));
#14 = DIRECTION('',(1.,0.,-0.));
#15 = AXIS2_PLACEMENT_3D('',#16,#17,#18);
#16 = CARTESIAN_POINT('',(0.,0.,0.));
#17 = DIRECTION('',(0.,-0.342020143326,0.939692620786));
#18 = DIRECTION('',(1.,0.,0.));
#19 = ( GEOMETRIC_REPRESENTATION_CONTEXT(3) 
GLOBAL_UNCERTAINTY_ASSIGNED_CONTEXT((#23)) GLOBAL_UNIT_ASSIGNED_CONTEXT(
(#20,#21,#22)) REPRESENTATION_CONTEXT('Context #1',
  '3D Context with UNIT and UNCERTAINTY') );
#20 = ( LENGTH_UNIT() NAMED_UNIT(*) SI_UNIT(.MILLI.,.METRE.) );
#21 = ( NAMED_UNIT(*) PLANE_ANGLE_UNIT() SI_UNIT($,.RADIAN.) );
#22 = ( NAMED_UNIT(*) SI_UNIT($,.STERADIAN.) SOLID_ANGLE_UNIT() );
#23 = UNCERTAINTY_MEASURE_WITH_UNIT(LENGTH_MEASURE(1.E-07),#20,
  'distance_accuracy_value','confusion accuracy');
#24 = PRODUCT_RELATED_PRODUCT_CATEGORY('part',$,(#7));
#25 = SHAPE_DEFINITION_REPRESENTATION(#26,#32);
#26 = PRODUCT_DEFINITION_SHAPE('','',#27);
#27 = PRODUCT_DEFINITION('design','',#28,#31);
#28 = PRODUCT_DEFINITION_FORMATION('','',#29);
#29 = PRODUCT('COMPOUND','COMPOUND','',(#30));
#30 = PRODUCT_CONTEXT('',#2,'mechanical');
#31 = PRODUCT_DEFINITION_CONTEXT('part definition',#2,'design');
#32 = SHAPE_REPRESENTATION('',(#11,#33,#221,#1809),#1907);
#33 = MANIFOLD_SOLID_BREP('',#34);
#34 = CLOSED_SHELL('',(#35,#123,#158,#213,#217));
#35 = ADVANCED_FACE('',(#36),#49,.T.);
#36 = FACE_BOUND('',#37,.T.);
#37 = EDGE_LOOP('',(#38,#72,#95,#122));
#38 = ORIENTED_EDGE('',*,*,#39,.T.);
#39 = EDGE_CURVE('',#40,#40,#42,.T.);
#40 = VERTEX_POINT('',#41);
#41 = CARTESIAN_POINT('',(4.421052631579,-1.082845590825E-15,11.));
#42 = SURFACE_CURVE('',#43,(#48,#60),.PCURVE_S1.);
#43 = CIRCLE('',#44,4.421052631579);
#44 = AXIS2_PLACEMENT_3D('',#45,#46,#47);
#45 = CARTESIAN_POINT('',(0.,0.,11.));
#46 = DIRECTION('',(0.,0.,1.));
#47 = DIRECTION('',(1.,0.,-0.));
#48 = PCURVE('',#49,#54);
#49 = CONICAL_SURFACE('',#50,5.,5.258306161094E-02);
#50 = AXIS2_PLACEMENT_3D('',#51,#52,#53);
#51 = CARTESIAN_POINT('',(0.,0.,0.));
#52 = DIRECTION('',(-0.,-0.,-1.));
#53 = DIRECTION('',(1.,0.,-0.));
#54 = DEFINITIONAL_REPRESENTATION('',(#55),#59);
#55 = LINE('',#56,#57);
#56 = CARTESIAN_POINT('',(-0.,-11.));
#57 = VECTOR('',#58,1.);
#58 = DIRECTION('',(-1.,-0.));
#59 = ( GEOMETRIC_REPRESENTATION_CONTEXT(2) 
PARAMETRIC_REPRESENTATION_CONTEXT() REPRESENTATION_CONTEXT('2D SPACE',''
  ) );
#60 = PCURVE('',#61,#66);
#61 = PLANE('',#62);
#62 = AXIS2_PLACEMENT_3D('',#63,#64,#65);
#63 = CARTESIAN_POINT('',(0.,0.,11.));
#64 = DIRECTION('',(0.,0.,1.));
#65 = DIRECTION('',(1.,0.,-0.));
#66 = DEFINITIONAL_REPRESENTATION('',(#67),#71);
#67 = CIRCLE('',#68,4.421052631579);
#68 = AXIS2_PLACEMENT_2D('',#69,#70);
#69 = CARTESIAN_POINT('',(0.,0.));
#70 = DIRECTION('',(1.,0.));
#71 = ( GEOMETRIC_REPRESENTATION_CONTEXT(2) 
PARAMETRIC_REPRESENTATION_CONTEXT() REPRESENTATION_CONTEXT('2D SPACE',''
  ) );
#72 = ORIENTED_EDGE('',*,*,#73,.T.);
#73 = EDGE_CURVE('',#40,#74,#76,.T.);
#74 = VERTEX_POINT('',#75);
#75 = CARTESIAN_POINT('',(3.368421052632,-8.250252120572E-16,31.));
#76 = SEAM_CURVE('',#77,(#81,#88),.PCURVE_S1.);
#77 = LINE('',#78,#79);
#78 = CARTESIAN_POINT('',(5.,-1.224646799147E-15,0.));
#79 = VECTOR('',#80,1.);
#80 = DIRECTION('',(-5.255883312276E-02,1.287320135014E-17,
    0.998617829333));
#81 = PCURVE('',#49,#82);
#82 = DEFINITIONAL_REPRESENTATION('',(#83),#87);
#83 = LINE('',#84,#85);
#84 = CARTESIAN_POINT('',(0.,-0.));
#85 = VECTOR('',#86,1.);
#86 = DIRECTION('',(-0.,-1.));
#87 = ( GEOMETRIC_REPRESENTATION_CONTEXT(2) 
PARAMETRIC_REPRESENTATION_CONTEXT() REPRESENTATION_CONTEXT('2D SPACE',''
  ) );
#88 = PCURVE('',#49,#89);
#89 = DEFINITIONAL_REPRESENTATION('',(#90),#94);
#90 = LINE('',#91,#92);
#91 = CARTESIAN_POINT('',(-6.28318530718,0.));
#92 = VECTOR('',#93,1.);
#93 = DIRECTION('',(-0.,-1.));
#94 = ( GEOMETRIC_REPRESENTATION_CONTEXT(2) 
PARAMETRIC_REPRESENTATION_CONTEXT() REPRESENTATION_CONTEXT('2D SPACE',''
  ) );
#95 = ORIENTED_EDGE('',*,*,#96,.F.);
#96 = EDGE_CURVE('',#74,#74,#97,.T.);
#97 = SURFACE_CURVE('',#98,(#103,#110),.PCURVE_S1.);
#98 = CIRCLE('',#99,3.368421052632);
#99 = AXIS2_PLACEMENT_3D('',#100,#101,#102);
#100 = CARTESIAN_POINT('',(0.,0.,31.));
#101 = DIRECTION('',(0.,0.,1.));
#102 = DIRECTION('',(1.,0.,-0.));
#103 = PCURVE('',#49,#104);
#104 = DEFINITIONAL_REPRESENTATION('',(#105),#109);
#105 = LINE('',#106,#107);
#106 = CARTESIAN_POINT('',(-0.,-31.));
#107 = VECTOR('',#108,1.);
#108 = DIRECTION('',(-1.,-0.));
#109 = ( GEOMETRIC_REPRESENTATION_CONTEXT(2) 
PARAMETRIC_REPRESENTATION_CONTEXT() REPRESENTATION_CONTEXT('2D SPACE',''
  ) );
#110 = PCURVE('',#111,#116);
#111 = PLANE('',#112);
#112 = AXIS2_PLACEMENT_3D('',#113,#114,#115);
#113 = CARTESIAN_POINT('',(0.,0.,31.));
#114 = DIRECTION('',(0.,0.,1.));
#115 = DIRECTION('',(1.,0.,-0.));
#116 = DEFINITIONAL_REPRESENTATION('',(#117),#121);
#117 = CIRCLE('',#118,3.368421052632);
#118 = AXIS2_PLACEMENT_2D('',#119,#120);
#119 = CARTESIAN_POINT('',(0.,0.));
#120 = DIRECTION('',(1.,0.));
#121 = ( GEOMETRIC_REPRESENTATION_CONTEXT(2) 
PARAMETRIC_REPRESENTATION_CONTEXT() REPRESENTATION_CONTEXT('2D SPACE',''
  ) );
#122 = ORIENTED_EDGE('',*,*,#73,.F.);
#123 = ADVANCED_FACE('',(#124,#155),#111,.F.);
#124 = FACE_BOUND('',#125,.F.);
#125 = EDGE_LOOP('',(#126));
#126 = ORIENTED_EDGE('',*,*,#127,.T.);
#127 = EDGE_CURVE('',#128,#128,#130,.T.);
#128 = VERTEX_POINT('',#129);
#129 = CARTESIAN_POINT('',(5.5,-1.347111479062E-15,31.));
#130 = SURFACE_CURVE('',#131,(#136,#143),.PCURVE_S1.);
#131 = CIRCLE('',#132,5.5);
#132 = AXIS2_PLACEMENT_3D('',#133,#134,#135);
#133 = CARTESIAN_POINT('',(0.,0.,31.));
#134 = DIRECTION('',(0.,0.,1.));
#135 = DIRECTION('',(1.,0.,-0.));
#136 = PCURVE('',#111,#137);
#137 = DEFINITIONAL_REPRESENTATION('',(#138),#142);
#138 = CIRCLE('',#139,5.5);
#139 = AXIS2_PLACEMENT_2D('',#140,#141);
#140 = CARTESIAN_POINT('',(0.,0.));
#141 = DIRECTION('',(1.,0.));
#142 = ( GEOMETRIC_REPRESENTATION_CONTEXT(2) 
PARAMETRIC_REPRESENTATION_CONTEXT() REPRESENTATION_CONTEXT('2D SPACE',''
  ) );
#143 = PCURVE('',#144,#149);
#144 = CYLINDRICAL_SURFACE('',#145,5.5);
#145 = AXIS2_PLACEMENT_3D('',#146,#147,#148);
#146 = CARTESIAN_POINT('',(0.,0.,31.));
#147 = DIRECTION('',(0.,0.,1.));
#148 = DIRECTION('',(1.,0.,-0.));
#149 = DEFINITIONAL_REPRESENTATION('',(#150),#154);
#150 = LINE('',#151,#152);
#151 = CARTESIAN_POINT('',(0.,0.));
#152 = VECTOR('',#153,1.);
#153 = DIRECTION('',(1.,0.));
#154 = ( GEOMETRIC_REPRESENTATION_CONTEXT(2) 
PARAMETRIC_REPRESENTATION_CONTEXT() REPRESENTATION_CONTEXT('2D SPACE',''
  ) );
#155 = FACE_BOUND('',#156,.F.);
#156 = EDGE_LOOP('',(#157));
#157 = ORIENTED_EDGE('',*,*,#96,.F.);
#158 = ADVANCED_FACE('',(#159),#144,.T.);
#159 = FACE_BOUND('',#160,.T.);
#160 = EDGE_LOOP('',(#161,#190,#211,#212));
#161 = ORIENTED_EDGE('',*,*,#162,.F.);
#162 = EDGE_CURVE('',#163,#163,#165,.T.);
#163 = VERTEX_POINT('',#164);
#164 = CARTESIAN_POINT('',(5.5,-1.347111479062E-15,38.));
#165 = SURFACE_CURVE('',#166,(#171,#178),.PCURVE_S1.);
#166 = CIRCLE('',#167,5.5);
#167 = AXIS2_PLACEMENT_3D('',#168,#169,#170);
#168 = CARTESIAN_POINT('',(0.,0.,38.));
#169 = DIRECTION('',(0.,0.,1.));
#170 = DIRECTION('',(1.,0.,-0.));
#171 = PCURVE('',#144,#172);
#172 = DEFINITIONAL_REPRESENTATION('',(#173),#177);
#173 = LINE('',#174,#175);
#174 = CARTESIAN_POINT('',(0.,7.));
#175 = VECTOR('',#176,1.);
#176 = DIRECTION('',(1.,0.));
#177 = ( GEOMETRIC_REPRESENTATION_CONTEXT(2) 
PARAMETRIC_REPRESENTATION_CONTEXT() REPRESENTATION_CONTEXT('2D SPACE',''
  ) );
#178 = PCURVE('',#179,#184);
#179 = PLANE('',#180);
#180 = AXIS2_PLACEMENT_3D('',#181,#182,#183);
#181 = CARTESIAN_POINT('',(0.,0.,38.));
#182 = DIRECTION('',(0.,0.,1.));
#183 = DIRECTION('',(1.,0.,-0.));
#184 = DEFINITIONAL_REPRESENTATION('',(#185),#189);
#185 = CIRCLE('',#186,5.5);
#186 = AXIS2_PLACEMENT_2D('',#187,#188);
#187 = CARTESIAN_POINT('',(0.,0.));
#188 = DIRECTION('',(1.,0.));
#189 = ( GEOMETRIC_REPRESENTATION_CONTEXT(2) 
PARAMETRIC_REPRESENTATION_CONTEXT() REPRESENTATION_CONTEXT('2D SPACE',''
  ) );
#190 = ORIENTED_EDGE('',*,*,#191,.F.);
#191 = EDGE_CURVE('',#128,#163,#192,.T.);
#192 = SEAM_CURVE('',#193,(#197,#204),.PCURVE_S1.);
#193 = LINE('',#194,#195);
#194 = CARTESIAN_POINT('',(5.5,-1.347111479062E-15,31.));
#195 = VECTOR('',#196,1.);
#196 = DIRECTION('',(0.,0.,1.));
#197 = PCURVE('',#144,#198);
#198 = DEFINITIONAL_REPRESENTATION('',(#199),#203);
#199 = LINE('',#200,#201);
#200 = CARTESIAN_POINT('',(6.28318530718,-0.));
#201 = VECTOR('',#202,1.);
#202 = DIRECTION('',(0.,1.));
#203 = ( GEOMETRIC_REPRESENTATION_CONTEXT(2) 
PARAMETRIC_REPRESENTATION_CONTEXT() REPRESENTATION_CONTEXT('2D SPACE',''
  ) );
#204 = PCURVE('',#144,#205);
#205 = DEFINITIONAL_REPRESENTATION('',(#206),#210);
#206 = LINE('',#207,#208);
#207 = CARTESIAN_POINT('',(0.,-0.));
#208 = VECTOR('',#209,1.);
#209 = DIRECTION('',(0.,1.));
#210 = ( GEOMETRIC_REPRESENTATION_CONTEXT(2) 
PARAMETRIC_REPRESENTATION_CONTEXT() REPRESENTATION_CONTEXT('2D SPACE',''
  ) );
#211 = ORIENTED_EDGE('',*,*,#127,.T.);
#212 = ORIENTED_EDGE('',*,*,#191,.T.);
#213 = ADVANCED_FACE('',(#214),#179,.T.);
#214 = FACE_BOUND('',#215,.T.);
#215 = EDGE_LOOP('',(#216));
#216 = ORIENTED_EDGE('',*,*,#162,.T.);
#217 = ADVANCED_FACE('',(#218),#61,.F.);
#218 = FACE_BOUND('',#219,.F.);
#219 = EDGE_LOOP('',(#220));
#220 = ORIENTED_EDGE('',*,*,#39,.T.);
#221 = MANIFOLD_SOLID_BREP('',#222);
#222 = CLOSED_SHELL('',(#223,#341,#929,#1000,#1486,#1516,#1778));
#223 = ADVANCED_FACE('',(#224),#239,.T.);
#224 = FACE_BOUND('',#225,.T.);
#225 = EDGE_LOOP('',(#226,#262,#288,#317));
#226 = ORIENTED_EDGE('',*,*,#227,.T.);
#227 = EDGE_CURVE('',#228,#230,#232,.T.);
#228 = VERTEX_POINT('',#229);
#229 = CARTESIAN_POINT('',(-7.947326594522,-0.916515138991,7.));
#230 = VERTEX_POINT('',#231);
#231 = CARTESIAN_POINT('',(7.947326594522,-0.916515138991,7.));
#232 = SURFACE_CURVE('',#233,(#238,#250),.PCURVE_S1.);
#233 = CIRCLE('',#234,8.);
#234 = AXIS2_PLACEMENT_3D('',#235,#236,#237);
#235 = CARTESIAN_POINT('',(0.,0.,7.));
#236 = DIRECTION('',(0.,0.,1.));
#237 = DIRECTION('',(1.,0.,-0.));
#238 = PCURVE('',#239,#244);
#239 = PLANE('',#240);
#240 = AXIS2_PLACEMENT_3D('',#241,#242,#243);
#241 = CARTESIAN_POINT('',(0.,0.,7.));
#242 = DIRECTION('',(0.,0.,1.));
#243 = DIRECTION('',(1.,0.,-0.));
#244 = DEFINITIONAL_REPRESENTATION('',(#245),#249);
#245 = CIRCLE('',#246,8.);
#246 = AXIS2_PLACEMENT_2D('',#247,#248);
#247 = CARTESIAN_POINT('',(0.,0.));
#248 = DIRECTION('',(1.,0.));
#249 = ( GEOMETRIC_REPRESENTATION_CONTEXT(2) 
PARAMETRIC_REPRESENTATION_CONTEXT() REPRESENTATION_CONTEXT('2D SPACE',''
  ) );
#250 = PCURVE('',#251,#256);
#251 = CYLINDRICAL_SURFACE('',#252,8.);
#252 = AXIS2_PLACEMENT_3D('',#253,#254,#255);
#253 = CARTESIAN_POINT('',(0.,0.,0.));
#254 = DIRECTION('',(0.,0.,1.));
#255 = DIRECTION('',(1.,0.,-0.));
#256 = DEFINITIONAL_REPRESENTATION('',(#257),#261);
#257 = LINE('',#258,#259);
#258 = CARTESIAN_POINT('',(0.,7.));
#259 = VECTOR('',#260,1.);
#260 = DIRECTION('',(1.,0.));
#261 = ( GEOMETRIC_REPRESENTATION_CONTEXT(2) 
PARAMETRIC_REPRESENTATION_CONTEXT() REPRESENTATION_CONTEXT('2D SPACE',''
  ) );
#262 = ORIENTED_EDGE('',*,*,#263,.F.);
#263 = EDGE_CURVE('',#264,#230,#266,.T.);
#264 = VERTEX_POINT('',#265);
#265 = CARTESIAN_POINT('',(4.915282290978,-0.916515138991,7.));
#266 = SURFACE_CURVE('',#267,(#271,#277),.PCURVE_S1.);
#267 = LINE('',#268,#269);
#268 = CARTESIAN_POINT('',(-13.,-0.916515138991,7.));
#269 = VECTOR('',#270,1.);
#270 = DIRECTION('',(1.,0.,2.22044604925E-16));
#271 = PCURVE('',#239,#272);
#272 = DEFINITIONAL_REPRESENTATION('',(#273),#276);
#273 = B_SPLINE_CURVE_WITH_KNOTS('',1,(#274,#275),.UNSPECIFIED.,.F.,.F.,
  (2,2),(3.4,22.6),.PIECEWISE_BEZIER_KNOTS.);
#274 = CARTESIAN_POINT('',(-9.6,-0.916515138991));
#275 = CARTESIAN_POINT('',(9.6,-0.916515138991));
#276 = ( GEOMETRIC_REPRESENTATION_CONTEXT(2) 
PARAMETRIC_REPRESENTATION_CONTEXT() REPRESENTATION_CONTEXT('2D SPACE',''
  ) );
#277 = PCURVE('',#278,#283);
#278 = CYLINDRICAL_SURFACE('',#279,2.2);
#279 = AXIS2_PLACEMENT_3D('',#280,#281,#282);
#280 = CARTESIAN_POINT('',(-13.,0.,5.));
#281 = DIRECTION('',(1.,0.,2.22044604925E-16));
#282 = DIRECTION('',(2.22044604925E-16,0.,-1.));
#283 = DEFINITIONAL_REPRESENTATION('',(#284),#287);
#284 = B_SPLINE_CURVE_WITH_KNOTS('',1,(#285,#286),.UNSPECIFIED.,.F.,.F.,
  (2,2),(17.915282290978,20.947326594522),.PIECEWISE_BEZIER_KNOTS.);
#285 = CARTESIAN_POINT('',(3.571292319741,17.915282290978));
#286 = CARTESIAN_POINT('',(3.571292319741,20.947326594522));
#287 = ( GEOMETRIC_REPRESENTATION_CONTEXT(2) 
PARAMETRIC_REPRESENTATION_CONTEXT() REPRESENTATION_CONTEXT('2D SPACE',''
  ) );
#288 = ORIENTED_EDGE('',*,*,#289,.F.);
#289 = EDGE_CURVE('',#290,#264,#292,.T.);
#290 = VERTEX_POINT('',#291);
#291 = CARTESIAN_POINT('',(-4.915282290978,-0.916515138991,7.));
#292 = SURFACE_CURVE('',#293,(#298,#305),.PCURVE_S1.);
#293 = CIRCLE('',#294,5.);
#294 = AXIS2_PLACEMENT_3D('',#295,#296,#297);
#295 = CARTESIAN_POINT('',(0.,0.,7.));
#296 = DIRECTION('',(0.,0.,1.));
#297 = DIRECTION('',(1.,0.,-0.));
#298 = PCURVE('',#239,#299);
#299 = DEFINITIONAL_REPRESENTATION('',(#300),#304);
#300 = CIRCLE('',#301,5.);
#301 = AXIS2_PLACEMENT_2D('',#302,#303);
#302 = CARTESIAN_POINT('',(0.,0.));
#303 = DIRECTION('',(1.,0.));
#304 = ( GEOMETRIC_REPRESENTATION_CONTEXT(2) 
PARAMETRIC_REPRESENTATION_CONTEXT() REPRESENTATION_CONTEXT('2D SPACE',''
  ) );
#305 = PCURVE('',#306,#311);
#306 = CYLINDRICAL_SURFACE('',#307,5.);
#307 = AXIS2_PLACEMENT_3D('',#308,#309,#310);
#308 = CARTESIAN_POINT('',(0.,0.,0.));
#309 = DIRECTION('',(0.,0.,1.));
#310 = DIRECTION('',(1.,0.,-0.));
#311 = DEFINITIONAL_REPRESENTATION('',(#312),#316);
#312 = LINE('',#313,#314);
#313 = CARTESIAN_POINT('',(0.,7.));
#314 = VECTOR('',#315,1.);
#315 = DIRECTION('',(1.,0.));
#316 = ( GEOMETRIC_REPRESENTATION_CONTEXT(2) 
PARAMETRIC_REPRESENTATION_CONTEXT() REPRESENTATION_CONTEXT('2D SPACE',''
  ) );
#317 = ORIENTED_EDGE('',*,*,#318,.F.);
#318 = EDGE_CURVE('',#228,#290,#319,.T.);
#319 = SURFACE_CURVE('',#320,(#324,#330),.PCURVE_S1.);
#320 = LINE('',#321,#322);
#321 = CARTESIAN_POINT('',(-13.,-0.916515138991,7.));
#322 = VECTOR('',#323,1.);
#323 = DIRECTION('',(1.,0.,2.22044604925E-16));
#324 = PCURVE('',#239,#325);
#325 = DEFINITIONAL_REPRESENTATION('',(#326),#329);
#326 = B_SPLINE_CURVE_WITH_KNOTS('',1,(#327,#328),.UNSPECIFIED.,.F.,.F.,
  (2,2),(3.4,22.6),.PIECEWISE_BEZIER_KNOTS.);
#327 = CARTESIAN_POINT('',(-9.6,-0.916515138991));
#328 = CARTESIAN_POINT('',(9.6,-0.916515138991));
#329 = ( GEOMETRIC_REPRESENTATION_CONTEXT(2) 
PARAMETRIC_REPRESENTATION_CONTEXT() REPRESENTATION_CONTEXT('2D SPACE',''
  ) );
#330 = PCURVE('',#331,#336);
#331 = CYLINDRICAL_SURFACE('',#332,2.2);
#332 = AXIS2_PLACEMENT_3D('',#333,#334,#335);
#333 = CARTESIAN_POINT('',(-13.,0.,5.));
#334 = DIRECTION('',(1.,0.,2.22044604925E-16));
#335 = DIRECTION('',(2.22044604925E-16,0.,-1.));
#336 = DEFINITIONAL_REPRESENTATION('',(#337),#340);
#337 = B_SPLINE_CURVE_WITH_KNOTS('',1,(#338,#339),.UNSPECIFIED.,.F.,.F.,
  (2,2),(5.052673405478,8.084717709022),.PIECEWISE_BEZIER_KNOTS.);
#338 = CARTESIAN_POINT('',(3.571292319741,5.052673405478));
#339 = CARTESIAN_POINT('',(3.571292319741,8.084717709022));
#340 = ( GEOMETRIC_REPRESENTATION_CONTEXT(2) 
PARAMETRIC_REPRESENTATION_CONTEXT() REPRESENTATION_CONTEXT('2D SPACE',''
  ) );
#341 = ADVANCED_FACE('',(#342),#278,.F.);
#342 = FACE_BOUND('',#343,.F.);
#343 = EDGE_LOOP('',(#344,#514,#684,#710,#820,#928));
#344 = ORIENTED_EDGE('',*,*,#345,.T.);
#345 = EDGE_CURVE('',#264,#346,#348,.T.);
#346 = VERTEX_POINT('',#347);
#347 = CARTESIAN_POINT('',(5.,-8.817456953861E-16,2.8));
#348 = SURFACE_CURVE('',#349,(#402,#458),.PCURVE_S1.);
#349 = B_SPLINE_CURVE_WITH_KNOTS('',6,(#350,#351,#352,#353,#354,#355,
    #356,#357,#358,#359,#360,#361,#362,#363,#364,#365,#366,#367,#368,
    #369,#370,#371,#372,#373,#374,#375,#376,#377,#378,#379,#380,#381,
    #382,#383,#384,#385,#386,#387,#388,#389,#390,#391,#392,#393,#394,
    #395,#396,#397,#398,#399,#400,#401),.UNSPECIFIED.,.F.,.F.,(7,5,5,5,5
    ,5,5,5,5,5,7),(0.,7.129726584113E-02,0.123295526338,0.163184029927,
    0.288361248695,0.43300083766,0.577941524812,0.738004261866,
    0.787104899973,0.854105996625,1.),.UNSPECIFIED.);
#350 = CARTESIAN_POINT('',(4.915282535116,-0.916513829673,7.000000600002
    ));
#351 = CARTESIAN_POINT('',(4.901852034277,-0.988541882145,6.966993256797
    ));
#352 = CARTESIAN_POINT('',(4.887568483715,-1.058115905461,6.931344010075
    ));
#353 = CARTESIAN_POINT('',(4.872591459016,-1.125191862139,6.893274371127
    ));
#354 = CARTESIAN_POINT('',(4.857076389573,-1.189738671356,6.85299362456)
  );
#355 = CARTESIAN_POINT('',(4.841172152459,-1.251737443712,6.81069970372)
  );
#356 = CARTESIAN_POINT('',(4.813237664983,-1.354533665363,6.734402893804
    ));
#357 = CARTESIAN_POINT('',(4.801321052282,-1.396538364948,6.701246292086
    ));
#358 = CARTESIAN_POINT('',(4.789320087672,-1.437201770194,6.667174066656
    ));
#359 = CARTESIAN_POINT('',(4.777282922813,-1.476532835361,6.632244157562
    ));
#360 = CARTESIAN_POINT('',(4.765254601539,-1.514542513518,6.596508639214
    ));
#361 = CARTESIAN_POINT('',(4.744088940685,-1.579397730354,6.532018020394
    ));
#362 = CARTESIAN_POINT('',(4.734930799363,-1.606781383709,6.503575710205
    ));
#363 = CARTESIAN_POINT('',(4.725821617692,-1.633400226276,6.474707773938
    ));
#364 = CARTESIAN_POINT('',(4.716779547231,-1.659259608806,6.445433824325
    ));
#365 = CARTESIAN_POINT('',(4.707821909302,-1.684364723131,6.415772102706
    ));
#366 = CARTESIAN_POINT('',(4.671171250243,-1.78515368247,6.291491764375)
  );
#367 = CARTESIAN_POINT('',(4.644361936703,-1.854233853637,6.193559760195
    ));
#368 = CARTESIAN_POINT('',(4.619060117316,-1.916075097852,6.092500128892
    ));
#369 = CARTESIAN_POINT('',(4.595714315218,-1.970782345162,5.988768247582
    ));
#370 = CARTESIAN_POINT('',(4.574703291459,-2.018434552331,5.882742986833
    ));
#371 = CARTESIAN_POINT('',(4.535122953225,-2.106018605931,5.649969632507
    ));
#372 = CARTESIAN_POINT('',(4.517439721611,-2.143600118001,5.522556471954
    ));
#373 = CARTESIAN_POINT('',(4.503811361638,-2.171791655991,5.393219809541
    ));
#374 = CARTESIAN_POINT('',(4.494598188392,-2.190591680245,5.262607002324
    ));
#375 = CARTESIAN_POINT('',(4.489988864129,-2.2,5.131331602952));
#376 = CARTESIAN_POINT('',(4.489988864129,-2.2,4.868395002276));
#377 = CARTESIAN_POINT('',(4.494617396058,-2.190552466485,4.736846783998
    ));
#378 = CARTESIAN_POINT('',(4.503868915283,-2.171674217078,4.60596530326)
  );
#379 = CARTESIAN_POINT('',(4.517553194994,-2.143365392041,4.47636775895)
  );
#380 = CARTESIAN_POINT('',(4.535306992839,-2.105627435159,4.348705510688
    ));
#381 = CARTESIAN_POINT('',(4.580126595273,-2.006415808087,4.085633388138
    ));
#382 = CARTESIAN_POINT('',(4.607965473148,-1.942889693748,3.950838893779
    ));
#383 = CARTESIAN_POINT('',(4.639466017783,-1.86782818046,3.819955130594)
  );
#384 = CARTESIAN_POINT('',(4.67380734953,-1.781022993496,3.693774329522)
  );
#385 = CARTESIAN_POINT('',(4.709978777192,-1.68220036126,3.573326815057)
  );
#386 = CARTESIAN_POINT('',(4.758035815873,-1.537004938816,3.425202667998
    ));
#387 = CARTESIAN_POINT('',(4.769375908407,-1.501758475755,3.391092513776
    ));
#388 = CARTESIAN_POINT('',(4.780740127451,-1.465339082962,3.357681860556
    ));
#389 = CARTESIAN_POINT('',(4.792091397429,-1.427737210072,3.325013011848
    ));
#390 = CARTESIAN_POINT('',(4.803390250044,-1.388944526199,3.293132734236
    ));
#391 = CARTESIAN_POINT('',(4.829884213364,-1.294384069545,3.21973545569)
  );
#392 = CARTESIAN_POINT('',(4.84500167345,-1.237570843234,3.178932305043)
  );
#393 = CARTESIAN_POINT('',(4.8598359241,-1.17851186674,3.139827680831));
#394 = CARTESIAN_POINT('',(4.874268191364,-1.117212481323,3.102576566452
    ));
#395 = CARTESIAN_POINT('',(4.888173595173,-1.053686344307,3.067344587878
    ));
#396 = CARTESIAN_POINT('',(4.930271932045,-0.844829137182,2.962373008069
    ));
#397 = CARTESIAN_POINT('',(4.956272389953,-0.689943418431,2.900192063428
    ));
#398 = CARTESIAN_POINT('',(4.9775427147,-0.525340099906,2.851039302854)
  );
#399 = CARTESIAN_POINT('',(4.992441085505,-0.353566079348,2.817179362038
    ));
#400 = CARTESIAN_POINT('',(5.,-0.177469235465,2.8));
#401 = CARTESIAN_POINT('',(5.,-8.881784197001E-16,2.8));
#402 = PCURVE('',#278,#403);
#403 = DEFINITIONAL_REPRESENTATION('',(#404),#457);
#404 = B_SPLINE_CURVE_WITH_KNOTS('',6,(#405,#406,#407,#408,#409,#410,
    #411,#412,#413,#414,#415,#416,#417,#418,#419,#420,#421,#422,#423,
    #424,#425,#426,#427,#428,#429,#430,#431,#432,#433,#434,#435,#436,
    #437,#438,#439,#440,#441,#442,#443,#444,#445,#446,#447,#448,#449,
    #450,#451,#452,#453,#454,#455,#456),.UNSPECIFIED.,.F.,.F.,(7,5,5,5,5
    ,5,5,5,5,5,7),(2.160056150442E-07,7.129726584113E-02,0.123295526338,
    0.163184029927,0.288361248695,0.43300083766,0.577941524812,
    0.738004261866,0.787104899973,0.854105996625,1.),.UNSPECIFIED.);
#405 = CARTESIAN_POINT('',(3.571292319741,17.915282290978));
#406 = CARTESIAN_POINT('',(3.60730621828,17.901851817906));
#407 = CARTESIAN_POINT('',(3.642806350658,17.887568302215));
#408 = CARTESIAN_POINT('',(3.677816577034,17.872591318));
#409 = CARTESIAN_POINT('',(3.712356666844,17.857076293205));
#410 = CARTESIAN_POINT('',(3.746443482932,17.84117210352));
#411 = CARTESIAN_POINT('',(3.804632773941,17.813237664983));
#412 = CARTESIAN_POINT('',(3.828946701566,17.801321052282));
#413 = CARTESIAN_POINT('',(3.853045527684,17.789320087672));
#414 = CARTESIAN_POINT('',(3.876941154882,17.777282922813));
#415 = CARTESIAN_POINT('',(3.900645809196,17.765254601539));
#416 = CARTESIAN_POINT('',(3.942219300498,17.744088940685));
#417 = CARTESIAN_POINT('',(3.960161434759,17.734930799363));
#418 = CARTESIAN_POINT('',(3.978004012066,17.725821617692));
#419 = CARTESIAN_POINT('',(3.995752478241,17.716779547231));
#420 = CARTESIAN_POINT('',(4.013412155763,17.707821909302));
#421 = CARTESIAN_POINT('',(4.086145133977,17.671171250243));
#422 = CARTESIAN_POINT('',(4.140497614306,17.644361936703));
#423 = CARTESIAN_POINT('',(4.194183348337,17.619060117316));
#424 = CARTESIAN_POINT('',(4.247330732153,17.595714315218));
#425 = CARTESIAN_POINT('',(4.300064492191,17.574703291459));
#426 = CARTESIAN_POINT('',(4.413112424073,17.535122953225));
#427 = CARTESIAN_POINT('',(4.473333197512,17.517439721611));
#428 = CARTESIAN_POINT('',(4.533269909357,17.503811361638));
#429 = CARTESIAN_POINT('',(4.593022085918,17.494598188392));
#430 = CARTESIAN_POINT('',(4.652692797225,17.489988864129));
#431 = CARTESIAN_POINT('',(4.772209433896,17.489988864129));
#432 = CARTESIAN_POINT('',(4.832004154743,17.494617396058));
#433 = CARTESIAN_POINT('',(4.891880849427,17.503868915283));
#434 = CARTESIAN_POINT('',(4.951943312043,17.517553194994));
#435 = CARTESIAN_POINT('',(5.012291765278,17.535306992839));
#436 = CARTESIAN_POINT('',(5.140090910868,17.580126595273));
#437 = CARTESIAN_POINT('',(5.207608631775,17.607965473148));
#438 = CARTESIAN_POINT('',(5.275857802278,17.639466017783));
#439 = CARTESIAN_POINT('',(5.345111275597,17.67380734953));
#440 = CARTESIAN_POINT('',(5.415653836639,17.709978777192));
#441 = CARTESIAN_POINT('',(5.509935016282,17.758035815873));
#442 = CARTESIAN_POINT('',(5.532222382703,17.769375908407));
#443 = CARTESIAN_POINT('',(5.554675286836,17.780740127451));
#444 = CARTESIAN_POINT('',(5.577304042168,17.792091397429));
#445 = CARTESIAN_POINT('',(5.600118806709,17.803390250044));
#446 = CARTESIAN_POINT('',(5.654529322489,17.829884213364));
#447 = CARTESIAN_POINT('',(5.686301567884,17.84500167345));
#448 = CARTESIAN_POINT('',(5.718462565119,17.8598359241));
#449 = CARTESIAN_POINT('',(5.751029453223,17.874268191364));
#450 = CARTESIAN_POINT('',(5.784021287506,17.888173595173));
#451 = CARTESIAN_POINT('',(5.890272554427,17.930271932045));
#452 = CARTESIAN_POINT('',(5.96586948752,17.956272389953));
#453 = CARTESIAN_POINT('',(6.043449033035,17.9775427147));
#454 = CARTESIAN_POINT('',(6.122473556847,17.992441085505));
#455 = CARTESIAN_POINT('',(6.202517472877,18.));
#456 = CARTESIAN_POINT('',(6.28318530718,18.));
#457 = ( GEOMETRIC_REPRESENTATION_CONTEXT(2) 
PARAMETRIC_REPRESENTATION_CONTEXT() REPRESENTATION_CONTEXT('2D SPACE',''
  ) );
#458 = PCURVE('',#306,#459);
#459 = DEFINITIONAL_REPRESENTATION('',(#460),#513);
#460 = B_SPLINE_CURVE_WITH_KNOTS('',6,(#461,#462,#463,#464,#465,#466,
    #467,#468,#469,#470,#471,#472,#473,#474,#475,#476,#477,#478,#479,
    #480,#481,#482,#483,#484,#485,#486,#487,#488,#489,#490,#491,#492,
    #493,#494,#495,#496,#497,#498,#499,#500,#501,#502,#503,#504,#505,
    #506,#507,#508,#509,#510,#511,#512),.UNSPECIFIED.,.F.,.F.,(7,5,5,5,5
    ,5,5,5,5,5,7),(0.,7.129726584113E-02,0.123295526338,0.163184029927,
    0.288361248695,0.43300083766,0.577941524812,0.738004261866,
    0.787104899973,0.854105996625,1.),.UNSPECIFIED.);
#461 = CARTESIAN_POINT('',(6.098840210478,7.0000006));
#462 = CARTESIAN_POINT('',(6.084186311753,6.966993256795));
#463 = CARTESIAN_POINT('',(6.069983631089,6.931344010078));
#464 = CARTESIAN_POINT('',(6.056241005634,6.893274371128));
#465 = CARTESIAN_POINT('',(6.04296633885,6.852993624558));
#466 = CARTESIAN_POINT('',(6.030166394967,6.81069970372));
#467 = CARTESIAN_POINT('',(6.008861560984,6.734402893804));
#468 = CARTESIAN_POINT('',(6.000129616784,6.701246292086));
#469 = CARTESIAN_POINT('',(5.99165083873,6.667174066656));
#470 = CARTESIAN_POINT('',(5.983425060881,6.632244157562));
#471 = CARTESIAN_POINT('',(5.975451873479,6.596508639214));
#472 = CARTESIAN_POINT('',(5.961807556933,6.532018020394));
#473 = CARTESIAN_POINT('',(5.956032810087,6.503575710205));
#474 = CARTESIAN_POINT('',(5.95040614712,6.474707773938));
#475 = CARTESIAN_POINT('',(5.944927390736,6.445433824325));
#476 = CARTESIAN_POINT('',(5.939596421635,6.415772102706));
#477 = CARTESIAN_POINT('',(5.918147239708,6.291491764375));
#478 = CARTESIAN_POINT('',(5.903330621211,6.193559760195));
#479 = CARTESIAN_POINT('',(5.889969993398,6.092500128892));
#480 = CARTESIAN_POINT('',(5.878075232352,5.988768247582));
#481 = CARTESIAN_POINT('',(5.867659944645,5.882742986833));
#482 = CARTESIAN_POINT('',(5.848437489422,5.649969632507));
#483 = CARTESIAN_POINT('',(5.840131618323,5.522556471954));
#484 = CARTESIAN_POINT('',(5.833869345862,5.393219809541));
#485 = CARTESIAN_POINT('',(5.82968191705,5.262607002324));
#486 = CARTESIAN_POINT('',(5.827586633784,5.131331602952));
#487 = CARTESIAN_POINT('',(5.827586633784,4.868395002276));
#488 = CARTESIAN_POINT('',(5.829690649271,4.736846783998));
#489 = CARTESIAN_POINT('',(5.833895504094,4.60596530326));
#490 = CARTESIAN_POINT('',(5.840183759598,4.47636775895));
#491 = CARTESIAN_POINT('',(5.848523939629,4.348705510688));
#492 = CARTESIAN_POINT('',(5.870297082451,4.085633388138));
#493 = CARTESIAN_POINT('',(5.884167746815,3.950838893779));
#494 = CARTESIAN_POINT('',(5.900445489925,3.819955130594));
#495 = CARTESIAN_POINT('',(5.919108114444,3.693774329522));
#496 = CARTESIAN_POINT('',(5.940144837868,3.573326815057));
#497 = CARTESIAN_POINT('',(5.970733194911,3.425202667998));
#498 = CARTESIAN_POINT('',(5.978138107919,3.391092513776));
#499 = CARTESIAN_POINT('',(5.985767890419,3.357681860556));
#500 = CARTESIAN_POINT('',(5.993622917561,3.325013011848));
#501 = CARTESIAN_POINT('',(6.001703434227,3.293132734236));
#502 = CARTESIAN_POINT('',(6.021343811061,3.21973545569));
#503 = CARTESIAN_POINT('',(6.033100828506,3.178932305043));
#504 = CARTESIAN_POINT('',(6.045277678453,3.139827680831));
#505 = CARTESIAN_POINT('',(6.057870526661,3.102576566452));
#506 = CARTESIAN_POINT('',(6.070874780765,3.067344587878));
#507 = CARTESIAN_POINT('',(6.113486329873,2.962373008069));
#508 = CARTESIAN_POINT('',(6.144880287926,2.900192063428));
#509 = CARTESIAN_POINT('',(6.178037041026,2.851039302854));
#510 = CARTESIAN_POINT('',(6.212472030822,2.817179362038));
#511 = CARTESIAN_POINT('',(6.247691460087,2.8));
#512 = CARTESIAN_POINT('',(6.28318530718,2.8));
#513 = ( GEOMETRIC_REPRESENTATION_CONTEXT(2) 
PARAMETRIC_REPRESENTATION_CONTEXT() REPRESENTATION_CONTEXT('2D SPACE',''
  ) );
#514 = ORIENTED_EDGE('',*,*,#515,.T.);
#515 = EDGE_CURVE('',#346,#516,#518,.T.);
#516 = VERTEX_POINT('',#517);
#517 = CARTESIAN_POINT('',(4.915282290978,0.916515138991,7.));
#518 = SURFACE_CURVE('',#519,(#572,#628),.PCURVE_S1.);
#519 = B_SPLINE_CURVE_WITH_KNOTS('',6,(#520,#521,#522,#523,#524,#525,
    #526,#527,#528,#529,#530,#531,#532,#533,#534,#535,#536,#537,#538,
    #539,#540,#541,#542,#543,#544,#545,#546,#547,#548,#549,#550,#551,
    #552,#553,#554,#555,#556,#557,#558,#559,#560,#561,#562,#563,#564,
    #565,#566,#567,#568,#569,#570,#571),.UNSPECIFIED.,.F.,.F.,(7,5,5,5,5
    ,5,5,5,5,5,7),(0.,0.143428899947,0.209980496241,0.260170836513,
    0.421668032966,0.566879073916,0.711950110173,0.838619659279,
    0.878154557202,0.929395282064,1.),.UNSPECIFIED.);
#520 = CARTESIAN_POINT('',(5.,-2.694222958124E-16,2.8));
#521 = CARTESIAN_POINT('',(5.,0.174420268868,2.8));
#522 = CARTESIAN_POINT('',(4.992698584364,0.347550899508,2.816594134398)
  );
#523 = CARTESIAN_POINT('',(4.978298430789,0.516567785163,2.849321768687)
  );
#524 = CARTESIAN_POINT('',(4.957706806842,0.678738782579,2.896877709637)
  );
#525 = CARTESIAN_POINT('',(4.932470073834,0.831609531217,2.957122438236)
  );
#526 = CARTESIAN_POINT('',(4.891338722578,1.038889487557,3.059362326287)
  );
#527 = CARTESIAN_POINT('',(4.877634950828,1.10241781709,3.09396091589));
#528 = CARTESIAN_POINT('',(4.863391347761,1.163753511535,3.13057909955)
  );
#529 = CARTESIAN_POINT('',(4.848731334927,1.222880272427,3.169052456974)
  );
#530 = CARTESIAN_POINT('',(4.833772622799,1.279790213522,3.209226506232)
  );
#531 = CARTESIAN_POINT('',(4.807202674858,1.375730445224,3.282426864684)
  );
#532 = CARTESIAN_POINT('',(4.795670449788,1.415724323609,3.314788203188)
  );
#533 = CARTESIAN_POINT('',(4.784074326542,1.454472034994,3.347984460681)
  );
#534 = CARTESIAN_POINT('',(4.772456887916,1.491982172284,3.381964878049)
  );
#535 = CARTESIAN_POINT('',(4.760858071857,1.528264810629,3.416683652847)
  );
#536 = CARTESIAN_POINT('',(4.712173641001,1.676165435021,3.566058739747)
  );
#537 = CARTESIAN_POINT('',(4.675590107199,1.776472726666,3.687303665701)
  );
#538 = CARTESIAN_POINT('',(4.640831389328,1.864533180551,3.814423370472)
  );
#539 = CARTESIAN_POINT('',(4.608940130461,1.940631346429,3.946354171967)
  );
#540 = CARTESIAN_POINT('',(4.580761918106,2.004984262365,4.082281540824)
  );
#541 = CARTESIAN_POINT('',(4.535581940709,2.10504111849,4.346757981971)
  );
#542 = CARTESIAN_POINT('',(4.517743991722,2.142968758668,4.474640518905)
  );
#543 = CARTESIAN_POINT('',(4.503987585589,2.171430960904,4.604471868032)
  );
#544 = CARTESIAN_POINT('',(4.494679178312,2.190426359296,4.735596600348)
  );
#545 = CARTESIAN_POINT('',(4.490010920983,2.199954984074,4.867394028825)
  );
#546 = CARTESIAN_POINT('',(4.489966953409,2.200044717679,5.130980937885)
  );
#547 = CARTESIAN_POINT('',(4.494582308353,2.190624067944,5.262656445366)
  );
#548 = CARTESIAN_POINT('',(4.503829972414,2.171754779197,5.393665808394)
  );
#549 = CARTESIAN_POINT('',(4.517519513213,2.143436981831,5.523390056952)
  );
#550 = CARTESIAN_POINT('',(4.535286799818,2.105672133959,5.651175964817)
  );
#551 = CARTESIAN_POINT('',(4.575220444321,2.017275949458,5.88556957944)
  );
#552 = CARTESIAN_POINT('',(4.596543903905,1.968883140587,5.99281136285)
  );
#553 = CARTESIAN_POINT('',(4.620250640763,1.913265000789,6.097696280913)
  );
#554 = CARTESIAN_POINT('',(4.645947106172,1.850338422958,6.199831741149)
  );
#555 = CARTESIAN_POINT('',(4.67316657133,1.779993023625,6.298744104198)
  );
#556 = CARTESIAN_POINT('',(4.710164766981,1.67780100582,6.423536382555)
  );
#557 = CARTESIAN_POINT('',(4.719061701868,1.652755751064,6.452853193183)
  );
#558 = CARTESIAN_POINT('',(4.728038688787,1.626968614874,6.481786015786)
  );
#559 = CARTESIAN_POINT('',(4.737078762517,1.600434514424,6.510316929628)
  );
#560 = CARTESIAN_POINT('',(4.746164148926,1.573148231386,6.538426668193)
  );
#561 = CARTESIAN_POINT('',(4.767086373402,1.508757141249,6.601954731084)
  );
#562 = CARTESIAN_POINT('',(4.778941230588,1.471137904219,6.637072283167)
  );
#563 = CARTESIAN_POINT('',(4.790800478236,1.432234345173,6.671402645424)
  );
#564 = CARTESIAN_POINT('',(4.802620811323,1.392036073463,6.704895615478)
  );
#565 = CARTESIAN_POINT('',(4.8143559781,1.350534663466,6.737495418577));
#566 = CARTESIAN_POINT('',(4.841941553021,1.248734262549,6.812744827374)
  );
#567 = CARTESIAN_POINT('',(4.857676793218,1.187238143527,6.85455196094)
  );
#568 = CARTESIAN_POINT('',(4.873026235191,1.123243155538,6.89437934159)
  );
#569 = CARTESIAN_POINT('',(4.887845049301,1.056768219701,6.932034223837)
  );
#570 = CARTESIAN_POINT('',(4.901982155168,0.987844041119,6.967313047195)
  );
#571 = CARTESIAN_POINT('',(4.915282535098,0.916513829771,7.00000059998)
  );
#572 = PCURVE('',#278,#573);
#573 = DEFINITIONAL_REPRESENTATION('',(#574),#627);
#574 = B_SPLINE_CURVE_WITH_KNOTS('',6,(#575,#576,#577,#578,#579,#580,
    #581,#582,#583,#584,#585,#586,#587,#588,#589,#590,#591,#592,#593,
    #594,#595,#596,#597,#598,#599,#600,#601,#602,#603,#604,#605,#606,
    #607,#608,#609,#610,#611,#612,#613,#614,#615,#616,#617,#618,#619,
    #620,#621,#622,#623,#624,#625,#626),.UNSPECIFIED.,.F.,.F.,(7,5,5,5,5
    ,5,5,5,5,5,7),(0.,0.143428899947,0.209980496241,0.260170836513,
    0.421668032966,0.566879073916,0.711950110173,0.838619659279,
    0.878154557202,0.929395282064,0.999999784015),.UNSPECIFIED.);
#575 = CARTESIAN_POINT('',(6.28318530718,18.));
#576 = CARTESIAN_POINT('',(6.362467247574,18.));
#577 = CARTESIAN_POINT('',(6.441162893052,17.992698584364));
#578 = CARTESIAN_POINT('',(6.518886259736,17.978298430789));
#579 = CARTESIAN_POINT('',(6.595223497623,17.957706806842));
#580 = CARTESIAN_POINT('',(6.66965527154,17.932470073834));
#581 = CARTESIAN_POINT('',(6.774711312281,17.891338722578));
#582 = CARTESIAN_POINT('',(6.807565698119,17.877634950828));
#583 = CARTESIAN_POINT('',(6.839998743903,17.863391347761));
#584 = CARTESIAN_POINT('',(6.872028467372,17.848731334927));
#585 = CARTESIAN_POINT('',(6.90367093276,17.833772622799));
#586 = CARTESIAN_POINT('',(6.958523892738,17.807202674858));
#587 = CARTESIAN_POINT('',(6.981899323013,17.795670449788));
#588 = CARTESIAN_POINT('',(7.005078080807,17.784074326542));
#589 = CARTESIAN_POINT('',(7.028070963132,17.772456887916));
#590 = CARTESIAN_POINT('',(7.050888978265,17.760858071857));
#591 = CARTESIAN_POINT('',(7.146438185961,17.712173641001));
#592 = CARTESIAN_POINT('',(7.217680893585,17.675590107199));
#593 = CARTESIAN_POINT('',(7.287599128008,17.640831389328));
#594 = CARTESIAN_POINT('',(7.356486590276,17.608940130461));
#595 = CARTESIAN_POINT('',(7.424624493646,17.580761918106));
#596 = CARTESIAN_POINT('',(7.553156544493,17.535581940709));
#597 = CARTESIAN_POINT('',(7.613624502177,17.517743991722));
#598 = CARTESIAN_POINT('',(7.673804306473,17.503987585589));
#599 = CARTESIAN_POINT('',(7.733796717511,17.494679178312));
#600 = CARTESIAN_POINT('',(7.793706189052,17.490010920983));
#601 = CARTESIAN_POINT('',(7.913518427386,17.489966953409));
#602 = CARTESIAN_POINT('',(7.973369546176,17.494582308353));
#603 = CARTESIAN_POINT('',(8.033302542744,17.503829972414));
#604 = CARTESIAN_POINT('',(8.093421480784,17.517519513213));
#605 = CARTESIAN_POINT('',(8.15382684025,17.535286799818));
#606 = CARTESIAN_POINT('',(8.267694107485,17.575220444321));
#607 = CARTESIAN_POINT('',(8.321066524657,17.596543903905));
#608 = CARTESIAN_POINT('',(8.374864945706,17.620250640763));
#609 = CARTESIAN_POINT('',(8.429219146649,17.645947106172));
#610 = CARTESIAN_POINT('',(8.484262789901,17.67316657133));
#611 = CARTESIAN_POINT('',(8.557579043103,17.710164766981));
#612 = CARTESIAN_POINT('',(8.575101748066,17.719061701868));
#613 = CARTESIAN_POINT('',(8.592712574788,17.728038688787));
#614 = CARTESIAN_POINT('',(8.61041672337,17.737078762517));
#615 = CARTESIAN_POINT('',(8.628219507943,17.746164148926));
#616 = CARTESIAN_POINT('',(8.669335216629,17.767086373402));
#617 = CARTESIAN_POINT('',(8.692718677168,17.778941230588));
#618 = CARTESIAN_POINT('',(8.716288755337,17.790800478236));
#619 = CARTESIAN_POINT('',(8.740057140706,17.802620811323));
#620 = CARTESIAN_POINT('',(8.764035195372,17.8143559781));
#621 = CARTESIAN_POINT('',(8.821577379568,17.841941504123));
#622 = CARTESIAN_POINT('',(8.855351530344,17.857676696947));
#623 = CARTESIAN_POINT('',(8.889570946468,17.873026094326));
#624 = CARTESIAN_POINT('',(8.924251860113,17.887844867973));
#625 = CARTESIAN_POINT('',(8.959413316443,17.901981938935));
#626 = CARTESIAN_POINT('',(8.995078294614,17.915282290976));
#627 = ( GEOMETRIC_REPRESENTATION_CONTEXT(2) 
PARAMETRIC_REPRESENTATION_CONTEXT() REPRESENTATION_CONTEXT('2D SPACE',''
  ) );
#628 = PCURVE('',#306,#629);
#629 = DEFINITIONAL_REPRESENTATION('',(#630),#683);
#630 = B_SPLINE_CURVE_WITH_KNOTS('',6,(#631,#632,#633,#634,#635,#636,
    #637,#638,#639,#640,#641,#642,#643,#644,#645,#646,#647,#648,#649,
    #650,#651,#652,#653,#654,#655,#656,#657,#658,#659,#660,#661,#662,
    #663,#664,#665,#666,#667,#668,#669,#670,#671,#672,#673,#674,#675,
    #676,#677,#678,#679,#680,#681,#682),.UNSPECIFIED.,.F.,.F.,(7,5,5,5,5
    ,5,5,5,5,5,7),(0.,0.143428899947,0.209980496241,0.260170836513,
    0.421668032966,0.566879073916,0.711950110173,0.838619659279,
    0.878154557202,0.929395282064,1.),.UNSPECIFIED.);
#631 = CARTESIAN_POINT('',(0.,2.8));
#632 = CARTESIAN_POINT('',(3.488405377369E-02,2.8));
#633 = CARTESIAN_POINT('',(6.951023563598E-02,2.816594134398));
#634 = CARTESIAN_POINT('',(0.103389745829,2.849321768687));
#635 = CARTESIAN_POINT('',(0.136048304314,2.896877709637));
#636 = CARTESIAN_POINT('',(0.167020180218,2.957122438236));
#637 = CARTESIAN_POINT('',(0.209284476429,3.059362326287));
#638 = CARTESIAN_POINT('',(0.222280602758,3.09396091589));
#639 = CARTESIAN_POINT('',(0.234871932352,3.13057909955));
#640 = CARTESIAN_POINT('',(0.247053493786,3.169052456974));
#641 = CARTESIAN_POINT('',(0.258821088822,3.209226506232));
#642 = CARTESIAN_POINT('',(0.278731377813,3.282426864684));
#643 = CARTESIAN_POINT('',(0.287055591959,3.314788203188));
#644 = CARTESIAN_POINT('',(0.295144132679,3.347984460681));
#645 = CARTESIAN_POINT('',(0.30299722231,3.381964878049));
#646 = CARTESIAN_POINT('',(0.310615251322,3.416683652847));
#647 = CARTESIAN_POINT('',(0.341756714681,3.566058739747));
#648 = CARTESIAN_POINT('',(0.363100157658,3.687303665701));
#649 = CARTESIAN_POINT('',(0.382026615788,3.814423370472));
#650 = CARTESIAN_POINT('',(0.398525669121,3.946354171967));
#651 = CARTESIAN_POINT('',(0.412574992966,4.082281540824));
#652 = CARTESIAN_POINT('',(0.434531864159,4.346757981971));
#653 = CARTESIAN_POINT('',(0.442913523336,4.474640518905));
#654 = CARTESIAN_POINT('',(0.449235670031,4.604471868032));
#655 = CARTESIAN_POINT('',(0.453466572948,4.735596600348));
#656 = CARTESIAN_POINT('',(0.455588647552,4.867394028825));
#657 = CARTESIAN_POINT('',(0.455608632814,5.130980937885));
#658 = CARTESIAN_POINT('',(0.453510605624,5.262656445366));
#659 = CARTESIAN_POINT('',(0.449307698216,5.393665808394));
#660 = CARTESIAN_POINT('',(0.443017369568,5.523390056952));
#661 = CARTESIAN_POINT('',(0.434671177221,5.651175964817));
#662 = CARTESIAN_POINT('',(0.415271608774,5.88556957944));
#663 = CARTESIAN_POINT('',(0.4046955999,5.99281136285));
#664 = CARTESIAN_POINT('',(0.392605004732,6.097696280913));
#665 = CARTESIAN_POINT('',(0.37901373101,6.199831741149));
#666 = CARTESIAN_POINT('',(0.363931715295,6.298744104198));
#667 = CARTESIAN_POINT('',(0.342195041231,6.423536382555));
#668 = CARTESIAN_POINT('',(0.336879421949,6.452853193183));
#669 = CARTESIAN_POINT('',(0.331418594618,6.481786015786));
#670 = CARTESIAN_POINT('',(0.325812434744,6.510316929628));
#671 = CARTESIAN_POINT('',(0.320060764648,6.538426668193));
#672 = CARTESIAN_POINT('',(0.30651978689,6.601954731084));
#673 = CARTESIAN_POINT('',(0.298631501592,6.637072283167));
#674 = CARTESIAN_POINT('',(0.290497870893,6.671402645424));
#675 = CARTESIAN_POINT('',(0.282118511927,6.704895615478));
#676 = CARTESIAN_POINT('',(0.273493285635,6.737495418577));
#677 = CARTESIAN_POINT('',(0.25239893988,6.812744827374));
#678 = CARTESIAN_POINT('',(0.239704740231,6.854551960958));
#679 = CARTESIAN_POINT('',(0.226545061518,6.894379341579));
#680 = CARTESIAN_POINT('',(0.212926566855,6.93203422381));
#681 = CARTESIAN_POINT('',(0.19885702169,6.967313047215));
#682 = CARTESIAN_POINT('',(0.184345096722,7.0000006));
#683 = ( GEOMETRIC_REPRESENTATION_CONTEXT(2) 
PARAMETRIC_REPRESENTATION_CONTEXT() REPRESENTATION_CONTEXT('2D SPACE',''
  ) );
#684 = ORIENTED_EDGE('',*,*,#685,.T.);
#685 = EDGE_CURVE('',#516,#686,#688,.T.);
#686 = VERTEX_POINT('',#687);
#687 = CARTESIAN_POINT('',(7.947326594522,0.916515138991,7.));
#688 = SURFACE_CURVE('',#689,(#693,#699),.PCURVE_S1.);
#689 = LINE('',#690,#691);
#690 = CARTESIAN_POINT('',(-13.,0.916515138991,7.));
#691 = VECTOR('',#692,1.);
#692 = DIRECTION('',(1.,0.,2.22044604925E-16));
#693 = PCURVE('',#278,#694);
#694 = DEFINITIONAL_REPRESENTATION('',(#695),#698);
#695 = B_SPLINE_CURVE_WITH_KNOTS('',1,(#696,#697),.UNSPECIFIED.,.F.,.F.,
  (2,2),(17.915282290978,20.947326594522),.PIECEWISE_BEZIER_KNOTS.);
#696 = CARTESIAN_POINT('',(8.995078294618,17.915282290978));
#697 = CARTESIAN_POINT('',(8.995078294618,20.947326594522));
#698 = ( GEOMETRIC_REPRESENTATION_CONTEXT(2) 
PARAMETRIC_REPRESENTATION_CONTEXT() REPRESENTATION_CONTEXT('2D SPACE',''
  ) );
#699 = PCURVE('',#700,#705);
#700 = PLANE('',#701);
#701 = AXIS2_PLACEMENT_3D('',#702,#703,#704);
#702 = CARTESIAN_POINT('',(0.,0.,7.));
#703 = DIRECTION('',(0.,0.,1.));
#704 = DIRECTION('',(1.,0.,-0.));
#705 = DEFINITIONAL_REPRESENTATION('',(#706),#709);
#706 = B_SPLINE_CURVE_WITH_KNOTS('',1,(#707,#708),.UNSPECIFIED.,.F.,.F.,
  (2,2),(3.4,22.6),.PIECEWISE_BEZIER_KNOTS.);
#707 = CARTESIAN_POINT('',(-9.6,0.916515138991));
#708 = CARTESIAN_POINT('',(9.6,0.916515138991));
#709 = ( GEOMETRIC_REPRESENTATION_CONTEXT(2) 
PARAMETRIC_REPRESENTATION_CONTEXT() REPRESENTATION_CONTEXT('2D SPACE',''
  ) );
#710 = ORIENTED_EDGE('',*,*,#711,.F.);
#711 = EDGE_CURVE('',#712,#686,#714,.T.);
#712 = VERTEX_POINT('',#713);
#713 = CARTESIAN_POINT('',(8.,-1.24913973513E-15,2.8));
#714 = SURFACE_CURVE('',#715,(#748,#784),.PCURVE_S1.);
#715 = B_SPLINE_CURVE_WITH_KNOTS('',7,(#716,#717,#718,#719,#720,#721,
    #722,#723,#724,#725,#726,#727,#728,#729,#730,#731,#732,#733,#734,
    #735,#736,#737,#738,#739,#740,#741,#742,#743,#744,#745,#746,#747),
  .UNSPECIFIED.,.F.,.F.,(8,6,6,6,6,8),(0.,0.255327706523,0.566068441741,
    0.719523700202,0.829814189166,1.),.UNSPECIFIED.);
#716 = CARTESIAN_POINT('',(8.,-2.694222958124E-16,2.8));
#717 = CARTESIAN_POINT('',(8.,0.269396911235,2.8));
#718 = CARTESIAN_POINT('',(7.989415771039,0.53193489113,2.838486185201)
  );
#719 = CARTESIAN_POINT('',(7.969220453651,0.781203269592,2.911933814737)
  );
#720 = CARTESIAN_POINT('',(7.941759168787,1.011755615919,3.015686935856)
  );
#721 = CARTESIAN_POINT('',(7.910273451638,1.219255474966,3.143920946924)
  );
#722 = CARTESIAN_POINT('',(7.877977039375,1.400849021278,3.289579184057)
  );
#723 = CARTESIAN_POINT('',(7.809948643642,1.744013548543,3.632743711322)
  );
#724 = CARTESIAN_POINT('',(7.773862932155,1.898385610835,3.84034126176)
  );
#725 = CARTESIAN_POINT('',(7.742244298218,2.019989557519,4.060887295924)
  );
#726 = CARTESIAN_POINT('',(7.717244219576,2.110182733215,4.290084230972)
  );
#727 = CARTESIAN_POINT('',(7.700133308936,2.170004564953,4.524720054898)
  );
#728 = CARTESIAN_POINT('',(7.691553809212,2.2,4.762167561274));
#729 = CARTESIAN_POINT('',(7.691553809212,2.2,5.117450447331));
#730 = CARTESIAN_POINT('',(7.693646299071,2.192684703558,5.234888624583)
  );
#731 = CARTESIAN_POINT('',(7.697830087665,2.178056784572,5.351981828892)
  );
#732 = CARTESIAN_POINT('',(7.704065767787,2.156090110873,5.468394340164)
  );
#733 = CARTESIAN_POINT('',(7.712273661439,2.126731845183,5.583774504866)
  );
#734 = CARTESIAN_POINT('',(7.722331765123,2.089904546079,5.697741819804)
  );
#735 = CARTESIAN_POINT('',(7.742512788152,2.013600029632,5.890465028952)
  );
#736 = CARTESIAN_POINT('',(7.751821358679,1.97778303243,5.970106133072)
  );
#737 = CARTESIAN_POINT('',(7.76193925319,1.938013346181,6.048656080931)
  );
#738 = CARTESIAN_POINT('',(7.772794047554,1.894241456314,6.125953305272)
  );
#739 = CARTESIAN_POINT('',(7.784300119851,1.846412615286,6.201815316644)
  );
#740 = CARTESIAN_POINT('',(7.796357723203,1.794467193,6.276038101121));
#741 = CARTESIAN_POINT('',(7.828131677537,1.651734492784,6.460047989462)
  );
#742 = CARTESIAN_POINT('',(7.848483232948,1.55502961203,6.567442960731)
  );
#743 = CARTESIAN_POINT('',(7.869464496039,1.448047763429,6.66956861021)
  );
#744 = CARTESIAN_POINT('',(7.890532870504,1.330666695802,6.765281263086)
  );
#745 = CARTESIAN_POINT('',(7.91103806772,1.202853809336,6.853282362536)
  );
#746 = CARTESIAN_POINT('',(7.930236407657,1.064708537467,6.93208937078)
  );
#747 = CARTESIAN_POINT('',(7.947326745523,0.916513829622,7.000000600014)
  );
#748 = PCURVE('',#278,#749);
#749 = DEFINITIONAL_REPRESENTATION('',(#750),#783);
#750 = B_SPLINE_CURVE_WITH_KNOTS('',7,(#751,#752,#753,#754,#755,#756,
    #757,#758,#759,#760,#761,#762,#763,#764,#765,#766,#767,#768,#769,
    #770,#771,#772,#773,#774,#775,#776,#777,#778,#779,#780,#781,#782),
  .UNSPECIFIED.,.F.,.F.,(8,6,6,6,6,8),(0.,0.255327706523,0.566068441741,
    0.719523700202,0.829814189166,0.999999785191),.UNSPECIFIED.);
#751 = CARTESIAN_POINT('',(6.28318530718,21.));
#752 = CARTESIAN_POINT('',(6.40563844865,21.));
#753 = CARTESIAN_POINT('',(6.524973796674,20.989415771039));
#754 = CARTESIAN_POINT('',(6.641277051275,20.969220453651));
#755 = CARTESIAN_POINT('',(6.754383151455,20.941759168787));
#756 = CARTESIAN_POINT('',(6.863900553878,20.910273451638));
#757 = CARTESIAN_POINT('',(6.969083327272,20.877977039375));
#758 = CARTESIAN_POINT('',(7.189677840264,20.809948643642));
#759 = CARTESIAN_POINT('',(7.306019508672,20.773862932155));
#760 = CARTESIAN_POINT('',(7.41888945116,20.742244298218));
#761 = CARTESIAN_POINT('',(7.529228066621,20.717244219576));
#762 = CARTESIAN_POINT('',(7.637945561208,20.700133308936));
#763 = CARTESIAN_POINT('',(7.745875980008,20.691553809212));
#764 = CARTESIAN_POINT('',(7.907368200943,20.691553809212));
#765 = CARTESIAN_POINT('',(7.960749117517,20.693646299071));
#766 = CARTESIAN_POINT('',(8.014221931319,20.697830087665));
#767 = CARTESIAN_POINT('',(8.067882136933,20.704065767787));
#768 = CARTESIAN_POINT('',(8.121826104354,20.712273661439));
#769 = CARTESIAN_POINT('',(8.176154007449,20.722331765123));
#770 = CARTESIAN_POINT('',(8.27037176842,20.742512788152));
#771 = CARTESIAN_POINT('',(8.310023329598,20.751821358679));
#772 = CARTESIAN_POINT('',(8.349975155,20.76193925319));
#773 = CARTESIAN_POINT('',(8.390272755318,20.772794047554));
#774 = CARTESIAN_POINT('',(8.430961999737,20.784300119851));
#775 = CARTESIAN_POINT('',(8.472091682794,20.796357723203));
#776 = CARTESIAN_POINT('',(8.577945335519,20.828131653203));
#777 = CARTESIAN_POINT('',(8.643458918887,20.848483181573));
#778 = CARTESIAN_POINT('',(8.710375294907,20.869464416591));
#779 = CARTESIAN_POINT('',(8.778829878772,20.890532764134));
#780 = CARTESIAN_POINT('',(8.848973127896,20.911037938312));
#781 = CARTESIAN_POINT('',(8.920981072277,20.930236262263));
#782 = CARTESIAN_POINT('',(8.995078294621,20.947326594523));
#783 = ( GEOMETRIC_REPRESENTATION_CONTEXT(2) 
PARAMETRIC_REPRESENTATION_CONTEXT() REPRESENTATION_CONTEXT('2D SPACE',''
  ) );
#784 = PCURVE('',#251,#785);
#785 = DEFINITIONAL_REPRESENTATION('',(#786),#819);
#786 = B_SPLINE_CURVE_WITH_KNOTS('',7,(#787,#788,#789,#790,#791,#792,
    #793,#794,#795,#796,#797,#798,#799,#800,#801,#802,#803,#804,#805,
    #806,#807,#808,#809,#810,#811,#812,#813,#814,#815,#816,#817,#818),
  .UNSPECIFIED.,.F.,.F.,(8,6,6,6,6,8),(0.,0.255327706523,0.566068441741,
    0.719523700202,0.829814189166,1.),.UNSPECIFIED.);
#787 = CARTESIAN_POINT('',(0.,2.8));
#788 = CARTESIAN_POINT('',(3.367461390437E-02,2.8));
#789 = CARTESIAN_POINT('',(6.64919044378E-02,2.838486185201));
#790 = CARTESIAN_POINT('',(9.771259010445E-02,2.911933814737));
#791 = CARTESIAN_POINT('',(0.126705107606,3.015686935856));
#792 = CARTESIAN_POINT('',(0.152925526445,3.143920946924));
#793 = CARTESIAN_POINT('',(0.175976414494,3.289579184057));
#794 = CARTESIAN_POINT('',(0.219706723527,3.632743711322));
#795 = CARTESIAN_POINT('',(0.239512019313,3.84034126176));
#796 = CARTESIAN_POINT('',(0.25521350394,4.060887295924));
#797 = CARTESIAN_POINT('',(0.266912297885,4.290084230972));
#798 = CARTESIAN_POINT('',(0.274689916553,4.524720054898));
#799 = CARTESIAN_POINT('',(0.278589702392,4.762167561274));
#800 = CARTESIAN_POINT('',(0.278589702392,5.117450447331));
#801 = CARTESIAN_POINT('',(0.277638632064,5.234888624583));
#802 = CARTESIAN_POINT('',(0.275736795669,5.351981828892));
#803 = CARTESIAN_POINT('',(0.272882476889,5.468394340164));
#804 = CARTESIAN_POINT('',(0.269072066912,5.583774504866));
#805 = CARTESIAN_POINT('',(0.26430019252,5.697741819804));
#806 = CARTESIAN_POINT('',(0.254434173723,5.890465028952));
#807 = CARTESIAN_POINT('',(0.249808363396,5.970106133072));
#808 = CARTESIAN_POINT('',(0.244678900768,6.048656080931));
#809 = CARTESIAN_POINT('',(0.239041890655,6.125953305272));
#810 = CARTESIAN_POINT('',(0.23289301151,6.201815316644));
#811 = CARTESIAN_POINT('',(0.226227471817,6.276038101121));
#812 = CARTESIAN_POINT('',(0.207949151374,6.460047989462));
#813 = CARTESIAN_POINT('',(0.195597095773,6.567442960748));
#814 = CARTESIAN_POINT('',(0.181971747774,6.669568610186));
#815 = CARTESIAN_POINT('',(0.16706851086,6.765281263076));
#816 = CARTESIAN_POINT('',(0.1508928285,6.853282362572));
#817 = CARTESIAN_POINT('',(0.133463443061,6.932089370766));
#818 = CARTESIAN_POINT('',(0.114816329057,7.0000006));
#819 = ( GEOMETRIC_REPRESENTATION_CONTEXT(2) 
PARAMETRIC_REPRESENTATION_CONTEXT() REPRESENTATION_CONTEXT('2D SPACE',''
  ) );
#820 = ORIENTED_EDGE('',*,*,#821,.F.);
#821 = EDGE_CURVE('',#230,#712,#822,.T.);
#822 = SURFACE_CURVE('',#823,(#856,#892),.PCURVE_S1.);
#823 = B_SPLINE_CURVE_WITH_KNOTS('',7,(#824,#825,#826,#827,#828,#829,
    #830,#831,#832,#833,#834,#835,#836,#837,#838,#839,#840,#841,#842,
    #843,#844,#845,#846,#847,#848,#849,#850,#851,#852,#853,#854,#855),
  .UNSPECIFIED.,.F.,.F.,(8,6,6,6,6,8),(0.,0.100699174849,0.236996623973,
    0.43404029264,0.744778329181,1.),.UNSPECIFIED.);
#824 = CARTESIAN_POINT('',(7.947326745465,-0.916513830129,7.000000599898
    ));
#825 = CARTESIAN_POINT('',(7.937229242895,-1.004071867549,6.959876535813
    ));
#826 = CARTESIAN_POINT('',(7.926387313748,-1.088195839655,6.915915100529
    ));
#827 = CARTESIAN_POINT('',(7.914966620773,-1.168794642693,6.868465538987
    ));
#828 = CARTESIAN_POINT('',(7.90312844472,-1.245799709523,6.817861618216)
  );
#829 = CARTESIAN_POINT('',(7.89102674334,-1.319164115959,6.764422348812)
  );
#830 = CARTESIAN_POINT('',(7.878805210383,-1.388861687108,6.708452706415
    ));
#831 = CARTESIAN_POINT('',(7.850066778914,-1.54425088328,6.571458702017)
  );
#832 = CARTESIAN_POINT('',(7.833546484803,-1.626952498927,6.488513296492
    ));
#833 = CARTESIAN_POINT('',(7.817334203982,-1.703087541772,6.402004168555
    ));
#834 = CARTESIAN_POINT('',(7.801687090282,-1.772770373287,6.312439641555
    ));
#835 = CARTESIAN_POINT('',(7.78682273478,-1.83612210703,6.220252916944)
  );
#836 = CARTESIAN_POINT('',(7.772923200929,-1.893259590366,6.125814660969
    ));
#837 = CARTESIAN_POINT('',(7.741657172395,-2.01805035194,5.890125925884)
  );
#838 = CARTESIAN_POINT('',(7.725502354815,-2.079058244087,5.746738433611
    ));
#839 = CARTESIAN_POINT('',(7.71213999457,-2.127576736136,5.60030106905)
  );
#840 = CARTESIAN_POINT('',(7.701902434798,-2.163819352002,5.451675771421
    ));
#841 = CARTESIAN_POINT('',(7.695004598441,-2.187935552559,5.301619099436
    ));
#842 = CARTESIAN_POINT('',(7.691553809212,-2.2,5.150830755592));
#843 = CARTESIAN_POINT('',(7.691553809212,-2.2,4.762139767495));
#844 = CARTESIAN_POINT('',(7.700135280707,-2.169997640315,4.52469193036)
  );
#845 = CARTESIAN_POINT('',(7.717246742656,-2.110174014626,4.290070429472
    ));
#846 = CARTESIAN_POINT('',(7.742244642694,-2.019986874158,4.06088991937)
  );
#847 = CARTESIAN_POINT('',(7.773861204192,-1.898391793866,3.840352381369
    ));
#848 = CARTESIAN_POINT('',(7.809946937698,-1.744022154055,3.632752316834
    ));
#849 = CARTESIAN_POINT('',(7.87796596386,-1.400904890943,3.289635053723)
  );
#850 = CARTESIAN_POINT('',(7.910266630955,-1.219303334327,3.143942834107
    ));
#851 = CARTESIAN_POINT('',(7.941764513191,-1.011745343193,3.015660577834
    ));
#852 = CARTESIAN_POINT('',(7.969233681646,-0.781117838064,2.911885825745
    ));
#853 = CARTESIAN_POINT('',(7.989424856167,-0.531800007962,2.838453116012
    ));
#854 = CARTESIAN_POINT('',(8.,-0.269281181283,2.8));
#855 = CARTESIAN_POINT('',(8.,-1.33226762955E-15,2.8));
#856 = PCURVE('',#278,#857);
#857 = DEFINITIONAL_REPRESENTATION('',(#858),#891);
#858 = B_SPLINE_CURVE_WITH_KNOTS('',7,(#859,#860,#861,#862,#863,#864,
    #865,#866,#867,#868,#869,#870,#871,#872,#873,#874,#875,#876,#877,
    #878,#879,#880,#881,#882,#883,#884,#885,#886,#887,#888,#889,#890),
  .UNSPECIFIED.,.F.,.F.,(8,6,6,6,6,8),(2.150495814924E-07,0.100699174849
    ,0.236996623973,0.43404029264,0.744778329181,1.),.UNSPECIFIED.);
#859 = CARTESIAN_POINT('',(3.57129231976,20.947326594518));
#860 = CARTESIAN_POINT('',(3.615071222978,20.937229103973));
#861 = CARTESIAN_POINT('',(3.658157812472,20.926387191799));
#862 = CARTESIAN_POINT('',(3.700585095115,20.914966519648));
#863 = CARTESIAN_POINT('',(3.74237944069,20.903128367188));
#864 = CARTESIAN_POINT('',(3.783562008912,20.89102669114));
#865 = CARTESIAN_POINT('',(3.824150176443,20.878805184306));
#866 = CARTESIAN_POINT('',(3.91831141679,20.850066778914));
#867 = CARTESIAN_POINT('',(3.971442649905,20.833546484803));
#868 = CARTESIAN_POINT('',(4.023664835606,20.817334203982));
#869 = CARTESIAN_POINT('',(4.075080850965,20.801687090282));
#870 = CARTESIAN_POINT('',(4.125787177899,20.78682273478));
#871 = CARTESIAN_POINT('',(4.175876803284,20.772923200929));
#872 = CARTESIAN_POINT('',(4.297098131171,20.741657172395));
#873 = CARTESIAN_POINT('',(4.367674763088,20.725502354815));
#874 = CARTESIAN_POINT('',(4.437420550586,20.71213999457));
#875 = CARTESIAN_POINT('',(4.506555739893,20.701902434798));
#876 = CARTESIAN_POINT('',(4.575289271107,20.695004598441));
#877 = CARTESIAN_POINT('',(4.643829546025,20.691553809212));
#878 = CARTESIAN_POINT('',(4.820507267887,20.691553809212));
#879 = CARTESIAN_POINT('',(4.928437805648,20.700135280707));
#880 = CARTESIAN_POINT('',(5.037149587369,20.717246742656));
#881 = CARTESIAN_POINT('',(5.147480737336,20.742244642694));
#882 = CARTESIAN_POINT('',(5.260345555966,20.773861204192));
#883 = CARTESIAN_POINT('',(5.376687242262,20.809946937698));
#884 = CARTESIAN_POINT('',(5.597251372706,20.87796596386));
#885 = CARTESIAN_POINT('',(5.70244765312,20.910266630955));
#886 = CARTESIAN_POINT('',(5.811997447043,20.941764513191));
#887 = CARTESIAN_POINT('',(5.925136209781,20.969233681646));
#888 = CARTESIAN_POINT('',(6.041458139198,20.989424856167));
#889 = CARTESIAN_POINT('',(6.160784770233,21.));
#890 = CARTESIAN_POINT('',(6.28318530718,21.));
#891 = ( GEOMETRIC_REPRESENTATION_CONTEXT(2) 
PARAMETRIC_REPRESENTATION_CONTEXT() REPRESENTATION_CONTEXT('2D SPACE',''
  ) );
#892 = PCURVE('',#251,#893);
#893 = DEFINITIONAL_REPRESENTATION('',(#894),#927);
#894 = B_SPLINE_CURVE_WITH_KNOTS('',7,(#895,#896,#897,#898,#899,#900,
    #901,#902,#903,#904,#905,#906,#907,#908,#909,#910,#911,#912,#913,
    #914,#915,#916,#917,#918,#919,#920,#921,#922,#923,#924,#925,#926),
  .UNSPECIFIED.,.F.,.F.,(8,6,6,6,6,8),(0.,0.100699174849,0.236996623973,
    0.43404029264,0.744778329181,1.),.UNSPECIFIED.);
#895 = CARTESIAN_POINT('',(6.168368978058,7.0000006));
#896 = CARTESIAN_POINT('',(6.157351683788,6.959876535916));
#897 = CARTESIAN_POINT('',(6.14675016312,6.915915100462));
#898 = CARTESIAN_POINT('',(6.136575907852,6.868465538898));
#899 = CARTESIAN_POINT('',(6.126838312707,6.817861618225));
#900 = CARTESIAN_POINT('',(6.117544622381,6.76442234888));
#901 = CARTESIAN_POINT('',(6.108699878588,6.708452706415));
#902 = CARTESIAN_POINT('',(6.088946833043,6.571458702017));
#903 = CARTESIAN_POINT('',(6.078405958143,6.488513296492));
#904 = CARTESIAN_POINT('',(6.068676859394,6.402004168555));
#905 = CARTESIAN_POINT('',(6.059750428292,6.312439641555));
#906 = CARTESIAN_POINT('',(6.051616836951,6.220252916944));
#907 = CARTESIAN_POINT('',(6.044266544212,6.125814660969));
#908 = CARTESIAN_POINT('',(6.028185548677,5.890125925884));
#909 = CARTESIAN_POINT('',(6.020297432876,5.746738433611));
#910 = CARTESIAN_POINT('',(6.014007123485,5.60030106905));
#911 = CARTESIAN_POINT('',(6.009299544542,5.451675771421));
#912 = CARTESIAN_POINT('',(6.006164138913,5.301619099436));
#913 = CARTESIAN_POINT('',(6.004595604788,5.150830755592));
#914 = CARTESIAN_POINT('',(6.004595604788,4.762139767495));
#915 = CARTESIAN_POINT('',(6.008496290551,4.52469193036));
#916 = CARTESIAN_POINT('',(6.016274144042,4.290070429472));
#917 = CARTESIAN_POINT('',(6.027972136942,4.06088991937));
#918 = CARTESIAN_POINT('',(6.043672487879,3.840352381369));
#919 = CARTESIAN_POINT('',(6.063477487031,3.632752316834));
#920 = CARTESIAN_POINT('',(6.107201773075,3.289635053723));
#921 = CARTESIAN_POINT('',(6.130253745698,3.143942834107));
#922 = CARTESIAN_POINT('',(6.156481579991,3.015660577834));
#923 = CARTESIAN_POINT('',(6.185483481387,2.911885825745));
#924 = CARTESIAN_POINT('',(6.216710261881,2.838453116012));
#925 = CARTESIAN_POINT('',(6.249525159519,2.8));
#926 = CARTESIAN_POINT('',(6.28318530718,2.8));
#927 = ( GEOMETRIC_REPRESENTATION_CONTEXT(2) 
PARAMETRIC_REPRESENTATION_CONTEXT() REPRESENTATION_CONTEXT('2D SPACE',''
  ) );
#928 = ORIENTED_EDGE('',*,*,#263,.F.);
#929 = ADVANCED_FACE('',(#930),#700,.T.);
#930 = FACE_BOUND('',#931,.T.);
#931 = EDGE_LOOP('',(#932,#933,#957,#978));
#932 = ORIENTED_EDGE('',*,*,#685,.T.);
#933 = ORIENTED_EDGE('',*,*,#934,.T.);
#934 = EDGE_CURVE('',#686,#935,#937,.T.);
#935 = VERTEX_POINT('',#936);
#936 = CARTESIAN_POINT('',(-7.947326594522,0.916515138991,7.));
#937 = SURFACE_CURVE('',#938,(#943,#950),.PCURVE_S1.);
#938 = CIRCLE('',#939,8.);
#939 = AXIS2_PLACEMENT_3D('',#940,#941,#942);
#940 = CARTESIAN_POINT('',(0.,0.,7.));
#941 = DIRECTION('',(0.,0.,1.));
#942 = DIRECTION('',(1.,0.,-0.));
#943 = PCURVE('',#700,#944);
#944 = DEFINITIONAL_REPRESENTATION('',(#945),#949);
#945 = CIRCLE('',#946,8.);
#946 = AXIS2_PLACEMENT_2D('',#947,#948);
#947 = CARTESIAN_POINT('',(0.,0.));
#948 = DIRECTION('',(1.,0.));
#949 = ( GEOMETRIC_REPRESENTATION_CONTEXT(2) 
PARAMETRIC_REPRESENTATION_CONTEXT() REPRESENTATION_CONTEXT('2D SPACE',''
  ) );
#950 = PCURVE('',#251,#951);
#951 = DEFINITIONAL_REPRESENTATION('',(#952),#956);
#952 = LINE('',#953,#954);
#953 = CARTESIAN_POINT('',(0.,7.));
#954 = VECTOR('',#955,1.);
#955 = DIRECTION('',(1.,0.));
#956 = ( GEOMETRIC_REPRESENTATION_CONTEXT(2) 
PARAMETRIC_REPRESENTATION_CONTEXT() REPRESENTATION_CONTEXT('2D SPACE',''
  ) );
#957 = ORIENTED_EDGE('',*,*,#958,.T.);
#958 = EDGE_CURVE('',#935,#959,#961,.T.);
#959 = VERTEX_POINT('',#960);
#960 = CARTESIAN_POINT('',(-4.915282290978,0.916515138991,7.));
#961 = SURFACE_CURVE('',#962,(#966,#972),.PCURVE_S1.);
#962 = LINE('',#963,#964);
#963 = CARTESIAN_POINT('',(-13.,0.916515138991,7.));
#964 = VECTOR('',#965,1.);
#965 = DIRECTION('',(1.,0.,2.22044604925E-16));
#966 = PCURVE('',#700,#967);
#967 = DEFINITIONAL_REPRESENTATION('',(#968),#971);
#968 = B_SPLINE_CURVE_WITH_KNOTS('',1,(#969,#970),.UNSPECIFIED.,.F.,.F.,
  (2,2),(3.4,22.6),.PIECEWISE_BEZIER_KNOTS.);
#969 = CARTESIAN_POINT('',(-9.6,0.916515138991));
#970 = CARTESIAN_POINT('',(9.6,0.916515138991));
#971 = ( GEOMETRIC_REPRESENTATION_CONTEXT(2) 
PARAMETRIC_REPRESENTATION_CONTEXT() REPRESENTATION_CONTEXT('2D SPACE',''
  ) );
#972 = PCURVE('',#331,#973);
#973 = DEFINITIONAL_REPRESENTATION('',(#974),#977);
#974 = B_SPLINE_CURVE_WITH_KNOTS('',1,(#975,#976),.UNSPECIFIED.,.F.,.F.,
  (2,2),(5.052673405478,8.084717709022),.PIECEWISE_BEZIER_KNOTS.);
#975 = CARTESIAN_POINT('',(8.995078294618,5.052673405478));
#976 = CARTESIAN_POINT('',(8.995078294618,8.084717709022));
#977 = ( GEOMETRIC_REPRESENTATION_CONTEXT(2) 
PARAMETRIC_REPRESENTATION_CONTEXT() REPRESENTATION_CONTEXT('2D SPACE',''
  ) );
#978 = ORIENTED_EDGE('',*,*,#979,.F.);
#979 = EDGE_CURVE('',#516,#959,#980,.T.);
#980 = SURFACE_CURVE('',#981,(#986,#993),.PCURVE_S1.);
#981 = CIRCLE('',#982,5.);
#982 = AXIS2_PLACEMENT_3D('',#983,#984,#985);
#983 = CARTESIAN_POINT('',(0.,0.,7.));
#984 = DIRECTION('',(0.,0.,1.));
#985 = DIRECTION('',(1.,0.,-0.));
#986 = PCURVE('',#700,#987);
#987 = DEFINITIONAL_REPRESENTATION('',(#988),#992);
#988 = CIRCLE('',#989,5.);
#989 = AXIS2_PLACEMENT_2D('',#990,#991);
#990 = CARTESIAN_POINT('',(0.,0.));
#991 = DIRECTION('',(1.,0.));
#992 = ( GEOMETRIC_REPRESENTATION_CONTEXT(2) 
PARAMETRIC_REPRESENTATION_CONTEXT() REPRESENTATION_CONTEXT('2D SPACE',''
  ) );
#993 = PCURVE('',#306,#994);
#994 = DEFINITIONAL_REPRESENTATION('',(#995),#999);
#995 = LINE('',#996,#997);
#996 = CARTESIAN_POINT('',(0.,7.));
#997 = VECTOR('',#998,1.);
#998 = DIRECTION('',(1.,0.));
#999 = ( GEOMETRIC_REPRESENTATION_CONTEXT(2) 
PARAMETRIC_REPRESENTATION_CONTEXT() REPRESENTATION_CONTEXT('2D SPACE',''
  ) );
#1000 = ADVANCED_FACE('',(#1001),#306,.F.);
#1001 = FACE_BOUND('',#1002,.F.);
#1002 = EDGE_LOOP('',(#1003,#1004,#1005,#1028,#1055,#1056,#1057,#1058));
#1003 = ORIENTED_EDGE('',*,*,#979,.F.);
#1004 = ORIENTED_EDGE('',*,*,#515,.F.);
#1005 = ORIENTED_EDGE('',*,*,#1006,.F.);
#1006 = EDGE_CURVE('',#1007,#346,#1009,.T.);
#1007 = VERTEX_POINT('',#1008);
#1008 = CARTESIAN_POINT('',(5.,-1.224646799147E-15,0.));
#1009 = SEAM_CURVE('',#1010,(#1014,#1021),.PCURVE_S1.);
#1010 = LINE('',#1011,#1012);
#1011 = CARTESIAN_POINT('',(5.,-1.224646799147E-15,0.));
#1012 = VECTOR('',#1013,1.);
#1013 = DIRECTION('',(0.,0.,1.));
#1014 = PCURVE('',#306,#1015);
#1015 = DEFINITIONAL_REPRESENTATION('',(#1016),#1020);
#1016 = LINE('',#1017,#1018);
#1017 = CARTESIAN_POINT('',(0.,-0.));
#1018 = VECTOR('',#1019,1.);
#1019 = DIRECTION('',(0.,1.));
#1020 = ( GEOMETRIC_REPRESENTATION_CONTEXT(2) 
PARAMETRIC_REPRESENTATION_CONTEXT() REPRESENTATION_CONTEXT('2D SPACE',''
  ) );
#1021 = PCURVE('',#306,#1022);
#1022 = DEFINITIONAL_REPRESENTATION('',(#1023),#1027);
#1023 = LINE('',#1024,#1025);
#1024 = CARTESIAN_POINT('',(6.28318530718,-0.));
#1025 = VECTOR('',#1026,1.);
#1026 = DIRECTION('',(0.,1.));
#1027 = ( GEOMETRIC_REPRESENTATION_CONTEXT(2) 
PARAMETRIC_REPRESENTATION_CONTEXT() REPRESENTATION_CONTEXT('2D SPACE',''
  ) );
#1028 = ORIENTED_EDGE('',*,*,#1029,.T.);
#1029 = EDGE_CURVE('',#1007,#1007,#1030,.T.);
#1030 = SURFACE_CURVE('',#1031,(#1036,#1043),.PCURVE_S1.);
#1031 = CIRCLE('',#1032,5.);
#1032 = AXIS2_PLACEMENT_3D('',#1033,#1034,#1035);
#1033 = CARTESIAN_POINT('',(0.,0.,0.));
#1034 = DIRECTION('',(0.,0.,1.));
#1035 = DIRECTION('',(1.,0.,-0.));
#1036 = PCURVE('',#306,#1037);
#1037 = DEFINITIONAL_REPRESENTATION('',(#1038),#1042);
#1038 = LINE('',#1039,#1040);
#1039 = CARTESIAN_POINT('',(0.,0.));
#1040 = VECTOR('',#1041,1.);
#1041 = DIRECTION('',(1.,0.));
#1042 = ( GEOMETRIC_REPRESENTATION_CONTEXT(2) 
PARAMETRIC_REPRESENTATION_CONTEXT() REPRESENTATION_CONTEXT('2D SPACE',''
  ) );
#1043 = PCURVE('',#1044,#1049);
#1044 = PLANE('',#1045);
#1045 = AXIS2_PLACEMENT_3D('',#1046,#1047,#1048);
#1046 = CARTESIAN_POINT('',(0.,0.,0.));
#1047 = DIRECTION('',(0.,0.,1.));
#1048 = DIRECTION('',(1.,0.,-0.));
#1049 = DEFINITIONAL_REPRESENTATION('',(#1050),#1054);
#1050 = CIRCLE('',#1051,5.);
#1051 = AXIS2_PLACEMENT_2D('',#1052,#1053);
#1052 = CARTESIAN_POINT('',(0.,0.));
#1053 = DIRECTION('',(1.,0.));
#1054 = ( GEOMETRIC_REPRESENTATION_CONTEXT(2) 
PARAMETRIC_REPRESENTATION_CONTEXT() REPRESENTATION_CONTEXT('2D SPACE',''
  ) );
#1055 = ORIENTED_EDGE('',*,*,#1006,.T.);
#1056 = ORIENTED_EDGE('',*,*,#345,.F.);
#1057 = ORIENTED_EDGE('',*,*,#289,.F.);
#1058 = ORIENTED_EDGE('',*,*,#1059,.T.);
#1059 = EDGE_CURVE('',#290,#959,#1060,.T.);
#1060 = SURFACE_CURVE('',#1061,(#1164,#1325),.PCURVE_S1.);
#1061 = B_SPLINE_CURVE_WITH_KNOTS('',6,(#1062,#1063,#1064,#1065,#1066,
    #1067,#1068,#1069,#1070,#1071,#1072,#1073,#1074,#1075,#1076,#1077,
    #1078,#1079,#1080,#1081,#1082,#1083,#1084,#1085,#1086,#1087,#1088,
    #1089,#1090,#1091,#1092,#1093,#1094,#1095,#1096,#1097,#1098,#1099,
    #1100,#1101,#1102,#1103,#1104,#1105,#1106,#1107,#1108,#1109,#1110,
    #1111,#1112,#1113,#1114,#1115,#1116,#1117,#1118,#1119,#1120,#1121,
    #1122,#1123,#1124,#1125,#1126,#1127,#1128,#1129,#1130,#1131,#1132,
    #1133,#1134,#1135,#1136,#1137,#1138,#1139,#1140,#1141,#1142,#1143,
    #1144,#1145,#1146,#1147,#1148,#1149,#1150,#1151,#1152,#1153,#1154,
    #1155,#1156,#1157,#1158,#1159,#1160,#1161,#1162,#1163),
  .UNSPECIFIED.,.F.,.F.,(7,5,5,5,5,5,5,5,5,5,5,5,5,5,5,5,5,5,5,5,7),(
    2.160056149745E-07,7.129726583772E-02,0.123295526336,0.163184029925,
    0.288361248696,0.433000837665,0.57794152482,0.738004261878,
    0.787104899985,0.854105996636,1.,1.143387507251,1.209919897144,
    1.260095752776,1.421546359462,1.566715494566,1.711744665381,
    1.838377664211,1.877901153141,1.929127090939,1.999711217821),
  .UNSPECIFIED.);
#1062 = CARTESIAN_POINT('',(-4.915282290978,-0.91651513899,
    6.999999999998));
#1063 = CARTESIAN_POINT('',(-4.901851817905,-0.988542936073,
    6.966992716771));
#1064 = CARTESIAN_POINT('',(-4.887568302215,-1.058116718326,
    6.931343548724));
#1065 = CARTESIAN_POINT('',(-4.872591318001,-1.125192448797,
    6.89327400502));
#1066 = CARTESIAN_POINT('',(-4.857076293205,-1.189739047024,
    6.85299336829));
#1067 = CARTESIAN_POINT('',(-4.841172103518,-1.251737623808,
    6.81069957005));
#1068 = CARTESIAN_POINT('',(-4.813237664983,-1.354533665363,
    6.734402893804));
#1069 = CARTESIAN_POINT('',(-4.801321052282,-1.396538364948,
    6.701246292086));
#1070 = CARTESIAN_POINT('',(-4.789320087672,-1.437201770194,
    6.667174066656));
#1071 = CARTESIAN_POINT('',(-4.777282922813,-1.476532835361,
    6.632244157562));
#1072 = CARTESIAN_POINT('',(-4.765254601539,-1.514542513518,
    6.596508639214));
#1073 = CARTESIAN_POINT('',(-4.744088940685,-1.579397730354,
    6.532018020394));
#1074 = CARTESIAN_POINT('',(-4.734930799363,-1.606781383709,
    6.503575710205));
#1075 = CARTESIAN_POINT('',(-4.725821617692,-1.633400226276,
    6.474707773938));
#1076 = CARTESIAN_POINT('',(-4.716779547231,-1.659259608806,
    6.445433824325));
#1077 = CARTESIAN_POINT('',(-4.707821909302,-1.684364723131,
    6.415772102706));
#1078 = CARTESIAN_POINT('',(-4.671171250243,-1.78515368247,
    6.291491764375));
#1079 = CARTESIAN_POINT('',(-4.644361936703,-1.854233853637,
    6.193559760195));
#1080 = CARTESIAN_POINT('',(-4.619060117316,-1.916075097852,
    6.092500128892));
#1081 = CARTESIAN_POINT('',(-4.595714315218,-1.970782345162,
    5.988768247582));
#1082 = CARTESIAN_POINT('',(-4.574703291459,-2.018434552331,
    5.882742986833));
#1083 = CARTESIAN_POINT('',(-4.535122953225,-2.106018605931,
    5.649969632507));
#1084 = CARTESIAN_POINT('',(-4.517439721611,-2.143600118001,
    5.522556471954));
#1085 = CARTESIAN_POINT('',(-4.503811361638,-2.171791655991,
    5.393219809541));
#1086 = CARTESIAN_POINT('',(-4.494598188392,-2.190591680245,
    5.262607002324));
#1087 = CARTESIAN_POINT('',(-4.489988864129,-2.2,5.131331602952));
#1088 = CARTESIAN_POINT('',(-4.489988864129,-2.2,4.868395002276));
#1089 = CARTESIAN_POINT('',(-4.494617396058,-2.190552466485,
    4.736846783998));
#1090 = CARTESIAN_POINT('',(-4.503868915283,-2.171674217078,
    4.60596530326));
#1091 = CARTESIAN_POINT('',(-4.517553194994,-2.143365392041,
    4.476367758949));
#1092 = CARTESIAN_POINT('',(-4.535306992839,-2.105627435159,
    4.348705510688));
#1093 = CARTESIAN_POINT('',(-4.580126595273,-2.006415808087,
    4.085633388138));
#1094 = CARTESIAN_POINT('',(-4.607965473148,-1.942889693748,
    3.950838893779));
#1095 = CARTESIAN_POINT('',(-4.639466017783,-1.86782818046,
    3.819955130594));
#1096 = CARTESIAN_POINT('',(-4.67380734953,-1.781022993496,
    3.693774329522));
#1097 = CARTESIAN_POINT('',(-4.709978777192,-1.68220036126,
    3.573326815057));
#1098 = CARTESIAN_POINT('',(-4.758035815873,-1.537004938816,
    3.425202667998));
#1099 = CARTESIAN_POINT('',(-4.769375908407,-1.501758475755,
    3.391092513776));
#1100 = CARTESIAN_POINT('',(-4.780740127451,-1.465339082962,
    3.357681860556));
#1101 = CARTESIAN_POINT('',(-4.792091397429,-1.427737210072,
    3.325013011848));
#1102 = CARTESIAN_POINT('',(-4.803390250044,-1.388944526199,
    3.293132734236));
#1103 = CARTESIAN_POINT('',(-4.829884213363,-1.294384069548,
    3.219735455692));
#1104 = CARTESIAN_POINT('',(-4.845001673451,-1.237570843234,
    3.178932305042));
#1105 = CARTESIAN_POINT('',(-4.859835924101,-1.178511866737,
    3.139827680829));
#1106 = CARTESIAN_POINT('',(-4.874268191364,-1.117212481322,
    3.102576566452));
#1107 = CARTESIAN_POINT('',(-4.888173595172,-1.053686344311,
    3.067344587879));
#1108 = CARTESIAN_POINT('',(-4.930271932046,-0.844829137182,
    2.962373008069));
#1109 = CARTESIAN_POINT('',(-4.956272389953,-0.689943418431,
    2.900192063428));
#1110 = CARTESIAN_POINT('',(-4.9775427147,-0.525340099906,2.851039302854
    ));
#1111 = CARTESIAN_POINT('',(-4.992441085505,-0.353566079348,
    2.817179362038));
#1112 = CARTESIAN_POINT('',(-5.,-0.177469235465,2.8));
#1113 = CARTESIAN_POINT('',(-5.,0.174420268827,2.8));
#1114 = CARTESIAN_POINT('',(-4.992698584368,0.347550899518,2.81659413439
    ));
#1115 = CARTESIAN_POINT('',(-4.978298430784,0.516567785203,
    2.849321768695));
#1116 = CARTESIAN_POINT('',(-4.957706806837,0.678738782591,
    2.896877709651));
#1117 = CARTESIAN_POINT('',(-4.932470073841,0.831609531182,
    2.957122438219));
#1118 = CARTESIAN_POINT('',(-4.891338722579,1.038889487553,
    3.059362326286));
#1119 = CARTESIAN_POINT('',(-4.877634950828,1.102417817091,
    3.093960915891));
#1120 = CARTESIAN_POINT('',(-4.86339134776,1.163753511538,3.130579099552
    ));
#1121 = CARTESIAN_POINT('',(-4.848731334927,1.222880272428,
    3.169052456975));
#1122 = CARTESIAN_POINT('',(-4.8337726228,1.279790213519,3.20922650623)
  );
#1123 = CARTESIAN_POINT('',(-4.807202674858,1.375730445224,
    3.282426864684));
#1124 = CARTESIAN_POINT('',(-4.795670449788,1.415724323609,
    3.314788203188));
#1125 = CARTESIAN_POINT('',(-4.784074326542,1.454472034994,
    3.347984460681));
#1126 = CARTESIAN_POINT('',(-4.772456887916,1.491982172284,
    3.381964878049));
#1127 = CARTESIAN_POINT('',(-4.760858071857,1.528264810629,
    3.416683652847));
#1128 = CARTESIAN_POINT('',(-4.712173637001,1.676165447173,3.56605875202
    ));
#1129 = CARTESIAN_POINT('',(-4.675590112517,1.776472712132,
    3.687303644758));
#1130 = CARTESIAN_POINT('',(-4.640831390098,1.864533177322,
    3.814423371153));
#1131 = CARTESIAN_POINT('',(-4.608940125516,1.940631359425,
    3.946354193196));
#1132 = CARTESIAN_POINT('',(-4.580761920468,2.004984257133,
    4.082281526995));
#1133 = CARTESIAN_POINT('',(-4.535581940709,2.10504111849,4.346757981971
    ));
#1134 = CARTESIAN_POINT('',(-4.517743991722,2.142968758668,
    4.474640518905));
#1135 = CARTESIAN_POINT('',(-4.503987585589,2.171430960904,
    4.604471868031));
#1136 = CARTESIAN_POINT('',(-4.494679178312,2.190426359296,
    4.735596600348));
#1137 = CARTESIAN_POINT('',(-4.490010920983,2.199954984074,
    4.867394028826));
#1138 = CARTESIAN_POINT('',(-4.489966953409,2.200044717679,
    5.130980937885));
#1139 = CARTESIAN_POINT('',(-4.494582308353,2.190624067944,
    5.262656445366));
#1140 = CARTESIAN_POINT('',(-4.503829972414,2.171754779197,
    5.393665808394));
#1141 = CARTESIAN_POINT('',(-4.517519513213,2.143436981831,
    5.523390056952));
#1142 = CARTESIAN_POINT('',(-4.535286799818,2.105672133959,
    5.651175964817));
#1143 = CARTESIAN_POINT('',(-4.57522044502,2.017275947909,5.885569583545
    ));
#1144 = CARTESIAN_POINT('',(-4.596543902557,1.968883143956,
    5.992811356849));
#1145 = CARTESIAN_POINT('',(-4.620250640862,1.913265000325,
    6.097696280388));
#1146 = CARTESIAN_POINT('',(-4.64594710757,1.850338419351,6.199831746873
    ));
#1147 = CARTESIAN_POINT('',(-4.673166570425,1.779993026123,
    6.298744101147));
#1148 = CARTESIAN_POINT('',(-4.710164766981,1.67780100582,6.423536382555
    ));
#1149 = CARTESIAN_POINT('',(-4.719061701868,1.652755751064,
    6.452853193183));
#1150 = CARTESIAN_POINT('',(-4.728038688787,1.626968614874,
    6.481786015786));
#1151 = CARTESIAN_POINT('',(-4.737078762517,1.600434514424,
    6.510316929628));
#1152 = CARTESIAN_POINT('',(-4.746164148926,1.573148231386,
    6.538426668193));
#1153 = CARTESIAN_POINT('',(-4.767086373402,1.508757141249,
    6.601954731084));
#1154 = CARTESIAN_POINT('',(-4.778941230588,1.471137904219,
    6.637072283167));
#1155 = CARTESIAN_POINT('',(-4.790800478236,1.432234345173,
    6.671402645424));
#1156 = CARTESIAN_POINT('',(-4.802620811323,1.392036073463,
    6.704895615478));
#1157 = CARTESIAN_POINT('',(-4.8143559781,1.350534663466,6.737495418577)
  );
#1158 = CARTESIAN_POINT('',(-4.841941504123,1.248734443002,
    6.812744693986));
#1159 = CARTESIAN_POINT('',(-4.857676696947,1.18723851977,6.854551705157
    ));
#1160 = CARTESIAN_POINT('',(-4.873026094326,1.123243742835,
    6.894378976085));
#1161 = CARTESIAN_POINT('',(-4.887844867973,1.056769033109,6.93203376308
    ));
#1162 = CARTESIAN_POINT('',(-4.901981938935,0.987845095341,
    6.967312507591));
#1163 = CARTESIAN_POINT('',(-4.915282290976,0.916515138999,
    7.000000000017));
#1164 = PCURVE('',#306,#1165);
#1165 = DEFINITIONAL_REPRESENTATION('',(#1166),#1324);
#1166 = B_SPLINE_CURVE_WITH_KNOTS('',3,(#1167,#1168,#1169,#1170,#1171,
    #1172,#1173,#1174,#1175,#1176,#1177,#1178,#1179,#1180,#1181,#1182,
    #1183,#1184,#1185,#1186,#1187,#1188,#1189,#1190,#1191,#1192,#1193,
    #1194,#1195,#1196,#1197,#1198,#1199,#1200,#1201,#1202,#1203,#1204,
    #1205,#1206,#1207,#1208,#1209,#1210,#1211,#1212,#1213,#1214,#1215,
    #1216,#1217,#1218,#1219,#1220,#1221,#1222,#1223,#1224,#1225,#1226,
    #1227,#1228,#1229,#1230,#1231,#1232,#1233,#1234,#1235,#1236,#1237,
    #1238,#1239,#1240,#1241,#1242,#1243,#1244,#1245,#1246,#1247,#1248,
    #1249,#1250,#1251,#1252,#1253,#1254,#1255,#1256,#1257,#1258,#1259,
    #1260,#1261,#1262,#1263,#1264,#1265,#1266,#1267,#1268,#1269,#1270,
    #1271,#1272,#1273,#1274,#1275,#1276,#1277,#1278,#1279,#1280,#1281,
    #1282,#1283,#1284,#1285,#1286,#1287,#1288,#1289,#1290,#1291,#1292,
    #1293,#1294,#1295,#1296,#1297,#1298,#1299,#1300,#1301,#1302,#1303,
    #1304,#1305,#1306,#1307,#1308,#1309,#1310,#1311,#1312,#1313,#1314,
    #1315,#1316,#1317,#1318,#1319,#1320,#1321,#1322,#1323),
  .UNSPECIFIED.,.F.,.F.,(4,1,1,1,1,1,1,1,1,1,1,1,1,1,1,1,1,1,1,1,1,1,1,1
    ,1,1,1,1,1,1,1,1,1,1,1,1,1,1,1,1,1,1,1,1,1,1,1,1,1,1,1,1,1,1,1,1,1,1
    ,1,1,1,1,1,1,1,1,1,1,1,1,1,1,1,1,1,1,1,1,1,1,1,1,1,1,1,1,1,1,1,1,1,1
    ,1,1,1,1,1,1,1,1,1,1,1,1,1,1,1,1,1,1,1,1,1,1,1,1,1,1,1,1,1,1,1,1,1,1
    ,1,1,1,1,1,1,1,1,1,1,1,1,1,1,1,1,1,1,1,1,1,1,1,1,1,1,1,1,4),(
    2.160056149745E-07,1.298535238104E-02,2.597048875646E-02,
    3.895562513189E-02,5.194076150731E-02,6.492589788273E-02,
    7.791103425816E-02,9.089617063358E-02,0.103881307009,0.116866443384,
    0.12985157976,0.142836716135,0.155821852511,0.168806988886,
    0.181792125262,0.194777261637,0.207762398012,0.220747534388,
    0.233732670763,0.246717807139,0.259702943514,0.27268807989,
    0.285673216265,0.29865835264,0.311643489016,0.324628625391,
    0.337613761767,0.350598898142,0.363584034517,0.376569170893,
    0.389554307268,0.402539443644,0.415524580019,0.428509716395,
    0.44149485277,0.454479989145,0.467465125521,0.480450261896,
    0.493435398272,0.506420534647,0.519405671023,0.532390807398,
    0.545375943773,0.558361080149,0.571346216524,0.5843313529,
    0.597316489275,0.610301625651,0.623286762026,0.636271898401,
    0.649257034777,0.662242171152,0.675227307528,0.688212443903,
    0.701197580278,0.714182716654,0.727167853029,0.740152989405,
    0.75313812578,0.766123262156,0.779108398531,0.792093534906,
    0.805078671282,0.818063807657,0.831048944033,0.844034080408,
    0.857019216784,0.870004353159,0.882989489534,0.89597462591,
    0.908959762285,0.921944898661,0.934930035036,0.947915171412,
    0.960900307787,0.973885444162,0.986870580538,0.999855716913,
    1.012840853289,1.025825989664,1.038811126039,1.051796262415,
    1.06478139879,1.077766535166,1.090751671541,1.103736807917,
    1.116721944292,1.129707080667,1.142692217043,1.155677353418,
    1.168662489794,1.181647626169,1.194632762545,1.20761789892,
    1.220603035295,1.233588171671,1.246573308046,1.259558444422,
    1.272543580797,1.285528717173,1.298513853548,1.311498989923,
    1.324484126299,1.337469262674,1.35045439905,1.363439535425,
    1.376424671801,1.389409808176,1.402394944551,1.415380080927,
    1.428365217302,1.441350353678,1.454335490053,1.467320626428,
    1.480305762804,1.493290899179,1.506276035555,1.51926117193,
    1.532246308306,1.545231444681,1.558216581056,1.571201717432,
    1.584186853807,1.597171990183,1.610157126558,1.623142262934,
    1.636127399309,1.649112535684,1.66209767206,1.675082808435,
    1.688067944811,1.701053081186,1.714038217562,1.727023353937,
    1.740008490312,1.752993626688,1.765978763063,1.778963899439,
    1.791949035814,1.804934172189,1.817919308565,1.83090444494,
    1.843889581316,1.856874717691,1.869859854067,1.882844990442,
    1.895830126817,1.908815263193,1.921800399568,1.934785535944,
    1.947770672319,1.960755808695,1.97374094507,1.986726081445,
    1.999711217821),.QUASI_UNIFORM_KNOTS.);
#1167 = CARTESIAN_POINT('',(3.325938016669,6.999999999998));
#1168 = CARTESIAN_POINT('',(3.331275780821,6.987976556905));
#1169 = CARTESIAN_POINT('',(3.341801512291,6.963054834061));
#1170 = CARTESIAN_POINT('',(3.357134940767,6.923200785312));
#1171 = CARTESIAN_POINT('',(3.372007278611,6.881030039131));
#1172 = CARTESIAN_POINT('',(3.386413106776,6.836691337097));
#1173 = CARTESIAN_POINT('',(3.400347712092,6.790328259387));
#1174 = CARTESIAN_POINT('',(3.413805802981,6.742084273345));
#1175 = CARTESIAN_POINT('',(3.426790466598,6.692068040068));
#1176 = CARTESIAN_POINT('',(3.439301766234,6.640390805325));
#1177 = CARTESIAN_POINT('',(3.451340243649,6.58715527765));
#1178 = CARTESIAN_POINT('',(3.462906840279,6.532455799758));
#1179 = CARTESIAN_POINT('',(3.474002369864,6.476380203187));
#1180 = CARTESIAN_POINT('',(3.484627622576,6.419009376273));
#1181 = CARTESIAN_POINT('',(3.494782911665,6.36042032594));
#1182 = CARTESIAN_POINT('',(3.504470114681,6.30067331774));
#1183 = CARTESIAN_POINT('',(3.513687992335,6.239840110237));
#1184 = CARTESIAN_POINT('',(3.522435443112,6.17798721792));
#1185 = CARTESIAN_POINT('',(3.530711143534,6.11517780978));
#1186 = CARTESIAN_POINT('',(3.538513642019,6.051471476319));
#1187 = CARTESIAN_POINT('',(3.545841330815,5.986924548749));
#1188 = CARTESIAN_POINT('',(3.552692443929,5.921590340946));
#1189 = CARTESIAN_POINT('',(3.559065064883,5.855519148248));
#1190 = CARTESIAN_POINT('',(3.564957060985,5.788759296079));
#1191 = CARTESIAN_POINT('',(3.570366293458,5.72135423244));
#1192 = CARTESIAN_POINT('',(3.575289321726,5.653360469363));
#1193 = CARTESIAN_POINT('',(3.579722576992,5.584838846209));
#1194 = CARTESIAN_POINT('',(3.58366291402,5.515847567752));
#1195 = CARTESIAN_POINT('',(3.587107479003,5.446444118473));
#1196 = CARTESIAN_POINT('',(3.590053751193,5.376684892074));
#1197 = CARTESIAN_POINT('',(3.592499536172,5.306625430291));
#1198 = CARTESIAN_POINT('',(3.594442969443,5.236320509267));
#1199 = CARTESIAN_POINT('',(3.595882517558,5.165824226407));
#1200 = CARTESIAN_POINT('',(3.596816968987,5.095190237741));
#1201 = CARTESIAN_POINT('',(3.597245458246,5.024471392744));
#1202 = CARTESIAN_POINT('',(3.59716735653,4.953721628872));
#1203 = CARTESIAN_POINT('',(3.596582820734,4.883024434209));
#1204 = CARTESIAN_POINT('',(3.595492558729,4.812427064528));
#1205 = CARTESIAN_POINT('',(3.593897541289,4.741984279662));
#1206 = CARTESIAN_POINT('',(3.591799079374,4.671749388003));
#1207 = CARTESIAN_POINT('',(3.589198807901,4.601776788595));
#1208 = CARTESIAN_POINT('',(3.586098692085,4.532121429436));
#1209 = CARTESIAN_POINT('',(3.58250102641,4.462839103367));
#1210 = CARTESIAN_POINT('',(3.578408430467,4.393986477389));
#1211 = CARTESIAN_POINT('',(3.573823854966,4.325621350683));
#1212 = CARTESIAN_POINT('',(3.568750540722,4.257802264394));
#1213 = CARTESIAN_POINT('',(3.563192146288,4.19059047565));
#1214 = CARTESIAN_POINT('',(3.557152462647,4.124045640566));
#1215 = CARTESIAN_POINT('',(3.550633458907,4.058208820753));
#1216 = CARTESIAN_POINT('',(3.543637127713,3.993127203339));
#1217 = CARTESIAN_POINT('',(3.536165175234,3.928849877347));
#1218 = CARTESIAN_POINT('',(3.52821912203,3.865429264821));
#1219 = CARTESIAN_POINT('',(3.519800292445,3.802921038897));
#1220 = CARTESIAN_POINT('',(3.510909830368,3.741384439372));
#1221 = CARTESIAN_POINT('',(3.501548712353,3.680882511329));
#1222 = CARTESIAN_POINT('',(3.491717736282,3.621482254018));
#1223 = CARTESIAN_POINT('',(3.481417601724,3.563255205683));
#1224 = CARTESIAN_POINT('',(3.470648639106,3.506276374348));
#1225 = CARTESIAN_POINT('',(3.459411842877,3.450629348797));
#1226 = CARTESIAN_POINT('',(3.447704813725,3.396387293967));
#1227 = CARTESIAN_POINT('',(3.435525674157,3.343635241458));
#1228 = CARTESIAN_POINT('',(3.422873860916,3.292471123469));
#1229 = CARTESIAN_POINT('',(3.409749117832,3.243000640707));
#1230 = CARTESIAN_POINT('',(3.396148791376,3.195328351599));
#1231 = CARTESIAN_POINT('',(3.382075892654,3.149586281869));
#1232 = CARTESIAN_POINT('',(3.367534660686,3.10591260528));
#1233 = CARTESIAN_POINT('',(3.352525348378,3.064441150322));
#1234 = CARTESIAN_POINT('',(3.337065267057,3.025349285829));
#1235 = CARTESIAN_POINT('',(3.321100435733,2.988655280257));
#1236 = CARTESIAN_POINT('',(3.304657576185,2.954599147884));
#1237 = CARTESIAN_POINT('',(3.287777767872,2.923424791066));
#1238 = CARTESIAN_POINT('',(3.270499396985,2.895347387107));
#1239 = CARTESIAN_POINT('',(3.252862534717,2.870562635847));
#1240 = CARTESIAN_POINT('',(3.234907658154,2.849244725704));
#1241 = CARTESIAN_POINT('',(3.216675709585,2.831547255601));
#1242 = CARTESIAN_POINT('',(3.198208588272,2.817603305229));
#1243 = CARTESIAN_POINT('',(3.179546691975,2.807525646507));
#1244 = CARTESIAN_POINT('',(3.160737932947,2.801406932262));
#1245 = CARTESIAN_POINT('',(3.14180389898,2.799319525231));
#1246 = CARTESIAN_POINT('',(3.122866038114,2.801316478941));
#1247 = CARTESIAN_POINT('',(3.104052448336,2.807347364028));
#1248 = CARTESIAN_POINT('',(3.085383502075,2.817340537322));
#1249 = CARTESIAN_POINT('',(3.066908005059,2.83120410256));
#1250 = CARTESIAN_POINT('',(3.048666698993,2.84882554545));
#1251 = CARTESIAN_POINT('',(3.030701977118,2.870071706691));
#1252 = CARTESIAN_POINT('',(3.013055278878,2.89478840918));
#1253 = CARTESIAN_POINT('',(2.995767462679,2.922800810926));
#1254 = CARTESIAN_POINT('',(2.978879480903,2.95391088139));
#1255 = CARTESIAN_POINT('',(2.962428749169,2.987905338861));
#1256 = CARTESIAN_POINT('',(2.946462306568,3.024524300677));
#1257 = CARTESIAN_POINT('',(2.9309869783,3.063576301492));
#1258 = CARTESIAN_POINT('',(2.915963146735,3.105012161835));
#1259 = CARTESIAN_POINT('',(2.901407090263,3.148655975873));
#1260 = CARTESIAN_POINT('',(2.887319710728,3.194372343085));
#1261 = CARTESIAN_POINT('',(2.873705727514,3.242020869288));
#1262 = CARTESIAN_POINT('',(2.860567477785,3.291471521689));
#1263 = CARTESIAN_POINT('',(2.847902227782,3.342619938159));
#1264 = CARTESIAN_POINT('',(2.835710012061,3.395359176725));
#1265 = CARTESIAN_POINT('',(2.823990330742,3.449590637903));
#1266 = CARTESIAN_POINT('',(2.812740731789,3.505231916056));
#1267 = CARTESIAN_POINT('',(2.801959477986,3.562206566874));
#1268 = CARTESIAN_POINT('',(2.79164741267,3.62043140824));
#1269 = CARTESIAN_POINT('',(2.781804878443,3.679831155547));
#1270 = CARTESIAN_POINT('',(2.772432543779,3.740334215355));
#1271 = CARTESIAN_POINT('',(2.763531188077,3.801873509897));
#1272 = CARTESIAN_POINT('',(2.755101767611,3.864385955486));
#1273 = CARTESIAN_POINT('',(2.747145408619,3.927812294458));
#1274 = CARTESIAN_POINT('',(2.739663419848,3.992096859083));
#1275 = CARTESIAN_POINT('',(2.732657308948,4.057187254051));
#1276 = CARTESIAN_POINT('',(2.726128772748,4.123034432697));
#1277 = CARTESIAN_POINT('',(2.720079796814,4.189591279717));
#1278 = CARTESIAN_POINT('',(2.714512352693,4.256816774144));
#1279 = CARTESIAN_POINT('',(2.709430275368,4.324650769466));
#1280 = CARTESIAN_POINT('',(2.704837222026,4.393032032971));
#1281 = CARTESIAN_POINT('',(2.700736444463,4.461901901144));
#1282 = CARTESIAN_POINT('',(2.697130899744,4.531202501715));
#1283 = CARTESIAN_POINT('',(2.69402321394,4.600877091215));
#1284 = CARTESIAN_POINT('',(2.691415687085,4.670869810856));
#1285 = CARTESIAN_POINT('',(2.689310289505,4.74112565358));
#1286 = CARTESIAN_POINT('',(2.687708660872,4.811590168131));
#1287 = CARTESIAN_POINT('',(2.686612116722,4.882210003852));
#1288 = CARTESIAN_POINT('',(2.686021632491,4.952930355561));
#1289 = CARTESIAN_POINT('',(2.685937920574,5.023703967396));
#1290 = CARTESIAN_POINT('',(2.686361144663,5.094447192716));
#1291 = CARTESIAN_POINT('',(2.687290678016,5.165106035721));
#1292 = CARTESIAN_POINT('',(2.688725657445,5.235627613728));
#1293 = CARTESIAN_POINT('',(2.690664873572,5.305958231247));
#1294 = CARTESIAN_POINT('',(2.69310679503,5.376043753441));
#1295 = CARTESIAN_POINT('',(2.696049559247,5.445829365895));
#1296 = CARTESIAN_POINT('',(2.699490973693,5.515259489736));
#1297 = CARTESIAN_POINT('',(2.703428518947,5.584277689079));
#1298 = CARTESIAN_POINT('',(2.707859343856,5.652826453788));
#1299 = CARTESIAN_POINT('',(2.712780300051,5.720847488652));
#1300 = CARTESIAN_POINT('',(2.718187836292,5.788280101612));
#1301 = CARTESIAN_POINT('',(2.724078440145,5.855066897709));
#1302 = CARTESIAN_POINT('',(2.730449957974,5.92116443434));
#1303 = CARTESIAN_POINT('',(2.737300264361,5.986524555012));
#1304 = CARTESIAN_POINT('',(2.744627449428,6.051097072955));
#1305 = CARTESIAN_POINT('',(2.752429759014,6.114828782401));
#1306 = CARTESIAN_POINT('',(2.760705598848,6.177663432917));
#1307 = CARTESIAN_POINT('',(2.769453538178,6.23954152384));
#1308 = CARTESIAN_POINT('',(2.778672259841,6.300399855252));
#1309 = CARTESIAN_POINT('',(2.788360733264,6.360172232723));
#1310 = CARTESIAN_POINT('',(2.798517557487,6.41878580039));
#1311 = CARTESIAN_POINT('',(2.809144468459,6.476179609552));
#1312 = CARTESIAN_POINT('',(2.820242006372,6.53227791204));
#1313 = CARTESIAN_POINT('',(2.831810907275,6.58699941507));
#1314 = CARTESIAN_POINT('',(2.843851988978,6.640256303103));
#1315 = CARTESIAN_POINT('',(2.856366186712,6.691954093135));
#1316 = CARTESIAN_POINT('',(2.869354103482,6.741990214895));
#1317 = CARTESIAN_POINT('',(2.882815585613,6.790252573342));
#1318 = CARTESIAN_POINT('',(2.896753881947,6.836633055358));
#1319 = CARTESIAN_POINT('',(2.911163841949,6.880988483617));
#1320 = CARTESIAN_POINT('',(2.926040642003,6.92317474985));
#1321 = CARTESIAN_POINT('',(2.94137881495,6.963042851307));
#1322 = CARTESIAN_POINT('',(2.951907850106,6.987972785195));
#1323 = CARTESIAN_POINT('',(2.957247290509,7.000000000017));
#1324 = ( GEOMETRIC_REPRESENTATION_CONTEXT(2) 
PARAMETRIC_REPRESENTATION_CONTEXT() REPRESENTATION_CONTEXT('2D SPACE',''
  ) );
#1325 = PCURVE('',#331,#1326);
#1326 = DEFINITIONAL_REPRESENTATION('',(#1327),#1485);
#1327 = B_SPLINE_CURVE_WITH_KNOTS('',3,(#1328,#1329,#1330,#1331,#1332,
    #1333,#1334,#1335,#1336,#1337,#1338,#1339,#1340,#1341,#1342,#1343,
    #1344,#1345,#1346,#1347,#1348,#1349,#1350,#1351,#1352,#1353,#1354,
    #1355,#1356,#1357,#1358,#1359,#1360,#1361,#1362,#1363,#1364,#1365,
    #1366,#1367,#1368,#1369,#1370,#1371,#1372,#1373,#1374,#1375,#1376,
    #1377,#1378,#1379,#1380,#1381,#1382,#1383,#1384,#1385,#1386,#1387,
    #1388,#1389,#1390,#1391,#1392,#1393,#1394,#1395,#1396,#1397,#1398,
    #1399,#1400,#1401,#1402,#1403,#1404,#1405,#1406,#1407,#1408,#1409,
    #1410,#1411,#1412,#1413,#1414,#1415,#1416,#1417,#1418,#1419,#1420,
    #1421,#1422,#1423,#1424,#1425,#1426,#1427,#1428,#1429,#1430,#1431,
    #1432,#1433,#1434,#1435,#1436,#1437,#1438,#1439,#1440,#1441,#1442,
    #1443,#1444,#1445,#1446,#1447,#1448,#1449,#1450,#1451,#1452,#1453,
    #1454,#1455,#1456,#1457,#1458,#1459,#1460,#1461,#1462,#1463,#1464,
    #1465,#1466,#1467,#1468,#1469,#1470,#1471,#1472,#1473,#1474,#1475,
    #1476,#1477,#1478,#1479,#1480,#1481,#1482,#1483,#1484),
  .UNSPECIFIED.,.F.,.F.,(4,1,1,1,1,1,1,1,1,1,1,1,1,1,1,1,1,1,1,1,1,1,1,1
    ,1,1,1,1,1,1,1,1,1,1,1,1,1,1,1,1,1,1,1,1,1,1,1,1,1,1,1,1,1,1,1,1,1,1
    ,1,1,1,1,1,1,1,1,1,1,1,1,1,1,1,1,1,1,1,1,1,1,1,1,1,1,1,1,1,1,1,1,1,1
    ,1,1,1,1,1,1,1,1,1,1,1,1,1,1,1,1,1,1,1,1,1,1,1,1,1,1,1,1,1,1,1,1,1,1
    ,1,1,1,1,1,1,1,1,1,1,1,1,1,1,1,1,1,1,1,1,1,1,1,1,1,1,1,1,4),(
    2.160056149745E-07,1.298535238104E-02,2.597048875646E-02,
    3.895562513189E-02,5.194076150731E-02,6.492589788273E-02,
    7.791103425816E-02,9.089617063358E-02,0.103881307009,0.116866443384,
    0.12985157976,0.142836716135,0.155821852511,0.168806988886,
    0.181792125262,0.194777261637,0.207762398012,0.220747534388,
    0.233732670763,0.246717807139,0.259702943514,0.27268807989,
    0.285673216265,0.29865835264,0.311643489016,0.324628625391,
    0.337613761767,0.350598898142,0.363584034517,0.376569170893,
    0.389554307268,0.402539443644,0.415524580019,0.428509716395,
    0.44149485277,0.454479989145,0.467465125521,0.480450261896,
    0.493435398272,0.506420534647,0.519405671023,0.532390807398,
    0.545375943773,0.558361080149,0.571346216524,0.5843313529,
    0.597316489275,0.610301625651,0.623286762026,0.636271898401,
    0.649257034777,0.662242171152,0.675227307528,0.688212443903,
    0.701197580278,0.714182716654,0.727167853029,0.740152989405,
    0.75313812578,0.766123262156,0.779108398531,0.792093534906,
    0.805078671282,0.818063807657,0.831048944033,0.844034080408,
    0.857019216784,0.870004353159,0.882989489534,0.89597462591,
    0.908959762285,0.921944898661,0.934930035036,0.947915171412,
    0.960900307787,0.973885444162,0.986870580538,0.999855716913,
    1.012840853289,1.025825989664,1.038811126039,1.051796262415,
    1.06478139879,1.077766535166,1.090751671541,1.103736807917,
    1.116721944292,1.129707080667,1.142692217043,1.155677353418,
    1.168662489794,1.181647626169,1.194632762545,1.20761789892,
    1.220603035295,1.233588171671,1.246573308046,1.259558444422,
    1.272543580797,1.285528717173,1.298513853548,1.311498989923,
    1.324484126299,1.337469262674,1.35045439905,1.363439535425,
    1.376424671801,1.389409808176,1.402394944551,1.415380080927,
    1.428365217302,1.441350353678,1.454335490053,1.467320626428,
    1.480305762804,1.493290899179,1.506276035555,1.51926117193,
    1.532246308306,1.545231444681,1.558216581056,1.571201717432,
    1.584186853807,1.597171990183,1.610157126558,1.623142262934,
    1.636127399309,1.649112535684,1.66209767206,1.675082808435,
    1.688067944811,1.701053081186,1.714038217562,1.727023353937,
    1.740008490312,1.752993626688,1.765978763063,1.778963899439,
    1.791949035814,1.804934172189,1.817919308565,1.83090444494,
    1.843889581316,1.856874717691,1.869859854067,1.882844990442,
    1.895830126817,1.908815263193,1.921800399568,1.934785535944,
    1.947770672319,1.960755808695,1.97374094507,1.986726081445,
    1.999711217821),.QUASI_UNIFORM_KNOTS.);
#1328 = CARTESIAN_POINT('',(3.571292319741,8.084717709022));
#1329 = CARTESIAN_POINT('',(3.584410425442,8.089609991133));
#1330 = CARTESIAN_POINT('',(3.610476675892,8.099676871166));
#1331 = CARTESIAN_POINT('',(3.649081099698,8.115511567413));
#1332 = CARTESIAN_POINT('',(3.687206081855,8.131967212131));
#1333 = CARTESIAN_POINT('',(3.72486510524,8.148933375311));
#1334 = CARTESIAN_POINT('',(3.762071523311,8.166302512075));
#1335 = CARTESIAN_POINT('',(3.798834639517,8.183968641746));
#1336 = CARTESIAN_POINT('',(3.835185037404,8.201840004633));
#1337 = CARTESIAN_POINT('',(3.871144494624,8.219825059576));
#1338 = CARTESIAN_POINT('',(3.906735468709,8.237836776589));
#1339 = CARTESIAN_POINT('',(3.941981131639,8.255792521407));
#1340 = CARTESIAN_POINT('',(3.976904167435,8.273613394847));
#1341 = CARTESIAN_POINT('',(4.011527311435,8.291224303493));
#1342 = CARTESIAN_POINT('',(4.045871886285,8.308553061426));
#1343 = CARTESIAN_POINT('',(4.079965288244,8.325533939844));
#1344 = CARTESIAN_POINT('',(4.113824958711,8.342099425692));
#1345 = CARTESIAN_POINT('',(4.147468853482,8.358185493119));
#1346 = CARTESIAN_POINT('',(4.180914426082,8.37373099975));
#1347 = CARTESIAN_POINT('',(4.214178975204,8.388677797599));
#1348 = CARTESIAN_POINT('',(4.247279626483,8.402970655624));
#1349 = CARTESIAN_POINT('',(4.280233370933,8.416557221037));
#1350 = CARTESIAN_POINT('',(4.313057207267,8.429388013977));
#1351 = CARTESIAN_POINT('',(4.345767783739,8.441416249962));
#1352 = CARTESIAN_POINT('',(4.378382916664,8.452598317868));
#1353 = CARTESIAN_POINT('',(4.410913152534,8.46289098992));
#1354 = CARTESIAN_POINT('',(4.443366411281,8.472253746456));
#1355 = CARTESIAN_POINT('',(4.475751374853,8.480650167131));
#1356 = CARTESIAN_POINT('',(4.508076624755,8.488047639441));
#1357 = CARTESIAN_POINT('',(4.540350872233,8.494417498171));
#1358 = CARTESIAN_POINT('',(4.57258289662,8.499735049651));
#1359 = CARTESIAN_POINT('',(4.604781557662,8.503979625875));
#1360 = CARTESIAN_POINT('',(4.636955807929,8.507134634343));
#1361 = CARTESIAN_POINT('',(4.669114639694,8.509187595147));
#1362 = CARTESIAN_POINT('',(4.701267307152,8.510130233383));
#1363 = CARTESIAN_POINT('',(4.733422530401,8.509958362986));
#1364 = CARTESIAN_POINT('',(4.765575603331,8.508672816814));
#1365 = CARTESIAN_POINT('',(4.797738286664,8.50627905804));
#1366 = CARTESIAN_POINT('',(4.829918992357,8.50278666165));
#1367 = CARTESIAN_POINT('',(4.862126913905,8.498209381367));
#1368 = CARTESIAN_POINT('',(4.894370927367,8.492565070365));
#1369 = CARTESIAN_POINT('',(4.926659891366,8.485875640619));
#1370 = CARTESIAN_POINT('',(4.959002564136,8.478167013923));
#1371 = CARTESIAN_POINT('',(4.991407641413,8.469469067576));
#1372 = CARTESIAN_POINT('',(5.023883686484,8.459815609747));
#1373 = CARTESIAN_POINT('',(5.056439368038,8.449244241446));
#1374 = CARTESIAN_POINT('',(5.089082576868,8.437796642418));
#1375 = CARTESIAN_POINT('',(5.121822483395,8.425517622892));
#1376 = CARTESIAN_POINT('',(5.154678281691,8.412451383637));
#1377 = CARTESIAN_POINT('',(5.187667472751,8.398645324553));
#1378 = CARTESIAN_POINT('',(5.220808030221,8.384149426468));
#1379 = CARTESIAN_POINT('',(5.254117863629,8.369016497683));
#1380 = CARTESIAN_POINT('',(5.287615008059,8.353302189511));
#1381 = CARTESIAN_POINT('',(5.321317629698,8.337065071102));
#1382 = CARTESIAN_POINT('',(5.355244068845,8.320366698119));
#1383 = CARTESIAN_POINT('',(5.389412952803,8.303271646737));
#1384 = CARTESIAN_POINT('',(5.423843035558,8.285847692497));
#1385 = CARTESIAN_POINT('',(5.458554112224,8.2681654444));
#1386 = CARTESIAN_POINT('',(5.493563967156,8.25030001321));
#1387 = CARTESIAN_POINT('',(5.528900847366,8.232324746135));
#1388 = CARTESIAN_POINT('',(5.564590619699,8.214318038823));
#1389 = CARTESIAN_POINT('',(5.600655437553,8.196364158961));
#1390 = CARTESIAN_POINT('',(5.637117126008,8.17855162007));
#1391 = CARTESIAN_POINT('',(5.674004607556,8.160969795083));
#1392 = CARTESIAN_POINT('',(5.711332228517,8.143719408071));
#1393 = CARTESIAN_POINT('',(5.74911331289,8.126905112693));
#1394 = CARTESIAN_POINT('',(5.787372816766,8.110630718554));
#1395 = CARTESIAN_POINT('',(5.826095751219,8.095018409696));
#1396 = CARTESIAN_POINT('',(5.865444985316,8.080126058574));
#1397 = CARTESIAN_POINT('',(5.905382051998,8.066099840347));
#1398 = CARTESIAN_POINT('',(5.945841790951,8.053089495234));
#1399 = CARTESIAN_POINT('',(5.986772271031,8.041232832862));
#1400 = CARTESIAN_POINT('',(6.028123410695,8.030658078478));
#1401 = CARTESIAN_POINT('',(6.069849261158,8.02148160257));
#1402 = CARTESIAN_POINT('',(6.11190713321,8.013807050756));
#1403 = CARTESIAN_POINT('',(6.154255866356,8.007724264888));
#1404 = CARTESIAN_POINT('',(6.196860847705,8.003308414761));
#1405 = CARTESIAN_POINT('',(6.239673031424,8.000619271902));
#1406 = CARTESIAN_POINT('',(6.282705323685,7.999700480171));
#1407 = CARTESIAN_POINT('',(6.325745595372,8.000579472749));
#1408 = CARTESIAN_POINT('',(6.368566654129,8.003230146998));
#1409 = CARTESIAN_POINT('',(6.411184249979,8.007609335442));
#1410 = CARTESIAN_POINT('',(6.453547405057,8.013657739212));
#1411 = CARTESIAN_POINT('',(6.495620825652,8.021300419981));
#1412 = CARTESIAN_POINT('',(6.537362320113,8.030447598416));
#1413 = CARTESIAN_POINT('',(6.578728126235,8.040995462026));
#1414 = CARTESIAN_POINT('',(6.61967147387,8.052827422956));
#1415 = CARTESIAN_POINT('',(6.660140151191,8.065814360579));
#1416 = CARTESIAN_POINT('',(6.700084653941,8.079819269015));
#1417 = CARTESIAN_POINT('',(6.739424814596,8.094686094117));
#1418 = CARTESIAN_POINT('',(6.778171731377,8.110288201722));
#1419 = CARTESIAN_POINT('',(6.816453349069,8.126554962843));
#1420 = CARTESIAN_POINT('',(6.854257184541,8.143364773746));
#1421 = CARTESIAN_POINT('',(6.891606690793,8.160613101273));
#1422 = CARTESIAN_POINT('',(6.928513884172,8.178194416602));
#1423 = CARTESIAN_POINT('',(6.964994951002,8.196008677792));
#1424 = CARTESIAN_POINT('',(7.001079108296,8.213966483029));
#1425 = CARTESIAN_POINT('',(7.036787430504,8.231978786979));
#1426 = CARTESIAN_POINT('',(7.072141865787,8.249961038088));
#1427 = CARTESIAN_POINT('',(7.107170093012,8.267835601253));
#1428 = CARTESIAN_POINT('',(7.141898381201,8.285527964062));
#1429 = CARTESIAN_POINT('',(7.176344958411,8.302963090384));
#1430 = CARTESIAN_POINT('',(7.210529585928,8.320070214401));
#1431 = CARTESIAN_POINT('',(7.244471115182,8.336781478479));
#1432 = CARTESIAN_POINT('',(7.278188238926,8.35303221488));
#1433 = CARTESIAN_POINT('',(7.311699374439,8.3687607873));
#1434 = CARTESIAN_POINT('',(7.345022764529,8.383908549269));
#1435 = CARTESIAN_POINT('',(7.378176523291,8.398419775298));
#1436 = CARTESIAN_POINT('',(7.411178641159,8.412241584133));
#1437 = CARTESIAN_POINT('',(7.444047172435,8.425323920879));
#1438 = CARTESIAN_POINT('',(7.476799706384,8.437619311499));
#1439 = CARTESIAN_POINT('',(7.509455502663,8.449083468975));
#1440 = CARTESIAN_POINT('',(7.542023540207,8.45967140872));
#1441 = CARTESIAN_POINT('',(7.574511768829,8.469341373919));
#1442 = CARTESIAN_POINT('',(7.606928843133,8.478055665783));
#1443 = CARTESIAN_POINT('',(7.63928333517,8.485780390593));
#1444 = CARTESIAN_POINT('',(7.671583946386,8.492485588777));
#1445 = CARTESIAN_POINT('',(7.703839444443,8.498145261804));
#1446 = CARTESIAN_POINT('',(7.7360586993,8.502737425765));
#1447 = CARTESIAN_POINT('',(7.768250600315,8.506244160396));
#1448 = CARTESIAN_POINT('',(7.800424357709,8.508651649657));
#1449 = CARTESIAN_POINT('',(7.832588397811,8.509950260633));
#1450 = CARTESIAN_POINT('',(7.864754515446,8.51013447759));
#1451 = CARTESIAN_POINT('',(7.896917966203,8.509203414811));
#1452 = CARTESIAN_POINT('',(7.929087477058,8.507161218539));
#1453 = CARTESIAN_POINT('',(7.961272319797,8.504016129218));
#1454 = CARTESIAN_POINT('',(7.993481501028,8.499780597797));
#1455 = CARTESIAN_POINT('',(8.02572398832,8.494471193121));
#1456 = CARTESIAN_POINT('',(8.058008655942,8.488108564851));
#1457 = CARTESIAN_POINT('',(8.090344298377,8.480717393222));
#1458 = CARTESIAN_POINT('',(8.122739639767,8.472326335899));
#1459 = CARTESIAN_POINT('',(8.155203282947,8.462967999604));
#1460 = CARTESIAN_POINT('',(8.187743900008,8.45267881556));
#1461 = CARTESIAN_POINT('',(8.220369517774,8.441499274895));
#1462 = CARTESIAN_POINT('',(8.253090287741,8.429472773988));
#1463 = CARTESIAN_POINT('',(8.285924048788,8.416642963817));
#1464 = CARTESIAN_POINT('',(8.318887556987,8.403056633474));
#1465 = CARTESIAN_POINT('',(8.35199789292,8.388763271671));
#1466 = CARTESIAN_POINT('',(8.385272134461,8.373815235404));
#1467 = CARTESIAN_POINT('',(8.418727485705,8.358267762445));
#1468 = CARTESIAN_POINT('',(8.452381336992,8.342179001332));
#1469 = CARTESIAN_POINT('',(8.486251172543,8.325610127584));
#1470 = CARTESIAN_POINT('',(8.520355191678,8.308625097475));
#1471 = CARTESIAN_POINT('',(8.554710270013,8.291291765379));
#1472 = CARTESIAN_POINT('',(8.589343408947,8.273676135478));
#1473 = CARTESIAN_POINT('',(8.624276719044,8.255850059628));
#1474 = CARTESIAN_POINT('',(8.659532763331,8.237888794919));
#1475 = CARTESIAN_POINT('',(8.695134276826,8.219871283918));
#1476 = CARTESIAN_POINT('',(8.731104421318,8.201880251284));
#1477 = CARTESIAN_POINT('',(8.76746584261,8.184002721972));
#1478 = CARTESIAN_POINT('',(8.804239750602,8.166330594974));
#1479 = CARTESIAN_POINT('',(8.841457207113,8.14895548771));
#1480 = CARTESIAN_POINT('',(8.879127896199,8.131983310616));
#1481 = CARTESIAN_POINT('',(8.91726489034,8.115521853618));
#1482 = CARTESIAN_POINT('',(8.955881574825,8.099681700344));
#1483 = CARTESIAN_POINT('',(8.981956070211,8.089611525981));
#1484 = CARTESIAN_POINT('',(8.995078294618,8.084717709024));
#1485 = ( GEOMETRIC_REPRESENTATION_CONTEXT(2) 
PARAMETRIC_REPRESENTATION_CONTEXT() REPRESENTATION_CONTEXT('2D SPACE',''
  ) );
#1486 = ADVANCED_FACE('',(#1487,#1513),#1044,.F.);
#1487 = FACE_BOUND('',#1488,.F.);
#1488 = EDGE_LOOP('',(#1489));
#1489 = ORIENTED_EDGE('',*,*,#1490,.T.);
#1490 = EDGE_CURVE('',#1491,#1491,#1493,.T.);
#1491 = VERTEX_POINT('',#1492);
#1492 = CARTESIAN_POINT('',(8.,-1.959434878636E-15,0.));
#1493 = SURFACE_CURVE('',#1494,(#1499,#1506),.PCURVE_S1.);
#1494 = CIRCLE('',#1495,8.);
#1495 = AXIS2_PLACEMENT_3D('',#1496,#1497,#1498);
#1496 = CARTESIAN_POINT('',(0.,0.,0.));
#1497 = DIRECTION('',(0.,0.,1.));
#1498 = DIRECTION('',(1.,0.,-0.));
#1499 = PCURVE('',#1044,#1500);
#1500 = DEFINITIONAL_REPRESENTATION('',(#1501),#1505);
#1501 = CIRCLE('',#1502,8.);
#1502 = AXIS2_PLACEMENT_2D('',#1503,#1504);
#1503 = CARTESIAN_POINT('',(0.,0.));
#1504 = DIRECTION('',(1.,0.));
#1505 = ( GEOMETRIC_REPRESENTATION_CONTEXT(2) 
PARAMETRIC_REPRESENTATION_CONTEXT() REPRESENTATION_CONTEXT('2D SPACE',''
  ) );
#1506 = PCURVE('',#251,#1507);
#1507 = DEFINITIONAL_REPRESENTATION('',(#1508),#1512);
#1508 = LINE('',#1509,#1510);
#1509 = CARTESIAN_POINT('',(0.,0.));
#1510 = VECTOR('',#1511,1.);
#1511 = DIRECTION('',(1.,0.));
#1512 = ( GEOMETRIC_REPRESENTATION_CONTEXT(2) 
PARAMETRIC_REPRESENTATION_CONTEXT() REPRESENTATION_CONTEXT('2D SPACE',''
  ) );
#1513 = FACE_BOUND('',#1514,.F.);
#1514 = EDGE_LOOP('',(#1515));
#1515 = ORIENTED_EDGE('',*,*,#1029,.F.);
#1516 = ADVANCED_FACE('',(#1517),#331,.F.);
#1517 = FACE_BOUND('',#1518,.F.);
#1518 = EDGE_LOOP('',(#1519,#1775,#1776,#1777));
#1519 = ORIENTED_EDGE('',*,*,#1520,.T.);
#1520 = EDGE_CURVE('',#228,#935,#1521,.T.);
#1521 = SURFACE_CURVE('',#1522,(#1585,#1680),.PCURVE_S1.);
#1522 = B_SPLINE_CURVE_WITH_KNOTS('',7,(#1523,#1524,#1525,#1526,#1527,
    #1528,#1529,#1530,#1531,#1532,#1533,#1534,#1535,#1536,#1537,#1538,
    #1539,#1540,#1541,#1542,#1543,#1544,#1545,#1546,#1547,#1548,#1549,
    #1550,#1551,#1552,#1553,#1554,#1555,#1556,#1557,#1558,#1559,#1560,
    #1561,#1562,#1563,#1564,#1565,#1566,#1567,#1568,#1569,#1570,#1571,
    #1572,#1573,#1574,#1575,#1576,#1577,#1578,#1579,#1580,#1581,#1582,
    #1583,#1584),.UNSPECIFIED.,.F.,.F.,(8,6,6,6,6,6,6,6,6,6,8),(
    2.150495829503E-07,0.100699175717,0.236996617933,0.434040288159,
    0.74477832716,1.,1.255331360385,1.566076542453,1.719533996933,
    1.829826064206,2.000014095668),.UNSPECIFIED.);
#1523 = CARTESIAN_POINT('',(-7.947326594518,-0.916515139029,
    7.000000000085));
#1524 = CARTESIAN_POINT('',(-7.937229103973,-1.004072945462,
    6.959875972518));
#1525 = CARTESIAN_POINT('',(-7.926387191799,-1.088196700274,
    6.915914593871));
#1526 = CARTESIAN_POINT('',(-7.914966519648,-1.16879530049,
    6.868465106715));
#1527 = CARTESIAN_POINT('',(-7.903128367188,-1.245800179546,
    6.817861275847));
#1528 = CARTESIAN_POINT('',(-7.89102669114,-1.319164413647,
    6.764422109758));
#1529 = CARTESIAN_POINT('',(-7.878805184306,-1.388861828107,
    6.708452582107));
#1530 = CARTESIAN_POINT('',(-7.850066779894,-1.544250877981,
    6.57145870669));
#1531 = CARTESIAN_POINT('',(-7.833546483938,-1.626952502935,
    6.488513291203));
#1532 = CARTESIAN_POINT('',(-7.817334203195,-1.703087545953,
    6.402004164747));
#1533 = CARTESIAN_POINT('',(-7.8016870909,-1.772770370793,6.312439646068
    ));
#1534 = CARTESIAN_POINT('',(-7.78682273568,-1.836122102676,
    6.220252922083));
#1535 = CARTESIAN_POINT('',(-7.77292320018,-1.893259593356,
    6.125814655322));
#1536 = CARTESIAN_POINT('',(-7.741657172395,-2.01805035194,
    5.890125925884));
#1537 = CARTESIAN_POINT('',(-7.725502354815,-2.079058244087,
    5.746738433611));
#1538 = CARTESIAN_POINT('',(-7.71213999457,-2.127576736136,5.60030106905
    ));
#1539 = CARTESIAN_POINT('',(-7.701902434798,-2.163819352002,
    5.451675771421));
#1540 = CARTESIAN_POINT('',(-7.695004598441,-2.187935552559,
    5.301619099436));
#1541 = CARTESIAN_POINT('',(-7.691553809212,-2.2,5.150830755592));
#1542 = CARTESIAN_POINT('',(-7.691553809212,-2.2,4.762139767495));
#1543 = CARTESIAN_POINT('',(-7.700135280707,-2.169997640315,
    4.52469193036));
#1544 = CARTESIAN_POINT('',(-7.717246742656,-2.110174014626,
    4.290070429472));
#1545 = CARTESIAN_POINT('',(-7.742244642694,-2.019986874159,
    4.06088991937));
#1546 = CARTESIAN_POINT('',(-7.773861204192,-1.898391793866,
    3.840352381369));
#1547 = CARTESIAN_POINT('',(-7.809946937698,-1.744022154055,
    3.632752316834));
#1548 = CARTESIAN_POINT('',(-7.87796596386,-1.400904890943,
    3.289635053723));
#1549 = CARTESIAN_POINT('',(-7.910266630955,-1.219303334327,
    3.143942834107));
#1550 = CARTESIAN_POINT('',(-7.941764513191,-1.011745343192,
    3.015660577834));
#1551 = CARTESIAN_POINT('',(-7.969233681646,-0.781117838064,
    2.911885825745));
#1552 = CARTESIAN_POINT('',(-7.989424856167,-0.531800007962,
    2.838453116012));
#1553 = CARTESIAN_POINT('',(-8.,-0.269281181283,2.8));
#1554 = CARTESIAN_POINT('',(-8.,0.269396911235,2.8));
#1555 = CARTESIAN_POINT('',(-7.989415771039,0.53193489113,2.838486185201
    ));
#1556 = CARTESIAN_POINT('',(-7.969220453651,0.781203269592,
    2.911933814737));
#1557 = CARTESIAN_POINT('',(-7.941759168787,1.011755615919,
    3.015686935856));
#1558 = CARTESIAN_POINT('',(-7.910273451638,1.219255474966,
    3.143920946924));
#1559 = CARTESIAN_POINT('',(-7.877977039375,1.400849021278,
    3.289579184057));
#1560 = CARTESIAN_POINT('',(-7.809948643642,1.744013548543,
    3.632743711322));
#1561 = CARTESIAN_POINT('',(-7.773862932155,1.898385610835,3.84034126176
    ));
#1562 = CARTESIAN_POINT('',(-7.742244298218,2.019989557518,
    4.060887295925));
#1563 = CARTESIAN_POINT('',(-7.717244219576,2.110182733216,
    4.290084230972));
#1564 = CARTESIAN_POINT('',(-7.700133308936,2.170004564953,
    4.524720054898));
#1565 = CARTESIAN_POINT('',(-7.691553809212,2.2,4.762167561274));
#1566 = CARTESIAN_POINT('',(-7.691553809212,2.2,5.11745044733));
#1567 = CARTESIAN_POINT('',(-7.693646299071,2.192684703558,
    5.234888624583));
#1568 = CARTESIAN_POINT('',(-7.697830087665,2.178056784572,
    5.351981828892));
#1569 = CARTESIAN_POINT('',(-7.704065767787,2.156090110873,
    5.468394340164));
#1570 = CARTESIAN_POINT('',(-7.712273661439,2.126731845183,
    5.583774504866));
#1571 = CARTESIAN_POINT('',(-7.722331765123,2.089904546079,
    5.697741819804));
#1572 = CARTESIAN_POINT('',(-7.742512788152,2.013600029632,
    5.890465028952));
#1573 = CARTESIAN_POINT('',(-7.751821358679,1.97778303243,5.970106133072
    ));
#1574 = CARTESIAN_POINT('',(-7.76193925319,1.938013346181,6.048656080931
    ));
#1575 = CARTESIAN_POINT('',(-7.772794047554,1.894241456314,
    6.125953305272));
#1576 = CARTESIAN_POINT('',(-7.784300119851,1.846412615286,
    6.201815316644));
#1577 = CARTESIAN_POINT('',(-7.796357723203,1.794467193,6.276038101121)
  );
#1578 = CARTESIAN_POINT('',(-7.828131653203,1.651734602099,
    6.460047848534));
#1579 = CARTESIAN_POINT('',(-7.848483181573,1.555029856152,
    6.567442689622));
#1580 = CARTESIAN_POINT('',(-7.869464416591,1.448048168528,
    6.669568223499));
#1581 = CARTESIAN_POINT('',(-7.890532764134,1.330667288437,6.76528077985
    ));
#1582 = CARTESIAN_POINT('',(-7.911037938312,1.202854615965,6.85328180716
    ));
#1583 = CARTESIAN_POINT('',(-7.930236262263,1.064709583673,
    6.932088773956));
#1584 = CARTESIAN_POINT('',(-7.947326594523,0.916515138986,
    6.999999999989));
#1585 = PCURVE('',#331,#1586);
#1586 = DEFINITIONAL_REPRESENTATION('',(#1587),#1679);
#1587 = B_SPLINE_CURVE_WITH_KNOTS('',3,(#1588,#1589,#1590,#1591,#1592,
    #1593,#1594,#1595,#1596,#1597,#1598,#1599,#1600,#1601,#1602,#1603,
    #1604,#1605,#1606,#1607,#1608,#1609,#1610,#1611,#1612,#1613,#1614,
    #1615,#1616,#1617,#1618,#1619,#1620,#1621,#1622,#1623,#1624,#1625,
    #1626,#1627,#1628,#1629,#1630,#1631,#1632,#1633,#1634,#1635,#1636,
    #1637,#1638,#1639,#1640,#1641,#1642,#1643,#1644,#1645,#1646,#1647,
    #1648,#1649,#1650,#1651,#1652,#1653,#1654,#1655,#1656,#1657,#1658,
    #1659,#1660,#1661,#1662,#1663,#1664,#1665,#1666,#1667,#1668,#1669,
    #1670,#1671,#1672,#1673,#1674,#1675,#1676,#1677,#1678),
  .UNSPECIFIED.,.F.,.F.,(4,1,1,1,1,1,1,1,1,1,1,1,1,1,1,1,1,1,1,1,1,1,1,1
    ,1,1,1,1,1,1,1,1,1,1,1,1,1,1,1,1,1,1,1,1,1,1,1,1,1,1,1,1,1,1,1,1,1,1
    ,1,1,1,1,1,1,1,1,1,1,1,1,1,1,1,1,1,1,1,1,1,1,1,1,1,1,1,1,1,1,4),(
    2.150495829503E-07,2.272764551116E-02,4.545507597273E-02,
    6.81825064343E-02,9.090993689587E-02,0.113637367357,0.136364797819,
    0.159092228281,0.181819658742,0.204547089204,0.227274519665,
    0.250001950127,0.272729380588,0.29545681105,0.318184241512,
    0.340911671973,0.363639102435,0.386366532896,0.409093963358,
    0.431821393819,0.454548824281,0.477276254743,0.500003685204,
    0.522731115666,0.545458546127,0.568185976589,0.59091340705,
    0.613640837512,0.636368267974,0.659095698435,0.681823128897,
    0.704550559358,0.72727798982,0.750005420281,0.772732850743,
    0.795460281205,0.818187711666,0.840915142128,0.863642572589,
    0.886370003051,0.909097433512,0.931824863974,0.954552294436,
    0.977279724897,1.000007155359,1.02273458582,1.045462016282,
    1.068189446743,1.090916877205,1.113644307667,1.136371738128,
    1.15909916859,1.181826599051,1.204554029513,1.227281459974,
    1.250008890436,1.272736320898,1.295463751359,1.318191181821,
    1.340918612282,1.363646042744,1.386373473205,1.409100903667,
    1.431828334129,1.45455576459,1.477283195052,1.500010625513,
    1.522738055975,1.545465486437,1.568192916898,1.59092034736,
    1.613647777821,1.636375208283,1.659102638744,1.681830069206,
    1.704557499668,1.727284930129,1.750012360591,1.772739791052,
    1.795467221514,1.818194651975,1.840922082437,1.863649512899,
    1.88637694336,1.909104373822,1.931831804283,1.954559234745,
    1.977286665206,2.000014095668),.QUASI_UNIFORM_KNOTS.);
#1588 = CARTESIAN_POINT('',(3.571292319741,5.052673405482));
#1589 = CARTESIAN_POINT('',(3.594346411234,5.057992234503));
#1590 = CARTESIAN_POINT('',(3.639964705694,5.069156211841));
#1591 = CARTESIAN_POINT('',(3.706982264029,5.087102701944));
#1592 = CARTESIAN_POINT('',(3.772652864247,5.105864182404));
#1593 = CARTESIAN_POINT('',(3.837028431043,5.125079969279));
#1594 = CARTESIAN_POINT('',(3.900140753685,5.144406469036));
#1595 = CARTESIAN_POINT('',(3.962123040133,5.163560301201));
#1596 = CARTESIAN_POINT('',(4.023077543381,5.182277882886));
#1597 = CARTESIAN_POINT('',(4.083103056841,5.200322305497));
#1598 = CARTESIAN_POINT('',(4.142294671478,5.217481516724));
#1599 = CARTESIAN_POINT('',(4.200744830056,5.233567041339));
#1600 = CARTESIAN_POINT('',(4.258544701158,5.24841304379));
#1601 = CARTESIAN_POINT('',(4.315788818222,5.261875102461));
#1602 = CARTESIAN_POINT('',(4.372550852113,5.273823353863));
#1603 = CARTESIAN_POINT('',(4.428904505385,5.284147407105));
#1604 = CARTESIAN_POINT('',(4.484920546114,5.292754578549));
#1605 = CARTESIAN_POINT('',(4.540668272996,5.299569594067));
#1606 = CARTESIAN_POINT('',(4.596216503967,5.304533992163));
#1607 = CARTESIAN_POINT('',(4.651631440105,5.30760566926));
#1608 = CARTESIAN_POINT('',(4.706987112592,5.30875856869));
#1609 = CARTESIAN_POINT('',(4.762328439671,5.307982065929));
#1610 = CARTESIAN_POINT('',(4.81768938799,5.305285873366));
#1611 = CARTESIAN_POINT('',(4.873157596766,5.300694473629));
#1612 = CARTESIAN_POINT('',(4.928804790915,5.294247115267));
#1613 = CARTESIAN_POINT('',(4.984705918282,5.285998455636));
#1614 = CARTESIAN_POINT('',(5.040934822842,5.276019195573));
#1615 = CARTESIAN_POINT('',(5.097566171818,5.264396845869));
#1616 = CARTESIAN_POINT('',(5.154675542433,5.251236615313));
#1617 = CARTESIAN_POINT('',(5.212340463881,5.236662218024));
#1618 = CARTESIAN_POINT('',(5.270639488796,5.220817316232));
#1619 = CARTESIAN_POINT('',(5.329658391555,5.203864833017));
#1620 = CARTESIAN_POINT('',(5.389470248887,5.185994377618));
#1621 = CARTESIAN_POINT('',(5.450213532553,5.167399475175));
#1622 = CARTESIAN_POINT('',(5.511805217221,5.148367487681));
#1623 = CARTESIAN_POINT('',(5.575146600115,5.128908988091));
#1624 = CARTESIAN_POINT('',(5.640196357839,5.109368465543));
#1625 = CARTESIAN_POINT('',(5.706763603115,5.090174678302));
#1626 = CARTESIAN_POINT('',(5.774730239733,5.071758383992));
#1627 = CARTESIAN_POINT('',(5.843988037972,5.054559848748));
#1628 = CARTESIAN_POINT('',(5.914451633346,5.039012322434));
#1629 = CARTESIAN_POINT('',(5.986055024356,5.025532155273));
#1630 = CARTESIAN_POINT('',(6.058740191873,5.01450751187));
#1631 = CARTESIAN_POINT('',(6.132495851421,5.006288027918));
#1632 = CARTESIAN_POINT('',(6.207205694925,5.001174917008));
#1633 = CARTESIAN_POINT('',(6.283210658109,4.999411997111));
#1634 = CARTESIAN_POINT('',(6.359207642782,5.001177095596));
#1635 = CARTESIAN_POINT('',(6.433898761887,5.006290531309));
#1636 = CARTESIAN_POINT('',(6.507626455889,5.014507416938));
#1637 = CARTESIAN_POINT('',(6.580276860634,5.025526010954));
#1638 = CARTESIAN_POINT('',(6.65184090638,5.038996755049));
#1639 = CARTESIAN_POINT('',(6.722262942577,5.05453210195));
#1640 = CARTESIAN_POINT('',(6.791479483847,5.071716795782));
#1641 = CARTESIAN_POINT('',(6.859407851283,5.090119035438));
#1642 = CARTESIAN_POINT('',(6.925943003336,5.109300320931));
#1643 = CARTESIAN_POINT('',(6.990969635351,5.128831536368));
#1644 = CARTESIAN_POINT('',(7.054303014762,5.148286439038));
#1645 = CARTESIAN_POINT('',(7.11589772837,5.167319507005));
#1646 = CARTESIAN_POINT('',(7.17664160693,5.185915921492));
#1647 = CARTESIAN_POINT('',(7.236455684901,5.203789485339));
#1648 = CARTESIAN_POINT('',(7.295477191584,5.220746173229));
#1649 = CARTESIAN_POINT('',(7.353779321525,5.236596287232));
#1650 = CARTESIAN_POINT('',(7.411447550572,5.251176687928));
#1651 = CARTESIAN_POINT('',(7.468560199532,5.264343531416));
#1652 = CARTESIAN_POINT('',(7.525194506769,5.275972930811));
#1653 = CARTESIAN_POINT('',(7.581425739917,5.285959537112));
#1654 = CARTESIAN_POINT('',(7.637328213664,5.294215740914));
#1655 = CARTESIAN_POINT('',(7.692975434896,5.300670793788));
#1656 = CARTESIAN_POINT('',(7.748441813375,5.305270052165));
#1657 = CARTESIAN_POINT('',(7.803799126579,5.307974333154));
#1658 = CARTESIAN_POINT('',(7.859132682867,5.308759321325));
#1659 = CARTESIAN_POINT('',(7.914483163585,5.307615380456));
#1660 = CARTESIAN_POINT('',(7.969896544357,5.304552648545));
#1661 = CARTESIAN_POINT('',(8.025444095374,5.299596965572));
#1662 = CARTESIAN_POINT('',(8.081190566117,5.292790424935));
#1663 = CARTESIAN_POINT('',(8.137203227859,5.284191705082));
#1664 = CARTESIAN_POINT('',(8.193550367671,5.273876405212));
#1665 = CARTESIAN_POINT('',(8.250301445247,5.26193758452));
#1666 = CARTESIAN_POINT('',(8.307531545884,5.248485556465));
#1667 = CARTESIAN_POINT('',(8.365328014786,5.233646407679));
#1668 = CARTESIAN_POINT('',(8.42377555279,5.217566547815));
#1669 = CARTESIAN_POINT('',(8.482963604721,5.200412235908));
#1670 = CARTESIAN_POINT('',(8.54297865489,5.182373716464));
#1671 = CARTESIAN_POINT('',(8.603994681779,5.163638437565));
#1672 = CARTESIAN_POINT('',(8.666062838733,5.144457876598));
#1673 = CARTESIAN_POINT('',(8.729254730346,5.125106355566));
#1674 = CARTESIAN_POINT('',(8.793642828524,5.105886109629));
#1675 = CARTESIAN_POINT('',(8.859307024347,5.087125362239));
#1676 = CARTESIAN_POINT('',(8.926333010986,5.069174576065));
#1677 = CARTESIAN_POINT('',(8.971990434689,5.058000382015));
#1678 = CARTESIAN_POINT('',(8.995078294618,5.052673405477));
#1679 = ( GEOMETRIC_REPRESENTATION_CONTEXT(2) 
PARAMETRIC_REPRESENTATION_CONTEXT() REPRESENTATION_CONTEXT('2D SPACE',''
  ) );
#1680 = PCURVE('',#251,#1681);
#1681 = DEFINITIONAL_REPRESENTATION('',(#1682),#1774);
#1682 = B_SPLINE_CURVE_WITH_KNOTS('',3,(#1683,#1684,#1685,#1686,#1687,
    #1688,#1689,#1690,#1691,#1692,#1693,#1694,#1695,#1696,#1697,#1698,
    #1699,#1700,#1701,#1702,#1703,#1704,#1705,#1706,#1707,#1708,#1709,
    #1710,#1711,#1712,#1713,#1714,#1715,#1716,#1717,#1718,#1719,#1720,
    #1721,#1722,#1723,#1724,#1725,#1726,#1727,#1728,#1729,#1730,#1731,
    #1732,#1733,#1734,#1735,#1736,#1737,#1738,#1739,#1740,#1741,#1742,
    #1743,#1744,#1745,#1746,#1747,#1748,#1749,#1750,#1751,#1752,#1753,
    #1754,#1755,#1756,#1757,#1758,#1759,#1760,#1761,#1762,#1763,#1764,
    #1765,#1766,#1767,#1768,#1769,#1770,#1771,#1772,#1773),
  .UNSPECIFIED.,.F.,.F.,(4,1,1,1,1,1,1,1,1,1,1,1,1,1,1,1,1,1,1,1,1,1,1,1
    ,1,1,1,1,1,1,1,1,1,1,1,1,1,1,1,1,1,1,1,1,1,1,1,1,1,1,1,1,1,1,1,1,1,1
    ,1,1,1,1,1,1,1,1,1,1,1,1,1,1,1,1,1,1,1,1,1,1,1,1,1,1,1,1,1,1,4),(
    2.150495829503E-07,2.272764551116E-02,4.545507597273E-02,
    6.81825064343E-02,9.090993689587E-02,0.113637367357,0.136364797819,
    0.159092228281,0.181819658742,0.204547089204,0.227274519665,
    0.250001950127,0.272729380588,0.29545681105,0.318184241512,
    0.340911671973,0.363639102435,0.386366532896,0.409093963358,
    0.431821393819,0.454548824281,0.477276254743,0.500003685204,
    0.522731115666,0.545458546127,0.568185976589,0.59091340705,
    0.613640837512,0.636368267974,0.659095698435,0.681823128897,
    0.704550559358,0.72727798982,0.750005420281,0.772732850743,
    0.795460281205,0.818187711666,0.840915142128,0.863642572589,
    0.886370003051,0.909097433512,0.931824863974,0.954552294436,
    0.977279724897,1.000007155359,1.02273458582,1.045462016282,
    1.068189446743,1.090916877205,1.113644307667,1.136371738128,
    1.15909916859,1.181826599051,1.204554029513,1.227281459974,
    1.250008890436,1.272736320898,1.295463751359,1.318191181821,
    1.340918612282,1.363646042744,1.386373473205,1.409100903667,
    1.431828334129,1.45455576459,1.477283195052,1.500010625513,
    1.522738055975,1.545465486437,1.568192916898,1.59092034736,
    1.613647777821,1.636375208283,1.659102638744,1.681830069206,
    1.704557499668,1.727284930129,1.750012360591,1.772739791052,
    1.795467221514,1.818194651975,1.840922082437,1.863649512899,
    1.88637694336,1.909104373822,1.931831804283,1.954559234745,
    1.977286665206,2.000014095668),.QUASI_UNIFORM_KNOTS.);
#1683 = CARTESIAN_POINT('',(3.256409147408,7.000000000085));
#1684 = CARTESIAN_POINT('',(3.262211512855,6.978866946996));
#1685 = CARTESIAN_POINT('',(3.273518257282,6.933874594677));
#1686 = CARTESIAN_POINT('',(3.289564134486,6.858997693359));
#1687 = CARTESIAN_POINT('',(3.304673456698,6.777536969494));
#1688 = CARTESIAN_POINT('',(3.318831032693,6.690247326884));
#1689 = CARTESIAN_POINT('',(3.332023553211,6.597878433571));
#1690 = CARTESIAN_POINT('',(3.344263905017,6.500977348719));
#1691 = CARTESIAN_POINT('',(3.355559961284,6.400065893185));
#1692 = CARTESIAN_POINT('',(3.365920623529,6.295615073145));
#1693 = CARTESIAN_POINT('',(3.375354978434,6.188049428101));
#1694 = CARTESIAN_POINT('',(3.383872069073,6.077751437568));
#1695 = CARTESIAN_POINT('',(3.391480678012,5.96506412124));
#1696 = CARTESIAN_POINT('',(3.398189298769,5.850286196077));
#1697 = CARTESIAN_POINT('',(3.404003210701,5.733726603176));
#1698 = CARTESIAN_POINT('',(3.408927443946,5.615669593343));
#1699 = CARTESIAN_POINT('',(3.412966193981,5.496384246056));
#1700 = CARTESIAN_POINT('',(3.416122951411,5.376125525312));
#1701 = CARTESIAN_POINT('',(3.418400428035,5.255135704888));
#1702 = CARTESIAN_POINT('',(3.419800511177,5.133652628828));
#1703 = CARTESIAN_POINT('',(3.420324240544,5.011890111299));
#1704 = CARTESIAN_POINT('',(3.419971601204,4.89012279349));
#1705 = CARTESIAN_POINT('',(3.418743771033,4.768648697764));
#1706 = CARTESIAN_POINT('',(3.41664060488,4.647649619977));
#1707 = CARTESIAN_POINT('',(3.413660582936,4.527348285));
#1708 = CARTESIAN_POINT('',(3.409800991583,4.407970019241));
#1709 = CARTESIAN_POINT('',(3.405058038678,4.28975608552));
#1710 = CARTESIAN_POINT('',(3.399426975263,4.172963311022));
#1711 = CARTESIAN_POINT('',(3.392902238486,4.057867779076));
#1712 = CARTESIAN_POINT('',(3.385477489831,3.944766960667));
#1713 = CARTESIAN_POINT('',(3.377146042369,3.83398510083));
#1714 = CARTESIAN_POINT('',(3.367899832647,3.725868313039));
#1715 = CARTESIAN_POINT('',(3.357733825651,3.620818843555));
#1716 = CARTESIAN_POINT('',(3.346630148136,3.519184294326));
#1717 = CARTESIAN_POINT('',(3.33461788567,3.421689277706));
#1718 = CARTESIAN_POINT('',(3.321524481674,3.327645316952));
#1719 = CARTESIAN_POINT('',(3.307351234172,3.238052594595));
#1720 = CARTESIAN_POINT('',(3.292150359998,3.154088008495));
#1721 = CARTESIAN_POINT('',(3.275973537706,3.076796487833));
#1722 = CARTESIAN_POINT('',(3.258884260549,3.007174267367));
#1723 = CARTESIAN_POINT('',(3.240953485853,2.946147235036));
#1724 = CARTESIAN_POINT('',(3.222258980571,2.894577468952));
#1725 = CARTESIAN_POINT('',(3.20288737024,2.853262267054));
#1726 = CARTESIAN_POINT('',(3.182922539636,2.822935222884));
#1727 = CARTESIAN_POINT('',(3.162486842171,2.80426671289));
#1728 = CARTESIAN_POINT('',(3.141585675384,2.797864662753));
#1729 = CARTESIAN_POINT('',(3.120686742887,2.804274639905));
#1730 = CARTESIAN_POINT('',(3.100256253323,2.822944425722));
#1731 = CARTESIAN_POINT('',(3.080299046953,2.853261991377));
#1732 = CARTESIAN_POINT('',(3.060936619517,2.894554397342));
#1733 = CARTESIAN_POINT('',(3.042252054327,2.946087267669));
#1734 = CARTESIAN_POINT('',(3.024331161465,3.00706421761));
#1735 = CARTESIAN_POINT('',(3.007250917933,3.076625830003));
#1736 = CARTESIAN_POINT('',(2.991081544033,3.153850529268));
#1737 = CARTESIAN_POINT('',(2.975885816995,3.237748471437));
#1738 = CARTESIAN_POINT('',(2.961714941494,3.327281736847));
#1739 = CARTESIAN_POINT('',(2.948620175346,3.421286669704));
#1740 = CARTESIAN_POINT('',(2.936604190544,3.518761810248));
#1741 = CARTESIAN_POINT('',(2.925497158514,3.620374907397));
#1742 = CARTESIAN_POINT('',(2.915327398572,3.725407779893));
#1743 = CARTESIAN_POINT('',(2.906077324261,3.833510963583));
#1744 = CARTESIAN_POINT('',(2.897741906295,3.94428237343));
#1745 = CARTESIAN_POINT('',(2.890313157547,4.057375330523));
#1746 = CARTESIAN_POINT('',(2.88378443844,4.172465051574));
#1747 = CARTESIAN_POINT('',(2.878149450626,4.289253368191));
#1748 = CARTESIAN_POINT('',(2.873402654005,4.407463417846));
#1749 = CARTESIAN_POINT('',(2.86953930366,4.526837480146));
#1750 = CARTESIAN_POINT('',(2.866555589908,4.647133430597));
#1751 = CARTESIAN_POINT('',(2.864448756738,4.768124658056));
#1752 = CARTESIAN_POINT('',(2.863217219183,4.889588497496));
#1753 = CARTESIAN_POINT('',(2.862860727443,5.011338033911));
#1754 = CARTESIAN_POINT('',(2.863380370928,5.133090144813));
#1755 = CARTESIAN_POINT('',(2.864776351597,5.254572579383));
#1756 = CARTESIAN_POINT('',(2.86704975561,5.375565431375));
#1757 = CARTESIAN_POINT('',(2.870202419901,5.495827720022));
#1758 = CARTESIAN_POINT('',(2.874236917833,5.615113975016));
#1759 = CARTESIAN_POINT('',(2.879156561267,5.733167400178));
#1760 = CARTESIAN_POINT('',(2.884965282086,5.849716718309));
#1761 = CARTESIAN_POINT('',(2.891668027136,5.9644815665));
#1762 = CARTESIAN_POINT('',(2.899271941331,6.077179780611));
#1763 = CARTESIAN_POINT('',(2.907784478066,6.187492742722));
#1764 = CARTESIAN_POINT('',(2.917214266369,6.295073674007));
#1765 = CARTESIAN_POINT('',(2.927568953917,6.39953231026));
#1766 = CARTESIAN_POINT('',(2.938872632944,6.500572545582));
#1767 = CARTESIAN_POINT('',(2.951127428819,6.597628582983));
#1768 = CARTESIAN_POINT('',(2.964335332031,6.690125671871));
#1769 = CARTESIAN_POINT('',(2.978495003791,6.77743945297));
#1770 = CARTESIAN_POINT('',(2.993602084698,6.858901410572));
#1771 = CARTESIAN_POINT('',(3.009649157748,6.933799818859));
#1772 = CARTESIAN_POINT('',(3.020965376965,6.978834315303));
#1773 = CARTESIAN_POINT('',(3.026776159777,6.999999999989));
#1774 = ( GEOMETRIC_REPRESENTATION_CONTEXT(2) 
PARAMETRIC_REPRESENTATION_CONTEXT() REPRESENTATION_CONTEXT('2D SPACE',''
  ) );
#1775 = ORIENTED_EDGE('',*,*,#958,.T.);
#1776 = ORIENTED_EDGE('',*,*,#1059,.F.);
#1777 = ORIENTED_EDGE('',*,*,#318,.F.);
#1778 = ADVANCED_FACE('',(#1779),#251,.T.);
#1779 = FACE_BOUND('',#1780,.T.);
#1780 = EDGE_LOOP('',(#1781,#1782,#1783,#1804,#1805,#1806,#1807,#1808));
#1781 = ORIENTED_EDGE('',*,*,#934,.F.);
#1782 = ORIENTED_EDGE('',*,*,#711,.F.);
#1783 = ORIENTED_EDGE('',*,*,#1784,.F.);
#1784 = EDGE_CURVE('',#1491,#712,#1785,.T.);
#1785 = SEAM_CURVE('',#1786,(#1790,#1797),.PCURVE_S1.);
#1786 = LINE('',#1787,#1788);
#1787 = CARTESIAN_POINT('',(8.,-1.959434878636E-15,0.));
#1788 = VECTOR('',#1789,1.);
#1789 = DIRECTION('',(0.,0.,1.));
#1790 = PCURVE('',#251,#1791);
#1791 = DEFINITIONAL_REPRESENTATION('',(#1792),#1796);
#1792 = LINE('',#1793,#1794);
#1793 = CARTESIAN_POINT('',(0.,-0.));
#1794 = VECTOR('',#1795,1.);
#1795 = DIRECTION('',(0.,1.));
#1796 = ( GEOMETRIC_REPRESENTATION_CONTEXT(2) 
PARAMETRIC_REPRESENTATION_CONTEXT() REPRESENTATION_CONTEXT('2D SPACE',''
  ) );
#1797 = PCURVE('',#251,#1798);
#1798 = DEFINITIONAL_REPRESENTATION('',(#1799),#1803);
#1799 = LINE('',#1800,#1801);
#1800 = CARTESIAN_POINT('',(6.28318530718,-0.));
#1801 = VECTOR('',#1802,1.);
#1802 = DIRECTION('',(0.,1.));
#1803 = ( GEOMETRIC_REPRESENTATION_CONTEXT(2) 
PARAMETRIC_REPRESENTATION_CONTEXT() REPRESENTATION_CONTEXT('2D SPACE',''
  ) );
#1804 = ORIENTED_EDGE('',*,*,#1490,.T.);
#1805 = ORIENTED_EDGE('',*,*,#1784,.T.);
#1806 = ORIENTED_EDGE('',*,*,#821,.F.);
#1807 = ORIENTED_EDGE('',*,*,#227,.F.);
#1808 = ORIENTED_EDGE('',*,*,#1520,.T.);
#1809 = MANIFOLD_SOLID_BREP('',#1810);
#1810 = CLOSED_SHELL('',(#1811,#1899,#1903));
#1811 = ADVANCED_FACE('',(#1812),#1825,.T.);
#1812 = FACE_BOUND('',#1813,.T.);
#1813 = EDGE_LOOP('',(#1814,#1848,#1871,#1898));
#1814 = ORIENTED_EDGE('',*,*,#1815,.F.);
#1815 = EDGE_CURVE('',#1816,#1816,#1818,.T.);
#1816 = VERTEX_POINT('',#1817);
#1817 = CARTESIAN_POINT('',(0.8,19.76,16.75));
#1818 = SURFACE_CURVE('',#1819,(#1824,#1836),.PCURVE_S1.);
#1819 = CIRCLE('',#1820,0.8);
#1820 = AXIS2_PLACEMENT_3D('',#1821,#1822,#1823);
#1821 = CARTESIAN_POINT('',(0.,19.76,16.75));
#1822 = DIRECTION('',(0.,0.,1.));
#1823 = DIRECTION('',(1.,0.,-0.));
#1824 = PCURVE('',#1825,#1830);
#1825 = CONICAL_SURFACE('',#1826,3.,0.155868201398);
#1826 = AXIS2_PLACEMENT_3D('',#1827,#1828,#1829);
#1827 = CARTESIAN_POINT('',(0.,19.76,2.75));
#1828 = DIRECTION('',(-0.,-0.,-1.));
#1829 = DIRECTION('',(1.,0.,-0.));
#1830 = DEFINITIONAL_REPRESENTATION('',(#1831),#1835);
#1831 = LINE('',#1832,#1833);
#1832 = CARTESIAN_POINT('',(-0.,-14.));
#1833 = VECTOR('',#1834,1.);
#1834 = DIRECTION('',(-1.,-0.));
#1835 = ( GEOMETRIC_REPRESENTATION_CONTEXT(2) 
PARAMETRIC_REPRESENTATION_CONTEXT() REPRESENTATION_CONTEXT('2D SPACE',''
  ) );
#1836 = PCURVE('',#1837,#1842);
#1837 = PLANE('',#1838);
#1838 = AXIS2_PLACEMENT_3D('',#1839,#1840,#1841);
#1839 = CARTESIAN_POINT('',(0.,19.76,16.75));
#1840 = DIRECTION('',(0.,0.,1.));
#1841 = DIRECTION('',(1.,0.,-0.));
#1842 = DEFINITIONAL_REPRESENTATION('',(#1843),#1847);
#1843 = CIRCLE('',#1844,0.8);
#1844 = AXIS2_PLACEMENT_2D('',#1845,#1846);
#1845 = CARTESIAN_POINT('',(0.,0.));
#1846 = DIRECTION('',(1.,0.));
#1847 = ( GEOMETRIC_REPRESENTATION_CONTEXT(2) 
PARAMETRIC_REPRESENTATION_CONTEXT() REPRESENTATION_CONTEXT('2D SPACE',''
  ) );
#1848 = ORIENTED_EDGE('',*,*,#1849,.F.);
#1849 = EDGE_CURVE('',#1850,#1816,#1852,.T.);
#1850 = VERTEX_POINT('',#1851);
#1851 = CARTESIAN_POINT('',(3.,19.76,2.75));
#1852 = SEAM_CURVE('',#1853,(#1857,#1864),.PCURVE_S1.);
#1853 = LINE('',#1854,#1855);
#1854 = CARTESIAN_POINT('',(3.,19.76,2.75));
#1855 = VECTOR('',#1856,1.);
#1856 = DIRECTION('',(-0.155237833992,3.802230330101E-17,0.987877125404)
  );
#1857 = PCURVE('',#1825,#1858);
#1858 = DEFINITIONAL_REPRESENTATION('',(#1859),#1863);
#1859 = LINE('',#1860,#1861);
#1860 = CARTESIAN_POINT('',(-6.28318530718,0.));
#1861 = VECTOR('',#1862,1.);
#1862 = DIRECTION('',(-0.,-1.));
#1863 = ( GEOMETRIC_REPRESENTATION_CONTEXT(2) 
PARAMETRIC_REPRESENTATION_CONTEXT() REPRESENTATION_CONTEXT('2D SPACE',''
  ) );
#1864 = PCURVE('',#1825,#1865);
#1865 = DEFINITIONAL_REPRESENTATION('',(#1866),#1870);
#1866 = LINE('',#1867,#1868);
#1867 = CARTESIAN_POINT('',(0.,-0.));
#1868 = VECTOR('',#1869,1.);
#1869 = DIRECTION('',(-0.,-1.));
#1870 = ( GEOMETRIC_REPRESENTATION_CONTEXT(2) 
PARAMETRIC_REPRESENTATION_CONTEXT() REPRESENTATION_CONTEXT('2D SPACE',''
  ) );
#1871 = ORIENTED_EDGE('',*,*,#1872,.T.);
#1872 = EDGE_CURVE('',#1850,#1850,#1873,.T.);
#1873 = SURFACE_CURVE('',#1874,(#1879,#1886),.PCURVE_S1.);
#1874 = CIRCLE('',#1875,3.);
#1875 = AXIS2_PLACEMENT_3D('',#1876,#1877,#1878);
#1876 = CARTESIAN_POINT('',(0.,19.76,2.75));
#1877 = DIRECTION('',(0.,0.,1.));
#1878 = DIRECTION('',(1.,0.,-0.));
#1879 = PCURVE('',#1825,#1880);
#1880 = DEFINITIONAL_REPRESENTATION('',(#1881),#1885);
#1881 = LINE('',#1882,#1883);
#1882 = CARTESIAN_POINT('',(-0.,-0.));
#1883 = VECTOR('',#1884,1.);
#1884 = DIRECTION('',(-1.,-0.));
#1885 = ( GEOMETRIC_REPRESENTATION_CONTEXT(2) 
PARAMETRIC_REPRESENTATION_CONTEXT() REPRESENTATION_CONTEXT('2D SPACE',''
  ) );
#1886 = PCURVE('',#1887,#1892);
#1887 = PLANE('',#1888);
#1888 = AXIS2_PLACEMENT_3D('',#1889,#1890,#1891);
#1889 = CARTESIAN_POINT('',(0.,19.76,2.75));
#1890 = DIRECTION('',(0.,0.,1.));
#1891 = DIRECTION('',(1.,0.,-0.));
#1892 = DEFINITIONAL_REPRESENTATION('',(#1893),#1897);
#1893 = CIRCLE('',#1894,3.);
#1894 = AXIS2_PLACEMENT_2D('',#1895,#1896);
#1895 = CARTESIAN_POINT('',(0.,0.));
#1896 = DIRECTION('',(1.,0.));
#1897 = ( GEOMETRIC_REPRESENTATION_CONTEXT(2) 
PARAMETRIC_REPRESENTATION_CONTEXT() REPRESENTATION_CONTEXT('2D SPACE',''
  ) );
#1898 = ORIENTED_EDGE('',*,*,#1849,.T.);
#1899 = ADVANCED_FACE('',(#1900),#1837,.T.);
#1900 = FACE_BOUND('',#1901,.T.);
#1901 = EDGE_LOOP('',(#1902));
#1902 = ORIENTED_EDGE('',*,*,#1815,.T.);
#1903 = ADVANCED_FACE('',(#1904),#1887,.F.);
#1904 = FACE_BOUND('',#1905,.T.);
#1905 = EDGE_LOOP('',(#1906));
#1906 = ORIENTED_EDGE('',*,*,#1872,.F.);
#1907 = ( GEOMETRIC_REPRESENTATION_CONTEXT(3) 
GLOBAL_UNCERTAINTY_ASSIGNED_CONTEXT((#1911)) 
GLOBAL_UNIT_ASSIGNED_CONTEXT((#1908,#1909,#1910)) REPRESENTATION_CONTEXT
('Context #1','3D Context with UNIT and UNCERTAINTY') );
#1908 = ( LENGTH_UNIT() NAMED_UNIT(*) SI_UNIT(.MILLI.,.METRE.) );
#1909 = ( NAMED_UNIT(*) PLANE_ANGLE_UNIT() SI_UNIT($,.RADIAN.) );
#1910 = ( NAMED_UNIT(*) SI_UNIT($,.STERADIAN.) SOLID_ANGLE_UNIT() );
#1911 = UNCERTAINTY_MEASURE_WITH_UNIT(LENGTH_MEASURE(1.E-07),#1908,
  'distance_accuracy_value','confusion accuracy');
#1912 = CONTEXT_DEPENDENT_SHAPE_REPRESENTATION(#1913,#1915);
#1913 = ( REPRESENTATION_RELATIONSHIP('','',#32,#10) 
REPRESENTATION_RELATIONSHIP_WITH_TRANSFORMATION(#1914) 
SHAPE_REPRESENTATION_RELATIONSHIP() );
#1914 = ITEM_DEFINED_TRANSFORMATION('','',#11,#15);
#1915 = PRODUCT_DEFINITION_SHAPE('Placement','Placement of an item',
  #1916);
#1916 = NEXT_ASSEMBLY_USAGE_OCCURRENCE('6','=>[0:1:1:2]','',#5,#27,$);
#1917 = PRODUCT_RELATED_PRODUCT_CATEGORY('part',$,(#29));
ENDSEC;
END-ISO-10303-21;
