ISO-10303-21;
HEADER;
FILE_DESCRIPTION(('Open CASCADE Model'),'2;1');
FILE_NAME('Open CASCADE Shape Model','2026-09-27T21:06:28',('Author'),(
    'Open CASCADE'),'Open CASCADE STEP processor 8.0','build123d',
  'Unknown');
FILE_SCHEMA(('AUTOMOTIVE_DESIGN { 1 0 10303 214 1 1 1 1 }'));
ENDSEC;
DATA;
#1 = APPLICATION_PROTOCOL_DEFINITION('international standard',
  'automotive_design',2000,#2);
#2 = APPLICATION_CONTEXT(
  'core data for automotive mechanical design processes');
#3 = SHAPE_DEFINITION_REPRESENTATION(#4,#10);
#4 = PRODUCT_DEFINITION_SHAPE('','',#5);
#5 = PRODUCT_DEFINITION('design','',#6,#9);
#6 = PRODUCT_DEFINITION_FORMATION('','',#7);
#7 = PRODUCT('SOLID','SOLID','',(#8));
#8 = PRODUCT_CONTEXT('',#2,'mechanical');
#9 = PRODUCT_DEFINITION_CONTEXT('part definition',#2,'design');
#10 = ADVANCED_BREP_SHAPE_REPRESENTATION('',(#11,#15),#5823);
#11 = AXIS2_PLACEMENT_3D('',#12,#13,#14);
#12 = CARTESIAN_POINT('',(0.,0.,0.));
#13 = DIRECTION('',(0.,0.,1.));
#14 = DIRECTION('',(1.,0.,-0.));
#15 = BREP_WITH_VOIDS('',#16,(#4613,#4711,#4989,#5267,#5545));
#16 = CLOSED_SHELL('',(#17,#221,#299,#640,#800,#870,#1028,#1076,#1928,
    #3212,#3269,#3319,#3444,#3493,#3586,#3662,#3736,#3741,#3897,#3954,
    #4002,#4124,#4250,#4278,#4284,#4311,#4368,#4374,#4380,#4435,#4439,
    #4466,#4473,#4483,#4538,#4593,#4597,#4601,#4605,#4609));
#17 = ADVANCED_FACE('',(#18),#32,.F.);
#18 = FACE_BOUND('',#19,.F.);
#19 = EDGE_LOOP('',(#20,#55,#83,#111,#139,#167));
#20 = ORIENTED_EDGE('',*,*,#21,.F.);
#21 = EDGE_CURVE('',#22,#24,#26,.T.);
#22 = VERTEX_POINT('',#23);
#23 = CARTESIAN_POINT('',(-72.5,-125.,72.));
#24 = VERTEX_POINT('',#25);
#25 = CARTESIAN_POINT('',(-72.5,-83.47997641506,72.));
#26 = SURFACE_CURVE('',#27,(#31,#43),.PCURVE_S1.);
#27 = LINE('',#28,#29);
#28 = CARTESIAN_POINT('',(-72.5,-125.,72.));
#29 = VECTOR('',#30,1.);
#30 = DIRECTION('',(-0.,1.,0.));
#31 = PCURVE('',#32,#37);
#32 = PLANE('',#33);
#33 = AXIS2_PLACEMENT_3D('',#34,#35,#36);
#34 = CARTESIAN_POINT('',(-72.5,-125.,0.));
#35 = DIRECTION('',(1.,0.,-0.));
#36 = DIRECTION('',(0.,0.,1.));
#37 = DEFINITIONAL_REPRESENTATION('',(#38),#42);
#38 = LINE('',#39,#40);
#39 = CARTESIAN_POINT('',(72.,0.));
#40 = VECTOR('',#41,1.);
#41 = DIRECTION('',(0.,-1.));
#42 = ( GEOMETRIC_REPRESENTATION_CONTEXT(2) 
PARAMETRIC_REPRESENTATION_CONTEXT() REPRESENTATION_CONTEXT('2D SPACE',''
  ) );
#43 = PCURVE('',#44,#49);
#44 = PLANE('',#45);
#45 = AXIS2_PLACEMENT_3D('',#46,#47,#48);
#46 = CARTESIAN_POINT('',(-72.5,-125.,72.));
#47 = DIRECTION('',(0.,0.,1.));
#48 = DIRECTION('',(1.,0.,-0.));
#49 = DEFINITIONAL_REPRESENTATION('',(#50),#54);
#50 = LINE('',#51,#52);
#51 = CARTESIAN_POINT('',(0.,0.));
#52 = VECTOR('',#53,1.);
#53 = DIRECTION('',(0.,1.));
#54 = ( GEOMETRIC_REPRESENTATION_CONTEXT(2) 
PARAMETRIC_REPRESENTATION_CONTEXT() REPRESENTATION_CONTEXT('2D SPACE',''
  ) );
#55 = ORIENTED_EDGE('',*,*,#56,.F.);
#56 = EDGE_CURVE('',#57,#22,#59,.T.);
#57 = VERTEX_POINT('',#58);
#58 = CARTESIAN_POINT('',(-72.5,-125.,0.));
#59 = SURFACE_CURVE('',#60,(#64,#71),.PCURVE_S1.);
#60 = LINE('',#61,#62);
#61 = CARTESIAN_POINT('',(-72.5,-125.,0.));
#62 = VECTOR('',#63,1.);
#63 = DIRECTION('',(0.,0.,1.));
#64 = PCURVE('',#32,#65);
#65 = DEFINITIONAL_REPRESENTATION('',(#66),#70);
#66 = LINE('',#67,#68);
#67 = CARTESIAN_POINT('',(0.,0.));
#68 = VECTOR('',#69,1.);
#69 = DIRECTION('',(1.,0.));
#70 = ( GEOMETRIC_REPRESENTATION_CONTEXT(2) 
PARAMETRIC_REPRESENTATION_CONTEXT() REPRESENTATION_CONTEXT('2D SPACE',''
  ) );
#71 = PCURVE('',#72,#77);
#72 = PLANE('',#73);
#73 = AXIS2_PLACEMENT_3D('',#74,#75,#76);
#74 = CARTESIAN_POINT('',(-72.5,-125.,0.));
#75 = DIRECTION('',(-0.,1.,0.));
#76 = DIRECTION('',(0.,0.,1.));
#77 = DEFINITIONAL_REPRESENTATION('',(#78),#82);
#78 = LINE('',#79,#80);
#79 = CARTESIAN_POINT('',(0.,0.));
#80 = VECTOR('',#81,1.);
#81 = DIRECTION('',(1.,0.));
#82 = ( GEOMETRIC_REPRESENTATION_CONTEXT(2) 
PARAMETRIC_REPRESENTATION_CONTEXT() REPRESENTATION_CONTEXT('2D SPACE',''
  ) );
#83 = ORIENTED_EDGE('',*,*,#84,.T.);
#84 = EDGE_CURVE('',#57,#85,#87,.T.);
#85 = VERTEX_POINT('',#86);
#86 = CARTESIAN_POINT('',(-72.5,125.,0.));
#87 = SURFACE_CURVE('',#88,(#92,#99),.PCURVE_S1.);
#88 = LINE('',#89,#90);
#89 = CARTESIAN_POINT('',(-72.5,-125.,0.));
#90 = VECTOR('',#91,1.);
#91 = DIRECTION('',(-0.,1.,0.));
#92 = PCURVE('',#32,#93);
#93 = DEFINITIONAL_REPRESENTATION('',(#94),#98);
#94 = LINE('',#95,#96);
#95 = CARTESIAN_POINT('',(0.,0.));
#96 = VECTOR('',#97,1.);
#97 = DIRECTION('',(0.,-1.));
#98 = ( GEOMETRIC_REPRESENTATION_CONTEXT(2) 
PARAMETRIC_REPRESENTATION_CONTEXT() REPRESENTATION_CONTEXT('2D SPACE',''
  ) );
#99 = PCURVE('',#100,#105);
#100 = PLANE('',#101);
#101 = AXIS2_PLACEMENT_3D('',#102,#103,#104);
#102 = CARTESIAN_POINT('',(-72.5,-125.,0.));
#103 = DIRECTION('',(0.,0.,1.));
#104 = DIRECTION('',(1.,0.,-0.));
#105 = DEFINITIONAL_REPRESENTATION('',(#106),#110);
#106 = LINE('',#107,#108);
#107 = CARTESIAN_POINT('',(0.,0.));
#108 = VECTOR('',#109,1.);
#109 = DIRECTION('',(0.,1.));
#110 = ( GEOMETRIC_REPRESENTATION_CONTEXT(2) 
PARAMETRIC_REPRESENTATION_CONTEXT() REPRESENTATION_CONTEXT('2D SPACE',''
  ) );
#111 = ORIENTED_EDGE('',*,*,#112,.T.);
#112 = EDGE_CURVE('',#85,#113,#115,.T.);
#113 = VERTEX_POINT('',#114);
#114 = CARTESIAN_POINT('',(-72.5,125.,72.));
#115 = SURFACE_CURVE('',#116,(#120,#127),.PCURVE_S1.);
#116 = LINE('',#117,#118);
#117 = CARTESIAN_POINT('',(-72.5,125.,0.));
#118 = VECTOR('',#119,1.);
#119 = DIRECTION('',(0.,0.,1.));
#120 = PCURVE('',#32,#121);
#121 = DEFINITIONAL_REPRESENTATION('',(#122),#126);
#122 = LINE('',#123,#124);
#123 = CARTESIAN_POINT('',(0.,-250.));
#124 = VECTOR('',#125,1.);
#125 = DIRECTION('',(1.,0.));
#126 = ( GEOMETRIC_REPRESENTATION_CONTEXT(2) 
PARAMETRIC_REPRESENTATION_CONTEXT() REPRESENTATION_CONTEXT('2D SPACE',''
  ) );
#127 = PCURVE('',#128,#133);
#128 = PLANE('',#129);
#129 = AXIS2_PLACEMENT_3D('',#130,#131,#132);
#130 = CARTESIAN_POINT('',(-72.5,125.,0.));
#131 = DIRECTION('',(-0.,1.,0.));
#132 = DIRECTION('',(0.,0.,1.));
#133 = DEFINITIONAL_REPRESENTATION('',(#134),#138);
#134 = LINE('',#135,#136);
#135 = CARTESIAN_POINT('',(0.,0.));
#136 = VECTOR('',#137,1.);
#137 = DIRECTION('',(1.,0.));
#138 = ( GEOMETRIC_REPRESENTATION_CONTEXT(2) 
PARAMETRIC_REPRESENTATION_CONTEXT() REPRESENTATION_CONTEXT('2D SPACE',''
  ) );
#139 = ORIENTED_EDGE('',*,*,#140,.F.);
#140 = EDGE_CURVE('',#141,#113,#143,.T.);
#141 = VERTEX_POINT('',#142);
#142 = CARTESIAN_POINT('',(-72.5,-66.52002358493,72.));
#143 = SURFACE_CURVE('',#144,(#148,#155),.PCURVE_S1.);
#144 = LINE('',#145,#146);
#145 = CARTESIAN_POINT('',(-72.5,-125.,72.));
#146 = VECTOR('',#147,1.);
#147 = DIRECTION('',(-0.,1.,0.));
#148 = PCURVE('',#32,#149);
#149 = DEFINITIONAL_REPRESENTATION('',(#150),#154);
#150 = LINE('',#151,#152);
#151 = CARTESIAN_POINT('',(72.,0.));
#152 = VECTOR('',#153,1.);
#153 = DIRECTION('',(0.,-1.));
#154 = ( GEOMETRIC_REPRESENTATION_CONTEXT(2) 
PARAMETRIC_REPRESENTATION_CONTEXT() REPRESENTATION_CONTEXT('2D SPACE',''
  ) );
#155 = PCURVE('',#156,#161);
#156 = PLANE('',#157);
#157 = AXIS2_PLACEMENT_3D('',#158,#159,#160);
#158 = CARTESIAN_POINT('',(-72.5,-125.,72.));
#159 = DIRECTION('',(0.,0.,1.));
#160 = DIRECTION('',(1.,0.,-0.));
#161 = DEFINITIONAL_REPRESENTATION('',(#162),#166);
#162 = LINE('',#163,#164);
#163 = CARTESIAN_POINT('',(0.,0.));
#164 = VECTOR('',#165,1.);
#165 = DIRECTION('',(0.,1.));
#166 = ( GEOMETRIC_REPRESENTATION_CONTEXT(2) 
PARAMETRIC_REPRESENTATION_CONTEXT() REPRESENTATION_CONTEXT('2D SPACE',''
  ) );
#167 = ORIENTED_EDGE('',*,*,#168,.F.);
#168 = EDGE_CURVE('',#24,#141,#169,.T.);
#169 = SURFACE_CURVE('',#170,(#175,#182),.PCURVE_S1.);
#170 = CIRCLE('',#171,8.479976415062);
#171 = AXIS2_PLACEMENT_3D('',#172,#173,#174);
#172 = CARTESIAN_POINT('',(-72.5,-75.,72.));
#173 = DIRECTION('',(1.,0.,-0.));
#174 = DIRECTION('',(0.,0.,1.));
#175 = PCURVE('',#32,#176);
#176 = DEFINITIONAL_REPRESENTATION('',(#177),#181);
#177 = CIRCLE('',#178,8.479976415062);
#178 = AXIS2_PLACEMENT_2D('',#179,#180);
#179 = CARTESIAN_POINT('',(72.,-50.));
#180 = DIRECTION('',(1.,0.));
#181 = ( GEOMETRIC_REPRESENTATION_CONTEXT(2) 
PARAMETRIC_REPRESENTATION_CONTEXT() REPRESENTATION_CONTEXT('2D SPACE',''
  ) );
#182 = PCURVE('',#183,#188);
#183 = SPHERICAL_SURFACE('',#184,22.);
#184 = AXIS2_PLACEMENT_3D('',#185,#186,#187);
#185 = CARTESIAN_POINT('',(-52.2,-75.,72.));
#186 = DIRECTION('',(0.,0.,1.));
#187 = DIRECTION('',(1.,0.,-0.));
#188 = DEFINITIONAL_REPRESENTATION('',(#189),#220);
#189 = B_SPLINE_CURVE_WITH_KNOTS('',8,(#190,#191,#192,#193,#194,#195,
    #196,#197,#198,#199,#200,#201,#202,#203,#204,#205,#206,#207,#208,
    #209,#210,#211,#212,#213,#214,#215,#216,#217,#218,#219),
  .UNSPECIFIED.,.F.,.F.,(9,7,7,7,9),(1.570796326795,2.356194490192,
    2.94524311274,3.828816046563,4.712388980385),.UNSPECIFIED.);
#190 = CARTESIAN_POINT('',(3.537291874746,0.));
#191 = CARTESIAN_POINT('',(3.537291874746,-3.784180626161E-02));
#192 = CARTESIAN_POINT('',(3.533374184242,-7.568361906573E-02));
#193 = CARTESIAN_POINT('',(3.525538395106,-0.113052194055));
#194 = CARTESIAN_POINT('',(3.513794362924,-0.149474419859));
#195 = CARTESIAN_POINT('',(3.498158063631,-0.184472089176));
#196 = CARTESIAN_POINT('',(3.478678118028,-0.217557155881));
#197 = CARTESIAN_POINT('',(3.455479022341,-0.248238273318));
#198 = CARTESIAN_POINT('',(3.408803198471,-0.296907760704));
#199 = CARTESIAN_POINT('',(3.386845758738,-0.316151748319));
#200 = CARTESIAN_POINT('',(3.363038629018,-0.333584672629));
#201 = CARTESIAN_POINT('',(3.337523022152,-0.349017925749));
#202 = CARTESIAN_POINT('',(3.310488013818,-0.362276771027));
#203 = CARTESIAN_POINT('',(3.282175798217,-0.373210892724));
#204 = CARTESIAN_POINT('',(3.252876658022,-0.381705144784));
#205 = CARTESIAN_POINT('',(3.177956468884,-0.396657103007));
#206 = CARTESIAN_POINT('',(3.131499243867,-0.399972909153));
#207 = CARTESIAN_POINT('',(3.084611353139,-0.397385264663));
#208 = CARTESIAN_POINT('',(3.038507419804,-0.388853432778));
#209 = CARTESIAN_POINT('',(2.99442263377,-0.374598605591));
#210 = CARTESIAN_POINT('',(2.953313621731,-0.355073479422));
#211 = CARTESIAN_POINT('',(2.915864681352,-0.330846912626));
#212 = CARTESIAN_POINT('',(2.849216268769,-0.274261914245));
#213 = CARTESIAN_POINT('',(2.820016761114,-0.241903441026));
#214 = CARTESIAN_POINT('',(2.795406685444,-0.20611390463));
#215 = CARTESIAN_POINT('',(2.77563023531,-0.167592939354));
#216 = CARTESIAN_POINT('',(2.760768523791,-0.127042387612));
#217 = CARTESIAN_POINT('',(2.750851859581,-8.514405466195E-02));
#218 = CARTESIAN_POINT('',(2.745893432434,-4.257203204431E-02));
#219 = CARTESIAN_POINT('',(2.745893432434,0.));
#220 = ( GEOMETRIC_REPRESENTATION_CONTEXT(2) 
PARAMETRIC_REPRESENTATION_CONTEXT() REPRESENTATION_CONTEXT('2D SPACE',''
  ) );
#221 = ADVANCED_FACE('',(#222),#44,.T.);
#222 = FACE_BOUND('',#223,.T.);
#223 = EDGE_LOOP('',(#224,#248,#249,#272));
#224 = ORIENTED_EDGE('',*,*,#225,.F.);
#225 = EDGE_CURVE('',#24,#226,#228,.T.);
#226 = VERTEX_POINT('',#227);
#227 = CARTESIAN_POINT('',(-47.2626979241,-96.4388210546,72.));
#228 = SURFACE_CURVE('',#229,(#234,#241),.PCURVE_S1.);
#229 = CIRCLE('',#230,22.);
#230 = AXIS2_PLACEMENT_3D('',#231,#232,#233);
#231 = CARTESIAN_POINT('',(-52.2,-75.,72.));
#232 = DIRECTION('',(0.,0.,1.));
#233 = DIRECTION('',(1.,0.,-0.));
#234 = PCURVE('',#44,#235);
#235 = DEFINITIONAL_REPRESENTATION('',(#236),#240);
#236 = CIRCLE('',#237,22.);
#237 = AXIS2_PLACEMENT_2D('',#238,#239);
#238 = CARTESIAN_POINT('',(20.3,50.));
#239 = DIRECTION('',(1.,0.));
#240 = ( GEOMETRIC_REPRESENTATION_CONTEXT(2) 
PARAMETRIC_REPRESENTATION_CONTEXT() REPRESENTATION_CONTEXT('2D SPACE',''
  ) );
#241 = PCURVE('',#183,#242);
#242 = DEFINITIONAL_REPRESENTATION('',(#243),#247);
#243 = LINE('',#244,#245);
#244 = CARTESIAN_POINT('',(0.,0.));
#245 = VECTOR('',#246,1.);
#246 = DIRECTION('',(1.,0.));
#247 = ( GEOMETRIC_REPRESENTATION_CONTEXT(2) 
PARAMETRIC_REPRESENTATION_CONTEXT() REPRESENTATION_CONTEXT('2D SPACE',''
  ) );
#248 = ORIENTED_EDGE('',*,*,#21,.F.);
#249 = ORIENTED_EDGE('',*,*,#250,.T.);
#250 = EDGE_CURVE('',#22,#251,#253,.T.);
#251 = VERTEX_POINT('',#252);
#252 = CARTESIAN_POINT('',(-43.66985688092,-125.,72.));
#253 = SURFACE_CURVE('',#254,(#258,#265),.PCURVE_S1.);
#254 = LINE('',#255,#256);
#255 = CARTESIAN_POINT('',(-72.5,-125.,72.));
#256 = VECTOR('',#257,1.);
#257 = DIRECTION('',(1.,0.,-0.));
#258 = PCURVE('',#44,#259);
#259 = DEFINITIONAL_REPRESENTATION('',(#260),#264);
#260 = LINE('',#261,#262);
#261 = CARTESIAN_POINT('',(0.,0.));
#262 = VECTOR('',#263,1.);
#263 = DIRECTION('',(1.,0.));
#264 = ( GEOMETRIC_REPRESENTATION_CONTEXT(2) 
PARAMETRIC_REPRESENTATION_CONTEXT() REPRESENTATION_CONTEXT('2D SPACE',''
  ) );
#265 = PCURVE('',#72,#266);
#266 = DEFINITIONAL_REPRESENTATION('',(#267),#271);
#267 = LINE('',#268,#269);
#268 = CARTESIAN_POINT('',(72.,0.));
#269 = VECTOR('',#270,1.);
#270 = DIRECTION('',(0.,1.));
#271 = ( GEOMETRIC_REPRESENTATION_CONTEXT(2) 
PARAMETRIC_REPRESENTATION_CONTEXT() REPRESENTATION_CONTEXT('2D SPACE',''
  ) );
#272 = ORIENTED_EDGE('',*,*,#273,.F.);
#273 = EDGE_CURVE('',#226,#251,#274,.T.);
#274 = SURFACE_CURVE('',#275,(#280,#287),.PCURVE_S1.);
#275 = CIRCLE('',#276,48.031826948389);
#276 = AXIS2_PLACEMENT_3D('',#277,#278,#279);
#277 = CARTESIAN_POINT('',(0.,-105.,72.));
#278 = DIRECTION('',(0.,0.,1.));
#279 = DIRECTION('',(1.,0.,-0.));
#280 = PCURVE('',#44,#281);
#281 = DEFINITIONAL_REPRESENTATION('',(#282),#286);
#282 = CIRCLE('',#283,48.031826948389);
#283 = AXIS2_PLACEMENT_2D('',#284,#285);
#284 = CARTESIAN_POINT('',(72.5,20.));
#285 = DIRECTION('',(1.,0.));
#286 = ( GEOMETRIC_REPRESENTATION_CONTEXT(2) 
PARAMETRIC_REPRESENTATION_CONTEXT() REPRESENTATION_CONTEXT('2D SPACE',''
  ) );
#287 = PCURVE('',#288,#293);
#288 = SPHERICAL_SURFACE('',#289,60.9);
#289 = AXIS2_PLACEMENT_3D('',#290,#291,#292);
#290 = CARTESIAN_POINT('',(0.,-105.,34.56));
#291 = DIRECTION('',(0.,0.,1.));
#292 = DIRECTION('',(1.,0.,-0.));
#293 = DEFINITIONAL_REPRESENTATION('',(#294),#298);
#294 = LINE('',#295,#296);
#295 = CARTESIAN_POINT('',(0.,0.662104872065));
#296 = VECTOR('',#297,1.);
#297 = DIRECTION('',(1.,0.));
#298 = ( GEOMETRIC_REPRESENTATION_CONTEXT(2) 
PARAMETRIC_REPRESENTATION_CONTEXT() REPRESENTATION_CONTEXT('2D SPACE',''
  ) );
#299 = ADVANCED_FACE('',(#300),#183,.T.);
#300 = FACE_BOUND('',#301,.T.);
#301 = EDGE_LOOP('',(#302,#328,#329,#456,#478,#479,#480));
#302 = ORIENTED_EDGE('',*,*,#303,.T.);
#303 = EDGE_CURVE('',#304,#306,#308,.T.);
#304 = VERTEX_POINT('',#305);
#305 = CARTESIAN_POINT('',(-30.92474874841,-75.,77.600328935165));
#306 = VERTEX_POINT('',#307);
#307 = CARTESIAN_POINT('',(-52.2,-75.,94.));
#308 = SEAM_CURVE('',#309,(#314,#321),.PCURVE_S1.);
#309 = CIRCLE('',#310,22.);
#310 = AXIS2_PLACEMENT_3D('',#311,#312,#313);
#311 = CARTESIAN_POINT('',(-52.2,-75.,72.));
#312 = DIRECTION('',(-2.449293598295E-16,-1.,0.));
#313 = DIRECTION('',(1.,-2.449293598295E-16,0.));
#314 = PCURVE('',#183,#315);
#315 = DEFINITIONAL_REPRESENTATION('',(#316),#320);
#316 = LINE('',#317,#318);
#317 = CARTESIAN_POINT('',(6.28318530718,-6.28318530718));
#318 = VECTOR('',#319,1.);
#319 = DIRECTION('',(0.,1.));
#320 = ( GEOMETRIC_REPRESENTATION_CONTEXT(2) 
PARAMETRIC_REPRESENTATION_CONTEXT() REPRESENTATION_CONTEXT('2D SPACE',''
  ) );
#321 = PCURVE('',#183,#322);
#322 = DEFINITIONAL_REPRESENTATION('',(#323),#327);
#323 = LINE('',#324,#325);
#324 = CARTESIAN_POINT('',(0.,-6.28318530718));
#325 = VECTOR('',#326,1.);
#326 = DIRECTION('',(0.,1.));
#327 = ( GEOMETRIC_REPRESENTATION_CONTEXT(2) 
PARAMETRIC_REPRESENTATION_CONTEXT() REPRESENTATION_CONTEXT('2D SPACE',''
  ) );
#328 = ORIENTED_EDGE('',*,*,#303,.F.);
#329 = ORIENTED_EDGE('',*,*,#330,.T.);
#330 = EDGE_CURVE('',#304,#331,#333,.T.);
#331 = VERTEX_POINT('',#332);
#332 = CARTESIAN_POINT('',(-31.19047299654,-68.47314968065,72.));
#333 = SURFACE_CURVE('',#334,(#339,#429),.PCURVE_S1.);
#334 = CIRCLE('',#335,17.959330901047);
#335 = AXIS2_PLACEMENT_3D('',#336,#337,#338);
#336 = CARTESIAN_POINT('',(-42.84444916334,-80.37675335439,
    65.28981181371));
#337 = DIRECTION('',(-0.736264084903,0.42314027868,0.528079067793));
#338 = DIRECTION('',(-0.582827439192,-2.775557561563E-17,-0.812595948873
    ));
#339 = PCURVE('',#183,#340);
#340 = DEFINITIONAL_REPRESENTATION('',(#341),#428);
#341 = B_SPLINE_CURVE_WITH_KNOTS('',8,(#342,#343,#344,#345,#346,#347,
    #348,#349,#350,#351,#352,#353,#354,#355,#356,#357,#358,#359,#360,
    #361,#362,#363,#364,#365,#366,#367,#368,#369,#370,#371,#372,#373,
    #374,#375,#376,#377,#378,#379,#380,#381,#382,#383,#384,#385,#386,
    #387,#388,#389,#390,#391,#392,#393,#394,#395,#396,#397,#398,#399,
    #400,#401,#402,#403,#404,#405,#406,#407,#408,#409,#410,#411,#412,
    #413,#414,#415,#416,#417,#418,#419,#420,#421,#422,#423,#424,#425,
    #426,#427),.UNSPECIFIED.,.F.,.F.,(9,7,7,7,7,7,7,7,7,7,7,7,9),(
    3.478344953929,4.095366967157,4.558133477078,4.905208359518,
    5.165514521349,5.360744142722,5.507166358751,5.616983020773,
    5.69934551729,5.822889262065,5.884661134453,5.915547070646,
    5.94643300684),.UNSPECIFIED.);
#342 = CARTESIAN_POINT('',(1.7763568394E-15,0.25739310722));
#343 = CARTESIAN_POINT('',(5.567755245786E-02,0.224757248891));
#344 = CARTESIAN_POINT('',(0.10854368122,0.188507991325));
#345 = CARTESIAN_POINT('',(0.15851249277,0.14901233475));
#346 = CARTESIAN_POINT('',(0.205627018939,0.106636461518));
#347 = CARTESIAN_POINT('',(0.25001525023,6.171702807586E-02));
#348 = CARTESIAN_POINT('',(0.291837236469,1.455272810044E-02));
#349 = CARTESIAN_POINT('',(0.331264120649,-3.459372788398E-02));
#350 = CARTESIAN_POINT('',(0.396358726909,-0.123666563641));
#351 = CARTESIAN_POINT('',(0.423002027281,-0.162826314238));
#352 = CARTESIAN_POINT('',(0.448460814651,-0.202874730939));
#353 = CARTESIAN_POINT('',(0.472802698902,-0.243725265234));
#354 = CARTESIAN_POINT('',(0.496090293523,-0.285300755364));
#355 = CARTESIAN_POINT('',(0.518378740566,-0.327532308777));
#356 = CARTESIAN_POINT('',(0.539713491836,-0.370358143828));
#357 = CARTESIAN_POINT('',(0.57543948714,-0.44624557587));
#358 = CARTESIAN_POINT('',(0.590233143774,-0.479071620059));
#359 = CARTESIAN_POINT('',(0.604523592262,-0.512176966351));
#360 = CARTESIAN_POINT('',(0.618320995319,-0.545539940877));
#361 = CARTESIAN_POINT('',(0.63163114056,-0.579140506685));
#362 = CARTESIAN_POINT('',(0.644454293742,-0.612960016094));
#363 = CARTESIAN_POINT('',(0.656783166987,-0.64698096157));
#364 = CARTESIAN_POINT('',(0.677462628255,-0.706841047766));
#365 = CARTESIAN_POINT('',(0.686037195381,-0.732599329429));
#366 = CARTESIAN_POINT('',(0.694316268873,-0.75845456116));
#367 = CARTESIAN_POINT('',(0.702288691585,-0.784400002832));
#368 = CARTESIAN_POINT('',(0.709939225063,-0.810429133948));
#369 = CARTESIAN_POINT('',(0.717247089038,-0.836535574826));
#370 = CARTESIAN_POINT('',(0.724183399049,-0.862712978172));
#371 = CARTESIAN_POINT('',(0.73560057962,-0.908636325657));
#372 = CARTESIAN_POINT('',(0.740261747939,-0.928354045576));
#373 = CARTESIAN_POINT('',(0.744673920248,-0.948105330378));
#374 = CARTESIAN_POINT('',(0.748815820491,-0.967887411941));
#375 = CARTESIAN_POINT('',(0.752661487396,-0.987697453104));
#376 = CARTESIAN_POINT('',(0.756178504501,-1.007532488045));
#377 = CARTESIAN_POINT('',(0.759324956282,-1.027389324355));
#378 = CARTESIAN_POINT('',(0.764085226012,-1.062170718653));
#379 = CARTESIAN_POINT('',(0.765885503114,-1.077087292521));
#380 = CARTESIAN_POINT('',(0.76742249234,-1.092012630557));
#381 = CARTESIAN_POINT('',(0.768667872799,-1.106945104558));
#382 = CARTESIAN_POINT('',(0.769587809829,-1.121882935715));
#383 = CARTESIAN_POINT('',(0.770140925019,-1.136824131463));
#384 = CARTESIAN_POINT('',(0.770274878517,-1.151766379441));
#385 = CARTESIAN_POINT('',(0.769656577425,-1.177912287911));
#386 = CARTESIAN_POINT('',(0.76911745736,-1.189116703323));
#387 = CARTESIAN_POINT('',(0.76827552414,-1.20031897334));
#388 = CARTESIAN_POINT('',(0.767096620535,-1.211517762484));
#389 = CARTESIAN_POINT('',(0.765540317573,-1.222711547377));
#390 = CARTESIAN_POINT('',(0.763557732555,-1.233898548647));
#391 = CARTESIAN_POINT('',(0.761087958889,-1.245076618592));
#392 = CARTESIAN_POINT('',(0.755776969356,-1.264617934174));
#393 = CARTESIAN_POINT('',(0.753182935612,-1.272986255187));
#394 = CARTESIAN_POINT('',(0.750238182096,-1.281346921536));
#395 = CARTESIAN_POINT('',(0.746904092494,-1.289698626777));
#396 = CARTESIAN_POINT('',(0.7431353421,-1.29803985641));
#397 = CARTESIAN_POINT('',(0.738877753105,-1.306368818992));
#398 = CARTESIAN_POINT('',(0.734064921654,-1.314683336104));
#399 = CARTESIAN_POINT('',(0.720436659242,-1.335426723809));
#400 = CARTESIAN_POINT('',(0.710823039313,-1.347834136324));
#401 = CARTESIAN_POINT('',(0.699491786829,-1.360193776446));
#402 = CARTESIAN_POINT('',(0.686072970163,-1.372493542876));
#403 = CARTESIAN_POINT('',(0.670074365801,-1.384717640847));
#404 = CARTESIAN_POINT('',(0.650791063715,-1.396842716909));
#405 = CARTESIAN_POINT('',(0.627210429215,-1.408835984765));
#406 = CARTESIAN_POINT('',(0.582699328895,-1.426534736913));
#407 = CARTESIAN_POINT('',(0.566338939536,-1.432385795002));
#408 = CARTESIAN_POINT('',(0.548230533787,-1.438180534543));
#409 = CARTESIAN_POINT('',(0.528100910237,-1.443909308329));
#410 = CARTESIAN_POINT('',(0.505611187994,-1.449559939377));
#411 = CARTESIAN_POINT('',(0.480340393991,-1.455116741824));
#412 = CARTESIAN_POINT('',(0.451745448979,-1.460558824146));
#413 = CARTESIAN_POINT('',(0.402843759271,-1.468506040636));
#414 = CARTESIAN_POINT('',(0.385541700358,-1.47111912895));
#415 = CARTESIAN_POINT('',(0.367152691882,-1.473692578566));
#416 = CARTESIAN_POINT('',(0.347583225633,-1.476222221991));
#417 = CARTESIAN_POINT('',(0.326730242508,-1.47870327053));
#418 = CARTESIAN_POINT('',(0.304481626395,-1.481130200087));
#419 = CARTESIAN_POINT('',(0.280718688509,-1.483496631322));
#420 = CARTESIAN_POINT('',(0.229922595847,-1.488093776998));
#421 = CARTESIAN_POINT('',(0.202889504739,-1.490324496659));
#422 = CARTESIAN_POINT('',(0.174100757839,-1.492479986005));
#423 = CARTESIAN_POINT('',(0.143434723172,-1.49455195669));
#424 = CARTESIAN_POINT('',(0.110773839236,-1.496531003373));
#425 = CARTESIAN_POINT('',(7.60163330808E-02,-1.49840659077));
#426 = CARTESIAN_POINT('',(3.909456502337E-02,-1.500167233541));
#427 = CARTESIAN_POINT('',(1.24344978758E-14,-1.501800868997));
#428 = ( GEOMETRIC_REPRESENTATION_CONTEXT(2) 
PARAMETRIC_REPRESENTATION_CONTEXT() REPRESENTATION_CONTEXT('2D SPACE',''
  ) );
#429 = PCURVE('',#288,#430);
#430 = DEFINITIONAL_REPRESENTATION('',(#431),#455);
#431 = B_SPLINE_CURVE_WITH_KNOTS('',8,(#432,#433,#434,#435,#436,#437,
    #438,#439,#440,#441,#442,#443,#444,#445,#446,#447,#448,#449,#450,
    #451,#452,#453,#454),.UNSPECIFIED.,.F.,.F.,(9,7,7,9),(3.478344953929
    ,4.095366967157,5.020899986999,5.94643300684),.UNSPECIFIED.);
#432 = CARTESIAN_POINT('',(2.371371864908,0.784876409653));
#433 = CARTESIAN_POINT('',(2.348684654267,0.768761014261));
#434 = CARTESIAN_POINT('',(2.328750815967,0.750999618973));
#435 = CARTESIAN_POINT('',(2.311703236434,0.73183790258));
#436 = CARTESIAN_POINT('',(2.29755930413,0.711530498343));
#437 = CARTESIAN_POINT('',(2.286253035258,0.690324364472));
#438 = CARTESIAN_POINT('',(2.277678840976,0.668451933671));
#439 = CARTESIAN_POINT('',(2.271710212963,0.646130739983));
#440 = CARTESIAN_POINT('',(2.262966484174,0.589713332773));
#441 = CARTESIAN_POINT('',(2.26328029672,0.555309905275));
#442 = CARTESIAN_POINT('',(2.268700240011,0.521038699093));
#443 = CARTESIAN_POINT('',(2.278731116037,0.487511352555));
#444 = CARTESIAN_POINT('',(2.292926134729,0.455271977606));
#445 = CARTESIAN_POINT('',(2.31086680602,0.424816560097));
#446 = CARTESIAN_POINT('',(2.332144284029,0.396591998839));
#447 = CARTESIAN_POINT('',(2.380538761818,0.345388868958));
#448 = CARTESIAN_POINT('',(2.407655768895,0.322410292611));
#449 = CARTESIAN_POINT('',(2.437275567193,0.302446826415));
#450 = CARTESIAN_POINT('',(2.468973332545,0.285835480032));
#451 = CARTESIAN_POINT('',(2.502300125107,0.272852136673));
#452 = CARTESIAN_POINT('',(2.536772618671,0.263696039782));
#453 = CARTESIAN_POINT('',(2.571888452852,0.258477422608));
#454 = CARTESIAN_POINT('',(2.607142253077,0.257216770087));
#455 = ( GEOMETRIC_REPRESENTATION_CONTEXT(2) 
PARAMETRIC_REPRESENTATION_CONTEXT() REPRESENTATION_CONTEXT('2D SPACE',''
  ) );
#456 = ORIENTED_EDGE('',*,*,#457,.T.);
#457 = EDGE_CURVE('',#331,#141,#458,.T.);
#458 = SURFACE_CURVE('',#459,(#464,#471),.PCURVE_S1.);
#459 = CIRCLE('',#460,22.);
#460 = AXIS2_PLACEMENT_3D('',#461,#462,#463);
#461 = CARTESIAN_POINT('',(-52.2,-75.,72.));
#462 = DIRECTION('',(0.,0.,1.));
#463 = DIRECTION('',(1.,0.,-0.));
#464 = PCURVE('',#183,#465);
#465 = DEFINITIONAL_REPRESENTATION('',(#466),#470);
#466 = LINE('',#467,#468);
#467 = CARTESIAN_POINT('',(0.,0.));
#468 = VECTOR('',#469,1.);
#469 = DIRECTION('',(1.,0.));
#470 = ( GEOMETRIC_REPRESENTATION_CONTEXT(2) 
PARAMETRIC_REPRESENTATION_CONTEXT() REPRESENTATION_CONTEXT('2D SPACE',''
  ) );
#471 = PCURVE('',#156,#472);
#472 = DEFINITIONAL_REPRESENTATION('',(#473),#477);
#473 = CIRCLE('',#474,22.);
#474 = AXIS2_PLACEMENT_2D('',#475,#476);
#475 = CARTESIAN_POINT('',(20.3,50.));
#476 = DIRECTION('',(1.,0.));
#477 = ( GEOMETRIC_REPRESENTATION_CONTEXT(2) 
PARAMETRIC_REPRESENTATION_CONTEXT() REPRESENTATION_CONTEXT('2D SPACE',''
  ) );
#478 = ORIENTED_EDGE('',*,*,#168,.F.);
#479 = ORIENTED_EDGE('',*,*,#225,.T.);
#480 = ORIENTED_EDGE('',*,*,#481,.T.);
#481 = EDGE_CURVE('',#226,#304,#482,.T.);
#482 = SURFACE_CURVE('',#483,(#488,#592),.PCURVE_S1.);
#483 = CIRCLE('',#484,17.959330901047);
#484 = AXIS2_PLACEMENT_3D('',#485,#486,#487);
#485 = CARTESIAN_POINT('',(-42.84444916334,-80.37675335439,
    65.28981181371));
#486 = DIRECTION('',(-0.736264084903,0.42314027868,0.528079067793));
#487 = DIRECTION('',(-0.582827439192,-2.775557561563E-17,-0.812595948873
    ));
#488 = PCURVE('',#183,#489);
#489 = DEFINITIONAL_REPRESENTATION('',(#490),#591);
#490 = B_SPLINE_CURVE_WITH_KNOTS('',8,(#491,#492,#493,#494,#495,#496,
    #497,#498,#499,#500,#501,#502,#503,#504,#505,#506,#507,#508,#509,
    #510,#511,#512,#513,#514,#515,#516,#517,#518,#519,#520,#521,#522,
    #523,#524,#525,#526,#527,#528,#529,#530,#531,#532,#533,#534,#535,
    #536,#537,#538,#539,#540,#541,#542,#543,#544,#545,#546,#547,#548,
    #549,#550,#551,#552,#553,#554,#555,#556,#557,#558,#559,#560,#561,
    #562,#563,#564,#565,#566,#567,#568,#569,#570,#571,#572,#573,#574,
    #575,#576,#577,#578,#579,#580,#581,#582,#583,#584,#585,#586,#587,
    #588,#589,#590),.UNSPECIFIED.,.F.,.F.,(9,7,7,7,7,7,7,7,7,7,7,7,7,7,9
    ),(5.94643300684,5.976238454139,6.005811046381,6.035152602746,
    6.064264928202,6.122034699029,6.235768935344,6.345948976774,
    6.559422807045,6.959686238803,7.660147244379,8.185492998562,
    8.579502314198,9.170516287654,9.761530261109),.UNSPECIFIED.);
#491 = CARTESIAN_POINT('',(6.28318530718,-1.501800868997));
#492 = CARTESIAN_POINT('',(6.245458395158,-1.503377354657));
#493 = CARTESIAN_POINT('',(6.205708013808,-1.504835569412));
#494 = CARTESIAN_POINT('',(6.163926407432,-1.506164684971));
#495 = CARTESIAN_POINT('',(6.120156313928,-1.507353460532));
#496 = CARTESIAN_POINT('',(6.074510255014,-1.508390563934));
#497 = CARTESIAN_POINT('',(6.027191528385,-1.509265424665));
#498 = CARTESIAN_POINT('',(5.978498360694,-1.509969253674));
#499 = CARTESIAN_POINT('',(5.879475325608,-1.511018361976));
#500 = CARTESIAN_POINT('',(5.829161262299,-1.511366396211));
#501 = CARTESIAN_POINT('',(5.778204137193,-1.511533931735));
#502 = CARTESIAN_POINT('',(5.727020423398,-1.51151736949));
#503 = CARTESIAN_POINT('',(5.6760630572,-1.511316418054));
#504 = CARTESIAN_POINT('',(5.625767528954,-1.510934195168));
#505 = CARTESIAN_POINT('',(5.576503617212,-1.510376712464));
#506 = CARTESIAN_POINT('',(5.48100280626,-1.508932742035));
#507 = CARTESIAN_POINT('',(5.434745219967,-1.508048861675));
#508 = CARTESIAN_POINT('',(5.390080674284,-1.507008001859));
#509 = CARTESIAN_POINT('',(5.347222527699,-1.505819841623));
#510 = CARTESIAN_POINT('',(5.306295878124,-1.504495096986));
#511 = CARTESIAN_POINT('',(5.267350493503,-1.503044685391));
#512 = CARTESIAN_POINT('',(5.230383546694,-1.50147912407));
#513 = CARTESIAN_POINT('',(5.160599889041,-1.498150602436));
#514 = CARTESIAN_POINT('',(5.12775303908,-1.496389276016));
#515 = CARTESIAN_POINT('',(5.096775162777,-1.494534058073));
#516 = CARTESIAN_POINT('',(5.06759139902,-1.49259400941));
#517 = CARTESIAN_POINT('',(5.040107509512,-1.490577376687));
#518 = CARTESIAN_POINT('',(5.014221618908,-1.488491523977));
#519 = CARTESIAN_POINT('',(4.989831385661,-1.486342970201));
#520 = CARTESIAN_POINT('',(4.921206332916,-1.479761116999));
#521 = CARTESIAN_POINT('',(4.881071138413,-1.475160695782));
#522 = CARTESIAN_POINT('',(4.84564898457,-1.470381635482));
#523 = CARTESIAN_POINT('',(4.814199584453,-1.465457848866));
#524 = CARTESIAN_POINT('',(4.786130938443,-1.460414502434));
#525 = CARTESIAN_POINT('',(4.7609528108,-1.455271186551));
#526 = CARTESIAN_POINT('',(4.738267021148,-1.450043233924));
#527 = CARTESIAN_POINT('',(4.677339754715,-1.434308008182));
#528 = CARTESIAN_POINT('',(4.645318987596,-1.423592706479));
#529 = CARTESIAN_POINT('',(4.619168934316,-1.412690822186));
#530 = CARTESIAN_POINT('',(4.597434549069,-1.401650345047));
#531 = CARTESIAN_POINT('',(4.57914323178,-1.390504676459));
#532 = CARTESIAN_POINT('',(4.563604339332,-1.379276047559));
#533 = CARTESIAN_POINT('',(4.550312943461,-1.367981174886));
#534 = CARTESIAN_POINT('',(4.527815151138,-1.345638495214));
#535 = CARTESIAN_POINT('',(4.518494077315,-1.33459400339));
#536 = CARTESIAN_POINT('',(4.510574156579,-1.323510384068));
#537 = CARTESIAN_POINT('',(4.503814331091,-1.31239545827));
#538 = CARTESIAN_POINT('',(4.498033704355,-1.301255128351));
#539 = CARTESIAN_POINT('',(4.493090356561,-1.290094073069));
#540 = CARTESIAN_POINT('',(4.488872517023,-1.278916016354));
#541 = CARTESIAN_POINT('',(4.478345169863,-1.246039632814));
#542 = CARTESIAN_POINT('',(4.473781885567,-1.224303013475));
#543 = CARTESIAN_POINT('',(4.470935824187,-1.202536651869));
#544 = CARTESIAN_POINT('',(4.469439390698,-1.180753818521));
#545 = CARTESIAN_POINT('',(4.46902697143,-1.158964756746));
#546 = CARTESIAN_POINT('',(4.469515014608,-1.137177232485));
#547 = CARTESIAN_POINT('',(4.470762321531,-1.11539780098));
#548 = CARTESIAN_POINT('',(4.476222970407,-1.052821269898));
#549 = CARTESIAN_POINT('',(4.482076368409,-1.012058596286));
#550 = CARTESIAN_POINT('',(4.489514261613,-0.971380903091));
#551 = CARTESIAN_POINT('',(4.498222099537,-0.930814009402));
#552 = CARTESIAN_POINT('',(4.507972234083,-0.890382193066));
#553 = CARTESIAN_POINT('',(4.5186335443,-0.850108055745));
#554 = CARTESIAN_POINT('',(4.53010973739,-0.810014651779));
#555 = CARTESIAN_POINT('',(4.563742286371,-0.700320179049));
#556 = CARTESIAN_POINT('',(4.587453023648,-0.631140912559));
#557 = CARTESIAN_POINT('',(4.613141501977,-0.562715459861));
#558 = CARTESIAN_POINT('',(4.64076473203,-0.495179352985));
#559 = CARTESIAN_POINT('',(4.670351038727,-0.428687529923));
#560 = CARTESIAN_POINT('',(4.702016661643,-0.363419725694));
#561 = CARTESIAN_POINT('',(4.735924203571,-0.299590448877));
#562 = CARTESIAN_POINT('',(4.799541617785,-0.190858592489));
#563 = CARTESIAN_POINT('',(4.828181642375,-0.145213672794));
#564 = CARTESIAN_POINT('',(4.858282620962,-0.100632135016));
#565 = CARTESIAN_POINT('',(4.889941913239,-5.72368687853E-02));
#566 = CARTESIAN_POINT('',(4.923264627332,-1.516662510718E-02));
#567 = CARTESIAN_POINT('',(4.958358502183,2.542150225614E-02));
#568 = CARTESIAN_POINT('',(4.995324796867,6.435093321985E-02));
#569 = CARTESIAN_POINT('',(5.063430314665,0.129235289964));
#570 = CARTESIAN_POINT('',(5.093715948999,0.156000761713));
#571 = CARTESIAN_POINT('',(5.12513220076,0.181642271781));
#572 = CARTESIAN_POINT('',(5.157705460151,0.206072605857));
#573 = CARTESIAN_POINT('',(5.191450992184,0.229199529445));
#574 = CARTESIAN_POINT('',(5.226368341147,0.250927212381));
#575 = CARTESIAN_POINT('',(5.262436592777,0.271158735712));
#576 = CARTESIAN_POINT('',(5.355368846179,0.317761098766));
#577 = CARTESIAN_POINT('',(5.413613742392,0.342143739942));
#578 = CARTESIAN_POINT('',(5.474188912402,0.362628897965));
#579 = CARTESIAN_POINT('',(5.53681322153,0.378911363436));
#580 = CARTESIAN_POINT('',(5.601055892992,0.39072471113));
#581 = CARTESIAN_POINT('',(5.66632322214,0.397886195283));
#582 = CARTESIAN_POINT('',(5.731961438518,0.400326956366));
#583 = CARTESIAN_POINT('',(5.862718464238,0.395839426939));
#584 = CARTESIAN_POINT('',(5.927837251118,0.388911139202));
#585 = CARTESIAN_POINT('',(5.992065887946,0.377334756795));
#586 = CARTESIAN_POINT('',(6.054796361586,0.361251868633));
#587 = CARTESIAN_POINT('',(6.115530233692,0.340905569517));
#588 = CARTESIAN_POINT('',(6.173944528303,0.316598364287));
#589 = CARTESIAN_POINT('',(6.229854614263,0.288653334399));
#590 = CARTESIAN_POINT('',(6.28318530718,0.25739310722));
#591 = ( GEOMETRIC_REPRESENTATION_CONTEXT(2) 
PARAMETRIC_REPRESENTATION_CONTEXT() REPRESENTATION_CONTEXT('2D SPACE',''
  ) );
#592 = PCURVE('',#288,#593);
#593 = DEFINITIONAL_REPRESENTATION('',(#594),#639);
#594 = B_SPLINE_CURVE_WITH_KNOTS('',8,(#595,#596,#597,#598,#599,#600,
    #601,#602,#603,#604,#605,#606,#607,#608,#609,#610,#611,#612,#613,
    #614,#615,#616,#617,#618,#619,#620,#621,#622,#623,#624,#625,#626,
    #627,#628,#629,#630,#631,#632,#633,#634,#635,#636,#637,#638),
  .UNSPECIFIED.,.F.,.F.,(9,7,7,7,7,7,9),(5.94643300684,6.900207320407,
    7.615538055583,8.152036106964,8.5544096455,9.157969953305,
    9.761530261109),.UNSPECIFIED.);
#595 = CARTESIAN_POINT('',(2.607142253077,0.257216770087));
#596 = CARTESIAN_POINT('',(2.643471771733,0.255917650588));
#597 = CARTESIAN_POINT('',(2.679947807313,0.258821724676));
#598 = CARTESIAN_POINT('',(2.716017283441,0.265951347547));
#599 = CARTESIAN_POINT('',(2.751123896205,0.277227681439));
#600 = CARTESIAN_POINT('',(2.784726422726,0.292468448818));
#601 = CARTESIAN_POINT('',(2.816321616279,0.311399682281));
#602 = CARTESIAN_POINT('',(2.845436829088,0.33367486829));
#603 = CARTESIAN_POINT('',(2.891244253394,0.377789696818));
#604 = CARTESIAN_POINT('',(2.909222503876,0.398346023809));
#605 = CARTESIAN_POINT('',(2.925353451027,0.420379117182));
#606 = CARTESIAN_POINT('',(2.939447162997,0.443695417333));
#607 = CARTESIAN_POINT('',(2.951314243744,0.468083501798));
#608 = CARTESIAN_POINT('',(2.960758850065,0.493314360461));
#609 = CARTESIAN_POINT('',(2.967574273225,0.519139733199));
#610 = CARTESIAN_POINT('',(2.974527069809,0.564900579766));
#611 = CARTESIAN_POINT('',(2.975908000339,0.584694443455));
#612 = CARTESIAN_POINT('',(2.975600170113,0.604556149633));
#613 = CARTESIAN_POINT('',(2.973511741488,0.624364322119));
#614 = CARTESIAN_POINT('',(2.969550198904,0.643989900079));
#615 = CARTESIAN_POINT('',(2.963625728406,0.66329517164));
#616 = CARTESIAN_POINT('',(2.95565875264,0.682133550571));
#617 = CARTESIAN_POINT('',(2.938044798036,0.714014554638));
#618 = CARTESIAN_POINT('',(2.929315757371,0.727328721157));
#619 = CARTESIAN_POINT('',(2.919383012774,0.740228896994));
#620 = CARTESIAN_POINT('',(2.908230688227,0.752647968872));
#621 = CARTESIAN_POINT('',(2.895853470296,0.764516979715));
#622 = CARTESIAN_POINT('',(2.882261014489,0.775766010606));
#623 = CARTESIAN_POINT('',(2.867482474086,0.786325670289));
#624 = CARTESIAN_POINT('',(2.827700801787,0.810834788553));
#625 = CARTESIAN_POINT('',(2.801280013171,0.823839236851));
#626 = CARTESIAN_POINT('',(2.772482614317,0.834917672905));
#627 = CARTESIAN_POINT('',(2.741599421677,0.843859237683));
#628 = CARTESIAN_POINT('',(2.709057355811,0.850482393816));
#629 = CARTESIAN_POINT('',(2.675430807503,0.854660618643));
#630 = CARTESIAN_POINT('',(2.641355195247,0.856340570461));
#631 = CARTESIAN_POINT('',(2.573548667302,0.854736049813));
#632 = CARTESIAN_POINT('',(2.539817768454,0.85145157822));
#633 = CARTESIAN_POINT('',(2.506880554642,0.845701081189));
#634 = CARTESIAN_POINT('',(2.475344891549,0.837570178774));
#635 = CARTESIAN_POINT('',(2.44572800401,0.827212933389));
#636 = CARTESIAN_POINT('',(2.418390870243,0.814829056625));
#637 = CARTESIAN_POINT('',(2.393564103668,0.800640211908));
#638 = CARTESIAN_POINT('',(2.371371864908,0.784876409653));
#639 = ( GEOMETRIC_REPRESENTATION_CONTEXT(2) 
PARAMETRIC_REPRESENTATION_CONTEXT() REPRESENTATION_CONTEXT('2D SPACE',''
  ) );
#640 = ADVANCED_FACE('',(#641),#156,.T.);
#641 = FACE_BOUND('',#642,.T.);
#642 = EDGE_LOOP('',(#643,#666,#667,#668,#692,#720,#749,#778));
#643 = ORIENTED_EDGE('',*,*,#644,.F.);
#644 = EDGE_CURVE('',#113,#645,#647,.T.);
#645 = VERTEX_POINT('',#646);
#646 = CARTESIAN_POINT('',(-41.01288090344,125.,72.));
#647 = SURFACE_CURVE('',#648,(#652,#659),.PCURVE_S1.);
#648 = LINE('',#649,#650);
#649 = CARTESIAN_POINT('',(-72.5,125.,72.));
#650 = VECTOR('',#651,1.);
#651 = DIRECTION('',(1.,0.,-0.));
#652 = PCURVE('',#156,#653);
#653 = DEFINITIONAL_REPRESENTATION('',(#654),#658);
#654 = LINE('',#655,#656);
#655 = CARTESIAN_POINT('',(0.,250.));
#656 = VECTOR('',#657,1.);
#657 = DIRECTION('',(1.,0.));
#658 = ( GEOMETRIC_REPRESENTATION_CONTEXT(2) 
PARAMETRIC_REPRESENTATION_CONTEXT() REPRESENTATION_CONTEXT('2D SPACE',''
  ) );
#659 = PCURVE('',#128,#660);
#660 = DEFINITIONAL_REPRESENTATION('',(#661),#665);
#661 = LINE('',#662,#663);
#662 = CARTESIAN_POINT('',(72.,0.));
#663 = VECTOR('',#664,1.);
#664 = DIRECTION('',(0.,1.));
#665 = ( GEOMETRIC_REPRESENTATION_CONTEXT(2) 
PARAMETRIC_REPRESENTATION_CONTEXT() REPRESENTATION_CONTEXT('2D SPACE',''
  ) );
#666 = ORIENTED_EDGE('',*,*,#140,.F.);
#667 = ORIENTED_EDGE('',*,*,#457,.F.);
#668 = ORIENTED_EDGE('',*,*,#669,.F.);
#669 = EDGE_CURVE('',#670,#331,#672,.T.);
#670 = VERTEX_POINT('',#671);
#671 = CARTESIAN_POINT('',(-17.,-60.07721736134,72.));
#672 = SURFACE_CURVE('',#673,(#678,#685),.PCURVE_S1.);
#673 = CIRCLE('',#674,48.031826948389);
#674 = AXIS2_PLACEMENT_3D('',#675,#676,#677);
#675 = CARTESIAN_POINT('',(0.,-105.,72.));
#676 = DIRECTION('',(0.,0.,1.));
#677 = DIRECTION('',(1.,0.,-0.));
#678 = PCURVE('',#156,#679);
#679 = DEFINITIONAL_REPRESENTATION('',(#680),#684);
#680 = CIRCLE('',#681,48.031826948389);
#681 = AXIS2_PLACEMENT_2D('',#682,#683);
#682 = CARTESIAN_POINT('',(72.5,20.));
#683 = DIRECTION('',(1.,0.));
#684 = ( GEOMETRIC_REPRESENTATION_CONTEXT(2) 
PARAMETRIC_REPRESENTATION_CONTEXT() REPRESENTATION_CONTEXT('2D SPACE',''
  ) );
#685 = PCURVE('',#288,#686);
#686 = DEFINITIONAL_REPRESENTATION('',(#687),#691);
#687 = LINE('',#688,#689);
#688 = CARTESIAN_POINT('',(0.,0.662104872065));
#689 = VECTOR('',#690,1.);
#690 = DIRECTION('',(1.,0.));
#691 = ( GEOMETRIC_REPRESENTATION_CONTEXT(2) 
PARAMETRIC_REPRESENTATION_CONTEXT() REPRESENTATION_CONTEXT('2D SPACE',''
  ) );
#692 = ORIENTED_EDGE('',*,*,#693,.T.);
#693 = EDGE_CURVE('',#670,#694,#696,.T.);
#694 = VERTEX_POINT('',#695);
#695 = CARTESIAN_POINT('',(-17.,55.077217361344,72.));
#696 = SURFACE_CURVE('',#697,(#701,#708),.PCURVE_S1.);
#697 = LINE('',#698,#699);
#698 = CARTESIAN_POINT('',(-17.,-92.5,72.));
#699 = VECTOR('',#700,1.);
#700 = DIRECTION('',(-0.,1.,0.));
#701 = PCURVE('',#156,#702);
#702 = DEFINITIONAL_REPRESENTATION('',(#703),#707);
#703 = LINE('',#704,#705);
#704 = CARTESIAN_POINT('',(55.5,32.5));
#705 = VECTOR('',#706,1.);
#706 = DIRECTION('',(0.,1.));
#707 = ( GEOMETRIC_REPRESENTATION_CONTEXT(2) 
PARAMETRIC_REPRESENTATION_CONTEXT() REPRESENTATION_CONTEXT('2D SPACE',''
  ) );
#708 = PCURVE('',#709,#714);
#709 = PLANE('',#710);
#710 = AXIS2_PLACEMENT_3D('',#711,#712,#713);
#711 = CARTESIAN_POINT('',(-17.,-92.5,72.));
#712 = DIRECTION('',(1.,0.,-0.));
#713 = DIRECTION('',(0.,0.,1.));
#714 = DEFINITIONAL_REPRESENTATION('',(#715),#719);
#715 = LINE('',#716,#717);
#716 = CARTESIAN_POINT('',(0.,0.));
#717 = VECTOR('',#718,1.);
#718 = DIRECTION('',(0.,-1.));
#719 = ( GEOMETRIC_REPRESENTATION_CONTEXT(2) 
PARAMETRIC_REPRESENTATION_CONTEXT() REPRESENTATION_CONTEXT('2D SPACE',''
  ) );
#720 = ORIENTED_EDGE('',*,*,#721,.F.);
#721 = EDGE_CURVE('',#722,#694,#724,.T.);
#722 = VERTEX_POINT('',#723);
#723 = CARTESIAN_POINT('',(-35.4994855042,67.645047845236,72.));
#724 = SURFACE_CURVE('',#725,(#730,#737),.PCURVE_S1.);
#725 = CIRCLE('',#726,48.031826948389);
#726 = AXIS2_PLACEMENT_3D('',#727,#728,#729);
#727 = CARTESIAN_POINT('',(0.,100.,72.));
#728 = DIRECTION('',(0.,0.,1.));
#729 = DIRECTION('',(1.,0.,-0.));
#730 = PCURVE('',#156,#731);
#731 = DEFINITIONAL_REPRESENTATION('',(#732),#736);
#732 = CIRCLE('',#733,48.031826948389);
#733 = AXIS2_PLACEMENT_2D('',#734,#735);
#734 = CARTESIAN_POINT('',(72.5,225.));
#735 = DIRECTION('',(1.,0.));
#736 = ( GEOMETRIC_REPRESENTATION_CONTEXT(2) 
PARAMETRIC_REPRESENTATION_CONTEXT() REPRESENTATION_CONTEXT('2D SPACE',''
  ) );
#737 = PCURVE('',#738,#743);
#738 = SPHERICAL_SURFACE('',#739,60.9);
#739 = AXIS2_PLACEMENT_3D('',#740,#741,#742);
#740 = CARTESIAN_POINT('',(0.,100.,34.56));
#741 = DIRECTION('',(0.,0.,1.));
#742 = DIRECTION('',(1.,0.,-0.));
#743 = DEFINITIONAL_REPRESENTATION('',(#744),#748);
#744 = LINE('',#745,#746);
#745 = CARTESIAN_POINT('',(0.,0.662104872065));
#746 = VECTOR('',#747,1.);
#747 = DIRECTION('',(1.,0.));
#748 = ( GEOMETRIC_REPRESENTATION_CONTEXT(2) 
PARAMETRIC_REPRESENTATION_CONTEXT() REPRESENTATION_CONTEXT('2D SPACE',''
  ) );
#749 = ORIENTED_EDGE('',*,*,#750,.F.);
#750 = EDGE_CURVE('',#751,#722,#753,.T.);
#751 = VERTEX_POINT('',#752);
#752 = CARTESIAN_POINT('',(-45.04969420208,83.339224138766,72.));
#753 = SURFACE_CURVE('',#754,(#759,#766),.PCURVE_S1.);
#754 = CIRCLE('',#755,14.);
#755 = AXIS2_PLACEMENT_3D('',#756,#757,#758);
#756 = CARTESIAN_POINT('',(-49.3,70.,72.));
#757 = DIRECTION('',(0.,0.,1.));
#758 = DIRECTION('',(1.,0.,-0.));
#759 = PCURVE('',#156,#760);
#760 = DEFINITIONAL_REPRESENTATION('',(#761),#765);
#761 = CIRCLE('',#762,14.);
#762 = AXIS2_PLACEMENT_2D('',#763,#764);
#763 = CARTESIAN_POINT('',(23.2,195.));
#764 = DIRECTION('',(1.,0.));
#765 = ( GEOMETRIC_REPRESENTATION_CONTEXT(2) 
PARAMETRIC_REPRESENTATION_CONTEXT() REPRESENTATION_CONTEXT('2D SPACE',''
  ) );
#766 = PCURVE('',#767,#772);
#767 = CYLINDRICAL_SURFACE('',#768,14.);
#768 = AXIS2_PLACEMENT_3D('',#769,#770,#771);
#769 = CARTESIAN_POINT('',(-49.3,70.,70.));
#770 = DIRECTION('',(0.,0.,1.));
#771 = DIRECTION('',(1.,0.,-0.));
#772 = DEFINITIONAL_REPRESENTATION('',(#773),#777);
#773 = LINE('',#774,#775);
#774 = CARTESIAN_POINT('',(0.,2.));
#775 = VECTOR('',#776,1.);
#776 = DIRECTION('',(1.,0.));
#777 = ( GEOMETRIC_REPRESENTATION_CONTEXT(2) 
PARAMETRIC_REPRESENTATION_CONTEXT() REPRESENTATION_CONTEXT('2D SPACE',''
  ) );
#778 = ORIENTED_EDGE('',*,*,#779,.F.);
#779 = EDGE_CURVE('',#645,#751,#780,.T.);
#780 = SURFACE_CURVE('',#781,(#786,#793),.PCURVE_S1.);
#781 = CIRCLE('',#782,48.031826948389);
#782 = AXIS2_PLACEMENT_3D('',#783,#784,#785);
#783 = CARTESIAN_POINT('',(0.,100.,72.));
#784 = DIRECTION('',(0.,0.,1.));
#785 = DIRECTION('',(1.,0.,-0.));
#786 = PCURVE('',#156,#787);
#787 = DEFINITIONAL_REPRESENTATION('',(#788),#792);
#788 = CIRCLE('',#789,48.031826948389);
#789 = AXIS2_PLACEMENT_2D('',#790,#791);
#790 = CARTESIAN_POINT('',(72.5,225.));
#791 = DIRECTION('',(1.,0.));
#792 = ( GEOMETRIC_REPRESENTATION_CONTEXT(2) 
PARAMETRIC_REPRESENTATION_CONTEXT() REPRESENTATION_CONTEXT('2D SPACE',''
  ) );
#793 = PCURVE('',#738,#794);
#794 = DEFINITIONAL_REPRESENTATION('',(#795),#799);
#795 = LINE('',#796,#797);
#796 = CARTESIAN_POINT('',(0.,0.662104872065));
#797 = VECTOR('',#798,1.);
#798 = DIRECTION('',(1.,0.));
#799 = ( GEOMETRIC_REPRESENTATION_CONTEXT(2) 
PARAMETRIC_REPRESENTATION_CONTEXT() REPRESENTATION_CONTEXT('2D SPACE',''
  ) );
#800 = ADVANCED_FACE('',(#801),#128,.T.);
#801 = FACE_BOUND('',#802,.T.);
#802 = EDGE_LOOP('',(#803,#826,#827,#828));
#803 = ORIENTED_EDGE('',*,*,#804,.F.);
#804 = EDGE_CURVE('',#85,#805,#807,.T.);
#805 = VERTEX_POINT('',#806);
#806 = CARTESIAN_POINT('',(-43.46741768267,125.,0.));
#807 = SURFACE_CURVE('',#808,(#812,#819),.PCURVE_S1.);
#808 = LINE('',#809,#810);
#809 = CARTESIAN_POINT('',(-72.5,125.,0.));
#810 = VECTOR('',#811,1.);
#811 = DIRECTION('',(1.,0.,-0.));
#812 = PCURVE('',#128,#813);
#813 = DEFINITIONAL_REPRESENTATION('',(#814),#818);
#814 = LINE('',#815,#816);
#815 = CARTESIAN_POINT('',(0.,0.));
#816 = VECTOR('',#817,1.);
#817 = DIRECTION('',(0.,1.));
#818 = ( GEOMETRIC_REPRESENTATION_CONTEXT(2) 
PARAMETRIC_REPRESENTATION_CONTEXT() REPRESENTATION_CONTEXT('2D SPACE',''
  ) );
#819 = PCURVE('',#100,#820);
#820 = DEFINITIONAL_REPRESENTATION('',(#821),#825);
#821 = LINE('',#822,#823);
#822 = CARTESIAN_POINT('',(0.,250.));
#823 = VECTOR('',#824,1.);
#824 = DIRECTION('',(1.,0.));
#825 = ( GEOMETRIC_REPRESENTATION_CONTEXT(2) 
PARAMETRIC_REPRESENTATION_CONTEXT() REPRESENTATION_CONTEXT('2D SPACE',''
  ) );
#826 = ORIENTED_EDGE('',*,*,#112,.T.);
#827 = ORIENTED_EDGE('',*,*,#644,.T.);
#828 = ORIENTED_EDGE('',*,*,#829,.F.);
#829 = EDGE_CURVE('',#805,#645,#830,.T.);
#830 = SURFACE_CURVE('',#831,(#836,#843),.PCURVE_S1.);
#831 = CIRCLE('',#832,55.532062810596);
#832 = AXIS2_PLACEMENT_3D('',#833,#834,#835);
#833 = CARTESIAN_POINT('',(0.,125.,34.56));
#834 = DIRECTION('',(-0.,1.,0.));
#835 = DIRECTION('',(0.,0.,1.));
#836 = PCURVE('',#128,#837);
#837 = DEFINITIONAL_REPRESENTATION('',(#838),#842);
#838 = CIRCLE('',#839,55.532062810596);
#839 = AXIS2_PLACEMENT_2D('',#840,#841);
#840 = CARTESIAN_POINT('',(34.56,72.5));
#841 = DIRECTION('',(1.,0.));
#842 = ( GEOMETRIC_REPRESENTATION_CONTEXT(2) 
PARAMETRIC_REPRESENTATION_CONTEXT() REPRESENTATION_CONTEXT('2D SPACE',''
  ) );
#843 = PCURVE('',#738,#844);
#844 = DEFINITIONAL_REPRESENTATION('',(#845),#869);
#845 = B_SPLINE_CURVE_WITH_KNOTS('',8,(#846,#847,#848,#849,#850,#851,
    #852,#853,#854,#855,#856,#857,#858,#859,#860,#861,#862,#863,#864,
    #865,#866,#867,#868),.UNSPECIFIED.,.F.,.F.,(9,7,7,9),(4.040656295833
    ,4.746466571621,5.099371709515,5.45227684741),.UNSPECIFIED.);
#846 = CARTESIAN_POINT('',(2.619650583806,-0.603451420284));
#847 = CARTESIAN_POINT('',(2.649966767627,-0.526972239037));
#848 = CARTESIAN_POINT('',(2.672785765599,-0.44896908738));
#849 = CARTESIAN_POINT('',(2.690054612805,-0.369988467688));
#850 = CARTESIAN_POINT('',(2.702833721918,-0.290333280819));
#851 = CARTESIAN_POINT('',(2.711782240653,-0.210231326412));
#852 = CARTESIAN_POINT('',(2.717277912002,-0.129857427822));
#853 = CARTESIAN_POINT('',(2.719489285967,-4.936897672036E-02));
#854 = CARTESIAN_POINT('',(2.717799846262,7.129377878054E-02));
#855 = CARTESIAN_POINT('',(2.716402284969,0.111503037261));
#856 = CARTESIAN_POINT('',(2.714163632358,0.151680456902));
#857 = CARTESIAN_POINT('',(2.711063395644,0.191805554397));
#858 = CARTESIAN_POINT('',(2.707066800018,0.231856697299));
#859 = CARTESIAN_POINT('',(2.702123360663,0.271810278963));
#860 = CARTESIAN_POINT('',(2.69616383113,0.311639593909));
#861 = CARTESIAN_POINT('',(2.682025902167,0.390986594839));
#862 = CARTESIAN_POINT('',(2.673847499167,0.4305042826));
#863 = CARTESIAN_POINT('',(2.664466314924,0.469834591687));
#864 = CARTESIAN_POINT('',(2.653764826264,0.50894115829));
#865 = CARTESIAN_POINT('',(2.641595958144,0.547780869432));
#866 = CARTESIAN_POINT('',(2.627774993706,0.58630156763));
#867 = CARTESIAN_POINT('',(2.612067253452,0.624438033975));
#868 = CARTESIAN_POINT('',(2.594170031202,0.662104872065));
#869 = ( GEOMETRIC_REPRESENTATION_CONTEXT(2) 
PARAMETRIC_REPRESENTATION_CONTEXT() REPRESENTATION_CONTEXT('2D SPACE',''
  ) );
#870 = ADVANCED_FACE('',(#871),#100,.F.);
#871 = FACE_BOUND('',#872,.F.);
#872 = EDGE_LOOP('',(#873,#874,#875,#898,#922,#950,#978,#1006));
#873 = ORIENTED_EDGE('',*,*,#804,.F.);
#874 = ORIENTED_EDGE('',*,*,#84,.F.);
#875 = ORIENTED_EDGE('',*,*,#876,.T.);
#876 = EDGE_CURVE('',#57,#877,#879,.T.);
#877 = VERTEX_POINT('',#878);
#878 = CARTESIAN_POINT('',(-45.98278373478,-125.,0.));
#879 = SURFACE_CURVE('',#880,(#884,#891),.PCURVE_S1.);
#880 = LINE('',#881,#882);
#881 = CARTESIAN_POINT('',(-72.5,-125.,0.));
#882 = VECTOR('',#883,1.);
#883 = DIRECTION('',(1.,0.,-0.));
#884 = PCURVE('',#100,#885);
#885 = DEFINITIONAL_REPRESENTATION('',(#886),#890);
#886 = LINE('',#887,#888);
#887 = CARTESIAN_POINT('',(0.,0.));
#888 = VECTOR('',#889,1.);
#889 = DIRECTION('',(1.,0.));
#890 = ( GEOMETRIC_REPRESENTATION_CONTEXT(2) 
PARAMETRIC_REPRESENTATION_CONTEXT() REPRESENTATION_CONTEXT('2D SPACE',''
  ) );
#891 = PCURVE('',#72,#892);
#892 = DEFINITIONAL_REPRESENTATION('',(#893),#897);
#893 = LINE('',#894,#895);
#894 = CARTESIAN_POINT('',(0.,0.));
#895 = VECTOR('',#896,1.);
#896 = DIRECTION('',(0.,1.));
#897 = ( GEOMETRIC_REPRESENTATION_CONTEXT(2) 
PARAMETRIC_REPRESENTATION_CONTEXT() REPRESENTATION_CONTEXT('2D SPACE',''
  ) );
#898 = ORIENTED_EDGE('',*,*,#899,.F.);
#899 = EDGE_CURVE('',#900,#877,#902,.T.);
#900 = VERTEX_POINT('',#901);
#901 = CARTESIAN_POINT('',(-50.05413469434,-102.,0.));
#902 = SURFACE_CURVE('',#903,(#908,#915),.PCURVE_S1.);
#903 = CIRCLE('',#904,50.1439567645);
#904 = AXIS2_PLACEMENT_3D('',#905,#906,#907);
#905 = CARTESIAN_POINT('',(0.,-105.,0.));
#906 = DIRECTION('',(0.,0.,1.));
#907 = DIRECTION('',(1.,0.,-0.));
#908 = PCURVE('',#100,#909);
#909 = DEFINITIONAL_REPRESENTATION('',(#910),#914);
#910 = CIRCLE('',#911,50.1439567645);
#911 = AXIS2_PLACEMENT_2D('',#912,#913);
#912 = CARTESIAN_POINT('',(72.5,20.));
#913 = DIRECTION('',(1.,0.));
#914 = ( GEOMETRIC_REPRESENTATION_CONTEXT(2) 
PARAMETRIC_REPRESENTATION_CONTEXT() REPRESENTATION_CONTEXT('2D SPACE',''
  ) );
#915 = PCURVE('',#288,#916);
#916 = DEFINITIONAL_REPRESENTATION('',(#917),#921);
#917 = LINE('',#918,#919);
#918 = CARTESIAN_POINT('',(0.,-0.603451420284));
#919 = VECTOR('',#920,1.);
#920 = DIRECTION('',(1.,0.));
#921 = ( GEOMETRIC_REPRESENTATION_CONTEXT(2) 
PARAMETRIC_REPRESENTATION_CONTEXT() REPRESENTATION_CONTEXT('2D SPACE',''
  ) );
#922 = ORIENTED_EDGE('',*,*,#923,.F.);
#923 = EDGE_CURVE('',#924,#900,#926,.T.);
#924 = VERTEX_POINT('',#925);
#925 = CARTESIAN_POINT('',(-67.5,-102.,0.));
#926 = SURFACE_CURVE('',#927,(#931,#938),.PCURVE_S1.);
#927 = LINE('',#928,#929);
#928 = CARTESIAN_POINT('',(-67.5,-102.,0.));
#929 = VECTOR('',#930,1.);
#930 = DIRECTION('',(1.,0.,-0.));
#931 = PCURVE('',#100,#932);
#932 = DEFINITIONAL_REPRESENTATION('',(#933),#937);
#933 = LINE('',#934,#935);
#934 = CARTESIAN_POINT('',(5.,23.));
#935 = VECTOR('',#936,1.);
#936 = DIRECTION('',(1.,0.));
#937 = ( GEOMETRIC_REPRESENTATION_CONTEXT(2) 
PARAMETRIC_REPRESENTATION_CONTEXT() REPRESENTATION_CONTEXT('2D SPACE',''
  ) );
#938 = PCURVE('',#939,#944);
#939 = PLANE('',#940);
#940 = AXIS2_PLACEMENT_3D('',#941,#942,#943);
#941 = CARTESIAN_POINT('',(-67.5,-102.,0.));
#942 = DIRECTION('',(-0.,1.,0.));
#943 = DIRECTION('',(0.,0.,1.));
#944 = DEFINITIONAL_REPRESENTATION('',(#945),#949);
#945 = LINE('',#946,#947);
#946 = CARTESIAN_POINT('',(0.,0.));
#947 = VECTOR('',#948,1.);
#948 = DIRECTION('',(0.,1.));
#949 = ( GEOMETRIC_REPRESENTATION_CONTEXT(2) 
PARAMETRIC_REPRESENTATION_CONTEXT() REPRESENTATION_CONTEXT('2D SPACE',''
  ) );
#950 = ORIENTED_EDGE('',*,*,#951,.T.);
#951 = EDGE_CURVE('',#924,#952,#954,.T.);
#952 = VERTEX_POINT('',#953);
#953 = CARTESIAN_POINT('',(-67.5,102.,0.));
#954 = SURFACE_CURVE('',#955,(#959,#966),.PCURVE_S1.);
#955 = LINE('',#956,#957);
#956 = CARTESIAN_POINT('',(-67.5,-102.,0.));
#957 = VECTOR('',#958,1.);
#958 = DIRECTION('',(-0.,1.,0.));
#959 = PCURVE('',#100,#960);
#960 = DEFINITIONAL_REPRESENTATION('',(#961),#965);
#961 = LINE('',#962,#963);
#962 = CARTESIAN_POINT('',(5.,23.));
#963 = VECTOR('',#964,1.);
#964 = DIRECTION('',(0.,1.));
#965 = ( GEOMETRIC_REPRESENTATION_CONTEXT(2) 
PARAMETRIC_REPRESENTATION_CONTEXT() REPRESENTATION_CONTEXT('2D SPACE',''
  ) );
#966 = PCURVE('',#967,#972);
#967 = PLANE('',#968);
#968 = AXIS2_PLACEMENT_3D('',#969,#970,#971);
#969 = CARTESIAN_POINT('',(-67.5,-102.,0.));
#970 = DIRECTION('',(1.,0.,-0.));
#971 = DIRECTION('',(0.,0.,1.));
#972 = DEFINITIONAL_REPRESENTATION('',(#973),#977);
#973 = LINE('',#974,#975);
#974 = CARTESIAN_POINT('',(0.,0.));
#975 = VECTOR('',#976,1.);
#976 = DIRECTION('',(0.,-1.));
#977 = ( GEOMETRIC_REPRESENTATION_CONTEXT(2) 
PARAMETRIC_REPRESENTATION_CONTEXT() REPRESENTATION_CONTEXT('2D SPACE',''
  ) );
#978 = ORIENTED_EDGE('',*,*,#979,.T.);
#979 = EDGE_CURVE('',#952,#980,#982,.T.);
#980 = VERTEX_POINT('',#981);
#981 = CARTESIAN_POINT('',(-50.10405572406,102.,0.));
#982 = SURFACE_CURVE('',#983,(#987,#994),.PCURVE_S1.);
#983 = LINE('',#984,#985);
#984 = CARTESIAN_POINT('',(-67.5,102.,0.));
#985 = VECTOR('',#986,1.);
#986 = DIRECTION('',(1.,0.,-0.));
#987 = PCURVE('',#100,#988);
#988 = DEFINITIONAL_REPRESENTATION('',(#989),#993);
#989 = LINE('',#990,#991);
#990 = CARTESIAN_POINT('',(5.,227.));
#991 = VECTOR('',#992,1.);
#992 = DIRECTION('',(1.,0.));
#993 = ( GEOMETRIC_REPRESENTATION_CONTEXT(2) 
PARAMETRIC_REPRESENTATION_CONTEXT() REPRESENTATION_CONTEXT('2D SPACE',''
  ) );
#994 = PCURVE('',#995,#1000);
#995 = PLANE('',#996);
#996 = AXIS2_PLACEMENT_3D('',#997,#998,#999);
#997 = CARTESIAN_POINT('',(-67.5,102.,0.));
#998 = DIRECTION('',(-0.,1.,0.));
#999 = DIRECTION('',(0.,0.,1.));
#1000 = DEFINITIONAL_REPRESENTATION('',(#1001),#1005);
#1001 = LINE('',#1002,#1003);
#1002 = CARTESIAN_POINT('',(0.,0.));
#1003 = VECTOR('',#1004,1.);
#1004 = DIRECTION('',(0.,1.));
#1005 = ( GEOMETRIC_REPRESENTATION_CONTEXT(2) 
PARAMETRIC_REPRESENTATION_CONTEXT() REPRESENTATION_CONTEXT('2D SPACE',''
  ) );
#1006 = ORIENTED_EDGE('',*,*,#1007,.F.);
#1007 = EDGE_CURVE('',#805,#980,#1008,.T.);
#1008 = SURFACE_CURVE('',#1009,(#1014,#1021),.PCURVE_S1.);
#1009 = CIRCLE('',#1010,50.1439567645);
#1010 = AXIS2_PLACEMENT_3D('',#1011,#1012,#1013);
#1011 = CARTESIAN_POINT('',(0.,100.,0.));
#1012 = DIRECTION('',(0.,0.,1.));
#1013 = DIRECTION('',(1.,0.,-0.));
#1014 = PCURVE('',#100,#1015);
#1015 = DEFINITIONAL_REPRESENTATION('',(#1016),#1020);
#1016 = CIRCLE('',#1017,50.1439567645);
#1017 = AXIS2_PLACEMENT_2D('',#1018,#1019);
#1018 = CARTESIAN_POINT('',(72.5,225.));
#1019 = DIRECTION('',(1.,0.));
#1020 = ( GEOMETRIC_REPRESENTATION_CONTEXT(2) 
PARAMETRIC_REPRESENTATION_CONTEXT() REPRESENTATION_CONTEXT('2D SPACE',''
  ) );
#1021 = PCURVE('',#738,#1022);
#1022 = DEFINITIONAL_REPRESENTATION('',(#1023),#1027);
#1023 = LINE('',#1024,#1025);
#1024 = CARTESIAN_POINT('',(0.,-0.603451420284));
#1025 = VECTOR('',#1026,1.);
#1026 = DIRECTION('',(1.,0.));
#1027 = ( GEOMETRIC_REPRESENTATION_CONTEXT(2) 
PARAMETRIC_REPRESENTATION_CONTEXT() REPRESENTATION_CONTEXT('2D SPACE',''
  ) );
#1028 = ADVANCED_FACE('',(#1029),#72,.F.);
#1029 = FACE_BOUND('',#1030,.F.);
#1030 = EDGE_LOOP('',(#1031,#1032,#1033,#1034));
#1031 = ORIENTED_EDGE('',*,*,#876,.F.);
#1032 = ORIENTED_EDGE('',*,*,#56,.T.);
#1033 = ORIENTED_EDGE('',*,*,#250,.T.);
#1034 = ORIENTED_EDGE('',*,*,#1035,.F.);
#1035 = EDGE_CURVE('',#877,#251,#1036,.T.);
#1036 = SURFACE_CURVE('',#1037,(#1042,#1049),.PCURVE_S1.);
#1037 = CIRCLE('',#1038,57.522256562134);
#1038 = AXIS2_PLACEMENT_3D('',#1039,#1040,#1041);
#1039 = CARTESIAN_POINT('',(0.,-125.,34.56));
#1040 = DIRECTION('',(-0.,1.,0.));
#1041 = DIRECTION('',(0.,0.,1.));
#1042 = PCURVE('',#72,#1043);
#1043 = DEFINITIONAL_REPRESENTATION('',(#1044),#1048);
#1044 = CIRCLE('',#1045,57.522256562134);
#1045 = AXIS2_PLACEMENT_2D('',#1046,#1047);
#1046 = CARTESIAN_POINT('',(34.56,72.5));
#1047 = DIRECTION('',(1.,0.));
#1048 = ( GEOMETRIC_REPRESENTATION_CONTEXT(2) 
PARAMETRIC_REPRESENTATION_CONTEXT() REPRESENTATION_CONTEXT('2D SPACE',''
  ) );
#1049 = PCURVE('',#288,#1050);
#1050 = DEFINITIONAL_REPRESENTATION('',(#1051),#1075);
#1051 = B_SPLINE_CURVE_WITH_KNOTS('',8,(#1052,#1053,#1054,#1055,#1056,
    #1057,#1058,#1059,#1060,#1061,#1062,#1063,#1064,#1065,#1066,#1067,
    #1068,#1069,#1070,#1071,#1072,#1073,#1074),.UNSPECIFIED.,.F.,.F.,(9,
    7,7,9),(4.067873833328,4.406187877256,4.913658943148,5.42113000904),
  .UNSPECIFIED.);
#1052 = CARTESIAN_POINT('',(3.551856891475,-0.603451420284));
#1053 = CARTESIAN_POINT('',(3.540231794934,-0.564671519075));
#1054 = CARTESIAN_POINT('',(3.530064441726,-0.52566752581));
#1055 = CARTESIAN_POINT('',(3.521155570015,-0.486480197998));
#1056 = CARTESIAN_POINT('',(3.51335541258,-0.447140824798));
#1057 = CARTESIAN_POINT('',(3.506547818688,-0.407674723267));
#1058 = CARTESIAN_POINT('',(3.500641358482,-0.36810312094));
#1059 = CARTESIAN_POINT('',(3.495564429819,-0.328444192504));
#1060 = CARTESIAN_POINT('',(3.484806823927,-0.22911875718));
#1061 = CARTESIAN_POINT('',(3.480093515472,-0.169363190376));
#1062 = CARTESIAN_POINT('',(3.476933787615,-0.109501548956));
#1063 = CARTESIAN_POINT('',(3.475221377179,-4.95772984161E-02));
#1064 = CARTESIAN_POINT('',(3.474905240078,1.037055300385E-02));
#1065 = CARTESIAN_POINT('',(3.475984248998,7.030435291404E-02));
#1066 = CARTESIAN_POINT('',(3.478506798482,0.130184795605));
#1067 = CARTESIAN_POINT('',(3.486664974858,0.249747892901));
#1068 = CARTESIAN_POINT('',(3.492300611339,0.309430542613));
#1069 = CARTESIAN_POINT('',(3.499605700248,0.368968788536));
#1070 = CARTESIAN_POINT('',(3.508758202428,0.428310672159));
#1071 = CARTESIAN_POINT('',(3.520014291602,0.487393837293));
#1072 = CARTESIAN_POINT('',(3.533743530729,0.546136997844));
#1073 = CARTESIAN_POINT('',(3.550475693846,0.604431683717));
#1074 = CARTESIAN_POINT('',(3.5710643937,0.662104872065));
#1075 = ( GEOMETRIC_REPRESENTATION_CONTEXT(2) 
PARAMETRIC_REPRESENTATION_CONTEXT() REPRESENTATION_CONTEXT('2D SPACE',''
  ) );
#1076 = ADVANCED_FACE('',(#1077),#288,.T.);
#1077 = FACE_BOUND('',#1078,.T.);
#1078 = EDGE_LOOP('',(#1079,#1130,#1159,#1183,#1184,#1208,#1302,#1331,
    #1365,#1394,#1494,#1766,#1790,#1817,#1818,#1819,#1820,#1821,#1822,
    #1823,#1852,#1881,#1905,#1906));
#1079 = ORIENTED_EDGE('',*,*,#1080,.F.);
#1080 = EDGE_CURVE('',#1081,#1083,#1085,.T.);
#1081 = VERTEX_POINT('',#1082);
#1082 = CARTESIAN_POINT('',(43.66985688092,-125.,72.));
#1083 = VERTEX_POINT('',#1084);
#1084 = CARTESIAN_POINT('',(45.982783734785,-125.,0.));
#1085 = SURFACE_CURVE('',#1086,(#1091,#1118),.PCURVE_S1.);
#1086 = CIRCLE('',#1087,57.522256562134);
#1087 = AXIS2_PLACEMENT_3D('',#1088,#1089,#1090);
#1088 = CARTESIAN_POINT('',(0.,-125.,34.56));
#1089 = DIRECTION('',(-0.,1.,0.));
#1090 = DIRECTION('',(0.,0.,1.));
#1091 = PCURVE('',#288,#1092);
#1092 = DEFINITIONAL_REPRESENTATION('',(#1093),#1117);
#1093 = B_SPLINE_CURVE_WITH_KNOTS('',8,(#1094,#1095,#1096,#1097,#1098,
    #1099,#1100,#1101,#1102,#1103,#1104,#1105,#1106,#1107,#1108,#1109,
    #1110,#1111,#1112,#1113,#1114,#1115,#1116),.UNSPECIFIED.,.F.,.F.,(9,
    7,7,9),(0.86205529814,1.200369342068,1.707840407959,2.215311473851),
  .UNSPECIFIED.);
#1094 = CARTESIAN_POINT('',(5.853713567069,0.662104872065));
#1095 = CARTESIAN_POINT('',(5.867439366972,0.623656079833));
#1096 = CARTESIAN_POINT('',(5.879451153058,0.584931066828));
#1097 = CARTESIAN_POINT('',(5.890001826412,0.545981094889));
#1098 = CARTESIAN_POINT('',(5.899280418281,0.506844697719));
#1099 = CARTESIAN_POINT('',(5.907433307105,0.467552516396));
#1100 = CARTESIAN_POINT('',(5.914576084699,0.428129827722));
#1101 = CARTESIAN_POINT('',(5.920800093973,0.3885978726));
#1102 = CARTESIAN_POINT('',(5.934244010413,0.289540920207));
#1103 = CARTESIAN_POINT('',(5.940405851052,0.229902386302));
#1104 = CARTESIAN_POINT('',(5.944907110788,0.170121668521));
#1105 = CARTESIAN_POINT('',(5.947894669294,0.110246518224));
#1106 = CARTESIAN_POINT('',(5.949453815596,5.031823190501E-02));
#1107 = CARTESIAN_POINT('',(5.949617311664,-9.62498696417E-03));
#1108 = CARTESIAN_POINT('',(5.948369350674,-6.95448645278E-02));
#1109 = CARTESIAN_POINT('',(5.942902025577,-0.189253356681));
#1110 = CARTESIAN_POINT('',(5.938682654771,-0.249041967674));
#1111 = CARTESIAN_POINT('',(5.932903415844,-0.308722672371));
#1112 = CARTESIAN_POINT('',(5.925431398537,-0.368249019583));
#1113 = CARTESIAN_POINT('',(5.916066784626,-0.427566807982));
#1114 = CARTESIAN_POINT('',(5.904516432494,-0.486607509004));
#1115 = CARTESIAN_POINT('',(5.890358714106,-0.54528156847));
#1116 = CARTESIAN_POINT('',(5.872921069294,-0.603451420284));
#1117 = ( GEOMETRIC_REPRESENTATION_CONTEXT(2) 
PARAMETRIC_REPRESENTATION_CONTEXT() REPRESENTATION_CONTEXT('2D SPACE',''
  ) );
#1118 = PCURVE('',#1119,#1124);
#1119 = PLANE('',#1120);
#1120 = AXIS2_PLACEMENT_3D('',#1121,#1122,#1123);
#1121 = CARTESIAN_POINT('',(-72.5,-125.,0.));
#1122 = DIRECTION('',(-0.,1.,0.));
#1123 = DIRECTION('',(0.,0.,1.));
#1124 = DEFINITIONAL_REPRESENTATION('',(#1125),#1129);
#1125 = CIRCLE('',#1126,57.522256562134);
#1126 = AXIS2_PLACEMENT_2D('',#1127,#1128);
#1127 = CARTESIAN_POINT('',(34.56,72.5));
#1128 = DIRECTION('',(1.,0.));
#1129 = ( GEOMETRIC_REPRESENTATION_CONTEXT(2) 
PARAMETRIC_REPRESENTATION_CONTEXT() REPRESENTATION_CONTEXT('2D SPACE',''
  ) );
#1130 = ORIENTED_EDGE('',*,*,#1131,.T.);
#1131 = EDGE_CURVE('',#1081,#1132,#1134,.T.);
#1132 = VERTEX_POINT('',#1133);
#1133 = CARTESIAN_POINT('',(48.031826948389,-105.,72.));
#1134 = SURFACE_CURVE('',#1135,(#1140,#1147),.PCURVE_S1.);
#1135 = CIRCLE('',#1136,48.031826948389);
#1136 = AXIS2_PLACEMENT_3D('',#1137,#1138,#1139);
#1137 = CARTESIAN_POINT('',(0.,-105.,72.));
#1138 = DIRECTION('',(0.,0.,1.));
#1139 = DIRECTION('',(1.,0.,-0.));
#1140 = PCURVE('',#288,#1141);
#1141 = DEFINITIONAL_REPRESENTATION('',(#1142),#1146);
#1142 = LINE('',#1143,#1144);
#1143 = CARTESIAN_POINT('',(0.,0.662104872065));
#1144 = VECTOR('',#1145,1.);
#1145 = DIRECTION('',(1.,0.));
#1146 = ( GEOMETRIC_REPRESENTATION_CONTEXT(2) 
PARAMETRIC_REPRESENTATION_CONTEXT() REPRESENTATION_CONTEXT('2D SPACE',''
  ) );
#1147 = PCURVE('',#1148,#1153);
#1148 = PLANE('',#1149);
#1149 = AXIS2_PLACEMENT_3D('',#1150,#1151,#1152);
#1150 = CARTESIAN_POINT('',(-72.5,-125.,72.));
#1151 = DIRECTION('',(0.,0.,1.));
#1152 = DIRECTION('',(1.,0.,-0.));
#1153 = DEFINITIONAL_REPRESENTATION('',(#1154),#1158);
#1154 = CIRCLE('',#1155,48.031826948389);
#1155 = AXIS2_PLACEMENT_2D('',#1156,#1157);
#1156 = CARTESIAN_POINT('',(72.5,20.));
#1157 = DIRECTION('',(1.,0.));
#1158 = ( GEOMETRIC_REPRESENTATION_CONTEXT(2) 
PARAMETRIC_REPRESENTATION_CONTEXT() REPRESENTATION_CONTEXT('2D SPACE',''
  ) );
#1159 = ORIENTED_EDGE('',*,*,#1160,.T.);
#1160 = EDGE_CURVE('',#1132,#1161,#1163,.T.);
#1161 = VERTEX_POINT('',#1162);
#1162 = CARTESIAN_POINT('',(3.729049503404E-15,-105.,95.46));
#1163 = SEAM_CURVE('',#1164,(#1169,#1176),.PCURVE_S1.);
#1164 = CIRCLE('',#1165,60.9);
#1165 = AXIS2_PLACEMENT_3D('',#1166,#1167,#1168);
#1166 = CARTESIAN_POINT('',(0.,-105.,34.56));
#1167 = DIRECTION('',(-2.449293598295E-16,-1.,0.));
#1168 = DIRECTION('',(1.,-2.449293598295E-16,0.));
#1169 = PCURVE('',#288,#1170);
#1170 = DEFINITIONAL_REPRESENTATION('',(#1171),#1175);
#1171 = LINE('',#1172,#1173);
#1172 = CARTESIAN_POINT('',(0.,-6.28318530718));
#1173 = VECTOR('',#1174,1.);
#1174 = DIRECTION('',(0.,1.));
#1175 = ( GEOMETRIC_REPRESENTATION_CONTEXT(2) 
PARAMETRIC_REPRESENTATION_CONTEXT() REPRESENTATION_CONTEXT('2D SPACE',''
  ) );
#1176 = PCURVE('',#288,#1177);
#1177 = DEFINITIONAL_REPRESENTATION('',(#1178),#1182);
#1178 = LINE('',#1179,#1180);
#1179 = CARTESIAN_POINT('',(6.28318530718,-6.28318530718));
#1180 = VECTOR('',#1181,1.);
#1181 = DIRECTION('',(0.,1.));
#1182 = ( GEOMETRIC_REPRESENTATION_CONTEXT(2) 
PARAMETRIC_REPRESENTATION_CONTEXT() REPRESENTATION_CONTEXT('2D SPACE',''
  ) );
#1183 = ORIENTED_EDGE('',*,*,#1160,.F.);
#1184 = ORIENTED_EDGE('',*,*,#1185,.T.);
#1185 = EDGE_CURVE('',#1132,#1186,#1188,.T.);
#1186 = VERTEX_POINT('',#1187);
#1187 = CARTESIAN_POINT('',(47.262697924102,-96.4388210546,72.));
#1188 = SURFACE_CURVE('',#1189,(#1194,#1201),.PCURVE_S1.);
#1189 = CIRCLE('',#1190,48.031826948389);
#1190 = AXIS2_PLACEMENT_3D('',#1191,#1192,#1193);
#1191 = CARTESIAN_POINT('',(0.,-105.,72.));
#1192 = DIRECTION('',(0.,0.,1.));
#1193 = DIRECTION('',(1.,0.,-0.));
#1194 = PCURVE('',#288,#1195);
#1195 = DEFINITIONAL_REPRESENTATION('',(#1196),#1200);
#1196 = LINE('',#1197,#1198);
#1197 = CARTESIAN_POINT('',(0.,0.662104872065));
#1198 = VECTOR('',#1199,1.);
#1199 = DIRECTION('',(1.,0.));
#1200 = ( GEOMETRIC_REPRESENTATION_CONTEXT(2) 
PARAMETRIC_REPRESENTATION_CONTEXT() REPRESENTATION_CONTEXT('2D SPACE',''
  ) );
#1201 = PCURVE('',#1148,#1202);
#1202 = DEFINITIONAL_REPRESENTATION('',(#1203),#1207);
#1203 = CIRCLE('',#1204,48.031826948389);
#1204 = AXIS2_PLACEMENT_2D('',#1205,#1206);
#1205 = CARTESIAN_POINT('',(72.5,20.));
#1206 = DIRECTION('',(1.,0.));
#1207 = ( GEOMETRIC_REPRESENTATION_CONTEXT(2) 
PARAMETRIC_REPRESENTATION_CONTEXT() REPRESENTATION_CONTEXT('2D SPACE',''
  ) );
#1208 = ORIENTED_EDGE('',*,*,#1209,.T.);
#1209 = EDGE_CURVE('',#1186,#1210,#1212,.T.);
#1210 = VERTEX_POINT('',#1211);
#1211 = CARTESIAN_POINT('',(31.190472996546,-68.47314968065,72.));
#1212 = SURFACE_CURVE('',#1213,(#1218,#1257),.PCURVE_S1.);
#1213 = CIRCLE('',#1214,17.959330901047);
#1214 = AXIS2_PLACEMENT_3D('',#1215,#1216,#1217);
#1215 = CARTESIAN_POINT('',(42.844449163346,-80.37675335439,
    65.28981181371));
#1216 = DIRECTION('',(-0.736264084903,-0.42314027868,-0.528079067793));
#1217 = DIRECTION('',(0.24601410738,-0.894357801452,0.373632415554));
#1218 = PCURVE('',#288,#1219);
#1219 = DEFINITIONAL_REPRESENTATION('',(#1220),#1256);
#1220 = B_SPLINE_CURVE_WITH_KNOTS('',8,(#1221,#1222,#1223,#1224,#1225,
    #1226,#1227,#1228,#1229,#1230,#1231,#1232,#1233,#1234,#1235,#1236,
    #1237,#1238,#1239,#1240,#1241,#1242,#1243,#1244,#1245,#1246,#1247,
    #1248,#1249,#1250,#1251,#1252,#1253,#1254,#1255),.UNSPECIFIED.,.F.,
  .F.,(9,7,7,5,7,9),(0.,0.6490198026,1.017175191692,1.409874273391,
    1.855799791979,2.230430647819),.UNSPECIFIED.);
#1221 = CARTESIAN_POINT('',(0.179197225313,0.662104871869));
#1222 = CARTESIAN_POINT('',(0.186938849033,0.685236998345));
#1223 = CARTESIAN_POINT('',(0.197597940621,0.707794978002));
#1224 = CARTESIAN_POINT('',(0.211313063449,0.729524268006));
#1225 = CARTESIAN_POINT('',(0.228196701046,0.75015259024));
#1226 = CARTESIAN_POINT('',(0.248310296525,0.769391564277));
#1227 = CARTESIAN_POINT('',(0.271626742794,0.786940673758));
#1228 = CARTESIAN_POINT('',(0.297960166897,0.802506869459));
#1229 = CARTESIAN_POINT('',(0.343402508291,0.8233926509));
#1230 = CARTESIAN_POINT('',(0.360706276827,0.830231314728));
#1231 = CARTESIAN_POINT('',(0.378801581006,0.836302430514));
#1232 = CARTESIAN_POINT('',(0.397606033729,0.841562701948));
#1233 = CARTESIAN_POINT('',(0.417018876039,0.845974332693));
#1234 = CARTESIAN_POINT('',(0.436922533893,0.849506674538));
#1235 = CARTESIAN_POINT('',(0.457186592967,0.852137560083));
#1236 = CARTESIAN_POINT('',(0.499527629958,0.855685530481));
#1237 = CARTESIAN_POINT('',(0.521635391441,0.856476652017));
#1238 = CARTESIAN_POINT('',(0.5438313365,0.856212243444));
#1239 = CARTESIAN_POINT('',(0.56594063001,0.854888876776));
#1240 = CARTESIAN_POINT('',(0.587788119201,0.852516230519));
#1241 = CARTESIAN_POINT('',(0.633531474756,0.845256198041));
#1242 = CARTESIAN_POINT('',(0.676649959711,0.833464546069));
#1243 = CARTESIAN_POINT('',(0.715901202167,0.817550826458));
#1244 = CARTESIAN_POINT('',(0.735526590408,0.807999712505));
#1245 = CARTESIAN_POINT('',(0.753794947625,0.797445944659));
#1246 = CARTESIAN_POINT('',(0.770633985165,0.785981837147));
#1247 = CARTESIAN_POINT('',(0.786003211347,0.77370157083));
#1248 = CARTESIAN_POINT('',(0.811551144978,0.749775518054));
#1249 = CARTESIAN_POINT('',(0.822166854402,0.738342192835));
#1250 = CARTESIAN_POINT('',(0.831724931685,0.72645486574));
#1251 = CARTESIAN_POINT('',(0.840228606921,0.714169110992));
#1252 = CARTESIAN_POINT('',(0.847690518405,0.701539383249));
#1253 = CARTESIAN_POINT('',(0.854129970544,0.688618483722));
#1254 = CARTESIAN_POINT('',(0.859570705136,0.675457328129));
#1255 = CARTESIAN_POINT('',(0.864039369097,0.662104872068));
#1256 = ( GEOMETRIC_REPRESENTATION_CONTEXT(2) 
PARAMETRIC_REPRESENTATION_CONTEXT() REPRESENTATION_CONTEXT('2D SPACE',''
  ) );
#1257 = PCURVE('',#1258,#1263);
#1258 = SPHERICAL_SURFACE('',#1259,22.);
#1259 = AXIS2_PLACEMENT_3D('',#1260,#1261,#1262);
#1260 = CARTESIAN_POINT('',(52.2,-75.,72.));
#1261 = DIRECTION('',(0.,0.,1.));
#1262 = DIRECTION('',(1.,0.,-0.));
#1263 = DEFINITIONAL_REPRESENTATION('',(#1264),#1301);
#1264 = B_SPLINE_CURVE_WITH_KNOTS('',8,(#1265,#1266,#1267,#1268,#1269,
    #1270,#1271,#1272,#1273,#1274,#1275,#1276,#1277,#1278,#1279,#1280,
    #1281,#1282,#1283,#1284,#1285,#1286,#1287,#1288,#1289,#1290,#1291,
    #1292,#1293,#1294,#1295,#1296,#1297,#1298,#1299,#1300),
  .UNSPECIFIED.,.F.,.F.,(9,7,7,6,7,9),(0.,0.649019802599,1.017175191692,
    1.409874273391,2.198911598202,2.230430647819),.UNSPECIFIED.);
#1265 = CARTESIAN_POINT('',(4.486038270698,-4.066348252042E-10));
#1266 = CARTESIAN_POINT('',(4.443196548925,5.050355850267E-02));
#1267 = CARTESIAN_POINT('',(4.397650283386,9.871287693585E-02));
#1268 = CARTESIAN_POINT('',(4.349209794024,0.144317739328));
#1269 = CARTESIAN_POINT('',(4.297698428291,0.186965081551));
#1270 = CARTESIAN_POINT('',(4.242983313136,0.226258570071));
#1271 = CARTESIAN_POINT('',(4.18501796722,0.261761459788));
#1272 = CARTESIAN_POINT('',(4.123933266252,0.293027811685));
#1273 = CARTESIAN_POINT('',(4.023827483558,0.334760697414));
#1274 = CARTESIAN_POINT('',(3.986697904378,0.348372979488));
#1275 = CARTESIAN_POINT('',(3.948731269752,0.360419577779));
#1276 = CARTESIAN_POINT('',(3.910008428593,0.370831432324));
#1277 = CARTESIAN_POINT('',(3.870632412087,0.379547328389));
#1278 = CARTESIAN_POINT('',(3.830726916424,0.386517053814));
#1279 = CARTESIAN_POINT('',(3.790431599755,0.391704014707));
#1280 = CARTESIAN_POINT('',(3.706654293225,0.398696157299));
#1281 = CARTESIAN_POINT('',(3.663138965158,0.400252797628));
#1282 = CARTESIAN_POINT('',(3.619527526471,0.399731726612));
#1283 = CARTESIAN_POINT('',(3.576010163712,0.397127151971));
#1284 = CARTESIAN_POINT('',(3.532777482991,0.39245520227));
#1285 = CARTESIAN_POINT('',(3.490008128184,0.38575293116));
#1286 = CARTESIAN_POINT('',(3.363169682103,0.359639015129));
#1287 = CARTESIAN_POINT('',(3.243139804369,0.31625130026));
#1288 = CARTESIAN_POINT('',(3.167099465594,0.280132328545));
#1289 = CARTESIAN_POINT('',(3.095824122071,0.237635983468));
#1290 = CARTESIAN_POINT('',(3.029416840323,0.189607612358));
#1291 = CARTESIAN_POINT('',(2.967712961887,0.136804866026));
#1292 = CARTESIAN_POINT('',(2.910421362082,7.989972816978E-02));
#1293 = CARTESIAN_POINT('',(2.855082320024,1.705373122202E-02));
#1294 = CARTESIAN_POINT('',(2.852963155371,1.463407550777E-02));
#1295 = CARTESIAN_POINT('',(2.850850477148,1.220882884341E-02));
#1296 = CARTESIAN_POINT('',(2.848744263965,9.778027714412E-03));
#1297 = CARTESIAN_POINT('',(2.846644494335,7.341708367529E-03));
#1298 = CARTESIAN_POINT('',(2.844551146682,4.899906811029E-03));
#1299 = CARTESIAN_POINT('',(2.842464199351,2.45265881504E-03));
#1300 = CARTESIAN_POINT('',(2.840383630612,-8.80250369123E-11));
#1301 = ( GEOMETRIC_REPRESENTATION_CONTEXT(2) 
PARAMETRIC_REPRESENTATION_CONTEXT() REPRESENTATION_CONTEXT('2D SPACE',''
  ) );
#1302 = ORIENTED_EDGE('',*,*,#1303,.T.);
#1303 = EDGE_CURVE('',#1210,#1304,#1306,.T.);
#1304 = VERTEX_POINT('',#1305);
#1305 = CARTESIAN_POINT('',(17.,-60.07721736134,72.));
#1306 = SURFACE_CURVE('',#1307,(#1312,#1319),.PCURVE_S1.);
#1307 = CIRCLE('',#1308,48.031826948389);
#1308 = AXIS2_PLACEMENT_3D('',#1309,#1310,#1311);
#1309 = CARTESIAN_POINT('',(0.,-105.,72.));
#1310 = DIRECTION('',(0.,0.,1.));
#1311 = DIRECTION('',(1.,0.,-0.));
#1312 = PCURVE('',#288,#1313);
#1313 = DEFINITIONAL_REPRESENTATION('',(#1314),#1318);
#1314 = LINE('',#1315,#1316);
#1315 = CARTESIAN_POINT('',(0.,0.662104872065));
#1316 = VECTOR('',#1317,1.);
#1317 = DIRECTION('',(1.,0.));
#1318 = ( GEOMETRIC_REPRESENTATION_CONTEXT(2) 
PARAMETRIC_REPRESENTATION_CONTEXT() REPRESENTATION_CONTEXT('2D SPACE',''
  ) );
#1319 = PCURVE('',#1320,#1325);
#1320 = PLANE('',#1321);
#1321 = AXIS2_PLACEMENT_3D('',#1322,#1323,#1324);
#1322 = CARTESIAN_POINT('',(-72.5,-125.,72.));
#1323 = DIRECTION('',(0.,0.,1.));
#1324 = DIRECTION('',(1.,0.,-0.));
#1325 = DEFINITIONAL_REPRESENTATION('',(#1326),#1330);
#1326 = CIRCLE('',#1327,48.031826948389);
#1327 = AXIS2_PLACEMENT_2D('',#1328,#1329);
#1328 = CARTESIAN_POINT('',(72.5,20.));
#1329 = DIRECTION('',(1.,0.));
#1330 = ( GEOMETRIC_REPRESENTATION_CONTEXT(2) 
PARAMETRIC_REPRESENTATION_CONTEXT() REPRESENTATION_CONTEXT('2D SPACE',''
  ) );
#1331 = ORIENTED_EDGE('',*,*,#1332,.T.);
#1332 = EDGE_CURVE('',#1304,#1333,#1335,.T.);
#1333 = VERTEX_POINT('',#1334);
#1334 = CARTESIAN_POINT('',(17.,-73.76706225793,84.));
#1335 = SURFACE_CURVE('',#1336,(#1341,#1353),.PCURVE_S1.);
#1336 = CIRCLE('',#1337,58.479141580567);
#1337 = AXIS2_PLACEMENT_3D('',#1338,#1339,#1340);
#1338 = CARTESIAN_POINT('',(17.,-105.,34.56));
#1339 = DIRECTION('',(1.,0.,-0.));
#1340 = DIRECTION('',(0.,0.,1.));
#1341 = PCURVE('',#288,#1342);
#1342 = DEFINITIONAL_REPRESENTATION('',(#1343),#1352);
#1343 = B_SPLINE_CURVE_WITH_KNOTS('',7,(#1344,#1345,#1346,#1347,#1348,
    #1349,#1350,#1351),.UNSPECIFIED.,.F.,.F.,(8,8),(5.407184372217,
    5.719758086881),.PIECEWISE_BEZIER_KNOTS.);
#1344 = CARTESIAN_POINT('',(1.209024434243,0.662104872065));
#1345 = CARTESIAN_POINT('',(1.196705277991,0.703867898002));
#1346 = CARTESIAN_POINT('',(1.18268035015,0.745403794999));
#1347 = CARTESIAN_POINT('',(1.166657275402,0.786664346158));
#1348 = CARTESIAN_POINT('',(1.148252997016,0.827587468746));
#1349 = CARTESIAN_POINT('',(1.126948949793,0.868087555103));
#1350 = CARTESIAN_POINT('',(1.102022040532,0.908046804079));
#1351 = CARTESIAN_POINT('',(1.072342019786,0.94726688188));
#1352 = ( GEOMETRIC_REPRESENTATION_CONTEXT(2) 
PARAMETRIC_REPRESENTATION_CONTEXT() REPRESENTATION_CONTEXT('2D SPACE',''
  ) );
#1353 = PCURVE('',#1354,#1359);
#1354 = PLANE('',#1355);
#1355 = AXIS2_PLACEMENT_3D('',#1356,#1357,#1358);
#1356 = CARTESIAN_POINT('',(17.,-92.5,72.));
#1357 = DIRECTION('',(1.,0.,-0.));
#1358 = DIRECTION('',(0.,0.,1.));
#1359 = DEFINITIONAL_REPRESENTATION('',(#1360),#1364);
#1360 = CIRCLE('',#1361,58.479141580567);
#1361 = AXIS2_PLACEMENT_2D('',#1362,#1363);
#1362 = CARTESIAN_POINT('',(-37.44,12.5));
#1363 = DIRECTION('',(1.,0.));
#1364 = ( GEOMETRIC_REPRESENTATION_CONTEXT(2) 
PARAMETRIC_REPRESENTATION_CONTEXT() REPRESENTATION_CONTEXT('2D SPACE',''
  ) );
#1365 = ORIENTED_EDGE('',*,*,#1366,.T.);
#1366 = EDGE_CURVE('',#1333,#1367,#1369,.T.);
#1367 = VERTEX_POINT('',#1368);
#1368 = CARTESIAN_POINT('',(7.607573656204,-70.26354619329,84.));
#1369 = SURFACE_CURVE('',#1370,(#1375,#1382),.PCURVE_S1.);
#1370 = CIRCLE('',#1371,35.559758154408);
#1371 = AXIS2_PLACEMENT_3D('',#1372,#1373,#1374);
#1372 = CARTESIAN_POINT('',(0.,-105.,84.));
#1373 = DIRECTION('',(0.,0.,1.));
#1374 = DIRECTION('',(1.,0.,-0.));
#1375 = PCURVE('',#288,#1376);
#1376 = DEFINITIONAL_REPRESENTATION('',(#1377),#1381);
#1377 = LINE('',#1378,#1379);
#1378 = CARTESIAN_POINT('',(0.,0.94726688188));
#1379 = VECTOR('',#1380,1.);
#1380 = DIRECTION('',(1.,0.));
#1381 = ( GEOMETRIC_REPRESENTATION_CONTEXT(2) 
PARAMETRIC_REPRESENTATION_CONTEXT() REPRESENTATION_CONTEXT('2D SPACE',''
  ) );
#1382 = PCURVE('',#1383,#1388);
#1383 = PLANE('',#1384);
#1384 = AXIS2_PLACEMENT_3D('',#1385,#1386,#1387);
#1385 = CARTESIAN_POINT('',(-17.,-92.5,84.));
#1386 = DIRECTION('',(0.,0.,1.));
#1387 = DIRECTION('',(1.,0.,-0.));
#1388 = DEFINITIONAL_REPRESENTATION('',(#1389),#1393);
#1389 = CIRCLE('',#1390,35.559758154408);
#1390 = AXIS2_PLACEMENT_2D('',#1391,#1392);
#1391 = CARTESIAN_POINT('',(17.,-12.5));
#1392 = DIRECTION('',(1.,0.));
#1393 = ( GEOMETRIC_REPRESENTATION_CONTEXT(2) 
PARAMETRIC_REPRESENTATION_CONTEXT() REPRESENTATION_CONTEXT('2D SPACE',''
  ) );
#1394 = ORIENTED_EDGE('',*,*,#1395,.F.);
#1395 = EDGE_CURVE('',#1396,#1367,#1398,.T.);
#1396 = VERTEX_POINT('',#1397);
#1397 = CARTESIAN_POINT('',(6.400956950561,-75.,87.170243775495));
#1398 = SURFACE_CURVE('',#1399,(#1427,#1458),.PCURVE_S1.);
#1399 = B_SPLINE_CURVE_WITH_KNOTS('',6,(#1400,#1401,#1402,#1403,#1404,
    #1405,#1406,#1407,#1408,#1409,#1410,#1411,#1412,#1413,#1414,#1415,
    #1416,#1417,#1418,#1419,#1420,#1421,#1422,#1423,#1424,#1425,#1426),
  .UNSPECIFIED.,.F.,.F.,(7,5,5,5,5,7),(0.,0.127629451261,0.281719390956,
    0.472103768582,0.710700889124,1.),.UNSPECIFIED.);
#1400 = CARTESIAN_POINT('',(6.400956950561,-75.,87.170243775495));
#1401 = CARTESIAN_POINT('',(6.525418321504,-74.75632315827,
    87.016148744805));
#1402 = CARTESIAN_POINT('',(6.640394735013,-74.51099216604,
    86.860015207878));
#1403 = CARTESIAN_POINT('',(6.746396749917,-74.26443414073,
    86.702063988321));
#1404 = CARTESIAN_POINT('',(6.843885231503,-74.0170087724,
    86.542481788642));
#1405 = CARTESIAN_POINT('',(6.933282538538,-73.76901294937,
    86.381421845717));
#1406 = CARTESIAN_POINT('',(7.11362339341,-73.22087386535,
    86.022914534424));
#1407 = CARTESIAN_POINT('',(7.201040777811,-72.92059159916,
    85.824854396248));
#1408 = CARTESIAN_POINT('',(7.277927020268,-72.62026294106,
    85.625039047873));
#1409 = CARTESIAN_POINT('',(7.344898145789,-72.3202408582,
    85.423647911254));
#1410 = CARTESIAN_POINT('',(7.402513005249,-72.02081231324,
    85.220825126759));
#1411 = CARTESIAN_POINT('',(7.511558714175,-71.35326051762,
    84.764449793125));
#1412 = CARTESIAN_POINT('',(7.558334098867,-70.98558380245,
    84.51021094106));
#1413 = CARTESIAN_POINT('',(7.59259269056,-70.61960589909,
    84.254172832395));
#1414 = CARTESIAN_POINT('',(7.615207234391,-70.2556797467,
    83.996505860655));
#1415 = CARTESIAN_POINT('',(7.626977719539,-69.89408501631,83.7373399488
    ));
#1416 = CARTESIAN_POINT('',(7.630770961813,-69.08505795044,
    83.150198598147));
#1417 = CARTESIAN_POINT('',(7.617037579823,-68.63909381357,
    82.821430257518));
#1418 = CARTESIAN_POINT('',(7.58894722751,-68.19756857264,
    82.490638272913));
#1419 = CARTESIAN_POINT('',(7.547874725473,-67.7608144966,
    82.157952214453));
#1420 = CARTESIAN_POINT('',(7.495150453212,-67.32907679637,
    81.823445646015));
#1421 = CARTESIAN_POINT('',(7.355711654005,-66.38532187389,
    81.079348231896));
#1422 = CARTESIAN_POINT('',(7.264157505551,-65.87575891183,
    80.668921123028));
#1423 = CARTESIAN_POINT('',(7.159876874228,-65.37413295895,
    80.255875708319));
#1424 = CARTESIAN_POINT('',(7.045342939113,-64.88064447564,
    79.840160444986));
#1425 = CARTESIAN_POINT('',(6.92326973851,-64.39539477312,
    79.421627672175));
#1426 = CARTESIAN_POINT('',(6.796910598595,-63.91839333333,79.));
#1427 = PCURVE('',#288,#1428);
#1428 = DEFINITIONAL_REPRESENTATION('',(#1429),#1457);
#1429 = B_SPLINE_CURVE_WITH_KNOTS('',6,(#1430,#1431,#1432,#1433,#1434,
    #1435,#1436,#1437,#1438,#1439,#1440,#1441,#1442,#1443,#1444,#1445,
    #1446,#1447,#1448,#1449,#1450,#1451,#1452,#1453,#1454,#1455,#1456),
  .UNSPECIFIED.,.F.,.F.,(7,5,5,5,5,7),(0.,0.127629451261,0.281719390956,
    0.472103768582,0.710700889124,1.),.UNSPECIFIED.);
#1430 = CARTESIAN_POINT('',(1.360583230515,1.042920985591));
#1431 = CARTESIAN_POINT('',(1.358272773267,1.037897557084));
#1432 = CARTESIAN_POINT('',(1.35632374188,1.032859610499));
#1433 = CARTESIAN_POINT('',(1.354702857845,1.027814675016));
#1434 = CARTESIAN_POINT('',(1.353381006626,1.022768653096));
#1435 = CARTESIAN_POINT('',(1.352332563549,1.017726026393));
#1436 = CARTESIAN_POINT('',(1.350571464666,1.006610026914));
#1437 = CARTESIAN_POINT('',(1.34997352593,1.000539962515));
#1438 = CARTESIAN_POINT('',(1.349700871683,0.994485683206));
#1439 = CARTESIAN_POINT('',(1.349719548248,0.988451469918));
#1440 = CARTESIAN_POINT('',(1.350000417006,0.982440274344));
#1441 = CARTESIAN_POINT('',(1.351157251839,0.969057543967));
#1442 = CARTESIAN_POINT('',(1.35215777499,0.961699388108));
#1443 = CARTESIAN_POINT('',(1.353471406137,0.954382986197));
#1444 = CARTESIAN_POINT('',(1.355058258951,0.947110467222));
#1445 = CARTESIAN_POINT('',(1.35688456507,0.939882726153));
#1446 = CARTESIAN_POINT('',(1.361472291867,0.923697406545));
#1447 = CARTESIAN_POINT('',(1.364353307846,0.914765611428));
#1448 = CARTESIAN_POINT('',(1.367505512496,0.905904003382));
#1449 = CARTESIAN_POINT('',(1.370880542691,0.897111145924));
#1450 = CARTESIAN_POINT('',(1.374436427434,0.888384404471));
#1451 = CARTESIAN_POINT('',(1.38261771522,0.869214366646));
#1452 = CARTESIAN_POINT('',(1.387309703556,0.858800730944));
#1453 = CARTESIAN_POINT('',(1.392140842261,0.848472414149));
#1454 = CARTESIAN_POINT('',(1.397048292305,0.838221629568));
#1455 = CARTESIAN_POINT('',(1.401968931012,0.828039125778));
#1456 = CARTESIAN_POINT('',(1.406832642953,0.817913601153));
#1457 = ( GEOMETRIC_REPRESENTATION_CONTEXT(2) 
PARAMETRIC_REPRESENTATION_CONTEXT() REPRESENTATION_CONTEXT('2D SPACE',''
  ) );
#1458 = PCURVE('',#1459,#1464);
#1459 = CONICAL_SURFACE('',#1460,13.,0.679413805408);
#1460 = AXIS2_PLACEMENT_3D('',#1461,#1462,#1463);
#1461 = CARTESIAN_POINT('',(0.,-75.,79.));
#1462 = DIRECTION('',(-0.,-0.,-1.));
#1463 = DIRECTION('',(1.,0.,-0.));
#1464 = DEFINITIONAL_REPRESENTATION('',(#1465),#1493);
#1465 = B_SPLINE_CURVE_WITH_KNOTS('',6,(#1466,#1467,#1468,#1469,#1470,
    #1471,#1472,#1473,#1474,#1475,#1476,#1477,#1478,#1479,#1480,#1481,
    #1482,#1483,#1484,#1485,#1486,#1487,#1488,#1489,#1490,#1491,#1492),
  .UNSPECIFIED.,.F.,.F.,(7,5,5,5,5,7),(0.,0.127629451261,0.281719390956,
    0.472103768582,0.710700889124,1.),.UNSPECIFIED.);
#1466 = CARTESIAN_POINT('',(0.,-8.170243775495));
#1467 = CARTESIAN_POINT('',(-3.806881433648E-02,-8.016148744805));
#1468 = CARTESIAN_POINT('',(-7.46196080725E-02,-7.860015207878));
#1469 = CARTESIAN_POINT('',(-0.109773336747,-7.702063988321));
#1470 = CARTESIAN_POINT('',(-0.143634054326,-7.542481788642));
#1471 = CARTESIAN_POINT('',(-0.176293248054,-7.381421845717));
#1472 = CARTESIAN_POINT('',(-0.245914249827,-7.022914534424));
#1473 = CARTESIAN_POINT('',(-0.282362692407,-6.824854396248));
#1474 = CARTESIAN_POINT('',(-0.317324654409,-6.625039047873));
#1475 = CARTESIAN_POINT('',(-0.350921178761,-6.423647911254));
#1476 = CARTESIAN_POINT('',(-0.383255624502,-6.220825126759));
#1477 = CARTESIAN_POINT('',(-0.452925060045,-5.764449793125));
#1478 = CARTESIAN_POINT('',(-0.48964244962,-5.51021094106));
#1479 = CARTESIAN_POINT('',(-0.52474403202,-5.254172832395));
#1480 = CARTESIAN_POINT('',(-0.558368577492,-4.996505860655));
#1481 = CARTESIAN_POINT('',(-0.590630773218,-4.7373399488));
#1482 = CARTESIAN_POINT('',(-0.66047975433,-4.150198598147));
#1483 = CARTESIAN_POINT('',(-0.697344539099,-3.821430257518));
#1484 = CARTESIAN_POINT('',(-0.732417498614,-3.490638272913));
#1485 = CARTESIAN_POINT('',(-0.76584737318,-3.157952214453));
#1486 = CARTESIAN_POINT('',(-0.797749397649,-2.823445646015));
#1487 = CARTESIAN_POINT('',(-0.865156901146,-2.079348231896));
#1488 = CARTESIAN_POINT('',(-0.899985966941,-1.668921123028));
#1489 = CARTESIAN_POINT('',(-0.932866069436,-1.255875708319));
#1490 = CARTESIAN_POINT('',(-0.963900592546,-0.840160444986));
#1491 = CARTESIAN_POINT('',(-0.993148153694,-0.421627672175));
#1492 = CARTESIAN_POINT('',(-1.020617966883,0.));
#1493 = ( GEOMETRIC_REPRESENTATION_CONTEXT(2) 
PARAMETRIC_REPRESENTATION_CONTEXT() REPRESENTATION_CONTEXT('2D SPACE',''
  ) );
#1494 = ORIENTED_EDGE('',*,*,#1495,.F.);
#1495 = EDGE_CURVE('',#1496,#1396,#1498,.T.);
#1496 = VERTEX_POINT('',#1497);
#1497 = CARTESIAN_POINT('',(-7.607573656204,-70.26354619329,84.));
#1498 = SURFACE_CURVE('',#1499,(#1586,#1676),.PCURVE_S1.);
#1499 = B_SPLINE_CURVE_WITH_KNOTS('',8,(#1500,#1501,#1502,#1503,#1504,
    #1505,#1506,#1507,#1508,#1509,#1510,#1511,#1512,#1513,#1514,#1515,
    #1516,#1517,#1518,#1519,#1520,#1521,#1522,#1523,#1524,#1525,#1526,
    #1527,#1528,#1529,#1530,#1531,#1532,#1533,#1534,#1535,#1536,#1537,
    #1538,#1539,#1540,#1541,#1542,#1543,#1544,#1545,#1546,#1547,#1548,
    #1549,#1550,#1551,#1552,#1553,#1554,#1555,#1556,#1557,#1558,#1559,
    #1560,#1561,#1562,#1563,#1564,#1565,#1566,#1567,#1568,#1569,#1570,
    #1571,#1572,#1573,#1574,#1575,#1576,#1577,#1578,#1579,#1580,#1581,
    #1582,#1583,#1584,#1585),.UNSPECIFIED.,.F.,.F.,(9,7,7,7,7,7,7,7,7,7,
    7,7,9),(0.,0.202632060008,0.344329108959,0.524447821298,
    0.60044457794,0.659966283919,0.68770567542,0.704256920229,
    0.739746573157,0.78515474232,0.807919842977,0.850800735109,1.),
  .UNSPECIFIED.);
#1500 = CARTESIAN_POINT('',(-6.796910598595,-63.91839333333,79.));
#1501 = CARTESIAN_POINT('',(-6.935288607566,-64.44076559353,
    79.461731520507));
#1502 = CARTESIAN_POINT('',(-7.068763018663,-64.97252636096,
    79.91989946221));
#1503 = CARTESIAN_POINT('',(-7.193724439248,-65.51369478657,
    80.374841117736));
#1504 = CARTESIAN_POINT('',(-7.307091423791,-66.06418906096,
    80.826752788943));
#1505 = CARTESIAN_POINT('',(-7.406076863218,-66.62381792505,
    81.275714920838));
#1506 = CARTESIAN_POINT('',(-7.488038752572,-67.19227372748,
    81.721709290561));
#1507 = CARTESIAN_POINT('',(-7.550361899771,-67.7691277759,
    82.164631838649));
#1508 = CARTESIAN_POINT('',(-7.618257136433,-68.76269986123,
    82.911760278365));
#1509 = CARTESIAN_POINT('',(-7.63525634686,-69.17537161046,
    83.21759932068));
#1510 = CARTESIAN_POINT('',(-7.640387555547,-69.59166862418,
    83.521772318275));
#1511 = CARTESIAN_POINT('',(-7.632686797373,-70.01134868231,
    83.824182931313));
#1512 = CARTESIAN_POINT('',(-7.611145383176,-70.43409827579,
    84.124690458704));
#1513 = CARTESIAN_POINT('',(-7.574690347018,-70.85952800982,
    84.423111594217));
#1514 = CARTESIAN_POINT('',(-7.522153313654,-71.28716783241,
    84.719221498578));
#1515 = CARTESIAN_POINT('',(-7.363341700976,-72.26216102257,
    85.385879318603));
#1516 = CARTESIAN_POINT('',(-7.246449295214,-72.80996761129,
    85.754453379632));
#1517 = CARTESIAN_POINT('',(-7.098878652157,-73.35929240493,
    86.118328940546));
#1518 = CARTESIAN_POINT('',(-6.917510506798,-73.90875257209,
    86.476825957426));
#1519 = CARTESIAN_POINT('',(-6.698895705729,-74.45614540136,
    86.828783913785));
#1520 = CARTESIAN_POINT('',(-6.439031229755,-74.99832456708,
    87.172543344621));
#1521 = CARTESIAN_POINT('',(-6.133598586031,-75.53122241212,
    87.505999711872));
#1522 = CARTESIAN_POINT('',(-5.625741454562,-76.26809832534,
    87.961569742471));
#1523 = CARTESIAN_POINT('',(-5.465921074245,-76.48401544292,
    88.094348312579));
#1524 = CARTESIAN_POINT('',(-5.296547706248,-76.696774046,
    88.224507223257));
#1525 = CARTESIAN_POINT('',(-5.117192925,-76.90583314932,88.351761538209
    ));
#1526 = CARTESIAN_POINT('',(-4.927439183839,-77.11053741537,
    88.475763546309));
#1527 = CARTESIAN_POINT('',(-4.726885737471,-77.31011828973,
    88.596105271803));
#1528 = CARTESIAN_POINT('',(-4.515149470068,-77.50369319286,
    88.71231895503));
#1529 = CARTESIAN_POINT('',(-4.11697773481,-77.83638662821,
    88.911248128299));
#1530 = CARTESIAN_POINT('',(-3.935044388263,-77.97818303148,
    88.995745879812));
#1531 = CARTESIAN_POINT('',(-3.745894502522,-78.11516838055,
    89.07711270183));
#1532 = CARTESIAN_POINT('',(-3.549415717773,-78.24677828038,
    89.155047377593));
#1533 = CARTESIAN_POINT('',(-3.345560231253,-78.37237596488,
    89.229209275584));
#1534 = CARTESIAN_POINT('',(-3.134359054611,-78.49126472748,
    89.299225653531));
#1535 = CARTESIAN_POINT('',(-2.91593969855,-78.60270435604,
    89.364700520831));
#1536 = CARTESIAN_POINT('',(-2.58550579942,-78.75403940283,
    89.453431809196));
#1537 = CARTESIAN_POINT('',(-2.478956127867,-78.80036066716,
    89.480561691063));
#1538 = CARTESIAN_POINT('',(-2.370927557754,-78.84481677306,
    89.506572541129));
#1539 = CARTESIAN_POINT('',(-2.261456487382,-78.88732775923,
    89.531421442064));
#1540 = CARTESIAN_POINT('',(-2.150587068463,-78.92781331174,
    89.555065268479));
#1541 = CARTESIAN_POINT('',(-2.038371848864,-78.9661937807,
    89.577461232371));
#1542 = CARTESIAN_POINT('',(-1.924872415363,-79.00239119696,
    89.598567428566));
#1543 = CARTESIAN_POINT('',(-1.741714675321,-79.05658070469,
    89.630143084412));
#1544 = CARTESIAN_POINT('',(-1.672837426473,-79.07602726183,
    89.641469277046));
#1545 = CARTESIAN_POINT('',(-1.603543473786,-79.09465377623,
    89.652313254495));
#1546 = CARTESIAN_POINT('',(-1.533849136822,-79.11244467357,
    89.662666639721));
#1547 = CARTESIAN_POINT('',(-1.463771870752,-79.12938498919,
    89.672521382206));
#1548 = CARTESIAN_POINT('',(-1.393330266365,-79.145460368,
    89.681869757953));
#1549 = CARTESIAN_POINT('',(-1.322544050062,-79.16065706454,
    89.690704369484));
#1550 = CARTESIAN_POINT('',(-1.098958058663,-79.20563487283,
    89.716844783108));
#1551 = CARTESIAN_POINT('',(-0.944983435977,-79.23220985666,
    89.732278115465));
#1552 = CARTESIAN_POINT('',(-0.789728434207,-79.25455630144,
    89.745247755287));
#1553 = CARTESIAN_POINT('',(-0.63342373876,-79.27256459576,
    89.755694657761));
#1554 = CARTESIAN_POINT('',(-0.476312872445,-79.28614868986,
    89.763572490717));
#1555 = CARTESIAN_POINT('',(-0.318652565878,-79.2952486756,
    89.76884900445));
#1556 = CARTESIAN_POINT('',(-0.160713127894,-79.29983336643,
    89.771507401546));
#1557 = CARTESIAN_POINT('',(0.199294390224,-79.29999181514,
    89.771599276198));
#1558 = CARTESIAN_POINT('',(0.401399485501,-79.29268933226,
    89.76736501088));
#1559 = CARTESIAN_POINT('',(0.602925935603,-79.27799153757,
    89.758842705233));
#1560 = CARTESIAN_POINT('',(0.803309973342,-79.25598319481,
    89.746078212308));
#1561 = CARTESIAN_POINT('',(1.002031647472,-79.22682350938,
    89.729157318353));
#1562 = CARTESIAN_POINT('',(1.198612450707,-79.19073454853,
    89.70819940903));
#1563 = CARTESIAN_POINT('',(1.39261352689,-79.14799229517,
    89.683352927215));
#1564 = CARTESIAN_POINT('',(1.679401602087,-79.07431841601,
    89.640474092778));
#1565 = CARTESIAN_POINT('',(1.774427940254,-79.04812341424,
    89.625220864649));
#1566 = CARTESIAN_POINT('',(1.868667639613,-79.02037440487,
    89.609053962629));
#1567 = CARTESIAN_POINT('',(1.962079412753,-78.99111233376,
    89.591995407159));
#1568 = CARTESIAN_POINT('',(2.054626282507,-78.96037958653,
    89.574067983876));
#1569 = CARTESIAN_POINT('',(2.146275347391,-78.92821955752,
    89.555295013006));
#1570 = CARTESIAN_POINT('',(2.236997547036,-78.89467621864,
    89.535700118753));
#1571 = CARTESIAN_POINT('',(2.495860137766,-78.79408811369,
    89.476894026368));
#1572 = CARTESIAN_POINT('',(2.661569652292,-78.72363273746,89.4356499107
    ));
#1573 = CARTESIAN_POINT('',(2.823733843746,-78.64872027274,
    89.391731772293));
#1574 = CARTESIAN_POINT('',(2.9822349479,-78.56964468739,89.345297259388
    ));
#1575 = CARTESIAN_POINT('',(3.136993560442,-78.48669420133,
    89.296500872517));
#1576 = CARTESIAN_POINT('',(3.287963554062,-78.4001454586,89.24549083811
    ));
#1577 = CARTESIAN_POINT('',(3.435127915954,-78.31025887397,
    89.192406531061));
#1578 = CARTESIAN_POINT('',(4.077326988452,-77.89374870852,
    88.945905425156));
#1579 = CARTESIAN_POINT('',(4.528894582811,-77.53357161888,
    88.731377861876));
#1580 = CARTESIAN_POINT('',(4.9359179357,-77.14595945503,88.498672214902
    ));
#1581 = CARTESIAN_POINT('',(5.30080026673,-76.73821600904,
    88.251633027161));
#1582 = CARTESIAN_POINT('',(5.626580061266,-76.31625529176,
    87.99341878238));
#1583 = CARTESIAN_POINT('',(5.916415507826,-75.88435239299,
    87.726330145485));
#1584 = CARTESIAN_POINT('',(6.173546275026,-75.445236259,87.451799849968
    ));
#1585 = CARTESIAN_POINT('',(6.400956950561,-75.,87.170243775495));
#1586 = PCURVE('',#288,#1587);
#1587 = DEFINITIONAL_REPRESENTATION('',(#1588),#1675);
#1588 = B_SPLINE_CURVE_WITH_KNOTS('',8,(#1589,#1590,#1591,#1592,#1593,
    #1594,#1595,#1596,#1597,#1598,#1599,#1600,#1601,#1602,#1603,#1604,
    #1605,#1606,#1607,#1608,#1609,#1610,#1611,#1612,#1613,#1614,#1615,
    #1616,#1617,#1618,#1619,#1620,#1621,#1622,#1623,#1624,#1625,#1626,
    #1627,#1628,#1629,#1630,#1631,#1632,#1633,#1634,#1635,#1636,#1637,
    #1638,#1639,#1640,#1641,#1642,#1643,#1644,#1645,#1646,#1647,#1648,
    #1649,#1650,#1651,#1652,#1653,#1654,#1655,#1656,#1657,#1658,#1659,
    #1660,#1661,#1662,#1663,#1664,#1665,#1666,#1667,#1668,#1669,#1670,
    #1671,#1672,#1673,#1674),.UNSPECIFIED.,.F.,.F.,(9,7,7,7,7,7,7,7,7,7,
    7,7,9),(0.,0.202632060008,0.344329108959,0.524447821298,
    0.60044457794,0.659966283919,0.68770567542,0.704256920229,
    0.739746573157,0.78515474232,0.807919842977,0.850800735109,1.),
  .UNSPECIFIED.);
#1589 = CARTESIAN_POINT('',(1.734760010636,0.817913601153));
#1590 = CARTESIAN_POINT('',(1.740086342987,0.829002232639));
#1591 = CARTESIAN_POINT('',(1.745477374339,0.840155255611));
#1592 = CARTESIAN_POINT('',(1.750855398818,0.851385896388));
#1593 = CARTESIAN_POINT('',(1.756149649251,0.862705082341));
#1594 = CARTESIAN_POINT('',(1.761290817168,0.874121853093));
#1595 = CARTESIAN_POINT('',(1.76620688206,0.885643625455));
#1596 = CARTESIAN_POINT('',(1.770818576712,0.897276375361));
#1597 = CARTESIAN_POINT('',(1.77797975871,0.917240267638));
#1598 = CARTESIAN_POINT('',(1.780732065088,0.925511566055));
#1599 = CARTESIAN_POINT('',(1.783258132211,0.933840574421));
#1600 = CARTESIAN_POINT('',(1.785522539614,0.942228097867));
#1601 = CARTESIAN_POINT('',(1.787485364533,0.950673839719));
#1602 = CARTESIAN_POINT('',(1.789100839198,0.95917632094));
#1603 = CARTESIAN_POINT('',(1.790315349609,0.967732746828));
#1604 = CARTESIAN_POINT('',(1.792017411536,0.987278463069));
#1605 = CARTESIAN_POINT('',(1.792217502195,0.998286988196));
#1606 = CARTESIAN_POINT('',(1.791537068255,1.00936653505));
#1607 = CARTESIAN_POINT('',(1.789814787892,1.020503904802));
#1608 = CARTESIAN_POINT('',(1.786853497811,1.03166976241));
#1609 = CARTESIAN_POINT('',(1.782404227267,1.042814790406));
#1610 = CARTESIAN_POINT('',(1.776167442899,1.053867390377));
#1611 = CARTESIAN_POINT('',(1.764180975479,1.069299347401));
#1612 = CARTESIAN_POINT('',(1.760235841198,1.07384032184));
#1613 = CARTESIAN_POINT('',(1.755872978276,1.07833467936));
#1614 = CARTESIAN_POINT('',(1.751061289329,1.082771215076));
#1615 = CARTESIAN_POINT('',(1.745768400107,1.087135928528));
#1616 = CARTESIAN_POINT('',(1.739961380978,1.09141190764));
#1617 = CARTESIAN_POINT('',(1.733607690079,1.095579177378));
#1618 = CARTESIAN_POINT('',(1.721247607947,1.10277504358));
#1619 = CARTESIAN_POINT('',(1.715465647436,1.105853990453));
#1620 = CARTESIAN_POINT('',(1.70931604623,1.108840110477));
#1621 = CARTESIAN_POINT('',(1.702786507522,1.111720155074));
#1622 = CARTESIAN_POINT('',(1.695867972709,1.114478976757));
#1623 = CARTESIAN_POINT('',(1.688555984692,1.117099778431));
#1624 = CARTESIAN_POINT('',(1.680852289903,1.119564505551));
#1625 = CARTESIAN_POINT('',(1.668998475128,1.122921550746));
#1626 = CARTESIAN_POINT('',(1.665147548467,1.12395067971));
#1627 = CARTESIAN_POINT('',(1.661215050537,1.124939838534));
#1628 = CARTESIAN_POINT('',(1.657202577359,1.125887056405));
#1629 = CARTESIAN_POINT('',(1.653112209515,1.126790347304));
#1630 = CARTESIAN_POINT('',(1.648946552177,1.127647736111));
#1631 = CARTESIAN_POINT('',(1.644708775134,1.128457284712));
#1632 = CARTESIAN_POINT('',(1.637833321599,1.129670487407));
#1633 = CARTESIAN_POINT('',(1.635239655285,1.130106160881));
#1634 = CARTESIAN_POINT('',(1.632622456967,1.130523735282));
#1635 = CARTESIAN_POINT('',(1.62998260155,1.1309228222));
#1636 = CARTESIAN_POINT('',(1.627321035749,1.131303048065));
#1637 = CARTESIAN_POINT('',(1.624638778092,1.131664054145));
#1638 = CARTESIAN_POINT('',(1.621936918922,1.132005496545));
#1639 = CARTESIAN_POINT('',(1.613383678409,1.133016522207));
#1640 = CARTESIAN_POINT('',(1.607465577035,1.133614593443));
#1641 = CARTESIAN_POINT('',(1.601474206182,1.134117994781));
#1642 = CARTESIAN_POINT('',(1.595422559489,1.134523977849));
#1643 = CARTESIAN_POINT('',(1.589324604569,1.1348303798));
#1644 = CARTESIAN_POINT('',(1.583195153265,1.135035692083));
#1645 = CARTESIAN_POINT('',(1.577049731899,1.135139129203));
#1646 = CARTESIAN_POINT('',(1.563041711032,1.135142704079));
#1647 = CARTESIAN_POINT('',(1.555177621967,1.134977948002));
#1648 = CARTESIAN_POINT('',(1.547346463155,1.134646337365));
#1649 = CARTESIAN_POINT('',(1.539580721515,1.134149993457));
#1650 = CARTESIAN_POINT('',(1.531910509232,1.133492918611));
#1651 = CARTESIAN_POINT('',(1.524363137936,1.132680702736));
#1652 = CARTESIAN_POINT('',(1.516962849885,1.131720268519));
#1653 = CARTESIAN_POINT('',(1.506104916286,1.130067869776));
#1654 = CARTESIAN_POINT('',(1.502521076314,1.129480802991));
#1655 = CARTESIAN_POINT('',(1.498981671399,1.128859430421));
#1656 = CARTESIAN_POINT('',(1.49548890684,1.128204772962));
#1657 = CARTESIAN_POINT('',(1.492044720068,1.127517885732));
#1658 = CARTESIAN_POINT('',(1.488650792637,1.126799846879));
#1659 = CARTESIAN_POINT('',(1.485308562211,1.126051746383));
#1660 = CARTESIAN_POINT('',(1.475823377733,1.123810964214));
#1661 = CARTESIAN_POINT('',(1.469815381466,1.122244501279));
#1662 = CARTESIAN_POINT('',(1.464003022326,1.120582528207));
#1663 = CARTESIAN_POINT('',(1.458391232512,1.118832285887));
#1664 = CARTESIAN_POINT('',(1.452982505719,1.117000830091));
#1665 = CARTESIAN_POINT('',(1.447777279553,1.115094884911));
#1666 = CARTESIAN_POINT('',(1.442774294481,1.113120733488));
#1667 = CARTESIAN_POINT('',(1.421258157784,1.103998067895));
#1668 = CARTESIAN_POINT('',(1.407005530331,1.096174608702));
#1669 = CARTESIAN_POINT('',(1.395015948132,1.087835985972));
#1670 = CARTESIAN_POINT('',(1.385049373789,1.079151464119));
#1671 = CARTESIAN_POINT('',(1.376845422558,1.070248668625));
#1672 = CARTESIAN_POINT('',(1.370167449126,1.06121427999));
#1673 = CARTESIAN_POINT('',(1.364804802554,1.052099586641));
#1674 = CARTESIAN_POINT('',(1.360583230515,1.042920985591));
#1675 = ( GEOMETRIC_REPRESENTATION_CONTEXT(2) 
PARAMETRIC_REPRESENTATION_CONTEXT() REPRESENTATION_CONTEXT('2D SPACE',''
  ) );
#1676 = PCURVE('',#1459,#1677);
#1677 = DEFINITIONAL_REPRESENTATION('',(#1678),#1765);
#1678 = B_SPLINE_CURVE_WITH_KNOTS('',8,(#1679,#1680,#1681,#1682,#1683,
    #1684,#1685,#1686,#1687,#1688,#1689,#1690,#1691,#1692,#1693,#1694,
    #1695,#1696,#1697,#1698,#1699,#1700,#1701,#1702,#1703,#1704,#1705,
    #1706,#1707,#1708,#1709,#1710,#1711,#1712,#1713,#1714,#1715,#1716,
    #1717,#1718,#1719,#1720,#1721,#1722,#1723,#1724,#1725,#1726,#1727,
    #1728,#1729,#1730,#1731,#1732,#1733,#1734,#1735,#1736,#1737,#1738,
    #1739,#1740,#1741,#1742,#1743,#1744,#1745,#1746,#1747,#1748,#1749,
    #1750,#1751,#1752,#1753,#1754,#1755,#1756,#1757,#1758,#1759,#1760,
    #1761,#1762,#1763,#1764),.UNSPECIFIED.,.F.,.F.,(9,7,7,7,7,7,7,7,7,7,
    7,7,9),(0.,0.202632060008,0.344329108959,0.524447821298,
    0.60044457794,0.659966283919,0.68770567542,0.704256920229,
    0.739746573157,0.78515474232,0.807919842977,0.850800735109,1.),
  .UNSPECIFIED.);
#1679 = CARTESIAN_POINT('',(-2.120974686707,4.143030293649E-14));
#1680 = CARTESIAN_POINT('',(-2.151057338888,-0.461731520507));
#1681 = CARTESIAN_POINT('',(-2.183168582502,-0.91989946221));
#1682 = CARTESIAN_POINT('',(-2.21732026957,-1.374841117736));
#1683 = CARTESIAN_POINT('',(-2.25357139198,-1.826752788943));
#1684 = CARTESIAN_POINT('',(-2.292026423279,-2.275714920838));
#1685 = CARTESIAN_POINT('',(-2.332835814731,-2.721709290561));
#1686 = CARTESIAN_POINT('',(-2.376204748582,-3.164631838649));
#1687 = CARTESIAN_POINT('',(-2.454731145662,-3.911760278365));
#1688 = CARTESIAN_POINT('',(-2.48843325715,-4.21759932068));
#1689 = CARTESIAN_POINT('',(-2.523619727387,-4.521772318275));
#1690 = CARTESIAN_POINT('',(-2.560404561598,-4.824182931313));
#1691 = CARTESIAN_POINT('',(-2.598919880308,-5.124690458704));
#1692 = CARTESIAN_POINT('',(-2.639320940368,-5.423111594217));
#1693 = CARTESIAN_POINT('',(-2.681794925441,-5.719221498578));
#1694 = CARTESIAN_POINT('',(-2.783493959302,-6.385879318603));
#1695 = CARTESIAN_POINT('',(-2.844079612819,-6.754453379628));
#1696 = CARTESIAN_POINT('',(-2.908850958682,-7.118328940558));
#1697 = CARTESIAN_POINT('',(-2.978410433425,-7.47682595741));
#1698 = CARTESIAN_POINT('',(-3.053447248703,-7.828783913795));
#1699 = CARTESIAN_POINT('',(-3.134827915051,-8.172543344618));
#1700 = CARTESIAN_POINT('',(-3.223588372678,-8.505999711872));
#1701 = CARTESIAN_POINT('',(-3.362540672324,-8.961569742471));
#1702 = CARTESIAN_POINT('',(-3.405343937006,-9.094348312579));
#1703 = CARTESIAN_POINT('',(-3.449830540228,-9.224507223257));
#1704 = CARTESIAN_POINT('',(-3.496113339619,-9.351761538209));
#1705 = CARTESIAN_POINT('',(-3.544306411855,-9.475763546309));
#1706 = CARTESIAN_POINT('',(-3.594524931464,-9.596105271803));
#1707 = CARTESIAN_POINT('',(-3.646885386953,-9.71231895503));
#1708 = CARTESIAN_POINT('',(-3.744285855472,-9.911248128298));
#1709 = CARTESIAN_POINT('',(-3.788443245106,-9.995745879812));
#1710 = CARTESIAN_POINT('',(-3.834032536644,-10.07711270183));
#1711 = CARTESIAN_POINT('',(-3.881096829191,-10.15504737759));
#1712 = CARTESIAN_POINT('',(-3.929665889413,-10.22920927558));
#1713 = CARTESIAN_POINT('',(-3.979752710445,-10.29922565353));
#1714 = CARTESIAN_POINT('',(-4.031348827787,-10.36470052083));
#1715 = CARTESIAN_POINT('',(-4.109150838925,-10.45343180919));
#1716 = CARTESIAN_POINT('',(-4.134201823191,-10.48056169106));
#1717 = CARTESIAN_POINT('',(-4.159566674592,-10.50657254112));
#1718 = CARTESIAN_POINT('',(-4.185239073889,-10.53142144206));
#1719 = CARTESIAN_POINT('',(-4.211210887978,-10.55506526847));
#1720 = CARTESIAN_POINT('',(-4.237472004887,-10.57746123237));
#1721 = CARTESIAN_POINT('',(-4.264010168766,-10.59856742856));
#1722 = CARTESIAN_POINT('',(-4.306801939089,-10.63014308441));
#1723 = CARTESIAN_POINT('',(-4.322886524834,-10.64146927704));
#1724 = CARTESIAN_POINT('',(-4.339061469193,-10.65231325449));
#1725 = CARTESIAN_POINT('',(-4.355323397186,-10.66266663972));
#1726 = CARTESIAN_POINT('',(-4.371668661777,-10.6725213822));
#1727 = CARTESIAN_POINT('',(-4.388093343877,-10.68186975795));
#1728 = CARTESIAN_POINT('',(-4.404593252338,-10.69070436948));
#1729 = CARTESIAN_POINT('',(-4.456695232417,-10.7168447831));
#1730 = CARTESIAN_POINT('',(-4.492554230665,-10.73227811546));
#1731 = CARTESIAN_POINT('',(-4.528694008946,-10.74524775528));
#1732 = CARTESIAN_POINT('',(-4.565064546538,-10.75569465776));
#1733 = CARTESIAN_POINT('',(-4.601612671353,-10.76357249071));
#1734 = CARTESIAN_POINT('',(-4.638282019552,-10.76884900445));
#1735 = CARTESIAN_POINT('',(-4.675012995147,-10.77150740154));
#1736 = CARTESIAN_POINT('',(-4.758737553683,-10.77159927619));
#1737 = CARTESIAN_POINT('',(-4.80573971885,-10.76736501088));
#1738 = CARTESIAN_POINT('',(-4.852614082214,-10.75884270523));
#1739 = CARTESIAN_POINT('',(-4.899236317711,-10.7460782123));
#1740 = CARTESIAN_POINT('',(-4.945492578796,-10.72915731835));
#1741 = CARTESIAN_POINT('',(-4.991279138962,-10.70819940903));
#1742 = CARTESIAN_POINT('',(-5.036502010093,-10.68335292721));
#1743 = CARTESIAN_POINT('',(-5.103423698838,-10.64047409277));
#1744 = CARTESIAN_POINT('',(-5.125609823127,-10.62522086464));
#1745 = CARTESIAN_POINT('',(-5.147625323914,-10.60905396262));
#1746 = CARTESIAN_POINT('',(-5.169461700787,-10.59199540715));
#1747 = CARTESIAN_POINT('',(-5.191111481095,-10.57406798387));
#1748 = CARTESIAN_POINT('',(-5.212568160496,-10.555295013));
#1749 = CARTESIAN_POINT('',(-5.233826143516,-10.53570011875));
#1750 = CARTESIAN_POINT('',(-5.294539524055,-10.47689402636));
#1751 = CARTESIAN_POINT('',(-5.333475527277,-10.4356499107));
#1752 = CARTESIAN_POINT('',(-5.371658827962,-10.39173177229));
#1753 = CARTESIAN_POINT('',(-5.409070028753,-10.34529725938));
#1754 = CARTESIAN_POINT('',(-5.44569861751,-10.29650087251));
#1755 = CARTESIAN_POINT('',(-5.481541642966,-10.24549083811));
#1756 = CARTESIAN_POINT('',(-5.516602649251,-10.19240653106));
#1757 = CARTESIAN_POINT('',(-5.670192893349,-9.945905425156));
#1758 = CARTESIAN_POINT('',(-5.779828683552,-9.731377861872));
#1759 = CARTESIAN_POINT('',(-5.8807334486,-9.498672214913));
#1760 = CARTESIAN_POINT('',(-5.973726690787,-9.251633027146));
#1761 = CARTESIAN_POINT('',(-6.059673803422,-8.99341878239));
#1762 = CARTESIAN_POINT('',(-6.139377141166,-8.726330145482));
#1763 = CARTESIAN_POINT('',(-6.213627542232,-8.451799849968));
#1764 = CARTESIAN_POINT('',(-6.28318530718,-8.170243775495));
#1765 = ( GEOMETRIC_REPRESENTATION_CONTEXT(2) 
PARAMETRIC_REPRESENTATION_CONTEXT() REPRESENTATION_CONTEXT('2D SPACE',''
  ) );
#1766 = ORIENTED_EDGE('',*,*,#1767,.T.);
#1767 = EDGE_CURVE('',#1496,#1768,#1770,.T.);
#1768 = VERTEX_POINT('',#1769);
#1769 = CARTESIAN_POINT('',(-17.,-73.76706225793,84.));
#1770 = SURFACE_CURVE('',#1771,(#1776,#1783),.PCURVE_S1.);
#1771 = CIRCLE('',#1772,35.559758154408);
#1772 = AXIS2_PLACEMENT_3D('',#1773,#1774,#1775);
#1773 = CARTESIAN_POINT('',(0.,-105.,84.));
#1774 = DIRECTION('',(0.,0.,1.));
#1775 = DIRECTION('',(1.,0.,-0.));
#1776 = PCURVE('',#288,#1777);
#1777 = DEFINITIONAL_REPRESENTATION('',(#1778),#1782);
#1778 = LINE('',#1779,#1780);
#1779 = CARTESIAN_POINT('',(0.,0.94726688188));
#1780 = VECTOR('',#1781,1.);
#1781 = DIRECTION('',(1.,0.));
#1782 = ( GEOMETRIC_REPRESENTATION_CONTEXT(2) 
PARAMETRIC_REPRESENTATION_CONTEXT() REPRESENTATION_CONTEXT('2D SPACE',''
  ) );
#1783 = PCURVE('',#1383,#1784);
#1784 = DEFINITIONAL_REPRESENTATION('',(#1785),#1789);
#1785 = CIRCLE('',#1786,35.559758154408);
#1786 = AXIS2_PLACEMENT_2D('',#1787,#1788);
#1787 = CARTESIAN_POINT('',(17.,-12.5));
#1788 = DIRECTION('',(1.,0.));
#1789 = ( GEOMETRIC_REPRESENTATION_CONTEXT(2) 
PARAMETRIC_REPRESENTATION_CONTEXT() REPRESENTATION_CONTEXT('2D SPACE',''
  ) );
#1790 = ORIENTED_EDGE('',*,*,#1791,.F.);
#1791 = EDGE_CURVE('',#670,#1768,#1792,.T.);
#1792 = SURFACE_CURVE('',#1793,(#1798,#1810),.PCURVE_S1.);
#1793 = CIRCLE('',#1794,58.479141580567);
#1794 = AXIS2_PLACEMENT_3D('',#1795,#1796,#1797);
#1795 = CARTESIAN_POINT('',(-17.,-105.,34.56));
#1796 = DIRECTION('',(1.,0.,-0.));
#1797 = DIRECTION('',(0.,0.,1.));
#1798 = PCURVE('',#288,#1799);
#1799 = DEFINITIONAL_REPRESENTATION('',(#1800),#1809);
#1800 = B_SPLINE_CURVE_WITH_KNOTS('',7,(#1801,#1802,#1803,#1804,#1805,
    #1806,#1807,#1808),.UNSPECIFIED.,.F.,.F.,(8,8),(5.407184372217,
    5.719758086881),.PIECEWISE_BEZIER_KNOTS.);
#1801 = CARTESIAN_POINT('',(1.932568219347,0.662104872065));
#1802 = CARTESIAN_POINT('',(1.944887375599,0.703867898002));
#1803 = CARTESIAN_POINT('',(1.95891230344,0.745403794999));
#1804 = CARTESIAN_POINT('',(1.974935378189,0.786664346158));
#1805 = CARTESIAN_POINT('',(1.993339656574,0.827587468746));
#1806 = CARTESIAN_POINT('',(2.014643703797,0.868087555103));
#1807 = CARTESIAN_POINT('',(2.039570613058,0.908046804079));
#1808 = CARTESIAN_POINT('',(2.069250633804,0.94726688188));
#1809 = ( GEOMETRIC_REPRESENTATION_CONTEXT(2) 
PARAMETRIC_REPRESENTATION_CONTEXT() REPRESENTATION_CONTEXT('2D SPACE',''
  ) );
#1810 = PCURVE('',#709,#1811);
#1811 = DEFINITIONAL_REPRESENTATION('',(#1812),#1816);
#1812 = CIRCLE('',#1813,58.479141580567);
#1813 = AXIS2_PLACEMENT_2D('',#1814,#1815);
#1814 = CARTESIAN_POINT('',(-37.44,12.5));
#1815 = DIRECTION('',(1.,0.));
#1816 = ( GEOMETRIC_REPRESENTATION_CONTEXT(2) 
PARAMETRIC_REPRESENTATION_CONTEXT() REPRESENTATION_CONTEXT('2D SPACE',''
  ) );
#1817 = ORIENTED_EDGE('',*,*,#669,.T.);
#1818 = ORIENTED_EDGE('',*,*,#330,.F.);
#1819 = ORIENTED_EDGE('',*,*,#481,.F.);
#1820 = ORIENTED_EDGE('',*,*,#273,.T.);
#1821 = ORIENTED_EDGE('',*,*,#1035,.F.);
#1822 = ORIENTED_EDGE('',*,*,#899,.F.);
#1823 = ORIENTED_EDGE('',*,*,#1824,.F.);
#1824 = EDGE_CURVE('',#1825,#900,#1827,.T.);
#1825 = VERTEX_POINT('',#1826);
#1826 = CARTESIAN_POINT('',(50.054134694349,-102.,0.));
#1827 = SURFACE_CURVE('',#1828,(#1833,#1840),.PCURVE_S1.);
#1828 = CIRCLE('',#1829,50.1439567645);
#1829 = AXIS2_PLACEMENT_3D('',#1830,#1831,#1832);
#1830 = CARTESIAN_POINT('',(0.,-105.,0.));
#1831 = DIRECTION('',(0.,0.,1.));
#1832 = DIRECTION('',(1.,0.,-0.));
#1833 = PCURVE('',#288,#1834);
#1834 = DEFINITIONAL_REPRESENTATION('',(#1835),#1839);
#1835 = LINE('',#1836,#1837);
#1836 = CARTESIAN_POINT('',(0.,-0.603451420284));
#1837 = VECTOR('',#1838,1.);
#1838 = DIRECTION('',(1.,0.));
#1839 = ( GEOMETRIC_REPRESENTATION_CONTEXT(2) 
PARAMETRIC_REPRESENTATION_CONTEXT() REPRESENTATION_CONTEXT('2D SPACE',''
  ) );
#1840 = PCURVE('',#1841,#1846);
#1841 = PLANE('',#1842);
#1842 = AXIS2_PLACEMENT_3D('',#1843,#1844,#1845);
#1843 = CARTESIAN_POINT('',(-67.5,-102.,0.));
#1844 = DIRECTION('',(0.,0.,1.));
#1845 = DIRECTION('',(1.,0.,-0.));
#1846 = DEFINITIONAL_REPRESENTATION('',(#1847),#1851);
#1847 = CIRCLE('',#1848,50.1439567645);
#1848 = AXIS2_PLACEMENT_2D('',#1849,#1850);
#1849 = CARTESIAN_POINT('',(67.5,-3.));
#1850 = DIRECTION('',(1.,0.));
#1851 = ( GEOMETRIC_REPRESENTATION_CONTEXT(2) 
PARAMETRIC_REPRESENTATION_CONTEXT() REPRESENTATION_CONTEXT('2D SPACE',''
  ) );
#1852 = ORIENTED_EDGE('',*,*,#1853,.F.);
#1853 = EDGE_CURVE('',#1854,#1825,#1856,.T.);
#1854 = VERTEX_POINT('',#1855);
#1855 = CARTESIAN_POINT('',(50.1439567645,-105.,0.));
#1856 = SURFACE_CURVE('',#1857,(#1862,#1869),.PCURVE_S1.);
#1857 = CIRCLE('',#1858,50.1439567645);
#1858 = AXIS2_PLACEMENT_3D('',#1859,#1860,#1861);
#1859 = CARTESIAN_POINT('',(0.,-105.,0.));
#1860 = DIRECTION('',(0.,0.,1.));
#1861 = DIRECTION('',(1.,0.,-0.));
#1862 = PCURVE('',#288,#1863);
#1863 = DEFINITIONAL_REPRESENTATION('',(#1864),#1868);
#1864 = LINE('',#1865,#1866);
#1865 = CARTESIAN_POINT('',(0.,-0.603451420284));
#1866 = VECTOR('',#1867,1.);
#1867 = DIRECTION('',(1.,0.));
#1868 = ( GEOMETRIC_REPRESENTATION_CONTEXT(2) 
PARAMETRIC_REPRESENTATION_CONTEXT() REPRESENTATION_CONTEXT('2D SPACE',''
  ) );
#1869 = PCURVE('',#1870,#1875);
#1870 = PLANE('',#1871);
#1871 = AXIS2_PLACEMENT_3D('',#1872,#1873,#1874);
#1872 = CARTESIAN_POINT('',(-72.5,-125.,0.));
#1873 = DIRECTION('',(0.,0.,1.));
#1874 = DIRECTION('',(1.,0.,-0.));
#1875 = DEFINITIONAL_REPRESENTATION('',(#1876),#1880);
#1876 = CIRCLE('',#1877,50.1439567645);
#1877 = AXIS2_PLACEMENT_2D('',#1878,#1879);
#1878 = CARTESIAN_POINT('',(72.5,20.));
#1879 = DIRECTION('',(1.,0.));
#1880 = ( GEOMETRIC_REPRESENTATION_CONTEXT(2) 
PARAMETRIC_REPRESENTATION_CONTEXT() REPRESENTATION_CONTEXT('2D SPACE',''
  ) );
#1881 = ORIENTED_EDGE('',*,*,#1882,.F.);
#1882 = EDGE_CURVE('',#1883,#1854,#1885,.T.);
#1883 = VERTEX_POINT('',#1884);
#1884 = CARTESIAN_POINT('',(3.729049503404E-15,-105.,-26.34));
#1885 = SEAM_CURVE('',#1886,(#1891,#1898),.PCURVE_S1.);
#1886 = CIRCLE('',#1887,60.9);
#1887 = AXIS2_PLACEMENT_3D('',#1888,#1889,#1890);
#1888 = CARTESIAN_POINT('',(0.,-105.,34.56));
#1889 = DIRECTION('',(-2.449293598295E-16,-1.,0.));
#1890 = DIRECTION('',(1.,-2.449293598295E-16,0.));
#1891 = PCURVE('',#288,#1892);
#1892 = DEFINITIONAL_REPRESENTATION('',(#1893),#1897);
#1893 = LINE('',#1894,#1895);
#1894 = CARTESIAN_POINT('',(6.28318530718,-6.28318530718));
#1895 = VECTOR('',#1896,1.);
#1896 = DIRECTION('',(0.,1.));
#1897 = ( GEOMETRIC_REPRESENTATION_CONTEXT(2) 
PARAMETRIC_REPRESENTATION_CONTEXT() REPRESENTATION_CONTEXT('2D SPACE',''
  ) );
#1898 = PCURVE('',#288,#1899);
#1899 = DEFINITIONAL_REPRESENTATION('',(#1900),#1904);
#1900 = LINE('',#1901,#1902);
#1901 = CARTESIAN_POINT('',(0.,-6.28318530718));
#1902 = VECTOR('',#1903,1.);
#1903 = DIRECTION('',(0.,1.));
#1904 = ( GEOMETRIC_REPRESENTATION_CONTEXT(2) 
PARAMETRIC_REPRESENTATION_CONTEXT() REPRESENTATION_CONTEXT('2D SPACE',''
  ) );
#1905 = ORIENTED_EDGE('',*,*,#1882,.T.);
#1906 = ORIENTED_EDGE('',*,*,#1907,.F.);
#1907 = EDGE_CURVE('',#1083,#1854,#1908,.T.);
#1908 = SURFACE_CURVE('',#1909,(#1914,#1921),.PCURVE_S1.);
#1909 = CIRCLE('',#1910,50.1439567645);
#1910 = AXIS2_PLACEMENT_3D('',#1911,#1912,#1913);
#1911 = CARTESIAN_POINT('',(0.,-105.,0.));
#1912 = DIRECTION('',(0.,0.,1.));
#1913 = DIRECTION('',(1.,0.,-0.));
#1914 = PCURVE('',#288,#1915);
#1915 = DEFINITIONAL_REPRESENTATION('',(#1916),#1920);
#1916 = LINE('',#1917,#1918);
#1917 = CARTESIAN_POINT('',(0.,-0.603451420284));
#1918 = VECTOR('',#1919,1.);
#1919 = DIRECTION('',(1.,0.));
#1920 = ( GEOMETRIC_REPRESENTATION_CONTEXT(2) 
PARAMETRIC_REPRESENTATION_CONTEXT() REPRESENTATION_CONTEXT('2D SPACE',''
  ) );
#1921 = PCURVE('',#1870,#1922);
#1922 = DEFINITIONAL_REPRESENTATION('',(#1923),#1927);
#1923 = CIRCLE('',#1924,50.1439567645);
#1924 = AXIS2_PLACEMENT_2D('',#1925,#1926);
#1925 = CARTESIAN_POINT('',(72.5,20.));
#1926 = DIRECTION('',(1.,0.));
#1927 = ( GEOMETRIC_REPRESENTATION_CONTEXT(2) 
PARAMETRIC_REPRESENTATION_CONTEXT() REPRESENTATION_CONTEXT('2D SPACE',''
  ) );
#1928 = ADVANCED_FACE('',(#1929,#2789),#738,.T.);
#1929 = FACE_BOUND('',#1930,.T.);
#1930 = EDGE_LOOP('',(#1931,#1932,#1933,#1934,#2134,#2173,#2174,#2203,
    #2235,#2259,#2291,#2320,#2344,#2567,#2591,#2615,#2616,#2640,#2689,
    #2713,#2742,#2766,#2767));
#1931 = ORIENTED_EDGE('',*,*,#1007,.F.);
#1932 = ORIENTED_EDGE('',*,*,#829,.T.);
#1933 = ORIENTED_EDGE('',*,*,#779,.T.);
#1934 = ORIENTED_EDGE('',*,*,#1935,.F.);
#1935 = EDGE_CURVE('',#1936,#751,#1938,.T.);
#1936 = VERTEX_POINT('',#1937);
#1937 = CARTESIAN_POINT('',(-35.3,70.,74.091253458498));
#1938 = SURFACE_CURVE('',#1939,(#2002,#2068),.PCURVE_S1.);
#1939 = B_SPLINE_CURVE_WITH_KNOTS('',7,(#1940,#1941,#1942,#1943,#1944,
    #1945,#1946,#1947,#1948,#1949,#1950,#1951,#1952,#1953,#1954,#1955,
    #1956,#1957,#1958,#1959,#1960,#1961,#1962,#1963,#1964,#1965,#1966,
    #1967,#1968,#1969,#1970,#1971,#1972,#1973,#1974,#1975,#1976,#1977,
    #1978,#1979,#1980,#1981,#1982,#1983,#1984,#1985,#1986,#1987,#1988,
    #1989,#1990,#1991,#1992,#1993,#1994,#1995,#1996,#1997,#1998,#1999,
    #2000,#2001),.UNSPECIFIED.,.F.,.F.,(8,6,6,6,6,6,6,6,6,6,8),(0.,
    0.182749324004,0.247418607833,0.2836317705,0.357319866018,
    0.442087788075,0.486207973056,0.574404174633,0.745787941285,
    0.96106650634,1.),.UNSPECIFIED.);
#1940 = CARTESIAN_POINT('',(-35.3,70.,74.091253458498));
#1941 = CARTESIAN_POINT('',(-35.3,70.444728147928,74.428754632141));
#1942 = CARTESIAN_POINT('',(-35.31648176836,70.906000028055,
    74.754894096442));
#1943 = CARTESIAN_POINT('',(-35.35165341019,71.384944869684,
    75.068184082026));
#1944 = CARTESIAN_POINT('',(-35.40821665368,71.882130019863,
    75.366157842819));
#1945 = CARTESIAN_POINT('',(-35.48930376182,72.397456020319,
    75.645464525598));
#1946 = CARTESIAN_POINT('',(-35.59835763619,72.930059914601,
    75.90196300414));
#1947 = CARTESIAN_POINT('',(-35.78870817317,73.672205937713,
    76.211798144971));
#1948 = CARTESIAN_POINT('',(-35.8423953764,73.868071599795,
    76.289293397754));
#1949 = CARTESIAN_POINT('',(-35.90016074827,74.065709490336,
    76.363075567473));
#1950 = CARTESIAN_POINT('',(-35.96214159666,74.264969585031,
    76.432903481009));
#1951 = CARTESIAN_POINT('',(-36.02846058711,74.465663915141,
    76.498526695539));
#1952 = CARTESIAN_POINT('',(-36.09921781831,74.667564366043,
    76.559692533095));
#1953 = CARTESIAN_POINT('',(-36.21662943762,74.983983565035,
    76.647769612505));
#1954 = CARTESIAN_POINT('',(-36.26018923586,75.097859437844,
    76.677910551554));
#1955 = CARTESIAN_POINT('',(-36.30517399769,75.211979660493,
    76.706532318488));
#1956 = CARTESIAN_POINT('',(-36.35159232278,75.326291792604,
    76.733591989992));
#1957 = CARTESIAN_POINT('',(-36.39944909722,75.44073934957,
    76.759047951282));
#1958 = CARTESIAN_POINT('',(-36.44874488567,75.555261764984,
    76.78286051416));
#1959 = CARTESIAN_POINT('',(-36.6027037927,75.902850172243,
    76.850027719802));
#1960 = CARTESIAN_POINT('',(-36.71188488933,76.135975723569,
    76.888109593241));
#1961 = CARTESIAN_POINT('',(-36.82696669721,76.368587740356,
    76.918916006086));
#1962 = CARTESIAN_POINT('',(-36.9478293851,76.600082117367,
    76.942183766781));
#1963 = CARTESIAN_POINT('',(-37.07427335395,76.829837633449,
    76.957723454448));
#1964 = CARTESIAN_POINT('',(-37.2060073841,77.057219674169,
    76.965434231837));
#1965 = CARTESIAN_POINT('',(-37.49980993399,77.539683905196,
    76.96518570691));
#1966 = CARTESIAN_POINT('',(-37.66350114559,77.793856128191,
    76.954696199755));
#1967 = CARTESIAN_POINT('',(-37.83310525523,78.043100734942,
    76.93384628515));
#1968 = CARTESIAN_POINT('',(-38.00795340434,78.286602514643,
    76.902820511267));
#1969 = CARTESIAN_POINT('',(-38.18733446815,78.523706110432,
    76.861950304501));
#1970 = CARTESIAN_POINT('',(-38.37051345091,78.753895280012,
    76.811681469353));
#1971 = CARTESIAN_POINT('',(-38.6536779925,79.092781788148,
    76.721774208648));
#1972 = CARTESIAN_POINT('',(-38.75144654375,79.206819415725,
    76.688593808482));
#1973 = CARTESIAN_POINT('',(-38.84995529447,79.31884174069,
    76.653082026415));
#1974 = CARTESIAN_POINT('',(-38.94911112266,79.428814426792,
    76.615315408577));
#1975 = CARTESIAN_POINT('',(-39.04882551852,79.536714704253,
    76.575373017002));
#1976 = CARTESIAN_POINT('',(-39.14901511311,79.642529889836,
    76.533334916516));
#1977 = CARTESIAN_POINT('',(-39.45067569786,79.953604101728,
    76.401216254242));
#1978 = CARTESIAN_POINT('',(-39.6533256622,80.152591725596,
    76.305100548556));
#1979 = CARTESIAN_POINT('',(-39.85695171286,80.343210479163,
    76.201562510642));
#1980 = CARTESIAN_POINT('',(-40.06103183846,80.525572741403,
    76.091224803835));
#1981 = CARTESIAN_POINT('',(-40.26512701005,80.699874132686,
    75.974675693173));
#1982 = CARTESIAN_POINT('',(-40.46888373142,80.86636689252,
    75.852448683485));
#1983 = CARTESIAN_POINT('',(-41.06679926241,81.334270163358,
    75.477369518107));
#1984 = CARTESIAN_POINT('',(-41.45904906817,81.614639226773,
    75.210191393936));
#1985 = CARTESIAN_POINT('',(-41.84709327959,81.868866225248,
    74.926766592229));
#1986 = CARTESIAN_POINT('',(-42.22968035623,82.099194377352,
    74.629815393434));
#1987 = CARTESIAN_POINT('',(-42.60601440772,82.307769461835,
    74.321535750282));
#1988 = CARTESIAN_POINT('',(-42.97573040991,82.49658678748,
    74.003565523819));
#1989 = CARTESIAN_POINT('',(-43.79500150984,82.882124414577,
    73.266700036219));
#1990 = CARTESIAN_POINT('',(-44.24039757467,83.06831597857,
    72.84313327877));
#1991 = CARTESIAN_POINT('',(-44.67489081069,83.229619105564,
    72.408613810136));
#1992 = CARTESIAN_POINT('',(-45.0983673585,83.368795562681,
    71.964961149216));
#1993 = CARTESIAN_POINT('',(-45.51088159794,83.488225684363,
    71.513597969432));
#1994 = CARTESIAN_POINT('',(-45.9126423561,83.589934772841,
    71.055546846181));
#1995 = CARTESIAN_POINT('',(-46.37478833149,83.691179161828,
    70.507512640549));
#1996 = CARTESIAN_POINT('',(-46.44522446442,83.706162040724,
    70.423385180904));
#1997 = CARTESIAN_POINT('',(-46.51531870959,83.720632072391,
    70.339068508927));
#1998 = CARTESIAN_POINT('',(-46.58507239199,83.734599194708,
    70.254567258452));
#1999 = CARTESIAN_POINT('',(-46.65448685931,83.748073066222,
    70.169885865019));
#2000 = CARTESIAN_POINT('',(-46.72356348196,83.761063066151,
    70.085028565881));
#2001 = CARTESIAN_POINT('',(-46.79230365305,83.773578294383,69.9999994)
  );
#2002 = PCURVE('',#738,#2003);
#2003 = DEFINITIONAL_REPRESENTATION('',(#2004),#2067);
#2004 = B_SPLINE_CURVE_WITH_KNOTS('',7,(#2005,#2006,#2007,#2008,#2009,
    #2010,#2011,#2012,#2013,#2014,#2015,#2016,#2017,#2018,#2019,#2020,
    #2021,#2022,#2023,#2024,#2025,#2026,#2027,#2028,#2029,#2030,#2031,
    #2032,#2033,#2034,#2035,#2036,#2037,#2038,#2039,#2040,#2041,#2042,
    #2043,#2044,#2045,#2046,#2047,#2048,#2049,#2050,#2051,#2052,#2053,
    #2054,#2055,#2056,#2057,#2058,#2059,#2060,#2061,#2062,#2063,#2064,
    #2065,#2066),.UNSPECIFIED.,.F.,.F.,(8,6,6,6,6,6,6,6,6,6,8),(0.,
    0.182749324004,0.247418607833,0.2836317705,0.357319866018,
    0.442087788075,0.486207973056,0.574404174633,0.745787941285,
    0.96106650634,1.),.UNSPECIFIED.);
#2005 = CARTESIAN_POINT('',(3.84600448099,0.706423678433));
#2006 = CARTESIAN_POINT('',(3.838689362043,0.713709043549));
#2007 = CARTESIAN_POINT('',(3.830765610409,0.720802003932));
#2008 = CARTESIAN_POINT('',(3.822170409804,0.727665993016));
#2009 = CARTESIAN_POINT('',(3.812842783149,0.734241956781));
#2010 = CARTESIAN_POINT('',(3.802728826206,0.740448434509));
#2011 = CARTESIAN_POINT('',(3.791790311038,0.746183019356));
#2012 = CARTESIAN_POINT('',(3.775850331258,0.753144855598));
#2013 = CARTESIAN_POINT('',(3.771580762189,0.754889741604));
#2014 = CARTESIAN_POINT('',(3.767208379784,0.756554283257));
#2015 = CARTESIAN_POINT('',(3.762734592277,0.758132496624));
#2016 = CARTESIAN_POINT('',(3.758161976284,0.759618162087));
#2017 = CARTESIAN_POINT('',(3.753494464677,0.761004999082));
#2018 = CARTESIAN_POINT('',(3.746073773892,0.763004639785));
#2019 = CARTESIAN_POINT('',(3.743381988777,0.763689512619));
#2020 = CARTESIAN_POINT('',(3.740663163586,0.764340375034));
#2021 = CARTESIAN_POINT('',(3.737918432718,0.764956159358));
#2022 = CARTESIAN_POINT('',(3.735149088411,0.765535830141));
#2023 = CARTESIAN_POINT('',(3.732356588661,0.766078399766));
#2024 = CARTESIAN_POINT('',(3.723816469446,0.767609612361));
#2025 = CARTESIAN_POINT('',(3.718000579904,0.768478952268));
#2026 = CARTESIAN_POINT('',(3.712109522803,0.76918296034));
#2027 = CARTESIAN_POINT('',(3.70615980974,0.769715085661));
#2028 = CARTESIAN_POINT('',(3.70016970012,0.770070607109));
#2029 = CARTESIAN_POINT('',(3.694159063647,0.770247010637));
#2030 = CARTESIAN_POINT('',(3.681235778459,0.770241324921));
#2031 = CARTESIAN_POINT('',(3.674321624796,0.770001348052));
#2032 = CARTESIAN_POINT('',(3.6674396539,0.76952434798));
#2033 = CARTESIAN_POINT('',(3.660619895381,0.768814899446));
#2034 = CARTESIAN_POINT('',(3.653889152943,0.767881265873));
#2035 = CARTESIAN_POINT('',(3.647270816235,0.766734570617));
#2036 = CARTESIAN_POINT('',(3.637409048117,0.764687306686));
#2037 = CARTESIAN_POINT('',(3.634068745986,0.763932311519));
#2038 = CARTESIAN_POINT('',(3.630766536546,0.763124932152));
#2039 = CARTESIAN_POINT('',(3.627504612212,0.762267072939));
#2040 = CARTESIAN_POINT('',(3.624284808739,0.761360700352));
#2041 = CARTESIAN_POINT('',(3.62110863109,0.760407804912));
#2042 = CARTESIAN_POINT('',(3.6117177105,0.757416478061));
#2043 = CARTESIAN_POINT('',(3.605637636693,0.755244704933));
#2044 = CARTESIAN_POINT('',(3.599745953325,0.752910685865));
#2045 = CARTESIAN_POINT('',(3.594047190157,0.750429890968));
#2046 = CARTESIAN_POINT('',(3.588542420694,0.74781689283));
#2047 = CARTESIAN_POINT('',(3.583230010052,0.745084871954));
#2048 = CARTESIAN_POINT('',(3.568149563287,0.736727570968));
#2049 = CARTESIAN_POINT('',(3.558910820943,0.730807039229));
#2050 = CARTESIAN_POINT('',(3.550354231395,0.724565375764));
#2051 = CARTESIAN_POINT('',(3.542436716351,0.7180693364));
#2052 = CARTESIAN_POINT('',(3.535110577058,0.711371777538));
#2053 = CARTESIAN_POINT('',(3.528327232032,0.704511659584));
#2054 = CARTESIAN_POINT('',(3.514140250608,0.688724931383));
#2055 = CARTESIAN_POINT('',(3.507028860435,0.679725900336));
#2056 = CARTESIAN_POINT('',(3.5006127283,0.670573124409));
#2057 = CARTESIAN_POINT('',(3.494817010182,0.661308062468));
#2058 = CARTESIAN_POINT('',(3.489575791024,0.651961799895));
#2059 = CARTESIAN_POINT('',(3.484831765697,0.64255584001));
#2060 = CARTESIAN_POINT('',(3.479757293511,0.631393633484));
#2061 = CARTESIAN_POINT('',(3.478994766447,0.629682651312));
#2062 = CARTESIAN_POINT('',(3.478246595443,0.627970316961));
#2063 = CARTESIAN_POINT('',(3.477512497639,0.626256723386));
#2064 = CARTESIAN_POINT('',(3.476792197908,0.624541958692));
#2065 = CARTESIAN_POINT('',(3.476085428858,0.622826106131));
#2066 = CARTESIAN_POINT('',(3.475391930831,0.621109244107));
#2067 = ( GEOMETRIC_REPRESENTATION_CONTEXT(2) 
PARAMETRIC_REPRESENTATION_CONTEXT() REPRESENTATION_CONTEXT('2D SPACE',''
  ) );
#2068 = PCURVE('',#767,#2069);
#2069 = DEFINITIONAL_REPRESENTATION('',(#2070),#2133);
#2070 = B_SPLINE_CURVE_WITH_KNOTS('',7,(#2071,#2072,#2073,#2074,#2075,
    #2076,#2077,#2078,#2079,#2080,#2081,#2082,#2083,#2084,#2085,#2086,
    #2087,#2088,#2089,#2090,#2091,#2092,#2093,#2094,#2095,#2096,#2097,
    #2098,#2099,#2100,#2101,#2102,#2103,#2104,#2105,#2106,#2107,#2108,
    #2109,#2110,#2111,#2112,#2113,#2114,#2115,#2116,#2117,#2118,#2119,
    #2120,#2121,#2122,#2123,#2124,#2125,#2126,#2127,#2128,#2129,#2130,
    #2131,#2132),.UNSPECIFIED.,.F.,.F.,(8,6,6,6,6,6,6,6,6,6,8),(0.,
    0.182749324004,0.247418607833,0.2836317705,0.357319866018,
    0.442087788075,0.486207973056,0.574404174633,0.745787941285,
    0.96106650634,1.),.UNSPECIFIED.);
#2071 = CARTESIAN_POINT('',(0.,4.091253458498));
#2072 = CARTESIAN_POINT('',(3.176629628058E-02,4.428754632141));
#2073 = CARTESIAN_POINT('',(6.471427292435E-02,4.754894096442));
#2074 = CARTESIAN_POINT('',(9.897702502091E-02,5.068184082026));
#2075 = CARTESIAN_POINT('',(0.134664788974,5.366157842819));
#2076 = CARTESIAN_POINT('',(0.17186658667,5.645464525598));
#2077 = CARTESIAN_POINT('',(0.210652182487,5.90196300414));
#2078 = CARTESIAN_POINT('',(0.265378498143,6.211798144971));
#2079 = CARTESIAN_POINT('',(0.279882990591,6.289293397754));
#2080 = CARTESIAN_POINT('',(0.294587236523,6.363075567473));
#2081 = CARTESIAN_POINT('',(0.30948870163,6.432903481009));
#2082 = CARTESIAN_POINT('',(0.324582581771,6.498526695539));
#2083 = CARTESIAN_POINT('',(0.339861473469,6.559692533095));
#2084 = CARTESIAN_POINT('',(0.363968653134,6.647769612505));
#2085 = CARTESIAN_POINT('',(0.372676986999,6.677910551554));
#2086 = CARTESIAN_POINT('',(0.38143815071,6.706532318488));
#2087 = CARTESIAN_POINT('',(0.390249966226,6.733591989992));
#2088 = CARTESIAN_POINT('',(0.399109947194,6.759047951282));
#2089 = CARTESIAN_POINT('',(0.408015273371,6.78286051416));
#2090 = CARTESIAN_POINT('',(0.435169504627,6.850027719802));
#2091 = CARTESIAN_POINT('',(0.453553007891,6.888109593241));
#2092 = CARTESIAN_POINT('',(0.472083481704,6.918916006086));
#2093 = CARTESIAN_POINT('',(0.490728792677,6.942183766781));
#2094 = CARTESIAN_POINT('',(0.50945380533,6.957723454448));
#2095 = CARTESIAN_POINT('',(0.528219720244,6.965434231837));
#2096 = CARTESIAN_POINT('',(0.568568434442,6.96518570691));
#2097 = CARTESIAN_POINT('',(0.590155989376,6.954696199755));
#2098 = CARTESIAN_POINT('',(0.611679023955,6.93384628515));
#2099 = CARTESIAN_POINT('',(0.633079391569,6.902820511267));
#2100 = CARTESIAN_POINT('',(0.654305854225,6.861950304501));
#2101 = CARTESIAN_POINT('',(0.675312676235,6.811681469353));
#2102 = CARTESIAN_POINT('',(0.706856800094,6.721774208648));
#2103 = CARTESIAN_POINT('',(0.71758527633,6.688593808482));
#2104 = CARTESIAN_POINT('',(0.728239248671,6.653082026415));
#2105 = CARTESIAN_POINT('',(0.73881450306,6.615315408577));
#2106 = CARTESIAN_POINT('',(0.749307535371,6.575373017002));
#2107 = CARTESIAN_POINT('',(0.759715485952,6.533334916516));
#2108 = CARTESIAN_POINT('',(0.790666918751,6.401216254242));
#2109 = CARTESIAN_POINT('',(0.810947443378,6.305100548556));
#2110 = CARTESIAN_POINT('',(0.830861720726,6.201562510642));
#2111 = CARTESIAN_POINT('',(0.850401680442,6.091224803835));
#2112 = CARTESIAN_POINT('',(0.869565404593,5.974675693173));
#2113 = CARTESIAN_POINT('',(0.888356125679,5.852448683485));
#2114 = CARTESIAN_POINT('',(0.942587134443,5.477369518107));
#2115 = CARTESIAN_POINT('',(0.976993787921,5.210191393936));
#2116 = CARTESIAN_POINT('',(1.010088049478,4.926766592229));
#2117 = CARTESIAN_POINT('',(1.0419469507,4.629815393434));
#2118 = CARTESIAN_POINT('',(1.072651491645,4.321535750282));
#2119 = CARTESIAN_POINT('',(1.102288902227,4.003565523819));
#2120 = CARTESIAN_POINT('',(1.166964087399,3.266700036219));
#2121 = CARTESIAN_POINT('',(1.201412848098,2.84313327877));
#2122 = CARTESIAN_POINT('',(1.234476210155,2.408613810136));
#2123 = CARTESIAN_POINT('',(1.266277584129,1.964961149216));
#2124 = CARTESIAN_POINT('',(1.296924187988,1.513597969432));
#2125 = CARTESIAN_POINT('',(1.32651126164,1.055546846181));
#2126 = CARTESIAN_POINT('',(1.360304550497,0.507512640549));
#2127 = CARTESIAN_POINT('',(1.365448173889,0.423385180904));
#2128 = CARTESIAN_POINT('',(1.370560329115,0.339068508927));
#2129 = CARTESIAN_POINT('',(1.375641474662,0.254567258452));
#2130 = CARTESIAN_POINT('',(1.380692054987,0.169885865019));
#2131 = CARTESIAN_POINT('',(1.385712500522,8.502856588128E-02));
#2132 = CARTESIAN_POINT('',(1.390703227668,-6.E-07));
#2133 = ( GEOMETRIC_REPRESENTATION_CONTEXT(2) 
PARAMETRIC_REPRESENTATION_CONTEXT() REPRESENTATION_CONTEXT('2D SPACE',''
  ) );
#2134 = ORIENTED_EDGE('',*,*,#2135,.F.);
#2135 = EDGE_CURVE('',#722,#1936,#2136,.T.);
#2136 = SURFACE_CURVE('',#2137,(#2147,#2160),.PCURVE_S1.);
#2137 = B_SPLINE_CURVE_WITH_KNOTS('',8,(#2138,#2139,#2140,#2141,#2142,
    #2143,#2144,#2145,#2146),.UNSPECIFIED.,.F.,.F.,(9,9),(0.,1.),
  .PIECEWISE_BEZIER_KNOTS.);
#2138 = CARTESIAN_POINT('',(-35.91450754188,65.897733351699,69.9999994)
  );
#2139 = CARTESIAN_POINT('',(-35.78300058735,66.32683401701,
    70.546170764149));
#2140 = CARTESIAN_POINT('',(-35.66237551241,66.776543057341,
    71.085029985277));
#2141 = CARTESIAN_POINT('',(-35.5543417948,67.248501501433,
    71.616038707806));
#2142 = CARTESIAN_POINT('',(-35.46107910633,67.744344614357,
    72.138045340778));
#2143 = CARTESIAN_POINT('',(-35.38526414366,68.265668456391,
    72.649306514932));
#2144 = CARTESIAN_POINT('',(-35.33023328437,68.814130521458,
    73.147434272176));
#2145 = CARTESIAN_POINT('',(-35.3,69.391426371936,73.629411061796));
#2146 = CARTESIAN_POINT('',(-35.3,70.,74.091253458498));
#2147 = PCURVE('',#738,#2148);
#2148 = DEFINITIONAL_REPRESENTATION('',(#2149),#2159);
#2149 = B_SPLINE_CURVE_WITH_KNOTS('',8,(#2150,#2151,#2152,#2153,#2154,
    #2155,#2156,#2157,#2158),.UNSPECIFIED.,.F.,.F.,(9,9),(0.,1.),
  .PIECEWISE_BEZIER_KNOTS.);
#2150 = CARTESIAN_POINT('',(3.901113641307,0.621109244107));
#2151 = CARTESIAN_POINT('',(3.896659066695,0.632137235078));
#2152 = CARTESIAN_POINT('',(3.891671096421,0.643117042406));
#2153 = CARTESIAN_POINT('',(3.886083105795,0.654038321084));
#2154 = CARTESIAN_POINT('',(3.879818188243,0.664877718116));
#2155 = CARTESIAN_POINT('',(3.872788872424,0.675598298799));
#2156 = CARTESIAN_POINT('',(3.86489300101,0.686147144286));
#2157 = CARTESIAN_POINT('',(3.856014615267,0.696454259808));
#2158 = CARTESIAN_POINT('',(3.84600448099,0.706423678433));
#2159 = ( GEOMETRIC_REPRESENTATION_CONTEXT(2) 
PARAMETRIC_REPRESENTATION_CONTEXT() REPRESENTATION_CONTEXT('2D SPACE',''
  ) );
#2160 = PCURVE('',#767,#2161);
#2161 = DEFINITIONAL_REPRESENTATION('',(#2162),#2172);
#2162 = B_SPLINE_CURVE_WITH_KNOTS('',8,(#2163,#2164,#2165,#2166,#2167,
    #2168,#2169,#2170,#2171),.UNSPECIFIED.,.F.,.F.,(9,9),(0.,1.),
  .PIECEWISE_BEZIER_KNOTS.);
#2163 = CARTESIAN_POINT('',(5.98580234447,-5.999999928008E-07));
#2164 = CARTESIAN_POINT('',(6.017859488923,0.546170764149));
#2165 = CARTESIAN_POINT('',(6.051096304285,1.085029985277));
#2166 = CARTESIAN_POINT('',(6.085639180727,1.616038707805));
#2167 = CARTESIAN_POINT('',(6.121620267688,2.13804534078));
#2168 = CARTESIAN_POINT('',(6.159179370151,2.649306514931));
#2169 = CARTESIAN_POINT('',(6.198480334753,3.147434272176));
#2170 = CARTESIAN_POINT('',(6.239715762318,3.629411061796));
#2171 = CARTESIAN_POINT('',(6.28318530718,4.091253458498));
#2172 = ( GEOMETRIC_REPRESENTATION_CONTEXT(2) 
PARAMETRIC_REPRESENTATION_CONTEXT() REPRESENTATION_CONTEXT('2D SPACE',''
  ) );
#2173 = ORIENTED_EDGE('',*,*,#721,.T.);
#2174 = ORIENTED_EDGE('',*,*,#2175,.F.);
#2175 = EDGE_CURVE('',#2176,#694,#2178,.T.);
#2176 = VERTEX_POINT('',#2177);
#2177 = CARTESIAN_POINT('',(-17.,67.5,83.176458118625));
#2178 = SURFACE_CURVE('',#2179,(#2184,#2196),.PCURVE_S1.);
#2179 = CIRCLE('',#2180,58.479141580567);
#2180 = AXIS2_PLACEMENT_3D('',#2181,#2182,#2183);
#2181 = CARTESIAN_POINT('',(-17.,100.,34.56));
#2182 = DIRECTION('',(1.,0.,-0.));
#2183 = DIRECTION('',(0.,0.,1.));
#2184 = PCURVE('',#738,#2185);
#2185 = DEFINITIONAL_REPRESENTATION('',(#2186),#2195);
#2186 = B_SPLINE_CURVE_WITH_KNOTS('',7,(#2187,#2188,#2189,#2190,#2191,
    #2192,#2193,#2194),.UNSPECIFIED.,.F.,.F.,(8,8),(0.58926930695,
    0.876000934963),.PIECEWISE_BEZIER_KNOTS.);
#2187 = CARTESIAN_POINT('',(4.230450728427,0.924466888698));
#2188 = CARTESIAN_POINT('',(4.255616299897,0.888170833964));
#2189 = CARTESIAN_POINT('',(4.277152879924,0.851317372551));
#2190 = CARTESIAN_POINT('',(4.295835159211,0.814040438729));
#2191 = CARTESIAN_POINT('',(4.312183256191,0.776425077751));
#2192 = CARTESIAN_POINT('',(4.326580370272,0.738534261548));
#2193 = CARTESIAN_POINT('',(4.339316419983,0.700415132512));
#2194 = CARTESIAN_POINT('',(4.350617087832,0.662104872065));
#2195 = ( GEOMETRIC_REPRESENTATION_CONTEXT(2) 
PARAMETRIC_REPRESENTATION_CONTEXT() REPRESENTATION_CONTEXT('2D SPACE',''
  ) );
#2196 = PCURVE('',#709,#2197);
#2197 = DEFINITIONAL_REPRESENTATION('',(#2198),#2202);
#2198 = CIRCLE('',#2199,58.479141580567);
#2199 = AXIS2_PLACEMENT_2D('',#2200,#2201);
#2200 = CARTESIAN_POINT('',(-37.44,-192.5));
#2201 = DIRECTION('',(1.,0.));
#2202 = ( GEOMETRIC_REPRESENTATION_CONTEXT(2) 
PARAMETRIC_REPRESENTATION_CONTEXT() REPRESENTATION_CONTEXT('2D SPACE',''
  ) );
#2203 = ORIENTED_EDGE('',*,*,#2204,.T.);
#2204 = EDGE_CURVE('',#2176,#2205,#2207,.T.);
#2205 = VERTEX_POINT('',#2206);
#2206 = CARTESIAN_POINT('',(-14.43074495651,67.5,84.));
#2207 = SURFACE_CURVE('',#2208,(#2213,#2223),.PCURVE_S1.);
#2208 = CIRCLE('',#2209,51.503009620798);
#2209 = AXIS2_PLACEMENT_3D('',#2210,#2211,#2212);
#2210 = CARTESIAN_POINT('',(0.,67.5,34.56));
#2211 = DIRECTION('',(-0.,1.,0.));
#2212 = DIRECTION('',(0.,0.,1.));
#2213 = PCURVE('',#738,#2214);
#2214 = DEFINITIONAL_REPRESENTATION('',(#2215),#2222);
#2215 = B_SPLINE_CURVE_WITH_KNOTS('',5,(#2216,#2217,#2218,#2219,#2220,
    #2221),.UNSPECIFIED.,.F.,.F.,(6,6),(5.946799316161,5.999190915339),
  .PIECEWISE_BEZIER_KNOTS.);
#2216 = CARTESIAN_POINT('',(4.230450728427,0.924466888698));
#2217 = CARTESIAN_POINT('',(4.24275781701,0.929323564025));
#2218 = CARTESIAN_POINT('',(4.255319340969,0.934037402808));
#2219 = CARTESIAN_POINT('',(4.268134723383,0.938602936252));
#2220 = CARTESIAN_POINT('',(4.281201861374,0.943014604335));
#2221 = CARTESIAN_POINT('',(4.294516699053,0.94726688188));
#2222 = ( GEOMETRIC_REPRESENTATION_CONTEXT(2) 
PARAMETRIC_REPRESENTATION_CONTEXT() REPRESENTATION_CONTEXT('2D SPACE',''
  ) );
#2223 = PCURVE('',#2224,#2229);
#2224 = PLANE('',#2225);
#2225 = AXIS2_PLACEMENT_3D('',#2226,#2227,#2228);
#2226 = CARTESIAN_POINT('',(-17.,67.5,72.));
#2227 = DIRECTION('',(-0.,1.,0.));
#2228 = DIRECTION('',(0.,0.,1.));
#2229 = DEFINITIONAL_REPRESENTATION('',(#2230),#2234);
#2230 = CIRCLE('',#2231,51.503009620798);
#2231 = AXIS2_PLACEMENT_2D('',#2232,#2233);
#2232 = CARTESIAN_POINT('',(-37.44,17.));
#2233 = DIRECTION('',(1.,0.));
#2234 = ( GEOMETRIC_REPRESENTATION_CONTEXT(2) 
PARAMETRIC_REPRESENTATION_CONTEXT() REPRESENTATION_CONTEXT('2D SPACE',''
  ) );
#2235 = ORIENTED_EDGE('',*,*,#2236,.T.);
#2236 = EDGE_CURVE('',#2205,#2237,#2239,.T.);
#2237 = VERTEX_POINT('',#2238);
#2238 = CARTESIAN_POINT('',(14.430744956516,67.5,84.));
#2239 = SURFACE_CURVE('',#2240,(#2245,#2252),.PCURVE_S1.);
#2240 = CIRCLE('',#2241,35.559758154408);
#2241 = AXIS2_PLACEMENT_3D('',#2242,#2243,#2244);
#2242 = CARTESIAN_POINT('',(0.,100.,84.));
#2243 = DIRECTION('',(0.,0.,1.));
#2244 = DIRECTION('',(1.,0.,-0.));
#2245 = PCURVE('',#738,#2246);
#2246 = DEFINITIONAL_REPRESENTATION('',(#2247),#2251);
#2247 = LINE('',#2248,#2249);
#2248 = CARTESIAN_POINT('',(0.,0.94726688188));
#2249 = VECTOR('',#2250,1.);
#2250 = DIRECTION('',(1.,0.));
#2251 = ( GEOMETRIC_REPRESENTATION_CONTEXT(2) 
PARAMETRIC_REPRESENTATION_CONTEXT() REPRESENTATION_CONTEXT('2D SPACE',''
  ) );
#2252 = PCURVE('',#1383,#2253);
#2253 = DEFINITIONAL_REPRESENTATION('',(#2254),#2258);
#2254 = CIRCLE('',#2255,35.559758154408);
#2255 = AXIS2_PLACEMENT_2D('',#2256,#2257);
#2256 = CARTESIAN_POINT('',(17.,192.5));
#2257 = DIRECTION('',(1.,0.));
#2258 = ( GEOMETRIC_REPRESENTATION_CONTEXT(2) 
PARAMETRIC_REPRESENTATION_CONTEXT() REPRESENTATION_CONTEXT('2D SPACE',''
  ) );
#2259 = ORIENTED_EDGE('',*,*,#2260,.T.);
#2260 = EDGE_CURVE('',#2237,#2261,#2263,.T.);
#2261 = VERTEX_POINT('',#2262);
#2262 = CARTESIAN_POINT('',(17.,67.5,83.176458118625));
#2263 = SURFACE_CURVE('',#2264,(#2269,#2279),.PCURVE_S1.);
#2264 = CIRCLE('',#2265,51.503009620798);
#2265 = AXIS2_PLACEMENT_3D('',#2266,#2267,#2268);
#2266 = CARTESIAN_POINT('',(0.,67.5,34.56));
#2267 = DIRECTION('',(-0.,1.,0.));
#2268 = DIRECTION('',(0.,0.,1.));
#2269 = PCURVE('',#738,#2270);
#2270 = DEFINITIONAL_REPRESENTATION('',(#2271),#2278);
#2271 = B_SPLINE_CURVE_WITH_KNOTS('',5,(#2272,#2273,#2274,#2275,#2276,
    #2277),.UNSPECIFIED.,.F.,.F.,(6,6),(0.28399439184,0.336385991018),
  .PIECEWISE_BEZIER_KNOTS.);
#2272 = CARTESIAN_POINT('',(5.130261261716,0.94726688188));
#2273 = CARTESIAN_POINT('',(5.143576099396,0.943014604335));
#2274 = CARTESIAN_POINT('',(5.156643237387,0.938602936252));
#2275 = CARTESIAN_POINT('',(5.169458619801,0.934037402808));
#2276 = CARTESIAN_POINT('',(5.182020143759,0.929323564025));
#2277 = CARTESIAN_POINT('',(5.194327232342,0.924466888698));
#2278 = ( GEOMETRIC_REPRESENTATION_CONTEXT(2) 
PARAMETRIC_REPRESENTATION_CONTEXT() REPRESENTATION_CONTEXT('2D SPACE',''
  ) );
#2279 = PCURVE('',#2280,#2285);
#2280 = PLANE('',#2281);
#2281 = AXIS2_PLACEMENT_3D('',#2282,#2283,#2284);
#2282 = CARTESIAN_POINT('',(-17.,67.5,72.));
#2283 = DIRECTION('',(-0.,1.,0.));
#2284 = DIRECTION('',(0.,0.,1.));
#2285 = DEFINITIONAL_REPRESENTATION('',(#2286),#2290);
#2286 = CIRCLE('',#2287,51.503009620798);
#2287 = AXIS2_PLACEMENT_2D('',#2288,#2289);
#2288 = CARTESIAN_POINT('',(-37.44,17.));
#2289 = DIRECTION('',(1.,0.));
#2290 = ( GEOMETRIC_REPRESENTATION_CONTEXT(2) 
PARAMETRIC_REPRESENTATION_CONTEXT() REPRESENTATION_CONTEXT('2D SPACE',''
  ) );
#2291 = ORIENTED_EDGE('',*,*,#2292,.T.);
#2292 = EDGE_CURVE('',#2261,#2293,#2295,.T.);
#2293 = VERTEX_POINT('',#2294);
#2294 = CARTESIAN_POINT('',(17.,55.077217361343,72.));
#2295 = SURFACE_CURVE('',#2296,(#2301,#2313),.PCURVE_S1.);
#2296 = CIRCLE('',#2297,58.479141580567);
#2297 = AXIS2_PLACEMENT_3D('',#2298,#2299,#2300);
#2298 = CARTESIAN_POINT('',(17.,100.,34.56));
#2299 = DIRECTION('',(1.,0.,-0.));
#2300 = DIRECTION('',(0.,0.,1.));
#2301 = PCURVE('',#738,#2302);
#2302 = DEFINITIONAL_REPRESENTATION('',(#2303),#2312);
#2303 = B_SPLINE_CURVE_WITH_KNOTS('',7,(#2304,#2305,#2306,#2307,#2308,
    #2309,#2310,#2311),.UNSPECIFIED.,.F.,.F.,(8,8),(0.58926930695,
    0.876000934963),.PIECEWISE_BEZIER_KNOTS.);
#2304 = CARTESIAN_POINT('',(5.194327232342,0.924466888698));
#2305 = CARTESIAN_POINT('',(5.169161660873,0.888170833964));
#2306 = CARTESIAN_POINT('',(5.147625080846,0.851317372551));
#2307 = CARTESIAN_POINT('',(5.128942801558,0.814040438729));
#2308 = CARTESIAN_POINT('',(5.112594704582,0.776425077751));
#2309 = CARTESIAN_POINT('',(5.098197590497,0.738534261548));
#2310 = CARTESIAN_POINT('',(5.085461540786,0.700415132512));
#2311 = CARTESIAN_POINT('',(5.074160872937,0.662104872065));
#2312 = ( GEOMETRIC_REPRESENTATION_CONTEXT(2) 
PARAMETRIC_REPRESENTATION_CONTEXT() REPRESENTATION_CONTEXT('2D SPACE',''
  ) );
#2313 = PCURVE('',#1354,#2314);
#2314 = DEFINITIONAL_REPRESENTATION('',(#2315),#2319);
#2315 = CIRCLE('',#2316,58.479141580567);
#2316 = AXIS2_PLACEMENT_2D('',#2317,#2318);
#2317 = CARTESIAN_POINT('',(-37.44,-192.5));
#2318 = DIRECTION('',(1.,0.));
#2319 = ( GEOMETRIC_REPRESENTATION_CONTEXT(2) 
PARAMETRIC_REPRESENTATION_CONTEXT() REPRESENTATION_CONTEXT('2D SPACE',''
  ) );
#2320 = ORIENTED_EDGE('',*,*,#2321,.T.);
#2321 = EDGE_CURVE('',#2293,#2322,#2324,.T.);
#2322 = VERTEX_POINT('',#2323);
#2323 = CARTESIAN_POINT('',(35.4994855042,67.645047845236,72.));
#2324 = SURFACE_CURVE('',#2325,(#2330,#2337),.PCURVE_S1.);
#2325 = CIRCLE('',#2326,48.031826948389);
#2326 = AXIS2_PLACEMENT_3D('',#2327,#2328,#2329);
#2327 = CARTESIAN_POINT('',(0.,100.,72.));
#2328 = DIRECTION('',(0.,0.,1.));
#2329 = DIRECTION('',(1.,0.,-0.));
#2330 = PCURVE('',#738,#2331);
#2331 = DEFINITIONAL_REPRESENTATION('',(#2332),#2336);
#2332 = LINE('',#2333,#2334);
#2333 = CARTESIAN_POINT('',(0.,0.662104872065));
#2334 = VECTOR('',#2335,1.);
#2335 = DIRECTION('',(1.,0.));
#2336 = ( GEOMETRIC_REPRESENTATION_CONTEXT(2) 
PARAMETRIC_REPRESENTATION_CONTEXT() REPRESENTATION_CONTEXT('2D SPACE',''
  ) );
#2337 = PCURVE('',#1320,#2338);
#2338 = DEFINITIONAL_REPRESENTATION('',(#2339),#2343);
#2339 = CIRCLE('',#2340,48.031826948389);
#2340 = AXIS2_PLACEMENT_2D('',#2341,#2342);
#2341 = CARTESIAN_POINT('',(72.5,225.));
#2342 = DIRECTION('',(1.,0.));
#2343 = ( GEOMETRIC_REPRESENTATION_CONTEXT(2) 
PARAMETRIC_REPRESENTATION_CONTEXT() REPRESENTATION_CONTEXT('2D SPACE',''
  ) );
#2344 = ORIENTED_EDGE('',*,*,#2345,.T.);
#2345 = EDGE_CURVE('',#2322,#2346,#2348,.T.);
#2346 = VERTEX_POINT('',#2347);
#2347 = CARTESIAN_POINT('',(45.049694202089,83.339224138766,72.));
#2348 = SURFACE_CURVE('',#2349,(#2418,#2490),.PCURVE_S1.);
#2349 = B_SPLINE_CURVE_WITH_KNOTS('',7,(#2350,#2351,#2352,#2353,#2354,
    #2355,#2356,#2357,#2358,#2359,#2360,#2361,#2362,#2363,#2364,#2365,
    #2366,#2367,#2368,#2369,#2370,#2371,#2372,#2373,#2374,#2375,#2376,
    #2377,#2378,#2379,#2380,#2381,#2382,#2383,#2384,#2385,#2386,#2387,
    #2388,#2389,#2390,#2391,#2392,#2393,#2394,#2395,#2396,#2397,#2398,
    #2399,#2400,#2401,#2402,#2403,#2404,#2405,#2406,#2407,#2408,#2409,
    #2410,#2411,#2412,#2413,#2414,#2415,#2416,#2417),.UNSPECIFIED.,.F.,
  .F.,(8,6,6,6,6,6,6,6,6,6,6,8),(0.,0.17498051257,0.313898335589,
    0.392566395832,0.429965512684,0.452288299528,0.499743141345,
    0.5666067178,0.600805192064,0.669015340931,0.81385039064,1.),
  .UNSPECIFIED.);
#2350 = CARTESIAN_POINT('',(35.914507541886,65.897733351699,69.9999994)
  );
#2351 = CARTESIAN_POINT('',(35.79619820087,66.283770859168,
    70.491358768819));
#2352 = CARTESIAN_POINT('',(35.686834042445,66.686982550631,
    70.976864704829));
#2353 = CARTESIAN_POINT('',(35.587806934896,67.108537539169,
    71.455911643651));
#2354 = CARTESIAN_POINT('',(35.500821384944,67.54962099416,
    71.927524757704));
#2355 = CARTESIAN_POINT('',(35.427972872058,68.01147408897,
    72.390343508577));
#2356 = CARTESIAN_POINT('',(35.371782786874,68.495398459107,
    72.842623526334));
#2357 = CARTESIAN_POINT('',(35.306765403783,69.4061419767,
    73.631001810535));
#2358 = CARTESIAN_POINT('',(35.29058090807,69.823932621861,
    73.971623665308));
#2359 = CARTESIAN_POINT('',(35.288595155905,70.257424145901,
    74.302977979253));
#2360 = CARTESIAN_POINT('',(35.302770734338,70.707351698488,
    74.623499978495));
#2361 = CARTESIAN_POINT('',(35.335442498525,71.174196131102,
    74.931058715982));
#2362 = CARTESIAN_POINT('',(35.389294293652,71.658142110576,
    75.2229885791));
#2363 = CARTESIAN_POINT('',(35.511796793785,72.442933249922,
    75.650591772296));
#2364 = CARTESIAN_POINT('',(35.563884275037,72.732062392966,
    75.799069340781));
#2365 = CARTESIAN_POINT('',(35.624329946743,73.02652760777,
    75.940807498018));
#2366 = CARTESIAN_POINT('',(35.69371772827,73.326136805017,
    76.075069788631));
#2367 = CARTESIAN_POINT('',(35.772634178817,73.630546478212,
    76.20101848472));
#2368 = CARTESIAN_POINT('',(35.861630265391,73.939244331554,
    76.317745060052));
#2369 = CARTESIAN_POINT('',(36.008483858091,74.399986150974,
    76.474976170629));
#2370 = CARTESIAN_POINT('',(36.058182267894,74.549248409714,
    76.523340557481));
#2371 = CARTESIAN_POINT('',(36.110306677976,74.699230914407,
    76.569304320748));
#2372 = CARTESIAN_POINT('',(36.164897817402,74.84983915088,
    76.612763545781));
#2373 = CARTESIAN_POINT('',(36.22198814811,75.000965685753,
    76.65361466568));
#2374 = CARTESIAN_POINT('',(36.28159956191,75.152489783345,
    76.691756655398));
#2375 = CARTESIAN_POINT('',(36.380832108563,75.394875797972,
    76.748184919875));
#2376 = CARTESIAN_POINT('',(36.418824477505,75.485568453444,
    76.768277279853));
#2377 = CARTESIAN_POINT('',(36.457720231643,75.576326244958,
    76.787349587549));
#2378 = CARTESIAN_POINT('',(36.497519602728,75.667119022498,
    76.805382137346));
#2379 = CARTESIAN_POINT('',(36.538221006916,75.757915230071,
    76.822356236234));
#2380 = CARTESIAN_POINT('',(36.579821044766,75.848681905712,
    76.838254203808));
#2381 = CARTESIAN_POINT('',(36.712649111761,76.132204955503,
    76.884532903431));
#2382 = CARTESIAN_POINT('',(36.807026127468,76.324747629807,
    76.911070029692));
#2383 = CARTESIAN_POINT('',(36.905386640678,76.516666877371,
    76.932509665281));
#2384 = CARTESIAN_POINT('',(37.007637770374,76.707611165226,
    76.948723220978));
#2385 = CARTESIAN_POINT('',(37.113648639722,76.897224668415,
    76.959619732913));
#2386 = CARTESIAN_POINT('',(37.223246353593,77.085148683966,
    76.965150991373));
#2387 = CARTESIAN_POINT('',(37.49537983435,77.532918861271,76.9655501092
    ));
#2388 = CARTESIAN_POINT('',(37.661269386177,77.790804105215,
    76.955131638095));
#2389 = CARTESIAN_POINT('',(37.833251117753,78.043631750405,
    76.934052761496));
#2390 = CARTESIAN_POINT('',(38.010627785384,78.290550536169,
    76.902504958488));
#2391 = CARTESIAN_POINT('',(38.192657436808,78.530878285363,
    76.860835035283));
#2392 = CARTESIAN_POINT('',(38.378573127837,78.764079663753,
    76.809510288422));
#2393 = CARTESIAN_POINT('',(38.664279891949,79.105170352328,
    76.718192307971));
#2394 = CARTESIAN_POINT('',(38.761784467532,79.218634074695,
    76.684909349563));
#2395 = CARTESIAN_POINT('',(38.860017079596,79.330093454668,
    76.64931665044));
#2396 = CARTESIAN_POINT('',(38.958885819575,79.439515207858,
    76.611490146115));
#2397 = CARTESIAN_POINT('',(39.05830336598,79.546877405544,
    76.571508179102));
#2398 = CARTESIAN_POINT('',(39.158187498571,79.652168021454,
    76.529450018169));
#2399 = CARTESIAN_POINT('',(39.458462121004,79.961250606939,
    76.397523738082));
#2400 = CARTESIAN_POINT('',(39.660002416423,80.158850451566,
    76.301711894558));
#2401 = CARTESIAN_POINT('',(39.862494338939,80.348178124035,
    76.198577059259));
#2402 = CARTESIAN_POINT('',(40.065426394625,80.529345870645,
    76.088730703485));
#2403 = CARTESIAN_POINT('',(40.268368168001,80.702546872748,
    75.972750429403));
#2404 = CARTESIAN_POINT('',(40.470972763503,80.868029462969,
    75.851160274175));
#2405 = CARTESIAN_POINT('',(41.101906607988,81.361684483275,
    75.455299272394));
#2406 = CARTESIAN_POINT('',(41.527810575073,81.66353615669,
    75.16315349128));
#2407 = CARTESIAN_POINT('',(41.948588279217,81.934800142191,
    74.852170322114));
#2408 = CARTESIAN_POINT('',(42.36270566844,82.178333894832,
    74.52574792446));
#2409 = CARTESIAN_POINT('',(42.769228231442,82.396849722576,
    74.186592161254));
#2410 = CARTESIAN_POINT('',(43.167782500776,82.592833108941,
    73.836658428127));
#2411 = CARTESIAN_POINT('',(44.06069518821,82.994339743165,
    73.015030477832));
#2412 = CARTESIAN_POINT('',(44.549436758781,83.186405813735,
    72.537551806769));
#2413 = CARTESIAN_POINT('',(45.024669612099,83.349419368835,
    72.047621821719));
#2414 = CARTESIAN_POINT('',(45.486333575293,83.486882645835,
    71.547454283045));
#2415 = CARTESIAN_POINT('',(45.934577306582,83.601789559118,
    71.038754644533));
#2416 = CARTESIAN_POINT('',(46.369730883655,83.696642282006,
    70.522707003657));
#2417 = CARTESIAN_POINT('',(46.792303653053,83.773578294383,69.9999994)
  );
#2418 = PCURVE('',#738,#2419);
#2419 = DEFINITIONAL_REPRESENTATION('',(#2420),#2489);
#2420 = B_SPLINE_CURVE_WITH_KNOTS('',7,(#2421,#2422,#2423,#2424,#2425,
    #2426,#2427,#2428,#2429,#2430,#2431,#2432,#2433,#2434,#2435,#2436,
    #2437,#2438,#2439,#2440,#2441,#2442,#2443,#2444,#2445,#2446,#2447,
    #2448,#2449,#2450,#2451,#2452,#2453,#2454,#2455,#2456,#2457,#2458,
    #2459,#2460,#2461,#2462,#2463,#2464,#2465,#2466,#2467,#2468,#2469,
    #2470,#2471,#2472,#2473,#2474,#2475,#2476,#2477,#2478,#2479,#2480,
    #2481,#2482,#2483,#2484,#2485,#2486,#2487,#2488),.UNSPECIFIED.,.F.,
  .F.,(8,6,6,6,6,6,6,6,6,6,6,8),(0.,0.17498051257,0.313898335589,
    0.392566395832,0.429965512684,0.452288299528,0.499743141345,
    0.5666067178,0.600805192064,0.669015340931,0.81385039064,1.),
  .UNSPECIFIED.);
#2421 = CARTESIAN_POINT('',(5.523664319463,0.621109244107));
#2422 = CARTESIAN_POINT('',(5.527671847343,0.631030501497));
#2423 = CARTESIAN_POINT('',(5.532121596204,0.640915745101));
#2424 = CARTESIAN_POINT('',(5.537064829086,0.650753267559));
#2425 = CARTESIAN_POINT('',(5.542560211442,0.660523263947));
#2426 = CARTESIAN_POINT('',(5.548675915187,0.670196769448));
#2427 = CARTESIAN_POINT('',(5.555490313896,0.679734841675));
#2428 = CARTESIAN_POINT('',(5.569143863416,0.696507295086));
#2429 = CARTESIAN_POINT('',(5.575684829692,0.703806851634));
#2430 = CARTESIAN_POINT('',(5.582774538737,0.710959703302));
#2431 = CARTESIAN_POINT('',(5.590465658395,0.71792902654));
#2432 = CARTESIAN_POINT('',(5.598812212554,0.724664020413));
#2433 = CARTESIAN_POINT('',(5.60786645538,0.731099657607));
#2434 = CARTESIAN_POINT('',(5.623235031193,0.74058310902));
#2435 = CARTESIAN_POINT('',(5.629032663409,0.743888520578));
#2436 = CARTESIAN_POINT('',(5.63507933647,0.747055368627));
#2437 = CARTESIAN_POINT('',(5.641380219907,0.750065511028));
#2438 = CARTESIAN_POINT('',(5.647936794636,0.752898233052));
#2439 = CARTESIAN_POINT('',(5.654745569055,0.755530973642));
#2440 = CARTESIAN_POINT('',(5.665148482824,0.759085919943));
#2441 = CARTESIAN_POINT('',(5.668555050362,0.76018087246));
#2442 = CARTESIAN_POINT('',(5.672014930511,0.761222769327));
#2443 = CARTESIAN_POINT('',(5.675526483391,0.762209027855));
#2444 = CARTESIAN_POINT('',(5.679087619944,0.763137072645));
#2445 = CARTESIAN_POINT('',(5.682695760195,0.764004390691));
#2446 = CARTESIAN_POINT('',(5.688527616166,0.765288594912));
#2447 = CARTESIAN_POINT('',(5.690723080022,0.765746118538));
#2448 = CARTESIAN_POINT('',(5.692933519566,0.766180641921));
#2449 = CARTESIAN_POINT('',(5.695158208892,0.766591674756));
#2450 = CARTESIAN_POINT('',(5.697396359702,0.766978751882));
#2451 = CARTESIAN_POINT('',(5.69964712131,0.767341433274));
#2452 = CARTESIAN_POINT('',(5.706719224276,0.768397565798));
#2453 = CARTESIAN_POINT('',(5.711582005914,0.769003754896));
#2454 = CARTESIAN_POINT('',(5.716488763332,0.769493866505));
#2455 = CARTESIAN_POINT('',(5.72142953996,0.769864699765));
#2456 = CARTESIAN_POINT('',(5.726393651798,0.770113988298));
#2457 = CARTESIAN_POINT('',(5.73136975433,0.770240530704));
#2458 = CARTESIAN_POINT('',(5.743357280992,0.770249661662));
#2459 = CARTESIAN_POINT('',(5.750370326973,0.77001131003));
#2460 = CARTESIAN_POINT('',(5.757350700364,0.769529063442));
#2461 = CARTESIAN_POINT('',(5.764267053663,0.768807667483));
#2462 = CARTESIAN_POINT('',(5.771091452281,0.767855769461));
#2463 = CARTESIAN_POINT('',(5.777799575526,0.76668502994));
#2464 = CARTESIAN_POINT('',(5.787731617337,0.764605799985));
#2465 = CARTESIAN_POINT('',(5.791057050434,0.763848531091));
#2466 = CARTESIAN_POINT('',(5.794344479146,0.763039378186));
#2467 = CARTESIAN_POINT('',(5.797591754867,0.762180230398));
#2468 = CARTESIAN_POINT('',(5.800797080115,0.761273036262));
#2469 = CARTESIAN_POINT('',(5.803958982949,0.760319766467));
#2470 = CARTESIAN_POINT('',(5.813293880829,0.757333044846));
#2471 = CARTESIAN_POINT('',(5.819333704621,0.755168311842));
#2472 = CARTESIAN_POINT('',(5.825187132467,0.752843551957));
#2473 = CARTESIAN_POINT('',(5.830849782156,0.750373956595));
#2474 = CARTESIAN_POINT('',(5.836320637663,0.747773833846));
#2475 = CARTESIAN_POINT('',(5.841601323522,0.745056130295));
#2476 = CARTESIAN_POINT('',(5.857512407372,0.736235886843));
#2477 = CARTESIAN_POINT('',(5.867480467228,0.729765013143));
#2478 = CARTESIAN_POINT('',(5.876647599721,0.722923507478));
#2479 = CARTESIAN_POINT('',(5.885070007095,0.715794730098));
#2480 = CARTESIAN_POINT('',(5.892809289328,0.708443486142));
#2481 = CARTESIAN_POINT('',(5.899927138029,0.700916035252));
#2482 = CARTESIAN_POINT('',(5.914909464169,0.68337600169));
#2483 = CARTESIAN_POINT('',(5.922399104816,0.67327715547));
#2484 = CARTESIAN_POINT('',(5.929075153212,0.663013311461));
#2485 = CARTESIAN_POINT('',(5.935034026647,0.652634188435));
#2486 = CARTESIAN_POINT('',(5.940359470607,0.64217621265));
#2487 = CARTESIAN_POINT('',(5.945122825799,0.631663467767));
#2488 = CARTESIAN_POINT('',(5.949386029939,0.621109244107));
#2489 = ( GEOMETRIC_REPRESENTATION_CONTEXT(2) 
PARAMETRIC_REPRESENTATION_CONTEXT() REPRESENTATION_CONTEXT('2D SPACE',''
  ) );
#2490 = PCURVE('',#2491,#2496);
#2491 = CYLINDRICAL_SURFACE('',#2492,14.);
#2492 = AXIS2_PLACEMENT_3D('',#2493,#2494,#2495);
#2493 = CARTESIAN_POINT('',(49.3,70.,70.));
#2494 = DIRECTION('',(0.,0.,1.));
#2495 = DIRECTION('',(1.,0.,-0.));
#2496 = DEFINITIONAL_REPRESENTATION('',(#2497),#2566);
#2497 = B_SPLINE_CURVE_WITH_KNOTS('',7,(#2498,#2499,#2500,#2501,#2502,
    #2503,#2504,#2505,#2506,#2507,#2508,#2509,#2510,#2511,#2512,#2513,
    #2514,#2515,#2516,#2517,#2518,#2519,#2520,#2521,#2522,#2523,#2524,
    #2525,#2526,#2527,#2528,#2529,#2530,#2531,#2532,#2533,#2534,#2535,
    #2536,#2537,#2538,#2539,#2540,#2541,#2542,#2543,#2544,#2545,#2546,
    #2547,#2548,#2549,#2550,#2551,#2552,#2553,#2554,#2555,#2556,#2557,
    #2558,#2559,#2560,#2561,#2562,#2563,#2564,#2565),.UNSPECIFIED.,.F.,
  .F.,(8,6,6,6,6,6,6,6,6,6,6,8),(0.,0.17498051257,0.313898335589,
    0.392566395832,0.429965512684,0.452288299528,0.499743141345,
    0.5666067178,0.600805192064,0.669015340931,0.81385039064,1.),
  .UNSPECIFIED.);
#2498 = CARTESIAN_POINT('',(3.4389756163,-5.999999643791E-07));
#2499 = CARTESIAN_POINT('',(3.410135623399,0.491358768819));
#2500 = CARTESIAN_POINT('',(3.380309980913,0.976864704829));
#2501 = CARTESIAN_POINT('',(3.349408723128,1.455911643651));
#2502 = CARTESIAN_POINT('',(3.317335613553,1.927524757703));
#2503 = CARTESIAN_POINT('',(3.283980885144,2.390343508577));
#2504 = CARTESIAN_POINT('',(3.249216797597,2.842623526334));
#2505 = CARTESIAN_POINT('',(3.183998130284,3.631001810535));
#2506 = CARTESIAN_POINT('',(3.154149382288,3.971623665308));
#2507 = CARTESIAN_POINT('',(3.123214904703,4.302977979253));
#2508 = CARTESIAN_POINT('',(3.091101079815,4.623499978496));
#2509 = CARTESIAN_POINT('',(3.057716497902,4.931058715982));
#2510 = CARTESIAN_POINT('',(3.022969268537,5.2229885791));
#2511 = CARTESIAN_POINT('',(2.966233936218,5.650591772296));
#2512 = CARTESIAN_POINT('',(2.945255144386,5.799069340781));
#2513 = CARTESIAN_POINT('',(2.92379357326,5.940807498018));
#2514 = CARTESIAN_POINT('',(2.901839415411,6.075069788631));
#2515 = CARTESIAN_POINT('',(2.879389944489,6.20101848472));
#2516 = CARTESIAN_POINT('',(2.856450973623,6.317745060052));
#2517 = CARTESIAN_POINT('',(2.821909590439,6.474976170629));
#2518 = CARTESIAN_POINT('',(2.810673472852,6.523340557481));
#2519 = CARTESIAN_POINT('',(2.799333467327,6.569304320748));
#2520 = CARTESIAN_POINT('',(2.787892670993,6.612763545781));
#2521 = CARTESIAN_POINT('',(2.776355055171,6.65361466568));
#2522 = CARTESIAN_POINT('',(2.764725562161,6.691756655398));
#2523 = CARTESIAN_POINT('',(2.746017537254,6.748184919875));
#2524 = CARTESIAN_POINT('',(2.738994275622,6.768277279853));
#2525 = CARTESIAN_POINT('',(2.731941699811,6.787349587548));
#2526 = CARTESIAN_POINT('',(2.7248612167,6.805382137346));
#2527 = CARTESIAN_POINT('',(2.717754357374,6.822356236234));
#2528 = CARTESIAN_POINT('',(2.710622777124,6.838254203808));
#2529 = CARTESIAN_POINT('',(2.688258833025,6.884532903431));
#2530 = CARTESIAN_POINT('',(2.672944865178,6.911070029692));
#2531 = CARTESIAN_POINT('',(2.657544775303,6.932509665281));
#2532 = CARTESIAN_POINT('',(2.642077994253,6.948723220978));
#2533 = CARTESIAN_POINT('',(2.626565212412,6.959619732913));
#2534 = CARTESIAN_POINT('',(2.611028631772,6.965150991373));
#2535 = CARTESIAN_POINT('',(2.57360150782,6.9655501092));
#2536 = CARTESIAN_POINT('',(2.551706247557,6.955131638095));
#2537 = CARTESIAN_POINT('',(2.529876562952,6.934052761496));
#2538 = CARTESIAN_POINT('',(2.508173123062,6.902504958488));
#2539 = CARTESIAN_POINT('',(2.486649290455,6.860835035283));
#2540 = CARTESIAN_POINT('',(2.465352628481,6.809510288422));
#2541 = CARTESIAN_POINT('',(2.433571231271,6.718192307971));
#2542 = CARTESIAN_POINT('',(2.422886131443,6.684909349563));
#2543 = CARTESIAN_POINT('',(2.412275357441,6.64931665044));
#2544 = CARTESIAN_POINT('',(2.401743037861,6.611490146115));
#2545 = CARTESIAN_POINT('',(2.391292602773,6.571508179102));
#2546 = CARTESIAN_POINT('',(2.380926847915,6.529450018169));
#2547 = CARTESIAN_POINT('',(2.350146446192,6.397523738082));
#2548 = CARTESIAN_POINT('',(2.329991808703,6.301711894558));
#2549 = CARTESIAN_POINT('',(2.31019952641,6.198577059259));
#2550 = CARTESIAN_POINT('',(2.290777400789,6.088730703485));
#2551 = CARTESIAN_POINT('',(2.271727240279,5.972750429403));
#2552 = CARTESIAN_POINT('',(2.253045829519,5.851160274175));
#2553 = CARTESIAN_POINT('',(2.195823884464,5.455299272394));
#2554 = CARTESIAN_POINT('',(2.158578302437,5.16315349128));
#2555 = CARTESIAN_POINT('',(2.122871307468,4.852170322113));
#2556 = CARTESIAN_POINT('',(2.088603961262,4.525747924461));
#2557 = CARTESIAN_POINT('',(2.055672938866,4.186592161254));
#2558 = CARTESIAN_POINT('',(2.023967905333,3.836658428127));
#2559 = CARTESIAN_POINT('',(1.954037158077,3.015030477832));
#2560 = CARTESIAN_POINT('',(1.916571553931,2.537551806769));
#2561 = CARTESIAN_POINT('',(1.880737759161,2.047621821719));
#2562 = CARTESIAN_POINT('',(1.846379662587,1.547454283045));
#2563 = CARTESIAN_POINT('',(1.813362647073,1.038754644533));
#2564 = CARTESIAN_POINT('',(1.78156938144,0.522707003657));
#2565 = CARTESIAN_POINT('',(1.750889425922,-6.E-07));
#2566 = ( GEOMETRIC_REPRESENTATION_CONTEXT(2) 
PARAMETRIC_REPRESENTATION_CONTEXT() REPRESENTATION_CONTEXT('2D SPACE',''
  ) );
#2567 = ORIENTED_EDGE('',*,*,#2568,.T.);
#2568 = EDGE_CURVE('',#2346,#2569,#2571,.T.);
#2569 = VERTEX_POINT('',#2570);
#2570 = CARTESIAN_POINT('',(48.031826948389,100.,72.));
#2571 = SURFACE_CURVE('',#2572,(#2577,#2584),.PCURVE_S1.);
#2572 = CIRCLE('',#2573,48.031826948389);
#2573 = AXIS2_PLACEMENT_3D('',#2574,#2575,#2576);
#2574 = CARTESIAN_POINT('',(0.,100.,72.));
#2575 = DIRECTION('',(0.,0.,1.));
#2576 = DIRECTION('',(1.,0.,-0.));
#2577 = PCURVE('',#738,#2578);
#2578 = DEFINITIONAL_REPRESENTATION('',(#2579),#2583);
#2579 = LINE('',#2580,#2581);
#2580 = CARTESIAN_POINT('',(0.,0.662104872065));
#2581 = VECTOR('',#2582,1.);
#2582 = DIRECTION('',(1.,0.));
#2583 = ( GEOMETRIC_REPRESENTATION_CONTEXT(2) 
PARAMETRIC_REPRESENTATION_CONTEXT() REPRESENTATION_CONTEXT('2D SPACE',''
  ) );
#2584 = PCURVE('',#1320,#2585);
#2585 = DEFINITIONAL_REPRESENTATION('',(#2586),#2590);
#2586 = CIRCLE('',#2587,48.031826948389);
#2587 = AXIS2_PLACEMENT_2D('',#2588,#2589);
#2588 = CARTESIAN_POINT('',(72.5,225.));
#2589 = DIRECTION('',(1.,0.));
#2590 = ( GEOMETRIC_REPRESENTATION_CONTEXT(2) 
PARAMETRIC_REPRESENTATION_CONTEXT() REPRESENTATION_CONTEXT('2D SPACE',''
  ) );
#2591 = ORIENTED_EDGE('',*,*,#2592,.T.);
#2592 = EDGE_CURVE('',#2569,#2593,#2595,.T.);
#2593 = VERTEX_POINT('',#2594);
#2594 = CARTESIAN_POINT('',(3.729049503404E-15,100.,95.46));
#2595 = SEAM_CURVE('',#2596,(#2601,#2608),.PCURVE_S1.);
#2596 = CIRCLE('',#2597,60.9);
#2597 = AXIS2_PLACEMENT_3D('',#2598,#2599,#2600);
#2598 = CARTESIAN_POINT('',(0.,100.,34.56));
#2599 = DIRECTION('',(-2.449293598295E-16,-1.,0.));
#2600 = DIRECTION('',(1.,-2.449293598295E-16,0.));
#2601 = PCURVE('',#738,#2602);
#2602 = DEFINITIONAL_REPRESENTATION('',(#2603),#2607);
#2603 = LINE('',#2604,#2605);
#2604 = CARTESIAN_POINT('',(0.,-6.28318530718));
#2605 = VECTOR('',#2606,1.);
#2606 = DIRECTION('',(0.,1.));
#2607 = ( GEOMETRIC_REPRESENTATION_CONTEXT(2) 
PARAMETRIC_REPRESENTATION_CONTEXT() REPRESENTATION_CONTEXT('2D SPACE',''
  ) );
#2608 = PCURVE('',#738,#2609);
#2609 = DEFINITIONAL_REPRESENTATION('',(#2610),#2614);
#2610 = LINE('',#2611,#2612);
#2611 = CARTESIAN_POINT('',(6.28318530718,-6.28318530718));
#2612 = VECTOR('',#2613,1.);
#2613 = DIRECTION('',(0.,1.));
#2614 = ( GEOMETRIC_REPRESENTATION_CONTEXT(2) 
PARAMETRIC_REPRESENTATION_CONTEXT() REPRESENTATION_CONTEXT('2D SPACE',''
  ) );
#2615 = ORIENTED_EDGE('',*,*,#2592,.F.);
#2616 = ORIENTED_EDGE('',*,*,#2617,.T.);
#2617 = EDGE_CURVE('',#2569,#2618,#2620,.T.);
#2618 = VERTEX_POINT('',#2619);
#2619 = CARTESIAN_POINT('',(41.012880903443,125.,72.));
#2620 = SURFACE_CURVE('',#2621,(#2626,#2633),.PCURVE_S1.);
#2621 = CIRCLE('',#2622,48.031826948389);
#2622 = AXIS2_PLACEMENT_3D('',#2623,#2624,#2625);
#2623 = CARTESIAN_POINT('',(0.,100.,72.));
#2624 = DIRECTION('',(0.,0.,1.));
#2625 = DIRECTION('',(1.,0.,-0.));
#2626 = PCURVE('',#738,#2627);
#2627 = DEFINITIONAL_REPRESENTATION('',(#2628),#2632);
#2628 = LINE('',#2629,#2630);
#2629 = CARTESIAN_POINT('',(0.,0.662104872065));
#2630 = VECTOR('',#2631,1.);
#2631 = DIRECTION('',(1.,0.));
#2632 = ( GEOMETRIC_REPRESENTATION_CONTEXT(2) 
PARAMETRIC_REPRESENTATION_CONTEXT() REPRESENTATION_CONTEXT('2D SPACE',''
  ) );
#2633 = PCURVE('',#1320,#2634);
#2634 = DEFINITIONAL_REPRESENTATION('',(#2635),#2639);
#2635 = CIRCLE('',#2636,48.031826948389);
#2636 = AXIS2_PLACEMENT_2D('',#2637,#2638);
#2637 = CARTESIAN_POINT('',(72.5,225.));
#2638 = DIRECTION('',(1.,0.));
#2639 = ( GEOMETRIC_REPRESENTATION_CONTEXT(2) 
PARAMETRIC_REPRESENTATION_CONTEXT() REPRESENTATION_CONTEXT('2D SPACE',''
  ) );
#2640 = ORIENTED_EDGE('',*,*,#2641,.T.);
#2641 = EDGE_CURVE('',#2618,#2642,#2644,.T.);
#2642 = VERTEX_POINT('',#2643);
#2643 = CARTESIAN_POINT('',(43.467417682674,125.,0.));
#2644 = SURFACE_CURVE('',#2645,(#2650,#2677),.PCURVE_S1.);
#2645 = CIRCLE('',#2646,55.532062810596);
#2646 = AXIS2_PLACEMENT_3D('',#2647,#2648,#2649);
#2647 = CARTESIAN_POINT('',(0.,125.,34.56));
#2648 = DIRECTION('',(-0.,1.,0.));
#2649 = DIRECTION('',(0.,0.,1.));
#2650 = PCURVE('',#738,#2651);
#2651 = DEFINITIONAL_REPRESENTATION('',(#2652),#2676);
#2652 = B_SPLINE_CURVE_WITH_KNOTS('',8,(#2653,#2654,#2655,#2656,#2657,
    #2658,#2659,#2660,#2661,#2662,#2663,#2664,#2665,#2666,#2667,#2668,
    #2669,#2670,#2671,#2672,#2673,#2674,#2675),.UNSPECIFIED.,.F.,.F.,(9,
    7,7,9),(0.83090845977,1.183813597664,1.713171304506,2.242529011347),
  .UNSPECIFIED.);
#2653 = CARTESIAN_POINT('',(0.547422622388,0.662104872065));
#2654 = CARTESIAN_POINT('',(0.529525400138,0.624438033975));
#2655 = CARTESIAN_POINT('',(0.513817659884,0.58630156763));
#2656 = CARTESIAN_POINT('',(0.499996695445,0.547780869432));
#2657 = CARTESIAN_POINT('',(0.487827827326,0.50894115829));
#2658 = CARTESIAN_POINT('',(0.477126338667,0.469834591687));
#2659 = CARTESIAN_POINT('',(0.467745154423,0.4305042826));
#2660 = CARTESIAN_POINT('',(0.459566751423,0.390986594839));
#2661 = CARTESIAN_POINT('',(0.441894340219,0.291802843677));
#2662 = CARTESIAN_POINT('',(0.433787124503,0.231942010497));
#2663 = CARTESIAN_POINT('',(0.427861075804,0.171837068941));
#2664 = CARTESIAN_POINT('',(0.423923284498,0.111569969039));
#2665 = CARTESIAN_POINT('',(0.421861744858,5.121145030245E-02));
#2666 = CARTESIAN_POINT('',(0.421632923305,-9.173064244266E-03));
#2667 = CARTESIAN_POINT('',(0.423257422513,-6.951805947239E-02));
#2668 = CARTESIAN_POINT('',(0.430406269967,-0.189984243805));
#2669 = CARTESIAN_POINT('',(0.435930614632,-0.250105428975));
#2670 = CARTESIAN_POINT('',(0.443501499689,-0.310042339825));
#2671 = CARTESIAN_POINT('',(0.453291407383,-0.369715557884));
#2672 = CARTESIAN_POINT('',(0.465560767468,-0.429032171253));
#2673 = CARTESIAN_POINT('',(0.480684957334,-0.487875399865));
#2674 = CARTESIAN_POINT('',(0.499204931918,-0.546092034349));
#2675 = CARTESIAN_POINT('',(0.521942069784,-0.603451420284));
#2676 = ( GEOMETRIC_REPRESENTATION_CONTEXT(2) 
PARAMETRIC_REPRESENTATION_CONTEXT() REPRESENTATION_CONTEXT('2D SPACE',''
  ) );
#2677 = PCURVE('',#2678,#2683);
#2678 = PLANE('',#2679);
#2679 = AXIS2_PLACEMENT_3D('',#2680,#2681,#2682);
#2680 = CARTESIAN_POINT('',(-72.5,125.,0.));
#2681 = DIRECTION('',(-0.,1.,0.));
#2682 = DIRECTION('',(0.,0.,1.));
#2683 = DEFINITIONAL_REPRESENTATION('',(#2684),#2688);
#2684 = CIRCLE('',#2685,55.532062810596);
#2685 = AXIS2_PLACEMENT_2D('',#2686,#2687);
#2686 = CARTESIAN_POINT('',(34.56,72.5));
#2687 = DIRECTION('',(1.,0.));
#2688 = ( GEOMETRIC_REPRESENTATION_CONTEXT(2) 
PARAMETRIC_REPRESENTATION_CONTEXT() REPRESENTATION_CONTEXT('2D SPACE',''
  ) );
#2689 = ORIENTED_EDGE('',*,*,#2690,.F.);
#2690 = EDGE_CURVE('',#2691,#2642,#2693,.T.);
#2691 = VERTEX_POINT('',#2692);
#2692 = CARTESIAN_POINT('',(50.104055724063,102.,0.));
#2693 = SURFACE_CURVE('',#2694,(#2699,#2706),.PCURVE_S1.);
#2694 = CIRCLE('',#2695,50.1439567645);
#2695 = AXIS2_PLACEMENT_3D('',#2696,#2697,#2698);
#2696 = CARTESIAN_POINT('',(0.,100.,0.));
#2697 = DIRECTION('',(0.,0.,1.));
#2698 = DIRECTION('',(1.,0.,-0.));
#2699 = PCURVE('',#738,#2700);
#2700 = DEFINITIONAL_REPRESENTATION('',(#2701),#2705);
#2701 = LINE('',#2702,#2703);
#2702 = CARTESIAN_POINT('',(0.,-0.603451420284));
#2703 = VECTOR('',#2704,1.);
#2704 = DIRECTION('',(1.,0.));
#2705 = ( GEOMETRIC_REPRESENTATION_CONTEXT(2) 
PARAMETRIC_REPRESENTATION_CONTEXT() REPRESENTATION_CONTEXT('2D SPACE',''
  ) );
#2706 = PCURVE('',#1870,#2707);
#2707 = DEFINITIONAL_REPRESENTATION('',(#2708),#2712);
#2708 = CIRCLE('',#2709,50.1439567645);
#2709 = AXIS2_PLACEMENT_2D('',#2710,#2711);
#2710 = CARTESIAN_POINT('',(72.5,225.));
#2711 = DIRECTION('',(1.,0.));
#2712 = ( GEOMETRIC_REPRESENTATION_CONTEXT(2) 
PARAMETRIC_REPRESENTATION_CONTEXT() REPRESENTATION_CONTEXT('2D SPACE',''
  ) );
#2713 = ORIENTED_EDGE('',*,*,#2714,.F.);
#2714 = EDGE_CURVE('',#2715,#2691,#2717,.T.);
#2715 = VERTEX_POINT('',#2716);
#2716 = CARTESIAN_POINT('',(50.1439567645,100.,0.));
#2717 = SURFACE_CURVE('',#2718,(#2723,#2730),.PCURVE_S1.);
#2718 = CIRCLE('',#2719,50.1439567645);
#2719 = AXIS2_PLACEMENT_3D('',#2720,#2721,#2722);
#2720 = CARTESIAN_POINT('',(0.,100.,0.));
#2721 = DIRECTION('',(0.,0.,1.));
#2722 = DIRECTION('',(1.,0.,-0.));
#2723 = PCURVE('',#738,#2724);
#2724 = DEFINITIONAL_REPRESENTATION('',(#2725),#2729);
#2725 = LINE('',#2726,#2727);
#2726 = CARTESIAN_POINT('',(0.,-0.603451420284));
#2727 = VECTOR('',#2728,1.);
#2728 = DIRECTION('',(1.,0.));
#2729 = ( GEOMETRIC_REPRESENTATION_CONTEXT(2) 
PARAMETRIC_REPRESENTATION_CONTEXT() REPRESENTATION_CONTEXT('2D SPACE',''
  ) );
#2730 = PCURVE('',#2731,#2736);
#2731 = PLANE('',#2732);
#2732 = AXIS2_PLACEMENT_3D('',#2733,#2734,#2735);
#2733 = CARTESIAN_POINT('',(-67.5,-102.,0.));
#2734 = DIRECTION('',(0.,0.,1.));
#2735 = DIRECTION('',(1.,0.,-0.));
#2736 = DEFINITIONAL_REPRESENTATION('',(#2737),#2741);
#2737 = CIRCLE('',#2738,50.1439567645);
#2738 = AXIS2_PLACEMENT_2D('',#2739,#2740);
#2739 = CARTESIAN_POINT('',(67.5,202.));
#2740 = DIRECTION('',(1.,0.));
#2741 = ( GEOMETRIC_REPRESENTATION_CONTEXT(2) 
PARAMETRIC_REPRESENTATION_CONTEXT() REPRESENTATION_CONTEXT('2D SPACE',''
  ) );
#2742 = ORIENTED_EDGE('',*,*,#2743,.F.);
#2743 = EDGE_CURVE('',#2744,#2715,#2746,.T.);
#2744 = VERTEX_POINT('',#2745);
#2745 = CARTESIAN_POINT('',(3.729049503404E-15,100.,-26.34));
#2746 = SEAM_CURVE('',#2747,(#2752,#2759),.PCURVE_S1.);
#2747 = CIRCLE('',#2748,60.9);
#2748 = AXIS2_PLACEMENT_3D('',#2749,#2750,#2751);
#2749 = CARTESIAN_POINT('',(0.,100.,34.56));
#2750 = DIRECTION('',(-2.449293598295E-16,-1.,0.));
#2751 = DIRECTION('',(1.,-2.449293598295E-16,0.));
#2752 = PCURVE('',#738,#2753);
#2753 = DEFINITIONAL_REPRESENTATION('',(#2754),#2758);
#2754 = LINE('',#2755,#2756);
#2755 = CARTESIAN_POINT('',(6.28318530718,-6.28318530718));
#2756 = VECTOR('',#2757,1.);
#2757 = DIRECTION('',(0.,1.));
#2758 = ( GEOMETRIC_REPRESENTATION_CONTEXT(2) 
PARAMETRIC_REPRESENTATION_CONTEXT() REPRESENTATION_CONTEXT('2D SPACE',''
  ) );
#2759 = PCURVE('',#738,#2760);
#2760 = DEFINITIONAL_REPRESENTATION('',(#2761),#2765);
#2761 = LINE('',#2762,#2763);
#2762 = CARTESIAN_POINT('',(0.,-6.28318530718));
#2763 = VECTOR('',#2764,1.);
#2764 = DIRECTION('',(0.,1.));
#2765 = ( GEOMETRIC_REPRESENTATION_CONTEXT(2) 
PARAMETRIC_REPRESENTATION_CONTEXT() REPRESENTATION_CONTEXT('2D SPACE',''
  ) );
#2766 = ORIENTED_EDGE('',*,*,#2743,.T.);
#2767 = ORIENTED_EDGE('',*,*,#2768,.F.);
#2768 = EDGE_CURVE('',#980,#2715,#2769,.T.);
#2769 = SURFACE_CURVE('',#2770,(#2775,#2782),.PCURVE_S1.);
#2770 = CIRCLE('',#2771,50.1439567645);
#2771 = AXIS2_PLACEMENT_3D('',#2772,#2773,#2774);
#2772 = CARTESIAN_POINT('',(0.,100.,0.));
#2773 = DIRECTION('',(0.,0.,1.));
#2774 = DIRECTION('',(1.,0.,-0.));
#2775 = PCURVE('',#738,#2776);
#2776 = DEFINITIONAL_REPRESENTATION('',(#2777),#2781);
#2777 = LINE('',#2778,#2779);
#2778 = CARTESIAN_POINT('',(0.,-0.603451420284));
#2779 = VECTOR('',#2780,1.);
#2780 = DIRECTION('',(1.,0.));
#2781 = ( GEOMETRIC_REPRESENTATION_CONTEXT(2) 
PARAMETRIC_REPRESENTATION_CONTEXT() REPRESENTATION_CONTEXT('2D SPACE',''
  ) );
#2782 = PCURVE('',#2731,#2783);
#2783 = DEFINITIONAL_REPRESENTATION('',(#2784),#2788);
#2784 = CIRCLE('',#2785,50.1439567645);
#2785 = AXIS2_PLACEMENT_2D('',#2786,#2787);
#2786 = CARTESIAN_POINT('',(67.5,202.));
#2787 = DIRECTION('',(1.,0.));
#2788 = ( GEOMETRIC_REPRESENTATION_CONTEXT(2) 
PARAMETRIC_REPRESENTATION_CONTEXT() REPRESENTATION_CONTEXT('2D SPACE',''
  ) );
#2789 = FACE_BOUND('',#2790,.T.);
#2790 = EDGE_LOOP('',(#2791));
#2791 = ORIENTED_EDGE('',*,*,#2792,.F.);
#2792 = EDGE_CURVE('',#2793,#2793,#2795,.T.);
#2793 = VERTEX_POINT('',#2794);
#2794 = CARTESIAN_POINT('',(4.167511022788,75.,89.935462543214));
#2795 = SURFACE_CURVE('',#2796,(#2931,#3069),.PCURVE_S1.);
#2796 = B_SPLINE_CURVE_WITH_KNOTS('',7,(#2797,#2798,#2799,#2800,#2801,
    #2802,#2803,#2804,#2805,#2806,#2807,#2808,#2809,#2810,#2811,#2812,
    #2813,#2814,#2815,#2816,#2817,#2818,#2819,#2820,#2821,#2822,#2823,
    #2824,#2825,#2826,#2827,#2828,#2829,#2830,#2831,#2832,#2833,#2834,
    #2835,#2836,#2837,#2838,#2839,#2840,#2841,#2842,#2843,#2844,#2845,
    #2846,#2847,#2848,#2849,#2850,#2851,#2852,#2853,#2854,#2855,#2856,
    #2857,#2858,#2859,#2860,#2861,#2862,#2863,#2864,#2865,#2866,#2867,
    #2868,#2869,#2870,#2871,#2872,#2873,#2874,#2875,#2876,#2877,#2878,
    #2879,#2880,#2881,#2882,#2883,#2884,#2885,#2886,#2887,#2888,#2889,
    #2890,#2891,#2892,#2893,#2894,#2895,#2896,#2897,#2898,#2899,#2900,
    #2901,#2902,#2903,#2904,#2905,#2906,#2907,#2908,#2909,#2910,#2911,
    #2912,#2913,#2914,#2915,#2916,#2917,#2918,#2919,#2920,#2921,#2922,
    #2923,#2924,#2925,#2926,#2927,#2928,#2929,#2930),.UNSPECIFIED.,.T.,
  .F.,(8,6,6,6,6,6,6,6,6,6,6,6,6,6,6,6,6,6,6,6,6,6,8),(0.,
    9.206942656766E-02,0.123060441407,0.175482137274,0.232857637561,
    0.26869955554,0.314884635864,0.350216320592,0.376748699172,
    0.443027989322,0.513910147402,0.539204072326,0.570325088543,
    0.607049448715,0.634069238777,0.67528205391,0.717129342771,
    0.744149543519,0.780874461934,0.811995951302,0.837290260847,
    0.908173496989,1.),.UNSPECIFIED.);
#2797 = CARTESIAN_POINT('',(4.167511022788,75.,89.935462543214));
#2798 = CARTESIAN_POINT('',(4.03282523985,75.346910631521,90.10221636971
    ));
#2799 = CARTESIAN_POINT('',(3.868153967151,75.686423110274,
    90.264383294558));
#2800 = CARTESIAN_POINT('',(3.67223891096,76.016446276546,
    90.421060525157));
#2801 = CARTESIAN_POINT('',(3.443678184502,76.333539042572,
    90.570724609003));
#2802 = CARTESIAN_POINT('',(3.181426573738,76.633109268436,
    90.711363254136));
#2803 = CARTESIAN_POINT('',(2.885135843956,76.90956682086,
    90.840554439005));
#2804 = CARTESIAN_POINT('',(2.444322555323,77.23952643072,
    90.994181624575));
#2805 = CARTESIAN_POINT('',(2.329567214017,77.319228291282,
    91.031236596388));
#2806 = CARTESIAN_POINT('',(2.211126188657,77.395273011225,
    91.066543227804));
#2807 = CARTESIAN_POINT('',(2.08908678339,77.467380664086,
    91.099979842208));
#2808 = CARTESIAN_POINT('',(1.963572451091,77.535262422059,
    91.131420900049));
#2809 = CARTESIAN_POINT('',(1.834748763343,77.598628195784,
    91.160740313175));
#2810 = CARTESIAN_POINT('',(1.47968606597,77.756259540758,
    91.233611528983));
#2811 = CARTESIAN_POINT('',(1.247539723336,77.841657781009,
    91.273015446293));
#2812 = CARTESIAN_POINT('',(1.007623757473,77.911886458338,
    91.305369337396));
#2813 = CARTESIAN_POINT('',(0.761443084179,77.965676824795,
    91.330123116916));
#2814 = CARTESIAN_POINT('',(0.510782973332,78.002029667543,
    91.346843042807));
#2815 = CARTESIAN_POINT('',(0.257739079002,78.020343415389,
    91.355266185899));
#2816 = CARTESIAN_POINT('',(-0.27210724978,78.020953312503,
    91.35554669817));
#2817 = CARTESIAN_POINT('',(-0.549163304457,77.999683323362,
    91.345763906689));
#2818 = CARTESIAN_POINT('',(-0.823134313008,77.956777102716,
    91.326030098447));
#2819 = CARTESIAN_POINT('',(-1.091314267867,77.893111254214,
    91.296729617845));
#2820 = CARTESIAN_POINT('',(-1.351444632953,77.810063725209,
    91.258458802691));
#2821 = CARTESIAN_POINT('',(-1.601681530793,77.709392308257,
    91.211980629358));
#2822 = CARTESIAN_POINT('',(-1.989808031774,77.520480968902,
    91.124569868958));
#2823 = CARTESIAN_POINT('',(-2.134696625129,77.441715566186,
    91.088084217029));
#2824 = CARTESIAN_POINT('',(-2.274957748973,77.357264069561,
    91.048914783764));
#2825 = CARTESIAN_POINT('',(-2.41038742726,77.267572491866,
    91.007255413424));
#2826 = CARTESIAN_POINT('',(-2.540848520941,77.173076629441,
    90.963295539394));
#2827 = CARTESIAN_POINT('',(-2.666259371055,77.074189095061,
    90.917214530441));
#2828 = CARTESIAN_POINT('',(-2.941628014154,76.838688215119,
    90.807274726845));
#2829 = CARTESIAN_POINT('',(-3.088210433539,76.699436800771,
    90.74212955816));
#2830 = CARTESIAN_POINT('',(-3.226273019109,76.554325879362,
    90.674084862472));
#2831 = CARTESIAN_POINT('',(-3.355835544465,76.40408529777,
    90.603458151645));
#2832 = CARTESIAN_POINT('',(-3.476977675224,76.249371330942,
    90.530535484474));
#2833 = CARTESIAN_POINT('',(-3.589822406593,76.090757034617,
    90.455566833322));
#2834 = CARTESIAN_POINT('',(-3.774613000895,75.804765909271,
    90.32000516964));
#2835 = CARTESIAN_POINT('',(-3.849932848338,75.678816143727,
    90.260177976206));
#2836 = CARTESIAN_POINT('',(-3.920543787749,75.551093520499,
    90.199375961939));
#2837 = CARTESIAN_POINT('',(-3.986512488058,75.421800472953,
    90.137687831861));
#2838 = CARTESIAN_POINT('',(-4.047906455602,75.291121457937,
    90.075194716185));
#2839 = CARTESIAN_POINT('',(-4.104792947095,75.159222764974,
    90.011969981978));
#2840 = CARTESIAN_POINT('',(-4.19662148102,74.926397985979,
    89.900100055276));
#2841 = CARTESIAN_POINT('',(-4.233499649633,74.825940907627,
    89.851746156704));
#2842 = CARTESIAN_POINT('',(-4.267900028542,74.724944643931,
    89.8030455076));
#2843 = CARTESIAN_POINT('',(-4.299848921633,74.623469142808,
    89.754024781027));
#2844 = CARTESIAN_POINT('',(-4.329371296563,74.521570746559,
    89.704709164627));
#2845 = CARTESIAN_POINT('',(-4.356490784764,74.419302191872,
    89.655122360616));
#2846 = CARTESIAN_POINT('',(-4.443028758578,74.06043838791,
    89.480794174759));
#2847 = CARTESIAN_POINT('',(-4.489965285695,73.802189027669,
    89.354761738282));
#2848 = CARTESIAN_POINT('',(-4.522398872208,73.542695502409,
    89.227518513397));
#2849 = CARTESIAN_POINT('',(-4.540597465567,73.282631825018,
    89.09937479952));
#2850 = CARTESIAN_POINT('',(-4.544762847448,73.022618778751,
    88.970623455595));
#2851 = CARTESIAN_POINT('',(-4.535025432004,72.763225972261,
    88.841540316536));
#2852 = CARTESIAN_POINT('',(-4.486151176615,72.228783633663,
    88.574257248288));
#2853 = CARTESIAN_POINT('',(-4.44502605958,71.953971986244,
    88.436083838297));
#2854 = CARTESIAN_POINT('',(-4.388076154226,71.68114609221,
    88.298166857586));
#2855 = CARTESIAN_POINT('',(-4.315203765693,71.410995403421,
    88.160859948918));
#2856 = CARTESIAN_POINT('',(-4.226212863322,71.144282447507,
    88.024565590002));
#2857 = CARTESIAN_POINT('',(-4.120780153681,70.881848855469,
    87.889740634574));
#2858 = CARTESIAN_POINT('',(-3.954667859924,70.532849559119,
    87.709508247163));
#2859 = CARTESIAN_POINT('',(-3.90881983199,70.44173486446,
    87.662364776804));
#2860 = CARTESIAN_POINT('',(-3.860787591839,70.351336206467,
    87.615503334087));
#2861 = CARTESIAN_POINT('',(-3.810545694434,70.261703314245,
    87.568951629184));
#2862 = CARTESIAN_POINT('',(-3.758066302445,70.172890332894,
    87.52273998103));
#2863 = CARTESIAN_POINT('',(-3.703319186249,70.084955823509,
    87.476901317318));
#2864 = CARTESIAN_POINT('',(-3.576081944955,69.890928665104,
    87.375575056534));
#2865 = CARTESIAN_POINT('',(-3.502411923959,69.78532321423,
    87.32029920404));
#2866 = CARTESIAN_POINT('',(-3.425198386782,69.681261338606,
    87.265708650141));
#2867 = CARTESIAN_POINT('',(-3.344376235244,69.578875898574,
    87.211878611927));
#2868 = CARTESIAN_POINT('',(-3.259878095997,69.478317901708,
    87.158894748414));
#2869 = CARTESIAN_POINT('',(-3.171633869377,69.379756717764,
    87.106853418509));
#2870 = CARTESIAN_POINT('',(-2.970930622805,69.169651278866,
    86.995689435359));
#2871 = CARTESIAN_POINT('',(-2.856984878196,69.058977804366,
    86.936985899017));
#2872 = CARTESIAN_POINT('',(-2.73760518694,68.951658503307,
    86.87992216125));
#2873 = CARTESIAN_POINT('',(-2.612682975909,68.848060916666,
    86.824707885823));
#2874 = CARTESIAN_POINT('',(-2.482137228676,68.748615817793,
    86.771588719619));
#2875 = CARTESIAN_POINT('',(-2.345922757836,68.653811536991,
    86.720843443321));
#2876 = CARTESIAN_POINT('',(-2.099647728159,68.498248364674,
    86.637419475927));
#2877 = CARTESIAN_POINT('',(-1.992197673153,68.435119582157,
    86.60351366982));
#2878 = CARTESIAN_POINT('',(-1.881696417661,68.375019760547,
    86.571188112587));
#2879 = CARTESIAN_POINT('',(-1.768180696839,68.318191988129,
    86.540581530294));
#2880 = CARTESIAN_POINT('',(-1.651723097824,68.264896189727,
    86.511842193295));
#2881 = CARTESIAN_POINT('',(-1.532439281893,68.215400696963,
    86.485123143272));
#2882 = CARTESIAN_POINT('',(-1.224496032709,68.100684992099,
    86.423138256547));
#2883 = CARTESIAN_POINT('',(-1.032190150621,68.04081687879,
    86.390731065101));
#2884 = CARTESIAN_POINT('',(-0.834345967595,67.991413164766,
    86.363947853976));
#2885 = CARTESIAN_POINT('',(-0.631951190605,67.953407857824,
    86.343321827375));
#2886 = CARTESIAN_POINT('',(-0.426234869298,67.927563630191,
    86.329287926095));
#2887 = CARTESIAN_POINT('',(-0.218702904962,67.914350849975,
    86.322113084205));
#2888 = CARTESIAN_POINT('',(0.199523573145,67.91317476884,
    86.321474441324));
#2889 = CARTESIAN_POINT('',(0.410385746022,67.925602863238,
    86.32822317382));
#2890 = CARTESIAN_POINT('',(0.619472164703,67.95108250038,
    86.342059778621));
#2891 = CARTESIAN_POINT('',(0.825197172639,67.989136841283,
    86.362713752093));
#2892 = CARTESIAN_POINT('',(1.026265530312,68.038974641101,
    86.389733833604));
#2893 = CARTESIAN_POINT('',(1.221635333897,68.099619323671,
    86.42256243879));
#2894 = CARTESIAN_POINT('',(1.532439183926,68.215400656941,
    86.485123121664));
#2895 = CARTESIAN_POINT('',(1.651723001208,68.264896146748,
    86.511842170112));
#2896 = CARTESIAN_POINT('',(1.768180601679,68.318191942312,
    86.540581505605));
#2897 = CARTESIAN_POINT('',(1.881696324038,68.375019712011,
    86.571188086461));
#2898 = CARTESIAN_POINT('',(1.992197581133,68.435119531019,
    86.603513642326));
#2899 = CARTESIAN_POINT('',(2.099647637791,68.498248311046,
    86.63741944713));
#2900 = CARTESIAN_POINT('',(2.345922671658,68.653811477861,
    86.720843411663));
#2901 = CARTESIAN_POINT('',(2.48213714505,68.748615755756,
    86.771588686462));
#2902 = CARTESIAN_POINT('',(2.612682894864,68.848060851914,
    86.824707851279));
#2903 = CARTESIAN_POINT('',(2.737605108481,68.951658436014,
    86.879922125421));
#2904 = CARTESIAN_POINT('',(2.856984802321,69.058977734686,
    86.936985861992));
#2905 = CARTESIAN_POINT('',(2.970930549504,69.169651206935,
    86.99568939722));
#2906 = CARTESIAN_POINT('',(3.171633801059,69.379756642174,
    87.106853378585));
#2907 = CARTESIAN_POINT('',(3.259878030073,69.478317824684,
    87.158894707806));
#2908 = CARTESIAN_POINT('',(3.344376171683,69.578875820208,
    87.211878570687));
#2909 = CARTESIAN_POINT('',(3.425198325551,69.681261258981,
    87.265708608317));
#2910 = CARTESIAN_POINT('',(3.502411865028,69.78532313342,
    87.320299161675));
#2911 = CARTESIAN_POINT('',(3.576081888296,69.890928583179,
    87.375575013666));
#2912 = CARTESIAN_POINT('',(3.703319133794,70.084955739882,
    87.476901273713));
#2913 = CARTESIAN_POINT('',(3.758066251921,70.172890248663,
    87.52273993718));
#2914 = CARTESIAN_POINT('',(3.810545645814,70.261703229453,
    87.568951585112));
#2915 = CARTESIAN_POINT('',(3.860787545098,70.351336121155,
    87.615503289815));
#2916 = CARTESIAN_POINT('',(3.908819787103,70.441734778665,
    87.662364732354));
#2917 = CARTESIAN_POINT('',(3.954667816868,70.532849472875,
    87.709508202552));
#2918 = CARTESIAN_POINT('',(4.120780117902,70.881848768479,
    87.889740589853));
#2919 = CARTESIAN_POINT('',(4.22621283273,71.144282360479,
    88.024565545467));
#2920 = CARTESIAN_POINT('',(4.315203740048,71.410995316598,
    88.160859904693));
#2921 = CARTESIAN_POINT('',(4.38807613332,71.681146005801,
    88.298166813776));
#2922 = CARTESIAN_POINT('',(4.44502604323,71.953971900431,88.43608379499
    ));
#2923 = CARTESIAN_POINT('',(4.486151164662,72.228783548617,
    88.574257205563));
#2924 = CARTESIAN_POINT('',(4.5441280805,72.8627638132,88.891320765696)
  );
#2925 = CARTESIAN_POINT('',(4.550199685358,73.222656688804,
    89.070074115917));
#2926 = CARTESIAN_POINT('',(4.529592353824,73.58338406631,
    89.248014627659));
#2927 = CARTESIAN_POINT('',(4.481832377921,73.943417916154,
    89.424408655171));
#2928 = CARTESIAN_POINT('',(4.406213600807,74.300960690793,
    89.598421087883));
#2929 = CARTESIAN_POINT('',(4.301863186801,74.653948663193,
    89.769121764438));
#2930 = CARTESIAN_POINT('',(4.167511022788,75.,89.935462543214));
#2931 = PCURVE('',#738,#2932);
#2932 = DEFINITIONAL_REPRESENTATION('',(#2933),#3068);
#2933 = B_SPLINE_CURVE_WITH_KNOTS('',7,(#2934,#2935,#2936,#2937,#2938,
    #2939,#2940,#2941,#2942,#2943,#2944,#2945,#2946,#2947,#2948,#2949,
    #2950,#2951,#2952,#2953,#2954,#2955,#2956,#2957,#2958,#2959,#2960,
    #2961,#2962,#2963,#2964,#2965,#2966,#2967,#2968,#2969,#2970,#2971,
    #2972,#2973,#2974,#2975,#2976,#2977,#2978,#2979,#2980,#2981,#2982,
    #2983,#2984,#2985,#2986,#2987,#2988,#2989,#2990,#2991,#2992,#2993,
    #2994,#2995,#2996,#2997,#2998,#2999,#3000,#3001,#3002,#3003,#3004,
    #3005,#3006,#3007,#3008,#3009,#3010,#3011,#3012,#3013,#3014,#3015,
    #3016,#3017,#3018,#3019,#3020,#3021,#3022,#3023,#3024,#3025,#3026,
    #3027,#3028,#3029,#3030,#3031,#3032,#3033,#3034,#3035,#3036,#3037,
    #3038,#3039,#3040,#3041,#3042,#3043,#3044,#3045,#3046,#3047,#3048,
    #3049,#3050,#3051,#3052,#3053,#3054,#3055,#3056,#3057,#3058,#3059,
    #3060,#3061,#3062,#3063,#3064,#3065,#3066,#3067),.UNSPECIFIED.,.T.,
  .F.,(8,6,6,6,6,6,6,6,6,6,6,6,6,6,6,6,6,6,6,6,6,6,8),(0.,
    9.206942656766E-02,0.123060441407,0.175482137274,0.232857637561,
    0.26869955554,0.314884635864,0.350216320592,0.376748699172,
    0.443027989322,0.513910147402,0.539204072326,0.570325088543,
    0.607049448715,0.634069238777,0.67528205391,0.717129342771,
    0.744149543519,0.780874461934,0.811995951302,0.837290260847,
    0.908173496989,1.),.UNSPECIFIED.);
#2934 = CARTESIAN_POINT('',(4.877570519047,1.141563031365));
#2935 = CARTESIAN_POINT('',(4.874579413871,1.148142393777));
#2936 = CARTESIAN_POINT('',(4.870273041501,1.154651158348));
#2937 = CARTESIAN_POINT('',(4.864510429945,1.161049698469));
#2938 = CARTESIAN_POINT('',(4.857126580083,1.167270602237));
#2939 = CARTESIAN_POINT('',(4.847952287689,1.173217681503));
#2940 = CARTESIAN_POINT('',(4.836853214325,1.178766572218));
#2941 = CARTESIAN_POINT('',(4.819390462424,1.185450069414));
#2942 = CARTESIAN_POINT('',(4.814772113329,1.187070239941));
#2943 = CARTESIAN_POINT('',(4.80993316836,1.188621380284));
#2944 = CARTESIAN_POINT('',(4.804875723955,1.190096985732));
#2945 = CARTESIAN_POINT('',(4.799604489151,1.191490289009));
#2946 = CARTESIAN_POINT('',(4.794127310269,1.192794445025));
#2947 = CARTESIAN_POINT('',(4.778862087225,1.196046520732));
#2948 = CARTESIAN_POINT('',(4.768705875459,1.197817335694));
#2949 = CARTESIAN_POINT('',(4.758050865668,1.199279964615));
#2950 = CARTESIAN_POINT('',(4.746986092554,1.200403756623));
#2951 = CARTESIAN_POINT('',(4.735627580364,1.201164471594));
#2952 = CARTESIAN_POINT('',(4.724115388277,1.201547692741));
#2953 = CARTESIAN_POINT('',(4.700008860996,1.201560455269));
#2954 = CARTESIAN_POINT('',(4.68740287032,1.201115366376));
#2955 = CARTESIAN_POINT('',(4.674994982607,1.200217496414));
#2956 = CARTESIAN_POINT('',(4.66296734168,1.198887642318));
#2957 = CARTESIAN_POINT('',(4.651465790886,1.197159541044));
#2958 = CARTESIAN_POINT('',(4.64059645182,1.195075402625));
#2959 = CARTESIAN_POINT('',(4.624078697927,1.19118743026));
#2960 = CARTESIAN_POINT('',(4.617998363489,1.189571131704));
#2961 = CARTESIAN_POINT('',(4.612203045513,1.187843950276));
#2962 = CARTESIAN_POINT('',(4.60670103194,1.186016352933));
#2963 = CARTESIAN_POINT('',(4.601495655167,1.184098471264));
#2964 = CARTESIAN_POINT('',(4.596586354881,1.182099796964));
#2965 = CARTESIAN_POINT('',(4.586020877095,1.177360337312));
#2966 = CARTESIAN_POINT('',(4.580558622107,1.174572115202));
#2967 = CARTESIAN_POINT('',(4.575574620534,1.171682311612));
#2968 = CARTESIAN_POINT('',(4.571054874437,1.168707183709));
#2969 = CARTESIAN_POINT('',(4.566981570909,1.165661023541));
#2970 = CARTESIAN_POINT('',(4.563334909653,1.162556036382));
#2971 = CARTESIAN_POINT('',(4.557616339672,1.156989542158));
#2972 = CARTESIAN_POINT('',(4.555375899438,1.154548456483));
#2973 = CARTESIAN_POINT('',(4.553364646361,1.152083545549));
#2974 = CARTESIAN_POINT('',(4.551573687438,1.14959891906));
#2975 = CARTESIAN_POINT('',(4.54999431854,1.147098229928));
#2976 = CARTESIAN_POINT('',(4.548618142783,1.144584691248));
#2977 = CARTESIAN_POINT('',(4.54655034991,1.140165993812));
#2978 = CARTESIAN_POINT('',(4.545773618177,1.138265254637));
#2979 = CARTESIAN_POINT('',(4.545103613268,1.136360070157));
#2980 = CARTESIAN_POINT('',(4.544537106533,1.134451547562));
#2981 = CARTESIAN_POINT('',(4.544071021104,1.13254070682));
#2982 = CARTESIAN_POINT('',(4.543702431898,1.130628480681));
#2983 = CARTESIAN_POINT('',(4.542744433096,1.123937523651));
#2984 = CARTESIAN_POINT('',(4.542651484482,1.119156499219));
#2985 = CARTESIAN_POINT('',(4.543106274745,1.114385219807));
#2986 = CARTESIAN_POINT('',(4.544072280414,1.109634644378));
#2987 = CARTESIAN_POINT('',(4.545518666571,1.104914369539));
#2988 = CARTESIAN_POINT('',(4.547420049237,1.10023281546));
#2989 = CARTESIAN_POINT('',(4.552256767839,1.090639948022));
#2990 = CARTESIAN_POINT('',(4.555254074159,1.085736588321));
#2991 = CARTESIAN_POINT('',(4.558725411796,1.080895772825));
#2992 = CARTESIAN_POINT('',(4.562654233422,1.076127281262));
#2993 = CARTESIAN_POINT('',(4.567029400735,1.071442032851));
#2994 = CARTESIAN_POINT('',(4.571845862484,1.066852210982));
#2995 = CARTESIAN_POINT('',(4.578985514353,1.06077277384));
#2996 = CARTESIAN_POINT('',(4.580919826904,1.059187923474));
#2997 = CARTESIAN_POINT('',(4.582910863166,1.057617763443));
#2998 = CARTESIAN_POINT('',(4.584958834293,1.056063041482));
#2999 = CARTESIAN_POINT('',(4.58706405156,1.054524580001));
#3000 = CARTESIAN_POINT('',(4.589226926369,1.053003276082));
#3001 = CARTESIAN_POINT('',(4.594180687399,1.049650632827));
#3002 = CARTESIAN_POINT('',(4.597001382662,1.047828668245));
#3003 = CARTESIAN_POINT('',(4.599911112663,1.046035976153));
#3004 = CARTESIAN_POINT('',(4.602911019328,1.044274630001));
#3005 = CARTESIAN_POINT('',(4.60600237394,1.042547010703));
#3006 = CARTESIAN_POINT('',(4.609186621201,1.040855809069));
#3007 = CARTESIAN_POINT('',(4.616334574219,1.03725484401));
#3008 = CARTESIAN_POINT('',(4.620334950358,1.035360780103));
#3009 = CARTESIAN_POINT('',(4.62446957369,1.033526598161));
#3010 = CARTESIAN_POINT('',(4.628740945849,1.03175822686));
#3011 = CARTESIAN_POINT('',(4.633150972691,1.030062664413));
#3012 = CARTESIAN_POINT('',(4.637700888867,1.02844788108));
#3013 = CARTESIAN_POINT('',(4.64584204569,1.025800592194));
#3014 = CARTESIAN_POINT('',(4.649368572856,1.024727089432));
#3015 = CARTESIAN_POINT('',(4.652970681807,1.02370578276));
#3016 = CARTESIAN_POINT('',(4.656647571664,1.02274066872));
#3017 = CARTESIAN_POINT('',(4.660397554291,1.02183603044));
#3018 = CARTESIAN_POINT('',(4.664217885836,1.020996297057));
#3019 = CARTESIAN_POINT('',(4.674032933034,1.019050834719));
#3020 = CARTESIAN_POINT('',(4.680119445487,1.018036322917));
#3021 = CARTESIAN_POINT('',(4.686344232347,1.017199662379));
#3022 = CARTESIAN_POINT('',(4.692682614434,1.016556314845));
#3023 = CARTESIAN_POINT('',(4.699104552769,1.016118925063));
#3024 = CARTESIAN_POINT('',(4.705572876893,1.015895312117));
#3025 = CARTESIAN_POINT('',(4.718607340653,1.015875408165));
#3026 = CARTESIAN_POINT('',(4.725178686885,1.016085741152));
#3027 = CARTESIAN_POINT('',(4.73170458365,1.016516952123));
#3028 = CARTESIAN_POINT('',(4.738145904397,1.017161112931));
#3029 = CARTESIAN_POINT('',(4.744471008329,1.018005104925));
#3030 = CARTESIAN_POINT('',(4.750653848962,1.01903276206));
#3031 = CARTESIAN_POINT('',(4.760560071798,1.020996296379));
#3032 = CARTESIAN_POINT('',(4.764380403372,1.02183602971));
#3033 = CARTESIAN_POINT('',(4.768130386031,1.022740667942));
#3034 = CARTESIAN_POINT('',(4.771807275922,1.023705781935));
#3035 = CARTESIAN_POINT('',(4.775409384908,1.024727088563));
#3036 = CARTESIAN_POINT('',(4.77893591211,1.025800591282));
#3037 = CARTESIAN_POINT('',(4.787077069028,1.028447880073));
#3038 = CARTESIAN_POINT('',(4.791626985263,1.030062663356));
#3039 = CARTESIAN_POINT('',(4.796037012164,1.031758225755));
#3040 = CARTESIAN_POINT('',(4.800308384382,1.033526597012));
#3041 = CARTESIAN_POINT('',(4.804443007774,1.035360778912));
#3042 = CARTESIAN_POINT('',(4.808443383972,1.037254842779));
#3043 = CARTESIAN_POINT('',(4.815591337107,1.040855807772));
#3044 = CARTESIAN_POINT('',(4.818775584427,1.04254700938));
#3045 = CARTESIAN_POINT('',(4.821866939098,1.044274628654));
#3046 = CARTESIAN_POINT('',(4.824866845819,1.046035974782));
#3047 = CARTESIAN_POINT('',(4.827776575877,1.047828666852));
#3048 = CARTESIAN_POINT('',(4.830597271196,1.049650631414));
#3049 = CARTESIAN_POINT('',(4.835551032332,1.053003274635));
#3050 = CARTESIAN_POINT('',(4.837713907192,1.054524578543));
#3051 = CARTESIAN_POINT('',(4.839819124509,1.056063040012));
#3052 = CARTESIAN_POINT('',(4.841867095685,1.057617761962));
#3053 = CARTESIAN_POINT('',(4.843858131996,1.059187921983));
#3054 = CARTESIAN_POINT('',(4.845792444596,1.06077277234));
#3055 = CARTESIAN_POINT('',(4.852932096666,1.066852209461));
#3056 = CARTESIAN_POINT('',(4.857748558563,1.071442031324));
#3057 = CARTESIAN_POINT('',(4.86212372602,1.076127279733));
#3058 = CARTESIAN_POINT('',(4.866052547788,1.080895771296));
#3059 = CARTESIAN_POINT('',(4.869523885566,1.085736586795));
#3060 = CARTESIAN_POINT('',(4.872521192028,1.090639946503));
#3061 = CARTESIAN_POINT('',(4.87825873204,1.102019450311));
#3062 = CARTESIAN_POINT('',(4.880659484043,1.108528477173));
#3063 = CARTESIAN_POINT('',(4.882173618797,1.115106846143));
#3064 = CARTESIAN_POINT('',(4.88272713893,1.121731790407));
#3065 = CARTESIAN_POINT('',(4.882225452489,1.128374678668));
#3066 = CARTESIAN_POINT('',(4.880554215498,1.134999965196));
#3067 = CARTESIAN_POINT('',(4.877570519406,1.141563030575));
#3068 = ( GEOMETRIC_REPRESENTATION_CONTEXT(2) 
PARAMETRIC_REPRESENTATION_CONTEXT() REPRESENTATION_CONTEXT('2D SPACE',''
  ) );
#3069 = PCURVE('',#3070,#3075);
#3070 = CONICAL_SURFACE('',#3071,13.,0.679413805408);
#3071 = AXIS2_PLACEMENT_3D('',#3072,#3073,#3074);
#3072 = CARTESIAN_POINT('',(0.,75.,79.));
#3073 = DIRECTION('',(-0.,-0.,-1.));
#3074 = DIRECTION('',(1.,0.,-0.));
#3075 = DEFINITIONAL_REPRESENTATION('',(#3076),#3211);
#3076 = B_SPLINE_CURVE_WITH_KNOTS('',7,(#3077,#3078,#3079,#3080,#3081,
    #3082,#3083,#3084,#3085,#3086,#3087,#3088,#3089,#3090,#3091,#3092,
    #3093,#3094,#3095,#3096,#3097,#3098,#3099,#3100,#3101,#3102,#3103,
    #3104,#3105,#3106,#3107,#3108,#3109,#3110,#3111,#3112,#3113,#3114,
    #3115,#3116,#3117,#3118,#3119,#3120,#3121,#3122,#3123,#3124,#3125,
    #3126,#3127,#3128,#3129,#3130,#3131,#3132,#3133,#3134,#3135,#3136,
    #3137,#3138,#3139,#3140,#3141,#3142,#3143,#3144,#3145,#3146,#3147,
    #3148,#3149,#3150,#3151,#3152,#3153,#3154,#3155,#3156,#3157,#3158,
    #3159,#3160,#3161,#3162,#3163,#3164,#3165,#3166,#3167,#3168,#3169,
    #3170,#3171,#3172,#3173,#3174,#3175,#3176,#3177,#3178,#3179,#3180,
    #3181,#3182,#3183,#3184,#3185,#3186,#3187,#3188,#3189,#3190,#3191,
    #3192,#3193,#3194,#3195,#3196,#3197,#3198,#3199,#3200,#3201,#3202,
    #3203,#3204,#3205,#3206,#3207,#3208,#3209,#3210),.UNSPECIFIED.,.F.,
  .F.,(8,6,6,6,6,6,6,6,6,6,6,6,6,6,6,6,6,6,6,6,6,6,8),(0.,
    9.206942656766E-02,0.123060441407,0.175482137274,0.232857637561,
    0.26869955554,0.314884635864,0.350216320592,0.376748699172,
    0.443027989322,0.513910147402,0.539204072326,0.570325088543,
    0.607049448715,0.634069238777,0.67528205391,0.717129342771,
    0.744149543519,0.780874461934,0.811995951302,0.837290260847,
    0.908173496989,1.),.UNSPECIFIED.);
#3077 = CARTESIAN_POINT('',(0.,-10.93546254321));
#3078 = CARTESIAN_POINT('',(-8.324168301519E-02,-11.10221636971));
#3079 = CARTESIAN_POINT('',(-0.170985688201,-11.26438329455));
#3080 = CARTESIAN_POINT('',(-0.263970859071,-11.42106052515));
#3081 = CARTESIAN_POINT('',(-0.362877523913,-11.570724609));
#3082 = CARTESIAN_POINT('',(-0.468338424109,-11.71136325413));
#3083 = CARTESIAN_POINT('',(-0.580900603566,-11.840554439));
#3084 = CARTESIAN_POINT('',(-0.741343515494,-11.99418162457));
#3085 = CARTESIAN_POINT('',(-0.782576174548,-12.03123659638));
#3086 = CARTESIAN_POINT('',(-0.824638021523,-12.0665432278));
#3087 = CARTESIAN_POINT('',(-0.867522737918,-12.0999798422));
#3088 = CARTESIAN_POINT('',(-0.911213994569,-12.13142090004));
#3089 = CARTESIAN_POINT('',(-0.95568354457,-12.16074031317));
#3090 = CARTESIAN_POINT('',(-1.077355453973,-12.23361152898));
#3091 = CARTESIAN_POINT('',(-1.155977844957,-12.27301544629));
#3092 = CARTESIAN_POINT('',(-1.236482567485,-12.30536933739));
#3093 = CARTESIAN_POINT('',(-1.318528595821,-12.33012311691));
#3094 = CARTESIAN_POINT('',(-1.401696237169,-12.3468430428));
#3095 = CARTESIAN_POINT('',(-1.485470248688,-12.35526618589));
#3096 = CARTESIAN_POINT('',(-1.660879075086,-12.35554669817));
#3097 = CARTESIAN_POINT('',(-1.752597216297,-12.34576390668));
#3098 = CARTESIAN_POINT('',(-1.843527119632,-12.32603009844));
#3099 = CARTESIAN_POINT('',(-1.933008791486,-12.29672961784));
#3100 = CARTESIAN_POINT('',(-2.020514687945,-12.25845880269));
#3101 = CARTESIAN_POINT('',(-2.105637963723,-12.21198062935));
#3102 = CARTESIAN_POINT('',(-2.239554786193,-12.12456986895));
#3103 = CARTESIAN_POINT('',(-2.290021150179,-12.08808421702));
#3104 = CARTESIAN_POINT('',(-2.33941222686,-12.04891478376));
#3105 = CARTESIAN_POINT('',(-2.387699147602,-12.00725541342));
#3106 = CARTESIAN_POINT('',(-2.434871590513,-11.96329553939));
#3107 = CARTESIAN_POINT('',(-2.480934305121,-11.91721453044));
#3108 = CARTESIAN_POINT('',(-2.583850095413,-11.80727472684));
#3109 = CARTESIAN_POINT('',(-2.639975280754,-11.74212955816));
#3110 = CARTESIAN_POINT('',(-2.69432339083,-11.67408486247));
#3111 = CARTESIAN_POINT('',(-2.746954372019,-11.60345815164));
#3112 = CARTESIAN_POINT('',(-2.797940910207,-11.53053548447));
#3113 = CARTESIAN_POINT('',(-2.847365421675,-11.45556683332));
#3114 = CARTESIAN_POINT('',(-2.932000137078,-11.32000516964));
#3115 = CARTESIAN_POINT('',(-2.967818843355,-11.2601779762));
#3116 = CARTESIAN_POINT('',(-3.002812082599,-11.19937596193));
#3117 = CARTESIAN_POINT('',(-3.037017743502,-11.13768783186));
#3118 = CARTESIAN_POINT('',(-3.070472931891,-11.07519471618));
#3119 = CARTESIAN_POINT('',(-3.103214218958,-11.01196998197));
#3120 = CARTESIAN_POINT('',(-3.159356148202,-10.90010005527));
#3121 = CARTESIAN_POINT('',(-3.183051931893,-10.8517461567));
#3122 = CARTESIAN_POINT('',(-3.206380272339,-10.8030455076));
#3123 = CARTESIAN_POINT('',(-3.22935575586,-10.75402478102));
#3124 = CARTESIAN_POINT('',(-3.251992523329,-10.70470916462));
#3125 = CARTESIAN_POINT('',(-3.27430427017,-10.65512236061));
#3126 = CARTESIAN_POINT('',(-3.35126135474,-10.48079417475));
#3127 = CARTESIAN_POINT('',(-3.404267270872,-10.35476173828));
#3128 = CARTESIAN_POINT('',(-3.455538430149,-10.22751851339));
#3129 = CARTESIAN_POINT('',(-3.50526049173,-10.09937479952));
#3130 = CARTESIAN_POINT('',(-3.553601146546,-9.970623455595));
#3131 = CARTESIAN_POINT('',(-3.600719692378,-9.841540316536));
#3132 = CARTESIAN_POINT('',(-3.696025328991,-9.574257248288));
#3133 = CARTESIAN_POINT('',(-3.744046348457,-9.436083838297));
#3134 = CARTESIAN_POINT('',(-3.791034007029,-9.298166857586));
#3135 = CARTESIAN_POINT('',(-3.837159409505,-9.160859948918));
#3136 = CARTESIAN_POINT('',(-3.882581194727,-9.024565590002));
#3137 = CARTESIAN_POINT('',(-3.927461440176,-8.889740634574));
#3138 = CARTESIAN_POINT('',(-3.987870920952,-8.709508247163));
#3139 = CARTESIAN_POINT('',(-4.003711809473,-8.662364776804));
#3140 = CARTESIAN_POINT('',(-4.019513849568,-8.615503334087));
#3141 = CARTESIAN_POINT('',(-4.035284868345,-8.568951629184));
#3142 = CARTESIAN_POINT('',(-4.051032805281,-8.52273998103));
#3143 = CARTESIAN_POINT('',(-4.066765712223,-8.476901317318));
#3144 = CARTESIAN_POINT('',(-4.101840683373,-8.375575056534));
#3145 = CARTESIAN_POINT('',(-4.121178711066,-8.32029920404));
#3146 = CARTESIAN_POINT('',(-4.140521899657,-8.265708650141));
#3147 = CARTESIAN_POINT('',(-4.159885717216,-8.211878611927));
#3148 = CARTESIAN_POINT('',(-4.179285626041,-8.158894748414));
#3149 = CARTESIAN_POINT('',(-4.198737672001,-8.106853418509));
#3150 = CARTESIAN_POINT('',(-4.241295307307,-7.995689435359));
#3151 = CARTESIAN_POINT('',(-4.264425491135,-7.936985899017));
#3152 = CARTESIAN_POINT('',(-4.287679742358,-7.87992216125));
#3153 = CARTESIAN_POINT('',(-4.311084602843,-7.824707885823));
#3154 = CARTESIAN_POINT('',(-4.334664381171,-7.771588719619));
#3155 = CARTESIAN_POINT('',(-4.358442494478,-7.720843443321));
#3156 = CARTESIAN_POINT('',(-4.400100939442,-7.637419475927));
#3157 = CARTESIAN_POINT('',(-4.417877683134,-7.60351366982));
#3158 = CARTESIAN_POINT('',(-4.435781150874,-7.571188112587));
#3159 = CARTESIAN_POINT('',(-4.453817158154,-7.540581530294));
#3160 = CARTESIAN_POINT('',(-4.471988932654,-7.511842193295));
#3161 = CARTESIAN_POINT('',(-4.490296820436,-7.485123143272));
#3162 = CARTESIAN_POINT('',(-4.536865990137,-7.423138256547));
#3163 = CARTESIAN_POINT('',(-4.565321770105,-7.390731065101));
#3164 = CARTESIAN_POINT('',(-4.594066704212,-7.363947853976));
#3165 = CARTESIAN_POINT('',(-4.623055520572,-7.343321827375));
#3166 = CARTESIAN_POINT('',(-4.652233928408,-7.329287926095));
#3167 = CARTESIAN_POINT('',(-4.681525853386,-7.322113084205));
#3168 = CARTESIAN_POINT('',(-4.740545548366,-7.321474441324));
#3169 = CARTESIAN_POINT('',(-4.770296696362,-7.32822317382));
#3170 = CARTESIAN_POINT('',(-4.79993567372,-7.342059778621));
#3171 = CARTESIAN_POINT('',(-4.829382381382,-7.362713752093));
#3172 = CARTESIAN_POINT('',(-4.858579637406,-7.389733833604));
#3173 = CARTESIAN_POINT('',(-4.887479357548,-7.42256243879));
#3174 = CARTESIAN_POINT('',(-4.934481125331,-7.485123121664));
#3175 = CARTESIAN_POINT('',(-4.952789013114,-7.511842170112));
#3176 = CARTESIAN_POINT('',(-4.970960787616,-7.540581505605));
#3177 = CARTESIAN_POINT('',(-4.9889967949,-7.571188086461));
#3178 = CARTESIAN_POINT('',(-5.006900262641,-7.603513642326));
#3179 = CARTESIAN_POINT('',(-5.024677006332,-7.63741944713));
#3180 = CARTESIAN_POINT('',(-5.06633545132,-7.720843411663));
#3181 = CARTESIAN_POINT('',(-5.090113564647,-7.771588686462));
#3182 = CARTESIAN_POINT('',(-5.113693342987,-7.824707851279));
#3183 = CARTESIAN_POINT('',(-5.137098203474,-7.879922125421));
#3184 = CARTESIAN_POINT('',(-5.160352454688,-7.936985861992));
#3185 = CARTESIAN_POINT('',(-5.183482638495,-7.99568939722));
#3186 = CARTESIAN_POINT('',(-5.226040273794,-8.106853378585));
#3187 = CARTESIAN_POINT('',(-5.245492319772,-8.158894707806));
#3188 = CARTESIAN_POINT('',(-5.264892228605,-8.211878570687));
#3189 = CARTESIAN_POINT('',(-5.284256046164,-8.265708608317));
#3190 = CARTESIAN_POINT('',(-5.303599234747,-8.320299161675));
#3191 = CARTESIAN_POINT('',(-5.322937262422,-8.375575013666));
#3192 = CARTESIAN_POINT('',(-5.358012233562,-8.476901273713));
#3193 = CARTESIAN_POINT('',(-5.373745140515,-8.52273993718));
#3194 = CARTESIAN_POINT('',(-5.389493077456,-8.568951585112));
#3195 = CARTESIAN_POINT('',(-5.405264096232,-8.615503289815));
#3196 = CARTESIAN_POINT('',(-5.421066136323,-8.662364732354));
#3197 = CARTESIAN_POINT('',(-5.436907024833,-8.709508202552));
#3198 = CARTESIAN_POINT('',(-5.497316505694,-8.889740589853));
#3199 = CARTESIAN_POINT('',(-5.542196751205,-9.024565545467));
#3200 = CARTESIAN_POINT('',(-5.587618536456,-9.160859904693));
#3201 = CARTESIAN_POINT('',(-5.633743938928,-9.298166813776));
#3202 = CARTESIAN_POINT('',(-5.680731597467,-9.43608379499));
#3203 = CARTESIAN_POINT('',(-5.72875261687,-9.574257205563));
#3204 = CARTESIAN_POINT('',(-5.841808578264,-9.891320765696));
#3205 = CARTESIAN_POINT('',(-5.907641121175,-10.07007407672));
#3206 = CARTESIAN_POINT('',(-5.975940453497,-10.24801475213));
#3207 = CARTESIAN_POINT('',(-6.047134857247,-10.42440848416));
#3208 = CARTESIAN_POINT('',(-6.121695920569,-10.59842120155));
#3209 = CARTESIAN_POINT('',(-6.200149803757,-10.7691217444));
#3210 = CARTESIAN_POINT('',(-6.28318529718,-10.93546252318));
#3211 = ( GEOMETRIC_REPRESENTATION_CONTEXT(2) 
PARAMETRIC_REPRESENTATION_CONTEXT() REPRESENTATION_CONTEXT('2D SPACE',''
  ) );
#3212 = ADVANCED_FACE('',(#3213),#767,.T.);
#3213 = FACE_BOUND('',#3214,.T.);
#3214 = EDGE_LOOP('',(#3215,#3238,#3265,#3266,#3267,#3268));
#3215 = ORIENTED_EDGE('',*,*,#3216,.T.);
#3216 = EDGE_CURVE('',#1936,#3217,#3219,.T.);
#3217 = VERTEX_POINT('',#3218);
#3218 = CARTESIAN_POINT('',(-35.3,70.,80.));
#3219 = SEAM_CURVE('',#3220,(#3224,#3231),.PCURVE_S1.);
#3220 = LINE('',#3221,#3222);
#3221 = CARTESIAN_POINT('',(-35.3,70.,70.));
#3222 = VECTOR('',#3223,1.);
#3223 = DIRECTION('',(0.,0.,1.));
#3224 = PCURVE('',#767,#3225);
#3225 = DEFINITIONAL_REPRESENTATION('',(#3226),#3230);
#3226 = LINE('',#3227,#3228);
#3227 = CARTESIAN_POINT('',(6.28318530718,-0.));
#3228 = VECTOR('',#3229,1.);
#3229 = DIRECTION('',(0.,1.));
#3230 = ( GEOMETRIC_REPRESENTATION_CONTEXT(2) 
PARAMETRIC_REPRESENTATION_CONTEXT() REPRESENTATION_CONTEXT('2D SPACE',''
  ) );
#3231 = PCURVE('',#767,#3232);
#3232 = DEFINITIONAL_REPRESENTATION('',(#3233),#3237);
#3233 = LINE('',#3234,#3235);
#3234 = CARTESIAN_POINT('',(0.,-0.));
#3235 = VECTOR('',#3236,1.);
#3236 = DIRECTION('',(0.,1.));
#3237 = ( GEOMETRIC_REPRESENTATION_CONTEXT(2) 
PARAMETRIC_REPRESENTATION_CONTEXT() REPRESENTATION_CONTEXT('2D SPACE',''
  ) );
#3238 = ORIENTED_EDGE('',*,*,#3239,.F.);
#3239 = EDGE_CURVE('',#3217,#3217,#3240,.T.);
#3240 = SURFACE_CURVE('',#3241,(#3246,#3253),.PCURVE_S1.);
#3241 = CIRCLE('',#3242,14.);
#3242 = AXIS2_PLACEMENT_3D('',#3243,#3244,#3245);
#3243 = CARTESIAN_POINT('',(-49.3,70.,80.));
#3244 = DIRECTION('',(0.,0.,1.));
#3245 = DIRECTION('',(1.,0.,-0.));
#3246 = PCURVE('',#767,#3247);
#3247 = DEFINITIONAL_REPRESENTATION('',(#3248),#3252);
#3248 = LINE('',#3249,#3250);
#3249 = CARTESIAN_POINT('',(0.,10.));
#3250 = VECTOR('',#3251,1.);
#3251 = DIRECTION('',(1.,0.));
#3252 = ( GEOMETRIC_REPRESENTATION_CONTEXT(2) 
PARAMETRIC_REPRESENTATION_CONTEXT() REPRESENTATION_CONTEXT('2D SPACE',''
  ) );
#3253 = PCURVE('',#3254,#3259);
#3254 = PLANE('',#3255);
#3255 = AXIS2_PLACEMENT_3D('',#3256,#3257,#3258);
#3256 = CARTESIAN_POINT('',(-49.3,70.,80.));
#3257 = DIRECTION('',(0.,0.,1.));
#3258 = DIRECTION('',(1.,0.,-0.));
#3259 = DEFINITIONAL_REPRESENTATION('',(#3260),#3264);
#3260 = CIRCLE('',#3261,14.);
#3261 = AXIS2_PLACEMENT_2D('',#3262,#3263);
#3262 = CARTESIAN_POINT('',(0.,0.));
#3263 = DIRECTION('',(1.,0.));
#3264 = ( GEOMETRIC_REPRESENTATION_CONTEXT(2) 
PARAMETRIC_REPRESENTATION_CONTEXT() REPRESENTATION_CONTEXT('2D SPACE',''
  ) );
#3265 = ORIENTED_EDGE('',*,*,#3216,.F.);
#3266 = ORIENTED_EDGE('',*,*,#1935,.T.);
#3267 = ORIENTED_EDGE('',*,*,#750,.T.);
#3268 = ORIENTED_EDGE('',*,*,#2135,.T.);
#3269 = ADVANCED_FACE('',(#3270),#709,.F.);
#3270 = FACE_BOUND('',#3271,.F.);
#3271 = EDGE_LOOP('',(#3272,#3295,#3296,#3297,#3298));
#3272 = ORIENTED_EDGE('',*,*,#3273,.F.);
#3273 = EDGE_CURVE('',#1768,#3274,#3276,.T.);
#3274 = VERTEX_POINT('',#3275);
#3275 = CARTESIAN_POINT('',(-17.,67.5,84.));
#3276 = SURFACE_CURVE('',#3277,(#3281,#3288),.PCURVE_S1.);
#3277 = LINE('',#3278,#3279);
#3278 = CARTESIAN_POINT('',(-17.,-92.5,84.));
#3279 = VECTOR('',#3280,1.);
#3280 = DIRECTION('',(-0.,1.,0.));
#3281 = PCURVE('',#709,#3282);
#3282 = DEFINITIONAL_REPRESENTATION('',(#3283),#3287);
#3283 = LINE('',#3284,#3285);
#3284 = CARTESIAN_POINT('',(12.,0.));
#3285 = VECTOR('',#3286,1.);
#3286 = DIRECTION('',(0.,-1.));
#3287 = ( GEOMETRIC_REPRESENTATION_CONTEXT(2) 
PARAMETRIC_REPRESENTATION_CONTEXT() REPRESENTATION_CONTEXT('2D SPACE',''
  ) );
#3288 = PCURVE('',#1383,#3289);
#3289 = DEFINITIONAL_REPRESENTATION('',(#3290),#3294);
#3290 = LINE('',#3291,#3292);
#3291 = CARTESIAN_POINT('',(0.,0.));
#3292 = VECTOR('',#3293,1.);
#3293 = DIRECTION('',(0.,1.));
#3294 = ( GEOMETRIC_REPRESENTATION_CONTEXT(2) 
PARAMETRIC_REPRESENTATION_CONTEXT() REPRESENTATION_CONTEXT('2D SPACE',''
  ) );
#3295 = ORIENTED_EDGE('',*,*,#1791,.F.);
#3296 = ORIENTED_EDGE('',*,*,#693,.T.);
#3297 = ORIENTED_EDGE('',*,*,#2175,.F.);
#3298 = ORIENTED_EDGE('',*,*,#3299,.T.);
#3299 = EDGE_CURVE('',#2176,#3274,#3300,.T.);
#3300 = SURFACE_CURVE('',#3301,(#3305,#3312),.PCURVE_S1.);
#3301 = LINE('',#3302,#3303);
#3302 = CARTESIAN_POINT('',(-17.,67.5,72.));
#3303 = VECTOR('',#3304,1.);
#3304 = DIRECTION('',(0.,0.,1.));
#3305 = PCURVE('',#709,#3306);
#3306 = DEFINITIONAL_REPRESENTATION('',(#3307),#3311);
#3307 = LINE('',#3308,#3309);
#3308 = CARTESIAN_POINT('',(0.,-160.));
#3309 = VECTOR('',#3310,1.);
#3310 = DIRECTION('',(1.,0.));
#3311 = ( GEOMETRIC_REPRESENTATION_CONTEXT(2) 
PARAMETRIC_REPRESENTATION_CONTEXT() REPRESENTATION_CONTEXT('2D SPACE',''
  ) );
#3312 = PCURVE('',#2224,#3313);
#3313 = DEFINITIONAL_REPRESENTATION('',(#3314),#3318);
#3314 = LINE('',#3315,#3316);
#3315 = CARTESIAN_POINT('',(0.,0.));
#3316 = VECTOR('',#3317,1.);
#3317 = DIRECTION('',(1.,0.));
#3318 = ( GEOMETRIC_REPRESENTATION_CONTEXT(2) 
PARAMETRIC_REPRESENTATION_CONTEXT() REPRESENTATION_CONTEXT('2D SPACE',''
  ) );
#3319 = ADVANCED_FACE('',(#3320),#995,.F.);
#3320 = FACE_BOUND('',#3321,.F.);
#3321 = EDGE_LOOP('',(#3322,#3323,#3346,#3374,#3402,#3423));
#3322 = ORIENTED_EDGE('',*,*,#979,.F.);
#3323 = ORIENTED_EDGE('',*,*,#3324,.T.);
#3324 = EDGE_CURVE('',#952,#3325,#3327,.T.);
#3325 = VERTEX_POINT('',#3326);
#3326 = CARTESIAN_POINT('',(-67.5,102.,34.56));
#3327 = SURFACE_CURVE('',#3328,(#3332,#3339),.PCURVE_S1.);
#3328 = LINE('',#3329,#3330);
#3329 = CARTESIAN_POINT('',(-67.5,102.,0.));
#3330 = VECTOR('',#3331,1.);
#3331 = DIRECTION('',(0.,0.,1.));
#3332 = PCURVE('',#995,#3333);
#3333 = DEFINITIONAL_REPRESENTATION('',(#3334),#3338);
#3334 = LINE('',#3335,#3336);
#3335 = CARTESIAN_POINT('',(0.,0.));
#3336 = VECTOR('',#3337,1.);
#3337 = DIRECTION('',(1.,0.));
#3338 = ( GEOMETRIC_REPRESENTATION_CONTEXT(2) 
PARAMETRIC_REPRESENTATION_CONTEXT() REPRESENTATION_CONTEXT('2D SPACE',''
  ) );
#3339 = PCURVE('',#967,#3340);
#3340 = DEFINITIONAL_REPRESENTATION('',(#3341),#3345);
#3341 = LINE('',#3342,#3343);
#3342 = CARTESIAN_POINT('',(0.,-204.));
#3343 = VECTOR('',#3344,1.);
#3344 = DIRECTION('',(1.,0.));
#3345 = ( GEOMETRIC_REPRESENTATION_CONTEXT(2) 
PARAMETRIC_REPRESENTATION_CONTEXT() REPRESENTATION_CONTEXT('2D SPACE',''
  ) );
#3346 = ORIENTED_EDGE('',*,*,#3347,.T.);
#3347 = EDGE_CURVE('',#3325,#3348,#3350,.T.);
#3348 = VERTEX_POINT('',#3349);
#3349 = CARTESIAN_POINT('',(67.5,102.,34.56));
#3350 = SURFACE_CURVE('',#3351,(#3355,#3362),.PCURVE_S1.);
#3351 = LINE('',#3352,#3353);
#3352 = CARTESIAN_POINT('',(-67.5,102.,34.56));
#3353 = VECTOR('',#3354,1.);
#3354 = DIRECTION('',(1.,0.,-0.));
#3355 = PCURVE('',#995,#3356);
#3356 = DEFINITIONAL_REPRESENTATION('',(#3357),#3361);
#3357 = LINE('',#3358,#3359);
#3358 = CARTESIAN_POINT('',(34.56,0.));
#3359 = VECTOR('',#3360,1.);
#3360 = DIRECTION('',(0.,1.));
#3361 = ( GEOMETRIC_REPRESENTATION_CONTEXT(2) 
PARAMETRIC_REPRESENTATION_CONTEXT() REPRESENTATION_CONTEXT('2D SPACE',''
  ) );
#3362 = PCURVE('',#3363,#3368);
#3363 = PLANE('',#3364);
#3364 = AXIS2_PLACEMENT_3D('',#3365,#3366,#3367);
#3365 = CARTESIAN_POINT('',(-67.5,-102.,34.56));
#3366 = DIRECTION('',(0.,0.,1.));
#3367 = DIRECTION('',(1.,0.,-0.));
#3368 = DEFINITIONAL_REPRESENTATION('',(#3369),#3373);
#3369 = LINE('',#3370,#3371);
#3370 = CARTESIAN_POINT('',(0.,204.));
#3371 = VECTOR('',#3372,1.);
#3372 = DIRECTION('',(1.,0.));
#3373 = ( GEOMETRIC_REPRESENTATION_CONTEXT(2) 
PARAMETRIC_REPRESENTATION_CONTEXT() REPRESENTATION_CONTEXT('2D SPACE',''
  ) );
#3374 = ORIENTED_EDGE('',*,*,#3375,.F.);
#3375 = EDGE_CURVE('',#3376,#3348,#3378,.T.);
#3376 = VERTEX_POINT('',#3377);
#3377 = CARTESIAN_POINT('',(67.5,102.,0.));
#3378 = SURFACE_CURVE('',#3379,(#3383,#3390),.PCURVE_S1.);
#3379 = LINE('',#3380,#3381);
#3380 = CARTESIAN_POINT('',(67.5,102.,0.));
#3381 = VECTOR('',#3382,1.);
#3382 = DIRECTION('',(0.,0.,1.));
#3383 = PCURVE('',#995,#3384);
#3384 = DEFINITIONAL_REPRESENTATION('',(#3385),#3389);
#3385 = LINE('',#3386,#3387);
#3386 = CARTESIAN_POINT('',(0.,135.));
#3387 = VECTOR('',#3388,1.);
#3388 = DIRECTION('',(1.,0.));
#3389 = ( GEOMETRIC_REPRESENTATION_CONTEXT(2) 
PARAMETRIC_REPRESENTATION_CONTEXT() REPRESENTATION_CONTEXT('2D SPACE',''
  ) );
#3390 = PCURVE('',#3391,#3396);
#3391 = PLANE('',#3392);
#3392 = AXIS2_PLACEMENT_3D('',#3393,#3394,#3395);
#3393 = CARTESIAN_POINT('',(67.5,-102.,0.));
#3394 = DIRECTION('',(1.,0.,-0.));
#3395 = DIRECTION('',(0.,0.,1.));
#3396 = DEFINITIONAL_REPRESENTATION('',(#3397),#3401);
#3397 = LINE('',#3398,#3399);
#3398 = CARTESIAN_POINT('',(0.,-204.));
#3399 = VECTOR('',#3400,1.);
#3400 = DIRECTION('',(1.,0.));
#3401 = ( GEOMETRIC_REPRESENTATION_CONTEXT(2) 
PARAMETRIC_REPRESENTATION_CONTEXT() REPRESENTATION_CONTEXT('2D SPACE',''
  ) );
#3402 = ORIENTED_EDGE('',*,*,#3403,.F.);
#3403 = EDGE_CURVE('',#2691,#3376,#3404,.T.);
#3404 = SURFACE_CURVE('',#3405,(#3409,#3416),.PCURVE_S1.);
#3405 = LINE('',#3406,#3407);
#3406 = CARTESIAN_POINT('',(-67.5,102.,0.));
#3407 = VECTOR('',#3408,1.);
#3408 = DIRECTION('',(1.,0.,-0.));
#3409 = PCURVE('',#995,#3410);
#3410 = DEFINITIONAL_REPRESENTATION('',(#3411),#3415);
#3411 = LINE('',#3412,#3413);
#3412 = CARTESIAN_POINT('',(0.,0.));
#3413 = VECTOR('',#3414,1.);
#3414 = DIRECTION('',(0.,1.));
#3415 = ( GEOMETRIC_REPRESENTATION_CONTEXT(2) 
PARAMETRIC_REPRESENTATION_CONTEXT() REPRESENTATION_CONTEXT('2D SPACE',''
  ) );
#3416 = PCURVE('',#1870,#3417);
#3417 = DEFINITIONAL_REPRESENTATION('',(#3418),#3422);
#3418 = LINE('',#3419,#3420);
#3419 = CARTESIAN_POINT('',(5.,227.));
#3420 = VECTOR('',#3421,1.);
#3421 = DIRECTION('',(1.,0.));
#3422 = ( GEOMETRIC_REPRESENTATION_CONTEXT(2) 
PARAMETRIC_REPRESENTATION_CONTEXT() REPRESENTATION_CONTEXT('2D SPACE',''
  ) );
#3423 = ORIENTED_EDGE('',*,*,#3424,.F.);
#3424 = EDGE_CURVE('',#980,#2691,#3425,.T.);
#3425 = SURFACE_CURVE('',#3426,(#3430,#3437),.PCURVE_S1.);
#3426 = LINE('',#3427,#3428);
#3427 = CARTESIAN_POINT('',(-67.5,102.,0.));
#3428 = VECTOR('',#3429,1.);
#3429 = DIRECTION('',(1.,0.,-0.));
#3430 = PCURVE('',#995,#3431);
#3431 = DEFINITIONAL_REPRESENTATION('',(#3432),#3436);
#3432 = LINE('',#3433,#3434);
#3433 = CARTESIAN_POINT('',(0.,0.));
#3434 = VECTOR('',#3435,1.);
#3435 = DIRECTION('',(0.,1.));
#3436 = ( GEOMETRIC_REPRESENTATION_CONTEXT(2) 
PARAMETRIC_REPRESENTATION_CONTEXT() REPRESENTATION_CONTEXT('2D SPACE',''
  ) );
#3437 = PCURVE('',#2731,#3438);
#3438 = DEFINITIONAL_REPRESENTATION('',(#3439),#3443);
#3439 = LINE('',#3440,#3441);
#3440 = CARTESIAN_POINT('',(0.,204.));
#3441 = VECTOR('',#3442,1.);
#3442 = DIRECTION('',(1.,0.));
#3443 = ( GEOMETRIC_REPRESENTATION_CONTEXT(2) 
PARAMETRIC_REPRESENTATION_CONTEXT() REPRESENTATION_CONTEXT('2D SPACE',''
  ) );
#3444 = ADVANCED_FACE('',(#3445),#967,.T.);
#3445 = FACE_BOUND('',#3446,.T.);
#3446 = EDGE_LOOP('',(#3447,#3470,#3471,#3472));
#3447 = ORIENTED_EDGE('',*,*,#3448,.F.);
#3448 = EDGE_CURVE('',#924,#3449,#3451,.T.);
#3449 = VERTEX_POINT('',#3450);
#3450 = CARTESIAN_POINT('',(-67.5,-102.,34.56));
#3451 = SURFACE_CURVE('',#3452,(#3456,#3463),.PCURVE_S1.);
#3452 = LINE('',#3453,#3454);
#3453 = CARTESIAN_POINT('',(-67.5,-102.,0.));
#3454 = VECTOR('',#3455,1.);
#3455 = DIRECTION('',(0.,0.,1.));
#3456 = PCURVE('',#967,#3457);
#3457 = DEFINITIONAL_REPRESENTATION('',(#3458),#3462);
#3458 = LINE('',#3459,#3460);
#3459 = CARTESIAN_POINT('',(0.,0.));
#3460 = VECTOR('',#3461,1.);
#3461 = DIRECTION('',(1.,0.));
#3462 = ( GEOMETRIC_REPRESENTATION_CONTEXT(2) 
PARAMETRIC_REPRESENTATION_CONTEXT() REPRESENTATION_CONTEXT('2D SPACE',''
  ) );
#3463 = PCURVE('',#939,#3464);
#3464 = DEFINITIONAL_REPRESENTATION('',(#3465),#3469);
#3465 = LINE('',#3466,#3467);
#3466 = CARTESIAN_POINT('',(0.,0.));
#3467 = VECTOR('',#3468,1.);
#3468 = DIRECTION('',(1.,0.));
#3469 = ( GEOMETRIC_REPRESENTATION_CONTEXT(2) 
PARAMETRIC_REPRESENTATION_CONTEXT() REPRESENTATION_CONTEXT('2D SPACE',''
  ) );
#3470 = ORIENTED_EDGE('',*,*,#951,.T.);
#3471 = ORIENTED_EDGE('',*,*,#3324,.T.);
#3472 = ORIENTED_EDGE('',*,*,#3473,.F.);
#3473 = EDGE_CURVE('',#3449,#3325,#3474,.T.);
#3474 = SURFACE_CURVE('',#3475,(#3479,#3486),.PCURVE_S1.);
#3475 = LINE('',#3476,#3477);
#3476 = CARTESIAN_POINT('',(-67.5,-102.,34.56));
#3477 = VECTOR('',#3478,1.);
#3478 = DIRECTION('',(-0.,1.,0.));
#3479 = PCURVE('',#967,#3480);
#3480 = DEFINITIONAL_REPRESENTATION('',(#3481),#3485);
#3481 = LINE('',#3482,#3483);
#3482 = CARTESIAN_POINT('',(34.56,0.));
#3483 = VECTOR('',#3484,1.);
#3484 = DIRECTION('',(0.,-1.));
#3485 = ( GEOMETRIC_REPRESENTATION_CONTEXT(2) 
PARAMETRIC_REPRESENTATION_CONTEXT() REPRESENTATION_CONTEXT('2D SPACE',''
  ) );
#3486 = PCURVE('',#3363,#3487);
#3487 = DEFINITIONAL_REPRESENTATION('',(#3488),#3492);
#3488 = LINE('',#3489,#3490);
#3489 = CARTESIAN_POINT('',(0.,0.));
#3490 = VECTOR('',#3491,1.);
#3491 = DIRECTION('',(0.,1.));
#3492 = ( GEOMETRIC_REPRESENTATION_CONTEXT(2) 
PARAMETRIC_REPRESENTATION_CONTEXT() REPRESENTATION_CONTEXT('2D SPACE',''
  ) );
#3493 = ADVANCED_FACE('',(#3494),#939,.T.);
#3494 = FACE_BOUND('',#3495,.T.);
#3495 = EDGE_LOOP('',(#3496,#3497,#3498,#3521,#3544,#3565));
#3496 = ORIENTED_EDGE('',*,*,#923,.F.);
#3497 = ORIENTED_EDGE('',*,*,#3448,.T.);
#3498 = ORIENTED_EDGE('',*,*,#3499,.T.);
#3499 = EDGE_CURVE('',#3449,#3500,#3502,.T.);
#3500 = VERTEX_POINT('',#3501);
#3501 = CARTESIAN_POINT('',(67.5,-102.,34.56));
#3502 = SURFACE_CURVE('',#3503,(#3507,#3514),.PCURVE_S1.);
#3503 = LINE('',#3504,#3505);
#3504 = CARTESIAN_POINT('',(-67.5,-102.,34.56));
#3505 = VECTOR('',#3506,1.);
#3506 = DIRECTION('',(1.,0.,-0.));
#3507 = PCURVE('',#939,#3508);
#3508 = DEFINITIONAL_REPRESENTATION('',(#3509),#3513);
#3509 = LINE('',#3510,#3511);
#3510 = CARTESIAN_POINT('',(34.56,0.));
#3511 = VECTOR('',#3512,1.);
#3512 = DIRECTION('',(0.,1.));
#3513 = ( GEOMETRIC_REPRESENTATION_CONTEXT(2) 
PARAMETRIC_REPRESENTATION_CONTEXT() REPRESENTATION_CONTEXT('2D SPACE',''
  ) );
#3514 = PCURVE('',#3363,#3515);
#3515 = DEFINITIONAL_REPRESENTATION('',(#3516),#3520);
#3516 = LINE('',#3517,#3518);
#3517 = CARTESIAN_POINT('',(0.,0.));
#3518 = VECTOR('',#3519,1.);
#3519 = DIRECTION('',(1.,0.));
#3520 = ( GEOMETRIC_REPRESENTATION_CONTEXT(2) 
PARAMETRIC_REPRESENTATION_CONTEXT() REPRESENTATION_CONTEXT('2D SPACE',''
  ) );
#3521 = ORIENTED_EDGE('',*,*,#3522,.F.);
#3522 = EDGE_CURVE('',#3523,#3500,#3525,.T.);
#3523 = VERTEX_POINT('',#3524);
#3524 = CARTESIAN_POINT('',(67.5,-102.,0.));
#3525 = SURFACE_CURVE('',#3526,(#3530,#3537),.PCURVE_S1.);
#3526 = LINE('',#3527,#3528);
#3527 = CARTESIAN_POINT('',(67.5,-102.,0.));
#3528 = VECTOR('',#3529,1.);
#3529 = DIRECTION('',(0.,0.,1.));
#3530 = PCURVE('',#939,#3531);
#3531 = DEFINITIONAL_REPRESENTATION('',(#3532),#3536);
#3532 = LINE('',#3533,#3534);
#3533 = CARTESIAN_POINT('',(0.,135.));
#3534 = VECTOR('',#3535,1.);
#3535 = DIRECTION('',(1.,0.));
#3536 = ( GEOMETRIC_REPRESENTATION_CONTEXT(2) 
PARAMETRIC_REPRESENTATION_CONTEXT() REPRESENTATION_CONTEXT('2D SPACE',''
  ) );
#3537 = PCURVE('',#3391,#3538);
#3538 = DEFINITIONAL_REPRESENTATION('',(#3539),#3543);
#3539 = LINE('',#3540,#3541);
#3540 = CARTESIAN_POINT('',(0.,0.));
#3541 = VECTOR('',#3542,1.);
#3542 = DIRECTION('',(1.,0.));
#3543 = ( GEOMETRIC_REPRESENTATION_CONTEXT(2) 
PARAMETRIC_REPRESENTATION_CONTEXT() REPRESENTATION_CONTEXT('2D SPACE',''
  ) );
#3544 = ORIENTED_EDGE('',*,*,#3545,.F.);
#3545 = EDGE_CURVE('',#1825,#3523,#3546,.T.);
#3546 = SURFACE_CURVE('',#3547,(#3551,#3558),.PCURVE_S1.);
#3547 = LINE('',#3548,#3549);
#3548 = CARTESIAN_POINT('',(-67.5,-102.,0.));
#3549 = VECTOR('',#3550,1.);
#3550 = DIRECTION('',(1.,0.,-0.));
#3551 = PCURVE('',#939,#3552);
#3552 = DEFINITIONAL_REPRESENTATION('',(#3553),#3557);
#3553 = LINE('',#3554,#3555);
#3554 = CARTESIAN_POINT('',(0.,0.));
#3555 = VECTOR('',#3556,1.);
#3556 = DIRECTION('',(0.,1.));
#3557 = ( GEOMETRIC_REPRESENTATION_CONTEXT(2) 
PARAMETRIC_REPRESENTATION_CONTEXT() REPRESENTATION_CONTEXT('2D SPACE',''
  ) );
#3558 = PCURVE('',#1870,#3559);
#3559 = DEFINITIONAL_REPRESENTATION('',(#3560),#3564);
#3560 = LINE('',#3561,#3562);
#3561 = CARTESIAN_POINT('',(5.,23.));
#3562 = VECTOR('',#3563,1.);
#3563 = DIRECTION('',(1.,0.));
#3564 = ( GEOMETRIC_REPRESENTATION_CONTEXT(2) 
PARAMETRIC_REPRESENTATION_CONTEXT() REPRESENTATION_CONTEXT('2D SPACE',''
  ) );
#3565 = ORIENTED_EDGE('',*,*,#3566,.F.);
#3566 = EDGE_CURVE('',#900,#1825,#3567,.T.);
#3567 = SURFACE_CURVE('',#3568,(#3572,#3579),.PCURVE_S1.);
#3568 = LINE('',#3569,#3570);
#3569 = CARTESIAN_POINT('',(-67.5,-102.,0.));
#3570 = VECTOR('',#3571,1.);
#3571 = DIRECTION('',(1.,0.,-0.));
#3572 = PCURVE('',#939,#3573);
#3573 = DEFINITIONAL_REPRESENTATION('',(#3574),#3578);
#3574 = LINE('',#3575,#3576);
#3575 = CARTESIAN_POINT('',(0.,0.));
#3576 = VECTOR('',#3577,1.);
#3577 = DIRECTION('',(0.,1.));
#3578 = ( GEOMETRIC_REPRESENTATION_CONTEXT(2) 
PARAMETRIC_REPRESENTATION_CONTEXT() REPRESENTATION_CONTEXT('2D SPACE',''
  ) );
#3579 = PCURVE('',#1841,#3580);
#3580 = DEFINITIONAL_REPRESENTATION('',(#3581),#3585);
#3581 = LINE('',#3582,#3583);
#3582 = CARTESIAN_POINT('',(0.,0.));
#3583 = VECTOR('',#3584,1.);
#3584 = DIRECTION('',(1.,0.));
#3585 = ( GEOMETRIC_REPRESENTATION_CONTEXT(2) 
PARAMETRIC_REPRESENTATION_CONTEXT() REPRESENTATION_CONTEXT('2D SPACE',''
  ) );
#3586 = ADVANCED_FACE('',(#3587),#1119,.F.);
#3587 = FACE_BOUND('',#3588,.F.);
#3588 = EDGE_LOOP('',(#3589,#3612,#3613,#3636));
#3589 = ORIENTED_EDGE('',*,*,#3590,.F.);
#3590 = EDGE_CURVE('',#1083,#3591,#3593,.T.);
#3591 = VERTEX_POINT('',#3592);
#3592 = CARTESIAN_POINT('',(72.5,-125.,0.));
#3593 = SURFACE_CURVE('',#3594,(#3598,#3605),.PCURVE_S1.);
#3594 = LINE('',#3595,#3596);
#3595 = CARTESIAN_POINT('',(-72.5,-125.,0.));
#3596 = VECTOR('',#3597,1.);
#3597 = DIRECTION('',(1.,0.,-0.));
#3598 = PCURVE('',#1119,#3599);
#3599 = DEFINITIONAL_REPRESENTATION('',(#3600),#3604);
#3600 = LINE('',#3601,#3602);
#3601 = CARTESIAN_POINT('',(0.,0.));
#3602 = VECTOR('',#3603,1.);
#3603 = DIRECTION('',(0.,1.));
#3604 = ( GEOMETRIC_REPRESENTATION_CONTEXT(2) 
PARAMETRIC_REPRESENTATION_CONTEXT() REPRESENTATION_CONTEXT('2D SPACE',''
  ) );
#3605 = PCURVE('',#1870,#3606);
#3606 = DEFINITIONAL_REPRESENTATION('',(#3607),#3611);
#3607 = LINE('',#3608,#3609);
#3608 = CARTESIAN_POINT('',(0.,0.));
#3609 = VECTOR('',#3610,1.);
#3610 = DIRECTION('',(1.,0.));
#3611 = ( GEOMETRIC_REPRESENTATION_CONTEXT(2) 
PARAMETRIC_REPRESENTATION_CONTEXT() REPRESENTATION_CONTEXT('2D SPACE',''
  ) );
#3612 = ORIENTED_EDGE('',*,*,#1080,.F.);
#3613 = ORIENTED_EDGE('',*,*,#3614,.T.);
#3614 = EDGE_CURVE('',#1081,#3615,#3617,.T.);
#3615 = VERTEX_POINT('',#3616);
#3616 = CARTESIAN_POINT('',(72.5,-125.,72.));
#3617 = SURFACE_CURVE('',#3618,(#3622,#3629),.PCURVE_S1.);
#3618 = LINE('',#3619,#3620);
#3619 = CARTESIAN_POINT('',(-72.5,-125.,72.));
#3620 = VECTOR('',#3621,1.);
#3621 = DIRECTION('',(1.,0.,-0.));
#3622 = PCURVE('',#1119,#3623);
#3623 = DEFINITIONAL_REPRESENTATION('',(#3624),#3628);
#3624 = LINE('',#3625,#3626);
#3625 = CARTESIAN_POINT('',(72.,0.));
#3626 = VECTOR('',#3627,1.);
#3627 = DIRECTION('',(0.,1.));
#3628 = ( GEOMETRIC_REPRESENTATION_CONTEXT(2) 
PARAMETRIC_REPRESENTATION_CONTEXT() REPRESENTATION_CONTEXT('2D SPACE',''
  ) );
#3629 = PCURVE('',#1148,#3630);
#3630 = DEFINITIONAL_REPRESENTATION('',(#3631),#3635);
#3631 = LINE('',#3632,#3633);
#3632 = CARTESIAN_POINT('',(0.,0.));
#3633 = VECTOR('',#3634,1.);
#3634 = DIRECTION('',(1.,0.));
#3635 = ( GEOMETRIC_REPRESENTATION_CONTEXT(2) 
PARAMETRIC_REPRESENTATION_CONTEXT() REPRESENTATION_CONTEXT('2D SPACE',''
  ) );
#3636 = ORIENTED_EDGE('',*,*,#3637,.F.);
#3637 = EDGE_CURVE('',#3591,#3615,#3638,.T.);
#3638 = SURFACE_CURVE('',#3639,(#3643,#3650),.PCURVE_S1.);
#3639 = LINE('',#3640,#3641);
#3640 = CARTESIAN_POINT('',(72.5,-125.,0.));
#3641 = VECTOR('',#3642,1.);
#3642 = DIRECTION('',(0.,0.,1.));
#3643 = PCURVE('',#1119,#3644);
#3644 = DEFINITIONAL_REPRESENTATION('',(#3645),#3649);
#3645 = LINE('',#3646,#3647);
#3646 = CARTESIAN_POINT('',(0.,145.));
#3647 = VECTOR('',#3648,1.);
#3648 = DIRECTION('',(1.,0.));
#3649 = ( GEOMETRIC_REPRESENTATION_CONTEXT(2) 
PARAMETRIC_REPRESENTATION_CONTEXT() REPRESENTATION_CONTEXT('2D SPACE',''
  ) );
#3650 = PCURVE('',#3651,#3656);
#3651 = PLANE('',#3652);
#3652 = AXIS2_PLACEMENT_3D('',#3653,#3654,#3655);
#3653 = CARTESIAN_POINT('',(72.5,-125.,0.));
#3654 = DIRECTION('',(1.,0.,-0.));
#3655 = DIRECTION('',(0.,0.,1.));
#3656 = DEFINITIONAL_REPRESENTATION('',(#3657),#3661);
#3657 = LINE('',#3658,#3659);
#3658 = CARTESIAN_POINT('',(0.,0.));
#3659 = VECTOR('',#3660,1.);
#3660 = DIRECTION('',(1.,0.));
#3661 = ( GEOMETRIC_REPRESENTATION_CONTEXT(2) 
PARAMETRIC_REPRESENTATION_CONTEXT() REPRESENTATION_CONTEXT('2D SPACE',''
  ) );
#3662 = ADVANCED_FACE('',(#3663),#1870,.F.);
#3663 = FACE_BOUND('',#3664,.F.);
#3664 = EDGE_LOOP('',(#3665,#3666,#3667,#3688,#3689,#3690,#3691,#3692,
    #3715));
#3665 = ORIENTED_EDGE('',*,*,#2690,.F.);
#3666 = ORIENTED_EDGE('',*,*,#3403,.T.);
#3667 = ORIENTED_EDGE('',*,*,#3668,.F.);
#3668 = EDGE_CURVE('',#3523,#3376,#3669,.T.);
#3669 = SURFACE_CURVE('',#3670,(#3674,#3681),.PCURVE_S1.);
#3670 = LINE('',#3671,#3672);
#3671 = CARTESIAN_POINT('',(67.5,-102.,0.));
#3672 = VECTOR('',#3673,1.);
#3673 = DIRECTION('',(-0.,1.,0.));
#3674 = PCURVE('',#1870,#3675);
#3675 = DEFINITIONAL_REPRESENTATION('',(#3676),#3680);
#3676 = LINE('',#3677,#3678);
#3677 = CARTESIAN_POINT('',(140.,23.));
#3678 = VECTOR('',#3679,1.);
#3679 = DIRECTION('',(0.,1.));
#3680 = ( GEOMETRIC_REPRESENTATION_CONTEXT(2) 
PARAMETRIC_REPRESENTATION_CONTEXT() REPRESENTATION_CONTEXT('2D SPACE',''
  ) );
#3681 = PCURVE('',#3391,#3682);
#3682 = DEFINITIONAL_REPRESENTATION('',(#3683),#3687);
#3683 = LINE('',#3684,#3685);
#3684 = CARTESIAN_POINT('',(0.,0.));
#3685 = VECTOR('',#3686,1.);
#3686 = DIRECTION('',(0.,-1.));
#3687 = ( GEOMETRIC_REPRESENTATION_CONTEXT(2) 
PARAMETRIC_REPRESENTATION_CONTEXT() REPRESENTATION_CONTEXT('2D SPACE',''
  ) );
#3688 = ORIENTED_EDGE('',*,*,#3545,.F.);
#3689 = ORIENTED_EDGE('',*,*,#1853,.F.);
#3690 = ORIENTED_EDGE('',*,*,#1907,.F.);
#3691 = ORIENTED_EDGE('',*,*,#3590,.T.);
#3692 = ORIENTED_EDGE('',*,*,#3693,.T.);
#3693 = EDGE_CURVE('',#3591,#3694,#3696,.T.);
#3694 = VERTEX_POINT('',#3695);
#3695 = CARTESIAN_POINT('',(72.5,125.,0.));
#3696 = SURFACE_CURVE('',#3697,(#3701,#3708),.PCURVE_S1.);
#3697 = LINE('',#3698,#3699);
#3698 = CARTESIAN_POINT('',(72.5,-125.,0.));
#3699 = VECTOR('',#3700,1.);
#3700 = DIRECTION('',(-0.,1.,0.));
#3701 = PCURVE('',#1870,#3702);
#3702 = DEFINITIONAL_REPRESENTATION('',(#3703),#3707);
#3703 = LINE('',#3704,#3705);
#3704 = CARTESIAN_POINT('',(145.,0.));
#3705 = VECTOR('',#3706,1.);
#3706 = DIRECTION('',(0.,1.));
#3707 = ( GEOMETRIC_REPRESENTATION_CONTEXT(2) 
PARAMETRIC_REPRESENTATION_CONTEXT() REPRESENTATION_CONTEXT('2D SPACE',''
  ) );
#3708 = PCURVE('',#3651,#3709);
#3709 = DEFINITIONAL_REPRESENTATION('',(#3710),#3714);
#3710 = LINE('',#3711,#3712);
#3711 = CARTESIAN_POINT('',(0.,0.));
#3712 = VECTOR('',#3713,1.);
#3713 = DIRECTION('',(0.,-1.));
#3714 = ( GEOMETRIC_REPRESENTATION_CONTEXT(2) 
PARAMETRIC_REPRESENTATION_CONTEXT() REPRESENTATION_CONTEXT('2D SPACE',''
  ) );
#3715 = ORIENTED_EDGE('',*,*,#3716,.F.);
#3716 = EDGE_CURVE('',#2642,#3694,#3717,.T.);
#3717 = SURFACE_CURVE('',#3718,(#3722,#3729),.PCURVE_S1.);
#3718 = LINE('',#3719,#3720);
#3719 = CARTESIAN_POINT('',(-72.5,125.,0.));
#3720 = VECTOR('',#3721,1.);
#3721 = DIRECTION('',(1.,0.,-0.));
#3722 = PCURVE('',#1870,#3723);
#3723 = DEFINITIONAL_REPRESENTATION('',(#3724),#3728);
#3724 = LINE('',#3725,#3726);
#3725 = CARTESIAN_POINT('',(0.,250.));
#3726 = VECTOR('',#3727,1.);
#3727 = DIRECTION('',(1.,0.));
#3728 = ( GEOMETRIC_REPRESENTATION_CONTEXT(2) 
PARAMETRIC_REPRESENTATION_CONTEXT() REPRESENTATION_CONTEXT('2D SPACE',''
  ) );
#3729 = PCURVE('',#2678,#3730);
#3730 = DEFINITIONAL_REPRESENTATION('',(#3731),#3735);
#3731 = LINE('',#3732,#3733);
#3732 = CARTESIAN_POINT('',(0.,0.));
#3733 = VECTOR('',#3734,1.);
#3734 = DIRECTION('',(0.,1.));
#3735 = ( GEOMETRIC_REPRESENTATION_CONTEXT(2) 
PARAMETRIC_REPRESENTATION_CONTEXT() REPRESENTATION_CONTEXT('2D SPACE',''
  ) );
#3736 = ADVANCED_FACE('',(#3737),#1841,.T.);
#3737 = FACE_BOUND('',#3738,.T.);
#3738 = EDGE_LOOP('',(#3739,#3740));
#3739 = ORIENTED_EDGE('',*,*,#1824,.T.);
#3740 = ORIENTED_EDGE('',*,*,#3566,.T.);
#3741 = ADVANCED_FACE('',(#3742,#3835,#3866),#1383,.T.);
#3742 = FACE_BOUND('',#3743,.T.);
#3743 = EDGE_LOOP('',(#3744,#3745,#3746,#3768,#3769,#3792,#3813,#3814));
#3744 = ORIENTED_EDGE('',*,*,#3273,.F.);
#3745 = ORIENTED_EDGE('',*,*,#1767,.F.);
#3746 = ORIENTED_EDGE('',*,*,#3747,.F.);
#3747 = EDGE_CURVE('',#1367,#1496,#3748,.T.);
#3748 = SURFACE_CURVE('',#3749,(#3754,#3761),.PCURVE_S1.);
#3749 = CIRCLE('',#3750,8.961538461538);
#3750 = AXIS2_PLACEMENT_3D('',#3751,#3752,#3753);
#3751 = CARTESIAN_POINT('',(0.,-75.,84.));
#3752 = DIRECTION('',(0.,0.,1.));
#3753 = DIRECTION('',(1.,0.,-0.));
#3754 = PCURVE('',#1383,#3755);
#3755 = DEFINITIONAL_REPRESENTATION('',(#3756),#3760);
#3756 = CIRCLE('',#3757,8.961538461538);
#3757 = AXIS2_PLACEMENT_2D('',#3758,#3759);
#3758 = CARTESIAN_POINT('',(17.,17.5));
#3759 = DIRECTION('',(1.,0.));
#3760 = ( GEOMETRIC_REPRESENTATION_CONTEXT(2) 
PARAMETRIC_REPRESENTATION_CONTEXT() REPRESENTATION_CONTEXT('2D SPACE',''
  ) );
#3761 = PCURVE('',#1459,#3762);
#3762 = DEFINITIONAL_REPRESENTATION('',(#3763),#3767);
#3763 = LINE('',#3764,#3765);
#3764 = CARTESIAN_POINT('',(-0.,-5.));
#3765 = VECTOR('',#3766,1.);
#3766 = DIRECTION('',(-1.,-0.));
#3767 = ( GEOMETRIC_REPRESENTATION_CONTEXT(2) 
PARAMETRIC_REPRESENTATION_CONTEXT() REPRESENTATION_CONTEXT('2D SPACE',''
  ) );
#3768 = ORIENTED_EDGE('',*,*,#1366,.F.);
#3769 = ORIENTED_EDGE('',*,*,#3770,.T.);
#3770 = EDGE_CURVE('',#1333,#3771,#3773,.T.);
#3771 = VERTEX_POINT('',#3772);
#3772 = CARTESIAN_POINT('',(17.,67.5,84.));
#3773 = SURFACE_CURVE('',#3774,(#3778,#3785),.PCURVE_S1.);
#3774 = LINE('',#3775,#3776);
#3775 = CARTESIAN_POINT('',(17.,-92.5,84.));
#3776 = VECTOR('',#3777,1.);
#3777 = DIRECTION('',(-0.,1.,0.));
#3778 = PCURVE('',#1383,#3779);
#3779 = DEFINITIONAL_REPRESENTATION('',(#3780),#3784);
#3780 = LINE('',#3781,#3782);
#3781 = CARTESIAN_POINT('',(34.,0.));
#3782 = VECTOR('',#3783,1.);
#3783 = DIRECTION('',(0.,1.));
#3784 = ( GEOMETRIC_REPRESENTATION_CONTEXT(2) 
PARAMETRIC_REPRESENTATION_CONTEXT() REPRESENTATION_CONTEXT('2D SPACE',''
  ) );
#3785 = PCURVE('',#1354,#3786);
#3786 = DEFINITIONAL_REPRESENTATION('',(#3787),#3791);
#3787 = LINE('',#3788,#3789);
#3788 = CARTESIAN_POINT('',(12.,0.));
#3789 = VECTOR('',#3790,1.);
#3790 = DIRECTION('',(0.,-1.));
#3791 = ( GEOMETRIC_REPRESENTATION_CONTEXT(2) 
PARAMETRIC_REPRESENTATION_CONTEXT() REPRESENTATION_CONTEXT('2D SPACE',''
  ) );
#3792 = ORIENTED_EDGE('',*,*,#3793,.F.);
#3793 = EDGE_CURVE('',#2237,#3771,#3794,.T.);
#3794 = SURFACE_CURVE('',#3795,(#3799,#3806),.PCURVE_S1.);
#3795 = LINE('',#3796,#3797);
#3796 = CARTESIAN_POINT('',(-17.,67.5,84.));
#3797 = VECTOR('',#3798,1.);
#3798 = DIRECTION('',(1.,0.,-0.));
#3799 = PCURVE('',#1383,#3800);
#3800 = DEFINITIONAL_REPRESENTATION('',(#3801),#3805);
#3801 = LINE('',#3802,#3803);
#3802 = CARTESIAN_POINT('',(0.,160.));
#3803 = VECTOR('',#3804,1.);
#3804 = DIRECTION('',(1.,0.));
#3805 = ( GEOMETRIC_REPRESENTATION_CONTEXT(2) 
PARAMETRIC_REPRESENTATION_CONTEXT() REPRESENTATION_CONTEXT('2D SPACE',''
  ) );
#3806 = PCURVE('',#2280,#3807);
#3807 = DEFINITIONAL_REPRESENTATION('',(#3808),#3812);
#3808 = LINE('',#3809,#3810);
#3809 = CARTESIAN_POINT('',(12.,0.));
#3810 = VECTOR('',#3811,1.);
#3811 = DIRECTION('',(0.,1.));
#3812 = ( GEOMETRIC_REPRESENTATION_CONTEXT(2) 
PARAMETRIC_REPRESENTATION_CONTEXT() REPRESENTATION_CONTEXT('2D SPACE',''
  ) );
#3813 = ORIENTED_EDGE('',*,*,#2236,.F.);
#3814 = ORIENTED_EDGE('',*,*,#3815,.F.);
#3815 = EDGE_CURVE('',#3274,#2205,#3816,.T.);
#3816 = SURFACE_CURVE('',#3817,(#3821,#3828),.PCURVE_S1.);
#3817 = LINE('',#3818,#3819);
#3818 = CARTESIAN_POINT('',(-17.,67.5,84.));
#3819 = VECTOR('',#3820,1.);
#3820 = DIRECTION('',(1.,0.,-0.));
#3821 = PCURVE('',#1383,#3822);
#3822 = DEFINITIONAL_REPRESENTATION('',(#3823),#3827);
#3823 = LINE('',#3824,#3825);
#3824 = CARTESIAN_POINT('',(0.,160.));
#3825 = VECTOR('',#3826,1.);
#3826 = DIRECTION('',(1.,0.));
#3827 = ( GEOMETRIC_REPRESENTATION_CONTEXT(2) 
PARAMETRIC_REPRESENTATION_CONTEXT() REPRESENTATION_CONTEXT('2D SPACE',''
  ) );
#3828 = PCURVE('',#2224,#3829);
#3829 = DEFINITIONAL_REPRESENTATION('',(#3830),#3834);
#3830 = LINE('',#3831,#3832);
#3831 = CARTESIAN_POINT('',(12.,0.));
#3832 = VECTOR('',#3833,1.);
#3833 = DIRECTION('',(0.,1.));
#3834 = ( GEOMETRIC_REPRESENTATION_CONTEXT(2) 
PARAMETRIC_REPRESENTATION_CONTEXT() REPRESENTATION_CONTEXT('2D SPACE',''
  ) );
#3835 = FACE_BOUND('',#3836,.T.);
#3836 = EDGE_LOOP('',(#3837));
#3837 = ORIENTED_EDGE('',*,*,#3838,.F.);
#3838 = EDGE_CURVE('',#3839,#3839,#3841,.T.);
#3839 = VERTEX_POINT('',#3840);
#3840 = CARTESIAN_POINT('',(10.576923076923,-25.,84.));
#3841 = SURFACE_CURVE('',#3842,(#3847,#3854),.PCURVE_S1.);
#3842 = CIRCLE('',#3843,10.576923076923);
#3843 = AXIS2_PLACEMENT_3D('',#3844,#3845,#3846);
#3844 = CARTESIAN_POINT('',(0.,-25.,84.));
#3845 = DIRECTION('',(0.,0.,1.));
#3846 = DIRECTION('',(1.,0.,-0.));
#3847 = PCURVE('',#1383,#3848);
#3848 = DEFINITIONAL_REPRESENTATION('',(#3849),#3853);
#3849 = CIRCLE('',#3850,10.576923076923);
#3850 = AXIS2_PLACEMENT_2D('',#3851,#3852);
#3851 = CARTESIAN_POINT('',(17.,67.5));
#3852 = DIRECTION('',(1.,0.));
#3853 = ( GEOMETRIC_REPRESENTATION_CONTEXT(2) 
PARAMETRIC_REPRESENTATION_CONTEXT() REPRESENTATION_CONTEXT('2D SPACE',''
  ) );
#3854 = PCURVE('',#3855,#3860);
#3855 = CONICAL_SURFACE('',#3856,13.,0.679413805408);
#3856 = AXIS2_PLACEMENT_3D('',#3857,#3858,#3859);
#3857 = CARTESIAN_POINT('',(0.,-25.,81.));
#3858 = DIRECTION('',(-0.,-0.,-1.));
#3859 = DIRECTION('',(1.,0.,-0.));
#3860 = DEFINITIONAL_REPRESENTATION('',(#3861),#3865);
#3861 = LINE('',#3862,#3863);
#3862 = CARTESIAN_POINT('',(-0.,-3.));
#3863 = VECTOR('',#3864,1.);
#3864 = DIRECTION('',(-1.,-0.));
#3865 = ( GEOMETRIC_REPRESENTATION_CONTEXT(2) 
PARAMETRIC_REPRESENTATION_CONTEXT() REPRESENTATION_CONTEXT('2D SPACE',''
  ) );
#3866 = FACE_BOUND('',#3867,.T.);
#3867 = EDGE_LOOP('',(#3868));
#3868 = ORIENTED_EDGE('',*,*,#3869,.F.);
#3869 = EDGE_CURVE('',#3870,#3870,#3872,.T.);
#3870 = VERTEX_POINT('',#3871);
#3871 = CARTESIAN_POINT('',(10.576923076923,25.,84.));
#3872 = SURFACE_CURVE('',#3873,(#3878,#3885),.PCURVE_S1.);
#3873 = CIRCLE('',#3874,10.576923076923);
#3874 = AXIS2_PLACEMENT_3D('',#3875,#3876,#3877);
#3875 = CARTESIAN_POINT('',(0.,25.,84.));
#3876 = DIRECTION('',(0.,0.,1.));
#3877 = DIRECTION('',(1.,0.,-0.));
#3878 = PCURVE('',#1383,#3879);
#3879 = DEFINITIONAL_REPRESENTATION('',(#3880),#3884);
#3880 = CIRCLE('',#3881,10.576923076923);
#3881 = AXIS2_PLACEMENT_2D('',#3882,#3883);
#3882 = CARTESIAN_POINT('',(17.,117.5));
#3883 = DIRECTION('',(1.,0.));
#3884 = ( GEOMETRIC_REPRESENTATION_CONTEXT(2) 
PARAMETRIC_REPRESENTATION_CONTEXT() REPRESENTATION_CONTEXT('2D SPACE',''
  ) );
#3885 = PCURVE('',#3886,#3891);
#3886 = CONICAL_SURFACE('',#3887,13.,0.679413805408);
#3887 = AXIS2_PLACEMENT_3D('',#3888,#3889,#3890);
#3888 = CARTESIAN_POINT('',(0.,25.,81.));
#3889 = DIRECTION('',(-0.,-0.,-1.));
#3890 = DIRECTION('',(1.,0.,-0.));
#3891 = DEFINITIONAL_REPRESENTATION('',(#3892),#3896);
#3892 = LINE('',#3893,#3894);
#3893 = CARTESIAN_POINT('',(-0.,-3.));
#3894 = VECTOR('',#3895,1.);
#3895 = DIRECTION('',(-1.,-0.));
#3896 = ( GEOMETRIC_REPRESENTATION_CONTEXT(2) 
PARAMETRIC_REPRESENTATION_CONTEXT() REPRESENTATION_CONTEXT('2D SPACE',''
  ) );
#3897 = ADVANCED_FACE('',(#3898),#1459,.T.);
#3898 = FACE_BOUND('',#3899,.T.);
#3899 = EDGE_LOOP('',(#3900,#3923,#3950,#3951,#3952,#3953));
#3900 = ORIENTED_EDGE('',*,*,#3901,.T.);
#3901 = EDGE_CURVE('',#1396,#3902,#3904,.T.);
#3902 = VERTEX_POINT('',#3903);
#3903 = CARTESIAN_POINT('',(2.5,-75.,92.));
#3904 = SEAM_CURVE('',#3905,(#3909,#3916),.PCURVE_S1.);
#3905 = LINE('',#3906,#3907);
#3906 = CARTESIAN_POINT('',(13.,-75.,79.));
#3907 = VECTOR('',#3908,1.);
#3908 = DIRECTION('',(-0.628337107088,1.538982053961E-16,0.777941180204)
  );
#3909 = PCURVE('',#1459,#3910);
#3910 = DEFINITIONAL_REPRESENTATION('',(#3911),#3915);
#3911 = LINE('',#3912,#3913);
#3912 = CARTESIAN_POINT('',(-6.28318530718,0.));
#3913 = VECTOR('',#3914,1.);
#3914 = DIRECTION('',(-0.,-1.));
#3915 = ( GEOMETRIC_REPRESENTATION_CONTEXT(2) 
PARAMETRIC_REPRESENTATION_CONTEXT() REPRESENTATION_CONTEXT('2D SPACE',''
  ) );
#3916 = PCURVE('',#1459,#3917);
#3917 = DEFINITIONAL_REPRESENTATION('',(#3918),#3922);
#3918 = LINE('',#3919,#3920);
#3919 = CARTESIAN_POINT('',(0.,-0.));
#3920 = VECTOR('',#3921,1.);
#3921 = DIRECTION('',(-0.,-1.));
#3922 = ( GEOMETRIC_REPRESENTATION_CONTEXT(2) 
PARAMETRIC_REPRESENTATION_CONTEXT() REPRESENTATION_CONTEXT('2D SPACE',''
  ) );
#3923 = ORIENTED_EDGE('',*,*,#3924,.F.);
#3924 = EDGE_CURVE('',#3902,#3902,#3925,.T.);
#3925 = SURFACE_CURVE('',#3926,(#3931,#3938),.PCURVE_S1.);
#3926 = CIRCLE('',#3927,2.5);
#3927 = AXIS2_PLACEMENT_3D('',#3928,#3929,#3930);
#3928 = CARTESIAN_POINT('',(0.,-75.,92.));
#3929 = DIRECTION('',(0.,0.,1.));
#3930 = DIRECTION('',(1.,0.,-0.));
#3931 = PCURVE('',#1459,#3932);
#3932 = DEFINITIONAL_REPRESENTATION('',(#3933),#3937);
#3933 = LINE('',#3934,#3935);
#3934 = CARTESIAN_POINT('',(-0.,-13.));
#3935 = VECTOR('',#3936,1.);
#3936 = DIRECTION('',(-1.,-0.));
#3937 = ( GEOMETRIC_REPRESENTATION_CONTEXT(2) 
PARAMETRIC_REPRESENTATION_CONTEXT() REPRESENTATION_CONTEXT('2D SPACE',''
  ) );
#3938 = PCURVE('',#3939,#3944);
#3939 = PLANE('',#3940);
#3940 = AXIS2_PLACEMENT_3D('',#3941,#3942,#3943);
#3941 = CARTESIAN_POINT('',(0.,-75.,92.));
#3942 = DIRECTION('',(0.,0.,1.));
#3943 = DIRECTION('',(1.,0.,-0.));
#3944 = DEFINITIONAL_REPRESENTATION('',(#3945),#3949);
#3945 = CIRCLE('',#3946,2.5);
#3946 = AXIS2_PLACEMENT_2D('',#3947,#3948);
#3947 = CARTESIAN_POINT('',(0.,0.));
#3948 = DIRECTION('',(1.,0.));
#3949 = ( GEOMETRIC_REPRESENTATION_CONTEXT(2) 
PARAMETRIC_REPRESENTATION_CONTEXT() REPRESENTATION_CONTEXT('2D SPACE',''
  ) );
#3950 = ORIENTED_EDGE('',*,*,#3901,.F.);
#3951 = ORIENTED_EDGE('',*,*,#1395,.T.);
#3952 = ORIENTED_EDGE('',*,*,#3747,.T.);
#3953 = ORIENTED_EDGE('',*,*,#1495,.T.);
#3954 = ADVANCED_FACE('',(#3955),#1354,.T.);
#3955 = FACE_BOUND('',#3956,.T.);
#3956 = EDGE_LOOP('',(#3957,#3958,#3959,#3980,#3981));
#3957 = ORIENTED_EDGE('',*,*,#3770,.F.);
#3958 = ORIENTED_EDGE('',*,*,#1332,.F.);
#3959 = ORIENTED_EDGE('',*,*,#3960,.T.);
#3960 = EDGE_CURVE('',#1304,#2293,#3961,.T.);
#3961 = SURFACE_CURVE('',#3962,(#3966,#3973),.PCURVE_S1.);
#3962 = LINE('',#3963,#3964);
#3963 = CARTESIAN_POINT('',(17.,-92.5,72.));
#3964 = VECTOR('',#3965,1.);
#3965 = DIRECTION('',(-0.,1.,0.));
#3966 = PCURVE('',#1354,#3967);
#3967 = DEFINITIONAL_REPRESENTATION('',(#3968),#3972);
#3968 = LINE('',#3969,#3970);
#3969 = CARTESIAN_POINT('',(0.,0.));
#3970 = VECTOR('',#3971,1.);
#3971 = DIRECTION('',(0.,-1.));
#3972 = ( GEOMETRIC_REPRESENTATION_CONTEXT(2) 
PARAMETRIC_REPRESENTATION_CONTEXT() REPRESENTATION_CONTEXT('2D SPACE',''
  ) );
#3973 = PCURVE('',#1320,#3974);
#3974 = DEFINITIONAL_REPRESENTATION('',(#3975),#3979);
#3975 = LINE('',#3976,#3977);
#3976 = CARTESIAN_POINT('',(89.5,32.5));
#3977 = VECTOR('',#3978,1.);
#3978 = DIRECTION('',(0.,1.));
#3979 = ( GEOMETRIC_REPRESENTATION_CONTEXT(2) 
PARAMETRIC_REPRESENTATION_CONTEXT() REPRESENTATION_CONTEXT('2D SPACE',''
  ) );
#3980 = ORIENTED_EDGE('',*,*,#2292,.F.);
#3981 = ORIENTED_EDGE('',*,*,#3982,.T.);
#3982 = EDGE_CURVE('',#2261,#3771,#3983,.T.);
#3983 = SURFACE_CURVE('',#3984,(#3988,#3995),.PCURVE_S1.);
#3984 = LINE('',#3985,#3986);
#3985 = CARTESIAN_POINT('',(17.,67.5,72.));
#3986 = VECTOR('',#3987,1.);
#3987 = DIRECTION('',(0.,0.,1.));
#3988 = PCURVE('',#1354,#3989);
#3989 = DEFINITIONAL_REPRESENTATION('',(#3990),#3994);
#3990 = LINE('',#3991,#3992);
#3991 = CARTESIAN_POINT('',(0.,-160.));
#3992 = VECTOR('',#3993,1.);
#3993 = DIRECTION('',(1.,0.));
#3994 = ( GEOMETRIC_REPRESENTATION_CONTEXT(2) 
PARAMETRIC_REPRESENTATION_CONTEXT() REPRESENTATION_CONTEXT('2D SPACE',''
  ) );
#3995 = PCURVE('',#2280,#3996);
#3996 = DEFINITIONAL_REPRESENTATION('',(#3997),#4001);
#3997 = LINE('',#3998,#3999);
#3998 = CARTESIAN_POINT('',(0.,34.));
#3999 = VECTOR('',#4000,1.);
#4000 = DIRECTION('',(1.,0.));
#4001 = ( GEOMETRIC_REPRESENTATION_CONTEXT(2) 
PARAMETRIC_REPRESENTATION_CONTEXT() REPRESENTATION_CONTEXT('2D SPACE',''
  ) );
#4002 = ADVANCED_FACE('',(#4003),#1320,.T.);
#4003 = FACE_BOUND('',#4004,.T.);
#4004 = EDGE_LOOP('',(#4005,#4006,#4007,#4008,#4032,#4055,#4076,#4077,
    #4078,#4102));
#4005 = ORIENTED_EDGE('',*,*,#2321,.F.);
#4006 = ORIENTED_EDGE('',*,*,#3960,.F.);
#4007 = ORIENTED_EDGE('',*,*,#1303,.F.);
#4008 = ORIENTED_EDGE('',*,*,#4009,.F.);
#4009 = EDGE_CURVE('',#4010,#1210,#4012,.T.);
#4010 = VERTEX_POINT('',#4011);
#4011 = CARTESIAN_POINT('',(72.5,-66.52002358493,72.));
#4012 = SURFACE_CURVE('',#4013,(#4018,#4025),.PCURVE_S1.);
#4013 = CIRCLE('',#4014,22.);
#4014 = AXIS2_PLACEMENT_3D('',#4015,#4016,#4017);
#4015 = CARTESIAN_POINT('',(52.2,-75.,72.));
#4016 = DIRECTION('',(0.,0.,1.));
#4017 = DIRECTION('',(1.,0.,-0.));
#4018 = PCURVE('',#1320,#4019);
#4019 = DEFINITIONAL_REPRESENTATION('',(#4020),#4024);
#4020 = CIRCLE('',#4021,22.);
#4021 = AXIS2_PLACEMENT_2D('',#4022,#4023);
#4022 = CARTESIAN_POINT('',(124.7,50.));
#4023 = DIRECTION('',(1.,0.));
#4024 = ( GEOMETRIC_REPRESENTATION_CONTEXT(2) 
PARAMETRIC_REPRESENTATION_CONTEXT() REPRESENTATION_CONTEXT('2D SPACE',''
  ) );
#4025 = PCURVE('',#1258,#4026);
#4026 = DEFINITIONAL_REPRESENTATION('',(#4027),#4031);
#4027 = LINE('',#4028,#4029);
#4028 = CARTESIAN_POINT('',(0.,0.));
#4029 = VECTOR('',#4030,1.);
#4030 = DIRECTION('',(1.,0.));
#4031 = ( GEOMETRIC_REPRESENTATION_CONTEXT(2) 
PARAMETRIC_REPRESENTATION_CONTEXT() REPRESENTATION_CONTEXT('2D SPACE',''
  ) );
#4032 = ORIENTED_EDGE('',*,*,#4033,.T.);
#4033 = EDGE_CURVE('',#4010,#4034,#4036,.T.);
#4034 = VERTEX_POINT('',#4035);
#4035 = CARTESIAN_POINT('',(72.5,125.,72.));
#4036 = SURFACE_CURVE('',#4037,(#4041,#4048),.PCURVE_S1.);
#4037 = LINE('',#4038,#4039);
#4038 = CARTESIAN_POINT('',(72.5,-125.,72.));
#4039 = VECTOR('',#4040,1.);
#4040 = DIRECTION('',(-0.,1.,0.));
#4041 = PCURVE('',#1320,#4042);
#4042 = DEFINITIONAL_REPRESENTATION('',(#4043),#4047);
#4043 = LINE('',#4044,#4045);
#4044 = CARTESIAN_POINT('',(145.,0.));
#4045 = VECTOR('',#4046,1.);
#4046 = DIRECTION('',(0.,1.));
#4047 = ( GEOMETRIC_REPRESENTATION_CONTEXT(2) 
PARAMETRIC_REPRESENTATION_CONTEXT() REPRESENTATION_CONTEXT('2D SPACE',''
  ) );
#4048 = PCURVE('',#3651,#4049);
#4049 = DEFINITIONAL_REPRESENTATION('',(#4050),#4054);
#4050 = LINE('',#4051,#4052);
#4051 = CARTESIAN_POINT('',(72.,0.));
#4052 = VECTOR('',#4053,1.);
#4053 = DIRECTION('',(0.,-1.));
#4054 = ( GEOMETRIC_REPRESENTATION_CONTEXT(2) 
PARAMETRIC_REPRESENTATION_CONTEXT() REPRESENTATION_CONTEXT('2D SPACE',''
  ) );
#4055 = ORIENTED_EDGE('',*,*,#4056,.F.);
#4056 = EDGE_CURVE('',#2618,#4034,#4057,.T.);
#4057 = SURFACE_CURVE('',#4058,(#4062,#4069),.PCURVE_S1.);
#4058 = LINE('',#4059,#4060);
#4059 = CARTESIAN_POINT('',(-72.5,125.,72.));
#4060 = VECTOR('',#4061,1.);
#4061 = DIRECTION('',(1.,0.,-0.));
#4062 = PCURVE('',#1320,#4063);
#4063 = DEFINITIONAL_REPRESENTATION('',(#4064),#4068);
#4064 = LINE('',#4065,#4066);
#4065 = CARTESIAN_POINT('',(0.,250.));
#4066 = VECTOR('',#4067,1.);
#4067 = DIRECTION('',(1.,0.));
#4068 = ( GEOMETRIC_REPRESENTATION_CONTEXT(2) 
PARAMETRIC_REPRESENTATION_CONTEXT() REPRESENTATION_CONTEXT('2D SPACE',''
  ) );
#4069 = PCURVE('',#2678,#4070);
#4070 = DEFINITIONAL_REPRESENTATION('',(#4071),#4075);
#4071 = LINE('',#4072,#4073);
#4072 = CARTESIAN_POINT('',(72.,0.));
#4073 = VECTOR('',#4074,1.);
#4074 = DIRECTION('',(0.,1.));
#4075 = ( GEOMETRIC_REPRESENTATION_CONTEXT(2) 
PARAMETRIC_REPRESENTATION_CONTEXT() REPRESENTATION_CONTEXT('2D SPACE',''
  ) );
#4076 = ORIENTED_EDGE('',*,*,#2617,.F.);
#4077 = ORIENTED_EDGE('',*,*,#2568,.F.);
#4078 = ORIENTED_EDGE('',*,*,#4079,.F.);
#4079 = EDGE_CURVE('',#4080,#2346,#4082,.T.);
#4080 = VERTEX_POINT('',#4081);
#4081 = CARTESIAN_POINT('',(63.3,70.,72.));
#4082 = SURFACE_CURVE('',#4083,(#4088,#4095),.PCURVE_S1.);
#4083 = CIRCLE('',#4084,14.);
#4084 = AXIS2_PLACEMENT_3D('',#4085,#4086,#4087);
#4085 = CARTESIAN_POINT('',(49.3,70.,72.));
#4086 = DIRECTION('',(0.,0.,1.));
#4087 = DIRECTION('',(1.,0.,-0.));
#4088 = PCURVE('',#1320,#4089);
#4089 = DEFINITIONAL_REPRESENTATION('',(#4090),#4094);
#4090 = CIRCLE('',#4091,14.);
#4091 = AXIS2_PLACEMENT_2D('',#4092,#4093);
#4092 = CARTESIAN_POINT('',(121.8,195.));
#4093 = DIRECTION('',(1.,0.));
#4094 = ( GEOMETRIC_REPRESENTATION_CONTEXT(2) 
PARAMETRIC_REPRESENTATION_CONTEXT() REPRESENTATION_CONTEXT('2D SPACE',''
  ) );
#4095 = PCURVE('',#2491,#4096);
#4096 = DEFINITIONAL_REPRESENTATION('',(#4097),#4101);
#4097 = LINE('',#4098,#4099);
#4098 = CARTESIAN_POINT('',(0.,2.));
#4099 = VECTOR('',#4100,1.);
#4100 = DIRECTION('',(1.,0.));
#4101 = ( GEOMETRIC_REPRESENTATION_CONTEXT(2) 
PARAMETRIC_REPRESENTATION_CONTEXT() REPRESENTATION_CONTEXT('2D SPACE',''
  ) );
#4102 = ORIENTED_EDGE('',*,*,#4103,.F.);
#4103 = EDGE_CURVE('',#2322,#4080,#4104,.T.);
#4104 = SURFACE_CURVE('',#4105,(#4110,#4117),.PCURVE_S1.);
#4105 = CIRCLE('',#4106,14.);
#4106 = AXIS2_PLACEMENT_3D('',#4107,#4108,#4109);
#4107 = CARTESIAN_POINT('',(49.3,70.,72.));
#4108 = DIRECTION('',(0.,0.,1.));
#4109 = DIRECTION('',(1.,0.,-0.));
#4110 = PCURVE('',#1320,#4111);
#4111 = DEFINITIONAL_REPRESENTATION('',(#4112),#4116);
#4112 = CIRCLE('',#4113,14.);
#4113 = AXIS2_PLACEMENT_2D('',#4114,#4115);
#4114 = CARTESIAN_POINT('',(121.8,195.));
#4115 = DIRECTION('',(1.,0.));
#4116 = ( GEOMETRIC_REPRESENTATION_CONTEXT(2) 
PARAMETRIC_REPRESENTATION_CONTEXT() REPRESENTATION_CONTEXT('2D SPACE',''
  ) );
#4117 = PCURVE('',#2491,#4118);
#4118 = DEFINITIONAL_REPRESENTATION('',(#4119),#4123);
#4119 = LINE('',#4120,#4121);
#4120 = CARTESIAN_POINT('',(0.,2.));
#4121 = VECTOR('',#4122,1.);
#4122 = DIRECTION('',(1.,0.));
#4123 = ( GEOMETRIC_REPRESENTATION_CONTEXT(2) 
PARAMETRIC_REPRESENTATION_CONTEXT() REPRESENTATION_CONTEXT('2D SPACE',''
  ) );
#4124 = ADVANCED_FACE('',(#4125),#1258,.T.);
#4125 = FACE_BOUND('',#4126,.T.);
#4126 = EDGE_LOOP('',(#4127,#4153,#4154,#4189,#4190,#4191,#4215));
#4127 = ORIENTED_EDGE('',*,*,#4128,.T.);
#4128 = EDGE_CURVE('',#4129,#4131,#4133,.T.);
#4129 = VERTEX_POINT('',#4130);
#4130 = CARTESIAN_POINT('',(72.5,-75.,63.520023584938));
#4131 = VERTEX_POINT('',#4132);
#4132 = CARTESIAN_POINT('',(52.2,-75.,94.));
#4133 = SEAM_CURVE('',#4134,(#4139,#4146),.PCURVE_S1.);
#4134 = CIRCLE('',#4135,22.);
#4135 = AXIS2_PLACEMENT_3D('',#4136,#4137,#4138);
#4136 = CARTESIAN_POINT('',(52.2,-75.,72.));
#4137 = DIRECTION('',(-2.449293598295E-16,-1.,0.));
#4138 = DIRECTION('',(1.,-2.449293598295E-16,0.));
#4139 = PCURVE('',#1258,#4140);
#4140 = DEFINITIONAL_REPRESENTATION('',(#4141),#4145);
#4141 = LINE('',#4142,#4143);
#4142 = CARTESIAN_POINT('',(6.28318530718,-6.28318530718));
#4143 = VECTOR('',#4144,1.);
#4144 = DIRECTION('',(0.,1.));
#4145 = ( GEOMETRIC_REPRESENTATION_CONTEXT(2) 
PARAMETRIC_REPRESENTATION_CONTEXT() REPRESENTATION_CONTEXT('2D SPACE',''
  ) );
#4146 = PCURVE('',#1258,#4147);
#4147 = DEFINITIONAL_REPRESENTATION('',(#4148),#4152);
#4148 = LINE('',#4149,#4150);
#4149 = CARTESIAN_POINT('',(0.,-6.28318530718));
#4150 = VECTOR('',#4151,1.);
#4151 = DIRECTION('',(0.,1.));
#4152 = ( GEOMETRIC_REPRESENTATION_CONTEXT(2) 
PARAMETRIC_REPRESENTATION_CONTEXT() REPRESENTATION_CONTEXT('2D SPACE',''
  ) );
#4153 = ORIENTED_EDGE('',*,*,#4128,.F.);
#4154 = ORIENTED_EDGE('',*,*,#4155,.T.);
#4155 = EDGE_CURVE('',#4129,#4010,#4156,.T.);
#4156 = SURFACE_CURVE('',#4157,(#4162,#4182),.PCURVE_S1.);
#4157 = CIRCLE('',#4158,8.479976415062);
#4158 = AXIS2_PLACEMENT_3D('',#4159,#4160,#4161);
#4159 = CARTESIAN_POINT('',(72.5,-75.,72.));
#4160 = DIRECTION('',(1.,0.,-0.));
#4161 = DIRECTION('',(0.,0.,1.));
#4162 = PCURVE('',#1258,#4163);
#4163 = DEFINITIONAL_REPRESENTATION('',(#4164),#4181);
#4164 = B_SPLINE_CURVE_WITH_KNOTS('',8,(#4165,#4166,#4167,#4168,#4169,
    #4170,#4171,#4172,#4173,#4174,#4175,#4176,#4177,#4178,#4179,#4180),
  .UNSPECIFIED.,.F.,.F.,(9,7,9),(3.14159265359,3.926990816987,
    4.712388980385),.UNSPECIFIED.);
#4165 = CARTESIAN_POINT('',(0.,-0.395699221156));
#4166 = CARTESIAN_POINT('',(4.101082451997E-02,-0.395699221156));
#4167 = CARTESIAN_POINT('',(8.202163098585E-02,-0.391097799945));
#4168 = CARTESIAN_POINT('',(0.122220032556,-0.381895117992));
#4169 = CARTESIAN_POINT('',(0.160792984049,-0.368234612745));
#4170 = CARTESIAN_POINT('',(0.19702575664,-0.350406622873));
#4171 = CARTESIAN_POINT('',(0.230397817188,-0.328801701008));
#4172 = CARTESIAN_POINT('',(0.260542570042,-0.303860544616));
#4173 = CARTESIAN_POINT('',(0.313886368751,-0.248238273318));
#4174 = CARTESIAN_POINT('',(0.337085464439,-0.217557155881));
#4175 = CARTESIAN_POINT('',(0.356565410042,-0.184472089176));
#4176 = CARTESIAN_POINT('',(0.372201709334,-0.149474419859));
#4177 = CARTESIAN_POINT('',(0.383945741516,-0.113052194055));
#4178 = CARTESIAN_POINT('',(0.391781530652,-7.568361906573E-02));
#4179 = CARTESIAN_POINT('',(0.395699221156,-3.784180626161E-02));
#4180 = CARTESIAN_POINT('',(0.395699221156,0.));
#4181 = ( GEOMETRIC_REPRESENTATION_CONTEXT(2) 
PARAMETRIC_REPRESENTATION_CONTEXT() REPRESENTATION_CONTEXT('2D SPACE',''
  ) );
#4182 = PCURVE('',#3651,#4183);
#4183 = DEFINITIONAL_REPRESENTATION('',(#4184),#4188);
#4184 = CIRCLE('',#4185,8.479976415062);
#4185 = AXIS2_PLACEMENT_2D('',#4186,#4187);
#4186 = CARTESIAN_POINT('',(72.,-50.));
#4187 = DIRECTION('',(1.,0.));
#4188 = ( GEOMETRIC_REPRESENTATION_CONTEXT(2) 
PARAMETRIC_REPRESENTATION_CONTEXT() REPRESENTATION_CONTEXT('2D SPACE',''
  ) );
#4189 = ORIENTED_EDGE('',*,*,#4009,.T.);
#4190 = ORIENTED_EDGE('',*,*,#1209,.F.);
#4191 = ORIENTED_EDGE('',*,*,#4192,.T.);
#4192 = EDGE_CURVE('',#1186,#4193,#4195,.T.);
#4193 = VERTEX_POINT('',#4194);
#4194 = CARTESIAN_POINT('',(72.5,-83.47997641506,72.));
#4195 = SURFACE_CURVE('',#4196,(#4201,#4208),.PCURVE_S1.);
#4196 = CIRCLE('',#4197,22.);
#4197 = AXIS2_PLACEMENT_3D('',#4198,#4199,#4200);
#4198 = CARTESIAN_POINT('',(52.2,-75.,72.));
#4199 = DIRECTION('',(0.,0.,1.));
#4200 = DIRECTION('',(1.,0.,-0.));
#4201 = PCURVE('',#1258,#4202);
#4202 = DEFINITIONAL_REPRESENTATION('',(#4203),#4207);
#4203 = LINE('',#4204,#4205);
#4204 = CARTESIAN_POINT('',(0.,0.));
#4205 = VECTOR('',#4206,1.);
#4206 = DIRECTION('',(1.,0.));
#4207 = ( GEOMETRIC_REPRESENTATION_CONTEXT(2) 
PARAMETRIC_REPRESENTATION_CONTEXT() REPRESENTATION_CONTEXT('2D SPACE',''
  ) );
#4208 = PCURVE('',#1148,#4209);
#4209 = DEFINITIONAL_REPRESENTATION('',(#4210),#4214);
#4210 = CIRCLE('',#4211,22.);
#4211 = AXIS2_PLACEMENT_2D('',#4212,#4213);
#4212 = CARTESIAN_POINT('',(124.7,50.));
#4213 = DIRECTION('',(1.,0.));
#4214 = ( GEOMETRIC_REPRESENTATION_CONTEXT(2) 
PARAMETRIC_REPRESENTATION_CONTEXT() REPRESENTATION_CONTEXT('2D SPACE',''
  ) );
#4215 = ORIENTED_EDGE('',*,*,#4216,.T.);
#4216 = EDGE_CURVE('',#4193,#4129,#4217,.T.);
#4217 = SURFACE_CURVE('',#4218,(#4223,#4243),.PCURVE_S1.);
#4218 = CIRCLE('',#4219,8.479976415062);
#4219 = AXIS2_PLACEMENT_3D('',#4220,#4221,#4222);
#4220 = CARTESIAN_POINT('',(72.5,-75.,72.));
#4221 = DIRECTION('',(1.,0.,-0.));
#4222 = DIRECTION('',(0.,0.,1.));
#4223 = PCURVE('',#1258,#4224);
#4224 = DEFINITIONAL_REPRESENTATION('',(#4225),#4242);
#4225 = B_SPLINE_CURVE_WITH_KNOTS('',8,(#4226,#4227,#4228,#4229,#4230,
    #4231,#4232,#4233,#4234,#4235,#4236,#4237,#4238,#4239,#4240,#4241),
  .UNSPECIFIED.,.F.,.F.,(9,7,9),(1.570796326795,2.356194490192,
    3.14159265359),.UNSPECIFIED.);
#4226 = CARTESIAN_POINT('',(5.887486086024,0.));
#4227 = CARTESIAN_POINT('',(5.887486086024,-3.784180626161E-02));
#4228 = CARTESIAN_POINT('',(5.891403776528,-7.568361906573E-02));
#4229 = CARTESIAN_POINT('',(5.899239565664,-0.113052194055));
#4230 = CARTESIAN_POINT('',(5.910983597845,-0.149474419859));
#4231 = CARTESIAN_POINT('',(5.926619897138,-0.184472089176));
#4232 = CARTESIAN_POINT('',(5.946099842741,-0.217557155881));
#4233 = CARTESIAN_POINT('',(5.969298938428,-0.248238273318));
#4234 = CARTESIAN_POINT('',(6.022642737138,-0.303860544616));
#4235 = CARTESIAN_POINT('',(6.052787489992,-0.328801701008));
#4236 = CARTESIAN_POINT('',(6.086159550539,-0.350406622875));
#4237 = CARTESIAN_POINT('',(6.12239232313,-0.368234612743));
#4238 = CARTESIAN_POINT('',(6.160965274623,-0.381895117995));
#4239 = CARTESIAN_POINT('',(6.201163676194,-0.391097799944));
#4240 = CARTESIAN_POINT('',(6.24217448266,-0.395699221156));
#4241 = CARTESIAN_POINT('',(6.28318530718,-0.395699221156));
#4242 = ( GEOMETRIC_REPRESENTATION_CONTEXT(2) 
PARAMETRIC_REPRESENTATION_CONTEXT() REPRESENTATION_CONTEXT('2D SPACE',''
  ) );
#4243 = PCURVE('',#3651,#4244);
#4244 = DEFINITIONAL_REPRESENTATION('',(#4245),#4249);
#4245 = CIRCLE('',#4246,8.479976415062);
#4246 = AXIS2_PLACEMENT_2D('',#4247,#4248);
#4247 = CARTESIAN_POINT('',(72.,-50.));
#4248 = DIRECTION('',(1.,0.));
#4249 = ( GEOMETRIC_REPRESENTATION_CONTEXT(2) 
PARAMETRIC_REPRESENTATION_CONTEXT() REPRESENTATION_CONTEXT('2D SPACE',''
  ) );
#4250 = ADVANCED_FACE('',(#4251),#1148,.T.);
#4251 = FACE_BOUND('',#4252,.T.);
#4252 = EDGE_LOOP('',(#4253,#4254,#4255,#4256,#4257));
#4253 = ORIENTED_EDGE('',*,*,#4192,.F.);
#4254 = ORIENTED_EDGE('',*,*,#1185,.F.);
#4255 = ORIENTED_EDGE('',*,*,#1131,.F.);
#4256 = ORIENTED_EDGE('',*,*,#3614,.T.);
#4257 = ORIENTED_EDGE('',*,*,#4258,.T.);
#4258 = EDGE_CURVE('',#3615,#4193,#4259,.T.);
#4259 = SURFACE_CURVE('',#4260,(#4264,#4271),.PCURVE_S1.);
#4260 = LINE('',#4261,#4262);
#4261 = CARTESIAN_POINT('',(72.5,-125.,72.));
#4262 = VECTOR('',#4263,1.);
#4263 = DIRECTION('',(-0.,1.,0.));
#4264 = PCURVE('',#1148,#4265);
#4265 = DEFINITIONAL_REPRESENTATION('',(#4266),#4270);
#4266 = LINE('',#4267,#4268);
#4267 = CARTESIAN_POINT('',(145.,0.));
#4268 = VECTOR('',#4269,1.);
#4269 = DIRECTION('',(0.,1.));
#4270 = ( GEOMETRIC_REPRESENTATION_CONTEXT(2) 
PARAMETRIC_REPRESENTATION_CONTEXT() REPRESENTATION_CONTEXT('2D SPACE',''
  ) );
#4271 = PCURVE('',#3651,#4272);
#4272 = DEFINITIONAL_REPRESENTATION('',(#4273),#4277);
#4273 = LINE('',#4274,#4275);
#4274 = CARTESIAN_POINT('',(72.,0.));
#4275 = VECTOR('',#4276,1.);
#4276 = DIRECTION('',(0.,-1.));
#4277 = ( GEOMETRIC_REPRESENTATION_CONTEXT(2) 
PARAMETRIC_REPRESENTATION_CONTEXT() REPRESENTATION_CONTEXT('2D SPACE',''
  ) );
#4278 = ADVANCED_FACE('',(#4279),#2731,.T.);
#4279 = FACE_BOUND('',#4280,.T.);
#4280 = EDGE_LOOP('',(#4281,#4282,#4283));
#4281 = ORIENTED_EDGE('',*,*,#3424,.F.);
#4282 = ORIENTED_EDGE('',*,*,#2768,.T.);
#4283 = ORIENTED_EDGE('',*,*,#2714,.T.);
#4284 = ADVANCED_FACE('',(#4285),#2678,.T.);
#4285 = FACE_BOUND('',#4286,.T.);
#4286 = EDGE_LOOP('',(#4287,#4288,#4289,#4290));
#4287 = ORIENTED_EDGE('',*,*,#3716,.F.);
#4288 = ORIENTED_EDGE('',*,*,#2641,.F.);
#4289 = ORIENTED_EDGE('',*,*,#4056,.T.);
#4290 = ORIENTED_EDGE('',*,*,#4291,.F.);
#4291 = EDGE_CURVE('',#3694,#4034,#4292,.T.);
#4292 = SURFACE_CURVE('',#4293,(#4297,#4304),.PCURVE_S1.);
#4293 = LINE('',#4294,#4295);
#4294 = CARTESIAN_POINT('',(72.5,125.,0.));
#4295 = VECTOR('',#4296,1.);
#4296 = DIRECTION('',(0.,0.,1.));
#4297 = PCURVE('',#2678,#4298);
#4298 = DEFINITIONAL_REPRESENTATION('',(#4299),#4303);
#4299 = LINE('',#4300,#4301);
#4300 = CARTESIAN_POINT('',(0.,145.));
#4301 = VECTOR('',#4302,1.);
#4302 = DIRECTION('',(1.,0.));
#4303 = ( GEOMETRIC_REPRESENTATION_CONTEXT(2) 
PARAMETRIC_REPRESENTATION_CONTEXT() REPRESENTATION_CONTEXT('2D SPACE',''
  ) );
#4304 = PCURVE('',#3651,#4305);
#4305 = DEFINITIONAL_REPRESENTATION('',(#4306),#4310);
#4306 = LINE('',#4307,#4308);
#4307 = CARTESIAN_POINT('',(0.,-250.));
#4308 = VECTOR('',#4309,1.);
#4309 = DIRECTION('',(1.,0.));
#4310 = ( GEOMETRIC_REPRESENTATION_CONTEXT(2) 
PARAMETRIC_REPRESENTATION_CONTEXT() REPRESENTATION_CONTEXT('2D SPACE',''
  ) );
#4311 = ADVANCED_FACE('',(#4312),#2491,.T.);
#4312 = FACE_BOUND('',#4313,.T.);
#4313 = EDGE_LOOP('',(#4314,#4337,#4364,#4365,#4366,#4367));
#4314 = ORIENTED_EDGE('',*,*,#4315,.T.);
#4315 = EDGE_CURVE('',#4080,#4316,#4318,.T.);
#4316 = VERTEX_POINT('',#4317);
#4317 = CARTESIAN_POINT('',(63.3,70.,80.));
#4318 = SEAM_CURVE('',#4319,(#4323,#4330),.PCURVE_S1.);
#4319 = LINE('',#4320,#4321);
#4320 = CARTESIAN_POINT('',(63.3,70.,70.));
#4321 = VECTOR('',#4322,1.);
#4322 = DIRECTION('',(0.,0.,1.));
#4323 = PCURVE('',#2491,#4324);
#4324 = DEFINITIONAL_REPRESENTATION('',(#4325),#4329);
#4325 = LINE('',#4326,#4327);
#4326 = CARTESIAN_POINT('',(6.28318530718,-0.));
#4327 = VECTOR('',#4328,1.);
#4328 = DIRECTION('',(0.,1.));
#4329 = ( GEOMETRIC_REPRESENTATION_CONTEXT(2) 
PARAMETRIC_REPRESENTATION_CONTEXT() REPRESENTATION_CONTEXT('2D SPACE',''
  ) );
#4330 = PCURVE('',#2491,#4331);
#4331 = DEFINITIONAL_REPRESENTATION('',(#4332),#4336);
#4332 = LINE('',#4333,#4334);
#4333 = CARTESIAN_POINT('',(0.,-0.));
#4334 = VECTOR('',#4335,1.);
#4335 = DIRECTION('',(0.,1.));
#4336 = ( GEOMETRIC_REPRESENTATION_CONTEXT(2) 
PARAMETRIC_REPRESENTATION_CONTEXT() REPRESENTATION_CONTEXT('2D SPACE',''
  ) );
#4337 = ORIENTED_EDGE('',*,*,#4338,.F.);
#4338 = EDGE_CURVE('',#4316,#4316,#4339,.T.);
#4339 = SURFACE_CURVE('',#4340,(#4345,#4352),.PCURVE_S1.);
#4340 = CIRCLE('',#4341,14.);
#4341 = AXIS2_PLACEMENT_3D('',#4342,#4343,#4344);
#4342 = CARTESIAN_POINT('',(49.3,70.,80.));
#4343 = DIRECTION('',(0.,0.,1.));
#4344 = DIRECTION('',(1.,0.,-0.));
#4345 = PCURVE('',#2491,#4346);
#4346 = DEFINITIONAL_REPRESENTATION('',(#4347),#4351);
#4347 = LINE('',#4348,#4349);
#4348 = CARTESIAN_POINT('',(0.,10.));
#4349 = VECTOR('',#4350,1.);
#4350 = DIRECTION('',(1.,0.));
#4351 = ( GEOMETRIC_REPRESENTATION_CONTEXT(2) 
PARAMETRIC_REPRESENTATION_CONTEXT() REPRESENTATION_CONTEXT('2D SPACE',''
  ) );
#4352 = PCURVE('',#4353,#4358);
#4353 = PLANE('',#4354);
#4354 = AXIS2_PLACEMENT_3D('',#4355,#4356,#4357);
#4355 = CARTESIAN_POINT('',(49.3,70.,80.));
#4356 = DIRECTION('',(0.,0.,1.));
#4357 = DIRECTION('',(1.,0.,-0.));
#4358 = DEFINITIONAL_REPRESENTATION('',(#4359),#4363);
#4359 = CIRCLE('',#4360,14.);
#4360 = AXIS2_PLACEMENT_2D('',#4361,#4362);
#4361 = CARTESIAN_POINT('',(0.,0.));
#4362 = DIRECTION('',(1.,0.));
#4363 = ( GEOMETRIC_REPRESENTATION_CONTEXT(2) 
PARAMETRIC_REPRESENTATION_CONTEXT() REPRESENTATION_CONTEXT('2D SPACE',''
  ) );
#4364 = ORIENTED_EDGE('',*,*,#4315,.F.);
#4365 = ORIENTED_EDGE('',*,*,#4079,.T.);
#4366 = ORIENTED_EDGE('',*,*,#2345,.F.);
#4367 = ORIENTED_EDGE('',*,*,#4103,.T.);
#4368 = ADVANCED_FACE('',(#4369),#2280,.T.);
#4369 = FACE_BOUND('',#4370,.T.);
#4370 = EDGE_LOOP('',(#4371,#4372,#4373));
#4371 = ORIENTED_EDGE('',*,*,#3982,.F.);
#4372 = ORIENTED_EDGE('',*,*,#2260,.F.);
#4373 = ORIENTED_EDGE('',*,*,#3793,.T.);
#4374 = ADVANCED_FACE('',(#4375),#2224,.T.);
#4375 = FACE_BOUND('',#4376,.T.);
#4376 = EDGE_LOOP('',(#4377,#4378,#4379));
#4377 = ORIENTED_EDGE('',*,*,#2204,.F.);
#4378 = ORIENTED_EDGE('',*,*,#3299,.T.);
#4379 = ORIENTED_EDGE('',*,*,#3815,.T.);
#4380 = ADVANCED_FACE('',(#4381),#3070,.T.);
#4381 = FACE_BOUND('',#4382,.T.);
#4382 = EDGE_LOOP('',(#4383,#4406,#4433,#4434));
#4383 = ORIENTED_EDGE('',*,*,#4384,.T.);
#4384 = EDGE_CURVE('',#2793,#4385,#4387,.T.);
#4385 = VERTEX_POINT('',#4386);
#4386 = CARTESIAN_POINT('',(2.5,75.,92.));
#4387 = SEAM_CURVE('',#4388,(#4392,#4399),.PCURVE_S1.);
#4388 = LINE('',#4389,#4390);
#4389 = CARTESIAN_POINT('',(13.,75.,79.));
#4390 = VECTOR('',#4391,1.);
#4391 = DIRECTION('',(-0.628337107088,1.538982053961E-16,0.777941180204)
  );
#4392 = PCURVE('',#3070,#4393);
#4393 = DEFINITIONAL_REPRESENTATION('',(#4394),#4398);
#4394 = LINE('',#4395,#4396);
#4395 = CARTESIAN_POINT('',(-6.28318530718,0.));
#4396 = VECTOR('',#4397,1.);
#4397 = DIRECTION('',(-0.,-1.));
#4398 = ( GEOMETRIC_REPRESENTATION_CONTEXT(2) 
PARAMETRIC_REPRESENTATION_CONTEXT() REPRESENTATION_CONTEXT('2D SPACE',''
  ) );
#4399 = PCURVE('',#3070,#4400);
#4400 = DEFINITIONAL_REPRESENTATION('',(#4401),#4405);
#4401 = LINE('',#4402,#4403);
#4402 = CARTESIAN_POINT('',(0.,-0.));
#4403 = VECTOR('',#4404,1.);
#4404 = DIRECTION('',(-0.,-1.));
#4405 = ( GEOMETRIC_REPRESENTATION_CONTEXT(2) 
PARAMETRIC_REPRESENTATION_CONTEXT() REPRESENTATION_CONTEXT('2D SPACE',''
  ) );
#4406 = ORIENTED_EDGE('',*,*,#4407,.F.);
#4407 = EDGE_CURVE('',#4385,#4385,#4408,.T.);
#4408 = SURFACE_CURVE('',#4409,(#4414,#4421),.PCURVE_S1.);
#4409 = CIRCLE('',#4410,2.5);
#4410 = AXIS2_PLACEMENT_3D('',#4411,#4412,#4413);
#4411 = CARTESIAN_POINT('',(0.,75.,92.));
#4412 = DIRECTION('',(0.,0.,1.));
#4413 = DIRECTION('',(1.,0.,-0.));
#4414 = PCURVE('',#3070,#4415);
#4415 = DEFINITIONAL_REPRESENTATION('',(#4416),#4420);
#4416 = LINE('',#4417,#4418);
#4417 = CARTESIAN_POINT('',(-0.,-13.));
#4418 = VECTOR('',#4419,1.);
#4419 = DIRECTION('',(-1.,-0.));
#4420 = ( GEOMETRIC_REPRESENTATION_CONTEXT(2) 
PARAMETRIC_REPRESENTATION_CONTEXT() REPRESENTATION_CONTEXT('2D SPACE',''
  ) );
#4421 = PCURVE('',#4422,#4427);
#4422 = PLANE('',#4423);
#4423 = AXIS2_PLACEMENT_3D('',#4424,#4425,#4426);
#4424 = CARTESIAN_POINT('',(0.,75.,92.));
#4425 = DIRECTION('',(0.,0.,1.));
#4426 = DIRECTION('',(1.,0.,-0.));
#4427 = DEFINITIONAL_REPRESENTATION('',(#4428),#4432);
#4428 = CIRCLE('',#4429,2.5);
#4429 = AXIS2_PLACEMENT_2D('',#4430,#4431);
#4430 = CARTESIAN_POINT('',(0.,0.));
#4431 = DIRECTION('',(1.,0.));
#4432 = ( GEOMETRIC_REPRESENTATION_CONTEXT(2) 
PARAMETRIC_REPRESENTATION_CONTEXT() REPRESENTATION_CONTEXT('2D SPACE',''
  ) );
#4433 = ORIENTED_EDGE('',*,*,#4384,.F.);
#4434 = ORIENTED_EDGE('',*,*,#2792,.T.);
#4435 = ADVANCED_FACE('',(#4436),#3254,.T.);
#4436 = FACE_BOUND('',#4437,.T.);
#4437 = EDGE_LOOP('',(#4438));
#4438 = ORIENTED_EDGE('',*,*,#3239,.T.);
#4439 = ADVANCED_FACE('',(#4440),#3391,.F.);
#4440 = FACE_BOUND('',#4441,.F.);
#4441 = EDGE_LOOP('',(#4442,#4443,#4444,#4445));
#4442 = ORIENTED_EDGE('',*,*,#3522,.F.);
#4443 = ORIENTED_EDGE('',*,*,#3668,.T.);
#4444 = ORIENTED_EDGE('',*,*,#3375,.T.);
#4445 = ORIENTED_EDGE('',*,*,#4446,.F.);
#4446 = EDGE_CURVE('',#3500,#3348,#4447,.T.);
#4447 = SURFACE_CURVE('',#4448,(#4452,#4459),.PCURVE_S1.);
#4448 = LINE('',#4449,#4450);
#4449 = CARTESIAN_POINT('',(67.5,-102.,34.56));
#4450 = VECTOR('',#4451,1.);
#4451 = DIRECTION('',(-0.,1.,0.));
#4452 = PCURVE('',#3391,#4453);
#4453 = DEFINITIONAL_REPRESENTATION('',(#4454),#4458);
#4454 = LINE('',#4455,#4456);
#4455 = CARTESIAN_POINT('',(34.56,0.));
#4456 = VECTOR('',#4457,1.);
#4457 = DIRECTION('',(0.,-1.));
#4458 = ( GEOMETRIC_REPRESENTATION_CONTEXT(2) 
PARAMETRIC_REPRESENTATION_CONTEXT() REPRESENTATION_CONTEXT('2D SPACE',''
  ) );
#4459 = PCURVE('',#3363,#4460);
#4460 = DEFINITIONAL_REPRESENTATION('',(#4461),#4465);
#4461 = LINE('',#4462,#4463);
#4462 = CARTESIAN_POINT('',(135.,0.));
#4463 = VECTOR('',#4464,1.);
#4464 = DIRECTION('',(0.,1.));
#4465 = ( GEOMETRIC_REPRESENTATION_CONTEXT(2) 
PARAMETRIC_REPRESENTATION_CONTEXT() REPRESENTATION_CONTEXT('2D SPACE',''
  ) );
#4466 = ADVANCED_FACE('',(#4467),#3363,.F.);
#4467 = FACE_BOUND('',#4468,.F.);
#4468 = EDGE_LOOP('',(#4469,#4470,#4471,#4472));
#4469 = ORIENTED_EDGE('',*,*,#3473,.F.);
#4470 = ORIENTED_EDGE('',*,*,#3499,.T.);
#4471 = ORIENTED_EDGE('',*,*,#4446,.T.);
#4472 = ORIENTED_EDGE('',*,*,#3347,.F.);
#4473 = ADVANCED_FACE('',(#4474),#3651,.T.);
#4474 = FACE_BOUND('',#4475,.T.);
#4475 = EDGE_LOOP('',(#4476,#4477,#4478,#4479,#4480,#4481,#4482));
#4476 = ORIENTED_EDGE('',*,*,#4258,.F.);
#4477 = ORIENTED_EDGE('',*,*,#3637,.F.);
#4478 = ORIENTED_EDGE('',*,*,#3693,.T.);
#4479 = ORIENTED_EDGE('',*,*,#4291,.T.);
#4480 = ORIENTED_EDGE('',*,*,#4033,.F.);
#4481 = ORIENTED_EDGE('',*,*,#4155,.F.);
#4482 = ORIENTED_EDGE('',*,*,#4216,.F.);
#4483 = ADVANCED_FACE('',(#4484),#3855,.T.);
#4484 = FACE_BOUND('',#4485,.T.);
#4485 = EDGE_LOOP('',(#4486,#4509,#4536,#4537));
#4486 = ORIENTED_EDGE('',*,*,#4487,.T.);
#4487 = EDGE_CURVE('',#3839,#4488,#4490,.T.);
#4488 = VERTEX_POINT('',#4489);
#4489 = CARTESIAN_POINT('',(2.5,-25.,94.));
#4490 = SEAM_CURVE('',#4491,(#4495,#4502),.PCURVE_S1.);
#4491 = LINE('',#4492,#4493);
#4492 = CARTESIAN_POINT('',(13.,-25.,81.));
#4493 = VECTOR('',#4494,1.);
#4494 = DIRECTION('',(-0.628337107088,1.538982053961E-16,0.777941180204)
  );
#4495 = PCURVE('',#3855,#4496);
#4496 = DEFINITIONAL_REPRESENTATION('',(#4497),#4501);
#4497 = LINE('',#4498,#4499);
#4498 = CARTESIAN_POINT('',(-6.28318530718,0.));
#4499 = VECTOR('',#4500,1.);
#4500 = DIRECTION('',(-0.,-1.));
#4501 = ( GEOMETRIC_REPRESENTATION_CONTEXT(2) 
PARAMETRIC_REPRESENTATION_CONTEXT() REPRESENTATION_CONTEXT('2D SPACE',''
  ) );
#4502 = PCURVE('',#3855,#4503);
#4503 = DEFINITIONAL_REPRESENTATION('',(#4504),#4508);
#4504 = LINE('',#4505,#4506);
#4505 = CARTESIAN_POINT('',(0.,-0.));
#4506 = VECTOR('',#4507,1.);
#4507 = DIRECTION('',(-0.,-1.));
#4508 = ( GEOMETRIC_REPRESENTATION_CONTEXT(2) 
PARAMETRIC_REPRESENTATION_CONTEXT() REPRESENTATION_CONTEXT('2D SPACE',''
  ) );
#4509 = ORIENTED_EDGE('',*,*,#4510,.F.);
#4510 = EDGE_CURVE('',#4488,#4488,#4511,.T.);
#4511 = SURFACE_CURVE('',#4512,(#4517,#4524),.PCURVE_S1.);
#4512 = CIRCLE('',#4513,2.5);
#4513 = AXIS2_PLACEMENT_3D('',#4514,#4515,#4516);
#4514 = CARTESIAN_POINT('',(0.,-25.,94.));
#4515 = DIRECTION('',(0.,0.,1.));
#4516 = DIRECTION('',(1.,0.,-0.));
#4517 = PCURVE('',#3855,#4518);
#4518 = DEFINITIONAL_REPRESENTATION('',(#4519),#4523);
#4519 = LINE('',#4520,#4521);
#4520 = CARTESIAN_POINT('',(-0.,-13.));
#4521 = VECTOR('',#4522,1.);
#4522 = DIRECTION('',(-1.,-0.));
#4523 = ( GEOMETRIC_REPRESENTATION_CONTEXT(2) 
PARAMETRIC_REPRESENTATION_CONTEXT() REPRESENTATION_CONTEXT('2D SPACE',''
  ) );
#4524 = PCURVE('',#4525,#4530);
#4525 = PLANE('',#4526);
#4526 = AXIS2_PLACEMENT_3D('',#4527,#4528,#4529);
#4527 = CARTESIAN_POINT('',(0.,-25.,94.));
#4528 = DIRECTION('',(0.,0.,1.));
#4529 = DIRECTION('',(1.,0.,-0.));
#4530 = DEFINITIONAL_REPRESENTATION('',(#4531),#4535);
#4531 = CIRCLE('',#4532,2.5);
#4532 = AXIS2_PLACEMENT_2D('',#4533,#4534);
#4533 = CARTESIAN_POINT('',(0.,0.));
#4534 = DIRECTION('',(1.,0.));
#4535 = ( GEOMETRIC_REPRESENTATION_CONTEXT(2) 
PARAMETRIC_REPRESENTATION_CONTEXT() REPRESENTATION_CONTEXT('2D SPACE',''
  ) );
#4536 = ORIENTED_EDGE('',*,*,#4487,.F.);
#4537 = ORIENTED_EDGE('',*,*,#3838,.T.);
#4538 = ADVANCED_FACE('',(#4539),#3886,.T.);
#4539 = FACE_BOUND('',#4540,.T.);
#4540 = EDGE_LOOP('',(#4541,#4564,#4591,#4592));
#4541 = ORIENTED_EDGE('',*,*,#4542,.T.);
#4542 = EDGE_CURVE('',#3870,#4543,#4545,.T.);
#4543 = VERTEX_POINT('',#4544);
#4544 = CARTESIAN_POINT('',(2.5,25.,94.));
#4545 = SEAM_CURVE('',#4546,(#4550,#4557),.PCURVE_S1.);
#4546 = LINE('',#4547,#4548);
#4547 = CARTESIAN_POINT('',(13.,25.,81.));
#4548 = VECTOR('',#4549,1.);
#4549 = DIRECTION('',(-0.628337107088,1.538982053961E-16,0.777941180204)
  );
#4550 = PCURVE('',#3886,#4551);
#4551 = DEFINITIONAL_REPRESENTATION('',(#4552),#4556);
#4552 = LINE('',#4553,#4554);
#4553 = CARTESIAN_POINT('',(-6.28318530718,0.));
#4554 = VECTOR('',#4555,1.);
#4555 = DIRECTION('',(-0.,-1.));
#4556 = ( GEOMETRIC_REPRESENTATION_CONTEXT(2) 
PARAMETRIC_REPRESENTATION_CONTEXT() REPRESENTATION_CONTEXT('2D SPACE',''
  ) );
#4557 = PCURVE('',#3886,#4558);
#4558 = DEFINITIONAL_REPRESENTATION('',(#4559),#4563);
#4559 = LINE('',#4560,#4561);
#4560 = CARTESIAN_POINT('',(0.,-0.));
#4561 = VECTOR('',#4562,1.);
#4562 = DIRECTION('',(-0.,-1.));
#4563 = ( GEOMETRIC_REPRESENTATION_CONTEXT(2) 
PARAMETRIC_REPRESENTATION_CONTEXT() REPRESENTATION_CONTEXT('2D SPACE',''
  ) );
#4564 = ORIENTED_EDGE('',*,*,#4565,.F.);
#4565 = EDGE_CURVE('',#4543,#4543,#4566,.T.);
#4566 = SURFACE_CURVE('',#4567,(#4572,#4579),.PCURVE_S1.);
#4567 = CIRCLE('',#4568,2.5);
#4568 = AXIS2_PLACEMENT_3D('',#4569,#4570,#4571);
#4569 = CARTESIAN_POINT('',(0.,25.,94.));
#4570 = DIRECTION('',(0.,0.,1.));
#4571 = DIRECTION('',(1.,0.,-0.));
#4572 = PCURVE('',#3886,#4573);
#4573 = DEFINITIONAL_REPRESENTATION('',(#4574),#4578);
#4574 = LINE('',#4575,#4576);
#4575 = CARTESIAN_POINT('',(-0.,-13.));
#4576 = VECTOR('',#4577,1.);
#4577 = DIRECTION('',(-1.,-0.));
#4578 = ( GEOMETRIC_REPRESENTATION_CONTEXT(2) 
PARAMETRIC_REPRESENTATION_CONTEXT() REPRESENTATION_CONTEXT('2D SPACE',''
  ) );
#4579 = PCURVE('',#4580,#4585);
#4580 = PLANE('',#4581);
#4581 = AXIS2_PLACEMENT_3D('',#4582,#4583,#4584);
#4582 = CARTESIAN_POINT('',(0.,25.,94.));
#4583 = DIRECTION('',(0.,0.,1.));
#4584 = DIRECTION('',(1.,0.,-0.));
#4585 = DEFINITIONAL_REPRESENTATION('',(#4586),#4590);
#4586 = CIRCLE('',#4587,2.5);
#4587 = AXIS2_PLACEMENT_2D('',#4588,#4589);
#4588 = CARTESIAN_POINT('',(0.,0.));
#4589 = DIRECTION('',(1.,0.));
#4590 = ( GEOMETRIC_REPRESENTATION_CONTEXT(2) 
PARAMETRIC_REPRESENTATION_CONTEXT() REPRESENTATION_CONTEXT('2D SPACE',''
  ) );
#4591 = ORIENTED_EDGE('',*,*,#4542,.F.);
#4592 = ORIENTED_EDGE('',*,*,#3869,.T.);
#4593 = ADVANCED_FACE('',(#4594),#3939,.T.);
#4594 = FACE_BOUND('',#4595,.T.);
#4595 = EDGE_LOOP('',(#4596));
#4596 = ORIENTED_EDGE('',*,*,#3924,.T.);
#4597 = ADVANCED_FACE('',(#4598),#4353,.T.);
#4598 = FACE_BOUND('',#4599,.T.);
#4599 = EDGE_LOOP('',(#4600));
#4600 = ORIENTED_EDGE('',*,*,#4338,.T.);
#4601 = ADVANCED_FACE('',(#4602),#4422,.T.);
#4602 = FACE_BOUND('',#4603,.T.);
#4603 = EDGE_LOOP('',(#4604));
#4604 = ORIENTED_EDGE('',*,*,#4407,.T.);
#4605 = ADVANCED_FACE('',(#4606),#4525,.T.);
#4606 = FACE_BOUND('',#4607,.T.);
#4607 = EDGE_LOOP('',(#4608));
#4608 = ORIENTED_EDGE('',*,*,#4510,.T.);
#4609 = ADVANCED_FACE('',(#4610),#4580,.T.);
#4610 = FACE_BOUND('',#4611,.T.);
#4611 = EDGE_LOOP('',(#4612));
#4612 = ORIENTED_EDGE('',*,*,#4565,.T.);
#4613 = ORIENTED_CLOSED_SHELL('',*,#4614,.F.);
#4614 = CLOSED_SHELL('',(#4615,#4703,#4707));
#4615 = ADVANCED_FACE('',(#4616),#4629,.T.);
#4616 = FACE_BOUND('',#4617,.T.);
#4617 = EDGE_LOOP('',(#4618,#4652,#4675,#4702));
#4618 = ORIENTED_EDGE('',*,*,#4619,.F.);
#4619 = EDGE_CURVE('',#4620,#4620,#4622,.T.);
#4620 = VERTEX_POINT('',#4621);
#4621 = CARTESIAN_POINT('',(12.,113.,30.24));
#4622 = SURFACE_CURVE('',#4623,(#4628,#4640),.PCURVE_S1.);
#4623 = CIRCLE('',#4624,12.);
#4624 = AXIS2_PLACEMENT_3D('',#4625,#4626,#4627);
#4625 = CARTESIAN_POINT('',(0.,113.,30.24));
#4626 = DIRECTION('',(0.,-1.,2.22044604925E-16));
#4627 = DIRECTION('',(1.,0.,0.));
#4628 = PCURVE('',#4629,#4634);
#4629 = CYLINDRICAL_SURFACE('',#4630,12.);
#4630 = AXIS2_PLACEMENT_3D('',#4631,#4632,#4633);
#4631 = CARTESIAN_POINT('',(0.,147.,30.24));
#4632 = DIRECTION('',(0.,-1.,2.22044604925E-16));
#4633 = DIRECTION('',(1.,0.,0.));
#4634 = DEFINITIONAL_REPRESENTATION('',(#4635),#4639);
#4635 = LINE('',#4636,#4637);
#4636 = CARTESIAN_POINT('',(0.,34.));
#4637 = VECTOR('',#4638,1.);
#4638 = DIRECTION('',(1.,0.));
#4639 = ( GEOMETRIC_REPRESENTATION_CONTEXT(2) 
PARAMETRIC_REPRESENTATION_CONTEXT() REPRESENTATION_CONTEXT('2D SPACE',''
  ) );
#4640 = PCURVE('',#4641,#4646);
#4641 = PLANE('',#4642);
#4642 = AXIS2_PLACEMENT_3D('',#4643,#4644,#4645);
#4643 = CARTESIAN_POINT('',(0.,113.,30.24));
#4644 = DIRECTION('',(0.,-1.,2.22044604925E-16));
#4645 = DIRECTION('',(1.,0.,0.));
#4646 = DEFINITIONAL_REPRESENTATION('',(#4647),#4651);
#4647 = CIRCLE('',#4648,12.);
#4648 = AXIS2_PLACEMENT_2D('',#4649,#4650);
#4649 = CARTESIAN_POINT('',(0.,0.));
#4650 = DIRECTION('',(1.,0.));
#4651 = ( GEOMETRIC_REPRESENTATION_CONTEXT(2) 
PARAMETRIC_REPRESENTATION_CONTEXT() REPRESENTATION_CONTEXT('2D SPACE',''
  ) );
#4652 = ORIENTED_EDGE('',*,*,#4653,.F.);
#4653 = EDGE_CURVE('',#4654,#4620,#4656,.T.);
#4654 = VERTEX_POINT('',#4655);
#4655 = CARTESIAN_POINT('',(12.,147.,30.24));
#4656 = SEAM_CURVE('',#4657,(#4661,#4668),.PCURVE_S1.);
#4657 = LINE('',#4658,#4659);
#4658 = CARTESIAN_POINT('',(12.,147.,30.24));
#4659 = VECTOR('',#4660,1.);
#4660 = DIRECTION('',(0.,-1.,2.22044604925E-16));
#4661 = PCURVE('',#4629,#4662);
#4662 = DEFINITIONAL_REPRESENTATION('',(#4663),#4667);
#4663 = LINE('',#4664,#4665);
#4664 = CARTESIAN_POINT('',(6.28318530718,-0.));
#4665 = VECTOR('',#4666,1.);
#4666 = DIRECTION('',(0.,1.));
#4667 = ( GEOMETRIC_REPRESENTATION_CONTEXT(2) 
PARAMETRIC_REPRESENTATION_CONTEXT() REPRESENTATION_CONTEXT('2D SPACE',''
  ) );
#4668 = PCURVE('',#4629,#4669);
#4669 = DEFINITIONAL_REPRESENTATION('',(#4670),#4674);
#4670 = LINE('',#4671,#4672);
#4671 = CARTESIAN_POINT('',(0.,-0.));
#4672 = VECTOR('',#4673,1.);
#4673 = DIRECTION('',(0.,1.));
#4674 = ( GEOMETRIC_REPRESENTATION_CONTEXT(2) 
PARAMETRIC_REPRESENTATION_CONTEXT() REPRESENTATION_CONTEXT('2D SPACE',''
  ) );
#4675 = ORIENTED_EDGE('',*,*,#4676,.T.);
#4676 = EDGE_CURVE('',#4654,#4654,#4677,.T.);
#4677 = SURFACE_CURVE('',#4678,(#4683,#4690),.PCURVE_S1.);
#4678 = CIRCLE('',#4679,12.);
#4679 = AXIS2_PLACEMENT_3D('',#4680,#4681,#4682);
#4680 = CARTESIAN_POINT('',(0.,147.,30.24));
#4681 = DIRECTION('',(0.,-1.,2.22044604925E-16));
#4682 = DIRECTION('',(1.,0.,0.));
#4683 = PCURVE('',#4629,#4684);
#4684 = DEFINITIONAL_REPRESENTATION('',(#4685),#4689);
#4685 = LINE('',#4686,#4687);
#4686 = CARTESIAN_POINT('',(0.,0.));
#4687 = VECTOR('',#4688,1.);
#4688 = DIRECTION('',(1.,0.));
#4689 = ( GEOMETRIC_REPRESENTATION_CONTEXT(2) 
PARAMETRIC_REPRESENTATION_CONTEXT() REPRESENTATION_CONTEXT('2D SPACE',''
  ) );
#4690 = PCURVE('',#4691,#4696);
#4691 = PLANE('',#4692);
#4692 = AXIS2_PLACEMENT_3D('',#4693,#4694,#4695);
#4693 = CARTESIAN_POINT('',(0.,147.,30.24));
#4694 = DIRECTION('',(0.,-1.,2.22044604925E-16));
#4695 = DIRECTION('',(1.,0.,0.));
#4696 = DEFINITIONAL_REPRESENTATION('',(#4697),#4701);
#4697 = CIRCLE('',#4698,12.);
#4698 = AXIS2_PLACEMENT_2D('',#4699,#4700);
#4699 = CARTESIAN_POINT('',(0.,0.));
#4700 = DIRECTION('',(1.,0.));
#4701 = ( GEOMETRIC_REPRESENTATION_CONTEXT(2) 
PARAMETRIC_REPRESENTATION_CONTEXT() REPRESENTATION_CONTEXT('2D SPACE',''
  ) );
#4702 = ORIENTED_EDGE('',*,*,#4653,.T.);
#4703 = ADVANCED_FACE('',(#4704),#4641,.T.);
#4704 = FACE_BOUND('',#4705,.T.);
#4705 = EDGE_LOOP('',(#4706));
#4706 = ORIENTED_EDGE('',*,*,#4619,.T.);
#4707 = ADVANCED_FACE('',(#4708),#4691,.F.);
#4708 = FACE_BOUND('',#4709,.T.);
#4709 = EDGE_LOOP('',(#4710));
#4710 = ORIENTED_EDGE('',*,*,#4676,.F.);
#4711 = ORIENTED_CLOSED_SHELL('',*,#4712,.F.);
#4712 = CLOSED_SHELL('',(#4713,#4801,#4836,#4840,#4895,#4930,#4985));
#4713 = ADVANCED_FACE('',(#4714),#4728,.T.);
#4714 = FACE_BOUND('',#4715,.T.);
#4715 = EDGE_LOOP('',(#4716,#4746,#4773,#4774));
#4716 = ORIENTED_EDGE('',*,*,#4717,.T.);
#4717 = EDGE_CURVE('',#4718,#4720,#4722,.T.);
#4718 = VERTEX_POINT('',#4719);
#4719 = CARTESIAN_POINT('',(-47.6,-70.,70.85));
#4720 = VERTEX_POINT('',#4721);
#4721 = CARTESIAN_POINT('',(-47.6,-70.,78.5));
#4722 = SEAM_CURVE('',#4723,(#4727,#4739),.PCURVE_S1.);
#4723 = LINE('',#4724,#4725);
#4724 = CARTESIAN_POINT('',(-47.6,-70.,63.5));
#4725 = VECTOR('',#4726,1.);
#4726 = DIRECTION('',(0.,0.,1.));
#4727 = PCURVE('',#4728,#4733);
#4728 = CYLINDRICAL_SURFACE('',#4729,1.7);
#4729 = AXIS2_PLACEMENT_3D('',#4730,#4731,#4732);
#4730 = CARTESIAN_POINT('',(-49.3,-70.,63.5));
#4731 = DIRECTION('',(0.,0.,1.));
#4732 = DIRECTION('',(1.,0.,-0.));
#4733 = DEFINITIONAL_REPRESENTATION('',(#4734),#4738);
#4734 = LINE('',#4735,#4736);
#4735 = CARTESIAN_POINT('',(6.28318530718,-0.));
#4736 = VECTOR('',#4737,1.);
#4737 = DIRECTION('',(0.,1.));
#4738 = ( GEOMETRIC_REPRESENTATION_CONTEXT(2) 
PARAMETRIC_REPRESENTATION_CONTEXT() REPRESENTATION_CONTEXT('2D SPACE',''
  ) );
#4739 = PCURVE('',#4728,#4740);
#4740 = DEFINITIONAL_REPRESENTATION('',(#4741),#4745);
#4741 = LINE('',#4742,#4743);
#4742 = CARTESIAN_POINT('',(0.,-0.));
#4743 = VECTOR('',#4744,1.);
#4744 = DIRECTION('',(0.,1.));
#4745 = ( GEOMETRIC_REPRESENTATION_CONTEXT(2) 
PARAMETRIC_REPRESENTATION_CONTEXT() REPRESENTATION_CONTEXT('2D SPACE',''
  ) );
#4746 = ORIENTED_EDGE('',*,*,#4747,.F.);
#4747 = EDGE_CURVE('',#4720,#4720,#4748,.T.);
#4748 = SURFACE_CURVE('',#4749,(#4754,#4761),.PCURVE_S1.);
#4749 = CIRCLE('',#4750,1.7);
#4750 = AXIS2_PLACEMENT_3D('',#4751,#4752,#4753);
#4751 = CARTESIAN_POINT('',(-49.3,-70.,78.5));
#4752 = DIRECTION('',(0.,0.,1.));
#4753 = DIRECTION('',(1.,0.,-0.));
#4754 = PCURVE('',#4728,#4755);
#4755 = DEFINITIONAL_REPRESENTATION('',(#4756),#4760);
#4756 = LINE('',#4757,#4758);
#4757 = CARTESIAN_POINT('',(0.,15.));
#4758 = VECTOR('',#4759,1.);
#4759 = DIRECTION('',(1.,0.));
#4760 = ( GEOMETRIC_REPRESENTATION_CONTEXT(2) 
PARAMETRIC_REPRESENTATION_CONTEXT() REPRESENTATION_CONTEXT('2D SPACE',''
  ) );
#4761 = PCURVE('',#4762,#4767);
#4762 = PLANE('',#4763);
#4763 = AXIS2_PLACEMENT_3D('',#4764,#4765,#4766);
#4764 = CARTESIAN_POINT('',(-49.3,-70.,78.5));
#4765 = DIRECTION('',(0.,0.,1.));
#4766 = DIRECTION('',(1.,0.,-0.));
#4767 = DEFINITIONAL_REPRESENTATION('',(#4768),#4772);
#4768 = CIRCLE('',#4769,1.7);
#4769 = AXIS2_PLACEMENT_2D('',#4770,#4771);
#4770 = CARTESIAN_POINT('',(0.,0.));
#4771 = DIRECTION('',(1.,0.));
#4772 = ( GEOMETRIC_REPRESENTATION_CONTEXT(2) 
PARAMETRIC_REPRESENTATION_CONTEXT() REPRESENTATION_CONTEXT('2D SPACE',''
  ) );
#4773 = ORIENTED_EDGE('',*,*,#4717,.F.);
#4774 = ORIENTED_EDGE('',*,*,#4775,.T.);
#4775 = EDGE_CURVE('',#4718,#4718,#4776,.T.);
#4776 = SURFACE_CURVE('',#4777,(#4782,#4789),.PCURVE_S1.);
#4777 = CIRCLE('',#4778,1.7);
#4778 = AXIS2_PLACEMENT_3D('',#4779,#4780,#4781);
#4779 = CARTESIAN_POINT('',(-49.3,-70.,70.85));
#4780 = DIRECTION('',(0.,0.,1.));
#4781 = DIRECTION('',(1.,0.,-0.));
#4782 = PCURVE('',#4728,#4783);
#4783 = DEFINITIONAL_REPRESENTATION('',(#4784),#4788);
#4784 = LINE('',#4785,#4786);
#4785 = CARTESIAN_POINT('',(0.,7.35));
#4786 = VECTOR('',#4787,1.);
#4787 = DIRECTION('',(1.,0.));
#4788 = ( GEOMETRIC_REPRESENTATION_CONTEXT(2) 
PARAMETRIC_REPRESENTATION_CONTEXT() REPRESENTATION_CONTEXT('2D SPACE',''
  ) );
#4789 = PCURVE('',#4790,#4795);
#4790 = PLANE('',#4791);
#4791 = AXIS2_PLACEMENT_3D('',#4792,#4793,#4794);
#4792 = CARTESIAN_POINT('',(-49.3,-70.,70.85));
#4793 = DIRECTION('',(0.,0.,1.));
#4794 = DIRECTION('',(1.,0.,-0.));
#4795 = DEFINITIONAL_REPRESENTATION('',(#4796),#4800);
#4796 = CIRCLE('',#4797,1.7);
#4797 = AXIS2_PLACEMENT_2D('',#4798,#4799);
#4798 = CARTESIAN_POINT('',(0.,0.));
#4799 = DIRECTION('',(1.,0.));
#4800 = ( GEOMETRIC_REPRESENTATION_CONTEXT(2) 
PARAMETRIC_REPRESENTATION_CONTEXT() REPRESENTATION_CONTEXT('2D SPACE',''
  ) );
#4801 = ADVANCED_FACE('',(#4802,#4833),#4790,.T.);
#4802 = FACE_BOUND('',#4803,.T.);
#4803 = EDGE_LOOP('',(#4804));
#4804 = ORIENTED_EDGE('',*,*,#4805,.T.);
#4805 = EDGE_CURVE('',#4806,#4806,#4808,.T.);
#4806 = VERTEX_POINT('',#4807);
#4807 = CARTESIAN_POINT('',(-46.2,-70.,70.85));
#4808 = SURFACE_CURVE('',#4809,(#4814,#4821),.PCURVE_S1.);
#4809 = CIRCLE('',#4810,3.1);
#4810 = AXIS2_PLACEMENT_3D('',#4811,#4812,#4813);
#4811 = CARTESIAN_POINT('',(-49.3,-70.,70.85));
#4812 = DIRECTION('',(0.,0.,1.));
#4813 = DIRECTION('',(1.,0.,-0.));
#4814 = PCURVE('',#4790,#4815);
#4815 = DEFINITIONAL_REPRESENTATION('',(#4816),#4820);
#4816 = CIRCLE('',#4817,3.1);
#4817 = AXIS2_PLACEMENT_2D('',#4818,#4819);
#4818 = CARTESIAN_POINT('',(0.,0.));
#4819 = DIRECTION('',(1.,0.));
#4820 = ( GEOMETRIC_REPRESENTATION_CONTEXT(2) 
PARAMETRIC_REPRESENTATION_CONTEXT() REPRESENTATION_CONTEXT('2D SPACE',''
  ) );
#4821 = PCURVE('',#4822,#4827);
#4822 = CYLINDRICAL_SURFACE('',#4823,3.1);
#4823 = AXIS2_PLACEMENT_3D('',#4824,#4825,#4826);
#4824 = CARTESIAN_POINT('',(-49.3,-70.,67.15));
#4825 = DIRECTION('',(0.,0.,1.));
#4826 = DIRECTION('',(1.,0.,-0.));
#4827 = DEFINITIONAL_REPRESENTATION('',(#4828),#4832);
#4828 = LINE('',#4829,#4830);
#4829 = CARTESIAN_POINT('',(0.,3.7));
#4830 = VECTOR('',#4831,1.);
#4831 = DIRECTION('',(1.,0.));
#4832 = ( GEOMETRIC_REPRESENTATION_CONTEXT(2) 
PARAMETRIC_REPRESENTATION_CONTEXT() REPRESENTATION_CONTEXT('2D SPACE',''
  ) );
#4833 = FACE_BOUND('',#4834,.T.);
#4834 = EDGE_LOOP('',(#4835));
#4835 = ORIENTED_EDGE('',*,*,#4775,.F.);
#4836 = ADVANCED_FACE('',(#4837),#4762,.T.);
#4837 = FACE_BOUND('',#4838,.T.);
#4838 = EDGE_LOOP('',(#4839));
#4839 = ORIENTED_EDGE('',*,*,#4747,.T.);
#4840 = ADVANCED_FACE('',(#4841),#4822,.T.);
#4841 = FACE_BOUND('',#4842,.T.);
#4842 = EDGE_LOOP('',(#4843,#4844,#4867,#4894));
#4843 = ORIENTED_EDGE('',*,*,#4805,.F.);
#4844 = ORIENTED_EDGE('',*,*,#4845,.F.);
#4845 = EDGE_CURVE('',#4846,#4806,#4848,.T.);
#4846 = VERTEX_POINT('',#4847);
#4847 = CARTESIAN_POINT('',(-46.2,-70.,67.15));
#4848 = SEAM_CURVE('',#4849,(#4853,#4860),.PCURVE_S1.);
#4849 = LINE('',#4850,#4851);
#4850 = CARTESIAN_POINT('',(-46.2,-70.,67.15));
#4851 = VECTOR('',#4852,1.);
#4852 = DIRECTION('',(0.,0.,1.));
#4853 = PCURVE('',#4822,#4854);
#4854 = DEFINITIONAL_REPRESENTATION('',(#4855),#4859);
#4855 = LINE('',#4856,#4857);
#4856 = CARTESIAN_POINT('',(6.28318530718,-0.));
#4857 = VECTOR('',#4858,1.);
#4858 = DIRECTION('',(0.,1.));
#4859 = ( GEOMETRIC_REPRESENTATION_CONTEXT(2) 
PARAMETRIC_REPRESENTATION_CONTEXT() REPRESENTATION_CONTEXT('2D SPACE',''
  ) );
#4860 = PCURVE('',#4822,#4861);
#4861 = DEFINITIONAL_REPRESENTATION('',(#4862),#4866);
#4862 = LINE('',#4863,#4864);
#4863 = CARTESIAN_POINT('',(0.,-0.));
#4864 = VECTOR('',#4865,1.);
#4865 = DIRECTION('',(0.,1.));
#4866 = ( GEOMETRIC_REPRESENTATION_CONTEXT(2) 
PARAMETRIC_REPRESENTATION_CONTEXT() REPRESENTATION_CONTEXT('2D SPACE',''
  ) );
#4867 = ORIENTED_EDGE('',*,*,#4868,.T.);
#4868 = EDGE_CURVE('',#4846,#4846,#4869,.T.);
#4869 = SURFACE_CURVE('',#4870,(#4875,#4882),.PCURVE_S1.);
#4870 = CIRCLE('',#4871,3.1);
#4871 = AXIS2_PLACEMENT_3D('',#4872,#4873,#4874);
#4872 = CARTESIAN_POINT('',(-49.3,-70.,67.15));
#4873 = DIRECTION('',(0.,0.,1.));
#4874 = DIRECTION('',(1.,0.,-0.));
#4875 = PCURVE('',#4822,#4876);
#4876 = DEFINITIONAL_REPRESENTATION('',(#4877),#4881);
#4877 = LINE('',#4878,#4879);
#4878 = CARTESIAN_POINT('',(0.,0.));
#4879 = VECTOR('',#4880,1.);
#4880 = DIRECTION('',(1.,0.));
#4881 = ( GEOMETRIC_REPRESENTATION_CONTEXT(2) 
PARAMETRIC_REPRESENTATION_CONTEXT() REPRESENTATION_CONTEXT('2D SPACE',''
  ) );
#4882 = PCURVE('',#4883,#4888);
#4883 = PLANE('',#4884);
#4884 = AXIS2_PLACEMENT_3D('',#4885,#4886,#4887);
#4885 = CARTESIAN_POINT('',(-49.3,-70.,67.15));
#4886 = DIRECTION('',(0.,0.,1.));
#4887 = DIRECTION('',(1.,0.,-0.));
#4888 = DEFINITIONAL_REPRESENTATION('',(#4889),#4893);
#4889 = CIRCLE('',#4890,3.1);
#4890 = AXIS2_PLACEMENT_2D('',#4891,#4892);
#4891 = CARTESIAN_POINT('',(0.,0.));
#4892 = DIRECTION('',(1.,0.));
#4893 = ( GEOMETRIC_REPRESENTATION_CONTEXT(2) 
PARAMETRIC_REPRESENTATION_CONTEXT() REPRESENTATION_CONTEXT('2D SPACE',''
  ) );
#4894 = ORIENTED_EDGE('',*,*,#4845,.T.);
#4895 = ADVANCED_FACE('',(#4896,#4899),#4883,.F.);
#4896 = FACE_BOUND('',#4897,.F.);
#4897 = EDGE_LOOP('',(#4898));
#4898 = ORIENTED_EDGE('',*,*,#4868,.T.);
#4899 = FACE_BOUND('',#4900,.F.);
#4900 = EDGE_LOOP('',(#4901));
#4901 = ORIENTED_EDGE('',*,*,#4902,.F.);
#4902 = EDGE_CURVE('',#4903,#4903,#4905,.T.);
#4903 = VERTEX_POINT('',#4904);
#4904 = CARTESIAN_POINT('',(-47.6,-70.,67.15));
#4905 = SURFACE_CURVE('',#4906,(#4911,#4918),.PCURVE_S1.);
#4906 = CIRCLE('',#4907,1.7);
#4907 = AXIS2_PLACEMENT_3D('',#4908,#4909,#4910);
#4908 = CARTESIAN_POINT('',(-49.3,-70.,67.15));
#4909 = DIRECTION('',(0.,0.,1.));
#4910 = DIRECTION('',(1.,0.,-0.));
#4911 = PCURVE('',#4883,#4912);
#4912 = DEFINITIONAL_REPRESENTATION('',(#4913),#4917);
#4913 = CIRCLE('',#4914,1.7);
#4914 = AXIS2_PLACEMENT_2D('',#4915,#4916);
#4915 = CARTESIAN_POINT('',(0.,0.));
#4916 = DIRECTION('',(1.,0.));
#4917 = ( GEOMETRIC_REPRESENTATION_CONTEXT(2) 
PARAMETRIC_REPRESENTATION_CONTEXT() REPRESENTATION_CONTEXT('2D SPACE',''
  ) );
#4918 = PCURVE('',#4919,#4924);
#4919 = CYLINDRICAL_SURFACE('',#4920,1.7);
#4920 = AXIS2_PLACEMENT_3D('',#4921,#4922,#4923);
#4921 = CARTESIAN_POINT('',(-49.3,-70.,63.5));
#4922 = DIRECTION('',(0.,0.,1.));
#4923 = DIRECTION('',(1.,0.,-0.));
#4924 = DEFINITIONAL_REPRESENTATION('',(#4925),#4929);
#4925 = LINE('',#4926,#4927);
#4926 = CARTESIAN_POINT('',(0.,3.65));
#4927 = VECTOR('',#4928,1.);
#4928 = DIRECTION('',(1.,0.));
#4929 = ( GEOMETRIC_REPRESENTATION_CONTEXT(2) 
PARAMETRIC_REPRESENTATION_CONTEXT() REPRESENTATION_CONTEXT('2D SPACE',''
  ) );
#4930 = ADVANCED_FACE('',(#4931),#4919,.T.);
#4931 = FACE_BOUND('',#4932,.T.);
#4932 = EDGE_LOOP('',(#4933,#4934,#4957,#4984));
#4933 = ORIENTED_EDGE('',*,*,#4902,.F.);
#4934 = ORIENTED_EDGE('',*,*,#4935,.F.);
#4935 = EDGE_CURVE('',#4936,#4903,#4938,.T.);
#4936 = VERTEX_POINT('',#4937);
#4937 = CARTESIAN_POINT('',(-47.6,-70.,63.5));
#4938 = SEAM_CURVE('',#4939,(#4943,#4950),.PCURVE_S1.);
#4939 = LINE('',#4940,#4941);
#4940 = CARTESIAN_POINT('',(-47.6,-70.,63.5));
#4941 = VECTOR('',#4942,1.);
#4942 = DIRECTION('',(0.,0.,1.));
#4943 = PCURVE('',#4919,#4944);
#4944 = DEFINITIONAL_REPRESENTATION('',(#4945),#4949);
#4945 = LINE('',#4946,#4947);
#4946 = CARTESIAN_POINT('',(6.28318530718,-0.));
#4947 = VECTOR('',#4948,1.);
#4948 = DIRECTION('',(0.,1.));
#4949 = ( GEOMETRIC_REPRESENTATION_CONTEXT(2) 
PARAMETRIC_REPRESENTATION_CONTEXT() REPRESENTATION_CONTEXT('2D SPACE',''
  ) );
#4950 = PCURVE('',#4919,#4951);
#4951 = DEFINITIONAL_REPRESENTATION('',(#4952),#4956);
#4952 = LINE('',#4953,#4954);
#4953 = CARTESIAN_POINT('',(0.,-0.));
#4954 = VECTOR('',#4955,1.);
#4955 = DIRECTION('',(0.,1.));
#4956 = ( GEOMETRIC_REPRESENTATION_CONTEXT(2) 
PARAMETRIC_REPRESENTATION_CONTEXT() REPRESENTATION_CONTEXT('2D SPACE',''
  ) );
#4957 = ORIENTED_EDGE('',*,*,#4958,.T.);
#4958 = EDGE_CURVE('',#4936,#4936,#4959,.T.);
#4959 = SURFACE_CURVE('',#4960,(#4965,#4972),.PCURVE_S1.);
#4960 = CIRCLE('',#4961,1.7);
#4961 = AXIS2_PLACEMENT_3D('',#4962,#4963,#4964);
#4962 = CARTESIAN_POINT('',(-49.3,-70.,63.5));
#4963 = DIRECTION('',(0.,0.,1.));
#4964 = DIRECTION('',(1.,0.,-0.));
#4965 = PCURVE('',#4919,#4966);
#4966 = DEFINITIONAL_REPRESENTATION('',(#4967),#4971);
#4967 = LINE('',#4968,#4969);
#4968 = CARTESIAN_POINT('',(0.,0.));
#4969 = VECTOR('',#4970,1.);
#4970 = DIRECTION('',(1.,0.));
#4971 = ( GEOMETRIC_REPRESENTATION_CONTEXT(2) 
PARAMETRIC_REPRESENTATION_CONTEXT() REPRESENTATION_CONTEXT('2D SPACE',''
  ) );
#4972 = PCURVE('',#4973,#4978);
#4973 = PLANE('',#4974);
#4974 = AXIS2_PLACEMENT_3D('',#4975,#4976,#4977);
#4975 = CARTESIAN_POINT('',(-49.3,-70.,63.5));
#4976 = DIRECTION('',(0.,0.,1.));
#4977 = DIRECTION('',(1.,0.,-0.));
#4978 = DEFINITIONAL_REPRESENTATION('',(#4979),#4983);
#4979 = CIRCLE('',#4980,1.7);
#4980 = AXIS2_PLACEMENT_2D('',#4981,#4982);
#4981 = CARTESIAN_POINT('',(0.,0.));
#4982 = DIRECTION('',(1.,0.));
#4983 = ( GEOMETRIC_REPRESENTATION_CONTEXT(2) 
PARAMETRIC_REPRESENTATION_CONTEXT() REPRESENTATION_CONTEXT('2D SPACE',''
  ) );
#4984 = ORIENTED_EDGE('',*,*,#4935,.T.);
#4985 = ADVANCED_FACE('',(#4986),#4973,.F.);
#4986 = FACE_BOUND('',#4987,.T.);
#4987 = EDGE_LOOP('',(#4988));
#4988 = ORIENTED_EDGE('',*,*,#4958,.F.);
#4989 = ORIENTED_CLOSED_SHELL('',*,#4990,.F.);
#4990 = CLOSED_SHELL('',(#4991,#5079,#5114,#5118,#5173,#5208,#5263));
#4991 = ADVANCED_FACE('',(#4992),#5006,.T.);
#4992 = FACE_BOUND('',#4993,.T.);
#4993 = EDGE_LOOP('',(#4994,#5024,#5051,#5052));
#4994 = ORIENTED_EDGE('',*,*,#4995,.T.);
#4995 = EDGE_CURVE('',#4996,#4998,#5000,.T.);
#4996 = VERTEX_POINT('',#4997);
#4997 = CARTESIAN_POINT('',(51.,-70.,70.85));
#4998 = VERTEX_POINT('',#4999);
#4999 = CARTESIAN_POINT('',(51.,-70.,78.5));
#5000 = SEAM_CURVE('',#5001,(#5005,#5017),.PCURVE_S1.);
#5001 = LINE('',#5002,#5003);
#5002 = CARTESIAN_POINT('',(51.,-70.,63.5));
#5003 = VECTOR('',#5004,1.);
#5004 = DIRECTION('',(0.,0.,1.));
#5005 = PCURVE('',#5006,#5011);
#5006 = CYLINDRICAL_SURFACE('',#5007,1.7);
#5007 = AXIS2_PLACEMENT_3D('',#5008,#5009,#5010);
#5008 = CARTESIAN_POINT('',(49.3,-70.,63.5));
#5009 = DIRECTION('',(0.,0.,1.));
#5010 = DIRECTION('',(1.,0.,-0.));
#5011 = DEFINITIONAL_REPRESENTATION('',(#5012),#5016);
#5012 = LINE('',#5013,#5014);
#5013 = CARTESIAN_POINT('',(6.28318530718,-0.));
#5014 = VECTOR('',#5015,1.);
#5015 = DIRECTION('',(0.,1.));
#5016 = ( GEOMETRIC_REPRESENTATION_CONTEXT(2) 
PARAMETRIC_REPRESENTATION_CONTEXT() REPRESENTATION_CONTEXT('2D SPACE',''
  ) );
#5017 = PCURVE('',#5006,#5018);
#5018 = DEFINITIONAL_REPRESENTATION('',(#5019),#5023);
#5019 = LINE('',#5020,#5021);
#5020 = CARTESIAN_POINT('',(0.,-0.));
#5021 = VECTOR('',#5022,1.);
#5022 = DIRECTION('',(0.,1.));
#5023 = ( GEOMETRIC_REPRESENTATION_CONTEXT(2) 
PARAMETRIC_REPRESENTATION_CONTEXT() REPRESENTATION_CONTEXT('2D SPACE',''
  ) );
#5024 = ORIENTED_EDGE('',*,*,#5025,.F.);
#5025 = EDGE_CURVE('',#4998,#4998,#5026,.T.);
#5026 = SURFACE_CURVE('',#5027,(#5032,#5039),.PCURVE_S1.);
#5027 = CIRCLE('',#5028,1.7);
#5028 = AXIS2_PLACEMENT_3D('',#5029,#5030,#5031);
#5029 = CARTESIAN_POINT('',(49.3,-70.,78.5));
#5030 = DIRECTION('',(0.,0.,1.));
#5031 = DIRECTION('',(1.,0.,-0.));
#5032 = PCURVE('',#5006,#5033);
#5033 = DEFINITIONAL_REPRESENTATION('',(#5034),#5038);
#5034 = LINE('',#5035,#5036);
#5035 = CARTESIAN_POINT('',(0.,15.));
#5036 = VECTOR('',#5037,1.);
#5037 = DIRECTION('',(1.,0.));
#5038 = ( GEOMETRIC_REPRESENTATION_CONTEXT(2) 
PARAMETRIC_REPRESENTATION_CONTEXT() REPRESENTATION_CONTEXT('2D SPACE',''
  ) );
#5039 = PCURVE('',#5040,#5045);
#5040 = PLANE('',#5041);
#5041 = AXIS2_PLACEMENT_3D('',#5042,#5043,#5044);
#5042 = CARTESIAN_POINT('',(49.3,-70.,78.5));
#5043 = DIRECTION('',(0.,0.,1.));
#5044 = DIRECTION('',(1.,0.,-0.));
#5045 = DEFINITIONAL_REPRESENTATION('',(#5046),#5050);
#5046 = CIRCLE('',#5047,1.7);
#5047 = AXIS2_PLACEMENT_2D('',#5048,#5049);
#5048 = CARTESIAN_POINT('',(0.,0.));
#5049 = DIRECTION('',(1.,0.));
#5050 = ( GEOMETRIC_REPRESENTATION_CONTEXT(2) 
PARAMETRIC_REPRESENTATION_CONTEXT() REPRESENTATION_CONTEXT('2D SPACE',''
  ) );
#5051 = ORIENTED_EDGE('',*,*,#4995,.F.);
#5052 = ORIENTED_EDGE('',*,*,#5053,.T.);
#5053 = EDGE_CURVE('',#4996,#4996,#5054,.T.);
#5054 = SURFACE_CURVE('',#5055,(#5060,#5067),.PCURVE_S1.);
#5055 = CIRCLE('',#5056,1.7);
#5056 = AXIS2_PLACEMENT_3D('',#5057,#5058,#5059);
#5057 = CARTESIAN_POINT('',(49.3,-70.,70.85));
#5058 = DIRECTION('',(0.,0.,1.));
#5059 = DIRECTION('',(1.,0.,-0.));
#5060 = PCURVE('',#5006,#5061);
#5061 = DEFINITIONAL_REPRESENTATION('',(#5062),#5066);
#5062 = LINE('',#5063,#5064);
#5063 = CARTESIAN_POINT('',(0.,7.35));
#5064 = VECTOR('',#5065,1.);
#5065 = DIRECTION('',(1.,0.));
#5066 = ( GEOMETRIC_REPRESENTATION_CONTEXT(2) 
PARAMETRIC_REPRESENTATION_CONTEXT() REPRESENTATION_CONTEXT('2D SPACE',''
  ) );
#5067 = PCURVE('',#5068,#5073);
#5068 = PLANE('',#5069);
#5069 = AXIS2_PLACEMENT_3D('',#5070,#5071,#5072);
#5070 = CARTESIAN_POINT('',(49.3,-70.,70.85));
#5071 = DIRECTION('',(0.,0.,1.));
#5072 = DIRECTION('',(1.,0.,-0.));
#5073 = DEFINITIONAL_REPRESENTATION('',(#5074),#5078);
#5074 = CIRCLE('',#5075,1.7);
#5075 = AXIS2_PLACEMENT_2D('',#5076,#5077);
#5076 = CARTESIAN_POINT('',(0.,0.));
#5077 = DIRECTION('',(1.,0.));
#5078 = ( GEOMETRIC_REPRESENTATION_CONTEXT(2) 
PARAMETRIC_REPRESENTATION_CONTEXT() REPRESENTATION_CONTEXT('2D SPACE',''
  ) );
#5079 = ADVANCED_FACE('',(#5080,#5111),#5068,.T.);
#5080 = FACE_BOUND('',#5081,.T.);
#5081 = EDGE_LOOP('',(#5082));
#5082 = ORIENTED_EDGE('',*,*,#5083,.T.);
#5083 = EDGE_CURVE('',#5084,#5084,#5086,.T.);
#5084 = VERTEX_POINT('',#5085);
#5085 = CARTESIAN_POINT('',(52.4,-70.,70.85));
#5086 = SURFACE_CURVE('',#5087,(#5092,#5099),.PCURVE_S1.);
#5087 = CIRCLE('',#5088,3.1);
#5088 = AXIS2_PLACEMENT_3D('',#5089,#5090,#5091);
#5089 = CARTESIAN_POINT('',(49.3,-70.,70.85));
#5090 = DIRECTION('',(0.,0.,1.));
#5091 = DIRECTION('',(1.,0.,-0.));
#5092 = PCURVE('',#5068,#5093);
#5093 = DEFINITIONAL_REPRESENTATION('',(#5094),#5098);
#5094 = CIRCLE('',#5095,3.1);
#5095 = AXIS2_PLACEMENT_2D('',#5096,#5097);
#5096 = CARTESIAN_POINT('',(0.,0.));
#5097 = DIRECTION('',(1.,0.));
#5098 = ( GEOMETRIC_REPRESENTATION_CONTEXT(2) 
PARAMETRIC_REPRESENTATION_CONTEXT() REPRESENTATION_CONTEXT('2D SPACE',''
  ) );
#5099 = PCURVE('',#5100,#5105);
#5100 = CYLINDRICAL_SURFACE('',#5101,3.1);
#5101 = AXIS2_PLACEMENT_3D('',#5102,#5103,#5104);
#5102 = CARTESIAN_POINT('',(49.3,-70.,67.15));
#5103 = DIRECTION('',(0.,0.,1.));
#5104 = DIRECTION('',(1.,0.,-0.));
#5105 = DEFINITIONAL_REPRESENTATION('',(#5106),#5110);
#5106 = LINE('',#5107,#5108);
#5107 = CARTESIAN_POINT('',(0.,3.7));
#5108 = VECTOR('',#5109,1.);
#5109 = DIRECTION('',(1.,0.));
#5110 = ( GEOMETRIC_REPRESENTATION_CONTEXT(2) 
PARAMETRIC_REPRESENTATION_CONTEXT() REPRESENTATION_CONTEXT('2D SPACE',''
  ) );
#5111 = FACE_BOUND('',#5112,.T.);
#5112 = EDGE_LOOP('',(#5113));
#5113 = ORIENTED_EDGE('',*,*,#5053,.F.);
#5114 = ADVANCED_FACE('',(#5115),#5040,.T.);
#5115 = FACE_BOUND('',#5116,.T.);
#5116 = EDGE_LOOP('',(#5117));
#5117 = ORIENTED_EDGE('',*,*,#5025,.T.);
#5118 = ADVANCED_FACE('',(#5119),#5100,.T.);
#5119 = FACE_BOUND('',#5120,.T.);
#5120 = EDGE_LOOP('',(#5121,#5122,#5145,#5172));
#5121 = ORIENTED_EDGE('',*,*,#5083,.F.);
#5122 = ORIENTED_EDGE('',*,*,#5123,.F.);
#5123 = EDGE_CURVE('',#5124,#5084,#5126,.T.);
#5124 = VERTEX_POINT('',#5125);
#5125 = CARTESIAN_POINT('',(52.4,-70.,67.15));
#5126 = SEAM_CURVE('',#5127,(#5131,#5138),.PCURVE_S1.);
#5127 = LINE('',#5128,#5129);
#5128 = CARTESIAN_POINT('',(52.4,-70.,67.15));
#5129 = VECTOR('',#5130,1.);
#5130 = DIRECTION('',(0.,0.,1.));
#5131 = PCURVE('',#5100,#5132);
#5132 = DEFINITIONAL_REPRESENTATION('',(#5133),#5137);
#5133 = LINE('',#5134,#5135);
#5134 = CARTESIAN_POINT('',(6.28318530718,-0.));
#5135 = VECTOR('',#5136,1.);
#5136 = DIRECTION('',(0.,1.));
#5137 = ( GEOMETRIC_REPRESENTATION_CONTEXT(2) 
PARAMETRIC_REPRESENTATION_CONTEXT() REPRESENTATION_CONTEXT('2D SPACE',''
  ) );
#5138 = PCURVE('',#5100,#5139);
#5139 = DEFINITIONAL_REPRESENTATION('',(#5140),#5144);
#5140 = LINE('',#5141,#5142);
#5141 = CARTESIAN_POINT('',(0.,-0.));
#5142 = VECTOR('',#5143,1.);
#5143 = DIRECTION('',(0.,1.));
#5144 = ( GEOMETRIC_REPRESENTATION_CONTEXT(2) 
PARAMETRIC_REPRESENTATION_CONTEXT() REPRESENTATION_CONTEXT('2D SPACE',''
  ) );
#5145 = ORIENTED_EDGE('',*,*,#5146,.T.);
#5146 = EDGE_CURVE('',#5124,#5124,#5147,.T.);
#5147 = SURFACE_CURVE('',#5148,(#5153,#5160),.PCURVE_S1.);
#5148 = CIRCLE('',#5149,3.1);
#5149 = AXIS2_PLACEMENT_3D('',#5150,#5151,#5152);
#5150 = CARTESIAN_POINT('',(49.3,-70.,67.15));
#5151 = DIRECTION('',(0.,0.,1.));
#5152 = DIRECTION('',(1.,0.,-0.));
#5153 = PCURVE('',#5100,#5154);
#5154 = DEFINITIONAL_REPRESENTATION('',(#5155),#5159);
#5155 = LINE('',#5156,#5157);
#5156 = CARTESIAN_POINT('',(0.,0.));
#5157 = VECTOR('',#5158,1.);
#5158 = DIRECTION('',(1.,0.));
#5159 = ( GEOMETRIC_REPRESENTATION_CONTEXT(2) 
PARAMETRIC_REPRESENTATION_CONTEXT() REPRESENTATION_CONTEXT('2D SPACE',''
  ) );
#5160 = PCURVE('',#5161,#5166);
#5161 = PLANE('',#5162);
#5162 = AXIS2_PLACEMENT_3D('',#5163,#5164,#5165);
#5163 = CARTESIAN_POINT('',(49.3,-70.,67.15));
#5164 = DIRECTION('',(0.,0.,1.));
#5165 = DIRECTION('',(1.,0.,-0.));
#5166 = DEFINITIONAL_REPRESENTATION('',(#5167),#5171);
#5167 = CIRCLE('',#5168,3.1);
#5168 = AXIS2_PLACEMENT_2D('',#5169,#5170);
#5169 = CARTESIAN_POINT('',(0.,0.));
#5170 = DIRECTION('',(1.,0.));
#5171 = ( GEOMETRIC_REPRESENTATION_CONTEXT(2) 
PARAMETRIC_REPRESENTATION_CONTEXT() REPRESENTATION_CONTEXT('2D SPACE',''
  ) );
#5172 = ORIENTED_EDGE('',*,*,#5123,.T.);
#5173 = ADVANCED_FACE('',(#5174,#5177),#5161,.F.);
#5174 = FACE_BOUND('',#5175,.F.);
#5175 = EDGE_LOOP('',(#5176));
#5176 = ORIENTED_EDGE('',*,*,#5146,.T.);
#5177 = FACE_BOUND('',#5178,.F.);
#5178 = EDGE_LOOP('',(#5179));
#5179 = ORIENTED_EDGE('',*,*,#5180,.F.);
#5180 = EDGE_CURVE('',#5181,#5181,#5183,.T.);
#5181 = VERTEX_POINT('',#5182);
#5182 = CARTESIAN_POINT('',(51.,-70.,67.15));
#5183 = SURFACE_CURVE('',#5184,(#5189,#5196),.PCURVE_S1.);
#5184 = CIRCLE('',#5185,1.7);
#5185 = AXIS2_PLACEMENT_3D('',#5186,#5187,#5188);
#5186 = CARTESIAN_POINT('',(49.3,-70.,67.15));
#5187 = DIRECTION('',(0.,0.,1.));
#5188 = DIRECTION('',(1.,0.,-0.));
#5189 = PCURVE('',#5161,#5190);
#5190 = DEFINITIONAL_REPRESENTATION('',(#5191),#5195);
#5191 = CIRCLE('',#5192,1.7);
#5192 = AXIS2_PLACEMENT_2D('',#5193,#5194);
#5193 = CARTESIAN_POINT('',(0.,0.));
#5194 = DIRECTION('',(1.,0.));
#5195 = ( GEOMETRIC_REPRESENTATION_CONTEXT(2) 
PARAMETRIC_REPRESENTATION_CONTEXT() REPRESENTATION_CONTEXT('2D SPACE',''
  ) );
#5196 = PCURVE('',#5197,#5202);
#5197 = CYLINDRICAL_SURFACE('',#5198,1.7);
#5198 = AXIS2_PLACEMENT_3D('',#5199,#5200,#5201);
#5199 = CARTESIAN_POINT('',(49.3,-70.,63.5));
#5200 = DIRECTION('',(0.,0.,1.));
#5201 = DIRECTION('',(1.,0.,-0.));
#5202 = DEFINITIONAL_REPRESENTATION('',(#5203),#5207);
#5203 = LINE('',#5204,#5205);
#5204 = CARTESIAN_POINT('',(0.,3.65));
#5205 = VECTOR('',#5206,1.);
#5206 = DIRECTION('',(1.,0.));
#5207 = ( GEOMETRIC_REPRESENTATION_CONTEXT(2) 
PARAMETRIC_REPRESENTATION_CONTEXT() REPRESENTATION_CONTEXT('2D SPACE',''
  ) );
#5208 = ADVANCED_FACE('',(#5209),#5197,.T.);
#5209 = FACE_BOUND('',#5210,.T.);
#5210 = EDGE_LOOP('',(#5211,#5212,#5235,#5262));
#5211 = ORIENTED_EDGE('',*,*,#5180,.F.);
#5212 = ORIENTED_EDGE('',*,*,#5213,.F.);
#5213 = EDGE_CURVE('',#5214,#5181,#5216,.T.);
#5214 = VERTEX_POINT('',#5215);
#5215 = CARTESIAN_POINT('',(51.,-70.,63.5));
#5216 = SEAM_CURVE('',#5217,(#5221,#5228),.PCURVE_S1.);
#5217 = LINE('',#5218,#5219);
#5218 = CARTESIAN_POINT('',(51.,-70.,63.5));
#5219 = VECTOR('',#5220,1.);
#5220 = DIRECTION('',(0.,0.,1.));
#5221 = PCURVE('',#5197,#5222);
#5222 = DEFINITIONAL_REPRESENTATION('',(#5223),#5227);
#5223 = LINE('',#5224,#5225);
#5224 = CARTESIAN_POINT('',(6.28318530718,-0.));
#5225 = VECTOR('',#5226,1.);
#5226 = DIRECTION('',(0.,1.));
#5227 = ( GEOMETRIC_REPRESENTATION_CONTEXT(2) 
PARAMETRIC_REPRESENTATION_CONTEXT() REPRESENTATION_CONTEXT('2D SPACE',''
  ) );
#5228 = PCURVE('',#5197,#5229);
#5229 = DEFINITIONAL_REPRESENTATION('',(#5230),#5234);
#5230 = LINE('',#5231,#5232);
#5231 = CARTESIAN_POINT('',(0.,-0.));
#5232 = VECTOR('',#5233,1.);
#5233 = DIRECTION('',(0.,1.));
#5234 = ( GEOMETRIC_REPRESENTATION_CONTEXT(2) 
PARAMETRIC_REPRESENTATION_CONTEXT() REPRESENTATION_CONTEXT('2D SPACE',''
  ) );
#5235 = ORIENTED_EDGE('',*,*,#5236,.T.);
#5236 = EDGE_CURVE('',#5214,#5214,#5237,.T.);
#5237 = SURFACE_CURVE('',#5238,(#5243,#5250),.PCURVE_S1.);
#5238 = CIRCLE('',#5239,1.7);
#5239 = AXIS2_PLACEMENT_3D('',#5240,#5241,#5242);
#5240 = CARTESIAN_POINT('',(49.3,-70.,63.5));
#5241 = DIRECTION('',(0.,0.,1.));
#5242 = DIRECTION('',(1.,0.,-0.));
#5243 = PCURVE('',#5197,#5244);
#5244 = DEFINITIONAL_REPRESENTATION('',(#5245),#5249);
#5245 = LINE('',#5246,#5247);
#5246 = CARTESIAN_POINT('',(0.,0.));
#5247 = VECTOR('',#5248,1.);
#5248 = DIRECTION('',(1.,0.));
#5249 = ( GEOMETRIC_REPRESENTATION_CONTEXT(2) 
PARAMETRIC_REPRESENTATION_CONTEXT() REPRESENTATION_CONTEXT('2D SPACE',''
  ) );
#5250 = PCURVE('',#5251,#5256);
#5251 = PLANE('',#5252);
#5252 = AXIS2_PLACEMENT_3D('',#5253,#5254,#5255);
#5253 = CARTESIAN_POINT('',(49.3,-70.,63.5));
#5254 = DIRECTION('',(0.,0.,1.));
#5255 = DIRECTION('',(1.,0.,-0.));
#5256 = DEFINITIONAL_REPRESENTATION('',(#5257),#5261);
#5257 = CIRCLE('',#5258,1.7);
#5258 = AXIS2_PLACEMENT_2D('',#5259,#5260);
#5259 = CARTESIAN_POINT('',(0.,0.));
#5260 = DIRECTION('',(1.,0.));
#5261 = ( GEOMETRIC_REPRESENTATION_CONTEXT(2) 
PARAMETRIC_REPRESENTATION_CONTEXT() REPRESENTATION_CONTEXT('2D SPACE',''
  ) );
#5262 = ORIENTED_EDGE('',*,*,#5213,.T.);
#5263 = ADVANCED_FACE('',(#5264),#5251,.F.);
#5264 = FACE_BOUND('',#5265,.T.);
#5265 = EDGE_LOOP('',(#5266));
#5266 = ORIENTED_EDGE('',*,*,#5236,.F.);
#5267 = ORIENTED_CLOSED_SHELL('',*,#5268,.F.);
#5268 = CLOSED_SHELL('',(#5269,#5357,#5392,#5396,#5451,#5486,#5541));
#5269 = ADVANCED_FACE('',(#5270),#5284,.T.);
#5270 = FACE_BOUND('',#5271,.T.);
#5271 = EDGE_LOOP('',(#5272,#5302,#5329,#5330));
#5272 = ORIENTED_EDGE('',*,*,#5273,.T.);
#5273 = EDGE_CURVE('',#5274,#5276,#5278,.T.);
#5274 = VERTEX_POINT('',#5275);
#5275 = CARTESIAN_POINT('',(-47.6,70.,70.85));
#5276 = VERTEX_POINT('',#5277);
#5277 = CARTESIAN_POINT('',(-47.6,70.,78.5));
#5278 = SEAM_CURVE('',#5279,(#5283,#5295),.PCURVE_S1.);
#5279 = LINE('',#5280,#5281);
#5280 = CARTESIAN_POINT('',(-47.6,70.,63.5));
#5281 = VECTOR('',#5282,1.);
#5282 = DIRECTION('',(0.,0.,1.));
#5283 = PCURVE('',#5284,#5289);
#5284 = CYLINDRICAL_SURFACE('',#5285,1.7);
#5285 = AXIS2_PLACEMENT_3D('',#5286,#5287,#5288);
#5286 = CARTESIAN_POINT('',(-49.3,70.,63.5));
#5287 = DIRECTION('',(0.,0.,1.));
#5288 = DIRECTION('',(1.,0.,-0.));
#5289 = DEFINITIONAL_REPRESENTATION('',(#5290),#5294);
#5290 = LINE('',#5291,#5292);
#5291 = CARTESIAN_POINT('',(6.28318530718,-0.));
#5292 = VECTOR('',#5293,1.);
#5293 = DIRECTION('',(0.,1.));
#5294 = ( GEOMETRIC_REPRESENTATION_CONTEXT(2) 
PARAMETRIC_REPRESENTATION_CONTEXT() REPRESENTATION_CONTEXT('2D SPACE',''
  ) );
#5295 = PCURVE('',#5284,#5296);
#5296 = DEFINITIONAL_REPRESENTATION('',(#5297),#5301);
#5297 = LINE('',#5298,#5299);
#5298 = CARTESIAN_POINT('',(0.,-0.));
#5299 = VECTOR('',#5300,1.);
#5300 = DIRECTION('',(0.,1.));
#5301 = ( GEOMETRIC_REPRESENTATION_CONTEXT(2) 
PARAMETRIC_REPRESENTATION_CONTEXT() REPRESENTATION_CONTEXT('2D SPACE',''
  ) );
#5302 = ORIENTED_EDGE('',*,*,#5303,.F.);
#5303 = EDGE_CURVE('',#5276,#5276,#5304,.T.);
#5304 = SURFACE_CURVE('',#5305,(#5310,#5317),.PCURVE_S1.);
#5305 = CIRCLE('',#5306,1.7);
#5306 = AXIS2_PLACEMENT_3D('',#5307,#5308,#5309);
#5307 = CARTESIAN_POINT('',(-49.3,70.,78.5));
#5308 = DIRECTION('',(0.,0.,1.));
#5309 = DIRECTION('',(1.,0.,-0.));
#5310 = PCURVE('',#5284,#5311);
#5311 = DEFINITIONAL_REPRESENTATION('',(#5312),#5316);
#5312 = LINE('',#5313,#5314);
#5313 = CARTESIAN_POINT('',(0.,15.));
#5314 = VECTOR('',#5315,1.);
#5315 = DIRECTION('',(1.,0.));
#5316 = ( GEOMETRIC_REPRESENTATION_CONTEXT(2) 
PARAMETRIC_REPRESENTATION_CONTEXT() REPRESENTATION_CONTEXT('2D SPACE',''
  ) );
#5317 = PCURVE('',#5318,#5323);
#5318 = PLANE('',#5319);
#5319 = AXIS2_PLACEMENT_3D('',#5320,#5321,#5322);
#5320 = CARTESIAN_POINT('',(-49.3,70.,78.5));
#5321 = DIRECTION('',(0.,0.,1.));
#5322 = DIRECTION('',(1.,0.,-0.));
#5323 = DEFINITIONAL_REPRESENTATION('',(#5324),#5328);
#5324 = CIRCLE('',#5325,1.7);
#5325 = AXIS2_PLACEMENT_2D('',#5326,#5327);
#5326 = CARTESIAN_POINT('',(0.,0.));
#5327 = DIRECTION('',(1.,0.));
#5328 = ( GEOMETRIC_REPRESENTATION_CONTEXT(2) 
PARAMETRIC_REPRESENTATION_CONTEXT() REPRESENTATION_CONTEXT('2D SPACE',''
  ) );
#5329 = ORIENTED_EDGE('',*,*,#5273,.F.);
#5330 = ORIENTED_EDGE('',*,*,#5331,.T.);
#5331 = EDGE_CURVE('',#5274,#5274,#5332,.T.);
#5332 = SURFACE_CURVE('',#5333,(#5338,#5345),.PCURVE_S1.);
#5333 = CIRCLE('',#5334,1.7);
#5334 = AXIS2_PLACEMENT_3D('',#5335,#5336,#5337);
#5335 = CARTESIAN_POINT('',(-49.3,70.,70.85));
#5336 = DIRECTION('',(0.,0.,1.));
#5337 = DIRECTION('',(1.,0.,-0.));
#5338 = PCURVE('',#5284,#5339);
#5339 = DEFINITIONAL_REPRESENTATION('',(#5340),#5344);
#5340 = LINE('',#5341,#5342);
#5341 = CARTESIAN_POINT('',(0.,7.35));
#5342 = VECTOR('',#5343,1.);
#5343 = DIRECTION('',(1.,0.));
#5344 = ( GEOMETRIC_REPRESENTATION_CONTEXT(2) 
PARAMETRIC_REPRESENTATION_CONTEXT() REPRESENTATION_CONTEXT('2D SPACE',''
  ) );
#5345 = PCURVE('',#5346,#5351);
#5346 = PLANE('',#5347);
#5347 = AXIS2_PLACEMENT_3D('',#5348,#5349,#5350);
#5348 = CARTESIAN_POINT('',(-49.3,70.,70.85));
#5349 = DIRECTION('',(0.,0.,1.));
#5350 = DIRECTION('',(1.,0.,-0.));
#5351 = DEFINITIONAL_REPRESENTATION('',(#5352),#5356);
#5352 = CIRCLE('',#5353,1.7);
#5353 = AXIS2_PLACEMENT_2D('',#5354,#5355);
#5354 = CARTESIAN_POINT('',(0.,0.));
#5355 = DIRECTION('',(1.,0.));
#5356 = ( GEOMETRIC_REPRESENTATION_CONTEXT(2) 
PARAMETRIC_REPRESENTATION_CONTEXT() REPRESENTATION_CONTEXT('2D SPACE',''
  ) );
#5357 = ADVANCED_FACE('',(#5358,#5389),#5346,.T.);
#5358 = FACE_BOUND('',#5359,.T.);
#5359 = EDGE_LOOP('',(#5360));
#5360 = ORIENTED_EDGE('',*,*,#5361,.T.);
#5361 = EDGE_CURVE('',#5362,#5362,#5364,.T.);
#5362 = VERTEX_POINT('',#5363);
#5363 = CARTESIAN_POINT('',(-46.2,70.,70.85));
#5364 = SURFACE_CURVE('',#5365,(#5370,#5377),.PCURVE_S1.);
#5365 = CIRCLE('',#5366,3.1);
#5366 = AXIS2_PLACEMENT_3D('',#5367,#5368,#5369);
#5367 = CARTESIAN_POINT('',(-49.3,70.,70.85));
#5368 = DIRECTION('',(0.,0.,1.));
#5369 = DIRECTION('',(1.,0.,-0.));
#5370 = PCURVE('',#5346,#5371);
#5371 = DEFINITIONAL_REPRESENTATION('',(#5372),#5376);
#5372 = CIRCLE('',#5373,3.1);
#5373 = AXIS2_PLACEMENT_2D('',#5374,#5375);
#5374 = CARTESIAN_POINT('',(0.,0.));
#5375 = DIRECTION('',(1.,0.));
#5376 = ( GEOMETRIC_REPRESENTATION_CONTEXT(2) 
PARAMETRIC_REPRESENTATION_CONTEXT() REPRESENTATION_CONTEXT('2D SPACE',''
  ) );
#5377 = PCURVE('',#5378,#5383);
#5378 = CYLINDRICAL_SURFACE('',#5379,3.1);
#5379 = AXIS2_PLACEMENT_3D('',#5380,#5381,#5382);
#5380 = CARTESIAN_POINT('',(-49.3,70.,67.15));
#5381 = DIRECTION('',(0.,0.,1.));
#5382 = DIRECTION('',(1.,0.,-0.));
#5383 = DEFINITIONAL_REPRESENTATION('',(#5384),#5388);
#5384 = LINE('',#5385,#5386);
#5385 = CARTESIAN_POINT('',(0.,3.7));
#5386 = VECTOR('',#5387,1.);
#5387 = DIRECTION('',(1.,0.));
#5388 = ( GEOMETRIC_REPRESENTATION_CONTEXT(2) 
PARAMETRIC_REPRESENTATION_CONTEXT() REPRESENTATION_CONTEXT('2D SPACE',''
  ) );
#5389 = FACE_BOUND('',#5390,.T.);
#5390 = EDGE_LOOP('',(#5391));
#5391 = ORIENTED_EDGE('',*,*,#5331,.F.);
#5392 = ADVANCED_FACE('',(#5393),#5318,.T.);
#5393 = FACE_BOUND('',#5394,.T.);
#5394 = EDGE_LOOP('',(#5395));
#5395 = ORIENTED_EDGE('',*,*,#5303,.T.);
#5396 = ADVANCED_FACE('',(#5397),#5378,.T.);
#5397 = FACE_BOUND('',#5398,.T.);
#5398 = EDGE_LOOP('',(#5399,#5400,#5423,#5450));
#5399 = ORIENTED_EDGE('',*,*,#5361,.F.);
#5400 = ORIENTED_EDGE('',*,*,#5401,.F.);
#5401 = EDGE_CURVE('',#5402,#5362,#5404,.T.);
#5402 = VERTEX_POINT('',#5403);
#5403 = CARTESIAN_POINT('',(-46.2,70.,67.15));
#5404 = SEAM_CURVE('',#5405,(#5409,#5416),.PCURVE_S1.);
#5405 = LINE('',#5406,#5407);
#5406 = CARTESIAN_POINT('',(-46.2,70.,67.15));
#5407 = VECTOR('',#5408,1.);
#5408 = DIRECTION('',(0.,0.,1.));
#5409 = PCURVE('',#5378,#5410);
#5410 = DEFINITIONAL_REPRESENTATION('',(#5411),#5415);
#5411 = LINE('',#5412,#5413);
#5412 = CARTESIAN_POINT('',(6.28318530718,-0.));
#5413 = VECTOR('',#5414,1.);
#5414 = DIRECTION('',(0.,1.));
#5415 = ( GEOMETRIC_REPRESENTATION_CONTEXT(2) 
PARAMETRIC_REPRESENTATION_CONTEXT() REPRESENTATION_CONTEXT('2D SPACE',''
  ) );
#5416 = PCURVE('',#5378,#5417);
#5417 = DEFINITIONAL_REPRESENTATION('',(#5418),#5422);
#5418 = LINE('',#5419,#5420);
#5419 = CARTESIAN_POINT('',(0.,-0.));
#5420 = VECTOR('',#5421,1.);
#5421 = DIRECTION('',(0.,1.));
#5422 = ( GEOMETRIC_REPRESENTATION_CONTEXT(2) 
PARAMETRIC_REPRESENTATION_CONTEXT() REPRESENTATION_CONTEXT('2D SPACE',''
  ) );
#5423 = ORIENTED_EDGE('',*,*,#5424,.T.);
#5424 = EDGE_CURVE('',#5402,#5402,#5425,.T.);
#5425 = SURFACE_CURVE('',#5426,(#5431,#5438),.PCURVE_S1.);
#5426 = CIRCLE('',#5427,3.1);
#5427 = AXIS2_PLACEMENT_3D('',#5428,#5429,#5430);
#5428 = CARTESIAN_POINT('',(-49.3,70.,67.15));
#5429 = DIRECTION('',(0.,0.,1.));
#5430 = DIRECTION('',(1.,0.,-0.));
#5431 = PCURVE('',#5378,#5432);
#5432 = DEFINITIONAL_REPRESENTATION('',(#5433),#5437);
#5433 = LINE('',#5434,#5435);
#5434 = CARTESIAN_POINT('',(0.,0.));
#5435 = VECTOR('',#5436,1.);
#5436 = DIRECTION('',(1.,0.));
#5437 = ( GEOMETRIC_REPRESENTATION_CONTEXT(2) 
PARAMETRIC_REPRESENTATION_CONTEXT() REPRESENTATION_CONTEXT('2D SPACE',''
  ) );
#5438 = PCURVE('',#5439,#5444);
#5439 = PLANE('',#5440);
#5440 = AXIS2_PLACEMENT_3D('',#5441,#5442,#5443);
#5441 = CARTESIAN_POINT('',(-49.3,70.,67.15));
#5442 = DIRECTION('',(0.,0.,1.));
#5443 = DIRECTION('',(1.,0.,-0.));
#5444 = DEFINITIONAL_REPRESENTATION('',(#5445),#5449);
#5445 = CIRCLE('',#5446,3.1);
#5446 = AXIS2_PLACEMENT_2D('',#5447,#5448);
#5447 = CARTESIAN_POINT('',(0.,0.));
#5448 = DIRECTION('',(1.,0.));
#5449 = ( GEOMETRIC_REPRESENTATION_CONTEXT(2) 
PARAMETRIC_REPRESENTATION_CONTEXT() REPRESENTATION_CONTEXT('2D SPACE',''
  ) );
#5450 = ORIENTED_EDGE('',*,*,#5401,.T.);
#5451 = ADVANCED_FACE('',(#5452,#5455),#5439,.F.);
#5452 = FACE_BOUND('',#5453,.F.);
#5453 = EDGE_LOOP('',(#5454));
#5454 = ORIENTED_EDGE('',*,*,#5424,.T.);
#5455 = FACE_BOUND('',#5456,.F.);
#5456 = EDGE_LOOP('',(#5457));
#5457 = ORIENTED_EDGE('',*,*,#5458,.F.);
#5458 = EDGE_CURVE('',#5459,#5459,#5461,.T.);
#5459 = VERTEX_POINT('',#5460);
#5460 = CARTESIAN_POINT('',(-47.6,70.,67.15));
#5461 = SURFACE_CURVE('',#5462,(#5467,#5474),.PCURVE_S1.);
#5462 = CIRCLE('',#5463,1.7);
#5463 = AXIS2_PLACEMENT_3D('',#5464,#5465,#5466);
#5464 = CARTESIAN_POINT('',(-49.3,70.,67.15));
#5465 = DIRECTION('',(0.,0.,1.));
#5466 = DIRECTION('',(1.,0.,-0.));
#5467 = PCURVE('',#5439,#5468);
#5468 = DEFINITIONAL_REPRESENTATION('',(#5469),#5473);
#5469 = CIRCLE('',#5470,1.7);
#5470 = AXIS2_PLACEMENT_2D('',#5471,#5472);
#5471 = CARTESIAN_POINT('',(0.,0.));
#5472 = DIRECTION('',(1.,0.));
#5473 = ( GEOMETRIC_REPRESENTATION_CONTEXT(2) 
PARAMETRIC_REPRESENTATION_CONTEXT() REPRESENTATION_CONTEXT('2D SPACE',''
  ) );
#5474 = PCURVE('',#5475,#5480);
#5475 = CYLINDRICAL_SURFACE('',#5476,1.7);
#5476 = AXIS2_PLACEMENT_3D('',#5477,#5478,#5479);
#5477 = CARTESIAN_POINT('',(-49.3,70.,63.5));
#5478 = DIRECTION('',(0.,0.,1.));
#5479 = DIRECTION('',(1.,0.,-0.));
#5480 = DEFINITIONAL_REPRESENTATION('',(#5481),#5485);
#5481 = LINE('',#5482,#5483);
#5482 = CARTESIAN_POINT('',(0.,3.65));
#5483 = VECTOR('',#5484,1.);
#5484 = DIRECTION('',(1.,0.));
#5485 = ( GEOMETRIC_REPRESENTATION_CONTEXT(2) 
PARAMETRIC_REPRESENTATION_CONTEXT() REPRESENTATION_CONTEXT('2D SPACE',''
  ) );
#5486 = ADVANCED_FACE('',(#5487),#5475,.T.);
#5487 = FACE_BOUND('',#5488,.T.);
#5488 = EDGE_LOOP('',(#5489,#5490,#5513,#5540));
#5489 = ORIENTED_EDGE('',*,*,#5458,.F.);
#5490 = ORIENTED_EDGE('',*,*,#5491,.F.);
#5491 = EDGE_CURVE('',#5492,#5459,#5494,.T.);
#5492 = VERTEX_POINT('',#5493);
#5493 = CARTESIAN_POINT('',(-47.6,70.,63.5));
#5494 = SEAM_CURVE('',#5495,(#5499,#5506),.PCURVE_S1.);
#5495 = LINE('',#5496,#5497);
#5496 = CARTESIAN_POINT('',(-47.6,70.,63.5));
#5497 = VECTOR('',#5498,1.);
#5498 = DIRECTION('',(0.,0.,1.));
#5499 = PCURVE('',#5475,#5500);
#5500 = DEFINITIONAL_REPRESENTATION('',(#5501),#5505);
#5501 = LINE('',#5502,#5503);
#5502 = CARTESIAN_POINT('',(6.28318530718,-0.));
#5503 = VECTOR('',#5504,1.);
#5504 = DIRECTION('',(0.,1.));
#5505 = ( GEOMETRIC_REPRESENTATION_CONTEXT(2) 
PARAMETRIC_REPRESENTATION_CONTEXT() REPRESENTATION_CONTEXT('2D SPACE',''
  ) );
#5506 = PCURVE('',#5475,#5507);
#5507 = DEFINITIONAL_REPRESENTATION('',(#5508),#5512);
#5508 = LINE('',#5509,#5510);
#5509 = CARTESIAN_POINT('',(0.,-0.));
#5510 = VECTOR('',#5511,1.);
#5511 = DIRECTION('',(0.,1.));
#5512 = ( GEOMETRIC_REPRESENTATION_CONTEXT(2) 
PARAMETRIC_REPRESENTATION_CONTEXT() REPRESENTATION_CONTEXT('2D SPACE',''
  ) );
#5513 = ORIENTED_EDGE('',*,*,#5514,.T.);
#5514 = EDGE_CURVE('',#5492,#5492,#5515,.T.);
#5515 = SURFACE_CURVE('',#5516,(#5521,#5528),.PCURVE_S1.);
#5516 = CIRCLE('',#5517,1.7);
#5517 = AXIS2_PLACEMENT_3D('',#5518,#5519,#5520);
#5518 = CARTESIAN_POINT('',(-49.3,70.,63.5));
#5519 = DIRECTION('',(0.,0.,1.));
#5520 = DIRECTION('',(1.,0.,-0.));
#5521 = PCURVE('',#5475,#5522);
#5522 = DEFINITIONAL_REPRESENTATION('',(#5523),#5527);
#5523 = LINE('',#5524,#5525);
#5524 = CARTESIAN_POINT('',(0.,0.));
#5525 = VECTOR('',#5526,1.);
#5526 = DIRECTION('',(1.,0.));
#5527 = ( GEOMETRIC_REPRESENTATION_CONTEXT(2) 
PARAMETRIC_REPRESENTATION_CONTEXT() REPRESENTATION_CONTEXT('2D SPACE',''
  ) );
#5528 = PCURVE('',#5529,#5534);
#5529 = PLANE('',#5530);
#5530 = AXIS2_PLACEMENT_3D('',#5531,#5532,#5533);
#5531 = CARTESIAN_POINT('',(-49.3,70.,63.5));
#5532 = DIRECTION('',(0.,0.,1.));
#5533 = DIRECTION('',(1.,0.,-0.));
#5534 = DEFINITIONAL_REPRESENTATION('',(#5535),#5539);
#5535 = CIRCLE('',#5536,1.7);
#5536 = AXIS2_PLACEMENT_2D('',#5537,#5538);
#5537 = CARTESIAN_POINT('',(0.,0.));
#5538 = DIRECTION('',(1.,0.));
#5539 = ( GEOMETRIC_REPRESENTATION_CONTEXT(2) 
PARAMETRIC_REPRESENTATION_CONTEXT() REPRESENTATION_CONTEXT('2D SPACE',''
  ) );
#5540 = ORIENTED_EDGE('',*,*,#5491,.T.);
#5541 = ADVANCED_FACE('',(#5542),#5529,.F.);
#5542 = FACE_BOUND('',#5543,.T.);
#5543 = EDGE_LOOP('',(#5544));
#5544 = ORIENTED_EDGE('',*,*,#5514,.F.);
#5545 = ORIENTED_CLOSED_SHELL('',*,#5546,.F.);
#5546 = CLOSED_SHELL('',(#5547,#5635,#5670,#5674,#5729,#5764,#5819));
#5547 = ADVANCED_FACE('',(#5548),#5562,.T.);
#5548 = FACE_BOUND('',#5549,.T.);
#5549 = EDGE_LOOP('',(#5550,#5580,#5607,#5608));
#5550 = ORIENTED_EDGE('',*,*,#5551,.T.);
#5551 = EDGE_CURVE('',#5552,#5554,#5556,.T.);
#5552 = VERTEX_POINT('',#5553);
#5553 = CARTESIAN_POINT('',(51.,70.,70.85));
#5554 = VERTEX_POINT('',#5555);
#5555 = CARTESIAN_POINT('',(51.,70.,78.5));
#5556 = SEAM_CURVE('',#5557,(#5561,#5573),.PCURVE_S1.);
#5557 = LINE('',#5558,#5559);
#5558 = CARTESIAN_POINT('',(51.,70.,63.5));
#5559 = VECTOR('',#5560,1.);
#5560 = DIRECTION('',(0.,0.,1.));
#5561 = PCURVE('',#5562,#5567);
#5562 = CYLINDRICAL_SURFACE('',#5563,1.7);
#5563 = AXIS2_PLACEMENT_3D('',#5564,#5565,#5566);
#5564 = CARTESIAN_POINT('',(49.3,70.,63.5));
#5565 = DIRECTION('',(0.,0.,1.));
#5566 = DIRECTION('',(1.,0.,-0.));
#5567 = DEFINITIONAL_REPRESENTATION('',(#5568),#5572);
#5568 = LINE('',#5569,#5570);
#5569 = CARTESIAN_POINT('',(6.28318530718,-0.));
#5570 = VECTOR('',#5571,1.);
#5571 = DIRECTION('',(0.,1.));
#5572 = ( GEOMETRIC_REPRESENTATION_CONTEXT(2) 
PARAMETRIC_REPRESENTATION_CONTEXT() REPRESENTATION_CONTEXT('2D SPACE',''
  ) );
#5573 = PCURVE('',#5562,#5574);
#5574 = DEFINITIONAL_REPRESENTATION('',(#5575),#5579);
#5575 = LINE('',#5576,#5577);
#5576 = CARTESIAN_POINT('',(0.,-0.));
#5577 = VECTOR('',#5578,1.);
#5578 = DIRECTION('',(0.,1.));
#5579 = ( GEOMETRIC_REPRESENTATION_CONTEXT(2) 
PARAMETRIC_REPRESENTATION_CONTEXT() REPRESENTATION_CONTEXT('2D SPACE',''
  ) );
#5580 = ORIENTED_EDGE('',*,*,#5581,.F.);
#5581 = EDGE_CURVE('',#5554,#5554,#5582,.T.);
#5582 = SURFACE_CURVE('',#5583,(#5588,#5595),.PCURVE_S1.);
#5583 = CIRCLE('',#5584,1.7);
#5584 = AXIS2_PLACEMENT_3D('',#5585,#5586,#5587);
#5585 = CARTESIAN_POINT('',(49.3,70.,78.5));
#5586 = DIRECTION('',(0.,0.,1.));
#5587 = DIRECTION('',(1.,0.,-0.));
#5588 = PCURVE('',#5562,#5589);
#5589 = DEFINITIONAL_REPRESENTATION('',(#5590),#5594);
#5590 = LINE('',#5591,#5592);
#5591 = CARTESIAN_POINT('',(0.,15.));
#5592 = VECTOR('',#5593,1.);
#5593 = DIRECTION('',(1.,0.));
#5594 = ( GEOMETRIC_REPRESENTATION_CONTEXT(2) 
PARAMETRIC_REPRESENTATION_CONTEXT() REPRESENTATION_CONTEXT('2D SPACE',''
  ) );
#5595 = PCURVE('',#5596,#5601);
#5596 = PLANE('',#5597);
#5597 = AXIS2_PLACEMENT_3D('',#5598,#5599,#5600);
#5598 = CARTESIAN_POINT('',(49.3,70.,78.5));
#5599 = DIRECTION('',(0.,0.,1.));
#5600 = DIRECTION('',(1.,0.,-0.));
#5601 = DEFINITIONAL_REPRESENTATION('',(#5602),#5606);
#5602 = CIRCLE('',#5603,1.7);
#5603 = AXIS2_PLACEMENT_2D('',#5604,#5605);
#5604 = CARTESIAN_POINT('',(0.,0.));
#5605 = DIRECTION('',(1.,0.));
#5606 = ( GEOMETRIC_REPRESENTATION_CONTEXT(2) 
PARAMETRIC_REPRESENTATION_CONTEXT() REPRESENTATION_CONTEXT('2D SPACE',''
  ) );
#5607 = ORIENTED_EDGE('',*,*,#5551,.F.);
#5608 = ORIENTED_EDGE('',*,*,#5609,.T.);
#5609 = EDGE_CURVE('',#5552,#5552,#5610,.T.);
#5610 = SURFACE_CURVE('',#5611,(#5616,#5623),.PCURVE_S1.);
#5611 = CIRCLE('',#5612,1.7);
#5612 = AXIS2_PLACEMENT_3D('',#5613,#5614,#5615);
#5613 = CARTESIAN_POINT('',(49.3,70.,70.85));
#5614 = DIRECTION('',(0.,0.,1.));
#5615 = DIRECTION('',(1.,0.,-0.));
#5616 = PCURVE('',#5562,#5617);
#5617 = DEFINITIONAL_REPRESENTATION('',(#5618),#5622);
#5618 = LINE('',#5619,#5620);
#5619 = CARTESIAN_POINT('',(0.,7.35));
#5620 = VECTOR('',#5621,1.);
#5621 = DIRECTION('',(1.,0.));
#5622 = ( GEOMETRIC_REPRESENTATION_CONTEXT(2) 
PARAMETRIC_REPRESENTATION_CONTEXT() REPRESENTATION_CONTEXT('2D SPACE',''
  ) );
#5623 = PCURVE('',#5624,#5629);
#5624 = PLANE('',#5625);
#5625 = AXIS2_PLACEMENT_3D('',#5626,#5627,#5628);
#5626 = CARTESIAN_POINT('',(49.3,70.,70.85));
#5627 = DIRECTION('',(0.,0.,1.));
#5628 = DIRECTION('',(1.,0.,-0.));
#5629 = DEFINITIONAL_REPRESENTATION('',(#5630),#5634);
#5630 = CIRCLE('',#5631,1.7);
#5631 = AXIS2_PLACEMENT_2D('',#5632,#5633);
#5632 = CARTESIAN_POINT('',(0.,0.));
#5633 = DIRECTION('',(1.,0.));
#5634 = ( GEOMETRIC_REPRESENTATION_CONTEXT(2) 
PARAMETRIC_REPRESENTATION_CONTEXT() REPRESENTATION_CONTEXT('2D SPACE',''
  ) );
#5635 = ADVANCED_FACE('',(#5636,#5667),#5624,.T.);
#5636 = FACE_BOUND('',#5637,.T.);
#5637 = EDGE_LOOP('',(#5638));
#5638 = ORIENTED_EDGE('',*,*,#5639,.T.);
#5639 = EDGE_CURVE('',#5640,#5640,#5642,.T.);
#5640 = VERTEX_POINT('',#5641);
#5641 = CARTESIAN_POINT('',(52.4,70.,70.85));
#5642 = SURFACE_CURVE('',#5643,(#5648,#5655),.PCURVE_S1.);
#5643 = CIRCLE('',#5644,3.1);
#5644 = AXIS2_PLACEMENT_3D('',#5645,#5646,#5647);
#5645 = CARTESIAN_POINT('',(49.3,70.,70.85));
#5646 = DIRECTION('',(0.,0.,1.));
#5647 = DIRECTION('',(1.,0.,-0.));
#5648 = PCURVE('',#5624,#5649);
#5649 = DEFINITIONAL_REPRESENTATION('',(#5650),#5654);
#5650 = CIRCLE('',#5651,3.1);
#5651 = AXIS2_PLACEMENT_2D('',#5652,#5653);
#5652 = CARTESIAN_POINT('',(0.,0.));
#5653 = DIRECTION('',(1.,0.));
#5654 = ( GEOMETRIC_REPRESENTATION_CONTEXT(2) 
PARAMETRIC_REPRESENTATION_CONTEXT() REPRESENTATION_CONTEXT('2D SPACE',''
  ) );
#5655 = PCURVE('',#5656,#5661);
#5656 = CYLINDRICAL_SURFACE('',#5657,3.1);
#5657 = AXIS2_PLACEMENT_3D('',#5658,#5659,#5660);
#5658 = CARTESIAN_POINT('',(49.3,70.,67.15));
#5659 = DIRECTION('',(0.,0.,1.));
#5660 = DIRECTION('',(1.,0.,-0.));
#5661 = DEFINITIONAL_REPRESENTATION('',(#5662),#5666);
#5662 = LINE('',#5663,#5664);
#5663 = CARTESIAN_POINT('',(0.,3.7));
#5664 = VECTOR('',#5665,1.);
#5665 = DIRECTION('',(1.,0.));
#5666 = ( GEOMETRIC_REPRESENTATION_CONTEXT(2) 
PARAMETRIC_REPRESENTATION_CONTEXT() REPRESENTATION_CONTEXT('2D SPACE',''
  ) );
#5667 = FACE_BOUND('',#5668,.T.);
#5668 = EDGE_LOOP('',(#5669));
#5669 = ORIENTED_EDGE('',*,*,#5609,.F.);
#5670 = ADVANCED_FACE('',(#5671),#5596,.T.);
#5671 = FACE_BOUND('',#5672,.T.);
#5672 = EDGE_LOOP('',(#5673));
#5673 = ORIENTED_EDGE('',*,*,#5581,.T.);
#5674 = ADVANCED_FACE('',(#5675),#5656,.T.);
#5675 = FACE_BOUND('',#5676,.T.);
#5676 = EDGE_LOOP('',(#5677,#5678,#5701,#5728));
#5677 = ORIENTED_EDGE('',*,*,#5639,.F.);
#5678 = ORIENTED_EDGE('',*,*,#5679,.F.);
#5679 = EDGE_CURVE('',#5680,#5640,#5682,.T.);
#5680 = VERTEX_POINT('',#5681);
#5681 = CARTESIAN_POINT('',(52.4,70.,67.15));
#5682 = SEAM_CURVE('',#5683,(#5687,#5694),.PCURVE_S1.);
#5683 = LINE('',#5684,#5685);
#5684 = CARTESIAN_POINT('',(52.4,70.,67.15));
#5685 = VECTOR('',#5686,1.);
#5686 = DIRECTION('',(0.,0.,1.));
#5687 = PCURVE('',#5656,#5688);
#5688 = DEFINITIONAL_REPRESENTATION('',(#5689),#5693);
#5689 = LINE('',#5690,#5691);
#5690 = CARTESIAN_POINT('',(6.28318530718,-0.));
#5691 = VECTOR('',#5692,1.);
#5692 = DIRECTION('',(0.,1.));
#5693 = ( GEOMETRIC_REPRESENTATION_CONTEXT(2) 
PARAMETRIC_REPRESENTATION_CONTEXT() REPRESENTATION_CONTEXT('2D SPACE',''
  ) );
#5694 = PCURVE('',#5656,#5695);
#5695 = DEFINITIONAL_REPRESENTATION('',(#5696),#5700);
#5696 = LINE('',#5697,#5698);
#5697 = CARTESIAN_POINT('',(0.,-0.));
#5698 = VECTOR('',#5699,1.);
#5699 = DIRECTION('',(0.,1.));
#5700 = ( GEOMETRIC_REPRESENTATION_CONTEXT(2) 
PARAMETRIC_REPRESENTATION_CONTEXT() REPRESENTATION_CONTEXT('2D SPACE',''
  ) );
#5701 = ORIENTED_EDGE('',*,*,#5702,.T.);
#5702 = EDGE_CURVE('',#5680,#5680,#5703,.T.);
#5703 = SURFACE_CURVE('',#5704,(#5709,#5716),.PCURVE_S1.);
#5704 = CIRCLE('',#5705,3.1);
#5705 = AXIS2_PLACEMENT_3D('',#5706,#5707,#5708);
#5706 = CARTESIAN_POINT('',(49.3,70.,67.15));
#5707 = DIRECTION('',(0.,0.,1.));
#5708 = DIRECTION('',(1.,0.,-0.));
#5709 = PCURVE('',#5656,#5710);
#5710 = DEFINITIONAL_REPRESENTATION('',(#5711),#5715);
#5711 = LINE('',#5712,#5713);
#5712 = CARTESIAN_POINT('',(0.,0.));
#5713 = VECTOR('',#5714,1.);
#5714 = DIRECTION('',(1.,0.));
#5715 = ( GEOMETRIC_REPRESENTATION_CONTEXT(2) 
PARAMETRIC_REPRESENTATION_CONTEXT() REPRESENTATION_CONTEXT('2D SPACE',''
  ) );
#5716 = PCURVE('',#5717,#5722);
#5717 = PLANE('',#5718);
#5718 = AXIS2_PLACEMENT_3D('',#5719,#5720,#5721);
#5719 = CARTESIAN_POINT('',(49.3,70.,67.15));
#5720 = DIRECTION('',(0.,0.,1.));
#5721 = DIRECTION('',(1.,0.,-0.));
#5722 = DEFINITIONAL_REPRESENTATION('',(#5723),#5727);
#5723 = CIRCLE('',#5724,3.1);
#5724 = AXIS2_PLACEMENT_2D('',#5725,#5726);
#5725 = CARTESIAN_POINT('',(0.,0.));
#5726 = DIRECTION('',(1.,0.));
#5727 = ( GEOMETRIC_REPRESENTATION_CONTEXT(2) 
PARAMETRIC_REPRESENTATION_CONTEXT() REPRESENTATION_CONTEXT('2D SPACE',''
  ) );
#5728 = ORIENTED_EDGE('',*,*,#5679,.T.);
#5729 = ADVANCED_FACE('',(#5730,#5733),#5717,.F.);
#5730 = FACE_BOUND('',#5731,.F.);
#5731 = EDGE_LOOP('',(#5732));
#5732 = ORIENTED_EDGE('',*,*,#5702,.T.);
#5733 = FACE_BOUND('',#5734,.F.);
#5734 = EDGE_LOOP('',(#5735));
#5735 = ORIENTED_EDGE('',*,*,#5736,.F.);
#5736 = EDGE_CURVE('',#5737,#5737,#5739,.T.);
#5737 = VERTEX_POINT('',#5738);
#5738 = CARTESIAN_POINT('',(51.,70.,67.15));
#5739 = SURFACE_CURVE('',#5740,(#5745,#5752),.PCURVE_S1.);
#5740 = CIRCLE('',#5741,1.7);
#5741 = AXIS2_PLACEMENT_3D('',#5742,#5743,#5744);
#5742 = CARTESIAN_POINT('',(49.3,70.,67.15));
#5743 = DIRECTION('',(0.,0.,1.));
#5744 = DIRECTION('',(1.,0.,-0.));
#5745 = PCURVE('',#5717,#5746);
#5746 = DEFINITIONAL_REPRESENTATION('',(#5747),#5751);
#5747 = CIRCLE('',#5748,1.7);
#5748 = AXIS2_PLACEMENT_2D('',#5749,#5750);
#5749 = CARTESIAN_POINT('',(0.,0.));
#5750 = DIRECTION('',(1.,0.));
#5751 = ( GEOMETRIC_REPRESENTATION_CONTEXT(2) 
PARAMETRIC_REPRESENTATION_CONTEXT() REPRESENTATION_CONTEXT('2D SPACE',''
  ) );
#5752 = PCURVE('',#5753,#5758);
#5753 = CYLINDRICAL_SURFACE('',#5754,1.7);
#5754 = AXIS2_PLACEMENT_3D('',#5755,#5756,#5757);
#5755 = CARTESIAN_POINT('',(49.3,70.,63.5));
#5756 = DIRECTION('',(0.,0.,1.));
#5757 = DIRECTION('',(1.,0.,-0.));
#5758 = DEFINITIONAL_REPRESENTATION('',(#5759),#5763);
#5759 = LINE('',#5760,#5761);
#5760 = CARTESIAN_POINT('',(0.,3.65));
#5761 = VECTOR('',#5762,1.);
#5762 = DIRECTION('',(1.,0.));
#5763 = ( GEOMETRIC_REPRESENTATION_CONTEXT(2) 
PARAMETRIC_REPRESENTATION_CONTEXT() REPRESENTATION_CONTEXT('2D SPACE',''
  ) );
#5764 = ADVANCED_FACE('',(#5765),#5753,.T.);
#5765 = FACE_BOUND('',#5766,.T.);
#5766 = EDGE_LOOP('',(#5767,#5768,#5791,#5818));
#5767 = ORIENTED_EDGE('',*,*,#5736,.F.);
#5768 = ORIENTED_EDGE('',*,*,#5769,.F.);
#5769 = EDGE_CURVE('',#5770,#5737,#5772,.T.);
#5770 = VERTEX_POINT('',#5771);
#5771 = CARTESIAN_POINT('',(51.,70.,63.5));
#5772 = SEAM_CURVE('',#5773,(#5777,#5784),.PCURVE_S1.);
#5773 = LINE('',#5774,#5775);
#5774 = CARTESIAN_POINT('',(51.,70.,63.5));
#5775 = VECTOR('',#5776,1.);
#5776 = DIRECTION('',(0.,0.,1.));
#5777 = PCURVE('',#5753,#5778);
#5778 = DEFINITIONAL_REPRESENTATION('',(#5779),#5783);
#5779 = LINE('',#5780,#5781);
#5780 = CARTESIAN_POINT('',(6.28318530718,-0.));
#5781 = VECTOR('',#5782,1.);
#5782 = DIRECTION('',(0.,1.));
#5783 = ( GEOMETRIC_REPRESENTATION_CONTEXT(2) 
PARAMETRIC_REPRESENTATION_CONTEXT() REPRESENTATION_CONTEXT('2D SPACE',''
  ) );
#5784 = PCURVE('',#5753,#5785);
#5785 = DEFINITIONAL_REPRESENTATION('',(#5786),#5790);
#5786 = LINE('',#5787,#5788);
#5787 = CARTESIAN_POINT('',(0.,-0.));
#5788 = VECTOR('',#5789,1.);
#5789 = DIRECTION('',(0.,1.));
#5790 = ( GEOMETRIC_REPRESENTATION_CONTEXT(2) 
PARAMETRIC_REPRESENTATION_CONTEXT() REPRESENTATION_CONTEXT('2D SPACE',''
  ) );
#5791 = ORIENTED_EDGE('',*,*,#5792,.T.);
#5792 = EDGE_CURVE('',#5770,#5770,#5793,.T.);
#5793 = SURFACE_CURVE('',#5794,(#5799,#5806),.PCURVE_S1.);
#5794 = CIRCLE('',#5795,1.7);
#5795 = AXIS2_PLACEMENT_3D('',#5796,#5797,#5798);
#5796 = CARTESIAN_POINT('',(49.3,70.,63.5));
#5797 = DIRECTION('',(0.,0.,1.));
#5798 = DIRECTION('',(1.,0.,-0.));
#5799 = PCURVE('',#5753,#5800);
#5800 = DEFINITIONAL_REPRESENTATION('',(#5801),#5805);
#5801 = LINE('',#5802,#5803);
#5802 = CARTESIAN_POINT('',(0.,0.));
#5803 = VECTOR('',#5804,1.);
#5804 = DIRECTION('',(1.,0.));
#5805 = ( GEOMETRIC_REPRESENTATION_CONTEXT(2) 
PARAMETRIC_REPRESENTATION_CONTEXT() REPRESENTATION_CONTEXT('2D SPACE',''
  ) );
#5806 = PCURVE('',#5807,#5812);
#5807 = PLANE('',#5808);
#5808 = AXIS2_PLACEMENT_3D('',#5809,#5810,#5811);
#5809 = CARTESIAN_POINT('',(49.3,70.,63.5));
#5810 = DIRECTION('',(0.,0.,1.));
#5811 = DIRECTION('',(1.,0.,-0.));
#5812 = DEFINITIONAL_REPRESENTATION('',(#5813),#5817);
#5813 = CIRCLE('',#5814,1.7);
#5814 = AXIS2_PLACEMENT_2D('',#5815,#5816);
#5815 = CARTESIAN_POINT('',(0.,0.));
#5816 = DIRECTION('',(1.,0.));
#5817 = ( GEOMETRIC_REPRESENTATION_CONTEXT(2) 
PARAMETRIC_REPRESENTATION_CONTEXT() REPRESENTATION_CONTEXT('2D SPACE',''
  ) );
#5818 = ORIENTED_EDGE('',*,*,#5769,.T.);
#5819 = ADVANCED_FACE('',(#5820),#5807,.F.);
#5820 = FACE_BOUND('',#5821,.T.);
#5821 = EDGE_LOOP('',(#5822));
#5822 = ORIENTED_EDGE('',*,*,#5792,.F.);
#5823 = ( GEOMETRIC_REPRESENTATION_CONTEXT(3) 
GLOBAL_UNCERTAINTY_ASSIGNED_CONTEXT((#5827)) 
GLOBAL_UNIT_ASSIGNED_CONTEXT((#5824,#5825,#5826)) REPRESENTATION_CONTEXT
('Context #1','3D Context with UNIT and UNCERTAINTY') );
#5824 = ( LENGTH_UNIT() NAMED_UNIT(*) SI_UNIT(.MILLI.,.METRE.) );
#5825 = ( NAMED_UNIT(*) PLANE_ANGLE_UNIT() SI_UNIT($,.RADIAN.) );
#5826 = ( NAMED_UNIT(*) SI_UNIT($,.STERADIAN.) SOLID_ANGLE_UNIT() );
#5827 = UNCERTAINTY_MEASURE_WITH_UNIT(LENGTH_MEASURE(1.E-07),#5824,
  'distance_accuracy_value','confusion accuracy');
#5828 = PRODUCT_RELATED_PRODUCT_CATEGORY('part',$,(#7));
ENDSEC;
END-ISO-10303-21;
