ISO-10303-21;
HEADER;
FILE_DESCRIPTION(('Open CASCADE Model'),'2;1');
FILE_NAME('Open CASCADE Shape Model','2026-09-27T21:06:28',('Author'),(
    'Open CASCADE'),'Open CASCADE STEP processor 8.0','build123d',
  'Unknown');
FILE_SCHEMA(('AUTOMOTIVE_DESIGN { 1 0 10303 214 1 1 1 1 }'));
ENDSEC;
DATA;
#1 = APPLICATION_PROTOCOL_DEFINITION('international standard',
  'automotive_design',2000,#2);
#2 = APPLICATION_CONTEXT(
  'core data for automotive mechanical design processes');
#3 = SHAPE_DEFINITION_REPRESENTATION(#4,#10);
#4 = PRODUCT_DEFINITION_SHAPE('','',#5);
#5 = PRODUCT_DEFINITION('design','',#6,#9);
#6 = PRODUCT_DEFINITION_FORMATION('','',#7);
#7 = PRODUCT('=>[0:1:1:2]','=>[0:1:1:2]','',(#8));
#8 = PRODUCT_CONTEXT('',#2,'mechanical');
#9 = PRODUCT_DEFINITION_CONTEXT('part definition',#2,'design');
#10 = SHAPE_REPRESENTATION('',(#11,#15),#19);
#11 = AXIS2_PLACEMENT_3D('',#12,#13,#14);
#12 = CARTESIAN_POINT('',(0.,0.,0.));
#13 = DIRECTION('',(0.,0.,1.));
#14 = DIRECTION('',(1.,0.,-0.));
#15 = AXIS2_PLACEMENT_3D('',#16,#17,#18);
#16 = CARTESIAN_POINT('',(0.,0.,0.));
#17 = DIRECTION('',(-0.,6.975647374413E-02,0.99756405026));
#18 = DIRECTION('',(1.,0.,0.));
#19 = ( GEOMETRIC_REPRESENTATION_CONTEXT(3) 
GLOBAL_UNCERTAINTY_ASSIGNED_CONTEXT((#23)) GLOBAL_UNIT_ASSIGNED_CONTEXT(
(#20,#21,#22)) REPRESENTATION_CONTEXT('Context #1',
  '3D Context with UNIT and UNCERTAINTY') );
#20 = ( LENGTH_UNIT() NAMED_UNIT(*) SI_UNIT(.MILLI.,.METRE.) );
#21 = ( NAMED_UNIT(*) PLANE_ANGLE_UNIT() SI_UNIT($,.RADIAN.) );
#22 = ( NAMED_UNIT(*) SI_UNIT($,.STERADIAN.) SOLID_ANGLE_UNIT() );
#23 = UNCERTAINTY_MEASURE_WITH_UNIT(LENGTH_MEASURE(1.E-07),#20,
  'distance_accuracy_value','confusion accuracy');
#24 = PRODUCT_RELATED_PRODUCT_CATEGORY('part',$,(#7));
#25 = SHAPE_DEFINITION_REPRESENTATION(#26,#32);
#26 = PRODUCT_DEFINITION_SHAPE('','',#27);
#27 = PRODUCT_DEFINITION('design','',#28,#31);
#28 = PRODUCT_DEFINITION_FORMATION('','',#29);
#29 = PRODUCT('SOLID','SOLID','',(#30));
#30 = PRODUCT_CONTEXT('',#2,'mechanical');
#31 = PRODUCT_DEFINITION_CONTEXT('part definition',#2,'design');
#32 = ADVANCED_BREP_SHAPE_REPRESENTATION('',(#11,#33),#1898);
#33 = MANIFOLD_SOLID_BREP('',#34);
#34 = CLOSED_SHELL('',(#35,#530,#1011,#1046,#1094,#1524,#1552,#1602,
    #1659,#1719,#1824,#1879,#1883,#1890,#1894));
#35 = ADVANCED_FACE('',(#36,#327),#54,.T.);
#36 = FACE_BOUND('',#37,.T.);
#37 = EDGE_LOOP('',(#38,#85,#114,#214,#243,#276,#299,#326));
#38 = ORIENTED_EDGE('',*,*,#39,.F.);
#39 = EDGE_CURVE('',#40,#42,#44,.T.);
#40 = VERTEX_POINT('',#41);
#41 = CARTESIAN_POINT('',(14.542199792062,0.916515138991,7.));
#42 = VERTEX_POINT('',#43);
#43 = CARTESIAN_POINT('',(14.547368421053,-3.563077634572E-15,7.2));
#44 = SURFACE_CURVE('',#45,(#53,#69),.PCURVE_S1.);
#45 = B_SPLINE_CURVE_WITH_KNOTS('',6,(#46,#47,#48,#49,#50,#51,#52),
  .UNSPECIFIED.,.F.,.F.,(7,7),(0.,1.),.PIECEWISE_BEZIER_KNOTS.);
#46 = CARTESIAN_POINT('',(14.542199792062,0.916515138991,7.));
#47 = CARTESIAN_POINT('',(14.543385207765,0.779465004367,7.062804261592)
  );
#48 = CARTESIAN_POINT('',(14.544716071569,0.633959756162,7.115847764176)
  );
#49 = CARTESIAN_POINT('',(14.545968264454,0.481166676288,7.157361750871)
  );
#50 = CARTESIAN_POINT('',(14.546902711528,0.322830894668,7.185796249884)
  );
#51 = CARTESIAN_POINT('',(14.547368421053,0.161364368643,7.2));
#52 = CARTESIAN_POINT('',(14.547368421053,0.,7.2));
#53 = PCURVE('',#54,#59);
#54 = CONICAL_SURFACE('',#55,15.4,0.117872103197);
#55 = AXIS2_PLACEMENT_3D('',#56,#57,#58);
#56 = CARTESIAN_POINT('',(0.,0.,0.));
#57 = DIRECTION('',(-0.,-0.,-1.));
#58 = DIRECTION('',(1.,0.,-0.));
#59 = DEFINITIONAL_REPRESENTATION('',(#60),#68);
#60 = B_SPLINE_CURVE_WITH_KNOTS('',6,(#61,#62,#63,#64,#65,#66,#67),
  .UNSPECIFIED.,.F.,.F.,(7,7),(0.,1.),.PIECEWISE_BEZIER_KNOTS.);
#61 = CARTESIAN_POINT('',(-6.294127040239E-02,-7.));
#62 = CARTESIAN_POINT('',(-5.354913375567E-02,-7.062804261592));
#63 = CARTESIAN_POINT('',(-4.356574260408E-02,-7.115847764176));
#64 = CARTESIAN_POINT('',(-3.307253468617E-02,-7.157361750871));
#65 = CARTESIAN_POINT('',(-2.219170588827E-02,-7.185796249884));
#66 = CARTESIAN_POINT('',(-1.109234082566E-02,-7.2));
#67 = CARTESIAN_POINT('',(0.,-7.2));
#68 = ( GEOMETRIC_REPRESENTATION_CONTEXT(2) 
PARAMETRIC_REPRESENTATION_CONTEXT() REPRESENTATION_CONTEXT('2D SPACE',''
  ) );
#69 = PCURVE('',#70,#75);
#70 = CYLINDRICAL_SURFACE('',#71,2.2);
#71 = AXIS2_PLACEMENT_3D('',#72,#73,#74);
#72 = CARTESIAN_POINT('',(-23.4,0.,5.));
#73 = DIRECTION('',(1.,0.,2.22044604925E-16));
#74 = DIRECTION('',(2.22044604925E-16,0.,-1.));
#75 = DEFINITIONAL_REPRESENTATION('',(#76),#84);
#76 = B_SPLINE_CURVE_WITH_KNOTS('',6,(#77,#78,#79,#80,#81,#82,#83),
  .UNSPECIFIED.,.F.,.F.,(7,7),(0.,1.),.PIECEWISE_BEZIER_KNOTS.);
#77 = CARTESIAN_POINT('',(2.711892987438,37.942199792062));
#78 = CARTESIAN_POINT('',(2.780418054751,37.943385207765));
#79 = CARTESIAN_POINT('',(2.850588139305,37.944716071569));
#80 = CARTESIAN_POINT('',(2.922168540974,37.945968264454));
#81 = CARTESIAN_POINT('',(2.994851750782,37.946902711528));
#82 = CARTESIAN_POINT('',(3.068245213298,37.947368421053));
#83 = CARTESIAN_POINT('',(3.14159265359,37.947368421053));
#84 = ( GEOMETRIC_REPRESENTATION_CONTEXT(2) 
PARAMETRIC_REPRESENTATION_CONTEXT() REPRESENTATION_CONTEXT('2D SPACE',''
  ) );
#85 = ORIENTED_EDGE('',*,*,#86,.T.);
#86 = EDGE_CURVE('',#40,#87,#89,.T.);
#87 = VERTEX_POINT('',#88);
#88 = CARTESIAN_POINT('',(-14.54219979206,0.916515138991,7.));
#89 = SURFACE_CURVE('',#90,(#95,#102),.PCURVE_S1.);
#90 = CIRCLE('',#91,14.571052631579);
#91 = AXIS2_PLACEMENT_3D('',#92,#93,#94);
#92 = CARTESIAN_POINT('',(0.,0.,7.));
#93 = DIRECTION('',(0.,0.,1.));
#94 = DIRECTION('',(1.,0.,-0.));
#95 = PCURVE('',#54,#96);
#96 = DEFINITIONAL_REPRESENTATION('',(#97),#101);
#97 = LINE('',#98,#99);
#98 = CARTESIAN_POINT('',(-0.,-7.));
#99 = VECTOR('',#100,1.);
#100 = DIRECTION('',(-1.,-0.));
#101 = ( GEOMETRIC_REPRESENTATION_CONTEXT(2) 
PARAMETRIC_REPRESENTATION_CONTEXT() REPRESENTATION_CONTEXT('2D SPACE',''
  ) );
#102 = PCURVE('',#103,#108);
#103 = PLANE('',#104);
#104 = AXIS2_PLACEMENT_3D('',#105,#106,#107);
#105 = CARTESIAN_POINT('',(0.,0.,7.));
#106 = DIRECTION('',(0.,0.,1.));
#107 = DIRECTION('',(1.,0.,-0.));
#108 = DEFINITIONAL_REPRESENTATION('',(#109),#113);
#109 = CIRCLE('',#110,14.571052631579);
#110 = AXIS2_PLACEMENT_2D('',#111,#112);
#111 = CARTESIAN_POINT('',(0.,0.));
#112 = DIRECTION('',(1.,0.));
#113 = ( GEOMETRIC_REPRESENTATION_CONTEXT(2) 
PARAMETRIC_REPRESENTATION_CONTEXT() REPRESENTATION_CONTEXT('2D SPACE',''
  ) );
#114 = ORIENTED_EDGE('',*,*,#115,.T.);
#115 = EDGE_CURVE('',#87,#116,#118,.T.);
#116 = VERTEX_POINT('',#117);
#117 = CARTESIAN_POINT('',(-14.54219979206,-0.916515138991,7.));
#118 = SURFACE_CURVE('',#119,(#147,#178),.PCURVE_S1.);
#119 = B_SPLINE_CURVE_WITH_KNOTS('',6,(#120,#121,#122,#123,#124,#125,
    #126,#127,#128,#129,#130,#131,#132,#133,#134,#135,#136,#137,#138,
    #139,#140,#141,#142,#143,#144,#145,#146),.UNSPECIFIED.,.F.,.F.,(7,5,
    5,5,5,7),(0.,0.173440864501,0.499104982077,0.722491815289,
    0.826828497269,1.),.UNSPECIFIED.);
#120 = CARTESIAN_POINT('',(-14.54219979206,0.916515138991,7.));
#121 = CARTESIAN_POINT('',(-14.54261116896,0.868954389321,7.021795073547
    ));
#122 = CARTESIAN_POINT('',(-14.54303989692,0.82039747303,7.042404398881)
  );
#123 = CARTESIAN_POINT('',(-14.5434766287,0.770883033622,7.061761902966)
  );
#124 = CARTESIAN_POINT('',(-14.54391190091,0.72045989281,7.079800712238)
  );
#125 = CARTESIAN_POINT('',(-14.54433652611,0.669188659794,7.096455725998
    ));
#126 = CARTESIAN_POINT('',(-14.5455033008,0.519419583126,7.140226369639)
  );
#127 = CARTESIAN_POINT('',(-14.54619726647,0.418937417639,7.163702256913
    ));
#128 = CARTESIAN_POINT('',(-14.54676716561,0.316235851909,7.181671074611
    ));
#129 = CARTESIAN_POINT('',(-14.5471652951,0.211953898177,7.193808363385)
  );
#130 = CARTESIAN_POINT('',(-14.54736568948,0.106834129271,7.199916743256
    ));
#131 = CARTESIAN_POINT('',(-14.54737025719,-7.03679764364E-02,
    7.200055964587));
#132 = CARTESIAN_POINT('',(-14.54727911503,-0.142472889817,
    7.197277330401));
#133 = CARTESIAN_POINT('',(-14.54709478891,-0.214320209103,7.19166260757
    ));
#134 = CARTESIAN_POINT('',(-14.54682297598,-0.285660960957,
    7.183252382478));
#135 = CARTESIAN_POINT('',(-14.54647426863,-0.356263674413,
    7.172122551317));
#136 = CARTESIAN_POINT('',(-14.5458711583,-0.458446541705,7.151958710985
    ));
#137 = CARTESIAN_POINT('',(-14.54566551846,-0.490771798576,
    7.144968580453));
#138 = CARTESIAN_POINT('',(-14.54544773387,-0.522869727745,
    7.137418474584));
#139 = CARTESIAN_POINT('',(-14.54521941915,-0.554721072449,7.12931993986
    ));
#140 = CARTESIAN_POINT('',(-14.54498231948,-0.58630814805,7.120685435684
    ));
#141 = CARTESIAN_POINT('',(-14.54433331999,-0.66957573576,7.096329950042
    ));
#142 = CARTESIAN_POINT('',(-14.54390927184,-0.720764435027,
    7.079691740094));
#143 = CARTESIAN_POINT('',(-14.54347465035,-0.771107327126,7.06167420499
    ));
#144 = CARTESIAN_POINT('',(-14.54303860223,-0.820544112082,
    7.042342156322));
#145 = CARTESIAN_POINT('',(-14.54261054779,-0.869026205096,
    7.021762163425));
#146 = CARTESIAN_POINT('',(-14.54219979206,-0.916515138991,7.));
#147 = PCURVE('',#54,#148);
#148 = DEFINITIONAL_REPRESENTATION('',(#149),#177);
#149 = B_SPLINE_CURVE_WITH_KNOTS('',6,(#150,#151,#152,#153,#154,#155,
    #156,#157,#158,#159,#160,#161,#162,#163,#164,#165,#166,#167,#168,
    #169,#170,#171,#172,#173,#174,#175,#176),.UNSPECIFIED.,.F.,.F.,(7,5,
    5,5,5,7),(0.,0.173440864501,0.499104982077,0.722491815289,
    0.826828497269,1.),.UNSPECIFIED.);
#150 = CARTESIAN_POINT('',(-3.078651383187,-7.));
#151 = CARTESIAN_POINT('',(-3.081910752915,-7.021795073547));
#152 = CARTESIAN_POINT('',(-3.085239813905,-7.042404398881));
#153 = CARTESIAN_POINT('',(-3.088635855581,-7.061761902966));
#154 = CARTESIAN_POINT('',(-3.092095454864,-7.079800712238));
#155 = CARTESIAN_POINT('',(-3.095614365333,-7.096455725998));
#156 = CARTESIAN_POINT('',(-3.105896386203,-7.140226369639));
#157 = CARTESIAN_POINT('',(-3.112798219813,-7.163702256913));
#158 = CARTESIAN_POINT('',(-3.119855245757,-7.181671074611));
#159 = CARTESIAN_POINT('',(-3.127022750262,-7.193808363385));
#160 = CARTESIAN_POINT('',(-3.134248773572,-7.199916743256));
#161 = CARTESIAN_POINT('',(-3.146429815454,-7.200055964587));
#162 = CARTESIAN_POINT('',(-3.151386380849,-7.197277330401));
#163 = CARTESIAN_POINT('',(-3.156324947692,-7.19166260757));
#164 = CARTESIAN_POINT('',(-3.161228106441,-7.183252382478));
#165 = CARTESIAN_POINT('',(-3.166079667801,-7.172122551317));
#166 = CARTESIAN_POINT('',(-3.173099641494,-7.151958710985));
#167 = CARTESIAN_POINT('',(-3.1753201397,-7.144968580453));
#168 = CARTESIAN_POINT('',(-3.177524744149,-7.137418474584));
#169 = CARTESIAN_POINT('',(-3.179712107564,-7.12931993986));
#170 = CARTESIAN_POINT('',(-3.181880992336,-7.120685435684));
#171 = CARTESIAN_POINT('',(-3.187597508096,-7.096329950042));
#172 = CARTESIAN_POINT('',(-3.191110747349,-7.079691740094));
#173 = CARTESIAN_POINT('',(-3.194564835185,-7.06167420499));
#174 = CARTESIAN_POINT('',(-3.197955546841,-7.042342156322));
#175 = CARTESIAN_POINT('',(-3.201279475848,-7.021762163425));
#176 = CARTESIAN_POINT('',(-3.204533923992,-7.));
#177 = ( GEOMETRIC_REPRESENTATION_CONTEXT(2) 
PARAMETRIC_REPRESENTATION_CONTEXT() REPRESENTATION_CONTEXT('2D SPACE',''
  ) );
#178 = PCURVE('',#179,#184);
#179 = CYLINDRICAL_SURFACE('',#180,2.2);
#180 = AXIS2_PLACEMENT_3D('',#181,#182,#183);
#181 = CARTESIAN_POINT('',(-23.4,0.,5.));
#182 = DIRECTION('',(1.,0.,2.22044604925E-16));
#183 = DIRECTION('',(2.22044604925E-16,0.,-1.));
#184 = DEFINITIONAL_REPRESENTATION('',(#185),#213);
#185 = B_SPLINE_CURVE_WITH_KNOTS('',6,(#186,#187,#188,#189,#190,#191,
    #192,#193,#194,#195,#196,#197,#198,#199,#200,#201,#202,#203,#204,
    #205,#206,#207,#208,#209,#210,#211,#212),.UNSPECIFIED.,.F.,.F.,(7,5,
    5,5,5,7),(0.,0.173440864501,0.499104982077,0.722491815289,
    0.826828497269,1.),.UNSPECIFIED.);
#186 = CARTESIAN_POINT('',(2.711892987438,8.857800207938));
#187 = CARTESIAN_POINT('',(2.735673362273,8.857388831038));
#188 = CARTESIAN_POINT('',(2.759640848727,8.856960103071));
#189 = CARTESIAN_POINT('',(2.783791130846,8.856523371299));
#190 = CARTESIAN_POINT('',(2.808117560974,8.856088099082));
#191 = CARTESIAN_POINT('',(2.832610581596,8.855663473884));
#192 = CARTESIAN_POINT('',(2.903535180091,8.854496699192));
#193 = CARTESIAN_POINT('',(2.950368375727,8.853802733528));
#194 = CARTESIAN_POINT('',(2.997646217934,8.853232834387));
#195 = CARTESIAN_POINT('',(3.045247811468,8.852834704895));
#196 = CARTESIAN_POINT('',(3.093031670914,8.852634310518));
#197 = CARTESIAN_POINT('',(3.173578107458,8.852629742805));
#198 = CARTESIAN_POINT('',(3.206352042054,8.85272088497));
#199 = CARTESIAN_POINT('',(3.239071318216,8.852905211081));
#200 = CARTESIAN_POINT('',(3.27168594317,8.853177024014));
#201 = CARTESIAN_POINT('',(3.304150374586,8.853525731366));
#202 = CARTESIAN_POINT('',(3.35149280315,8.854128841696));
#203 = CARTESIAN_POINT('',(3.366523233927,8.854334481536));
#204 = CARTESIAN_POINT('',(3.381507749122,8.854552266127));
#205 = CARTESIAN_POINT('',(3.396442714816,8.854780580848));
#206 = CARTESIAN_POINT('',(3.411324894964,8.855017680512));
#207 = CARTESIAN_POINT('',(3.450759642939,8.855666680007));
#208 = CARTESIAN_POINT('',(3.475214674839,8.856090728156));
#209 = CARTESIAN_POINT('',(3.499503575665,8.856525349644));
#210 = CARTESIAN_POINT('',(3.5236168396,8.85696139777));
#211 = CARTESIAN_POINT('',(3.547547852794,8.857389452209));
#212 = CARTESIAN_POINT('',(3.571292319741,8.857800207938));
#213 = ( GEOMETRIC_REPRESENTATION_CONTEXT(2) 
PARAMETRIC_REPRESENTATION_CONTEXT() REPRESENTATION_CONTEXT('2D SPACE',''
  ) );
#214 = ORIENTED_EDGE('',*,*,#215,.T.);
#215 = EDGE_CURVE('',#116,#216,#218,.T.);
#216 = VERTEX_POINT('',#217);
#217 = CARTESIAN_POINT('',(14.542199792062,-0.916515138991,7.));
#218 = SURFACE_CURVE('',#219,(#224,#231),.PCURVE_S1.);
#219 = CIRCLE('',#220,14.571052631579);
#220 = AXIS2_PLACEMENT_3D('',#221,#222,#223);
#221 = CARTESIAN_POINT('',(0.,0.,7.));
#222 = DIRECTION('',(0.,0.,1.));
#223 = DIRECTION('',(1.,0.,-0.));
#224 = PCURVE('',#54,#225);
#225 = DEFINITIONAL_REPRESENTATION('',(#226),#230);
#226 = LINE('',#227,#228);
#227 = CARTESIAN_POINT('',(-0.,-7.));
#228 = VECTOR('',#229,1.);
#229 = DIRECTION('',(-1.,-0.));
#230 = ( GEOMETRIC_REPRESENTATION_CONTEXT(2) 
PARAMETRIC_REPRESENTATION_CONTEXT() REPRESENTATION_CONTEXT('2D SPACE',''
  ) );
#231 = PCURVE('',#232,#237);
#232 = PLANE('',#233);
#233 = AXIS2_PLACEMENT_3D('',#234,#235,#236);
#234 = CARTESIAN_POINT('',(0.,0.,7.));
#235 = DIRECTION('',(0.,0.,1.));
#236 = DIRECTION('',(1.,0.,-0.));
#237 = DEFINITIONAL_REPRESENTATION('',(#238),#242);
#238 = CIRCLE('',#239,14.571052631579);
#239 = AXIS2_PLACEMENT_2D('',#240,#241);
#240 = CARTESIAN_POINT('',(0.,0.));
#241 = DIRECTION('',(1.,0.));
#242 = ( GEOMETRIC_REPRESENTATION_CONTEXT(2) 
PARAMETRIC_REPRESENTATION_CONTEXT() REPRESENTATION_CONTEXT('2D SPACE',''
  ) );
#243 = ORIENTED_EDGE('',*,*,#244,.F.);
#244 = EDGE_CURVE('',#42,#216,#245,.T.);
#245 = SURFACE_CURVE('',#246,(#254,#265),.PCURVE_S1.);
#246 = B_SPLINE_CURVE_WITH_KNOTS('',6,(#247,#248,#249,#250,#251,#252,
    #253),.UNSPECIFIED.,.F.,.F.,(7,7),(0.,1.),.PIECEWISE_BEZIER_KNOTS.);
#247 = CARTESIAN_POINT('',(14.547368421053,2.22044604925E-16,7.2));
#248 = CARTESIAN_POINT('',(14.547368421053,-0.161365142734,7.2));
#249 = CARTESIAN_POINT('',(14.546902706263,-0.322831676876,
    7.185796105488));
#250 = CARTESIAN_POINT('',(14.545968262446,-0.481166707148,
    7.157361626178));
#251 = CARTESIAN_POINT('',(14.544716072981,-0.633959668354,
    7.115847871194));
#252 = CARTESIAN_POINT('',(14.54338520516,-0.779465305598,7.06280412355)
  );
#253 = CARTESIAN_POINT('',(14.542199792062,-0.916515138991,7.));
#254 = PCURVE('',#54,#255);
#255 = DEFINITIONAL_REPRESENTATION('',(#256),#264);
#256 = B_SPLINE_CURVE_WITH_KNOTS('',6,(#257,#258,#259,#260,#261,#262,
    #263),.UNSPECIFIED.,.F.,.F.,(7,7),(0.,1.),.PIECEWISE_BEZIER_KNOTS.);
#257 = CARTESIAN_POINT('',(-6.28318530718,-7.2));
#258 = CARTESIAN_POINT('',(-6.272092913142,-7.2));
#259 = CARTESIAN_POINT('',(-6.260993547514,-7.185796105488));
#260 = CARTESIAN_POINT('',(-6.250112770454,-7.157361626178));
#261 = CARTESIAN_POINT('',(-6.239619570545,-7.115847871194));
#262 = CARTESIAN_POINT('',(-6.22963615278,-7.06280412355));
#263 = CARTESIAN_POINT('',(-6.220244036777,-7.));
#264 = ( GEOMETRIC_REPRESENTATION_CONTEXT(2) 
PARAMETRIC_REPRESENTATION_CONTEXT() REPRESENTATION_CONTEXT('2D SPACE',''
  ) );
#265 = PCURVE('',#70,#266);
#266 = DEFINITIONAL_REPRESENTATION('',(#267),#275);
#267 = B_SPLINE_CURVE_WITH_KNOTS('',6,(#268,#269,#270,#271,#272,#273,
    #274),.UNSPECIFIED.,.F.,.F.,(7,7),(0.,1.),.PIECEWISE_BEZIER_KNOTS.);
#268 = CARTESIAN_POINT('',(3.14159265359,37.947368421053));
#269 = CARTESIAN_POINT('',(3.214940445742,37.947368421053));
#270 = CARTESIAN_POINT('',(3.288333910174,37.946902706263));
#271 = CARTESIAN_POINT('',(3.361016797883,37.945968262446));
#272 = CARTESIAN_POINT('',(3.432597113637,37.944716072981));
#273 = CARTESIAN_POINT('',(3.502767403045,37.94338520516));
#274 = CARTESIAN_POINT('',(3.571292319741,37.942199792062));
#275 = ( GEOMETRIC_REPRESENTATION_CONTEXT(2) 
PARAMETRIC_REPRESENTATION_CONTEXT() REPRESENTATION_CONTEXT('2D SPACE',''
  ) );
#276 = ORIENTED_EDGE('',*,*,#277,.T.);
#277 = EDGE_CURVE('',#42,#278,#280,.T.);
#278 = VERTEX_POINT('',#279);
#279 = CARTESIAN_POINT('',(11.728947368421,-2.872763570421E-15,31.));
#280 = SEAM_CURVE('',#281,(#285,#292),.PCURVE_S1.);
#281 = LINE('',#282,#283);
#282 = CARTESIAN_POINT('',(15.4,-3.771912141374E-15,0.));
#283 = VECTOR('',#284,1.);
#284 = DIRECTION('',(-0.117599343536,2.880353192868E-17,0.993061123194)
  );
#285 = PCURVE('',#54,#286);
#286 = DEFINITIONAL_REPRESENTATION('',(#287),#291);
#287 = LINE('',#288,#289);
#288 = CARTESIAN_POINT('',(0.,-0.));
#289 = VECTOR('',#290,1.);
#290 = DIRECTION('',(-0.,-1.));
#291 = ( GEOMETRIC_REPRESENTATION_CONTEXT(2) 
PARAMETRIC_REPRESENTATION_CONTEXT() REPRESENTATION_CONTEXT('2D SPACE',''
  ) );
#292 = PCURVE('',#54,#293);
#293 = DEFINITIONAL_REPRESENTATION('',(#294),#298);
#294 = LINE('',#295,#296);
#295 = CARTESIAN_POINT('',(-6.28318530718,0.));
#296 = VECTOR('',#297,1.);
#297 = DIRECTION('',(-0.,-1.));
#298 = ( GEOMETRIC_REPRESENTATION_CONTEXT(2) 
PARAMETRIC_REPRESENTATION_CONTEXT() REPRESENTATION_CONTEXT('2D SPACE',''
  ) );
#299 = ORIENTED_EDGE('',*,*,#300,.F.);
#300 = EDGE_CURVE('',#278,#278,#301,.T.);
#301 = SURFACE_CURVE('',#302,(#307,#314),.PCURVE_S1.);
#302 = CIRCLE('',#303,11.728947368421);
#303 = AXIS2_PLACEMENT_3D('',#304,#305,#306);
#304 = CARTESIAN_POINT('',(0.,0.,31.));
#305 = DIRECTION('',(0.,0.,1.));
#306 = DIRECTION('',(1.,0.,-0.));
#307 = PCURVE('',#54,#308);
#308 = DEFINITIONAL_REPRESENTATION('',(#309),#313);
#309 = LINE('',#310,#311);
#310 = CARTESIAN_POINT('',(-0.,-31.));
#311 = VECTOR('',#312,1.);
#312 = DIRECTION('',(-1.,-0.));
#313 = ( GEOMETRIC_REPRESENTATION_CONTEXT(2) 
PARAMETRIC_REPRESENTATION_CONTEXT() REPRESENTATION_CONTEXT('2D SPACE',''
  ) );
#314 = PCURVE('',#315,#320);
#315 = PLANE('',#316);
#316 = AXIS2_PLACEMENT_3D('',#317,#318,#319);
#317 = CARTESIAN_POINT('',(0.,0.,31.));
#318 = DIRECTION('',(0.,0.,1.));
#319 = DIRECTION('',(1.,0.,-0.));
#320 = DEFINITIONAL_REPRESENTATION('',(#321),#325);
#321 = CIRCLE('',#322,11.728947368421);
#322 = AXIS2_PLACEMENT_2D('',#323,#324);
#323 = CARTESIAN_POINT('',(0.,0.));
#324 = DIRECTION('',(1.,0.));
#325 = ( GEOMETRIC_REPRESENTATION_CONTEXT(2) 
PARAMETRIC_REPRESENTATION_CONTEXT() REPRESENTATION_CONTEXT('2D SPACE',''
  ) );
#326 = ORIENTED_EDGE('',*,*,#277,.F.);
#327 = FACE_BOUND('',#328,.T.);
#328 = EDGE_LOOP('',(#329,#360));
#329 = ORIENTED_EDGE('',*,*,#330,.F.);
#330 = EDGE_CURVE('',#331,#333,#335,.T.);
#331 = VERTEX_POINT('',#332);
#332 = CARTESIAN_POINT('',(2.57624901514,14.164596438863,8.47));
#333 = VERTEX_POINT('',#334);
#334 = CARTESIAN_POINT('',(-2.57624901514,14.164596438863,8.47));
#335 = SURFACE_CURVE('',#336,(#341,#348),.PCURVE_S1.);
#336 = CIRCLE('',#337,14.396973684211);
#337 = AXIS2_PLACEMENT_3D('',#338,#339,#340);
#338 = CARTESIAN_POINT('',(0.,0.,8.47));
#339 = DIRECTION('',(0.,0.,1.));
#340 = DIRECTION('',(1.,0.,-0.));
#341 = PCURVE('',#54,#342);
#342 = DEFINITIONAL_REPRESENTATION('',(#343),#347);
#343 = LINE('',#344,#345);
#344 = CARTESIAN_POINT('',(-0.,-8.47));
#345 = VECTOR('',#346,1.);
#346 = DIRECTION('',(-1.,-0.));
#347 = ( GEOMETRIC_REPRESENTATION_CONTEXT(2) 
PARAMETRIC_REPRESENTATION_CONTEXT() REPRESENTATION_CONTEXT('2D SPACE',''
  ) );
#348 = PCURVE('',#349,#354);
#349 = PLANE('',#350);
#350 = AXIS2_PLACEMENT_3D('',#351,#352,#353);
#351 = CARTESIAN_POINT('',(0.,19.76,8.47));
#352 = DIRECTION('',(0.,0.,1.));
#353 = DIRECTION('',(1.,0.,-0.));
#354 = DEFINITIONAL_REPRESENTATION('',(#355),#359);
#355 = CIRCLE('',#356,14.396973684211);
#356 = AXIS2_PLACEMENT_2D('',#357,#358);
#357 = CARTESIAN_POINT('',(0.,-19.76));
#358 = DIRECTION('',(1.,0.));
#359 = ( GEOMETRIC_REPRESENTATION_CONTEXT(2) 
PARAMETRIC_REPRESENTATION_CONTEXT() REPRESENTATION_CONTEXT('2D SPACE',''
  ) );
#360 = ORIENTED_EDGE('',*,*,#361,.T.);
#361 = EDGE_CURVE('',#331,#333,#362,.T.);
#362 = SURFACE_CURVE('',#363,(#415,#470),.PCURVE_S1.);
#363 = B_SPLINE_CURVE_WITH_KNOTS('',8,(#364,#365,#366,#367,#368,#369,
    #370,#371,#372,#373,#374,#375,#376,#377,#378,#379,#380,#381,#382,
    #383,#384,#385,#386,#387,#388,#389,#390,#391,#392,#393,#394,#395,
    #396,#397,#398,#399,#400,#401,#402,#403,#404,#405,#406,#407,#408,
    #409,#410,#411,#412,#413,#414),.UNSPECIFIED.,.F.,.F.,(9,7,7,7,7,7,7,
    9),(0.,0.253326488909,0.389805286179,0.500196075974,0.584441879712,
    0.655424276413,0.801308300143,1.),.UNSPECIFIED.);
#364 = CARTESIAN_POINT('',(2.57624901514,14.164596438863,8.47));
#365 = CARTESIAN_POINT('',(2.473343375997,14.164991995004,8.622212406034
    ));
#366 = CARTESIAN_POINT('',(2.366985314273,14.165295090447,8.773527869206
    ));
#367 = CARTESIAN_POINT('',(2.256638367315,14.165507486362,8.923913246979
    ));
#368 = CARTESIAN_POINT('',(2.141656497548,14.165630779566,9.073213936665
    ));
#369 = CARTESIAN_POINT('',(2.021313213384,14.165666837394,9.221166119));
#370 = CARTESIAN_POINT('',(1.894540591957,14.165618662228,9.367316414912
    ));
#371 = CARTESIAN_POINT('',(1.760057831409,14.16549071954,9.511063180244)
  );
#372 = CARTESIAN_POINT('',(1.537158563363,14.165183729043,9.726882190324
    ));
#373 = CARTESIAN_POINT('',(1.456255846963,14.165055682622,9.801285603837
    ));
#374 = CARTESIAN_POINT('',(1.371979687624,14.164908333041,9.874480536011
    ));
#375 = CARTESIAN_POINT('',(1.283787842774,14.164743249438,9.946250073074
    ));
#376 = CARTESIAN_POINT('',(1.19111494104,14.164562662099,10.016217227325
    ));
#377 = CARTESIAN_POINT('',(1.093248099288,14.164370076494,
    10.083779580863));
#378 = CARTESIAN_POINT('',(0.989370103142,14.164170529028,
    10.148135180373));
#379 = CARTESIAN_POINT('',(0.787879559066,14.163811274717,
    10.256429973926));
#380 = CARTESIAN_POINT('',(0.692792851471,14.163651118683,
    10.301958836014));
#381 = CARTESIAN_POINT('',(0.591935990443,14.163495667185,
    10.343889447272));
#382 = CARTESIAN_POINT('',(0.484907728629,14.163351712131,
    10.380950247593));
#383 = CARTESIAN_POINT('',(0.371735267007,14.163228654991,
    10.411394956447));
#384 = CARTESIAN_POINT('',(0.253014681105,14.163138697368,10.43322088843
    ));
#385 = CARTESIAN_POINT('',(0.130124700923,14.163092096636,
    10.444521408008));
#386 = CARTESIAN_POINT('',(-8.815701099409E-02,14.163088580252,
    10.445374048154));
#387 = CARTESIAN_POINT('',(-0.182608647352,14.163113044237,
    10.439441095381));
#388 = CARTESIAN_POINT('',(-0.275352255854,14.163163554161,
    10.427204856898));
#389 = CARTESIAN_POINT('',(-0.365374824809,14.163236672487,
    10.409307270258));
#390 = CARTESIAN_POINT('',(-0.452087923898,14.163327397279,
    10.386625075024));
#391 = CARTESIAN_POINT('',(-0.535201582863,14.163430695797,
    10.360042463291));
#392 = CARTESIAN_POINT('',(-0.614666104721,14.16354239622,
    10.330336634515));
#393 = CARTESIAN_POINT('',(-0.754641866355,14.16375760549,
    10.270953517821));
#394 = CARTESIAN_POINT('',(-0.816278327105,14.163859808166,
    10.241961092918));
#395 = CARTESIAN_POINT('',(-0.875721124988,14.163964018369,
    10.211435385155));
#396 = CARTESIAN_POINT('',(-0.933126988259,14.164068769588,
    10.179626275482));
#397 = CARTESIAN_POINT('',(-0.988642814462,14.164172881321,
    10.146735998267));
#398 = CARTESIAN_POINT('',(-1.042413269183,14.164275421856,
    10.112923874284));
#399 = CARTESIAN_POINT('',(-1.094584869789,14.164375666045,
    10.078308738056));
#400 = CARTESIAN_POINT('',(-1.249550475846,14.164673189025,
    9.970338453415));
#401 = CARTESIAN_POINT('',(-1.347505819851,14.16486092063,9.89476360511)
  );
#402 = CARTESIAN_POINT('',(-1.440394936142,14.165031217996,
    9.817013019006));
#403 = CARTESIAN_POINT('',(-1.528945893486,14.165180831825,
    9.737586422587));
#404 = CARTESIAN_POINT('',(-1.613719712989,14.165307522045,
    9.656844687127));
#405 = CARTESIAN_POINT('',(-1.695196164754,14.165409703061,9.57504198643
    ));
#406 = CARTESIAN_POINT('',(-1.773771044355,14.165486236595,
    9.492323679846));
#407 = CARTESIAN_POINT('',(-1.953392369368,14.165604032142,
    9.294932033092));
#408 = CARTESIAN_POINT('',(-2.052155858928,14.165622421156,
    9.179662077809));
#409 = CARTESIAN_POINT('',(-2.146922775664,14.165588847296,
    9.063254208967));
#410 = CARTESIAN_POINT('',(-2.23823458213,14.165501659916,8.945924413132
    ));
#411 = CARTESIAN_POINT('',(-2.326508277986,14.16535966572,8.827833616871
    ));
#412 = CARTESIAN_POINT('',(-2.412087165263,14.165161953841,8.70910097859
    ));
#413 = CARTESIAN_POINT('',(-2.495251791008,14.164907781853,
    8.589806674056));
#414 = CARTESIAN_POINT('',(-2.57624901514,14.164596438863,8.47));
#415 = PCURVE('',#54,#416);
#416 = DEFINITIONAL_REPRESENTATION('',(#417),#469);
#417 = B_SPLINE_CURVE_WITH_KNOTS('',8,(#418,#419,#420,#421,#422,#423,
    #424,#425,#426,#427,#428,#429,#430,#431,#432,#433,#434,#435,#436,
    #437,#438,#439,#440,#441,#442,#443,#444,#445,#446,#447,#448,#449,
    #450,#451,#452,#453,#454,#455,#456,#457,#458,#459,#460,#461,#462,
    #463,#464,#465,#466,#467,#468),.UNSPECIFIED.,.F.,.F.,(9,7,7,7,7,7,7,
    9),(0.,0.253326488909,0.389805286179,0.500196075974,0.584441879712,
    0.655424276413,0.801308300143,1.),.UNSPECIFIED.);
#418 = CARTESIAN_POINT('',(-1.390883519675,-8.47));
#419 = CARTESIAN_POINT('',(-1.397920793935,-8.622212406034));
#420 = CARTESIAN_POINT('',(-1.405212990666,-8.773527869206));
#421 = CARTESIAN_POINT('',(-1.412798381252,-8.923913246979));
#422 = CARTESIAN_POINT('',(-1.420723207367,-9.073213936665));
#423 = CARTESIAN_POINT('',(-1.429039598385,-9.221166119));
#424 = CARTESIAN_POINT('',(-1.437824002762,-9.367316414912));
#425 = CARTESIAN_POINT('',(-1.447168080515,-9.511063180244));
#426 = CARTESIAN_POINT('',(-1.462699270532,-9.726882190324));
#427 = CARTESIAN_POINT('',(-1.468344084491,-9.801285603837));
#428 = CARTESIAN_POINT('',(-1.474232191906,-9.87448053601));
#429 = CARTESIAN_POINT('',(-1.480402141324,-9.946250073075));
#430 = CARTESIAN_POINT('',(-1.486894237438,-10.01621722732));
#431 = CARTESIAN_POINT('',(-1.493759255095,-10.08377958086));
#432 = CARTESIAN_POINT('',(-1.501055327594,-10.14813518037));
#433 = CARTESIAN_POINT('',(-1.515224878779,-10.25642997392));
#434 = CARTESIAN_POINT('',(-1.521917616883,-10.30195883601));
#435 = CARTESIAN_POINT('',(-1.529022400859,-10.34388944727));
#436 = CARTESIAN_POINT('',(-1.53656783076,-10.38095024759));
#437 = CARTESIAN_POINT('',(-1.54455195995,-10.41139495644));
#438 = CARTESIAN_POINT('',(-1.552932042526,-10.43322088842));
#439 = CARTESIAN_POINT('',(-1.561608736093,-10.444521408));
#440 = CARTESIAN_POINT('',(-1.57702074472,-10.44537404815));
#441 = CARTESIAN_POINT('',(-1.583689649444,-10.43944109538));
#442 = CARTESIAN_POINT('',(-1.590237050035,-10.42720485689));
#443 = CARTESIAN_POINT('',(-1.596590468466,-10.40930727025));
#444 = CARTESIAN_POINT('',(-1.602707763553,-10.38662507502));
#445 = CARTESIAN_POINT('',(-1.608568217722,-10.36004246329));
#446 = CARTESIAN_POINT('',(-1.614168268656,-10.33033663451));
#447 = CARTESIAN_POINT('',(-1.624026827736,-10.27095351782));
#448 = CARTESIAN_POINT('',(-1.628365550556,-10.24196109291));
#449 = CARTESIAN_POINT('',(-1.632547434172,-10.21143538515));
#450 = CARTESIAN_POINT('',(-1.636583579459,-10.17962627548));
#451 = CARTESIAN_POINT('',(-1.640484415466,-10.14673599826));
#452 = CARTESIAN_POINT('',(-1.644260219426,-10.11292387428));
#453 = CARTESIAN_POINT('',(-1.647921392137,-10.07830873805));
#454 = CARTESIAN_POINT('',(-1.658789083856,-9.970338453415));
#455 = CARTESIAN_POINT('',(-1.665648551567,-9.89476360511));
#456 = CARTESIAN_POINT('',(-1.672143624156,-9.817013019006));
#457 = CARTESIAN_POINT('',(-1.678326146557,-9.737586422587));
#458 = CARTESIAN_POINT('',(-1.684236136561,-9.656844687127));
#459 = CARTESIAN_POINT('',(-1.689907812045,-9.57504198643));
#460 = CARTESIAN_POINT('',(-1.695369376078,-9.492323679846));
#461 = CARTESIAN_POINT('',(-1.707835867728,-9.294932033092));
#462 = CARTESIAN_POINT('',(-1.714675396241,-9.179662077809));
#463 = CARTESIAN_POINT('',(-1.72122402554,-9.063254208967));
#464 = CARTESIAN_POINT('',(-1.727520486467,-8.945924413132));
#465 = CARTESIAN_POINT('',(-1.733594656652,-8.827833616872));
#466 = CARTESIAN_POINT('',(-1.739471148866,-8.70910097859));
#467 = CARTESIAN_POINT('',(-1.745170081971,-8.589806674056));
#468 = CARTESIAN_POINT('',(-1.750709133915,-8.47));
#469 = ( GEOMETRIC_REPRESENTATION_CONTEXT(2) 
PARAMETRIC_REPRESENTATION_CONTEXT() REPRESENTATION_CONTEXT('2D SPACE',''
  ) );
#470 = PCURVE('',#471,#476);
#471 = CONICAL_SURFACE('',#472,6.16,0.277737545517);
#472 = AXIS2_PLACEMENT_3D('',#473,#474,#475);
#473 = CARTESIAN_POINT('',(0.,19.76,8.47));
#474 = DIRECTION('',(-0.,-0.,-1.));
#475 = DIRECTION('',(1.,0.,-0.));
#476 = DEFINITIONAL_REPRESENTATION('',(#477),#529);
#477 = B_SPLINE_CURVE_WITH_KNOTS('',8,(#478,#479,#480,#481,#482,#483,
    #484,#485,#486,#487,#488,#489,#490,#491,#492,#493,#494,#495,#496,
    #497,#498,#499,#500,#501,#502,#503,#504,#505,#506,#507,#508,#509,
    #510,#511,#512,#513,#514,#515,#516,#517,#518,#519,#520,#521,#522,
    #523,#524,#525,#526,#527,#528),.UNSPECIFIED.,.F.,.F.,(9,7,7,7,7,7,7,
    9),(0.,0.253326488909,0.389805286179,0.500196075974,0.584441879712,
    0.655424276413,0.801308300143,1.),.UNSPECIFIED.);
#478 = CARTESIAN_POINT('',(-5.143876277191,-6.266481455723E-14));
#479 = CARTESIAN_POINT('',(-5.128728815335,-0.152212406034));
#480 = CARTESIAN_POINT('',(-5.112822051474,-0.303527869206));
#481 = CARTESIAN_POINT('',(-5.096052979461,-0.453913246979));
#482 = CARTESIAN_POINT('',(-5.078295540622,-0.603213936665));
#483 = CARTESIAN_POINT('',(-5.059406071009,-0.751166119));
#484 = CARTESIAN_POINT('',(-5.039176467049,-0.897316414912));
#485 = CARTESIAN_POINT('',(-5.017357499473,-1.041063180244));
#486 = CARTESIAN_POINT('',(-4.980567005081,-1.256882190324));
#487 = CARTESIAN_POINT('',(-4.967103939681,-1.331285603837));
#488 = CARTESIAN_POINT('',(-4.952965526377,-1.40448053601));
#489 = CARTESIAN_POINT('',(-4.938050538966,-1.476250073075));
#490 = CARTESIAN_POINT('',(-4.922251743742,-1.546217227324));
#491 = CARTESIAN_POINT('',(-4.905434655087,-1.613779580864));
#492 = CARTESIAN_POINT('',(-4.887446187134,-1.678135180373));
#493 = CARTESIAN_POINT('',(-4.852295376122,-1.786429973926));
#494 = CARTESIAN_POINT('',(-4.835619815363,-1.831958836013));
#495 = CARTESIAN_POINT('',(-4.817844409069,-1.873889447273));
#496 = CARTESIAN_POINT('',(-4.798893131408,-1.910950247592));
#497 = CARTESIAN_POINT('',(-4.778770884665,-1.941394956448));
#498 = CARTESIAN_POINT('',(-4.75759382764,-1.963220888429));
#499 = CARTESIAN_POINT('',(-4.735638334911,-1.974521408008));
#500 = CARTESIAN_POINT('',(-4.696637986279,-1.975374048154));
#501 = CARTESIAN_POINT('',(-4.679761608098,-1.969441095381));
#502 = CARTESIAN_POINT('',(-4.663204046109,-1.957204856898));
#503 = CARTESIAN_POINT('',(-4.647160643904,-1.939307270258));
#504 = CARTESIAN_POINT('',(-4.631745417717,-1.916625075024));
#505 = CARTESIAN_POINT('',(-4.617013729075,-1.890042463291));
#506 = CARTESIAN_POINT('',(-4.602975132198,-1.860336634515));
#507 = CARTESIAN_POINT('',(-4.578333650443,-1.800953517821));
#508 = CARTESIAN_POINT('',(-4.567518303168,-1.771961092918));
#509 = CARTESIAN_POINT('',(-4.557123895299,-1.741435385155));
#510 = CARTESIAN_POINT('',(-4.547121814407,-1.709626275482));
#511 = CARTESIAN_POINT('',(-4.537484871379,-1.676735998267));
#512 = CARTESIAN_POINT('',(-4.52818619344,-1.642923874284));
#513 = CARTESIAN_POINT('',(-4.519198688248,-1.608308738056));
#514 = CARTESIAN_POINT('',(-4.492607298552,-1.500338453415));
#515 = CARTESIAN_POINT('',(-4.475946850038,-1.42476360511));
#516 = CARTESIAN_POINT('',(-4.460288279867,-1.347013019006));
#517 = CARTESIAN_POINT('',(-4.445494330353,-1.267586422587));
#518 = CARTESIAN_POINT('',(-4.431458159161,-1.186844687127));
#519 = CARTESIAN_POINT('',(-4.418088452916,-1.10504198643));
#520 = CARTESIAN_POINT('',(-4.405310216537,-1.022323679846));
#521 = CARTESIAN_POINT('',(-4.376361276645,-0.824932033092));
#522 = CARTESIAN_POINT('',(-4.360656507549,-0.709662077809));
#523 = CARTESIAN_POINT('',(-4.345784473498,-0.593254208967));
#524 = CARTESIAN_POINT('',(-4.331640092482,-0.475924413132));
#525 = CARTESIAN_POINT('',(-4.318141614294,-0.357833616871));
#526 = CARTESIAN_POINT('',(-4.30522146349,-0.23910097859));
#527 = CARTESIAN_POINT('',(-4.292824279592,-0.119806674056));
#528 = CARTESIAN_POINT('',(-4.280901683578,0.));
#529 = ( GEOMETRIC_REPRESENTATION_CONTEXT(2) 
PARAMETRIC_REPRESENTATION_CONTEXT() REPRESENTATION_CONTEXT('2D SPACE',''
  ) );
#530 = ADVANCED_FACE('',(#531),#70,.F.);
#531 = FACE_BOUND('',#532,.F.);
#532 = EDGE_LOOP('',(#533,#650,#673,#770,#860,#861,#971,#990,#991,#992)
  );
#533 = ORIENTED_EDGE('',*,*,#534,.F.);
#534 = EDGE_CURVE('',#535,#537,#539,.T.);
#535 = VERTEX_POINT('',#536);
#536 = CARTESIAN_POINT('',(18.4,-2.522772406244E-15,2.8));
#537 = VERTEX_POINT('',#538);
#538 = CARTESIAN_POINT('',(18.377159737021,0.916515138991,7.));
#539 = SURFACE_CURVE('',#540,(#573,#609),.PCURVE_S1.);
#540 = B_SPLINE_CURVE_WITH_KNOTS('',7,(#541,#542,#543,#544,#545,#546,
    #547,#548,#549,#550,#551,#552,#553,#554,#555,#556,#557,#558,#559,
    #560,#561,#562,#563,#564,#565,#566,#567,#568,#569,#570,#571,#572),
  .UNSPECIFIED.,.F.,.F.,(8,6,6,6,6,8),(0.,0.277213134158,0.565584329023,
    0.738824053612,0.88841875645,1.),.UNSPECIFIED.);
#541 = CARTESIAN_POINT('',(18.4,-2.694222958124E-16,2.8));
#542 = CARTESIAN_POINT('',(18.4,0.292691194534,2.8));
#543 = CARTESIAN_POINT('',(18.394568059114,0.577344655292,2.845429582637
    ));
#544 = CARTESIAN_POINT('',(18.384241823144,0.845794128026,2.931800999742
    ));
#545 = CARTESIAN_POINT('',(18.370432899346,1.091293134905,3.053100689016
    ));
#546 = CARTESIAN_POINT('',(18.355056605137,1.308740637952,3.201850539668
    ));
#547 = CARTESIAN_POINT('',(18.339812654346,1.495164409865,3.369210229254
    ));
#548 = CARTESIAN_POINT('',(18.311320625134,1.811566394046,3.72809783317)
  );
#549 = CARTESIAN_POINT('',(18.297779799597,1.94338805483,3.92533827965)
  );
#550 = CARTESIAN_POINT('',(18.286201599996,2.04701836702,4.132120162697)
  );
#551 = CARTESIAN_POINT('',(18.277188252112,2.123744873026,4.345179055812
    ));
#552 = CARTESIAN_POINT('',(18.271068633431,2.174558994918,4.562105269231
    ));
#553 = CARTESIAN_POINT('',(18.268004817166,2.2,4.780967184126));
#554 = CARTESIAN_POINT('',(18.268004817166,2.2,5.131584518057));
#555 = CARTESIAN_POINT('',(18.269110806903,2.19081806758,5.263154475375)
  );
#556 = CARTESIAN_POINT('',(18.271321492399,2.172457943127,5.394293708158
    ));
#557 = CARTESIAN_POINT('',(18.274616118938,2.144855849811,5.524578192027
    ));
#558 = CARTESIAN_POINT('',(18.278950672427,2.107887159223,5.65354683208)
  );
#559 = CARTESIAN_POINT('',(18.284254080753,2.061373057026,5.780672252963
    ));
#560 = CARTESIAN_POINT('',(18.295752577263,1.956483663484,6.012976509081
    ));
#561 = CARTESIAN_POINT('',(18.301727741598,1.90058643476,6.118798359317)
  );
#562 = CARTESIAN_POINT('',(18.308284286491,1.837246797267,6.222393724457
    ));
#563 = CARTESIAN_POINT('',(18.315337504371,1.766292921052,6.323293037175
    ));
#564 = CARTESIAN_POINT('',(18.322779834687,1.687545235386,6.420941733948
    ));
#565 = CARTESIAN_POINT('',(18.330477096852,1.600831792787,6.514681411016
    ));
#566 = CARTESIAN_POINT('',(18.344073438411,1.435272224865,6.670152193731
    ));
#567 = CARTESIAN_POINT('',(18.349936395749,1.359977707667,6.734009760077
    ));
#568 = CARTESIAN_POINT('',(18.3557791819,1.280128353466,6.794895764841)
  );
#569 = CARTESIAN_POINT('',(18.361517357103,1.195765137347,6.852386448599
    ));
#570 = CARTESIAN_POINT('',(18.367058854172,1.106962747716,6.906041697216
    ));
#571 = CARTESIAN_POINT('',(18.372306377545,1.013830596543,6.955404532025
    ));
#572 = CARTESIAN_POINT('',(18.377159802323,0.916513829622,7.000000600014
    ));
#573 = PCURVE('',#70,#574);
#574 = DEFINITIONAL_REPRESENTATION('',(#575),#608);
#575 = B_SPLINE_CURVE_WITH_KNOTS('',7,(#576,#577,#578,#579,#580,#581,
    #582,#583,#584,#585,#586,#587,#588,#589,#590,#591,#592,#593,#594,
    #595,#596,#597,#598,#599,#600,#601,#602,#603,#604,#605,#606,#607),
  .UNSPECIFIED.,.F.,.F.,(8,6,6,6,6,8),(0.,0.277213134158,0.565584329023,
    0.738824053612,0.88841875645,1.),.UNSPECIFIED.);
#576 = CARTESIAN_POINT('',(0.,41.8));
#577 = CARTESIAN_POINT('',(0.133041452061,41.8));
#578 = CARTESIAN_POINT('',(0.262429297157,41.794568059114));
#579 = CARTESIAN_POINT('',(0.38829831405,41.784241823144));
#580 = CARTESIAN_POINT('',(0.510477112386,41.770432899346));
#581 = CARTESIAN_POINT('',(0.6285362686,41.755056605137));
#582 = CARTESIAN_POINT('',(0.741637519004,41.739812654346));
#583 = CARTESIAN_POINT('',(0.959112951187,41.711320625134));
#584 = CARTESIAN_POINT('',(1.065989206585,41.697779799596));
#585 = CARTESIAN_POINT('',(1.169870210195,41.686201599996));
#586 = CARTESIAN_POINT('',(1.27153794799,41.677188252112));
#587 = CARTESIAN_POINT('',(1.371753427281,41.671068633431));
#588 = CARTESIAN_POINT('',(1.471235955943,41.668004817166));
#589 = CARTESIAN_POINT('',(1.630607471366,41.668004817166));
#590 = CARTESIAN_POINT('',(1.690411823457,41.669110806903));
#591 = CARTESIAN_POINT('',(1.750370285662,41.671321492399));
#592 = CARTESIAN_POINT('',(1.81063881887,41.674616118938));
#593 = CARTESIAN_POINT('',(1.871374204513,41.678950672427));
#594 = CARTESIAN_POINT('',(1.932739806812,41.684254080753));
#595 = CARTESIAN_POINT('',(2.048597239407,41.695752577263));
#596 = CARTESIAN_POINT('',(2.10289186971,41.701727741598));
#597 = CARTESIAN_POINT('',(2.157909827698,41.708284286491));
#598 = CARTESIAN_POINT('',(2.213766006766,41.715337504371));
#599 = CARTESIAN_POINT('',(2.27058003184,41.722779834687));
#600 = CARTESIAN_POINT('',(2.328480699271,41.730477096852));
#601 = CARTESIAN_POINT('',(2.431714701702,41.744073438411));
#602 = CARTESIAN_POINT('',(2.476533163022,41.749936395749));
#603 = CARTESIAN_POINT('',(2.522076655475,41.7557791819));
#604 = CARTESIAN_POINT('',(2.568359880156,41.761517357103));
#605 = CARTESIAN_POINT('',(2.615403336324,41.767058854172));
#606 = CARTESIAN_POINT('',(2.66323527326,41.772306377545));
#607 = CARTESIAN_POINT('',(2.711893642123,41.777159802323));
#608 = ( GEOMETRIC_REPRESENTATION_CONTEXT(2) 
PARAMETRIC_REPRESENTATION_CONTEXT() REPRESENTATION_CONTEXT('2D SPACE',''
  ) );
#609 = PCURVE('',#610,#615);
#610 = CYLINDRICAL_SURFACE('',#611,18.4);
#611 = AXIS2_PLACEMENT_3D('',#612,#613,#614);
#612 = CARTESIAN_POINT('',(0.,0.,0.));
#613 = DIRECTION('',(0.,0.,1.));
#614 = DIRECTION('',(1.,0.,-0.));
#615 = DEFINITIONAL_REPRESENTATION('',(#616),#649);
#616 = B_SPLINE_CURVE_WITH_KNOTS('',7,(#617,#618,#619,#620,#621,#622,
    #623,#624,#625,#626,#627,#628,#629,#630,#631,#632,#633,#634,#635,
    #636,#637,#638,#639,#640,#641,#642,#643,#644,#645,#646,#647,#648),
  .UNSPECIFIED.,.F.,.F.,(8,6,6,6,6,8),(0.,0.277213134158,0.565584329023,
    0.738824053612,0.88841875645,1.),.UNSPECIFIED.);
#617 = CARTESIAN_POINT('',(0.,2.8));
#618 = CARTESIAN_POINT('',(1.590713013771E-02,2.8));
#619 = CARTESIAN_POINT('',(3.137743413918E-02,2.845429582637));
#620 = CARTESIAN_POINT('',(4.597361317364E-02,2.931800999742));
#621 = CARTESIAN_POINT('',(5.93341703532E-02,3.053100689016));
#622 = CARTESIAN_POINT('',(7.118031345059E-02,3.201850539668));
#623 = CARTESIAN_POINT('',(8.134550671065E-02,3.369210229254));
#624 = CARTESIAN_POINT('',(9.861084632958E-02,3.72809783317));
#625 = CARTESIAN_POINT('',(0.105812197475,3.92533827965));
#626 = CARTESIAN_POINT('',(0.111479130793,4.132120162697));
#627 = CARTESIAN_POINT('',(0.115677699534,4.345179055812));
#628 = CARTESIAN_POINT('',(0.118459293441,4.562105269231));
#629 = CARTESIAN_POINT('',(0.119851946709,4.780967184126));
#630 = CARTESIAN_POINT('',(0.119851946709,5.131584518057));
#631 = CARTESIAN_POINT('',(0.119349324111,5.263154475375));
#632 = CARTESIAN_POINT('',(0.118344279591,5.394293708158));
#633 = CARTESIAN_POINT('',(0.116833517876,5.524578192027));
#634 = CARTESIAN_POINT('',(0.11481060139,5.65354683208));
#635 = CARTESIAN_POINT('',(0.11226630392,5.780672252963));
#636 = CARTESIAN_POINT('',(0.106531642374,6.012976509081));
#637 = CARTESIAN_POINT('',(0.103476455379,6.118798359317));
#638 = CARTESIAN_POINT('',(0.100015719175,6.222393724457));
#639 = CARTESIAN_POINT('',(9.614058918709E-02,6.323293037175));
#640 = CARTESIAN_POINT('',(9.184185565549E-02,6.420941733948));
#641 = CARTESIAN_POINT('',(8.711073893588E-02,6.514681411016));
#642 = CARTESIAN_POINT('',(7.808264547002E-02,6.670152193731));
#643 = CARTESIAN_POINT('',(7.397820148551E-02,6.734009760068));
#644 = CARTESIAN_POINT('',(6.962703958836E-02,6.794895764839));
#645 = CARTESIAN_POINT('',(6.503160562917E-02,6.852386448612));
#646 = CARTESIAN_POINT('',(6.019613495287E-02,6.906041697225));
#647 = CARTESIAN_POINT('',(5.512668278979E-02,6.955404532011));
#648 = CARTESIAN_POINT('',(4.983115464683E-02,7.0000006));
#649 = ( GEOMETRIC_REPRESENTATION_CONTEXT(2) 
PARAMETRIC_REPRESENTATION_CONTEXT() REPRESENTATION_CONTEXT('2D SPACE',''
  ) );
#650 = ORIENTED_EDGE('',*,*,#651,.F.);
#651 = EDGE_CURVE('',#652,#535,#654,.T.);
#652 = VERTEX_POINT('',#653);
#653 = CARTESIAN_POINT('',(8.008,-1.25011945257E-15,2.8));
#654 = SEAM_CURVE('',#655,(#659,#666),.PCURVE_S1.);
#655 = LINE('',#656,#657);
#656 = CARTESIAN_POINT('',(-23.4,-5.388445916248E-16,2.8));
#657 = VECTOR('',#658,1.);
#658 = DIRECTION('',(1.,0.,2.22044604925E-16));
#659 = PCURVE('',#70,#660);
#660 = DEFINITIONAL_REPRESENTATION('',(#661),#665);
#661 = LINE('',#662,#663);
#662 = CARTESIAN_POINT('',(6.28318530718,-0.));
#663 = VECTOR('',#664,1.);
#664 = DIRECTION('',(0.,1.));
#665 = ( GEOMETRIC_REPRESENTATION_CONTEXT(2) 
PARAMETRIC_REPRESENTATION_CONTEXT() REPRESENTATION_CONTEXT('2D SPACE',''
  ) );
#666 = PCURVE('',#70,#667);
#667 = DEFINITIONAL_REPRESENTATION('',(#668),#672);
#668 = LINE('',#669,#670);
#669 = CARTESIAN_POINT('',(0.,-0.));
#670 = VECTOR('',#671,1.);
#671 = DIRECTION('',(0.,1.));
#672 = ( GEOMETRIC_REPRESENTATION_CONTEXT(2) 
PARAMETRIC_REPRESENTATION_CONTEXT() REPRESENTATION_CONTEXT('2D SPACE',''
  ) );
#673 = ORIENTED_EDGE('',*,*,#674,.T.);
#674 = EDGE_CURVE('',#652,#675,#677,.T.);
#675 = VERTEX_POINT('',#676);
#676 = CARTESIAN_POINT('',(8.008,-1.961394313514E-15,7.2));
#677 = SURFACE_CURVE('',#678,(#705,#735),.PCURVE_S1.);
#678 = B_SPLINE_CURVE_WITH_KNOTS('',7,(#679,#680,#681,#682,#683,#684,
    #685,#686,#687,#688,#689,#690,#691,#692,#693,#694,#695,#696,#697,
    #698,#699,#700,#701,#702,#703,#704),.UNSPECIFIED.,.F.,.F.,(8,6,6,6,8
    ),(0.,0.225526097092,0.500000275349,0.77450647409,1.),
  .UNSPECIFIED.);
#679 = CARTESIAN_POINT('',(8.008,-2.694222958124E-16,2.8));
#680 = CARTESIAN_POINT('',(8.008,0.269393067778,2.8));
#681 = CARTESIAN_POINT('',(7.99742664685,0.531929554793,2.838485087328)
  );
#682 = CARTESIAN_POINT('',(7.977251759708,0.781198169925,2.911931778074)
  );
#683 = CARTESIAN_POINT('',(7.949818112693,1.011751662963,3.015684599781)
  );
#684 = CARTESIAN_POINT('',(7.918364320559,1.219252939559,3.143918959433)
  );
#685 = CARTESIAN_POINT('',(7.886100935382,1.400847841764,3.289578004543)
  );
#686 = CARTESIAN_POINT('',(7.818142267019,1.744016911959,3.632747074738)
  );
#687 = CARTESIAN_POINT('',(7.782094078714,1.898389857675,3.840347408692)
  );
#688 = CARTESIAN_POINT('',(7.750509151395,2.019993115309,4.060894868274)
  );
#689 = CARTESIAN_POINT('',(7.725536316521,2.110184897974,4.290091655142)
  );
#690 = CARTESIAN_POINT('',(7.70844428338,2.170005369286,4.524725892943)
  );
#691 = CARTESIAN_POINT('',(7.699874284688,2.2,4.762170748882));
#692 = CARTESIAN_POINT('',(7.699874284688,2.2,5.23785699656));
#693 = CARTESIAN_POINT('',(7.708446249478,2.169998456954,5.475302177666)
  );
#694 = CARTESIAN_POINT('',(7.725538832009,2.110176196606,5.709922114748)
  );
#695 = CARTESIAN_POINT('',(7.750509493796,2.019990440258,5.939102508807)
  );
#696 = CARTESIAN_POINT('',(7.782092356059,1.898396030004,6.15964149541)
  );
#697 = CARTESIAN_POINT('',(7.818140567453,1.744025494213,6.367244343008)
  );
#698 = CARTESIAN_POINT('',(7.886094329438,1.400881199621,6.7103886376));
#699 = CARTESIAN_POINT('',(7.918359168164,1.219286992364,6.856062511336)
  );
#700 = CARTESIAN_POINT('',(7.949819788754,1.011755485417,6.984325705346)
  );
#701 = CARTESIAN_POINT('',(7.977259214996,0.781155580107,7.088095427074)
  );
#702 = CARTESIAN_POINT('',(7.997432389725,0.531850403651,7.161535778831)
  );
#703 = CARTESIAN_POINT('',(8.008,0.269320032463,7.2));
#704 = CARTESIAN_POINT('',(8.008,4.041334437186E-16,7.2));
#705 = PCURVE('',#70,#706);
#706 = DEFINITIONAL_REPRESENTATION('',(#707),#734);
#707 = B_SPLINE_CURVE_WITH_KNOTS('',7,(#708,#709,#710,#711,#712,#713,
    #714,#715,#716,#717,#718,#719,#720,#721,#722,#723,#724,#725,#726,
    #727,#728,#729,#730,#731,#732,#733),.UNSPECIFIED.,.F.,.F.,(8,6,6,6,8
    ),(0.,0.225526097092,0.500000275349,0.77450647409,1.),
  .UNSPECIFIED.);
#708 = CARTESIAN_POINT('',(0.,31.408));
#709 = CARTESIAN_POINT('',(0.122451394445,31.408));
#710 = CARTESIAN_POINT('',(0.241786063738,31.39742664685));
#711 = CARTESIAN_POINT('',(0.35808929846,31.377251759708));
#712 = CARTESIAN_POINT('',(0.471195786777,31.349818112693));
#713 = CARTESIAN_POINT('',(0.58071379282,31.318364320559));
#714 = CARTESIAN_POINT('',(0.685897261872,31.286100935382));
#715 = CARTESIAN_POINT('',(0.90649469517,31.218142267019));
#716 = CARTESIAN_POINT('',(1.022837542293,31.182094078714));
#717 = CARTESIAN_POINT('',(1.135707876066,31.150509151395));
#718 = CARTESIAN_POINT('',(1.246046216506,31.125536316521));
#719 = CARTESIAN_POINT('',(1.354762907817,31.10844428338));
#720 = CARTESIAN_POINT('',(1.462692121741,31.099874284688));
#721 = CARTESIAN_POINT('',(1.678913143413,31.099874284688));
#722 = CARTESIAN_POINT('',(1.786842473742,31.108446249478));
#723 = CARTESIAN_POINT('',(1.89555346109,31.125538832009));
#724 = CARTESIAN_POINT('',(2.005884350191,31.150509493796));
#725 = CARTESIAN_POINT('',(2.118749572642,31.182092356059));
#726 = CARTESIAN_POINT('',(2.235092441538,31.218140567453));
#727 = CARTESIAN_POINT('',(2.455673948475,31.286094329438));
#728 = CARTESIAN_POINT('',(2.560861964759,31.318359168164));
#729 = CARTESIAN_POINT('',(2.670397887429,31.349819788754));
#730 = CARTESIAN_POINT('',(2.78352512314,31.377259214996));
#731 = CARTESIAN_POINT('',(2.899842573078,31.397432389725));
#732 = CARTESIAN_POINT('',(3.019174457016,31.408));
#733 = CARTESIAN_POINT('',(3.14159265359,31.408));
#734 = ( GEOMETRIC_REPRESENTATION_CONTEXT(2) 
PARAMETRIC_REPRESENTATION_CONTEXT() REPRESENTATION_CONTEXT('2D SPACE',''
  ) );
#735 = PCURVE('',#736,#741);
#736 = CYLINDRICAL_SURFACE('',#737,8.008);
#737 = AXIS2_PLACEMENT_3D('',#738,#739,#740);
#738 = CARTESIAN_POINT('',(0.,0.,0.));
#739 = DIRECTION('',(0.,0.,1.));
#740 = DIRECTION('',(1.,0.,-0.));
#741 = DEFINITIONAL_REPRESENTATION('',(#742),#769);
#742 = B_SPLINE_CURVE_WITH_KNOTS('',7,(#743,#744,#745,#746,#747,#748,
    #749,#750,#751,#752,#753,#754,#755,#756,#757,#758,#759,#760,#761,
    #762,#763,#764,#765,#766,#767,#768),.UNSPECIFIED.,.F.,.F.,(8,6,6,6,8
    ),(0.,0.225526097092,0.500000275349,0.77450647409,1.),
  .UNSPECIFIED.);
#743 = CARTESIAN_POINT('',(0.,2.8));
#744 = CARTESIAN_POINT('',(3.364049297927E-02,2.8));
#745 = CARTESIAN_POINT('',(6.642481254143E-02,2.838485087328));
#746 = CARTESIAN_POINT('',(9.761421138071E-02,2.911931778074));
#747 = CARTESIAN_POINT('',(0.126577560567,3.015684599781));
#748 = CARTESIAN_POINT('',(0.152771391574,3.143918959433));
#749 = CARTESIAN_POINT('',(0.175798706062,3.289578004543));
#750 = CARTESIAN_POINT('',(0.219484192643,3.632747074738));
#751 = CARTESIAN_POINT('',(0.239268767493,3.840347408692));
#752 = CARTESIAN_POINT('',(0.254953435171,4.060894868274));
#753 = CARTESIAN_POINT('',(0.266639466962,4.290091655142));
#754 = CARTESIAN_POINT('',(0.274408504508,4.524725892943));
#755 = CARTESIAN_POINT('',(0.278303971774,4.762170748882));
#756 = CARTESIAN_POINT('',(0.278303971774,5.23785699656));
#757 = CARTESIAN_POINT('',(0.274407607155,5.475302177666));
#758 = CARTESIAN_POINT('',(0.266638335678,5.709922114748));
#759 = CARTESIAN_POINT('',(0.254953102853,5.939102508807));
#760 = CARTESIAN_POINT('',(0.23926956523,6.15964149541));
#761 = CARTESIAN_POINT('',(0.219485285166,6.367244343008));
#762 = CARTESIAN_POINT('',(0.175802952523,6.7103886376));
#763 = CARTESIAN_POINT('',(0.152775689261,6.856062511336));
#764 = CARTESIAN_POINT('',(0.126577991076,6.984325705346));
#765 = CARTESIAN_POINT('',(9.76088403907E-02,7.088095427074));
#766 = CARTESIAN_POINT('',(6.641492843194E-02,7.161535778831));
#767 = CARTESIAN_POINT('',(3.36313726852E-02,7.2));
#768 = CARTESIAN_POINT('',(0.,7.2));
#769 = ( GEOMETRIC_REPRESENTATION_CONTEXT(2) 
PARAMETRIC_REPRESENTATION_CONTEXT() REPRESENTATION_CONTEXT('2D SPACE',''
  ) );
#770 = ORIENTED_EDGE('',*,*,#771,.T.);
#771 = EDGE_CURVE('',#675,#652,#772,.T.);
#772 = SURFACE_CURVE('',#773,(#800,#830),.PCURVE_S1.);
#773 = B_SPLINE_CURVE_WITH_KNOTS('',7,(#774,#775,#776,#777,#778,#779,
    #780,#781,#782,#783,#784,#785,#786,#787,#788,#789,#790,#791,#792,
    #793,#794,#795,#796,#797,#798,#799),.UNSPECIFIED.,.F.,.F.,(8,6,6,6,8
    ),(0.,0.225546641614,0.500044975267,0.774544629353,1.),
  .UNSPECIFIED.);
#774 = CARTESIAN_POINT('',(8.008,-4.440892098501E-16,7.2));
#775 = CARTESIAN_POINT('',(8.008,-0.269393067778,7.2));
#776 = CARTESIAN_POINT('',(7.99742664685,-0.531929554793,7.161514912672)
  );
#777 = CARTESIAN_POINT('',(7.977251759708,-0.781198169925,7.088068221926
    ));
#778 = CARTESIAN_POINT('',(7.949818112693,-1.011751662963,6.984315400218
    ));
#779 = CARTESIAN_POINT('',(7.918364320559,-1.219252939559,6.856081040568
    ));
#780 = CARTESIAN_POINT('',(7.886100935382,-1.400847841764,6.710421995457
    ));
#781 = CARTESIAN_POINT('',(7.81814238228,-1.744016329929,6.367253507292)
  );
#782 = CARTESIAN_POINT('',(7.782092929248,-1.898395806244,6.159646900456
    ));
#783 = CARTESIAN_POINT('',(7.750508091303,-2.019995315517,5.939097064014
    ));
#784 = CARTESIAN_POINT('',(7.725537863353,-2.110179612855,5.709911216597
    ));
#785 = CARTESIAN_POINT('',(7.708446176004,-2.169998711217,5.475294432747
    ));
#786 = CARTESIAN_POINT('',(7.699874284688,-2.2,5.237855852391));
#787 = CARTESIAN_POINT('',(7.699874284688,-2.2,4.76214300344));
#788 = CARTESIAN_POINT('',(7.708446249478,-2.169998456954,4.524697822334
    ));
#789 = CARTESIAN_POINT('',(7.725538832009,-2.110176196605,4.290077885251
    ));
#790 = CARTESIAN_POINT('',(7.750509493796,-2.019990440259,4.060897491194
    ));
#791 = CARTESIAN_POINT('',(7.782092356059,-1.898396030004,3.84035850459)
  );
#792 = CARTESIAN_POINT('',(7.818140567453,-1.744025494213,3.632755656992
    ));
#793 = CARTESIAN_POINT('',(7.886089874397,-1.400903696124,3.289633858903
    ));
#794 = CARTESIAN_POINT('',(7.918357508435,-1.219300786826,3.143940841428
    ));
#795 = CARTESIAN_POINT('',(7.949823449863,-1.011741394065,3.015658249195
    ));
#796 = CARTESIAN_POINT('',(7.977264970981,-0.78111276155,2.911883801973)
  );
#797 = CARTESIAN_POINT('',(7.997435720307,-0.531794707471,2.838452027562
    ));
#798 = CARTESIAN_POINT('',(8.008,-0.269277369199,2.8));
#799 = CARTESIAN_POINT('',(8.008,-1.33226762955E-15,2.8));
#800 = PCURVE('',#70,#801);
#801 = DEFINITIONAL_REPRESENTATION('',(#802),#829);
#802 = B_SPLINE_CURVE_WITH_KNOTS('',7,(#803,#804,#805,#806,#807,#808,
    #809,#810,#811,#812,#813,#814,#815,#816,#817,#818,#819,#820,#821,
    #822,#823,#824,#825,#826,#827,#828),.UNSPECIFIED.,.F.,.F.,(8,6,6,6,8
    ),(0.,0.225546641614,0.500044975267,0.774544629353,1.),
  .UNSPECIFIED.);
#803 = CARTESIAN_POINT('',(3.14159265359,31.408));
#804 = CARTESIAN_POINT('',(3.264044048034,31.408));
#805 = CARTESIAN_POINT('',(3.383378717328,31.39742664685));
#806 = CARTESIAN_POINT('',(3.49968195205,31.377251759708));
#807 = CARTESIAN_POINT('',(3.612788440367,31.349818112693));
#808 = CARTESIAN_POINT('',(3.722306446409,31.318364320559));
#809 = CARTESIAN_POINT('',(3.827489915462,31.286100935382));
#810 = CARTESIAN_POINT('',(4.048086974617,31.21814238228));
#811 = CARTESIAN_POINT('',(4.164433917789,31.182092929248));
#812 = CARTESIAN_POINT('',(4.277303888578,31.150508091303));
#813 = CARTESIAN_POINT('',(4.38763688333,31.125537863353));
#814 = CARTESIAN_POINT('',(4.496346335321,31.108446176004));
#815 = CARTESIAN_POINT('',(4.604272683843,31.099874284688));
#816 = CARTESIAN_POINT('',(4.820505797003,31.099874284688));
#817 = CARTESIAN_POINT('',(4.928435127332,31.108446249478));
#818 = CARTESIAN_POINT('',(5.03714611468,31.125538832009));
#819 = CARTESIAN_POINT('',(5.147477003781,31.150509493796));
#820 = CARTESIAN_POINT('',(5.260342226232,31.182092356059));
#821 = CARTESIAN_POINT('',(5.376685095128,31.218140567453));
#822 = CARTESIAN_POINT('',(5.597252140765,31.286089874397));
#823 = CARTESIAN_POINT('',(5.702449112545,31.318357508435));
#824 = CARTESIAN_POINT('',(5.811999501408,31.349823449863));
#825 = CARTESIAN_POINT('',(5.925138643767,31.377264970981));
#826 = CARTESIAN_POINT('',(6.041460548656,31.397435720307));
#827 = CARTESIAN_POINT('',(6.160786502998,31.408));
#828 = CARTESIAN_POINT('',(6.28318530718,31.408));
#829 = ( GEOMETRIC_REPRESENTATION_CONTEXT(2) 
PARAMETRIC_REPRESENTATION_CONTEXT() REPRESENTATION_CONTEXT('2D SPACE',''
  ) );
#830 = PCURVE('',#736,#831);
#831 = DEFINITIONAL_REPRESENTATION('',(#832),#859);
#832 = B_SPLINE_CURVE_WITH_KNOTS('',7,(#833,#834,#835,#836,#837,#838,
    #839,#840,#841,#842,#843,#844,#845,#846,#847,#848,#849,#850,#851,
    #852,#853,#854,#855,#856,#857,#858),.UNSPECIFIED.,.F.,.F.,(8,6,6,6,8
    ),(0.,0.225546641614,0.500044975267,0.774544629353,1.),
  .UNSPECIFIED.);
#833 = CARTESIAN_POINT('',(6.28318530718,7.2));
#834 = CARTESIAN_POINT('',(6.2495448142,7.2));
#835 = CARTESIAN_POINT('',(6.216760494638,7.161514912672));
#836 = CARTESIAN_POINT('',(6.185571095799,7.088068221926));
#837 = CARTESIAN_POINT('',(6.156607746613,6.984315400218));
#838 = CARTESIAN_POINT('',(6.130413915606,6.856081040568));
#839 = CARTESIAN_POINT('',(6.107386601118,6.710421995457));
#840 = CARTESIAN_POINT('',(6.063701188629,6.367253507292));
#841 = CARTESIAN_POINT('',(6.043915783719,6.159646900456));
#842 = CARTESIAN_POINT('',(6.028231574149,5.939097064014));
#843 = CARTESIAN_POINT('',(6.016546526453,5.709911216597));
#844 = CARTESIAN_POINT('',(6.008777667394,5.475294432747));
#845 = CARTESIAN_POINT('',(6.004881335406,5.237855852391));
#846 = CARTESIAN_POINT('',(6.004881335406,4.76214300344));
#847 = CARTESIAN_POINT('',(6.008777700025,4.524697822334));
#848 = CARTESIAN_POINT('',(6.016546971502,4.290077885251));
#849 = CARTESIAN_POINT('',(6.028232204327,4.060897491194));
#850 = CARTESIAN_POINT('',(6.04391574195,3.84035850459));
#851 = CARTESIAN_POINT('',(6.063700022014,3.632755656992));
#852 = CARTESIAN_POINT('',(6.107379490848,3.289633858903));
#853 = CARTESIAN_POINT('',(6.130407888225,3.143940841428));
#854 = CARTESIAN_POINT('',(6.156609124951,3.015658249195));
#855 = CARTESIAN_POINT('',(6.185581846273,2.911883801973));
#856 = CARTESIAN_POINT('',(6.21677733246,2.838452027562));
#857 = CARTESIAN_POINT('',(6.249559262075,2.8));
#858 = CARTESIAN_POINT('',(6.28318530718,2.8));
#859 = ( GEOMETRIC_REPRESENTATION_CONTEXT(2) 
PARAMETRIC_REPRESENTATION_CONTEXT() REPRESENTATION_CONTEXT('2D SPACE',''
  ) );
#860 = ORIENTED_EDGE('',*,*,#651,.T.);
#861 = ORIENTED_EDGE('',*,*,#862,.F.);
#862 = EDGE_CURVE('',#863,#535,#865,.T.);
#863 = VERTEX_POINT('',#864);
#864 = CARTESIAN_POINT('',(18.377159737021,-0.916515138991,7.));
#865 = SURFACE_CURVE('',#866,(#899,#935),.PCURVE_S1.);
#866 = B_SPLINE_CURVE_WITH_KNOTS('',7,(#867,#868,#869,#870,#871,#872,
    #873,#874,#875,#876,#877,#878,#879,#880,#881,#882,#883,#884,#885,
    #886,#887,#888,#889,#890,#891,#892,#893,#894,#895,#896,#897,#898),
  .UNSPECIFIED.,.F.,.F.,(8,6,6,6,6,8),(0.,0.111591440909,0.261198139158,
    0.43445175516,0.722862206493,1.),.UNSPECIFIED.);
#867 = CARTESIAN_POINT('',(18.377159802298,-0.916513830129,
    7.000000599898));
#868 = CARTESIAN_POINT('',(18.372306282286,-1.013832506542,
    6.955403656841));
#869 = CARTESIAN_POINT('',(18.367058722833,-1.106964890981,
    6.906040457009));
#870 = CARTESIAN_POINT('',(18.361517255028,-1.195766535229,
    6.852385419478));
#871 = CARTESIAN_POINT('',(18.355779150973,-1.280128660805,
    6.794895387657));
#872 = CARTESIAN_POINT('',(18.349936436431,-1.359977132593,
    6.734010146185));
#873 = CARTESIAN_POINT('',(18.344073503483,-1.435271432491,6.67015293782
    ));
#874 = CARTESIAN_POINT('',(18.330477096852,-1.600831792787,
    6.514681411016));
#875 = CARTESIAN_POINT('',(18.322779834687,-1.687545235386,
    6.420941733948));
#876 = CARTESIAN_POINT('',(18.315337504371,-1.766292921052,
    6.323293037175));
#877 = CARTESIAN_POINT('',(18.308284286491,-1.837246797267,
    6.222393724458));
#878 = CARTESIAN_POINT('',(18.301727741598,-1.90058643476,6.118798359317
    ));
#879 = CARTESIAN_POINT('',(18.295752577263,-1.956483663484,
    6.012976509081));
#880 = CARTESIAN_POINT('',(18.284254080753,-2.061373057026,
    5.780672252963));
#881 = CARTESIAN_POINT('',(18.278950672427,-2.107887159223,5.65354683208
    ));
#882 = CARTESIAN_POINT('',(18.274616118938,-2.144855849811,
    5.524578192027));
#883 = CARTESIAN_POINT('',(18.271321492399,-2.172457943127,
    5.394293708158));
#884 = CARTESIAN_POINT('',(18.269110806903,-2.19081806758,5.263154475375
    ));
#885 = CARTESIAN_POINT('',(18.268004817166,-2.2,5.131584518057));
#886 = CARTESIAN_POINT('',(18.268004817166,-2.2,4.780954931174));
#887 = CARTESIAN_POINT('',(18.271068967427,-2.174556197951,
    4.562095318612));
#888 = CARTESIAN_POINT('',(18.277188568268,-2.123742311112,
    4.345176070965));
#889 = CARTESIAN_POINT('',(18.28620152281,-2.04701851258,4.132122073159)
  );
#890 = CARTESIAN_POINT('',(18.297779636758,-1.943389825702,
    3.925340466786));
#891 = CARTESIAN_POINT('',(18.311320605394,-1.811566613252,
    3.728098081811));
#892 = CARTESIAN_POINT('',(18.339806977634,-1.495227449357,
    3.369281733522));
#893 = CARTESIAN_POINT('',(18.355052584772,-1.30879920285,3.201881068095
    ));
#894 = CARTESIAN_POINT('',(18.37043528121,-1.091286669284,3.053069464178
    ));
#895 = CARTESIAN_POINT('',(18.384249105312,-0.845697834564,
    2.931740231914));
#896 = CARTESIAN_POINT('',(18.394573164929,-0.577186199191,
    2.845386855268));
#897 = CARTESIAN_POINT('',(18.4,-0.292553539077,2.8));
#898 = CARTESIAN_POINT('',(18.4,-2.6645352591E-15,2.8));
#899 = PCURVE('',#70,#900);
#900 = DEFINITIONAL_REPRESENTATION('',(#901),#934);
#901 = B_SPLINE_CURVE_WITH_KNOTS('',7,(#902,#903,#904,#905,#906,#907,
    #908,#909,#910,#911,#912,#913,#914,#915,#916,#917,#918,#919,#920,
    #921,#922,#923,#924,#925,#926,#927,#928,#929,#930,#931,#932,#933),
  .UNSPECIFIED.,.F.,.F.,(8,6,6,6,6,8),(0.,0.111591440909,0.261198139158,
    0.43445175516,0.722862206493,1.),.UNSPECIFIED.);
#902 = CARTESIAN_POINT('',(3.57129166531,41.777159802298));
#903 = CARTESIAN_POINT('',(3.619950988924,41.772306282286));
#904 = CARTESIAN_POINT('',(3.667783092771,41.767058722833));
#905 = CARTESIAN_POINT('',(3.714826211091,41.761517255028));
#906 = CARTESIAN_POINT('',(3.761108865543,41.755779150973));
#907 = CARTESIAN_POINT('',(3.806651832674,41.749936436431));
#908 = CARTESIAN_POINT('',(3.851470111395,41.744073503483));
#909 = CARTESIAN_POINT('',(3.954704607909,41.730477096852));
#910 = CARTESIAN_POINT('',(4.012605275339,41.722779834687));
#911 = CARTESIAN_POINT('',(4.069419300413,41.715337504371));
#912 = CARTESIAN_POINT('',(4.125275479481,41.708284286491));
#913 = CARTESIAN_POINT('',(4.180293437469,41.701727741598));
#914 = CARTESIAN_POINT('',(4.234588067772,41.695752577263));
#915 = CARTESIAN_POINT('',(4.350445500368,41.684254080753));
#916 = CARTESIAN_POINT('',(4.411811102667,41.678950672427));
#917 = CARTESIAN_POINT('',(4.472546488309,41.674616118938));
#918 = CARTESIAN_POINT('',(4.532815021517,41.671321492399));
#919 = CARTESIAN_POINT('',(4.592773483722,41.669110806903));
#920 = CARTESIAN_POINT('',(4.652577835813,41.668004817166));
#921 = CARTESIAN_POINT('',(4.81195492076,41.668004817166));
#922 = CARTESIAN_POINT('',(4.911436386914,41.671068967427));
#923 = CARTESIAN_POINT('',(5.011649009785,41.677188568268));
#924 = CARTESIAN_POINT('',(5.113314361133,41.68620152281));
#925 = CARTESIAN_POINT('',(5.217194830297,41.697779636758));
#926 = CARTESIAN_POINT('',(5.324072205324,41.711320605394));
#927 = CARTESIAN_POINT('',(5.541504458673,41.739806977634));
#928 = CARTESIAN_POINT('',(5.654621039552,41.755052584772));
#929 = CARTESIAN_POINT('',(5.772718305135,41.77043528121));
#930 = CARTESIAN_POINT('',(5.894936118522,41.784249105312));
#931 = CARTESIAN_POINT('',(6.020828049115,41.794573164929));
#932 = CARTESIAN_POINT('',(6.150206425781,41.8));
#933 = CARTESIAN_POINT('',(6.28318530718,41.8));
#934 = ( GEOMETRIC_REPRESENTATION_CONTEXT(2) 
PARAMETRIC_REPRESENTATION_CONTEXT() REPRESENTATION_CONTEXT('2D SPACE',''
  ) );
#935 = PCURVE('',#610,#936);
#936 = DEFINITIONAL_REPRESENTATION('',(#937),#970);
#937 = B_SPLINE_CURVE_WITH_KNOTS('',7,(#938,#939,#940,#941,#942,#943,
    #944,#945,#946,#947,#948,#949,#950,#951,#952,#953,#954,#955,#956,
    #957,#958,#959,#960,#961,#962,#963,#964,#965,#966,#967,#968,#969),
  .UNSPECIFIED.,.F.,.F.,(8,6,6,6,6,8),(0.,0.111591440909,0.261198139158,
    0.43445175516,0.722862206493,1.),.UNSPECIFIED.);
#938 = CARTESIAN_POINT('',(6.233354152505,7.0000006));
#939 = CARTESIAN_POINT('',(6.228058520456,6.955403656943));
#940 = CARTESIAN_POINT('',(6.222989055535,6.906040456942));
#941 = CARTESIAN_POINT('',(6.218153625388,6.852385419388));
#942 = CARTESIAN_POINT('',(6.21355825081,6.794895387666));
#943 = CARTESIAN_POINT('',(6.209207137017,6.734010146253));
#944 = CARTESIAN_POINT('',(6.205102704918,6.67015293782));
#945 = CARTESIAN_POINT('',(6.196074568244,6.514681411016));
#946 = CARTESIAN_POINT('',(6.191343451524,6.420941733948));
#947 = CARTESIAN_POINT('',(6.187044717992,6.323293037175));
#948 = CARTESIAN_POINT('',(6.183169588004,6.222393724458));
#949 = CARTESIAN_POINT('',(6.179708851801,6.118798359317));
#950 = CARTESIAN_POINT('',(6.176653664805,6.012976509081));
#951 = CARTESIAN_POINT('',(6.17091900326,5.780672252963));
#952 = CARTESIAN_POINT('',(6.168374705789,5.65354683208));
#953 = CARTESIAN_POINT('',(6.166351789304,5.524578192027));
#954 = CARTESIAN_POINT('',(6.164841027588,5.394293708158));
#955 = CARTESIAN_POINT('',(6.163835983069,5.263154475375));
#956 = CARTESIAN_POINT('',(6.163333360471,5.131584518057));
#957 = CARTESIAN_POINT('',(6.163333360471,4.780954931174));
#958 = CARTESIAN_POINT('',(6.164726166809,4.562095318612));
#959 = CARTESIAN_POINT('',(6.167507747969,4.345176070965));
#960 = CARTESIAN_POINT('',(6.171706168023,4.132122073159));
#961 = CARTESIAN_POINT('',(6.177373013085,3.925340466786));
#962 = CARTESIAN_POINT('',(6.184574448888,3.728098081811));
#963 = CARTESIAN_POINT('',(6.201836360547,3.369281733522));
#964 = CARTESIAN_POINT('',(6.212001803882,3.201881068095));
#965 = CARTESIAN_POINT('',(6.22385149806,3.053069464178));
#966 = CARTESIAN_POINT('',(6.2372169374,2.931740231914));
#967 = CARTESIAN_POINT('',(6.251816484648,2.845386855268));
#968 = CARTESIAN_POINT('',(6.267285658317,2.8));
#969 = CARTESIAN_POINT('',(6.28318530718,2.8));
#970 = ( GEOMETRIC_REPRESENTATION_CONTEXT(2) 
PARAMETRIC_REPRESENTATION_CONTEXT() REPRESENTATION_CONTEXT('2D SPACE',''
  ) );
#971 = ORIENTED_EDGE('',*,*,#972,.F.);
#972 = EDGE_CURVE('',#216,#863,#973,.T.);
#973 = SURFACE_CURVE('',#974,(#978,#984),.PCURVE_S1.);
#974 = LINE('',#975,#976);
#975 = CARTESIAN_POINT('',(-23.4,-0.916515138991,7.));
#976 = VECTOR('',#977,1.);
#977 = DIRECTION('',(1.,0.,2.22044604925E-16));
#978 = PCURVE('',#70,#979);
#979 = DEFINITIONAL_REPRESENTATION('',(#980),#983);
#980 = B_SPLINE_CURVE_WITH_KNOTS('',1,(#981,#982),.UNSPECIFIED.,.F.,.F.,
  (2,2),(1.32,45.48),.PIECEWISE_BEZIER_KNOTS.);
#981 = CARTESIAN_POINT('',(3.571292319741,1.32));
#982 = CARTESIAN_POINT('',(3.571292319741,45.48));
#983 = ( GEOMETRIC_REPRESENTATION_CONTEXT(2) 
PARAMETRIC_REPRESENTATION_CONTEXT() REPRESENTATION_CONTEXT('2D SPACE',''
  ) );
#984 = PCURVE('',#232,#985);
#985 = DEFINITIONAL_REPRESENTATION('',(#986),#989);
#986 = B_SPLINE_CURVE_WITH_KNOTS('',1,(#987,#988),.UNSPECIFIED.,.F.,.F.,
  (2,2),(1.32,45.48),.PIECEWISE_BEZIER_KNOTS.);
#987 = CARTESIAN_POINT('',(-22.08,-0.916515138991));
#988 = CARTESIAN_POINT('',(22.08,-0.916515138991));
#989 = ( GEOMETRIC_REPRESENTATION_CONTEXT(2) 
PARAMETRIC_REPRESENTATION_CONTEXT() REPRESENTATION_CONTEXT('2D SPACE',''
  ) );
#990 = ORIENTED_EDGE('',*,*,#244,.F.);
#991 = ORIENTED_EDGE('',*,*,#39,.F.);
#992 = ORIENTED_EDGE('',*,*,#993,.T.);
#993 = EDGE_CURVE('',#40,#537,#994,.T.);
#994 = SURFACE_CURVE('',#995,(#999,#1005),.PCURVE_S1.);
#995 = LINE('',#996,#997);
#996 = CARTESIAN_POINT('',(-23.4,0.916515138991,7.));
#997 = VECTOR('',#998,1.);
#998 = DIRECTION('',(1.,0.,2.22044604925E-16));
#999 = PCURVE('',#70,#1000);
#1000 = DEFINITIONAL_REPRESENTATION('',(#1001),#1004);
#1001 = B_SPLINE_CURVE_WITH_KNOTS('',1,(#1002,#1003),.UNSPECIFIED.,.F.,
  .F.,(2,2),(1.32,45.48),.PIECEWISE_BEZIER_KNOTS.);
#1002 = CARTESIAN_POINT('',(2.711892987438,1.32));
#1003 = CARTESIAN_POINT('',(2.711892987438,45.48));
#1004 = ( GEOMETRIC_REPRESENTATION_CONTEXT(2) 
PARAMETRIC_REPRESENTATION_CONTEXT() REPRESENTATION_CONTEXT('2D SPACE',''
  ) );
#1005 = PCURVE('',#103,#1006);
#1006 = DEFINITIONAL_REPRESENTATION('',(#1007),#1010);
#1007 = B_SPLINE_CURVE_WITH_KNOTS('',1,(#1008,#1009),.UNSPECIFIED.,.F.,
  .F.,(2,2),(1.32,45.48),.PIECEWISE_BEZIER_KNOTS.);
#1008 = CARTESIAN_POINT('',(-22.08,0.916515138991));
#1009 = CARTESIAN_POINT('',(22.08,0.916515138991));
#1010 = ( GEOMETRIC_REPRESENTATION_CONTEXT(2) 
PARAMETRIC_REPRESENTATION_CONTEXT() REPRESENTATION_CONTEXT('2D SPACE',''
  ) );
#1011 = ADVANCED_FACE('',(#1012,#1043),#315,.F.);
#1012 = FACE_BOUND('',#1013,.F.);
#1013 = EDGE_LOOP('',(#1014));
#1014 = ORIENTED_EDGE('',*,*,#1015,.T.);
#1015 = EDGE_CURVE('',#1016,#1016,#1018,.T.);
#1016 = VERTEX_POINT('',#1017);
#1017 = CARTESIAN_POINT('',(13.4,-3.282053421715E-15,31.));
#1018 = SURFACE_CURVE('',#1019,(#1024,#1031),.PCURVE_S1.);
#1019 = CIRCLE('',#1020,13.4);
#1020 = AXIS2_PLACEMENT_3D('',#1021,#1022,#1023);
#1021 = CARTESIAN_POINT('',(0.,0.,31.));
#1022 = DIRECTION('',(0.,0.,1.));
#1023 = DIRECTION('',(1.,0.,-0.));
#1024 = PCURVE('',#315,#1025);
#1025 = DEFINITIONAL_REPRESENTATION('',(#1026),#1030);
#1026 = CIRCLE('',#1027,13.4);
#1027 = AXIS2_PLACEMENT_2D('',#1028,#1029);
#1028 = CARTESIAN_POINT('',(0.,0.));
#1029 = DIRECTION('',(1.,0.));
#1030 = ( GEOMETRIC_REPRESENTATION_CONTEXT(2) 
PARAMETRIC_REPRESENTATION_CONTEXT() REPRESENTATION_CONTEXT('2D SPACE',''
  ) );
#1031 = PCURVE('',#1032,#1037);
#1032 = CYLINDRICAL_SURFACE('',#1033,13.4);
#1033 = AXIS2_PLACEMENT_3D('',#1034,#1035,#1036);
#1034 = CARTESIAN_POINT('',(0.,0.,31.));
#1035 = DIRECTION('',(0.,0.,1.));
#1036 = DIRECTION('',(1.,0.,-0.));
#1037 = DEFINITIONAL_REPRESENTATION('',(#1038),#1042);
#1038 = LINE('',#1039,#1040);
#1039 = CARTESIAN_POINT('',(0.,0.));
#1040 = VECTOR('',#1041,1.);
#1041 = DIRECTION('',(1.,0.));
#1042 = ( GEOMETRIC_REPRESENTATION_CONTEXT(2) 
PARAMETRIC_REPRESENTATION_CONTEXT() REPRESENTATION_CONTEXT('2D SPACE',''
  ) );
#1043 = FACE_BOUND('',#1044,.F.);
#1044 = EDGE_LOOP('',(#1045));
#1045 = ORIENTED_EDGE('',*,*,#300,.F.);
#1046 = ADVANCED_FACE('',(#1047),#232,.T.);
#1047 = FACE_BOUND('',#1048,.T.);
#1048 = EDGE_LOOP('',(#1049,#1073,#1074,#1075));
#1049 = ORIENTED_EDGE('',*,*,#1050,.T.);
#1050 = EDGE_CURVE('',#1051,#863,#1053,.T.);
#1051 = VERTEX_POINT('',#1052);
#1052 = CARTESIAN_POINT('',(-18.37715973702,-0.916515138991,7.));
#1053 = SURFACE_CURVE('',#1054,(#1059,#1066),.PCURVE_S1.);
#1054 = CIRCLE('',#1055,18.4);
#1055 = AXIS2_PLACEMENT_3D('',#1056,#1057,#1058);
#1056 = CARTESIAN_POINT('',(0.,0.,7.));
#1057 = DIRECTION('',(0.,0.,1.));
#1058 = DIRECTION('',(1.,0.,-0.));
#1059 = PCURVE('',#232,#1060);
#1060 = DEFINITIONAL_REPRESENTATION('',(#1061),#1065);
#1061 = CIRCLE('',#1062,18.4);
#1062 = AXIS2_PLACEMENT_2D('',#1063,#1064);
#1063 = CARTESIAN_POINT('',(0.,0.));
#1064 = DIRECTION('',(1.,0.));
#1065 = ( GEOMETRIC_REPRESENTATION_CONTEXT(2) 
PARAMETRIC_REPRESENTATION_CONTEXT() REPRESENTATION_CONTEXT('2D SPACE',''
  ) );
#1066 = PCURVE('',#610,#1067);
#1067 = DEFINITIONAL_REPRESENTATION('',(#1068),#1072);
#1068 = LINE('',#1069,#1070);
#1069 = CARTESIAN_POINT('',(0.,7.));
#1070 = VECTOR('',#1071,1.);
#1071 = DIRECTION('',(1.,0.));
#1072 = ( GEOMETRIC_REPRESENTATION_CONTEXT(2) 
PARAMETRIC_REPRESENTATION_CONTEXT() REPRESENTATION_CONTEXT('2D SPACE',''
  ) );
#1073 = ORIENTED_EDGE('',*,*,#972,.F.);
#1074 = ORIENTED_EDGE('',*,*,#215,.F.);
#1075 = ORIENTED_EDGE('',*,*,#1076,.F.);
#1076 = EDGE_CURVE('',#1051,#116,#1077,.T.);
#1077 = SURFACE_CURVE('',#1078,(#1082,#1088),.PCURVE_S1.);
#1078 = LINE('',#1079,#1080);
#1079 = CARTESIAN_POINT('',(-23.4,-0.916515138991,7.));
#1080 = VECTOR('',#1081,1.);
#1081 = DIRECTION('',(1.,0.,2.22044604925E-16));
#1082 = PCURVE('',#232,#1083);
#1083 = DEFINITIONAL_REPRESENTATION('',(#1084),#1087);
#1084 = B_SPLINE_CURVE_WITH_KNOTS('',1,(#1085,#1086),.UNSPECIFIED.,.F.,
  .F.,(2,2),(1.32,45.48),.PIECEWISE_BEZIER_KNOTS.);
#1085 = CARTESIAN_POINT('',(-22.08,-0.916515138991));
#1086 = CARTESIAN_POINT('',(22.08,-0.916515138991));
#1087 = ( GEOMETRIC_REPRESENTATION_CONTEXT(2) 
PARAMETRIC_REPRESENTATION_CONTEXT() REPRESENTATION_CONTEXT('2D SPACE',''
  ) );
#1088 = PCURVE('',#179,#1089);
#1089 = DEFINITIONAL_REPRESENTATION('',(#1090),#1093);
#1090 = B_SPLINE_CURVE_WITH_KNOTS('',1,(#1091,#1092),.UNSPECIFIED.,.F.,
  .F.,(2,2),(1.32,45.48),.PIECEWISE_BEZIER_KNOTS.);
#1091 = CARTESIAN_POINT('',(3.571292319741,1.32));
#1092 = CARTESIAN_POINT('',(3.571292319741,45.48));
#1093 = ( GEOMETRIC_REPRESENTATION_CONTEXT(2) 
PARAMETRIC_REPRESENTATION_CONTEXT() REPRESENTATION_CONTEXT('2D SPACE',''
  ) );
#1094 = ADVANCED_FACE('',(#1095),#179,.F.);
#1095 = FACE_BOUND('',#1096,.F.);
#1096 = EDGE_LOOP('',(#1097,#1261,#1284,#1394,#1413,#1414,#1415,#1523));
#1097 = ORIENTED_EDGE('',*,*,#1098,.F.);
#1098 = EDGE_CURVE('',#1099,#1099,#1101,.T.);
#1099 = VERTEX_POINT('',#1100);
#1100 = CARTESIAN_POINT('',(-8.008,-5.388445916248E-16,2.8));
#1101 = SURFACE_CURVE('',#1102,(#1153,#1207),.PCURVE_S1.);
#1102 = B_SPLINE_CURVE_WITH_KNOTS('',7,(#1103,#1104,#1105,#1106,#1107,
    #1108,#1109,#1110,#1111,#1112,#1113,#1114,#1115,#1116,#1117,#1118,
    #1119,#1120,#1121,#1122,#1123,#1124,#1125,#1126,#1127,#1128,#1129,
    #1130,#1131,#1132,#1133,#1134,#1135,#1136,#1137,#1138,#1139,#1140,
    #1141,#1142,#1143,#1144,#1145,#1146,#1147,#1148,#1149,#1150,#1151,
    #1152),.UNSPECIFIED.,.T.,.F.,(8,6,6,6,6,6,6,6,8),(0.,0.112761040125,
    0.249995684926,0.387246339683,0.499991094508,0.612766423919,
    0.750018035288,0.887270306885,1.),.UNSPECIFIED.);
#1103 = CARTESIAN_POINT('',(-8.008,0.,2.8));
#1104 = CARTESIAN_POINT('',(-8.008,0.269393067778,2.8));
#1105 = CARTESIAN_POINT('',(-7.99742664685,0.531929554793,2.838485087328
    ));
#1106 = CARTESIAN_POINT('',(-7.977251759708,0.781198169925,
    2.911931778074));
#1107 = CARTESIAN_POINT('',(-7.949818112693,1.011751662963,
    3.015684599781));
#1108 = CARTESIAN_POINT('',(-7.918364320559,1.219252939559,
    3.143918959433));
#1109 = CARTESIAN_POINT('',(-7.886100935382,1.400847841764,
    3.289578004543));
#1110 = CARTESIAN_POINT('',(-7.818142267019,1.744016911959,
    3.632747074738));
#1111 = CARTESIAN_POINT('',(-7.782094078714,1.898389857675,
    3.840347408693));
#1112 = CARTESIAN_POINT('',(-7.750509151396,2.019993115308,
    4.060894868273));
#1113 = CARTESIAN_POINT('',(-7.725536316521,2.110184897974,
    4.290091655143));
#1114 = CARTESIAN_POINT('',(-7.70844428338,2.170005369286,4.524725892942
    ));
#1115 = CARTESIAN_POINT('',(-7.699874284688,2.2,4.762170748882));
#1116 = CARTESIAN_POINT('',(-7.699874284688,2.2,5.237856996561));
#1117 = CARTESIAN_POINT('',(-7.708446249478,2.169998456954,
    5.475302177665));
#1118 = CARTESIAN_POINT('',(-7.725538832009,2.110176196605,5.70992211475
    ));
#1119 = CARTESIAN_POINT('',(-7.750509493796,2.019990440259,
    5.939102508805));
#1120 = CARTESIAN_POINT('',(-7.78209235606,1.898396030003,6.159641495411
    ));
#1121 = CARTESIAN_POINT('',(-7.818140567453,1.744025494213,
    6.367244343008));
#1122 = CARTESIAN_POINT('',(-7.886094329438,1.400881199621,6.7103886376)
  );
#1123 = CARTESIAN_POINT('',(-7.918359168164,1.219286992364,
    6.856062511336));
#1124 = CARTESIAN_POINT('',(-7.949819788754,1.011755485417,
    6.984325705346));
#1125 = CARTESIAN_POINT('',(-7.977259214996,0.781155580107,
    7.088095427074));
#1126 = CARTESIAN_POINT('',(-7.997432389725,0.531850403651,
    7.161535778831));
#1127 = CARTESIAN_POINT('',(-8.008,0.269320032463,7.2));
#1128 = CARTESIAN_POINT('',(-8.008,-0.269393067778,7.2));
#1129 = CARTESIAN_POINT('',(-7.99742664685,-0.531929554793,
    7.161514912672));
#1130 = CARTESIAN_POINT('',(-7.977251759708,-0.781198169925,
    7.088068221926));
#1131 = CARTESIAN_POINT('',(-7.949818112693,-1.011751662963,
    6.984315400218));
#1132 = CARTESIAN_POINT('',(-7.918364320559,-1.219252939559,
    6.856081040568));
#1133 = CARTESIAN_POINT('',(-7.886100935381,-1.400847841764,
    6.710421995457));
#1134 = CARTESIAN_POINT('',(-7.81814238228,-1.744016329929,
    6.367253507292));
#1135 = CARTESIAN_POINT('',(-7.782092929248,-1.898395806244,
    6.159646900456));
#1136 = CARTESIAN_POINT('',(-7.750508091303,-2.019995315517,
    5.939097064014));
#1137 = CARTESIAN_POINT('',(-7.725537863353,-2.110179612855,
    5.709911216598));
#1138 = CARTESIAN_POINT('',(-7.708446176004,-2.169998711217,
    5.475294432747));
#1139 = CARTESIAN_POINT('',(-7.699874284688,-2.2,5.237855852392));
#1140 = CARTESIAN_POINT('',(-7.699874284688,-2.2,4.76214300344));
#1141 = CARTESIAN_POINT('',(-7.708446249478,-2.169998456954,
    4.524697822334));
#1142 = CARTESIAN_POINT('',(-7.725538832009,-2.110176196605,
    4.290077885251));
#1143 = CARTESIAN_POINT('',(-7.750509493796,-2.019990440259,
    4.060897491194));
#1144 = CARTESIAN_POINT('',(-7.782092356059,-1.898396030004,
    3.84035850459));
#1145 = CARTESIAN_POINT('',(-7.818140567453,-1.744025494213,
    3.632755656992));
#1146 = CARTESIAN_POINT('',(-7.886089874397,-1.400903696124,
    3.289633858903));
#1147 = CARTESIAN_POINT('',(-7.918357508435,-1.219300786825,
    3.143940841428));
#1148 = CARTESIAN_POINT('',(-7.949823449863,-1.011741394066,
    3.015658249195));
#1149 = CARTESIAN_POINT('',(-7.977264970981,-0.781112761549,
    2.911883801973));
#1150 = CARTESIAN_POINT('',(-7.997435720307,-0.531794707472,
    2.838452027562));
#1151 = CARTESIAN_POINT('',(-8.008,-0.269277369199,2.8));
#1152 = CARTESIAN_POINT('',(-8.008,0.,2.8));
#1153 = PCURVE('',#179,#1154);
#1154 = DEFINITIONAL_REPRESENTATION('',(#1155),#1206);
#1155 = B_SPLINE_CURVE_WITH_KNOTS('',7,(#1156,#1157,#1158,#1159,#1160,
    #1161,#1162,#1163,#1164,#1165,#1166,#1167,#1168,#1169,#1170,#1171,
    #1172,#1173,#1174,#1175,#1176,#1177,#1178,#1179,#1180,#1181,#1182,
    #1183,#1184,#1185,#1186,#1187,#1188,#1189,#1190,#1191,#1192,#1193,
    #1194,#1195,#1196,#1197,#1198,#1199,#1200,#1201,#1202,#1203,#1204,
    #1205),.UNSPECIFIED.,.F.,.F.,(8,6,6,6,6,6,6,6,8),(0.,0.112761040125,
    0.249995684926,0.387246339683,0.499991094508,0.612766423919,
    0.750018035288,0.887270306885,1.),.UNSPECIFIED.);
#1156 = CARTESIAN_POINT('',(0.,15.392));
#1157 = CARTESIAN_POINT('',(0.122451394444,15.392));
#1158 = CARTESIAN_POINT('',(0.241786063738,15.40257335315));
#1159 = CARTESIAN_POINT('',(0.35808929846,15.422748240292));
#1160 = CARTESIAN_POINT('',(0.471195786777,15.450181887307));
#1161 = CARTESIAN_POINT('',(0.58071379282,15.481635679441));
#1162 = CARTESIAN_POINT('',(0.685897261872,15.513899064618));
#1163 = CARTESIAN_POINT('',(0.90649469517,15.581857732981));
#1164 = CARTESIAN_POINT('',(1.022837542293,15.617905921286));
#1165 = CARTESIAN_POINT('',(1.135707876066,15.649490848604));
#1166 = CARTESIAN_POINT('',(1.246046216507,15.674463683479));
#1167 = CARTESIAN_POINT('',(1.354762907817,15.69155571662));
#1168 = CARTESIAN_POINT('',(1.462692121741,15.700125715312));
#1169 = CARTESIAN_POINT('',(1.678913143413,15.700125715312));
#1170 = CARTESIAN_POINT('',(1.786842473742,15.691553750522));
#1171 = CARTESIAN_POINT('',(1.895553461091,15.674461167991));
#1172 = CARTESIAN_POINT('',(2.005884350191,15.649490506204));
#1173 = CARTESIAN_POINT('',(2.118749572643,15.61790764394));
#1174 = CARTESIAN_POINT('',(2.235092441538,15.581859432547));
#1175 = CARTESIAN_POINT('',(2.455673948475,15.513905670562));
#1176 = CARTESIAN_POINT('',(2.560861964759,15.481640831836));
#1177 = CARTESIAN_POINT('',(2.670397887429,15.450180211246));
#1178 = CARTESIAN_POINT('',(2.78352512314,15.422740785004));
#1179 = CARTESIAN_POINT('',(2.899842573078,15.402567610275));
#1180 = CARTESIAN_POINT('',(3.019174457016,15.392));
#1181 = CARTESIAN_POINT('',(3.264044048034,15.392));
#1182 = CARTESIAN_POINT('',(3.383378717328,15.40257335315));
#1183 = CARTESIAN_POINT('',(3.499681952049,15.422748240292));
#1184 = CARTESIAN_POINT('',(3.612788440367,15.450181887307));
#1185 = CARTESIAN_POINT('',(3.722306446409,15.481635679441));
#1186 = CARTESIAN_POINT('',(3.827489915462,15.513899064618));
#1187 = CARTESIAN_POINT('',(4.048086974617,15.58185761772));
#1188 = CARTESIAN_POINT('',(4.164433917789,15.617907070752));
#1189 = CARTESIAN_POINT('',(4.277303888578,15.649491908697));
#1190 = CARTESIAN_POINT('',(4.387636883331,15.674462136647));
#1191 = CARTESIAN_POINT('',(4.496346335321,15.691553823996));
#1192 = CARTESIAN_POINT('',(4.604272683843,15.700125715312));
#1193 = CARTESIAN_POINT('',(4.820505797003,15.700125715312));
#1194 = CARTESIAN_POINT('',(4.928435127332,15.691553750522));
#1195 = CARTESIAN_POINT('',(5.03714611468,15.674461167991));
#1196 = CARTESIAN_POINT('',(5.147477003781,15.649490506204));
#1197 = CARTESIAN_POINT('',(5.260342226232,15.617907643941));
#1198 = CARTESIAN_POINT('',(5.376685095128,15.581859432547));
#1199 = CARTESIAN_POINT('',(5.597252140765,15.513910125603));
#1200 = CARTESIAN_POINT('',(5.702449112545,15.481642491565));
#1201 = CARTESIAN_POINT('',(5.811999501408,15.450176550137));
#1202 = CARTESIAN_POINT('',(5.925138643768,15.422735029019));
#1203 = CARTESIAN_POINT('',(6.041460548656,15.402564279693));
#1204 = CARTESIAN_POINT('',(6.160786502998,15.392));
#1205 = CARTESIAN_POINT('',(6.28318530718,15.392));
#1206 = ( GEOMETRIC_REPRESENTATION_CONTEXT(2) 
PARAMETRIC_REPRESENTATION_CONTEXT() REPRESENTATION_CONTEXT('2D SPACE',''
  ) );
#1207 = PCURVE('',#736,#1208);
#1208 = DEFINITIONAL_REPRESENTATION('',(#1209),#1260);
#1209 = B_SPLINE_CURVE_WITH_KNOTS('',7,(#1210,#1211,#1212,#1213,#1214,
    #1215,#1216,#1217,#1218,#1219,#1220,#1221,#1222,#1223,#1224,#1225,
    #1226,#1227,#1228,#1229,#1230,#1231,#1232,#1233,#1234,#1235,#1236,
    #1237,#1238,#1239,#1240,#1241,#1242,#1243,#1244,#1245,#1246,#1247,
    #1248,#1249,#1250,#1251,#1252,#1253,#1254,#1255,#1256,#1257,#1258,
    #1259),.UNSPECIFIED.,.T.,.F.,(8,6,6,6,6,6,6,6,8),(0.,0.112761040125,
    0.249995684926,0.387246339683,0.499991094508,0.612766423919,
    0.750018035288,0.887270306885,1.),.UNSPECIFIED.);
#1210 = CARTESIAN_POINT('',(3.14159265359,2.8));
#1211 = CARTESIAN_POINT('',(3.107952160611,2.8));
#1212 = CARTESIAN_POINT('',(3.075167841048,2.838485087328));
#1213 = CARTESIAN_POINT('',(3.043978442209,2.911931778074));
#1214 = CARTESIAN_POINT('',(3.015015093023,3.015684599781));
#1215 = CARTESIAN_POINT('',(2.988821262016,3.143918959433));
#1216 = CARTESIAN_POINT('',(2.965793947528,3.289578004543));
#1217 = CARTESIAN_POINT('',(2.922108460947,3.632747074738));
#1218 = CARTESIAN_POINT('',(2.902323886096,3.840347408693));
#1219 = CARTESIAN_POINT('',(2.886639218419,4.060894868273));
#1220 = CARTESIAN_POINT('',(2.874953186628,4.290091655143));
#1221 = CARTESIAN_POINT('',(2.867184149082,4.524725892942));
#1222 = CARTESIAN_POINT('',(2.863288681816,4.762170748882));
#1223 = CARTESIAN_POINT('',(2.863288681816,5.237856996561));
#1224 = CARTESIAN_POINT('',(2.867185046435,5.475302177665));
#1225 = CARTESIAN_POINT('',(2.874954317912,5.70992211475));
#1226 = CARTESIAN_POINT('',(2.886639550737,5.939102508805));
#1227 = CARTESIAN_POINT('',(2.90232308836,6.159641495411));
#1228 = CARTESIAN_POINT('',(2.922107368424,6.367244343008));
#1229 = CARTESIAN_POINT('',(2.965789701067,6.7103886376));
#1230 = CARTESIAN_POINT('',(2.988816964329,6.856062511336));
#1231 = CARTESIAN_POINT('',(3.015014662513,6.984325705346));
#1232 = CARTESIAN_POINT('',(3.043983813199,7.088095427074));
#1233 = CARTESIAN_POINT('',(3.075177725158,7.161535778831));
#1234 = CARTESIAN_POINT('',(3.107961280905,7.2));
#1235 = CARTESIAN_POINT('',(3.175233146569,7.2));
#1236 = CARTESIAN_POINT('',(3.208017466131,7.161514912672));
#1237 = CARTESIAN_POINT('',(3.23920686497,7.088068221926));
#1238 = CARTESIAN_POINT('',(3.268170214156,6.984315400218));
#1239 = CARTESIAN_POINT('',(3.294364045163,6.856081040568));
#1240 = CARTESIAN_POINT('',(3.317391359651,6.710421995457));
#1241 = CARTESIAN_POINT('',(3.36107677214,6.367253507292));
#1242 = CARTESIAN_POINT('',(3.380862177051,6.159646900456));
#1243 = CARTESIAN_POINT('',(3.396546386621,5.939097064014));
#1244 = CARTESIAN_POINT('',(3.408231434317,5.709911216598));
#1245 = CARTESIAN_POINT('',(3.416000293376,5.475294432747));
#1246 = CARTESIAN_POINT('',(3.419896625364,5.237855852392));
#1247 = CARTESIAN_POINT('',(3.419896625364,4.76214300344));
#1248 = CARTESIAN_POINT('',(3.416000260745,4.524697822334));
#1249 = CARTESIAN_POINT('',(3.408230989267,4.290077885251));
#1250 = CARTESIAN_POINT('',(3.396545756443,4.060897491194));
#1251 = CARTESIAN_POINT('',(3.38086221882,3.84035850459));
#1252 = CARTESIAN_POINT('',(3.361077938755,3.632755656992));
#1253 = CARTESIAN_POINT('',(3.317398469922,3.289633858903));
#1254 = CARTESIAN_POINT('',(3.294370072545,3.143940841428));
#1255 = CARTESIAN_POINT('',(3.268168835819,3.015658249195));
#1256 = CARTESIAN_POINT('',(3.239196114496,2.911883801973));
#1257 = CARTESIAN_POINT('',(3.208000628309,2.838452027562));
#1258 = CARTESIAN_POINT('',(3.175218698695,2.8));
#1259 = CARTESIAN_POINT('',(3.14159265359,2.8));
#1260 = ( GEOMETRIC_REPRESENTATION_CONTEXT(2) 
PARAMETRIC_REPRESENTATION_CONTEXT() REPRESENTATION_CONTEXT('2D SPACE',''
  ) );
#1261 = ORIENTED_EDGE('',*,*,#1262,.F.);
#1262 = EDGE_CURVE('',#1263,#1099,#1265,.T.);
#1263 = VERTEX_POINT('',#1264);
#1264 = CARTESIAN_POINT('',(-18.4,-5.388445916248E-16,2.8));
#1265 = SEAM_CURVE('',#1266,(#1270,#1277),.PCURVE_S1.);
#1266 = LINE('',#1267,#1268);
#1267 = CARTESIAN_POINT('',(-23.4,-5.388445916248E-16,2.8));
#1268 = VECTOR('',#1269,1.);
#1269 = DIRECTION('',(1.,0.,2.22044604925E-16));
#1270 = PCURVE('',#179,#1271);
#1271 = DEFINITIONAL_REPRESENTATION('',(#1272),#1276);
#1272 = LINE('',#1273,#1274);
#1273 = CARTESIAN_POINT('',(6.28318530718,-0.));
#1274 = VECTOR('',#1275,1.);
#1275 = DIRECTION('',(0.,1.));
#1276 = ( GEOMETRIC_REPRESENTATION_CONTEXT(2) 
PARAMETRIC_REPRESENTATION_CONTEXT() REPRESENTATION_CONTEXT('2D SPACE',''
  ) );
#1277 = PCURVE('',#179,#1278);
#1278 = DEFINITIONAL_REPRESENTATION('',(#1279),#1283);
#1279 = LINE('',#1280,#1281);
#1280 = CARTESIAN_POINT('',(0.,-0.));
#1281 = VECTOR('',#1282,1.);
#1282 = DIRECTION('',(0.,1.));
#1283 = ( GEOMETRIC_REPRESENTATION_CONTEXT(2) 
PARAMETRIC_REPRESENTATION_CONTEXT() REPRESENTATION_CONTEXT('2D SPACE',''
  ) );
#1284 = ORIENTED_EDGE('',*,*,#1285,.T.);
#1285 = EDGE_CURVE('',#1263,#1286,#1288,.T.);
#1286 = VERTEX_POINT('',#1287);
#1287 = CARTESIAN_POINT('',(-18.37715973702,0.916515138991,7.));
#1288 = SURFACE_CURVE('',#1289,(#1322,#1358),.PCURVE_S1.);
#1289 = B_SPLINE_CURVE_WITH_KNOTS('',7,(#1290,#1291,#1292,#1293,#1294,
    #1295,#1296,#1297,#1298,#1299,#1300,#1301,#1302,#1303,#1304,#1305,
    #1306,#1307,#1308,#1309,#1310,#1311,#1312,#1313,#1314,#1315,#1316,
    #1317,#1318,#1319,#1320,#1321),.UNSPECIFIED.,.F.,.F.,(8,6,6,6,6,8),(
    0.,0.277213131051,0.565584322685,0.738824045332,0.888418757873,1.),
  .UNSPECIFIED.);
#1290 = CARTESIAN_POINT('',(-18.4,8.572527594031E-16,2.8));
#1291 = CARTESIAN_POINT('',(-18.4,0.292691194534,2.8));
#1292 = CARTESIAN_POINT('',(-18.39456805911,0.577344655292,
    2.845429582637));
#1293 = CARTESIAN_POINT('',(-18.38424182314,0.845794128026,
    2.931800999742));
#1294 = CARTESIAN_POINT('',(-18.37043289934,1.091293134905,
    3.053100689016));
#1295 = CARTESIAN_POINT('',(-18.35505660513,1.308740637952,
    3.201850539668));
#1296 = CARTESIAN_POINT('',(-18.33981265434,1.495164409865,
    3.369210229254));
#1297 = CARTESIAN_POINT('',(-18.31132062513,1.811566394046,3.72809783317
    ));
#1298 = CARTESIAN_POINT('',(-18.29777979959,1.94338805483,3.92533827965)
  );
#1299 = CARTESIAN_POINT('',(-18.28620159999,2.04701836702,4.132120162697
    ));
#1300 = CARTESIAN_POINT('',(-18.27718825211,2.123744873026,
    4.345179055812));
#1301 = CARTESIAN_POINT('',(-18.27106863343,2.174558994918,
    4.562105269231));
#1302 = CARTESIAN_POINT('',(-18.26800481716,2.2,4.780967184126));
#1303 = CARTESIAN_POINT('',(-18.26800481716,2.2,5.131584518057));
#1304 = CARTESIAN_POINT('',(-18.2691108069,2.19081806758,5.263154475375)
  );
#1305 = CARTESIAN_POINT('',(-18.27132149239,2.172457943127,
    5.394293708158));
#1306 = CARTESIAN_POINT('',(-18.27461611893,2.144855849811,
    5.524578192027));
#1307 = CARTESIAN_POINT('',(-18.27895067242,2.107887159223,5.65354683208
    ));
#1308 = CARTESIAN_POINT('',(-18.28425408075,2.061373057026,
    5.780672252963));
#1309 = CARTESIAN_POINT('',(-18.29575257766,1.956483659787,
    6.012976517269));
#1310 = CARTESIAN_POINT('',(-18.30172774106,1.900586440613,
    6.118798351776));
#1311 = CARTESIAN_POINT('',(-18.30828428615,1.837246800382,
    6.222393717904));
#1312 = CARTESIAN_POINT('',(-18.31533750485,1.76629291526,6.32329304281)
  );
#1313 = CARTESIAN_POINT('',(-18.32277983518,1.68754523008,6.420941741689
    ));
#1314 = CARTESIAN_POINT('',(-18.33047709624,1.600831800146,
    6.514681404105));
#1315 = CARTESIAN_POINT('',(-18.34407343841,1.435272224865,
    6.670152193731));
#1316 = CARTESIAN_POINT('',(-18.34993639574,1.359977707667,
    6.734009760077));
#1317 = CARTESIAN_POINT('',(-18.3557791819,1.280128353466,6.794895764841
    ));
#1318 = CARTESIAN_POINT('',(-18.3615173571,1.195765137347,6.852386448599
    ));
#1319 = CARTESIAN_POINT('',(-18.36705885417,1.106962747716,
    6.906041697216));
#1320 = CARTESIAN_POINT('',(-18.37230637754,1.013830596543,
    6.955404532025));
#1321 = CARTESIAN_POINT('',(-18.37715980232,0.916513829622,
    7.000000600014));
#1322 = PCURVE('',#179,#1323);
#1323 = DEFINITIONAL_REPRESENTATION('',(#1324),#1357);
#1324 = B_SPLINE_CURVE_WITH_KNOTS('',7,(#1325,#1326,#1327,#1328,#1329,
    #1330,#1331,#1332,#1333,#1334,#1335,#1336,#1337,#1338,#1339,#1340,
    #1341,#1342,#1343,#1344,#1345,#1346,#1347,#1348,#1349,#1350,#1351,
    #1352,#1353,#1354,#1355,#1356),.UNSPECIFIED.,.F.,.F.,(8,6,6,6,6,8),(
    0.,0.277213131051,0.565584322685,0.738824045332,0.888418757873,1.),
  .UNSPECIFIED.);
#1325 = CARTESIAN_POINT('',(0.,5.));
#1326 = CARTESIAN_POINT('',(0.133041452061,5.));
#1327 = CARTESIAN_POINT('',(0.262429297157,5.005431940886));
#1328 = CARTESIAN_POINT('',(0.38829831405,5.015758176856));
#1329 = CARTESIAN_POINT('',(0.510477112386,5.029567100654));
#1330 = CARTESIAN_POINT('',(0.6285362686,5.044943394863));
#1331 = CARTESIAN_POINT('',(0.741637519004,5.060187345654));
#1332 = CARTESIAN_POINT('',(0.959112951187,5.088679374866));
#1333 = CARTESIAN_POINT('',(1.065989206585,5.102220200403));
#1334 = CARTESIAN_POINT('',(1.169870210195,5.113798400004));
#1335 = CARTESIAN_POINT('',(1.27153794799,5.122811747888));
#1336 = CARTESIAN_POINT('',(1.371753427281,5.128931366569));
#1337 = CARTESIAN_POINT('',(1.471235955943,5.131995182834));
#1338 = CARTESIAN_POINT('',(1.630607471366,5.131995182834));
#1339 = CARTESIAN_POINT('',(1.690411823457,5.130889193097));
#1340 = CARTESIAN_POINT('',(1.750370285662,5.128678507601));
#1341 = CARTESIAN_POINT('',(1.81063881887,5.125383881062));
#1342 = CARTESIAN_POINT('',(1.871374204513,5.121049327573));
#1343 = CARTESIAN_POINT('',(1.932739806812,5.115745919247));
#1344 = CARTESIAN_POINT('',(2.048597243491,5.104247422332));
#1345 = CARTESIAN_POINT('',(2.102891865307,5.098272258934));
#1346 = CARTESIAN_POINT('',(2.157909824398,5.091715713847));
#1347 = CARTESIAN_POINT('',(2.21376601044,5.084662495145));
#1348 = CARTESIAN_POINT('',(2.27058003617,5.077220164811));
#1349 = CARTESIAN_POINT('',(2.328480694682,5.069522903753));
#1350 = CARTESIAN_POINT('',(2.431714701702,5.055926561589));
#1351 = CARTESIAN_POINT('',(2.476533163022,5.050063604251));
#1352 = CARTESIAN_POINT('',(2.522076655475,5.0442208181));
#1353 = CARTESIAN_POINT('',(2.568359880156,5.038482642897));
#1354 = CARTESIAN_POINT('',(2.615403336324,5.032941145828));
#1355 = CARTESIAN_POINT('',(2.66323527326,5.027693622455));
#1356 = CARTESIAN_POINT('',(2.711893642123,5.022840197677));
#1357 = ( GEOMETRIC_REPRESENTATION_CONTEXT(2) 
PARAMETRIC_REPRESENTATION_CONTEXT() REPRESENTATION_CONTEXT('2D SPACE',''
  ) );
#1358 = PCURVE('',#610,#1359);
#1359 = DEFINITIONAL_REPRESENTATION('',(#1360),#1393);
#1360 = B_SPLINE_CURVE_WITH_KNOTS('',7,(#1361,#1362,#1363,#1364,#1365,
    #1366,#1367,#1368,#1369,#1370,#1371,#1372,#1373,#1374,#1375,#1376,
    #1377,#1378,#1379,#1380,#1381,#1382,#1383,#1384,#1385,#1386,#1387,
    #1388,#1389,#1390,#1391,#1392),.UNSPECIFIED.,.F.,.F.,(8,6,6,6,6,8),(
    0.,0.277213131051,0.565584322685,0.738824045332,0.888418757873,1.),
  .UNSPECIFIED.);
#1361 = CARTESIAN_POINT('',(3.14159265359,2.8));
#1362 = CARTESIAN_POINT('',(3.125685523452,2.8));
#1363 = CARTESIAN_POINT('',(3.110215219451,2.845429582637));
#1364 = CARTESIAN_POINT('',(3.095619040416,2.931800999742));
#1365 = CARTESIAN_POINT('',(3.082258483237,3.053100689016));
#1366 = CARTESIAN_POINT('',(3.070412340139,3.201850539668));
#1367 = CARTESIAN_POINT('',(3.060247146879,3.369210229254));
#1368 = CARTESIAN_POINT('',(3.04298180726,3.72809783317));
#1369 = CARTESIAN_POINT('',(3.035780456114,3.92533827965));
#1370 = CARTESIAN_POINT('',(3.030113522796,4.132120162697));
#1371 = CARTESIAN_POINT('',(3.025914954056,4.345179055812));
#1372 = CARTESIAN_POINT('',(3.023133360149,4.562105269231));
#1373 = CARTESIAN_POINT('',(3.021740706881,4.780967184126));
#1374 = CARTESIAN_POINT('',(3.021740706881,5.131584518057));
#1375 = CARTESIAN_POINT('',(3.022243329479,5.263154475375));
#1376 = CARTESIAN_POINT('',(3.023248373999,5.394293708158));
#1377 = CARTESIAN_POINT('',(3.024759135714,5.524578192027));
#1378 = CARTESIAN_POINT('',(3.0267820522,5.65354683208));
#1379 = CARTESIAN_POINT('',(3.02932634967,5.780672252963));
#1380 = CARTESIAN_POINT('',(3.035061011418,6.012976517269));
#1381 = CARTESIAN_POINT('',(3.038116197892,6.118798351776));
#1382 = CARTESIAN_POINT('',(3.041576934244,6.222393717904));
#1383 = CARTESIAN_POINT('',(3.045452064719,6.32329304281));
#1384 = CARTESIAN_POINT('',(3.049750798224,6.420941741689));
#1385 = CARTESIAN_POINT('',(3.054481914253,6.514681404105));
#1386 = CARTESIAN_POINT('',(3.06351000812,6.670152193731));
#1387 = CARTESIAN_POINT('',(3.067614452104,6.734009760068));
#1388 = CARTESIAN_POINT('',(3.071965614001,6.794895764839));
#1389 = CARTESIAN_POINT('',(3.076561047961,6.852386448612));
#1390 = CARTESIAN_POINT('',(3.081396518637,6.906041697225));
#1391 = CARTESIAN_POINT('',(3.0864659708,6.955404532011));
#1392 = CARTESIAN_POINT('',(3.091761498943,7.0000006));
#1393 = ( GEOMETRIC_REPRESENTATION_CONTEXT(2) 
PARAMETRIC_REPRESENTATION_CONTEXT() REPRESENTATION_CONTEXT('2D SPACE',''
  ) );
#1394 = ORIENTED_EDGE('',*,*,#1395,.T.);
#1395 = EDGE_CURVE('',#1286,#87,#1396,.T.);
#1396 = SURFACE_CURVE('',#1397,(#1401,#1407),.PCURVE_S1.);
#1397 = LINE('',#1398,#1399);
#1398 = CARTESIAN_POINT('',(-23.4,0.916515138991,7.));
#1399 = VECTOR('',#1400,1.);
#1400 = DIRECTION('',(1.,0.,2.22044604925E-16));
#1401 = PCURVE('',#179,#1402);
#1402 = DEFINITIONAL_REPRESENTATION('',(#1403),#1406);
#1403 = B_SPLINE_CURVE_WITH_KNOTS('',1,(#1404,#1405),.UNSPECIFIED.,.F.,
  .F.,(2,2),(1.32,45.48),.PIECEWISE_BEZIER_KNOTS.);
#1404 = CARTESIAN_POINT('',(2.711892987438,1.32));
#1405 = CARTESIAN_POINT('',(2.711892987438,45.48));
#1406 = ( GEOMETRIC_REPRESENTATION_CONTEXT(2) 
PARAMETRIC_REPRESENTATION_CONTEXT() REPRESENTATION_CONTEXT('2D SPACE',''
  ) );
#1407 = PCURVE('',#103,#1408);
#1408 = DEFINITIONAL_REPRESENTATION('',(#1409),#1412);
#1409 = B_SPLINE_CURVE_WITH_KNOTS('',1,(#1410,#1411),.UNSPECIFIED.,.F.,
  .F.,(2,2),(1.32,45.48),.PIECEWISE_BEZIER_KNOTS.);
#1410 = CARTESIAN_POINT('',(-22.08,0.916515138991));
#1411 = CARTESIAN_POINT('',(22.08,0.916515138991));
#1412 = ( GEOMETRIC_REPRESENTATION_CONTEXT(2) 
PARAMETRIC_REPRESENTATION_CONTEXT() REPRESENTATION_CONTEXT('2D SPACE',''
  ) );
#1413 = ORIENTED_EDGE('',*,*,#115,.T.);
#1414 = ORIENTED_EDGE('',*,*,#1076,.F.);
#1415 = ORIENTED_EDGE('',*,*,#1416,.T.);
#1416 = EDGE_CURVE('',#1051,#1263,#1417,.T.);
#1417 = SURFACE_CURVE('',#1418,(#1451,#1487),.PCURVE_S1.);
#1418 = B_SPLINE_CURVE_WITH_KNOTS('',7,(#1419,#1420,#1421,#1422,#1423,
    #1424,#1425,#1426,#1427,#1428,#1429,#1430,#1431,#1432,#1433,#1434,
    #1435,#1436,#1437,#1438,#1439,#1440,#1441,#1442,#1443,#1444,#1445,
    #1446,#1447,#1448,#1449,#1450),.UNSPECIFIED.,.F.,.F.,(8,6,6,6,6,8),(
    0.,0.111591439489,0.261198147444,0.434451761508,0.722862209615,1.),
  .UNSPECIFIED.);
#1419 = CARTESIAN_POINT('',(-18.37715980229,-0.916513830129,
    7.000000599898));
#1420 = CARTESIAN_POINT('',(-18.37230628228,-1.013832506542,
    6.955403656841));
#1421 = CARTESIAN_POINT('',(-18.36705872283,-1.106964890981,
    6.906040457009));
#1422 = CARTESIAN_POINT('',(-18.36151725502,-1.195766535229,
    6.852385419478));
#1423 = CARTESIAN_POINT('',(-18.35577915097,-1.280128660805,
    6.794895387657));
#1424 = CARTESIAN_POINT('',(-18.34993643643,-1.359977132593,
    6.734010146185));
#1425 = CARTESIAN_POINT('',(-18.34407350348,-1.435271432491,
    6.67015293782));
#1426 = CARTESIAN_POINT('',(-18.33047709624,-1.600831800146,
    6.514681404105));
#1427 = CARTESIAN_POINT('',(-18.32277983518,-1.68754523008,
    6.420941741689));
#1428 = CARTESIAN_POINT('',(-18.31533750485,-1.76629291526,6.32329304281
    ));
#1429 = CARTESIAN_POINT('',(-18.30828428615,-1.837246800382,
    6.222393717903));
#1430 = CARTESIAN_POINT('',(-18.30172774106,-1.900586440613,
    6.118798351776));
#1431 = CARTESIAN_POINT('',(-18.29575257766,-1.956483659787,
    6.012976517269));
#1432 = CARTESIAN_POINT('',(-18.28425408075,-2.061373057026,
    5.780672252963));
#1433 = CARTESIAN_POINT('',(-18.27895067242,-2.107887159223,
    5.65354683208));
#1434 = CARTESIAN_POINT('',(-18.27461611893,-2.144855849811,
    5.524578192027));
#1435 = CARTESIAN_POINT('',(-18.27132149239,-2.172457943127,
    5.394293708158));
#1436 = CARTESIAN_POINT('',(-18.2691108069,-2.19081806758,5.263154475375
    ));
#1437 = CARTESIAN_POINT('',(-18.26800481716,-2.2,5.131584518057));
#1438 = CARTESIAN_POINT('',(-18.26800481716,-2.2,4.780954931174));
#1439 = CARTESIAN_POINT('',(-18.27106896742,-2.174556197951,
    4.562095318612));
#1440 = CARTESIAN_POINT('',(-18.27718856826,-2.123742311112,
    4.345176070965));
#1441 = CARTESIAN_POINT('',(-18.28620152281,-2.04701851258,
    4.132122073159));
#1442 = CARTESIAN_POINT('',(-18.29777963675,-1.943389825702,
    3.925340466786));
#1443 = CARTESIAN_POINT('',(-18.31132060539,-1.811566613252,
    3.728098081811));
#1444 = CARTESIAN_POINT('',(-18.33980697763,-1.495227449368,
    3.369281733535));
#1445 = CARTESIAN_POINT('',(-18.35505258477,-1.308799202853,
    3.201881068092));
#1446 = CARTESIAN_POINT('',(-18.37043528121,-1.091286669272,
    3.053069464168));
#1447 = CARTESIAN_POINT('',(-18.38424910531,-0.845697834551,
    2.931740231912));
#1448 = CARTESIAN_POINT('',(-18.39457316492,-0.577186199193,
    2.845386855273));
#1449 = CARTESIAN_POINT('',(-18.4,-0.292553539093,2.8));
#1450 = CARTESIAN_POINT('',(-18.4,8.881784197001E-16,2.8));
#1451 = PCURVE('',#179,#1452);
#1452 = DEFINITIONAL_REPRESENTATION('',(#1453),#1486);
#1453 = B_SPLINE_CURVE_WITH_KNOTS('',7,(#1454,#1455,#1456,#1457,#1458,
    #1459,#1460,#1461,#1462,#1463,#1464,#1465,#1466,#1467,#1468,#1469,
    #1470,#1471,#1472,#1473,#1474,#1475,#1476,#1477,#1478,#1479,#1480,
    #1481,#1482,#1483,#1484,#1485),.UNSPECIFIED.,.F.,.F.,(8,6,6,6,6,8),(
    0.,0.111591439489,0.261198147444,0.434451761508,0.722862209615,1.),
  .UNSPECIFIED.);
#1454 = CARTESIAN_POINT('',(3.57129166531,5.022840197702));
#1455 = CARTESIAN_POINT('',(3.619950988924,5.027693717714));
#1456 = CARTESIAN_POINT('',(3.667783092771,5.032941277167));
#1457 = CARTESIAN_POINT('',(3.714826211091,5.038482744972));
#1458 = CARTESIAN_POINT('',(3.761108865543,5.044220849027));
#1459 = CARTESIAN_POINT('',(3.806651832674,5.050063563569));
#1460 = CARTESIAN_POINT('',(3.851470111395,5.055926496517));
#1461 = CARTESIAN_POINT('',(3.954704612497,5.069522903753));
#1462 = CARTESIAN_POINT('',(4.012605271009,5.077220164811));
#1463 = CARTESIAN_POINT('',(4.069419296739,5.084662495145));
#1464 = CARTESIAN_POINT('',(4.125275482782,5.091715713847));
#1465 = CARTESIAN_POINT('',(4.180293441872,5.098272258934));
#1466 = CARTESIAN_POINT('',(4.234588063689,5.104247422332));
#1467 = CARTESIAN_POINT('',(4.350445500368,5.115745919247));
#1468 = CARTESIAN_POINT('',(4.411811102667,5.121049327573));
#1469 = CARTESIAN_POINT('',(4.472546488309,5.125383881062));
#1470 = CARTESIAN_POINT('',(4.532815021517,5.128678507601));
#1471 = CARTESIAN_POINT('',(4.592773483722,5.130889193097));
#1472 = CARTESIAN_POINT('',(4.652577835813,5.131995182834));
#1473 = CARTESIAN_POINT('',(4.81195492076,5.131995182834));
#1474 = CARTESIAN_POINT('',(4.911436386914,5.128931032573));
#1475 = CARTESIAN_POINT('',(5.011649009785,5.122811431732));
#1476 = CARTESIAN_POINT('',(5.113314361133,5.11379847719));
#1477 = CARTESIAN_POINT('',(5.217194830297,5.102220363242));
#1478 = CARTESIAN_POINT('',(5.324072205324,5.088679394606));
#1479 = CARTESIAN_POINT('',(5.541504458665,5.060193022367));
#1480 = CARTESIAN_POINT('',(5.654621039552,5.044947415228));
#1481 = CARTESIAN_POINT('',(5.772718305141,5.029564718789));
#1482 = CARTESIAN_POINT('',(5.894936118527,5.015750894687));
#1483 = CARTESIAN_POINT('',(6.020828049115,5.005426835071));
#1484 = CARTESIAN_POINT('',(6.150206425774,5.));
#1485 = CARTESIAN_POINT('',(6.28318530718,5.));
#1486 = ( GEOMETRIC_REPRESENTATION_CONTEXT(2) 
PARAMETRIC_REPRESENTATION_CONTEXT() REPRESENTATION_CONTEXT('2D SPACE',''
  ) );
#1487 = PCURVE('',#610,#1488);
#1488 = DEFINITIONAL_REPRESENTATION('',(#1489),#1522);
#1489 = B_SPLINE_CURVE_WITH_KNOTS('',7,(#1490,#1491,#1492,#1493,#1494,
    #1495,#1496,#1497,#1498,#1499,#1500,#1501,#1502,#1503,#1504,#1505,
    #1506,#1507,#1508,#1509,#1510,#1511,#1512,#1513,#1514,#1515,#1516,
    #1517,#1518,#1519,#1520,#1521),.UNSPECIFIED.,.F.,.F.,(8,6,6,6,6,8),(
    0.,0.111591439489,0.261198147444,0.434451761508,0.722862209615,1.),
  .UNSPECIFIED.);
#1490 = CARTESIAN_POINT('',(3.191423808264,7.0000006));
#1491 = CARTESIAN_POINT('',(3.196719440313,6.955403656943));
#1492 = CARTESIAN_POINT('',(3.201788905234,6.906040456942));
#1493 = CARTESIAN_POINT('',(3.206624335381,6.852385419388));
#1494 = CARTESIAN_POINT('',(3.21121970996,6.794895387666));
#1495 = CARTESIAN_POINT('',(3.215570823752,6.734010146253));
#1496 = CARTESIAN_POINT('',(3.219675255851,6.67015293782));
#1497 = CARTESIAN_POINT('',(3.228703392927,6.514681404105));
#1498 = CARTESIAN_POINT('',(3.233434508956,6.420941741689));
#1499 = CARTESIAN_POINT('',(3.237733242461,6.32329304281));
#1500 = CARTESIAN_POINT('',(3.241608372935,6.222393717903));
#1501 = CARTESIAN_POINT('',(3.245069109288,6.118798351776));
#1502 = CARTESIAN_POINT('',(3.248124295762,6.012976517269));
#1503 = CARTESIAN_POINT('',(3.253858957509,5.780672252963));
#1504 = CARTESIAN_POINT('',(3.25640325498,5.65354683208));
#1505 = CARTESIAN_POINT('',(3.258426171465,5.524578192027));
#1506 = CARTESIAN_POINT('',(3.259936933181,5.394293708158));
#1507 = CARTESIAN_POINT('',(3.2609419777,5.263154475375));
#1508 = CARTESIAN_POINT('',(3.261444600299,5.131584518057));
#1509 = CARTESIAN_POINT('',(3.261444600299,4.780954931174));
#1510 = CARTESIAN_POINT('',(3.26005179396,4.562095318612));
#1511 = CARTESIAN_POINT('',(3.2572702128,4.345176070965));
#1512 = CARTESIAN_POINT('',(3.253071792747,4.132122073159));
#1513 = CARTESIAN_POINT('',(3.247404947685,3.925340466786));
#1514 = CARTESIAN_POINT('',(3.240203511881,3.728098081811));
#1515 = CARTESIAN_POINT('',(3.222941600223,3.369281733535));
#1516 = CARTESIAN_POINT('',(3.212776156888,3.201881068092));
#1517 = CARTESIAN_POINT('',(3.200926462709,3.053069464168));
#1518 = CARTESIAN_POINT('',(3.187561023369,2.931740231912));
#1519 = CARTESIAN_POINT('',(3.172961476121,2.845386855273));
#1520 = CARTESIAN_POINT('',(3.157492302454,2.8));
#1521 = CARTESIAN_POINT('',(3.14159265359,2.8));
#1522 = ( GEOMETRIC_REPRESENTATION_CONTEXT(2) 
PARAMETRIC_REPRESENTATION_CONTEXT() REPRESENTATION_CONTEXT('2D SPACE',''
  ) );
#1523 = ORIENTED_EDGE('',*,*,#1262,.T.);
#1524 = ADVANCED_FACE('',(#1525),#103,.T.);
#1525 = FACE_BOUND('',#1526,.T.);
#1526 = EDGE_LOOP('',(#1527,#1528,#1550,#1551));
#1527 = ORIENTED_EDGE('',*,*,#993,.T.);
#1528 = ORIENTED_EDGE('',*,*,#1529,.T.);
#1529 = EDGE_CURVE('',#537,#1286,#1530,.T.);
#1530 = SURFACE_CURVE('',#1531,(#1536,#1543),.PCURVE_S1.);
#1531 = CIRCLE('',#1532,18.4);
#1532 = AXIS2_PLACEMENT_3D('',#1533,#1534,#1535);
#1533 = CARTESIAN_POINT('',(0.,0.,7.));
#1534 = DIRECTION('',(0.,0.,1.));
#1535 = DIRECTION('',(1.,0.,-0.));
#1536 = PCURVE('',#103,#1537);
#1537 = DEFINITIONAL_REPRESENTATION('',(#1538),#1542);
#1538 = CIRCLE('',#1539,18.4);
#1539 = AXIS2_PLACEMENT_2D('',#1540,#1541);
#1540 = CARTESIAN_POINT('',(0.,0.));
#1541 = DIRECTION('',(1.,0.));
#1542 = ( GEOMETRIC_REPRESENTATION_CONTEXT(2) 
PARAMETRIC_REPRESENTATION_CONTEXT() REPRESENTATION_CONTEXT('2D SPACE',''
  ) );
#1543 = PCURVE('',#610,#1544);
#1544 = DEFINITIONAL_REPRESENTATION('',(#1545),#1549);
#1545 = LINE('',#1546,#1547);
#1546 = CARTESIAN_POINT('',(0.,7.));
#1547 = VECTOR('',#1548,1.);
#1548 = DIRECTION('',(1.,0.));
#1549 = ( GEOMETRIC_REPRESENTATION_CONTEXT(2) 
PARAMETRIC_REPRESENTATION_CONTEXT() REPRESENTATION_CONTEXT('2D SPACE',''
  ) );
#1550 = ORIENTED_EDGE('',*,*,#1395,.T.);
#1551 = ORIENTED_EDGE('',*,*,#86,.F.);
#1552 = ADVANCED_FACE('',(#1553),#349,.F.);
#1553 = FACE_BOUND('',#1554,.F.);
#1554 = EDGE_LOOP('',(#1555,#1579,#1601));
#1555 = ORIENTED_EDGE('',*,*,#1556,.T.);
#1556 = EDGE_CURVE('',#331,#1557,#1559,.T.);
#1557 = VERTEX_POINT('',#1558);
#1558 = CARTESIAN_POINT('',(6.16,19.76,8.47));
#1559 = SURFACE_CURVE('',#1560,(#1565,#1572),.PCURVE_S1.);
#1560 = CIRCLE('',#1561,6.16);
#1561 = AXIS2_PLACEMENT_3D('',#1562,#1563,#1564);
#1562 = CARTESIAN_POINT('',(0.,19.76,8.47));
#1563 = DIRECTION('',(0.,0.,1.));
#1564 = DIRECTION('',(1.,0.,-0.));
#1565 = PCURVE('',#349,#1566);
#1566 = DEFINITIONAL_REPRESENTATION('',(#1567),#1571);
#1567 = CIRCLE('',#1568,6.16);
#1568 = AXIS2_PLACEMENT_2D('',#1569,#1570);
#1569 = CARTESIAN_POINT('',(0.,0.));
#1570 = DIRECTION('',(1.,0.));
#1571 = ( GEOMETRIC_REPRESENTATION_CONTEXT(2) 
PARAMETRIC_REPRESENTATION_CONTEXT() REPRESENTATION_CONTEXT('2D SPACE',''
  ) );
#1572 = PCURVE('',#471,#1573);
#1573 = DEFINITIONAL_REPRESENTATION('',(#1574),#1578);
#1574 = LINE('',#1575,#1576);
#1575 = CARTESIAN_POINT('',(-0.,-0.));
#1576 = VECTOR('',#1577,1.);
#1577 = DIRECTION('',(-1.,-0.));
#1578 = ( GEOMETRIC_REPRESENTATION_CONTEXT(2) 
PARAMETRIC_REPRESENTATION_CONTEXT() REPRESENTATION_CONTEXT('2D SPACE',''
  ) );
#1579 = ORIENTED_EDGE('',*,*,#1580,.T.);
#1580 = EDGE_CURVE('',#1557,#333,#1581,.T.);
#1581 = SURFACE_CURVE('',#1582,(#1587,#1594),.PCURVE_S1.);
#1582 = CIRCLE('',#1583,6.16);
#1583 = AXIS2_PLACEMENT_3D('',#1584,#1585,#1586);
#1584 = CARTESIAN_POINT('',(0.,19.76,8.47));
#1585 = DIRECTION('',(0.,0.,1.));
#1586 = DIRECTION('',(1.,0.,-0.));
#1587 = PCURVE('',#349,#1588);
#1588 = DEFINITIONAL_REPRESENTATION('',(#1589),#1593);
#1589 = CIRCLE('',#1590,6.16);
#1590 = AXIS2_PLACEMENT_2D('',#1591,#1592);
#1591 = CARTESIAN_POINT('',(0.,0.));
#1592 = DIRECTION('',(1.,0.));
#1593 = ( GEOMETRIC_REPRESENTATION_CONTEXT(2) 
PARAMETRIC_REPRESENTATION_CONTEXT() REPRESENTATION_CONTEXT('2D SPACE',''
  ) );
#1594 = PCURVE('',#471,#1595);
#1595 = DEFINITIONAL_REPRESENTATION('',(#1596),#1600);
#1596 = LINE('',#1597,#1598);
#1597 = CARTESIAN_POINT('',(-0.,-0.));
#1598 = VECTOR('',#1599,1.);
#1599 = DIRECTION('',(-1.,-0.));
#1600 = ( GEOMETRIC_REPRESENTATION_CONTEXT(2) 
PARAMETRIC_REPRESENTATION_CONTEXT() REPRESENTATION_CONTEXT('2D SPACE',''
  ) );
#1601 = ORIENTED_EDGE('',*,*,#330,.F.);
#1602 = ADVANCED_FACE('',(#1603),#471,.T.);
#1603 = FACE_BOUND('',#1604,.T.);
#1604 = EDGE_LOOP('',(#1605,#1628,#1655,#1656,#1657,#1658));
#1605 = ORIENTED_EDGE('',*,*,#1606,.T.);
#1606 = EDGE_CURVE('',#1557,#1607,#1609,.T.);
#1607 = VERTEX_POINT('',#1608);
#1608 = CARTESIAN_POINT('',(0.8,19.76,27.27));
#1609 = SEAM_CURVE('',#1610,(#1614,#1621),.PCURVE_S1.);
#1610 = LINE('',#1611,#1612);
#1611 = CARTESIAN_POINT('',(6.16,19.76,8.47));
#1612 = VECTOR('',#1613,1.);
#1613 = DIRECTION('',(-0.274180598944,6.715487857703E-17,0.961678220177)
  );
#1614 = PCURVE('',#471,#1615);
#1615 = DEFINITIONAL_REPRESENTATION('',(#1616),#1620);
#1616 = LINE('',#1617,#1618);
#1617 = CARTESIAN_POINT('',(-6.28318530718,0.));
#1618 = VECTOR('',#1619,1.);
#1619 = DIRECTION('',(-0.,-1.));
#1620 = ( GEOMETRIC_REPRESENTATION_CONTEXT(2) 
PARAMETRIC_REPRESENTATION_CONTEXT() REPRESENTATION_CONTEXT('2D SPACE',''
  ) );
#1621 = PCURVE('',#471,#1622);
#1622 = DEFINITIONAL_REPRESENTATION('',(#1623),#1627);
#1623 = LINE('',#1624,#1625);
#1624 = CARTESIAN_POINT('',(0.,-0.));
#1625 = VECTOR('',#1626,1.);
#1626 = DIRECTION('',(-0.,-1.));
#1627 = ( GEOMETRIC_REPRESENTATION_CONTEXT(2) 
PARAMETRIC_REPRESENTATION_CONTEXT() REPRESENTATION_CONTEXT('2D SPACE',''
  ) );
#1628 = ORIENTED_EDGE('',*,*,#1629,.F.);
#1629 = EDGE_CURVE('',#1607,#1607,#1630,.T.);
#1630 = SURFACE_CURVE('',#1631,(#1636,#1643),.PCURVE_S1.);
#1631 = CIRCLE('',#1632,0.8);
#1632 = AXIS2_PLACEMENT_3D('',#1633,#1634,#1635);
#1633 = CARTESIAN_POINT('',(0.,19.76,27.27));
#1634 = DIRECTION('',(0.,0.,1.));
#1635 = DIRECTION('',(1.,0.,-0.));
#1636 = PCURVE('',#471,#1637);
#1637 = DEFINITIONAL_REPRESENTATION('',(#1638),#1642);
#1638 = LINE('',#1639,#1640);
#1639 = CARTESIAN_POINT('',(-0.,-18.8));
#1640 = VECTOR('',#1641,1.);
#1641 = DIRECTION('',(-1.,-0.));
#1642 = ( GEOMETRIC_REPRESENTATION_CONTEXT(2) 
PARAMETRIC_REPRESENTATION_CONTEXT() REPRESENTATION_CONTEXT('2D SPACE',''
  ) );
#1643 = PCURVE('',#1644,#1649);
#1644 = PLANE('',#1645);
#1645 = AXIS2_PLACEMENT_3D('',#1646,#1647,#1648);
#1646 = CARTESIAN_POINT('',(0.,19.76,27.27));
#1647 = DIRECTION('',(0.,0.,1.));
#1648 = DIRECTION('',(1.,0.,-0.));
#1649 = DEFINITIONAL_REPRESENTATION('',(#1650),#1654);
#1650 = CIRCLE('',#1651,0.8);
#1651 = AXIS2_PLACEMENT_2D('',#1652,#1653);
#1652 = CARTESIAN_POINT('',(0.,0.));
#1653 = DIRECTION('',(1.,0.));
#1654 = ( GEOMETRIC_REPRESENTATION_CONTEXT(2) 
PARAMETRIC_REPRESENTATION_CONTEXT() REPRESENTATION_CONTEXT('2D SPACE',''
  ) );
#1655 = ORIENTED_EDGE('',*,*,#1606,.F.);
#1656 = ORIENTED_EDGE('',*,*,#1580,.T.);
#1657 = ORIENTED_EDGE('',*,*,#361,.F.);
#1658 = ORIENTED_EDGE('',*,*,#1556,.T.);
#1659 = ADVANCED_FACE('',(#1660),#610,.T.);
#1660 = FACE_BOUND('',#1661,.T.);
#1661 = EDGE_LOOP('',(#1662,#1663,#1664,#1687,#1714,#1715,#1716,#1717,
    #1718));
#1662 = ORIENTED_EDGE('',*,*,#1529,.F.);
#1663 = ORIENTED_EDGE('',*,*,#534,.F.);
#1664 = ORIENTED_EDGE('',*,*,#1665,.F.);
#1665 = EDGE_CURVE('',#1666,#535,#1668,.T.);
#1666 = VERTEX_POINT('',#1667);
#1667 = CARTESIAN_POINT('',(18.4,-4.506700220862E-15,0.));
#1668 = SEAM_CURVE('',#1669,(#1673,#1680),.PCURVE_S1.);
#1669 = LINE('',#1670,#1671);
#1670 = CARTESIAN_POINT('',(18.4,-4.506700220862E-15,0.));
#1671 = VECTOR('',#1672,1.);
#1672 = DIRECTION('',(0.,0.,1.));
#1673 = PCURVE('',#610,#1674);
#1674 = DEFINITIONAL_REPRESENTATION('',(#1675),#1679);
#1675 = LINE('',#1676,#1677);
#1676 = CARTESIAN_POINT('',(6.28318530718,-0.));
#1677 = VECTOR('',#1678,1.);
#1678 = DIRECTION('',(0.,1.));
#1679 = ( GEOMETRIC_REPRESENTATION_CONTEXT(2) 
PARAMETRIC_REPRESENTATION_CONTEXT() REPRESENTATION_CONTEXT('2D SPACE',''
  ) );
#1680 = PCURVE('',#610,#1681);
#1681 = DEFINITIONAL_REPRESENTATION('',(#1682),#1686);
#1682 = LINE('',#1683,#1684);
#1683 = CARTESIAN_POINT('',(0.,-0.));
#1684 = VECTOR('',#1685,1.);
#1685 = DIRECTION('',(0.,1.));
#1686 = ( GEOMETRIC_REPRESENTATION_CONTEXT(2) 
PARAMETRIC_REPRESENTATION_CONTEXT() REPRESENTATION_CONTEXT('2D SPACE',''
  ) );
#1687 = ORIENTED_EDGE('',*,*,#1688,.T.);
#1688 = EDGE_CURVE('',#1666,#1666,#1689,.T.);
#1689 = SURFACE_CURVE('',#1690,(#1695,#1702),.PCURVE_S1.);
#1690 = CIRCLE('',#1691,18.4);
#1691 = AXIS2_PLACEMENT_3D('',#1692,#1693,#1694);
#1692 = CARTESIAN_POINT('',(0.,0.,0.));
#1693 = DIRECTION('',(0.,0.,1.));
#1694 = DIRECTION('',(1.,0.,-0.));
#1695 = PCURVE('',#610,#1696);
#1696 = DEFINITIONAL_REPRESENTATION('',(#1697),#1701);
#1697 = LINE('',#1698,#1699);
#1698 = CARTESIAN_POINT('',(0.,0.));
#1699 = VECTOR('',#1700,1.);
#1700 = DIRECTION('',(1.,0.));
#1701 = ( GEOMETRIC_REPRESENTATION_CONTEXT(2) 
PARAMETRIC_REPRESENTATION_CONTEXT() REPRESENTATION_CONTEXT('2D SPACE',''
  ) );
#1702 = PCURVE('',#1703,#1708);
#1703 = PLANE('',#1704);
#1704 = AXIS2_PLACEMENT_3D('',#1705,#1706,#1707);
#1705 = CARTESIAN_POINT('',(0.,0.,0.));
#1706 = DIRECTION('',(0.,0.,1.));
#1707 = DIRECTION('',(1.,0.,-0.));
#1708 = DEFINITIONAL_REPRESENTATION('',(#1709),#1713);
#1709 = CIRCLE('',#1710,18.4);
#1710 = AXIS2_PLACEMENT_2D('',#1711,#1712);
#1711 = CARTESIAN_POINT('',(0.,0.));
#1712 = DIRECTION('',(1.,0.));
#1713 = ( GEOMETRIC_REPRESENTATION_CONTEXT(2) 
PARAMETRIC_REPRESENTATION_CONTEXT() REPRESENTATION_CONTEXT('2D SPACE',''
  ) );
#1714 = ORIENTED_EDGE('',*,*,#1665,.T.);
#1715 = ORIENTED_EDGE('',*,*,#862,.F.);
#1716 = ORIENTED_EDGE('',*,*,#1050,.F.);
#1717 = ORIENTED_EDGE('',*,*,#1416,.T.);
#1718 = ORIENTED_EDGE('',*,*,#1285,.T.);
#1719 = ADVANCED_FACE('',(#1720,#1821),#736,.F.);
#1720 = FACE_BOUND('',#1721,.F.);
#1721 = EDGE_LOOP('',(#1722,#1745,#1772,#1773,#1774,#1797,#1819,#1820));
#1722 = ORIENTED_EDGE('',*,*,#1723,.T.);
#1723 = EDGE_CURVE('',#675,#1724,#1726,.T.);
#1724 = VERTEX_POINT('',#1725);
#1725 = CARTESIAN_POINT('',(8.008,-1.961394313514E-15,11.));
#1726 = SEAM_CURVE('',#1727,(#1731,#1738),.PCURVE_S1.);
#1727 = LINE('',#1728,#1729);
#1728 = CARTESIAN_POINT('',(8.008,-1.961394313514E-15,0.));
#1729 = VECTOR('',#1730,1.);
#1730 = DIRECTION('',(0.,0.,1.));
#1731 = PCURVE('',#736,#1732);
#1732 = DEFINITIONAL_REPRESENTATION('',(#1733),#1737);
#1733 = LINE('',#1734,#1735);
#1734 = CARTESIAN_POINT('',(6.28318530718,-0.));
#1735 = VECTOR('',#1736,1.);
#1736 = DIRECTION('',(0.,1.));
#1737 = ( GEOMETRIC_REPRESENTATION_CONTEXT(2) 
PARAMETRIC_REPRESENTATION_CONTEXT() REPRESENTATION_CONTEXT('2D SPACE',''
  ) );
#1738 = PCURVE('',#736,#1739);
#1739 = DEFINITIONAL_REPRESENTATION('',(#1740),#1744);
#1740 = LINE('',#1741,#1742);
#1741 = CARTESIAN_POINT('',(0.,-0.));
#1742 = VECTOR('',#1743,1.);
#1743 = DIRECTION('',(0.,1.));
#1744 = ( GEOMETRIC_REPRESENTATION_CONTEXT(2) 
PARAMETRIC_REPRESENTATION_CONTEXT() REPRESENTATION_CONTEXT('2D SPACE',''
  ) );
#1745 = ORIENTED_EDGE('',*,*,#1746,.F.);
#1746 = EDGE_CURVE('',#1724,#1724,#1747,.T.);
#1747 = SURFACE_CURVE('',#1748,(#1753,#1760),.PCURVE_S1.);
#1748 = CIRCLE('',#1749,8.008);
#1749 = AXIS2_PLACEMENT_3D('',#1750,#1751,#1752);
#1750 = CARTESIAN_POINT('',(0.,0.,11.));
#1751 = DIRECTION('',(0.,0.,1.));
#1752 = DIRECTION('',(1.,0.,-0.));
#1753 = PCURVE('',#736,#1754);
#1754 = DEFINITIONAL_REPRESENTATION('',(#1755),#1759);
#1755 = LINE('',#1756,#1757);
#1756 = CARTESIAN_POINT('',(0.,11.));
#1757 = VECTOR('',#1758,1.);
#1758 = DIRECTION('',(1.,0.));
#1759 = ( GEOMETRIC_REPRESENTATION_CONTEXT(2) 
PARAMETRIC_REPRESENTATION_CONTEXT() REPRESENTATION_CONTEXT('2D SPACE',''
  ) );
#1760 = PCURVE('',#1761,#1766);
#1761 = PLANE('',#1762);
#1762 = AXIS2_PLACEMENT_3D('',#1763,#1764,#1765);
#1763 = CARTESIAN_POINT('',(0.,0.,11.));
#1764 = DIRECTION('',(0.,0.,1.));
#1765 = DIRECTION('',(1.,0.,-0.));
#1766 = DEFINITIONAL_REPRESENTATION('',(#1767),#1771);
#1767 = CIRCLE('',#1768,8.008);
#1768 = AXIS2_PLACEMENT_2D('',#1769,#1770);
#1769 = CARTESIAN_POINT('',(0.,0.));
#1770 = DIRECTION('',(1.,0.));
#1771 = ( GEOMETRIC_REPRESENTATION_CONTEXT(2) 
PARAMETRIC_REPRESENTATION_CONTEXT() REPRESENTATION_CONTEXT('2D SPACE',''
  ) );
#1772 = ORIENTED_EDGE('',*,*,#1723,.F.);
#1773 = ORIENTED_EDGE('',*,*,#674,.F.);
#1774 = ORIENTED_EDGE('',*,*,#1775,.F.);
#1775 = EDGE_CURVE('',#1776,#652,#1778,.T.);
#1776 = VERTEX_POINT('',#1777);
#1777 = CARTESIAN_POINT('',(8.008,-1.961394313514E-15,0.));
#1778 = SEAM_CURVE('',#1779,(#1783,#1790),.PCURVE_S1.);
#1779 = LINE('',#1780,#1781);
#1780 = CARTESIAN_POINT('',(8.008,-1.961394313514E-15,0.));
#1781 = VECTOR('',#1782,1.);
#1782 = DIRECTION('',(0.,0.,1.));
#1783 = PCURVE('',#736,#1784);
#1784 = DEFINITIONAL_REPRESENTATION('',(#1785),#1789);
#1785 = LINE('',#1786,#1787);
#1786 = CARTESIAN_POINT('',(6.28318530718,-0.));
#1787 = VECTOR('',#1788,1.);
#1788 = DIRECTION('',(0.,1.));
#1789 = ( GEOMETRIC_REPRESENTATION_CONTEXT(2) 
PARAMETRIC_REPRESENTATION_CONTEXT() REPRESENTATION_CONTEXT('2D SPACE',''
  ) );
#1790 = PCURVE('',#736,#1791);
#1791 = DEFINITIONAL_REPRESENTATION('',(#1792),#1796);
#1792 = LINE('',#1793,#1794);
#1793 = CARTESIAN_POINT('',(0.,-0.));
#1794 = VECTOR('',#1795,1.);
#1795 = DIRECTION('',(0.,1.));
#1796 = ( GEOMETRIC_REPRESENTATION_CONTEXT(2) 
PARAMETRIC_REPRESENTATION_CONTEXT() REPRESENTATION_CONTEXT('2D SPACE',''
  ) );
#1797 = ORIENTED_EDGE('',*,*,#1798,.T.);
#1798 = EDGE_CURVE('',#1776,#1776,#1799,.T.);
#1799 = SURFACE_CURVE('',#1800,(#1805,#1812),.PCURVE_S1.);
#1800 = CIRCLE('',#1801,8.008);
#1801 = AXIS2_PLACEMENT_3D('',#1802,#1803,#1804);
#1802 = CARTESIAN_POINT('',(0.,0.,0.));
#1803 = DIRECTION('',(0.,0.,1.));
#1804 = DIRECTION('',(1.,0.,-0.));
#1805 = PCURVE('',#736,#1806);
#1806 = DEFINITIONAL_REPRESENTATION('',(#1807),#1811);
#1807 = LINE('',#1808,#1809);
#1808 = CARTESIAN_POINT('',(0.,0.));
#1809 = VECTOR('',#1810,1.);
#1810 = DIRECTION('',(1.,0.));
#1811 = ( GEOMETRIC_REPRESENTATION_CONTEXT(2) 
PARAMETRIC_REPRESENTATION_CONTEXT() REPRESENTATION_CONTEXT('2D SPACE',''
  ) );
#1812 = PCURVE('',#1703,#1813);
#1813 = DEFINITIONAL_REPRESENTATION('',(#1814),#1818);
#1814 = CIRCLE('',#1815,8.008);
#1815 = AXIS2_PLACEMENT_2D('',#1816,#1817);
#1816 = CARTESIAN_POINT('',(0.,0.));
#1817 = DIRECTION('',(1.,0.));
#1818 = ( GEOMETRIC_REPRESENTATION_CONTEXT(2) 
PARAMETRIC_REPRESENTATION_CONTEXT() REPRESENTATION_CONTEXT('2D SPACE',''
  ) );
#1819 = ORIENTED_EDGE('',*,*,#1775,.T.);
#1820 = ORIENTED_EDGE('',*,*,#771,.F.);
#1821 = FACE_BOUND('',#1822,.F.);
#1822 = EDGE_LOOP('',(#1823));
#1823 = ORIENTED_EDGE('',*,*,#1098,.T.);
#1824 = ADVANCED_FACE('',(#1825),#1032,.T.);
#1825 = FACE_BOUND('',#1826,.T.);
#1826 = EDGE_LOOP('',(#1827,#1856,#1877,#1878));
#1827 = ORIENTED_EDGE('',*,*,#1828,.F.);
#1828 = EDGE_CURVE('',#1829,#1829,#1831,.T.);
#1829 = VERTEX_POINT('',#1830);
#1830 = CARTESIAN_POINT('',(13.4,-3.282053421715E-15,38.));
#1831 = SURFACE_CURVE('',#1832,(#1837,#1844),.PCURVE_S1.);
#1832 = CIRCLE('',#1833,13.4);
#1833 = AXIS2_PLACEMENT_3D('',#1834,#1835,#1836);
#1834 = CARTESIAN_POINT('',(0.,0.,38.));
#1835 = DIRECTION('',(0.,0.,1.));
#1836 = DIRECTION('',(1.,0.,-0.));
#1837 = PCURVE('',#1032,#1838);
#1838 = DEFINITIONAL_REPRESENTATION('',(#1839),#1843);
#1839 = LINE('',#1840,#1841);
#1840 = CARTESIAN_POINT('',(0.,7.));
#1841 = VECTOR('',#1842,1.);
#1842 = DIRECTION('',(1.,0.));
#1843 = ( GEOMETRIC_REPRESENTATION_CONTEXT(2) 
PARAMETRIC_REPRESENTATION_CONTEXT() REPRESENTATION_CONTEXT('2D SPACE',''
  ) );
#1844 = PCURVE('',#1845,#1850);
#1845 = PLANE('',#1846);
#1846 = AXIS2_PLACEMENT_3D('',#1847,#1848,#1849);
#1847 = CARTESIAN_POINT('',(0.,0.,38.));
#1848 = DIRECTION('',(0.,0.,1.));
#1849 = DIRECTION('',(1.,0.,-0.));
#1850 = DEFINITIONAL_REPRESENTATION('',(#1851),#1855);
#1851 = CIRCLE('',#1852,13.4);
#1852 = AXIS2_PLACEMENT_2D('',#1853,#1854);
#1853 = CARTESIAN_POINT('',(0.,0.));
#1854 = DIRECTION('',(1.,0.));
#1855 = ( GEOMETRIC_REPRESENTATION_CONTEXT(2) 
PARAMETRIC_REPRESENTATION_CONTEXT() REPRESENTATION_CONTEXT('2D SPACE',''
  ) );
#1856 = ORIENTED_EDGE('',*,*,#1857,.F.);
#1857 = EDGE_CURVE('',#1016,#1829,#1858,.T.);
#1858 = SEAM_CURVE('',#1859,(#1863,#1870),.PCURVE_S1.);
#1859 = LINE('',#1860,#1861);
#1860 = CARTESIAN_POINT('',(13.4,-3.282053421715E-15,31.));
#1861 = VECTOR('',#1862,1.);
#1862 = DIRECTION('',(0.,0.,1.));
#1863 = PCURVE('',#1032,#1864);
#1864 = DEFINITIONAL_REPRESENTATION('',(#1865),#1869);
#1865 = LINE('',#1866,#1867);
#1866 = CARTESIAN_POINT('',(6.28318530718,-0.));
#1867 = VECTOR('',#1868,1.);
#1868 = DIRECTION('',(0.,1.));
#1869 = ( GEOMETRIC_REPRESENTATION_CONTEXT(2) 
PARAMETRIC_REPRESENTATION_CONTEXT() REPRESENTATION_CONTEXT('2D SPACE',''
  ) );
#1870 = PCURVE('',#1032,#1871);
#1871 = DEFINITIONAL_REPRESENTATION('',(#1872),#1876);
#1872 = LINE('',#1873,#1874);
#1873 = CARTESIAN_POINT('',(0.,-0.));
#1874 = VECTOR('',#1875,1.);
#1875 = DIRECTION('',(0.,1.));
#1876 = ( GEOMETRIC_REPRESENTATION_CONTEXT(2) 
PARAMETRIC_REPRESENTATION_CONTEXT() REPRESENTATION_CONTEXT('2D SPACE',''
  ) );
#1877 = ORIENTED_EDGE('',*,*,#1015,.T.);
#1878 = ORIENTED_EDGE('',*,*,#1857,.T.);
#1879 = ADVANCED_FACE('',(#1880),#1644,.T.);
#1880 = FACE_BOUND('',#1881,.T.);
#1881 = EDGE_LOOP('',(#1882));
#1882 = ORIENTED_EDGE('',*,*,#1629,.T.);
#1883 = ADVANCED_FACE('',(#1884,#1887),#1703,.F.);
#1884 = FACE_BOUND('',#1885,.F.);
#1885 = EDGE_LOOP('',(#1886));
#1886 = ORIENTED_EDGE('',*,*,#1688,.T.);
#1887 = FACE_BOUND('',#1888,.F.);
#1888 = EDGE_LOOP('',(#1889));
#1889 = ORIENTED_EDGE('',*,*,#1798,.F.);
#1890 = ADVANCED_FACE('',(#1891),#1761,.F.);
#1891 = FACE_BOUND('',#1892,.F.);
#1892 = EDGE_LOOP('',(#1893));
#1893 = ORIENTED_EDGE('',*,*,#1746,.T.);
#1894 = ADVANCED_FACE('',(#1895),#1845,.T.);
#1895 = FACE_BOUND('',#1896,.T.);
#1896 = EDGE_LOOP('',(#1897));
#1897 = ORIENTED_EDGE('',*,*,#1828,.T.);
#1898 = ( GEOMETRIC_REPRESENTATION_CONTEXT(3) 
GLOBAL_UNCERTAINTY_ASSIGNED_CONTEXT((#1902)) 
GLOBAL_UNIT_ASSIGNED_CONTEXT((#1899,#1900,#1901)) REPRESENTATION_CONTEXT
('Context #1','3D Context with UNIT and UNCERTAINTY') );
#1899 = ( LENGTH_UNIT() NAMED_UNIT(*) SI_UNIT(.MILLI.,.METRE.) );
#1900 = ( NAMED_UNIT(*) PLANE_ANGLE_UNIT() SI_UNIT($,.RADIAN.) );
#1901 = ( NAMED_UNIT(*) SI_UNIT($,.STERADIAN.) SOLID_ANGLE_UNIT() );
#1902 = UNCERTAINTY_MEASURE_WITH_UNIT(LENGTH_MEASURE(1.E-07),#1899,
  'distance_accuracy_value','confusion accuracy');
#1903 = CONTEXT_DEPENDENT_SHAPE_REPRESENTATION(#1904,#1906);
#1904 = ( REPRESENTATION_RELATIONSHIP('','',#32,#10) 
REPRESENTATION_RELATIONSHIP_WITH_TRANSFORMATION(#1905) 
SHAPE_REPRESENTATION_RELATIONSHIP() );
#1905 = ITEM_DEFINED_TRANSFORMATION('','',#11,#15);
#1906 = PRODUCT_DEFINITION_SHAPE('Placement','Placement of an item',
  #1907);
#1907 = NEXT_ASSEMBLY_USAGE_OCCURRENCE('2','=>[0:1:1:2]','',#5,#27,$);
#1908 = PRODUCT_RELATED_PRODUCT_CATEGORY('part',$,(#29));
ENDSEC;
END-ISO-10303-21;
