ISO-10303-21;
HEADER;
FILE_DESCRIPTION(('Open CASCADE Model'),'2;1');
FILE_NAME('Open CASCADE Shape Model','2026-09-27T21:38:45',('Author'),(
    'Open CASCADE'),'Open CASCADE STEP processor 8.0','build123d',
  'Unknown');
FILE_SCHEMA(('AUTOMOTIVE_DESIGN { 1 0 10303 214 1 1 1 1 }'));
ENDSEC;
DATA;
#1 = APPLICATION_PROTOCOL_DEFINITION('international standard',
  'automotive_design',2000,#2);
#2 = APPLICATION_CONTEXT(
  'core data for automotive mechanical design processes');
#3 = SHAPE_DEFINITION_REPRESENTATION(#4,#10);
#4 = PRODUCT_DEFINITION_SHAPE('','',#5);
#5 = PRODUCT_DEFINITION('design','',#6,#9);
#6 = PRODUCT_DEFINITION_FORMATION('','',#7);
#7 = PRODUCT('SOLID','SOLID','',(#8));
#8 = PRODUCT_CONTEXT('',#2,'mechanical');
#9 = PRODUCT_DEFINITION_CONTEXT('part definition',#2,'design');
#10 = ADVANCED_BREP_SHAPE_REPRESENTATION('',(#11,#15),#1943);
#11 = AXIS2_PLACEMENT_3D('',#12,#13,#14);
#12 = CARTESIAN_POINT('',(0.,0.,0.));
#13 = DIRECTION('',(0.,0.,1.));
#14 = DIRECTION('',(1.,0.,-0.));
#15 = MANIFOLD_SOLID_BREP('',#16);
#16 = CLOSED_SHELL('',(#17,#137,#225,#304,#385,#461,#491,#521,#597,#782,
    #807,#888,#913,#989,#1219,#1250,#1328,#1558,#1614,#1681,#1737,#1768,
    #1837,#1904,#1910,#1916,#1923,#1929,#1933,#1937));
#17 = ADVANCED_FACE('',(#18),#32,.F.);
#18 = FACE_BOUND('',#19,.F.);
#19 = EDGE_LOOP('',(#20,#55,#83,#111));
#20 = ORIENTED_EDGE('',*,*,#21,.F.);
#21 = EDGE_CURVE('',#22,#24,#26,.T.);
#22 = VERTEX_POINT('',#23);
#23 = CARTESIAN_POINT('',(-29.,-14.,-6.));
#24 = VERTEX_POINT('',#25);
#25 = CARTESIAN_POINT('',(-29.,-14.,6.));
#26 = SURFACE_CURVE('',#27,(#31,#43),.PCURVE_S1.);
#27 = LINE('',#28,#29);
#28 = CARTESIAN_POINT('',(-29.,-14.,-15.));
#29 = VECTOR('',#30,1.);
#30 = DIRECTION('',(0.,0.,1.));
#31 = PCURVE('',#32,#37);
#32 = PLANE('',#33);
#33 = AXIS2_PLACEMENT_3D('',#34,#35,#36);
#34 = CARTESIAN_POINT('',(-29.,-23.,-15.));
#35 = DIRECTION('',(1.,0.,-0.));
#36 = DIRECTION('',(0.,0.,1.));
#37 = DEFINITIONAL_REPRESENTATION('',(#38),#42);
#38 = LINE('',#39,#40);
#39 = CARTESIAN_POINT('',(0.,-9.));
#40 = VECTOR('',#41,1.);
#41 = DIRECTION('',(1.,0.));
#42 = ( GEOMETRIC_REPRESENTATION_CONTEXT(2) 
PARAMETRIC_REPRESENTATION_CONTEXT() REPRESENTATION_CONTEXT('2D SPACE',''
  ) );
#43 = PCURVE('',#44,#49);
#44 = CYLINDRICAL_SURFACE('',#45,9.);
#45 = AXIS2_PLACEMENT_3D('',#46,#47,#48);
#46 = CARTESIAN_POINT('',(-20.,-14.,-15.));
#47 = DIRECTION('',(0.,0.,1.));
#48 = DIRECTION('',(-1.,-0.,0.));
#49 = DEFINITIONAL_REPRESENTATION('',(#50),#54);
#50 = LINE('',#51,#52);
#51 = CARTESIAN_POINT('',(0.,0.));
#52 = VECTOR('',#53,1.);
#53 = DIRECTION('',(0.,1.));
#54 = ( GEOMETRIC_REPRESENTATION_CONTEXT(2) 
PARAMETRIC_REPRESENTATION_CONTEXT() REPRESENTATION_CONTEXT('2D SPACE',''
  ) );
#55 = ORIENTED_EDGE('',*,*,#56,.T.);
#56 = EDGE_CURVE('',#22,#57,#59,.T.);
#57 = VERTEX_POINT('',#58);
#58 = CARTESIAN_POINT('',(-29.,14.,-6.));
#59 = SURFACE_CURVE('',#60,(#64,#71),.PCURVE_S1.);
#60 = LINE('',#61,#62);
#61 = CARTESIAN_POINT('',(-29.,-23.,-6.));
#62 = VECTOR('',#63,1.);
#63 = DIRECTION('',(-0.,1.,0.));
#64 = PCURVE('',#32,#65);
#65 = DEFINITIONAL_REPRESENTATION('',(#66),#70);
#66 = LINE('',#67,#68);
#67 = CARTESIAN_POINT('',(9.,0.));
#68 = VECTOR('',#69,1.);
#69 = DIRECTION('',(0.,-1.));
#70 = ( GEOMETRIC_REPRESENTATION_CONTEXT(2) 
PARAMETRIC_REPRESENTATION_CONTEXT() REPRESENTATION_CONTEXT('2D SPACE',''
  ) );
#71 = PCURVE('',#72,#77);
#72 = CYLINDRICAL_SURFACE('',#73,9.);
#73 = AXIS2_PLACEMENT_3D('',#74,#75,#76);
#74 = CARTESIAN_POINT('',(-20.,-23.,-6.));
#75 = DIRECTION('',(-0.,1.,0.));
#76 = DIRECTION('',(-1.,-0.,0.));
#77 = DEFINITIONAL_REPRESENTATION('',(#78),#82);
#78 = LINE('',#79,#80);
#79 = CARTESIAN_POINT('',(-0.,0.));
#80 = VECTOR('',#81,1.);
#81 = DIRECTION('',(-0.,1.));
#82 = ( GEOMETRIC_REPRESENTATION_CONTEXT(2) 
PARAMETRIC_REPRESENTATION_CONTEXT() REPRESENTATION_CONTEXT('2D SPACE',''
  ) );
#83 = ORIENTED_EDGE('',*,*,#84,.T.);
#84 = EDGE_CURVE('',#57,#85,#87,.T.);
#85 = VERTEX_POINT('',#86);
#86 = CARTESIAN_POINT('',(-29.,14.,6.));
#87 = SURFACE_CURVE('',#88,(#92,#99),.PCURVE_S1.);
#88 = LINE('',#89,#90);
#89 = CARTESIAN_POINT('',(-29.,14.,-15.));
#90 = VECTOR('',#91,1.);
#91 = DIRECTION('',(0.,0.,1.));
#92 = PCURVE('',#32,#93);
#93 = DEFINITIONAL_REPRESENTATION('',(#94),#98);
#94 = LINE('',#95,#96);
#95 = CARTESIAN_POINT('',(0.,-37.));
#96 = VECTOR('',#97,1.);
#97 = DIRECTION('',(1.,0.));
#98 = ( GEOMETRIC_REPRESENTATION_CONTEXT(2) 
PARAMETRIC_REPRESENTATION_CONTEXT() REPRESENTATION_CONTEXT('2D SPACE',''
  ) );
#99 = PCURVE('',#100,#105);
#100 = CYLINDRICAL_SURFACE('',#101,9.);
#101 = AXIS2_PLACEMENT_3D('',#102,#103,#104);
#102 = CARTESIAN_POINT('',(-20.,14.,-15.));
#103 = DIRECTION('',(0.,0.,1.));
#104 = DIRECTION('',(-1.,-0.,0.));
#105 = DEFINITIONAL_REPRESENTATION('',(#106),#110);
#106 = LINE('',#107,#108);
#107 = CARTESIAN_POINT('',(-0.,0.));
#108 = VECTOR('',#109,1.);
#109 = DIRECTION('',(-0.,1.));
#110 = ( GEOMETRIC_REPRESENTATION_CONTEXT(2) 
PARAMETRIC_REPRESENTATION_CONTEXT() REPRESENTATION_CONTEXT('2D SPACE',''
  ) );
#111 = ORIENTED_EDGE('',*,*,#112,.F.);
#112 = EDGE_CURVE('',#24,#85,#113,.T.);
#113 = SURFACE_CURVE('',#114,(#118,#125),.PCURVE_S1.);
#114 = LINE('',#115,#116);
#115 = CARTESIAN_POINT('',(-29.,-23.,6.));
#116 = VECTOR('',#117,1.);
#117 = DIRECTION('',(-0.,1.,0.));
#118 = PCURVE('',#32,#119);
#119 = DEFINITIONAL_REPRESENTATION('',(#120),#124);
#120 = LINE('',#121,#122);
#121 = CARTESIAN_POINT('',(21.,0.));
#122 = VECTOR('',#123,1.);
#123 = DIRECTION('',(0.,-1.));
#124 = ( GEOMETRIC_REPRESENTATION_CONTEXT(2) 
PARAMETRIC_REPRESENTATION_CONTEXT() REPRESENTATION_CONTEXT('2D SPACE',''
  ) );
#125 = PCURVE('',#126,#131);
#126 = CYLINDRICAL_SURFACE('',#127,9.);
#127 = AXIS2_PLACEMENT_3D('',#128,#129,#130);
#128 = CARTESIAN_POINT('',(-20.,-23.,6.));
#129 = DIRECTION('',(-0.,1.,0.));
#130 = DIRECTION('',(-1.,-0.,0.));
#131 = DEFINITIONAL_REPRESENTATION('',(#132),#136);
#132 = LINE('',#133,#134);
#133 = CARTESIAN_POINT('',(0.,0.));
#134 = VECTOR('',#135,1.);
#135 = DIRECTION('',(0.,1.));
#136 = ( GEOMETRIC_REPRESENTATION_CONTEXT(2) 
PARAMETRIC_REPRESENTATION_CONTEXT() REPRESENTATION_CONTEXT('2D SPACE',''
  ) );
#137 = ADVANCED_FACE('',(#138),#44,.T.);
#138 = FACE_BOUND('',#139,.T.);
#139 = EDGE_LOOP('',(#140,#141,#170,#198));
#140 = ORIENTED_EDGE('',*,*,#21,.F.);
#141 = ORIENTED_EDGE('',*,*,#142,.T.);
#142 = EDGE_CURVE('',#22,#143,#145,.T.);
#143 = VERTEX_POINT('',#144);
#144 = CARTESIAN_POINT('',(-20.,-23.,-6.));
#145 = SURFACE_CURVE('',#146,(#151,#158),.PCURVE_S1.);
#146 = CIRCLE('',#147,9.);
#147 = AXIS2_PLACEMENT_3D('',#148,#149,#150);
#148 = CARTESIAN_POINT('',(-20.,-14.,-6.));
#149 = DIRECTION('',(0.,0.,1.));
#150 = DIRECTION('',(-1.,0.,0.));
#151 = PCURVE('',#44,#152);
#152 = DEFINITIONAL_REPRESENTATION('',(#153),#157);
#153 = LINE('',#154,#155);
#154 = CARTESIAN_POINT('',(0.,9.));
#155 = VECTOR('',#156,1.);
#156 = DIRECTION('',(1.,0.));
#157 = ( GEOMETRIC_REPRESENTATION_CONTEXT(2) 
PARAMETRIC_REPRESENTATION_CONTEXT() REPRESENTATION_CONTEXT('2D SPACE',''
  ) );
#158 = PCURVE('',#159,#164);
#159 = SPHERICAL_SURFACE('',#160,9.);
#160 = AXIS2_PLACEMENT_3D('',#161,#162,#163);
#161 = CARTESIAN_POINT('',(-20.,-14.,-6.));
#162 = DIRECTION('',(0.,0.,1.));
#163 = DIRECTION('',(-1.,0.,0.));
#164 = DEFINITIONAL_REPRESENTATION('',(#165),#169);
#165 = LINE('',#166,#167);
#166 = CARTESIAN_POINT('',(0.,0.));
#167 = VECTOR('',#168,1.);
#168 = DIRECTION('',(1.,0.));
#169 = ( GEOMETRIC_REPRESENTATION_CONTEXT(2) 
PARAMETRIC_REPRESENTATION_CONTEXT() REPRESENTATION_CONTEXT('2D SPACE',''
  ) );
#170 = ORIENTED_EDGE('',*,*,#171,.T.);
#171 = EDGE_CURVE('',#143,#172,#174,.T.);
#172 = VERTEX_POINT('',#173);
#173 = CARTESIAN_POINT('',(-20.,-23.,6.));
#174 = SURFACE_CURVE('',#175,(#179,#186),.PCURVE_S1.);
#175 = LINE('',#176,#177);
#176 = CARTESIAN_POINT('',(-20.,-23.,-15.));
#177 = VECTOR('',#178,1.);
#178 = DIRECTION('',(0.,0.,1.));
#179 = PCURVE('',#44,#180);
#180 = DEFINITIONAL_REPRESENTATION('',(#181),#185);
#181 = LINE('',#182,#183);
#182 = CARTESIAN_POINT('',(1.570796326795,0.));
#183 = VECTOR('',#184,1.);
#184 = DIRECTION('',(0.,1.));
#185 = ( GEOMETRIC_REPRESENTATION_CONTEXT(2) 
PARAMETRIC_REPRESENTATION_CONTEXT() REPRESENTATION_CONTEXT('2D SPACE',''
  ) );
#186 = PCURVE('',#187,#192);
#187 = PLANE('',#188);
#188 = AXIS2_PLACEMENT_3D('',#189,#190,#191);
#189 = CARTESIAN_POINT('',(-29.,-23.,-15.));
#190 = DIRECTION('',(-0.,1.,0.));
#191 = DIRECTION('',(0.,0.,1.));
#192 = DEFINITIONAL_REPRESENTATION('',(#193),#197);
#193 = LINE('',#194,#195);
#194 = CARTESIAN_POINT('',(0.,9.));
#195 = VECTOR('',#196,1.);
#196 = DIRECTION('',(1.,0.));
#197 = ( GEOMETRIC_REPRESENTATION_CONTEXT(2) 
PARAMETRIC_REPRESENTATION_CONTEXT() REPRESENTATION_CONTEXT('2D SPACE',''
  ) );
#198 = ORIENTED_EDGE('',*,*,#199,.F.);
#199 = EDGE_CURVE('',#24,#172,#200,.T.);
#200 = SURFACE_CURVE('',#201,(#206,#213),.PCURVE_S1.);
#201 = CIRCLE('',#202,9.);
#202 = AXIS2_PLACEMENT_3D('',#203,#204,#205);
#203 = CARTESIAN_POINT('',(-20.,-14.,6.));
#204 = DIRECTION('',(0.,0.,1.));
#205 = DIRECTION('',(-1.,0.,0.));
#206 = PCURVE('',#44,#207);
#207 = DEFINITIONAL_REPRESENTATION('',(#208),#212);
#208 = LINE('',#209,#210);
#209 = CARTESIAN_POINT('',(0.,21.));
#210 = VECTOR('',#211,1.);
#211 = DIRECTION('',(1.,0.));
#212 = ( GEOMETRIC_REPRESENTATION_CONTEXT(2) 
PARAMETRIC_REPRESENTATION_CONTEXT() REPRESENTATION_CONTEXT('2D SPACE',''
  ) );
#213 = PCURVE('',#214,#219);
#214 = SPHERICAL_SURFACE('',#215,9.);
#215 = AXIS2_PLACEMENT_3D('',#216,#217,#218);
#216 = CARTESIAN_POINT('',(-20.,-14.,6.));
#217 = DIRECTION('',(-0.,-0.,-1.));
#218 = DIRECTION('',(-1.,0.,0.));
#219 = DEFINITIONAL_REPRESENTATION('',(#220),#224);
#220 = LINE('',#221,#222);
#221 = CARTESIAN_POINT('',(-0.,0.));
#222 = VECTOR('',#223,1.);
#223 = DIRECTION('',(-1.,0.));
#224 = ( GEOMETRIC_REPRESENTATION_CONTEXT(2) 
PARAMETRIC_REPRESENTATION_CONTEXT() REPRESENTATION_CONTEXT('2D SPACE',''
  ) );
#225 = ADVANCED_FACE('',(#226),#72,.T.);
#226 = FACE_BOUND('',#227,.F.);
#227 = EDGE_LOOP('',(#228,#250,#278,#303));
#228 = ORIENTED_EDGE('',*,*,#229,.F.);
#229 = EDGE_CURVE('',#230,#22,#232,.T.);
#230 = VERTEX_POINT('',#231);
#231 = CARTESIAN_POINT('',(-20.,-14.,-15.));
#232 = SURFACE_CURVE('',#233,(#238,#244),.PCURVE_S1.);
#233 = CIRCLE('',#234,9.);
#234 = AXIS2_PLACEMENT_3D('',#235,#236,#237);
#235 = CARTESIAN_POINT('',(-20.,-14.,-6.));
#236 = DIRECTION('',(0.,1.,-0.));
#237 = DIRECTION('',(-1.,0.,0.));
#238 = PCURVE('',#72,#239);
#239 = DEFINITIONAL_REPRESENTATION('',(#240),#243);
#240 = B_SPLINE_CURVE_WITH_KNOTS('',1,(#241,#242),.UNSPECIFIED.,.F.,.F.,
  (2,2),(4.712388980385,6.28318530718),.PIECEWISE_BEZIER_KNOTS.);
#241 = CARTESIAN_POINT('',(-1.570796326795,9.));
#242 = CARTESIAN_POINT('',(0.,9.));
#243 = ( GEOMETRIC_REPRESENTATION_CONTEXT(2) 
PARAMETRIC_REPRESENTATION_CONTEXT() REPRESENTATION_CONTEXT('2D SPACE',''
  ) );
#244 = PCURVE('',#159,#245);
#245 = DEFINITIONAL_REPRESENTATION('',(#246),#249);
#246 = B_SPLINE_CURVE_WITH_KNOTS('',1,(#247,#248),.UNSPECIFIED.,.F.,.F.,
  (2,2),(4.712388980385,6.28318530718),.PIECEWISE_BEZIER_KNOTS.);
#247 = CARTESIAN_POINT('',(0.,-1.570796326795));
#248 = CARTESIAN_POINT('',(0.,0.));
#249 = ( GEOMETRIC_REPRESENTATION_CONTEXT(2) 
PARAMETRIC_REPRESENTATION_CONTEXT() REPRESENTATION_CONTEXT('2D SPACE',''
  ) );
#250 = ORIENTED_EDGE('',*,*,#251,.T.);
#251 = EDGE_CURVE('',#230,#252,#254,.T.);
#252 = VERTEX_POINT('',#253);
#253 = CARTESIAN_POINT('',(-20.,14.,-15.));
#254 = SURFACE_CURVE('',#255,(#259,#266),.PCURVE_S1.);
#255 = LINE('',#256,#257);
#256 = CARTESIAN_POINT('',(-20.,-23.,-15.));
#257 = VECTOR('',#258,1.);
#258 = DIRECTION('',(-0.,1.,0.));
#259 = PCURVE('',#72,#260);
#260 = DEFINITIONAL_REPRESENTATION('',(#261),#265);
#261 = LINE('',#262,#263);
#262 = CARTESIAN_POINT('',(-1.570796326795,0.));
#263 = VECTOR('',#264,1.);
#264 = DIRECTION('',(-0.,1.));
#265 = ( GEOMETRIC_REPRESENTATION_CONTEXT(2) 
PARAMETRIC_REPRESENTATION_CONTEXT() REPRESENTATION_CONTEXT('2D SPACE',''
  ) );
#266 = PCURVE('',#267,#272);
#267 = PLANE('',#268);
#268 = AXIS2_PLACEMENT_3D('',#269,#270,#271);
#269 = CARTESIAN_POINT('',(-29.,-23.,-15.));
#270 = DIRECTION('',(0.,0.,1.));
#271 = DIRECTION('',(1.,0.,-0.));
#272 = DEFINITIONAL_REPRESENTATION('',(#273),#277);
#273 = LINE('',#274,#275);
#274 = CARTESIAN_POINT('',(9.,0.));
#275 = VECTOR('',#276,1.);
#276 = DIRECTION('',(0.,1.));
#277 = ( GEOMETRIC_REPRESENTATION_CONTEXT(2) 
PARAMETRIC_REPRESENTATION_CONTEXT() REPRESENTATION_CONTEXT('2D SPACE',''
  ) );
#278 = ORIENTED_EDGE('',*,*,#279,.T.);
#279 = EDGE_CURVE('',#252,#57,#280,.T.);
#280 = SURFACE_CURVE('',#281,(#286,#292),.PCURVE_S1.);
#281 = CIRCLE('',#282,9.);
#282 = AXIS2_PLACEMENT_3D('',#283,#284,#285);
#283 = CARTESIAN_POINT('',(-20.,14.,-6.));
#284 = DIRECTION('',(1.973729821556E-16,1.,-0.));
#285 = DIRECTION('',(-1.,1.973729821556E-16,0.));
#286 = PCURVE('',#72,#287);
#287 = DEFINITIONAL_REPRESENTATION('',(#288),#291);
#288 = B_SPLINE_CURVE_WITH_KNOTS('',1,(#289,#290),.UNSPECIFIED.,.F.,.F.,
  (2,2),(4.712388980385,6.28318530718),.PIECEWISE_BEZIER_KNOTS.);
#289 = CARTESIAN_POINT('',(-1.570796326795,37.));
#290 = CARTESIAN_POINT('',(0.,37.));
#291 = ( GEOMETRIC_REPRESENTATION_CONTEXT(2) 
PARAMETRIC_REPRESENTATION_CONTEXT() REPRESENTATION_CONTEXT('2D SPACE',''
  ) );
#292 = PCURVE('',#293,#298);
#293 = SPHERICAL_SURFACE('',#294,9.);
#294 = AXIS2_PLACEMENT_3D('',#295,#296,#297);
#295 = CARTESIAN_POINT('',(-20.,14.,-6.));
#296 = DIRECTION('',(0.,0.,1.));
#297 = DIRECTION('',(-1.,1.973729821556E-16,0.));
#298 = DEFINITIONAL_REPRESENTATION('',(#299),#302);
#299 = B_SPLINE_CURVE_WITH_KNOTS('',1,(#300,#301),.UNSPECIFIED.,.F.,.F.,
  (2,2),(4.712388980385,6.28318530718),.PIECEWISE_BEZIER_KNOTS.);
#300 = CARTESIAN_POINT('',(0.,-1.570796326795));
#301 = CARTESIAN_POINT('',(0.,0.));
#302 = ( GEOMETRIC_REPRESENTATION_CONTEXT(2) 
PARAMETRIC_REPRESENTATION_CONTEXT() REPRESENTATION_CONTEXT('2D SPACE',''
  ) );
#303 = ORIENTED_EDGE('',*,*,#56,.F.);
#304 = ADVANCED_FACE('',(#305),#126,.T.);
#305 = FACE_BOUND('',#306,.T.);
#306 = EDGE_LOOP('',(#307,#329,#357,#384));
#307 = ORIENTED_EDGE('',*,*,#308,.F.);
#308 = EDGE_CURVE('',#309,#24,#311,.T.);
#309 = VERTEX_POINT('',#310);
#310 = CARTESIAN_POINT('',(-20.,-14.,15.));
#311 = SURFACE_CURVE('',#312,(#317,#323),.PCURVE_S1.);
#312 = CIRCLE('',#313,9.);
#313 = AXIS2_PLACEMENT_3D('',#314,#315,#316);
#314 = CARTESIAN_POINT('',(-20.,-14.,6.));
#315 = DIRECTION('',(0.,-1.,0.));
#316 = DIRECTION('',(-1.,0.,0.));
#317 = PCURVE('',#126,#318);
#318 = DEFINITIONAL_REPRESENTATION('',(#319),#322);
#319 = B_SPLINE_CURVE_WITH_KNOTS('',1,(#320,#321),.UNSPECIFIED.,.F.,.F.,
  (2,2),(4.712388980385,6.28318530718),.PIECEWISE_BEZIER_KNOTS.);
#320 = CARTESIAN_POINT('',(1.570796326795,9.));
#321 = CARTESIAN_POINT('',(0.,9.));
#322 = ( GEOMETRIC_REPRESENTATION_CONTEXT(2) 
PARAMETRIC_REPRESENTATION_CONTEXT() REPRESENTATION_CONTEXT('2D SPACE',''
  ) );
#323 = PCURVE('',#214,#324);
#324 = DEFINITIONAL_REPRESENTATION('',(#325),#328);
#325 = B_SPLINE_CURVE_WITH_KNOTS('',1,(#326,#327),.UNSPECIFIED.,.F.,.F.,
  (2,2),(4.712388980385,6.28318530718),.PIECEWISE_BEZIER_KNOTS.);
#326 = CARTESIAN_POINT('',(0.,-1.570796326795));
#327 = CARTESIAN_POINT('',(0.,0.));
#328 = ( GEOMETRIC_REPRESENTATION_CONTEXT(2) 
PARAMETRIC_REPRESENTATION_CONTEXT() REPRESENTATION_CONTEXT('2D SPACE',''
  ) );
#329 = ORIENTED_EDGE('',*,*,#330,.T.);
#330 = EDGE_CURVE('',#309,#331,#333,.T.);
#331 = VERTEX_POINT('',#332);
#332 = CARTESIAN_POINT('',(-20.,14.,15.));
#333 = SURFACE_CURVE('',#334,(#338,#345),.PCURVE_S1.);
#334 = LINE('',#335,#336);
#335 = CARTESIAN_POINT('',(-20.,-23.,15.));
#336 = VECTOR('',#337,1.);
#337 = DIRECTION('',(-0.,1.,0.));
#338 = PCURVE('',#126,#339);
#339 = DEFINITIONAL_REPRESENTATION('',(#340),#344);
#340 = LINE('',#341,#342);
#341 = CARTESIAN_POINT('',(1.570796326795,0.));
#342 = VECTOR('',#343,1.);
#343 = DIRECTION('',(0.,1.));
#344 = ( GEOMETRIC_REPRESENTATION_CONTEXT(2) 
PARAMETRIC_REPRESENTATION_CONTEXT() REPRESENTATION_CONTEXT('2D SPACE',''
  ) );
#345 = PCURVE('',#346,#351);
#346 = PLANE('',#347);
#347 = AXIS2_PLACEMENT_3D('',#348,#349,#350);
#348 = CARTESIAN_POINT('',(-29.,-23.,15.));
#349 = DIRECTION('',(0.,0.,1.));
#350 = DIRECTION('',(1.,0.,-0.));
#351 = DEFINITIONAL_REPRESENTATION('',(#352),#356);
#352 = LINE('',#353,#354);
#353 = CARTESIAN_POINT('',(9.,0.));
#354 = VECTOR('',#355,1.);
#355 = DIRECTION('',(0.,1.));
#356 = ( GEOMETRIC_REPRESENTATION_CONTEXT(2) 
PARAMETRIC_REPRESENTATION_CONTEXT() REPRESENTATION_CONTEXT('2D SPACE',''
  ) );
#357 = ORIENTED_EDGE('',*,*,#358,.F.);
#358 = EDGE_CURVE('',#85,#331,#359,.T.);
#359 = SURFACE_CURVE('',#360,(#365,#372),.PCURVE_S1.);
#360 = CIRCLE('',#361,9.);
#361 = AXIS2_PLACEMENT_3D('',#362,#363,#364);
#362 = CARTESIAN_POINT('',(-20.,14.,6.));
#363 = DIRECTION('',(-0.,1.,0.));
#364 = DIRECTION('',(-1.,-0.,1.973729821556E-16));
#365 = PCURVE('',#126,#366);
#366 = DEFINITIONAL_REPRESENTATION('',(#367),#371);
#367 = LINE('',#368,#369);
#368 = CARTESIAN_POINT('',(0.,37.));
#369 = VECTOR('',#370,1.);
#370 = DIRECTION('',(1.,0.));
#371 = ( GEOMETRIC_REPRESENTATION_CONTEXT(2) 
PARAMETRIC_REPRESENTATION_CONTEXT() REPRESENTATION_CONTEXT('2D SPACE',''
  ) );
#372 = PCURVE('',#373,#378);
#373 = SPHERICAL_SURFACE('',#374,9.);
#374 = AXIS2_PLACEMENT_3D('',#375,#376,#377);
#375 = CARTESIAN_POINT('',(-20.,14.,6.));
#376 = DIRECTION('',(0.,-1.,-0.));
#377 = DIRECTION('',(-1.,-0.,1.973729821556E-16));
#378 = DEFINITIONAL_REPRESENTATION('',(#379),#383);
#379 = LINE('',#380,#381);
#380 = CARTESIAN_POINT('',(-0.,0.));
#381 = VECTOR('',#382,1.);
#382 = DIRECTION('',(-1.,0.));
#383 = ( GEOMETRIC_REPRESENTATION_CONTEXT(2) 
PARAMETRIC_REPRESENTATION_CONTEXT() REPRESENTATION_CONTEXT('2D SPACE',''
  ) );
#384 = ORIENTED_EDGE('',*,*,#112,.F.);
#385 = ADVANCED_FACE('',(#386),#100,.T.);
#386 = FACE_BOUND('',#387,.F.);
#387 = EDGE_LOOP('',(#388,#389,#413,#441));
#388 = ORIENTED_EDGE('',*,*,#84,.F.);
#389 = ORIENTED_EDGE('',*,*,#390,.T.);
#390 = EDGE_CURVE('',#57,#391,#393,.T.);
#391 = VERTEX_POINT('',#392);
#392 = CARTESIAN_POINT('',(-20.,23.,-6.));
#393 = SURFACE_CURVE('',#394,(#399,#406),.PCURVE_S1.);
#394 = CIRCLE('',#395,9.);
#395 = AXIS2_PLACEMENT_3D('',#396,#397,#398);
#396 = CARTESIAN_POINT('',(-20.,14.,-6.));
#397 = DIRECTION('',(-0.,0.,-1.));
#398 = DIRECTION('',(-1.,1.973729821556E-16,0.));
#399 = PCURVE('',#100,#400);
#400 = DEFINITIONAL_REPRESENTATION('',(#401),#405);
#401 = LINE('',#402,#403);
#402 = CARTESIAN_POINT('',(-0.,9.));
#403 = VECTOR('',#404,1.);
#404 = DIRECTION('',(-1.,0.));
#405 = ( GEOMETRIC_REPRESENTATION_CONTEXT(2) 
PARAMETRIC_REPRESENTATION_CONTEXT() REPRESENTATION_CONTEXT('2D SPACE',''
  ) );
#406 = PCURVE('',#293,#407);
#407 = DEFINITIONAL_REPRESENTATION('',(#408),#412);
#408 = LINE('',#409,#410);
#409 = CARTESIAN_POINT('',(-0.,0.));
#410 = VECTOR('',#411,1.);
#411 = DIRECTION('',(-1.,0.));
#412 = ( GEOMETRIC_REPRESENTATION_CONTEXT(2) 
PARAMETRIC_REPRESENTATION_CONTEXT() REPRESENTATION_CONTEXT('2D SPACE',''
  ) );
#413 = ORIENTED_EDGE('',*,*,#414,.T.);
#414 = EDGE_CURVE('',#391,#415,#417,.T.);
#415 = VERTEX_POINT('',#416);
#416 = CARTESIAN_POINT('',(-20.,23.,6.));
#417 = SURFACE_CURVE('',#418,(#422,#429),.PCURVE_S1.);
#418 = LINE('',#419,#420);
#419 = CARTESIAN_POINT('',(-20.,23.,-15.));
#420 = VECTOR('',#421,1.);
#421 = DIRECTION('',(0.,0.,1.));
#422 = PCURVE('',#100,#423);
#423 = DEFINITIONAL_REPRESENTATION('',(#424),#428);
#424 = LINE('',#425,#426);
#425 = CARTESIAN_POINT('',(-1.570796326795,0.));
#426 = VECTOR('',#427,1.);
#427 = DIRECTION('',(-0.,1.));
#428 = ( GEOMETRIC_REPRESENTATION_CONTEXT(2) 
PARAMETRIC_REPRESENTATION_CONTEXT() REPRESENTATION_CONTEXT('2D SPACE',''
  ) );
#429 = PCURVE('',#430,#435);
#430 = PLANE('',#431);
#431 = AXIS2_PLACEMENT_3D('',#432,#433,#434);
#432 = CARTESIAN_POINT('',(-29.,23.,-15.));
#433 = DIRECTION('',(-0.,1.,0.));
#434 = DIRECTION('',(0.,0.,1.));
#435 = DEFINITIONAL_REPRESENTATION('',(#436),#440);
#436 = LINE('',#437,#438);
#437 = CARTESIAN_POINT('',(0.,9.));
#438 = VECTOR('',#439,1.);
#439 = DIRECTION('',(1.,0.));
#440 = ( GEOMETRIC_REPRESENTATION_CONTEXT(2) 
PARAMETRIC_REPRESENTATION_CONTEXT() REPRESENTATION_CONTEXT('2D SPACE',''
  ) );
#441 = ORIENTED_EDGE('',*,*,#442,.T.);
#442 = EDGE_CURVE('',#415,#85,#443,.T.);
#443 = SURFACE_CURVE('',#444,(#449,#455),.PCURVE_S1.);
#444 = CIRCLE('',#445,9.);
#445 = AXIS2_PLACEMENT_3D('',#446,#447,#448);
#446 = CARTESIAN_POINT('',(-20.,14.,6.));
#447 = DIRECTION('',(1.973729821556E-16,0.,1.));
#448 = DIRECTION('',(-1.,-0.,1.973729821556E-16));
#449 = PCURVE('',#100,#450);
#450 = DEFINITIONAL_REPRESENTATION('',(#451),#454);
#451 = B_SPLINE_CURVE_WITH_KNOTS('',1,(#452,#453),.UNSPECIFIED.,.F.,.F.,
  (2,2),(4.712388980385,6.28318530718),.PIECEWISE_BEZIER_KNOTS.);
#452 = CARTESIAN_POINT('',(-1.570796326795,21.));
#453 = CARTESIAN_POINT('',(0.,21.));
#454 = ( GEOMETRIC_REPRESENTATION_CONTEXT(2) 
PARAMETRIC_REPRESENTATION_CONTEXT() REPRESENTATION_CONTEXT('2D SPACE',''
  ) );
#455 = PCURVE('',#373,#456);
#456 = DEFINITIONAL_REPRESENTATION('',(#457),#460);
#457 = B_SPLINE_CURVE_WITH_KNOTS('',1,(#458,#459),.UNSPECIFIED.,.F.,.F.,
  (2,2),(4.712388980385,6.28318530718),.PIECEWISE_BEZIER_KNOTS.);
#458 = CARTESIAN_POINT('',(0.,-1.570796326795));
#459 = CARTESIAN_POINT('',(0.,0.));
#460 = ( GEOMETRIC_REPRESENTATION_CONTEXT(2) 
PARAMETRIC_REPRESENTATION_CONTEXT() REPRESENTATION_CONTEXT('2D SPACE',''
  ) );
#461 = ADVANCED_FACE('',(#462),#159,.T.);
#462 = FACE_BOUND('',#463,.T.);
#463 = EDGE_LOOP('',(#464,#465,#490));
#464 = ORIENTED_EDGE('',*,*,#229,.F.);
#465 = ORIENTED_EDGE('',*,*,#466,.T.);
#466 = EDGE_CURVE('',#230,#143,#467,.T.);
#467 = SURFACE_CURVE('',#468,(#473,#479),.PCURVE_S1.);
#468 = CIRCLE('',#469,9.);
#469 = AXIS2_PLACEMENT_3D('',#470,#471,#472);
#470 = CARTESIAN_POINT('',(-20.,-14.,-6.));
#471 = DIRECTION('',(-1.,6.123233995737E-17,0.));
#472 = DIRECTION('',(-6.123233995737E-17,-1.,0.));
#473 = PCURVE('',#159,#474);
#474 = DEFINITIONAL_REPRESENTATION('',(#475),#478);
#475 = B_SPLINE_CURVE_WITH_KNOTS('',1,(#476,#477),.UNSPECIFIED.,.F.,.F.,
  (2,2),(4.712388980385,6.28318530718),.PIECEWISE_BEZIER_KNOTS.);
#476 = CARTESIAN_POINT('',(1.570796326795,-1.570796326795));
#477 = CARTESIAN_POINT('',(1.570796326795,0.));
#478 = ( GEOMETRIC_REPRESENTATION_CONTEXT(2) 
PARAMETRIC_REPRESENTATION_CONTEXT() REPRESENTATION_CONTEXT('2D SPACE',''
  ) );
#479 = PCURVE('',#480,#485);
#480 = CYLINDRICAL_SURFACE('',#481,9.);
#481 = AXIS2_PLACEMENT_3D('',#482,#483,#484);
#482 = CARTESIAN_POINT('',(-29.,-14.,-6.));
#483 = DIRECTION('',(1.,0.,-0.));
#484 = DIRECTION('',(0.,-1.,0.));
#485 = DEFINITIONAL_REPRESENTATION('',(#486),#489);
#486 = B_SPLINE_CURVE_WITH_KNOTS('',1,(#487,#488),.UNSPECIFIED.,.F.,.F.,
  (2,2),(4.712388980385,6.28318530718),.PIECEWISE_BEZIER_KNOTS.);
#487 = CARTESIAN_POINT('',(1.570796326795,9.));
#488 = CARTESIAN_POINT('',(0.,9.));
#489 = ( GEOMETRIC_REPRESENTATION_CONTEXT(2) 
PARAMETRIC_REPRESENTATION_CONTEXT() REPRESENTATION_CONTEXT('2D SPACE',''
  ) );
#490 = ORIENTED_EDGE('',*,*,#142,.F.);
#491 = ADVANCED_FACE('',(#492),#214,.T.);
#492 = FACE_BOUND('',#493,.F.);
#493 = EDGE_LOOP('',(#494,#495,#520));
#494 = ORIENTED_EDGE('',*,*,#308,.F.);
#495 = ORIENTED_EDGE('',*,*,#496,.T.);
#496 = EDGE_CURVE('',#309,#172,#497,.T.);
#497 = SURFACE_CURVE('',#498,(#503,#509),.PCURVE_S1.);
#498 = CIRCLE('',#499,9.);
#499 = AXIS2_PLACEMENT_3D('',#500,#501,#502);
#500 = CARTESIAN_POINT('',(-20.,-14.,6.));
#501 = DIRECTION('',(1.,-6.123233995737E-17,0.));
#502 = DIRECTION('',(-6.123233995737E-17,-1.,0.));
#503 = PCURVE('',#214,#504);
#504 = DEFINITIONAL_REPRESENTATION('',(#505),#508);
#505 = B_SPLINE_CURVE_WITH_KNOTS('',1,(#506,#507),.UNSPECIFIED.,.F.,.F.,
  (2,2),(4.712388980385,6.28318530718),.PIECEWISE_BEZIER_KNOTS.);
#506 = CARTESIAN_POINT('',(-1.570796326795,-1.570796326795));
#507 = CARTESIAN_POINT('',(-1.570796326795,0.));
#508 = ( GEOMETRIC_REPRESENTATION_CONTEXT(2) 
PARAMETRIC_REPRESENTATION_CONTEXT() REPRESENTATION_CONTEXT('2D SPACE',''
  ) );
#509 = PCURVE('',#510,#515);
#510 = CYLINDRICAL_SURFACE('',#511,9.);
#511 = AXIS2_PLACEMENT_3D('',#512,#513,#514);
#512 = CARTESIAN_POINT('',(-29.,-14.,6.));
#513 = DIRECTION('',(1.,0.,-0.));
#514 = DIRECTION('',(0.,-1.,0.));
#515 = DEFINITIONAL_REPRESENTATION('',(#516),#519);
#516 = B_SPLINE_CURVE_WITH_KNOTS('',1,(#517,#518),.UNSPECIFIED.,.F.,.F.,
  (2,2),(4.712388980385,6.28318530718),.PIECEWISE_BEZIER_KNOTS.);
#517 = CARTESIAN_POINT('',(-1.570796326795,9.));
#518 = CARTESIAN_POINT('',(0.,9.));
#519 = ( GEOMETRIC_REPRESENTATION_CONTEXT(2) 
PARAMETRIC_REPRESENTATION_CONTEXT() REPRESENTATION_CONTEXT('2D SPACE',''
  ) );
#520 = ORIENTED_EDGE('',*,*,#199,.F.);
#521 = ADVANCED_FACE('',(#522),#187,.F.);
#522 = FACE_BOUND('',#523,.F.);
#523 = EDGE_LOOP('',(#524,#525,#548,#576));
#524 = ORIENTED_EDGE('',*,*,#171,.T.);
#525 = ORIENTED_EDGE('',*,*,#526,.T.);
#526 = EDGE_CURVE('',#172,#527,#529,.T.);
#527 = VERTEX_POINT('',#528);
#528 = CARTESIAN_POINT('',(20.,-23.,6.));
#529 = SURFACE_CURVE('',#530,(#534,#541),.PCURVE_S1.);
#530 = LINE('',#531,#532);
#531 = CARTESIAN_POINT('',(-29.,-23.,6.));
#532 = VECTOR('',#533,1.);
#533 = DIRECTION('',(1.,0.,-0.));
#534 = PCURVE('',#187,#535);
#535 = DEFINITIONAL_REPRESENTATION('',(#536),#540);
#536 = LINE('',#537,#538);
#537 = CARTESIAN_POINT('',(21.,0.));
#538 = VECTOR('',#539,1.);
#539 = DIRECTION('',(0.,1.));
#540 = ( GEOMETRIC_REPRESENTATION_CONTEXT(2) 
PARAMETRIC_REPRESENTATION_CONTEXT() REPRESENTATION_CONTEXT('2D SPACE',''
  ) );
#541 = PCURVE('',#510,#542);
#542 = DEFINITIONAL_REPRESENTATION('',(#543),#547);
#543 = LINE('',#544,#545);
#544 = CARTESIAN_POINT('',(-0.,0.));
#545 = VECTOR('',#546,1.);
#546 = DIRECTION('',(-0.,1.));
#547 = ( GEOMETRIC_REPRESENTATION_CONTEXT(2) 
PARAMETRIC_REPRESENTATION_CONTEXT() REPRESENTATION_CONTEXT('2D SPACE',''
  ) );
#548 = ORIENTED_EDGE('',*,*,#549,.F.);
#549 = EDGE_CURVE('',#550,#527,#552,.T.);
#550 = VERTEX_POINT('',#551);
#551 = CARTESIAN_POINT('',(20.,-23.,-6.));
#552 = SURFACE_CURVE('',#553,(#557,#564),.PCURVE_S1.);
#553 = LINE('',#554,#555);
#554 = CARTESIAN_POINT('',(20.,-23.,-15.));
#555 = VECTOR('',#556,1.);
#556 = DIRECTION('',(0.,0.,1.));
#557 = PCURVE('',#187,#558);
#558 = DEFINITIONAL_REPRESENTATION('',(#559),#563);
#559 = LINE('',#560,#561);
#560 = CARTESIAN_POINT('',(0.,49.));
#561 = VECTOR('',#562,1.);
#562 = DIRECTION('',(1.,0.));
#563 = ( GEOMETRIC_REPRESENTATION_CONTEXT(2) 
PARAMETRIC_REPRESENTATION_CONTEXT() REPRESENTATION_CONTEXT('2D SPACE',''
  ) );
#564 = PCURVE('',#565,#570);
#565 = CYLINDRICAL_SURFACE('',#566,9.);
#566 = AXIS2_PLACEMENT_3D('',#567,#568,#569);
#567 = CARTESIAN_POINT('',(20.,-14.,-15.));
#568 = DIRECTION('',(0.,0.,1.));
#569 = DIRECTION('',(1.,0.,-0.));
#570 = DEFINITIONAL_REPRESENTATION('',(#571),#575);
#571 = LINE('',#572,#573);
#572 = CARTESIAN_POINT('',(-1.570796326795,0.));
#573 = VECTOR('',#574,1.);
#574 = DIRECTION('',(-0.,1.));
#575 = ( GEOMETRIC_REPRESENTATION_CONTEXT(2) 
PARAMETRIC_REPRESENTATION_CONTEXT() REPRESENTATION_CONTEXT('2D SPACE',''
  ) );
#576 = ORIENTED_EDGE('',*,*,#577,.F.);
#577 = EDGE_CURVE('',#143,#550,#578,.T.);
#578 = SURFACE_CURVE('',#579,(#583,#590),.PCURVE_S1.);
#579 = LINE('',#580,#581);
#580 = CARTESIAN_POINT('',(-29.,-23.,-6.));
#581 = VECTOR('',#582,1.);
#582 = DIRECTION('',(1.,0.,-0.));
#583 = PCURVE('',#187,#584);
#584 = DEFINITIONAL_REPRESENTATION('',(#585),#589);
#585 = LINE('',#586,#587);
#586 = CARTESIAN_POINT('',(9.,0.));
#587 = VECTOR('',#588,1.);
#588 = DIRECTION('',(0.,1.));
#589 = ( GEOMETRIC_REPRESENTATION_CONTEXT(2) 
PARAMETRIC_REPRESENTATION_CONTEXT() REPRESENTATION_CONTEXT('2D SPACE',''
  ) );
#590 = PCURVE('',#480,#591);
#591 = DEFINITIONAL_REPRESENTATION('',(#592),#596);
#592 = LINE('',#593,#594);
#593 = CARTESIAN_POINT('',(0.,0.));
#594 = VECTOR('',#595,1.);
#595 = DIRECTION('',(0.,1.));
#596 = ( GEOMETRIC_REPRESENTATION_CONTEXT(2) 
PARAMETRIC_REPRESENTATION_CONTEXT() REPRESENTATION_CONTEXT('2D SPACE',''
  ) );
#597 = ADVANCED_FACE('',(#598),#267,.F.);
#598 = FACE_BOUND('',#599,.F.);
#599 = EDGE_LOOP('',(#600,#601,#624,#653,#676,#704,#732,#761));
#600 = ORIENTED_EDGE('',*,*,#251,.F.);
#601 = ORIENTED_EDGE('',*,*,#602,.T.);
#602 = EDGE_CURVE('',#230,#603,#605,.T.);
#603 = VERTEX_POINT('',#604);
#604 = CARTESIAN_POINT('',(-3.,-14.,-15.));
#605 = SURFACE_CURVE('',#606,(#610,#617),.PCURVE_S1.);
#606 = LINE('',#607,#608);
#607 = CARTESIAN_POINT('',(-29.,-14.,-15.));
#608 = VECTOR('',#609,1.);
#609 = DIRECTION('',(1.,0.,-0.));
#610 = PCURVE('',#267,#611);
#611 = DEFINITIONAL_REPRESENTATION('',(#612),#616);
#612 = LINE('',#613,#614);
#613 = CARTESIAN_POINT('',(0.,9.));
#614 = VECTOR('',#615,1.);
#615 = DIRECTION('',(1.,0.));
#616 = ( GEOMETRIC_REPRESENTATION_CONTEXT(2) 
PARAMETRIC_REPRESENTATION_CONTEXT() REPRESENTATION_CONTEXT('2D SPACE',''
  ) );
#617 = PCURVE('',#480,#618);
#618 = DEFINITIONAL_REPRESENTATION('',(#619),#623);
#619 = LINE('',#620,#621);
#620 = CARTESIAN_POINT('',(1.570796326795,0.));
#621 = VECTOR('',#622,1.);
#622 = DIRECTION('',(0.,1.));
#623 = ( GEOMETRIC_REPRESENTATION_CONTEXT(2) 
PARAMETRIC_REPRESENTATION_CONTEXT() REPRESENTATION_CONTEXT('2D SPACE',''
  ) );
#624 = ORIENTED_EDGE('',*,*,#625,.F.);
#625 = EDGE_CURVE('',#626,#603,#628,.T.);
#626 = VERTEX_POINT('',#627);
#627 = CARTESIAN_POINT('',(3.,-14.,-15.));
#628 = SURFACE_CURVE('',#629,(#634,#641),.PCURVE_S1.);
#629 = CIRCLE('',#630,3.);
#630 = AXIS2_PLACEMENT_3D('',#631,#632,#633);
#631 = CARTESIAN_POINT('',(0.,-14.,-15.));
#632 = DIRECTION('',(0.,0.,1.));
#633 = DIRECTION('',(1.,0.,-0.));
#634 = PCURVE('',#267,#635);
#635 = DEFINITIONAL_REPRESENTATION('',(#636),#640);
#636 = CIRCLE('',#637,3.);
#637 = AXIS2_PLACEMENT_2D('',#638,#639);
#638 = CARTESIAN_POINT('',(29.,9.));
#639 = DIRECTION('',(1.,0.));
#640 = ( GEOMETRIC_REPRESENTATION_CONTEXT(2) 
PARAMETRIC_REPRESENTATION_CONTEXT() REPRESENTATION_CONTEXT('2D SPACE',''
  ) );
#641 = PCURVE('',#642,#647);
#642 = CYLINDRICAL_SURFACE('',#643,3.);
#643 = AXIS2_PLACEMENT_3D('',#644,#645,#646);
#644 = CARTESIAN_POINT('',(0.,-14.,-40.));
#645 = DIRECTION('',(0.,0.,1.));
#646 = DIRECTION('',(1.,0.,-0.));
#647 = DEFINITIONAL_REPRESENTATION('',(#648),#652);
#648 = LINE('',#649,#650);
#649 = CARTESIAN_POINT('',(0.,25.));
#650 = VECTOR('',#651,1.);
#651 = DIRECTION('',(1.,0.));
#652 = ( GEOMETRIC_REPRESENTATION_CONTEXT(2) 
PARAMETRIC_REPRESENTATION_CONTEXT() REPRESENTATION_CONTEXT('2D SPACE',''
  ) );
#653 = ORIENTED_EDGE('',*,*,#654,.T.);
#654 = EDGE_CURVE('',#626,#655,#657,.T.);
#655 = VERTEX_POINT('',#656);
#656 = CARTESIAN_POINT('',(20.,-14.,-15.));
#657 = SURFACE_CURVE('',#658,(#662,#669),.PCURVE_S1.);
#658 = LINE('',#659,#660);
#659 = CARTESIAN_POINT('',(-29.,-14.,-15.));
#660 = VECTOR('',#661,1.);
#661 = DIRECTION('',(1.,0.,-0.));
#662 = PCURVE('',#267,#663);
#663 = DEFINITIONAL_REPRESENTATION('',(#664),#668);
#664 = LINE('',#665,#666);
#665 = CARTESIAN_POINT('',(0.,9.));
#666 = VECTOR('',#667,1.);
#667 = DIRECTION('',(1.,0.));
#668 = ( GEOMETRIC_REPRESENTATION_CONTEXT(2) 
PARAMETRIC_REPRESENTATION_CONTEXT() REPRESENTATION_CONTEXT('2D SPACE',''
  ) );
#669 = PCURVE('',#480,#670);
#670 = DEFINITIONAL_REPRESENTATION('',(#671),#675);
#671 = LINE('',#672,#673);
#672 = CARTESIAN_POINT('',(1.570796326795,0.));
#673 = VECTOR('',#674,1.);
#674 = DIRECTION('',(0.,1.));
#675 = ( GEOMETRIC_REPRESENTATION_CONTEXT(2) 
PARAMETRIC_REPRESENTATION_CONTEXT() REPRESENTATION_CONTEXT('2D SPACE',''
  ) );
#676 = ORIENTED_EDGE('',*,*,#677,.T.);
#677 = EDGE_CURVE('',#655,#678,#680,.T.);
#678 = VERTEX_POINT('',#679);
#679 = CARTESIAN_POINT('',(20.,14.,-15.));
#680 = SURFACE_CURVE('',#681,(#685,#692),.PCURVE_S1.);
#681 = LINE('',#682,#683);
#682 = CARTESIAN_POINT('',(20.,-23.,-15.));
#683 = VECTOR('',#684,1.);
#684 = DIRECTION('',(-0.,1.,0.));
#685 = PCURVE('',#267,#686);
#686 = DEFINITIONAL_REPRESENTATION('',(#687),#691);
#687 = LINE('',#688,#689);
#688 = CARTESIAN_POINT('',(49.,0.));
#689 = VECTOR('',#690,1.);
#690 = DIRECTION('',(0.,1.));
#691 = ( GEOMETRIC_REPRESENTATION_CONTEXT(2) 
PARAMETRIC_REPRESENTATION_CONTEXT() REPRESENTATION_CONTEXT('2D SPACE',''
  ) );
#692 = PCURVE('',#693,#698);
#693 = CYLINDRICAL_SURFACE('',#694,9.);
#694 = AXIS2_PLACEMENT_3D('',#695,#696,#697);
#695 = CARTESIAN_POINT('',(20.,-23.,-6.));
#696 = DIRECTION('',(-0.,1.,0.));
#697 = DIRECTION('',(1.,0.,-0.));
#698 = DEFINITIONAL_REPRESENTATION('',(#699),#703);
#699 = LINE('',#700,#701);
#700 = CARTESIAN_POINT('',(1.570796326795,0.));
#701 = VECTOR('',#702,1.);
#702 = DIRECTION('',(0.,1.));
#703 = ( GEOMETRIC_REPRESENTATION_CONTEXT(2) 
PARAMETRIC_REPRESENTATION_CONTEXT() REPRESENTATION_CONTEXT('2D SPACE',''
  ) );
#704 = ORIENTED_EDGE('',*,*,#705,.F.);
#705 = EDGE_CURVE('',#706,#678,#708,.T.);
#706 = VERTEX_POINT('',#707);
#707 = CARTESIAN_POINT('',(3.,14.,-15.));
#708 = SURFACE_CURVE('',#709,(#713,#720),.PCURVE_S1.);
#709 = LINE('',#710,#711);
#710 = CARTESIAN_POINT('',(-29.,14.,-15.));
#711 = VECTOR('',#712,1.);
#712 = DIRECTION('',(1.,0.,-0.));
#713 = PCURVE('',#267,#714);
#714 = DEFINITIONAL_REPRESENTATION('',(#715),#719);
#715 = LINE('',#716,#717);
#716 = CARTESIAN_POINT('',(0.,37.));
#717 = VECTOR('',#718,1.);
#718 = DIRECTION('',(1.,0.));
#719 = ( GEOMETRIC_REPRESENTATION_CONTEXT(2) 
PARAMETRIC_REPRESENTATION_CONTEXT() REPRESENTATION_CONTEXT('2D SPACE',''
  ) );
#720 = PCURVE('',#721,#726);
#721 = CYLINDRICAL_SURFACE('',#722,9.);
#722 = AXIS2_PLACEMENT_3D('',#723,#724,#725);
#723 = CARTESIAN_POINT('',(-29.,14.,-6.));
#724 = DIRECTION('',(1.,0.,-0.));
#725 = DIRECTION('',(0.,1.,0.));
#726 = DEFINITIONAL_REPRESENTATION('',(#727),#731);
#727 = LINE('',#728,#729);
#728 = CARTESIAN_POINT('',(-1.570796326795,0.));
#729 = VECTOR('',#730,1.);
#730 = DIRECTION('',(-0.,1.));
#731 = ( GEOMETRIC_REPRESENTATION_CONTEXT(2) 
PARAMETRIC_REPRESENTATION_CONTEXT() REPRESENTATION_CONTEXT('2D SPACE',''
  ) );
#732 = ORIENTED_EDGE('',*,*,#733,.F.);
#733 = EDGE_CURVE('',#734,#706,#736,.T.);
#734 = VERTEX_POINT('',#735);
#735 = CARTESIAN_POINT('',(-3.,14.,-15.));
#736 = SURFACE_CURVE('',#737,(#742,#749),.PCURVE_S1.);
#737 = CIRCLE('',#738,3.);
#738 = AXIS2_PLACEMENT_3D('',#739,#740,#741);
#739 = CARTESIAN_POINT('',(0.,14.,-15.));
#740 = DIRECTION('',(0.,0.,1.));
#741 = DIRECTION('',(1.,0.,-0.));
#742 = PCURVE('',#267,#743);
#743 = DEFINITIONAL_REPRESENTATION('',(#744),#748);
#744 = CIRCLE('',#745,3.);
#745 = AXIS2_PLACEMENT_2D('',#746,#747);
#746 = CARTESIAN_POINT('',(29.,37.));
#747 = DIRECTION('',(1.,0.));
#748 = ( GEOMETRIC_REPRESENTATION_CONTEXT(2) 
PARAMETRIC_REPRESENTATION_CONTEXT() REPRESENTATION_CONTEXT('2D SPACE',''
  ) );
#749 = PCURVE('',#750,#755);
#750 = CYLINDRICAL_SURFACE('',#751,3.);
#751 = AXIS2_PLACEMENT_3D('',#752,#753,#754);
#752 = CARTESIAN_POINT('',(0.,14.,-40.));
#753 = DIRECTION('',(0.,0.,1.));
#754 = DIRECTION('',(1.,0.,-0.));
#755 = DEFINITIONAL_REPRESENTATION('',(#756),#760);
#756 = LINE('',#757,#758);
#757 = CARTESIAN_POINT('',(0.,25.));
#758 = VECTOR('',#759,1.);
#759 = DIRECTION('',(1.,0.));
#760 = ( GEOMETRIC_REPRESENTATION_CONTEXT(2) 
PARAMETRIC_REPRESENTATION_CONTEXT() REPRESENTATION_CONTEXT('2D SPACE',''
  ) );
#761 = ORIENTED_EDGE('',*,*,#762,.F.);
#762 = EDGE_CURVE('',#252,#734,#763,.T.);
#763 = SURFACE_CURVE('',#764,(#768,#775),.PCURVE_S1.);
#764 = LINE('',#765,#766);
#765 = CARTESIAN_POINT('',(-29.,14.,-15.));
#766 = VECTOR('',#767,1.);
#767 = DIRECTION('',(1.,0.,-0.));
#768 = PCURVE('',#267,#769);
#769 = DEFINITIONAL_REPRESENTATION('',(#770),#774);
#770 = LINE('',#771,#772);
#771 = CARTESIAN_POINT('',(0.,37.));
#772 = VECTOR('',#773,1.);
#773 = DIRECTION('',(1.,0.));
#774 = ( GEOMETRIC_REPRESENTATION_CONTEXT(2) 
PARAMETRIC_REPRESENTATION_CONTEXT() REPRESENTATION_CONTEXT('2D SPACE',''
  ) );
#775 = PCURVE('',#721,#776);
#776 = DEFINITIONAL_REPRESENTATION('',(#777),#781);
#777 = LINE('',#778,#779);
#778 = CARTESIAN_POINT('',(-1.570796326795,0.));
#779 = VECTOR('',#780,1.);
#780 = DIRECTION('',(-0.,1.));
#781 = ( GEOMETRIC_REPRESENTATION_CONTEXT(2) 
PARAMETRIC_REPRESENTATION_CONTEXT() REPRESENTATION_CONTEXT('2D SPACE',''
  ) );
#782 = ADVANCED_FACE('',(#783),#293,.T.);
#783 = FACE_BOUND('',#784,.F.);
#784 = EDGE_LOOP('',(#785,#786,#806));
#785 = ORIENTED_EDGE('',*,*,#279,.F.);
#786 = ORIENTED_EDGE('',*,*,#787,.T.);
#787 = EDGE_CURVE('',#252,#391,#788,.T.);
#788 = SURFACE_CURVE('',#789,(#794,#800),.PCURVE_S1.);
#789 = CIRCLE('',#790,9.);
#790 = AXIS2_PLACEMENT_3D('',#791,#792,#793);
#791 = CARTESIAN_POINT('',(-20.,14.,-6.));
#792 = DIRECTION('',(1.,8.590396272682E-17,-0.));
#793 = DIRECTION('',(-8.590396272682E-17,1.,0.));
#794 = PCURVE('',#293,#795);
#795 = DEFINITIONAL_REPRESENTATION('',(#796),#799);
#796 = B_SPLINE_CURVE_WITH_KNOTS('',1,(#797,#798),.UNSPECIFIED.,.F.,.F.,
  (2,2),(4.712388980385,6.28318530718),.PIECEWISE_BEZIER_KNOTS.);
#797 = CARTESIAN_POINT('',(-1.570796326795,-1.570796326795));
#798 = CARTESIAN_POINT('',(-1.570796326795,0.));
#799 = ( GEOMETRIC_REPRESENTATION_CONTEXT(2) 
PARAMETRIC_REPRESENTATION_CONTEXT() REPRESENTATION_CONTEXT('2D SPACE',''
  ) );
#800 = PCURVE('',#721,#801);
#801 = DEFINITIONAL_REPRESENTATION('',(#802),#805);
#802 = B_SPLINE_CURVE_WITH_KNOTS('',1,(#803,#804),.UNSPECIFIED.,.F.,.F.,
  (2,2),(4.712388980385,6.28318530718),.PIECEWISE_BEZIER_KNOTS.);
#803 = CARTESIAN_POINT('',(-1.570796326795,9.));
#804 = CARTESIAN_POINT('',(0.,9.));
#805 = ( GEOMETRIC_REPRESENTATION_CONTEXT(2) 
PARAMETRIC_REPRESENTATION_CONTEXT() REPRESENTATION_CONTEXT('2D SPACE',''
  ) );
#806 = ORIENTED_EDGE('',*,*,#390,.F.);
#807 = ADVANCED_FACE('',(#808),#346,.T.);
#808 = FACE_BOUND('',#809,.T.);
#809 = EDGE_LOOP('',(#810,#811,#834,#862));
#810 = ORIENTED_EDGE('',*,*,#330,.F.);
#811 = ORIENTED_EDGE('',*,*,#812,.T.);
#812 = EDGE_CURVE('',#309,#813,#815,.T.);
#813 = VERTEX_POINT('',#814);
#814 = CARTESIAN_POINT('',(20.,-14.,15.));
#815 = SURFACE_CURVE('',#816,(#820,#827),.PCURVE_S1.);
#816 = LINE('',#817,#818);
#817 = CARTESIAN_POINT('',(-29.,-14.,15.));
#818 = VECTOR('',#819,1.);
#819 = DIRECTION('',(1.,0.,-0.));
#820 = PCURVE('',#346,#821);
#821 = DEFINITIONAL_REPRESENTATION('',(#822),#826);
#822 = LINE('',#823,#824);
#823 = CARTESIAN_POINT('',(0.,9.));
#824 = VECTOR('',#825,1.);
#825 = DIRECTION('',(1.,0.));
#826 = ( GEOMETRIC_REPRESENTATION_CONTEXT(2) 
PARAMETRIC_REPRESENTATION_CONTEXT() REPRESENTATION_CONTEXT('2D SPACE',''
  ) );
#827 = PCURVE('',#510,#828);
#828 = DEFINITIONAL_REPRESENTATION('',(#829),#833);
#829 = LINE('',#830,#831);
#830 = CARTESIAN_POINT('',(-1.570796326795,0.));
#831 = VECTOR('',#832,1.);
#832 = DIRECTION('',(-0.,1.));
#833 = ( GEOMETRIC_REPRESENTATION_CONTEXT(2) 
PARAMETRIC_REPRESENTATION_CONTEXT() REPRESENTATION_CONTEXT('2D SPACE',''
  ) );
#834 = ORIENTED_EDGE('',*,*,#835,.T.);
#835 = EDGE_CURVE('',#813,#836,#838,.T.);
#836 = VERTEX_POINT('',#837);
#837 = CARTESIAN_POINT('',(20.,14.,15.));
#838 = SURFACE_CURVE('',#839,(#843,#850),.PCURVE_S1.);
#839 = LINE('',#840,#841);
#840 = CARTESIAN_POINT('',(20.,-23.,15.));
#841 = VECTOR('',#842,1.);
#842 = DIRECTION('',(-0.,1.,0.));
#843 = PCURVE('',#346,#844);
#844 = DEFINITIONAL_REPRESENTATION('',(#845),#849);
#845 = LINE('',#846,#847);
#846 = CARTESIAN_POINT('',(49.,0.));
#847 = VECTOR('',#848,1.);
#848 = DIRECTION('',(0.,1.));
#849 = ( GEOMETRIC_REPRESENTATION_CONTEXT(2) 
PARAMETRIC_REPRESENTATION_CONTEXT() REPRESENTATION_CONTEXT('2D SPACE',''
  ) );
#850 = PCURVE('',#851,#856);
#851 = CYLINDRICAL_SURFACE('',#852,9.);
#852 = AXIS2_PLACEMENT_3D('',#853,#854,#855);
#853 = CARTESIAN_POINT('',(20.,-23.,6.));
#854 = DIRECTION('',(-0.,1.,0.));
#855 = DIRECTION('',(1.,0.,-0.));
#856 = DEFINITIONAL_REPRESENTATION('',(#857),#861);
#857 = LINE('',#858,#859);
#858 = CARTESIAN_POINT('',(-1.570796326795,0.));
#859 = VECTOR('',#860,1.);
#860 = DIRECTION('',(-0.,1.));
#861 = ( GEOMETRIC_REPRESENTATION_CONTEXT(2) 
PARAMETRIC_REPRESENTATION_CONTEXT() REPRESENTATION_CONTEXT('2D SPACE',''
  ) );
#862 = ORIENTED_EDGE('',*,*,#863,.F.);
#863 = EDGE_CURVE('',#331,#836,#864,.T.);
#864 = SURFACE_CURVE('',#865,(#869,#876),.PCURVE_S1.);
#865 = LINE('',#866,#867);
#866 = CARTESIAN_POINT('',(-29.,14.,15.));
#867 = VECTOR('',#868,1.);
#868 = DIRECTION('',(1.,0.,-0.));
#869 = PCURVE('',#346,#870);
#870 = DEFINITIONAL_REPRESENTATION('',(#871),#875);
#871 = LINE('',#872,#873);
#872 = CARTESIAN_POINT('',(0.,37.));
#873 = VECTOR('',#874,1.);
#874 = DIRECTION('',(1.,0.));
#875 = ( GEOMETRIC_REPRESENTATION_CONTEXT(2) 
PARAMETRIC_REPRESENTATION_CONTEXT() REPRESENTATION_CONTEXT('2D SPACE',''
  ) );
#876 = PCURVE('',#877,#882);
#877 = CYLINDRICAL_SURFACE('',#878,9.);
#878 = AXIS2_PLACEMENT_3D('',#879,#880,#881);
#879 = CARTESIAN_POINT('',(-29.,14.,6.));
#880 = DIRECTION('',(1.,0.,-0.));
#881 = DIRECTION('',(0.,1.,0.));
#882 = DEFINITIONAL_REPRESENTATION('',(#883),#887);
#883 = LINE('',#884,#885);
#884 = CARTESIAN_POINT('',(1.570796326795,0.));
#885 = VECTOR('',#886,1.);
#886 = DIRECTION('',(0.,1.));
#887 = ( GEOMETRIC_REPRESENTATION_CONTEXT(2) 
PARAMETRIC_REPRESENTATION_CONTEXT() REPRESENTATION_CONTEXT('2D SPACE',''
  ) );
#888 = ADVANCED_FACE('',(#889),#373,.T.);
#889 = FACE_BOUND('',#890,.F.);
#890 = EDGE_LOOP('',(#891,#892,#912));
#891 = ORIENTED_EDGE('',*,*,#442,.F.);
#892 = ORIENTED_EDGE('',*,*,#893,.T.);
#893 = EDGE_CURVE('',#415,#331,#894,.T.);
#894 = SURFACE_CURVE('',#895,(#900,#906),.PCURVE_S1.);
#895 = CIRCLE('',#896,9.);
#896 = AXIS2_PLACEMENT_3D('',#897,#898,#899);
#897 = CARTESIAN_POINT('',(-20.,14.,6.));
#898 = DIRECTION('',(1.,0.,8.590396272682E-17));
#899 = DIRECTION('',(-8.590396272682E-17,-0.,1.));
#900 = PCURVE('',#373,#901);
#901 = DEFINITIONAL_REPRESENTATION('',(#902),#905);
#902 = B_SPLINE_CURVE_WITH_KNOTS('',1,(#903,#904),.UNSPECIFIED.,.F.,.F.,
  (2,2),(4.712388980385,6.28318530718),.PIECEWISE_BEZIER_KNOTS.);
#903 = CARTESIAN_POINT('',(-1.570796326795,-1.570796326795));
#904 = CARTESIAN_POINT('',(-1.570796326795,0.));
#905 = ( GEOMETRIC_REPRESENTATION_CONTEXT(2) 
PARAMETRIC_REPRESENTATION_CONTEXT() REPRESENTATION_CONTEXT('2D SPACE',''
  ) );
#906 = PCURVE('',#877,#907);
#907 = DEFINITIONAL_REPRESENTATION('',(#908),#911);
#908 = B_SPLINE_CURVE_WITH_KNOTS('',1,(#909,#910),.UNSPECIFIED.,.F.,.F.,
  (2,2),(4.712388980385,6.28318530718),.PIECEWISE_BEZIER_KNOTS.);
#909 = CARTESIAN_POINT('',(0.,9.));
#910 = CARTESIAN_POINT('',(1.570796326795,9.));
#911 = ( GEOMETRIC_REPRESENTATION_CONTEXT(2) 
PARAMETRIC_REPRESENTATION_CONTEXT() REPRESENTATION_CONTEXT('2D SPACE',''
  ) );
#912 = ORIENTED_EDGE('',*,*,#358,.F.);
#913 = ADVANCED_FACE('',(#914),#430,.T.);
#914 = FACE_BOUND('',#915,.T.);
#915 = EDGE_LOOP('',(#916,#917,#940,#968));
#916 = ORIENTED_EDGE('',*,*,#414,.T.);
#917 = ORIENTED_EDGE('',*,*,#918,.T.);
#918 = EDGE_CURVE('',#415,#919,#921,.T.);
#919 = VERTEX_POINT('',#920);
#920 = CARTESIAN_POINT('',(20.,23.,6.));
#921 = SURFACE_CURVE('',#922,(#926,#933),.PCURVE_S1.);
#922 = LINE('',#923,#924);
#923 = CARTESIAN_POINT('',(-29.,23.,6.));
#924 = VECTOR('',#925,1.);
#925 = DIRECTION('',(1.,0.,-0.));
#926 = PCURVE('',#430,#927);
#927 = DEFINITIONAL_REPRESENTATION('',(#928),#932);
#928 = LINE('',#929,#930);
#929 = CARTESIAN_POINT('',(21.,0.));
#930 = VECTOR('',#931,1.);
#931 = DIRECTION('',(0.,1.));
#932 = ( GEOMETRIC_REPRESENTATION_CONTEXT(2) 
PARAMETRIC_REPRESENTATION_CONTEXT() REPRESENTATION_CONTEXT('2D SPACE',''
  ) );
#933 = PCURVE('',#877,#934);
#934 = DEFINITIONAL_REPRESENTATION('',(#935),#939);
#935 = LINE('',#936,#937);
#936 = CARTESIAN_POINT('',(0.,0.));
#937 = VECTOR('',#938,1.);
#938 = DIRECTION('',(0.,1.));
#939 = ( GEOMETRIC_REPRESENTATION_CONTEXT(2) 
PARAMETRIC_REPRESENTATION_CONTEXT() REPRESENTATION_CONTEXT('2D SPACE',''
  ) );
#940 = ORIENTED_EDGE('',*,*,#941,.F.);
#941 = EDGE_CURVE('',#942,#919,#944,.T.);
#942 = VERTEX_POINT('',#943);
#943 = CARTESIAN_POINT('',(20.,23.,-6.));
#944 = SURFACE_CURVE('',#945,(#949,#956),.PCURVE_S1.);
#945 = LINE('',#946,#947);
#946 = CARTESIAN_POINT('',(20.,23.,-15.));
#947 = VECTOR('',#948,1.);
#948 = DIRECTION('',(0.,0.,1.));
#949 = PCURVE('',#430,#950);
#950 = DEFINITIONAL_REPRESENTATION('',(#951),#955);
#951 = LINE('',#952,#953);
#952 = CARTESIAN_POINT('',(0.,49.));
#953 = VECTOR('',#954,1.);
#954 = DIRECTION('',(1.,0.));
#955 = ( GEOMETRIC_REPRESENTATION_CONTEXT(2) 
PARAMETRIC_REPRESENTATION_CONTEXT() REPRESENTATION_CONTEXT('2D SPACE',''
  ) );
#956 = PCURVE('',#957,#962);
#957 = CYLINDRICAL_SURFACE('',#958,9.);
#958 = AXIS2_PLACEMENT_3D('',#959,#960,#961);
#959 = CARTESIAN_POINT('',(20.,14.,-15.));
#960 = DIRECTION('',(0.,0.,1.));
#961 = DIRECTION('',(1.,0.,-0.));
#962 = DEFINITIONAL_REPRESENTATION('',(#963),#967);
#963 = LINE('',#964,#965);
#964 = CARTESIAN_POINT('',(1.570796326795,0.));
#965 = VECTOR('',#966,1.);
#966 = DIRECTION('',(0.,1.));
#967 = ( GEOMETRIC_REPRESENTATION_CONTEXT(2) 
PARAMETRIC_REPRESENTATION_CONTEXT() REPRESENTATION_CONTEXT('2D SPACE',''
  ) );
#968 = ORIENTED_EDGE('',*,*,#969,.F.);
#969 = EDGE_CURVE('',#391,#942,#970,.T.);
#970 = SURFACE_CURVE('',#971,(#975,#982),.PCURVE_S1.);
#971 = LINE('',#972,#973);
#972 = CARTESIAN_POINT('',(-29.,23.,-6.));
#973 = VECTOR('',#974,1.);
#974 = DIRECTION('',(1.,0.,-0.));
#975 = PCURVE('',#430,#976);
#976 = DEFINITIONAL_REPRESENTATION('',(#977),#981);
#977 = LINE('',#978,#979);
#978 = CARTESIAN_POINT('',(9.,0.));
#979 = VECTOR('',#980,1.);
#980 = DIRECTION('',(0.,1.));
#981 = ( GEOMETRIC_REPRESENTATION_CONTEXT(2) 
PARAMETRIC_REPRESENTATION_CONTEXT() REPRESENTATION_CONTEXT('2D SPACE',''
  ) );
#982 = PCURVE('',#721,#983);
#983 = DEFINITIONAL_REPRESENTATION('',(#984),#988);
#984 = LINE('',#985,#986);
#985 = CARTESIAN_POINT('',(-0.,0.));
#986 = VECTOR('',#987,1.);
#987 = DIRECTION('',(-0.,1.));
#988 = ( GEOMETRIC_REPRESENTATION_CONTEXT(2) 
PARAMETRIC_REPRESENTATION_CONTEXT() REPRESENTATION_CONTEXT('2D SPACE',''
  ) );
#989 = ADVANCED_FACE('',(#990),#480,.T.);
#990 = FACE_BOUND('',#991,.T.);
#991 = EDGE_LOOP('',(#992,#993,#994,#1192,#1193,#1218));
#992 = ORIENTED_EDGE('',*,*,#466,.F.);
#993 = ORIENTED_EDGE('',*,*,#602,.T.);
#994 = ORIENTED_EDGE('',*,*,#995,.T.);
#995 = EDGE_CURVE('',#603,#626,#996,.T.);
#996 = SURFACE_CURVE('',#997,(#1060,#1126),.PCURVE_S1.);
#997 = B_SPLINE_CURVE_WITH_KNOTS('',6,(#998,#999,#1000,#1001,#1002,#1003
    ,#1004,#1005,#1006,#1007,#1008,#1009,#1010,#1011,#1012,#1013,#1014,
    #1015,#1016,#1017,#1018,#1019,#1020,#1021,#1022,#1023,#1024,#1025,
    #1026,#1027,#1028,#1029,#1030,#1031,#1032,#1033,#1034,#1035,#1036,
    #1037,#1038,#1039,#1040,#1041,#1042,#1043,#1044,#1045,#1046,#1047,
    #1048,#1049,#1050,#1051,#1052,#1053,#1054,#1055,#1056,#1057,#1058,
    #1059),.UNSPECIFIED.,.F.,.F.,(7,5,5,5,5,5,5,5,5,5,5,5,7),(0.,
    8.423018147049E-02,0.207601212317,0.266161405514,0.315541525337,
    0.356582006812,0.500103459244,0.64398384238,0.684807980122,
    0.733787090003,0.791520883986,0.860717180931,1.),.UNSPECIFIED.);
#998 = CARTESIAN_POINT('',(-3.,-14.,-15.));
#999 = CARTESIAN_POINT('',(-3.,-14.15988240697,-15.));
#1000 = CARTESIAN_POINT('',(-2.989775024887,-14.31948380406,
    -14.99659169251));
#1001 = CARTESIAN_POINT('',(-2.969392610869,-14.47737480458,
    -14.98979747222));
#1002 = CARTESIAN_POINT('',(-2.93926753315,-14.6321418934,
    -14.97983342753));
#1003 = CARTESIAN_POINT('',(-2.900156135345,-14.78244113951,
    -14.96710221472));
#1004 = CARTESIAN_POINT('',(-2.78434880665,-15.13885944852,
    -14.93019278007));
#1005 = CARTESIAN_POINT('',(-2.698676051022,-15.33833133459,
    -14.9034579482));
#1006 = CARTESIAN_POINT('',(-2.598730440237,-15.52457787509,
    -14.87327523471));
#1007 = CARTESIAN_POINT('',(-2.486858105412,-15.69707889431,
    -14.84100620707));
#1008 = CARTESIAN_POINT('',(-2.365238530571,-15.85560400661,
    -14.80787809567));
#1009 = CARTESIAN_POINT('',(-2.174541163882,-16.06877904766,
    -14.75928685284));
#1010 = CARTESIAN_POINT('',(-2.111341884376,-16.13434255013,
    -14.74366494261));
#1011 = CARTESIAN_POINT('',(-2.046486439728,-16.19689237389,
    -14.72816023935));
#1012 = CARTESIAN_POINT('',(-1.980119508035,-16.25646916191,
    -14.71286202849));
#1013 = CARTESIAN_POINT('',(-1.912369319105,-16.31311416522,
    -14.69785071946));
#1014 = CARTESIAN_POINT('',(-1.78514629422,-16.41219708088,
    -14.67084266588));
#1015 = CARTESIAN_POINT('',(-1.726041666263,-16.45546953059,
    -14.65874245359));
#1016 = CARTESIAN_POINT('',(-1.666101280218,-16.49671070638,
    -14.64694070424));
#1017 = CARTESIAN_POINT('',(-1.6053876607,-16.53594305148,-14.6354771043
    ));
#1018 = CARTESIAN_POINT('',(-1.543958487863,-16.57318710425,
    -14.6243878922));
#1019 = CARTESIAN_POINT('',(-1.43026119243,-16.63777852123,
    -14.60482787621));
#1020 = CARTESIAN_POINT('',(-1.378198402859,-16.66573488718,
    -14.59623123322));
#1021 = CARTESIAN_POINT('',(-1.325708836026,-16.69234115851,
    -14.58793483326));
#1022 = CARTESIAN_POINT('',(-1.272821814855,-16.71760686452,
    -14.5799561537));
#1023 = CARTESIAN_POINT('',(-1.219565377842,-16.7415405014,
    -14.57231124531));
#1024 = CARTESIAN_POINT('',(-0.978526457928,-16.84321490406,
    -14.53949831254));
#1025 = CARTESIAN_POINT('',(-0.786835105296,-16.90610731476,
    -14.51823441182));
#1026 = CARTESIAN_POINT('',(-0.592118650529,-16.9530929597,
    -14.50186522493));
#1027 = CARTESIAN_POINT('',(-0.395432654831,-16.98435929098,
    -14.4908113557));
#1028 = CARTESIAN_POINT('',(-0.19774182047,-17.,-14.48528137423));
#1029 = CARTESIAN_POINT('',(0.1982363501,-17.,-14.48528137423));
#1030 = CARTESIAN_POINT('',(0.396421071072,-16.98428096209,
    -14.49083905214));
#1031 = CARTESIAN_POINT('',(0.593593395713,-16.95285820222,
    -14.50194821866));
#1032 = CARTESIAN_POINT('',(0.788781599043,-16.90563702374,
    -14.51839824641));
#1033 = CARTESIAN_POINT('',(0.980921916041,-16.84242796434,
    -14.53976435141));
#1034 = CARTESIAN_POINT('',(1.222078961705,-16.74041464864,
    -14.57267104451));
#1035 = CARTESIAN_POINT('',(1.275040474213,-16.71655632411,-14.580288437
    ));
#1036 = CARTESIAN_POINT('',(1.327635637716,-16.69137969775,
    -14.58823562224));
#1037 = CARTESIAN_POINT('',(1.379836831155,-16.6648763861,
    -14.59649677303));
#1038 = CARTESIAN_POINT('',(1.431615171591,-16.63703699383,
    -14.60505466477));
#1039 = CARTESIAN_POINT('',(1.544518534835,-16.57283510337,
    -14.62449175515));
#1040 = CARTESIAN_POINT('',(1.605443961293,-16.53588109228,
    -14.63549305221));
#1041 = CARTESIAN_POINT('',(1.665665190945,-16.4969708828,
    -14.64686253912));
#1042 = CARTESIAN_POINT('',(1.725125935895,-16.45608443226,
    -14.65856485187));
#1043 = CARTESIAN_POINT('',(1.783765222989,-16.41319985307,
    -14.67056129001));
#1044 = CARTESIAN_POINT('',(1.909592373957,-16.31536025014,
    -14.69724768439));
#1045 = CARTESIAN_POINT('',(1.976432973547,-16.25961921031,
    -14.71203532698));
#1046 = CARTESIAN_POINT('',(2.04193291117,-16.20102967288,
    -14.72710431544));
#1047 = CARTESIAN_POINT('',(2.105969941296,-16.13955197575,
    -14.7423777453));
#1048 = CARTESIAN_POINT('',(2.168405854283,-16.07514741502,
    -14.75777023656));
#1049 = CARTESIAN_POINT('',(2.30181466648,-15.9270335584,-14.7916666698)
  );
#1050 = CARTESIAN_POINT('',(2.372039100321,-15.84201075447,
    -14.81018597754));
#1051 = CARTESIAN_POINT('',(2.439466268771,-15.75266886514,
    -14.82857775878));
#1052 = CARTESIAN_POINT('',(2.503771186551,-15.65898404934,
    -14.84665388088));
#1053 = CARTESIAN_POINT('',(2.564596556806,-15.56095083655,
    -14.86420860774));
#1054 = CARTESIAN_POINT('',(2.736195436633,-15.25253145874,
    -14.91486217268));
#1055 = CARTESIAN_POINT('',(2.836438667591,-15.02661886221,
    -14.94607316999));
#1056 = CARTESIAN_POINT('',(2.91636639474,-14.78393904722,
    -14.97212053685));
#1057 = CARTESIAN_POINT('',(2.97177014599,-14.52866952652,
    -14.99059049185));
#1058 = CARTESIAN_POINT('',(3.,-14.26565768881,-15.));
#1059 = CARTESIAN_POINT('',(3.,-14.,-15.));
#1060 = PCURVE('',#480,#1061);
#1061 = DEFINITIONAL_REPRESENTATION('',(#1062),#1125);
#1062 = B_SPLINE_CURVE_WITH_KNOTS('',6,(#1063,#1064,#1065,#1066,#1067,
    #1068,#1069,#1070,#1071,#1072,#1073,#1074,#1075,#1076,#1077,#1078,
    #1079,#1080,#1081,#1082,#1083,#1084,#1085,#1086,#1087,#1088,#1089,
    #1090,#1091,#1092,#1093,#1094,#1095,#1096,#1097,#1098,#1099,#1100,
    #1101,#1102,#1103,#1104,#1105,#1106,#1107,#1108,#1109,#1110,#1111,
    #1112,#1113,#1114,#1115,#1116,#1117,#1118,#1119,#1120,#1121,#1122,
    #1123,#1124),.UNSPECIFIED.,.F.,.F.,(7,5,5,5,5,5,5,5,5,5,5,5,7),(0.,
    8.423018147049E-02,0.207601212317,0.266161405514,0.315541525337,
    0.356582006812,0.500103459244,0.64398384238,0.684807980122,
    0.733787090003,0.791520883986,0.860717180931,1.),.UNSPECIFIED.);
#1063 = CARTESIAN_POINT('',(1.570796326795,26.));
#1064 = CARTESIAN_POINT('',(1.553031614909,26.));
#1065 = CARTESIAN_POINT('',(1.535298123198,26.010224975113));
#1066 = CARTESIAN_POINT('',(1.517744603083,26.030607389131));
#1067 = CARTESIAN_POINT('',(1.500518119417,26.06073246685));
#1068 = CARTESIAN_POINT('',(1.483761321139,26.099843864655));
#1069 = CARTESIAN_POINT('',(1.443947507951,26.21565119335));
#1070 = CARTESIAN_POINT('',(1.421595884514,26.301323948978));
#1071 = CARTESIAN_POINT('',(1.400642574959,26.401269559763));
#1072 = CARTESIAN_POINT('',(1.381150202768,26.513141894588));
#1073 = CARTESIAN_POINT('',(1.363158754449,26.634761469429));
#1074 = CARTESIAN_POINT('',(1.338865101617,26.825458836118));
#1075 = CARTESIAN_POINT('',(1.33137668968,26.888658115624));
#1076 = CARTESIAN_POINT('',(1.324216792218,26.953513560272));
#1077 = CARTESIAN_POINT('',(1.317382710589,27.019880491965));
#1078 = CARTESIAN_POINT('',(1.310871728399,27.087630680895));
#1079 = CARTESIAN_POINT('',(1.299460850368,27.21485370578));
#1080 = CARTESIAN_POINT('',(1.29446846346,27.273958333737));
#1081 = CARTESIAN_POINT('',(1.289702305999,27.333898719782));
#1082 = CARTESIAN_POINT('',(1.285160974848,27.3946123393));
#1083 = CARTESIAN_POINT('',(1.280843252043,27.456041512137));
#1084 = CARTESIAN_POINT('',(1.27334457284,27.56973880757));
#1085 = CARTESIAN_POINT('',(1.270094794319,27.621801597141));
#1086 = CARTESIAN_POINT('',(1.266998188847,27.674291163974));
#1087 = CARTESIAN_POINT('',(1.264054263358,27.727178185145));
#1088 = CARTESIAN_POINT('',(1.261262612094,27.780434622158));
#1089 = CARTESIAN_POINT('',(1.24939171568,28.021473542072));
#1090 = CARTESIAN_POINT('',(1.242015722194,28.213164894704));
#1091 = CARTESIAN_POINT('',(1.236487551562,28.407881349471));
#1092 = CARTESIAN_POINT('',(1.232802644168,28.604567345169));
#1093 = CARTESIAN_POINT('',(1.230959417341,28.80225817953));
#1094 = CARTESIAN_POINT('',(1.230959417341,29.1982363501));
#1095 = CARTESIAN_POINT('',(1.232811874583,29.396421071072));
#1096 = CARTESIAN_POINT('',(1.236515219272,29.593593395713));
#1097 = CARTESIAN_POINT('',(1.242071055441,29.788781599043));
#1098 = CARTESIAN_POINT('',(1.249484005981,29.980921916041));
#1099 = CARTESIAN_POINT('',(1.261393939086,30.222078961705));
#1100 = CARTESIAN_POINT('',(1.264176688905,30.275040474213));
#1101 = CARTESIAN_POINT('',(1.26711012262,30.327635637716));
#1102 = CARTESIAN_POINT('',(1.270194641321,30.379836831155));
#1103 = CARTESIAN_POINT('',(1.273430731697,30.431615171591));
#1104 = CARTESIAN_POINT('',(1.28088402927,30.544518534835));
#1105 = CARTESIAN_POINT('',(1.285168078495,30.605443961293));
#1106 = CARTESIAN_POINT('',(1.289672122954,30.665665190945));
#1107 = CARTESIAN_POINT('',(1.294397351216,30.725125935895));
#1108 = CARTESIAN_POINT('',(1.299345131167,30.783765222989));
#1109 = CARTESIAN_POINT('',(1.310613327178,30.909592373957));
#1110 = CARTESIAN_POINT('',(1.317020878633,30.976432973547));
#1111 = CARTESIAN_POINT('',(1.323742376591,31.04193291117));
#1112 = CARTESIAN_POINT('',(1.33078047059,31.105969941296));
#1113 = CARTESIAN_POINT('',(1.338137747504,31.168405854283));
#1114 = CARTESIAN_POINT('',(1.355020305788,31.30181466648));
#1115 = CARTESIAN_POINT('',(1.364688252664,31.372039100321));
#1116 = CARTESIAN_POINT('',(1.37482224635,31.439466268771));
#1117 = CARTESIAN_POINT('',(1.385422315841,31.503771186551));
#1118 = CARTESIAN_POINT('',(1.396487007972,31.564596556806));
#1119 = CARTESIAN_POINT('',(1.431214926838,31.736195436633));
#1120 = CARTESIAN_POINT('',(1.456546545887,31.836438667591));
#1121 = CARTESIAN_POINT('',(1.483645863848,31.91636639474));
#1122 = CARTESIAN_POINT('',(1.512055228,31.97177014599));
#1123 = CARTESIAN_POINT('',(1.541278805816,32.));
#1124 = CARTESIAN_POINT('',(1.570796326795,32.));
#1125 = ( GEOMETRIC_REPRESENTATION_CONTEXT(2) 
PARAMETRIC_REPRESENTATION_CONTEXT() REPRESENTATION_CONTEXT('2D SPACE',''
  ) );
#1126 = PCURVE('',#642,#1127);
#1127 = DEFINITIONAL_REPRESENTATION('',(#1128),#1191);
#1128 = B_SPLINE_CURVE_WITH_KNOTS('',6,(#1129,#1130,#1131,#1132,#1133,
    #1134,#1135,#1136,#1137,#1138,#1139,#1140,#1141,#1142,#1143,#1144,
    #1145,#1146,#1147,#1148,#1149,#1150,#1151,#1152,#1153,#1154,#1155,
    #1156,#1157,#1158,#1159,#1160,#1161,#1162,#1163,#1164,#1165,#1166,
    #1167,#1168,#1169,#1170,#1171,#1172,#1173,#1174,#1175,#1176,#1177,
    #1178,#1179,#1180,#1181,#1182,#1183,#1184,#1185,#1186,#1187,#1188,
    #1189,#1190),.UNSPECIFIED.,.F.,.F.,(7,5,5,5,5,5,5,5,5,5,5,5,7),(0.,
    8.423018147049E-02,0.207601212317,0.266161405514,0.315541525337,
    0.356582006812,0.500103459244,0.64398384238,0.684807980122,
    0.733787090003,0.791520883986,0.860717180931,1.),.UNSPECIFIED.);
#1129 = CARTESIAN_POINT('',(3.14159265359,25.));
#1130 = CARTESIAN_POINT('',(3.194886789247,25.));
#1131 = CARTESIAN_POINT('',(3.248087248306,25.003408307487));
#1132 = CARTESIAN_POINT('',(3.300990082055,25.01020252778));
#1133 = CARTESIAN_POINT('',(3.353391608476,25.020166572461));
#1134 = CARTESIAN_POINT('',(3.405067989678,25.032897785272));
#1135 = CARTESIAN_POINT('',(3.529988118994,25.069807219929));
#1136 = CARTESIAN_POINT('',(3.602049310264,25.096542051798));
#1137 = CARTESIAN_POINT('',(3.672124001475,25.126724765286));
#1138 = CARTESIAN_POINT('',(3.74032811279,25.158993792928));
#1139 = CARTESIAN_POINT('',(3.80674026931,25.19212190433));
#1140 = CARTESIAN_POINT('',(3.902081226924,25.240713147155));
#1141 = CARTESIAN_POINT('',(3.93241498201,25.256335057382));
#1142 = CARTESIAN_POINT('',(3.962420097845,25.271839760647));
#1143 = CARTESIAN_POINT('',(3.992120593767,25.287137971505));
#1144 = CARTESIAN_POINT('',(4.021539727849,25.30214928054));
#1145 = CARTESIAN_POINT('',(4.075291339954,25.329157334119));
#1146 = CARTESIAN_POINT('',(4.09969799076,25.341257546402));
#1147 = CARTESIAN_POINT('',(4.123934984507,25.35305929576));
#1148 = CARTESIAN_POINT('',(4.148015431012,25.364522895693));
#1149 = CARTESIAN_POINT('',(4.171951776719,25.375612107794));
#1150 = CARTESIAN_POINT('',(4.215539652373,25.395172123783));
#1151 = CARTESIAN_POINT('',(4.235232053917,25.403768766773));
#1152 = CARTESIAN_POINT('',(4.254839738981,25.412065166736));
#1153 = CARTESIAN_POINT('',(4.274369126879,25.420043846297));
#1154 = CARTESIAN_POINT('',(4.293826326584,25.427688754686));
#1155 = CARTESIAN_POINT('',(4.381028164657,25.460501687453));
#1156 = CARTESIAN_POINT('',(4.44804991751,25.48176558818));
#1157 = CARTESIAN_POINT('',(4.514500454851,25.49813477507));
#1158 = CARTESIAN_POINT('',(4.580578229772,25.509188644299));
#1159 = CARTESIAN_POINT('',(4.646475040228,25.514718625761));
#1160 = CARTESIAN_POINT('',(4.778467763751,25.514718625761));
#1161 = CARTESIAN_POINT('',(4.844529200513,25.509160947851));
#1162 = CARTESIAN_POINT('',(4.91077296792,25.498051781337));
#1163 = CARTESIAN_POINT('',(4.977392361925,25.481601753589));
#1164 = CARTESIAN_POINT('',(5.044587422178,25.460235648584));
#1165 = CARTESIAN_POINT('',(5.131869491899,25.427328955483));
#1166 = CARTESIAN_POINT('',(5.151226818953,25.419711562995));
#1167 = CARTESIAN_POINT('',(5.17065575312,25.411764377757));
#1168 = CARTESIAN_POINT('',(5.19016231345,25.403503226964));
#1169 = CARTESIAN_POINT('',(5.209752823095,25.394945335222));
#1170 = CARTESIAN_POINT('',(5.253046461543,25.375508244846));
#1171 = CARTESIAN_POINT('',(5.276789325132,25.364506947781));
#1172 = CARTESIAN_POINT('',(5.300674003283,25.353137460878));
#1173 = CARTESIAN_POINT('',(5.324712641503,25.341435148127));
#1174 = CARTESIAN_POINT('',(5.348918027605,25.329438709985));
#1175 = CARTESIAN_POINT('',(5.402047910202,25.302752315601));
#1176 = CARTESIAN_POINT('',(5.43104217963,25.287964673019));
#1177 = CARTESIAN_POINT('',(5.460308773052,25.272895684559));
#1178 = CARTESIAN_POINT('',(5.489870560251,25.257622254695));
#1179 = CARTESIAN_POINT('',(5.51975090773,25.24222976344));
#1180 = CARTESIAN_POINT('',(5.586196897238,25.2083333302));
#1181 = CARTESIAN_POINT('',(5.622921124365,25.189814022459));
#1182 = CARTESIAN_POINT('',(5.660176698932,25.171422241217));
#1183 = CARTESIAN_POINT('',(5.697994208908,25.153346119118));
#1184 = CARTESIAN_POINT('',(5.736407347537,25.135791392258));
#1185 = CARTESIAN_POINT('',(5.85405497969,25.085137827312));
#1186 = CARTESIAN_POINT('',(5.936105419883,25.053926830004));
#1187 = CARTESIAN_POINT('',(6.020621893473,25.027879463144));
#1188 = CARTESIAN_POINT('',(6.106962240022,25.009409508144));
#1189 = CARTESIAN_POINT('',(6.194632744243,25.));
#1190 = CARTESIAN_POINT('',(6.28318530718,25.));
#1191 = ( GEOMETRIC_REPRESENTATION_CONTEXT(2) 
PARAMETRIC_REPRESENTATION_CONTEXT() REPRESENTATION_CONTEXT('2D SPACE',''
  ) );
#1192 = ORIENTED_EDGE('',*,*,#654,.T.);
#1193 = ORIENTED_EDGE('',*,*,#1194,.T.);
#1194 = EDGE_CURVE('',#655,#550,#1195,.T.);
#1195 = SURFACE_CURVE('',#1196,(#1201,#1207),.PCURVE_S1.);
#1196 = CIRCLE('',#1197,9.);
#1197 = AXIS2_PLACEMENT_3D('',#1198,#1199,#1200);
#1198 = CARTESIAN_POINT('',(20.,-14.,-6.));
#1199 = DIRECTION('',(-1.,-6.123233995737E-17,0.));
#1200 = DIRECTION('',(6.123233995737E-17,-1.,-0.));
#1201 = PCURVE('',#480,#1202);
#1202 = DEFINITIONAL_REPRESENTATION('',(#1203),#1206);
#1203 = B_SPLINE_CURVE_WITH_KNOTS('',1,(#1204,#1205),.UNSPECIFIED.,.F.,
  .F.,(2,2),(4.712388980385,6.28318530718),.PIECEWISE_BEZIER_KNOTS.);
#1204 = CARTESIAN_POINT('',(1.570796326795,49.));
#1205 = CARTESIAN_POINT('',(0.,49.));
#1206 = ( GEOMETRIC_REPRESENTATION_CONTEXT(2) 
PARAMETRIC_REPRESENTATION_CONTEXT() REPRESENTATION_CONTEXT('2D SPACE',''
  ) );
#1207 = PCURVE('',#1208,#1213);
#1208 = SPHERICAL_SURFACE('',#1209,9.);
#1209 = AXIS2_PLACEMENT_3D('',#1210,#1211,#1212);
#1210 = CARTESIAN_POINT('',(20.,-14.,-6.));
#1211 = DIRECTION('',(0.,0.,1.));
#1212 = DIRECTION('',(1.,0.,-0.));
#1213 = DEFINITIONAL_REPRESENTATION('',(#1214),#1217);
#1214 = B_SPLINE_CURVE_WITH_KNOTS('',1,(#1215,#1216),.UNSPECIFIED.,.F.,
  .F.,(2,2),(4.712388980385,6.28318530718),.PIECEWISE_BEZIER_KNOTS.);
#1215 = CARTESIAN_POINT('',(-1.570796326795,-1.570796326795));
#1216 = CARTESIAN_POINT('',(-1.570796326795,0.));
#1217 = ( GEOMETRIC_REPRESENTATION_CONTEXT(2) 
PARAMETRIC_REPRESENTATION_CONTEXT() REPRESENTATION_CONTEXT('2D SPACE',''
  ) );
#1218 = ORIENTED_EDGE('',*,*,#577,.F.);
#1219 = ADVANCED_FACE('',(#1220),#510,.T.);
#1220 = FACE_BOUND('',#1221,.F.);
#1221 = EDGE_LOOP('',(#1222,#1223,#1224,#1249));
#1222 = ORIENTED_EDGE('',*,*,#496,.F.);
#1223 = ORIENTED_EDGE('',*,*,#812,.T.);
#1224 = ORIENTED_EDGE('',*,*,#1225,.T.);
#1225 = EDGE_CURVE('',#813,#527,#1226,.T.);
#1226 = SURFACE_CURVE('',#1227,(#1232,#1238),.PCURVE_S1.);
#1227 = CIRCLE('',#1228,9.);
#1228 = AXIS2_PLACEMENT_3D('',#1229,#1230,#1231);
#1229 = CARTESIAN_POINT('',(20.,-14.,6.));
#1230 = DIRECTION('',(1.,6.123233995737E-17,0.));
#1231 = DIRECTION('',(6.123233995737E-17,-1.,0.));
#1232 = PCURVE('',#510,#1233);
#1233 = DEFINITIONAL_REPRESENTATION('',(#1234),#1237);
#1234 = B_SPLINE_CURVE_WITH_KNOTS('',1,(#1235,#1236),.UNSPECIFIED.,.F.,
  .F.,(2,2),(4.712388980385,6.28318530718),.PIECEWISE_BEZIER_KNOTS.);
#1235 = CARTESIAN_POINT('',(-1.570796326795,49.));
#1236 = CARTESIAN_POINT('',(0.,49.));
#1237 = ( GEOMETRIC_REPRESENTATION_CONTEXT(2) 
PARAMETRIC_REPRESENTATION_CONTEXT() REPRESENTATION_CONTEXT('2D SPACE',''
  ) );
#1238 = PCURVE('',#1239,#1244);
#1239 = SPHERICAL_SURFACE('',#1240,9.);
#1240 = AXIS2_PLACEMENT_3D('',#1241,#1242,#1243);
#1241 = CARTESIAN_POINT('',(20.,-14.,6.));
#1242 = DIRECTION('',(-0.,-0.,-1.));
#1243 = DIRECTION('',(1.,0.,0.));
#1244 = DEFINITIONAL_REPRESENTATION('',(#1245),#1248);
#1245 = B_SPLINE_CURVE_WITH_KNOTS('',1,(#1246,#1247),.UNSPECIFIED.,.F.,
  .F.,(2,2),(4.712388980385,6.28318530718),.PIECEWISE_BEZIER_KNOTS.);
#1246 = CARTESIAN_POINT('',(1.570796326795,-1.570796326795));
#1247 = CARTESIAN_POINT('',(1.570796326795,0.));
#1248 = ( GEOMETRIC_REPRESENTATION_CONTEXT(2) 
PARAMETRIC_REPRESENTATION_CONTEXT() REPRESENTATION_CONTEXT('2D SPACE',''
  ) );
#1249 = ORIENTED_EDGE('',*,*,#526,.F.);
#1250 = ADVANCED_FACE('',(#1251),#565,.T.);
#1251 = FACE_BOUND('',#1252,.F.);
#1252 = EDGE_LOOP('',(#1253,#1283,#1305,#1306));
#1253 = ORIENTED_EDGE('',*,*,#1254,.F.);
#1254 = EDGE_CURVE('',#1255,#1257,#1259,.T.);
#1255 = VERTEX_POINT('',#1256);
#1256 = CARTESIAN_POINT('',(29.,-14.,-6.));
#1257 = VERTEX_POINT('',#1258);
#1258 = CARTESIAN_POINT('',(29.,-14.,6.));
#1259 = SURFACE_CURVE('',#1260,(#1264,#1271),.PCURVE_S1.);
#1260 = LINE('',#1261,#1262);
#1261 = CARTESIAN_POINT('',(29.,-14.,-15.));
#1262 = VECTOR('',#1263,1.);
#1263 = DIRECTION('',(0.,0.,1.));
#1264 = PCURVE('',#565,#1265);
#1265 = DEFINITIONAL_REPRESENTATION('',(#1266),#1270);
#1266 = LINE('',#1267,#1268);
#1267 = CARTESIAN_POINT('',(-0.,0.));
#1268 = VECTOR('',#1269,1.);
#1269 = DIRECTION('',(-0.,1.));
#1270 = ( GEOMETRIC_REPRESENTATION_CONTEXT(2) 
PARAMETRIC_REPRESENTATION_CONTEXT() REPRESENTATION_CONTEXT('2D SPACE',''
  ) );
#1271 = PCURVE('',#1272,#1277);
#1272 = PLANE('',#1273);
#1273 = AXIS2_PLACEMENT_3D('',#1274,#1275,#1276);
#1274 = CARTESIAN_POINT('',(29.,-23.,-15.));
#1275 = DIRECTION('',(1.,0.,-0.));
#1276 = DIRECTION('',(0.,0.,1.));
#1277 = DEFINITIONAL_REPRESENTATION('',(#1278),#1282);
#1278 = LINE('',#1279,#1280);
#1279 = CARTESIAN_POINT('',(0.,-9.));
#1280 = VECTOR('',#1281,1.);
#1281 = DIRECTION('',(1.,0.));
#1282 = ( GEOMETRIC_REPRESENTATION_CONTEXT(2) 
PARAMETRIC_REPRESENTATION_CONTEXT() REPRESENTATION_CONTEXT('2D SPACE',''
  ) );
#1283 = ORIENTED_EDGE('',*,*,#1284,.T.);
#1284 = EDGE_CURVE('',#1255,#550,#1285,.T.);
#1285 = SURFACE_CURVE('',#1286,(#1291,#1298),.PCURVE_S1.);
#1286 = CIRCLE('',#1287,9.);
#1287 = AXIS2_PLACEMENT_3D('',#1288,#1289,#1290);
#1288 = CARTESIAN_POINT('',(20.,-14.,-6.));
#1289 = DIRECTION('',(0.,-0.,-1.));
#1290 = DIRECTION('',(1.,0.,-0.));
#1291 = PCURVE('',#565,#1292);
#1292 = DEFINITIONAL_REPRESENTATION('',(#1293),#1297);
#1293 = LINE('',#1294,#1295);
#1294 = CARTESIAN_POINT('',(-0.,9.));
#1295 = VECTOR('',#1296,1.);
#1296 = DIRECTION('',(-1.,0.));
#1297 = ( GEOMETRIC_REPRESENTATION_CONTEXT(2) 
PARAMETRIC_REPRESENTATION_CONTEXT() REPRESENTATION_CONTEXT('2D SPACE',''
  ) );
#1298 = PCURVE('',#1208,#1299);
#1299 = DEFINITIONAL_REPRESENTATION('',(#1300),#1304);
#1300 = LINE('',#1301,#1302);
#1301 = CARTESIAN_POINT('',(-0.,0.));
#1302 = VECTOR('',#1303,1.);
#1303 = DIRECTION('',(-1.,0.));
#1304 = ( GEOMETRIC_REPRESENTATION_CONTEXT(2) 
PARAMETRIC_REPRESENTATION_CONTEXT() REPRESENTATION_CONTEXT('2D SPACE',''
  ) );
#1305 = ORIENTED_EDGE('',*,*,#549,.T.);
#1306 = ORIENTED_EDGE('',*,*,#1307,.F.);
#1307 = EDGE_CURVE('',#1257,#527,#1308,.T.);
#1308 = SURFACE_CURVE('',#1309,(#1314,#1321),.PCURVE_S1.);
#1309 = CIRCLE('',#1310,9.);
#1310 = AXIS2_PLACEMENT_3D('',#1311,#1312,#1313);
#1311 = CARTESIAN_POINT('',(20.,-14.,6.));
#1312 = DIRECTION('',(0.,0.,-1.));
#1313 = DIRECTION('',(1.,0.,0.));
#1314 = PCURVE('',#565,#1315);
#1315 = DEFINITIONAL_REPRESENTATION('',(#1316),#1320);
#1316 = LINE('',#1317,#1318);
#1317 = CARTESIAN_POINT('',(-0.,21.));
#1318 = VECTOR('',#1319,1.);
#1319 = DIRECTION('',(-1.,0.));
#1320 = ( GEOMETRIC_REPRESENTATION_CONTEXT(2) 
PARAMETRIC_REPRESENTATION_CONTEXT() REPRESENTATION_CONTEXT('2D SPACE',''
  ) );
#1321 = PCURVE('',#1239,#1322);
#1322 = DEFINITIONAL_REPRESENTATION('',(#1323),#1327);
#1323 = LINE('',#1324,#1325);
#1324 = CARTESIAN_POINT('',(0.,0.));
#1325 = VECTOR('',#1326,1.);
#1326 = DIRECTION('',(1.,0.));
#1327 = ( GEOMETRIC_REPRESENTATION_CONTEXT(2) 
PARAMETRIC_REPRESENTATION_CONTEXT() REPRESENTATION_CONTEXT('2D SPACE',''
  ) );
#1328 = ADVANCED_FACE('',(#1329),#721,.T.);
#1329 = FACE_BOUND('',#1330,.F.);
#1330 = EDGE_LOOP('',(#1331,#1332,#1333,#1531,#1532,#1557));
#1331 = ORIENTED_EDGE('',*,*,#787,.F.);
#1332 = ORIENTED_EDGE('',*,*,#762,.T.);
#1333 = ORIENTED_EDGE('',*,*,#1334,.F.);
#1334 = EDGE_CURVE('',#706,#734,#1335,.T.);
#1335 = SURFACE_CURVE('',#1336,(#1399,#1465),.PCURVE_S1.);
#1336 = B_SPLINE_CURVE_WITH_KNOTS('',6,(#1337,#1338,#1339,#1340,#1341,
    #1342,#1343,#1344,#1345,#1346,#1347,#1348,#1349,#1350,#1351,#1352,
    #1353,#1354,#1355,#1356,#1357,#1358,#1359,#1360,#1361,#1362,#1363,
    #1364,#1365,#1366,#1367,#1368,#1369,#1370,#1371,#1372,#1373,#1374,
    #1375,#1376,#1377,#1378,#1379,#1380,#1381,#1382,#1383,#1384,#1385,
    #1386,#1387,#1388,#1389,#1390,#1391,#1392,#1393,#1394,#1395,#1396,
    #1397,#1398),.UNSPECIFIED.,.F.,.F.,(7,5,5,5,5,5,5,5,5,5,5,5,7),(0.,
    8.423018080218E-02,0.20760121067,0.266161403402,0.315541522834,
    0.356582003983,0.500103455277,0.643983845744,0.684807983108,
    0.733787092534,0.791520885982,0.860717182274,1.),.UNSPECIFIED.);
#1337 = CARTESIAN_POINT('',(3.,14.,-15.));
#1338 = CARTESIAN_POINT('',(3.,14.159882406971,-15.));
#1339 = CARTESIAN_POINT('',(2.989775024887,14.319483804062,
    -14.99659169251));
#1340 = CARTESIAN_POINT('',(2.969392610869,14.477374804588,
    -14.98979747222));
#1341 = CARTESIAN_POINT('',(2.93926753315,14.632141893408,
    -14.97983342753));
#1342 = CARTESIAN_POINT('',(2.900156135345,14.782441139511,
    -14.96710221472));
#1343 = CARTESIAN_POINT('',(2.78434880665,15.13885944852,-14.93019278007
    ));
#1344 = CARTESIAN_POINT('',(2.698676051022,15.338331334594,
    -14.9034579482));
#1345 = CARTESIAN_POINT('',(2.598730440237,15.524577875098,
    -14.87327523471));
#1346 = CARTESIAN_POINT('',(2.486858105412,15.697078894311,
    -14.84100620707));
#1347 = CARTESIAN_POINT('',(2.365238530571,15.855604006613,
    -14.80787809567));
#1348 = CARTESIAN_POINT('',(2.174541163882,16.068779047661,
    -14.75928685284));
#1349 = CARTESIAN_POINT('',(2.111341884376,16.134342550133,
    -14.74366494261));
#1350 = CARTESIAN_POINT('',(2.046486439728,16.196892373893,
    -14.72816023935));
#1351 = CARTESIAN_POINT('',(1.980119508035,16.256469161914,
    -14.71286202849));
#1352 = CARTESIAN_POINT('',(1.912369319105,16.313114165229,
    -14.69785071945));
#1353 = CARTESIAN_POINT('',(1.78514629422,16.412197080881,
    -14.67084266588));
#1354 = CARTESIAN_POINT('',(1.726041666263,16.455469530591,
    -14.65874245359));
#1355 = CARTESIAN_POINT('',(1.666101280218,16.496710706388,
    -14.64694070424));
#1356 = CARTESIAN_POINT('',(1.6053876607,16.535943051488,-14.6354771043)
  );
#1357 = CARTESIAN_POINT('',(1.543958487863,16.573187104252,
    -14.6243878922));
#1358 = CARTESIAN_POINT('',(1.43026119243,16.637778521235,
    -14.60482787621));
#1359 = CARTESIAN_POINT('',(1.378198402859,16.665734887188,
    -14.59623123322));
#1360 = CARTESIAN_POINT('',(1.325708836026,16.692341158513,
    -14.58793483326));
#1361 = CARTESIAN_POINT('',(1.272821814855,16.717606864529,
    -14.5799561537));
#1362 = CARTESIAN_POINT('',(1.219565377842,16.741540501403,
    -14.57231124531));
#1363 = CARTESIAN_POINT('',(0.978526457928,16.843214904068,
    -14.53949831254));
#1364 = CARTESIAN_POINT('',(0.786835105296,16.906107314767,
    -14.51823441182));
#1365 = CARTESIAN_POINT('',(0.592118650529,16.953092959704,
    -14.50186522493));
#1366 = CARTESIAN_POINT('',(0.395432654831,16.984359290989,
    -14.4908113557));
#1367 = CARTESIAN_POINT('',(0.19774182047,17.,-14.48528137423));
#1368 = CARTESIAN_POINT('',(-0.198236361773,17.,-14.48528137423));
#1369 = CARTESIAN_POINT('',(-0.396421052524,16.984280965377,
    -14.49083905107));
#1370 = CARTESIAN_POINT('',(-0.593593395555,16.9528582,-14.50194821938)
  );
#1371 = CARTESIAN_POINT('',(-0.788781617525,16.905637019413,
    -14.51839824782));
#1372 = CARTESIAN_POINT('',(-0.980921904728,16.842427969126,
    -14.53976434987));
#1373 = CARTESIAN_POINT('',(-1.222078961705,16.740414648643,
    -14.57267104451));
#1374 = CARTESIAN_POINT('',(-1.275040474213,16.716556324115,
    -14.580288437));
#1375 = CARTESIAN_POINT('',(-1.327635637716,16.691379697751,
    -14.58823562224));
#1376 = CARTESIAN_POINT('',(-1.379836831155,16.664876386105,
    -14.59649677303));
#1377 = CARTESIAN_POINT('',(-1.431615171591,16.637036993837,
    -14.60505466477));
#1378 = CARTESIAN_POINT('',(-1.544518534835,16.572835103374,
    -14.62449175515));
#1379 = CARTESIAN_POINT('',(-1.605443961293,16.535881092289,
    -14.63549305221));
#1380 = CARTESIAN_POINT('',(-1.665665190945,16.4969708828,
    -14.64686253912));
#1381 = CARTESIAN_POINT('',(-1.725125935895,16.456084432268,
    -14.65856485187));
#1382 = CARTESIAN_POINT('',(-1.783765222989,16.413199853076,
    -14.67056129001));
#1383 = CARTESIAN_POINT('',(-1.909592373957,16.315360250142,
    -14.69724768439));
#1384 = CARTESIAN_POINT('',(-1.976432973547,16.259619210313,
    -14.71203532698));
#1385 = CARTESIAN_POINT('',(-2.04193291117,16.201029672881,
    -14.72710431544));
#1386 = CARTESIAN_POINT('',(-2.105969941296,16.139551975757,
    -14.7423777453));
#1387 = CARTESIAN_POINT('',(-2.168405854283,16.075147415026,
    -14.75777023656));
#1388 = CARTESIAN_POINT('',(-2.301814666467,15.92703355842,
    -14.79166666979));
#1389 = CARTESIAN_POINT('',(-2.372039100326,15.842010754468,
    -14.81018597754));
#1390 = CARTESIAN_POINT('',(-2.439466268784,15.752668865126,
    -14.82857775878));
#1391 = CARTESIAN_POINT('',(-2.503771186552,15.65898404934,
    -14.84665388088));
#1392 = CARTESIAN_POINT('',(-2.564596556795,15.56095083657,
    -14.86420860773));
#1393 = CARTESIAN_POINT('',(-2.736195436633,15.252531458749,
    -14.91486217268));
#1394 = CARTESIAN_POINT('',(-2.836438667591,15.026618862218,
    -14.94607316999));
#1395 = CARTESIAN_POINT('',(-2.916366394739,14.783939047228,
    -14.97212053685));
#1396 = CARTESIAN_POINT('',(-2.97177014599,14.528669526528,
    -14.99059049185));
#1397 = CARTESIAN_POINT('',(-3.,14.265657688811,-15.));
#1398 = CARTESIAN_POINT('',(-3.,14.,-15.));
#1399 = PCURVE('',#721,#1400);
#1400 = DEFINITIONAL_REPRESENTATION('',(#1401),#1464);
#1401 = B_SPLINE_CURVE_WITH_KNOTS('',6,(#1402,#1403,#1404,#1405,#1406,
    #1407,#1408,#1409,#1410,#1411,#1412,#1413,#1414,#1415,#1416,#1417,
    #1418,#1419,#1420,#1421,#1422,#1423,#1424,#1425,#1426,#1427,#1428,
    #1429,#1430,#1431,#1432,#1433,#1434,#1435,#1436,#1437,#1438,#1439,
    #1440,#1441,#1442,#1443,#1444,#1445,#1446,#1447,#1448,#1449,#1450,
    #1451,#1452,#1453,#1454,#1455,#1456,#1457,#1458,#1459,#1460,#1461,
    #1462,#1463),.UNSPECIFIED.,.F.,.F.,(7,5,5,5,5,5,5,5,5,5,5,5,7),(0.,
    8.423018080218E-02,0.20760121067,0.266161403402,0.315541522834,
    0.356582003983,0.500103455277,0.643983845744,0.684807983108,
    0.733787092534,0.791520885982,0.860717182274,1.),.UNSPECIFIED.);
#1402 = CARTESIAN_POINT('',(-1.570796326795,32.));
#1403 = CARTESIAN_POINT('',(-1.553031614909,32.));
#1404 = CARTESIAN_POINT('',(-1.535298123198,31.989775024887));
#1405 = CARTESIAN_POINT('',(-1.517744603083,31.969392610869));
#1406 = CARTESIAN_POINT('',(-1.500518119417,31.93926753315));
#1407 = CARTESIAN_POINT('',(-1.483761321139,31.900156135345));
#1408 = CARTESIAN_POINT('',(-1.443947507951,31.78434880665));
#1409 = CARTESIAN_POINT('',(-1.421595884514,31.698676051022));
#1410 = CARTESIAN_POINT('',(-1.400642574959,31.598730440237));
#1411 = CARTESIAN_POINT('',(-1.381150202768,31.486858105412));
#1412 = CARTESIAN_POINT('',(-1.363158754449,31.365238530571));
#1413 = CARTESIAN_POINT('',(-1.338865101617,31.174541163882));
#1414 = CARTESIAN_POINT('',(-1.33137668968,31.111341884376));
#1415 = CARTESIAN_POINT('',(-1.324216792218,31.046486439728));
#1416 = CARTESIAN_POINT('',(-1.317382710589,30.980119508035));
#1417 = CARTESIAN_POINT('',(-1.310871728398,30.912369319105));
#1418 = CARTESIAN_POINT('',(-1.299460850368,30.78514629422));
#1419 = CARTESIAN_POINT('',(-1.29446846346,30.726041666263));
#1420 = CARTESIAN_POINT('',(-1.289702305999,30.666101280218));
#1421 = CARTESIAN_POINT('',(-1.285160974848,30.6053876607));
#1422 = CARTESIAN_POINT('',(-1.280843252043,30.543958487863));
#1423 = CARTESIAN_POINT('',(-1.27334457284,30.43026119243));
#1424 = CARTESIAN_POINT('',(-1.270094794319,30.378198402859));
#1425 = CARTESIAN_POINT('',(-1.266998188847,30.325708836026));
#1426 = CARTESIAN_POINT('',(-1.264054263358,30.272821814855));
#1427 = CARTESIAN_POINT('',(-1.261262612094,30.219565377842));
#1428 = CARTESIAN_POINT('',(-1.24939171568,29.978526457928));
#1429 = CARTESIAN_POINT('',(-1.242015722194,29.786835105296));
#1430 = CARTESIAN_POINT('',(-1.236487551562,29.592118650529));
#1431 = CARTESIAN_POINT('',(-1.232802644168,29.395432654831));
#1432 = CARTESIAN_POINT('',(-1.230959417341,29.19774182047));
#1433 = CARTESIAN_POINT('',(-1.230959417341,28.801763638227));
#1434 = CARTESIAN_POINT('',(-1.2328118742,28.603578947476));
#1435 = CARTESIAN_POINT('',(-1.236515219531,28.406406604445));
#1436 = CARTESIAN_POINT('',(-1.242071055947,28.211218382475));
#1437 = CARTESIAN_POINT('',(-1.249484005423,28.019078095272));
#1438 = CARTESIAN_POINT('',(-1.261393939086,27.777921038295));
#1439 = CARTESIAN_POINT('',(-1.264176688905,27.724959525787));
#1440 = CARTESIAN_POINT('',(-1.26711012262,27.672364362284));
#1441 = CARTESIAN_POINT('',(-1.270194641321,27.620163168845));
#1442 = CARTESIAN_POINT('',(-1.273430731697,27.568384828409));
#1443 = CARTESIAN_POINT('',(-1.28088402927,27.455481465165));
#1444 = CARTESIAN_POINT('',(-1.285168078495,27.394556038707));
#1445 = CARTESIAN_POINT('',(-1.289672122954,27.334334809055));
#1446 = CARTESIAN_POINT('',(-1.294397351216,27.274874064105));
#1447 = CARTESIAN_POINT('',(-1.299345131167,27.216234777011));
#1448 = CARTESIAN_POINT('',(-1.310613327178,27.090407626043));
#1449 = CARTESIAN_POINT('',(-1.317020878633,27.023567026453));
#1450 = CARTESIAN_POINT('',(-1.323742376591,26.95806708883));
#1451 = CARTESIAN_POINT('',(-1.33078047059,26.894030058704));
#1452 = CARTESIAN_POINT('',(-1.338137747504,26.831594145717));
#1453 = CARTESIAN_POINT('',(-1.355020305786,26.698185333533));
#1454 = CARTESIAN_POINT('',(-1.364688252665,26.627960899674));
#1455 = CARTESIAN_POINT('',(-1.374822246352,26.560533731216));
#1456 = CARTESIAN_POINT('',(-1.385422315841,26.496228813448));
#1457 = CARTESIAN_POINT('',(-1.39648700797,26.435403443205));
#1458 = CARTESIAN_POINT('',(-1.431214926838,26.263804563367));
#1459 = CARTESIAN_POINT('',(-1.456546545887,26.163561332409));
#1460 = CARTESIAN_POINT('',(-1.483645863848,26.083633605261));
#1461 = CARTESIAN_POINT('',(-1.512055228,26.02822985401));
#1462 = CARTESIAN_POINT('',(-1.541278805816,26.));
#1463 = CARTESIAN_POINT('',(-1.570796326795,26.));
#1464 = ( GEOMETRIC_REPRESENTATION_CONTEXT(2) 
PARAMETRIC_REPRESENTATION_CONTEXT() REPRESENTATION_CONTEXT('2D SPACE',''
  ) );
#1465 = PCURVE('',#750,#1466);
#1466 = DEFINITIONAL_REPRESENTATION('',(#1467),#1530);
#1467 = B_SPLINE_CURVE_WITH_KNOTS('',6,(#1468,#1469,#1470,#1471,#1472,
    #1473,#1474,#1475,#1476,#1477,#1478,#1479,#1480,#1481,#1482,#1483,
    #1484,#1485,#1486,#1487,#1488,#1489,#1490,#1491,#1492,#1493,#1494,
    #1495,#1496,#1497,#1498,#1499,#1500,#1501,#1502,#1503,#1504,#1505,
    #1506,#1507,#1508,#1509,#1510,#1511,#1512,#1513,#1514,#1515,#1516,
    #1517,#1518,#1519,#1520,#1521,#1522,#1523,#1524,#1525,#1526,#1527,
    #1528,#1529),.UNSPECIFIED.,.F.,.F.,(7,5,5,5,5,5,5,5,5,5,5,5,7),(0.,
    8.423018080218E-02,0.20760121067,0.266161403402,0.315541522834,
    0.356582003983,0.500103455277,0.643983845744,0.684807983108,
    0.733787092534,0.791520885982,0.860717182274,1.),.UNSPECIFIED.);
#1468 = CARTESIAN_POINT('',(0.,25.));
#1469 = CARTESIAN_POINT('',(5.329413565715E-02,25.));
#1470 = CARTESIAN_POINT('',(0.106494594717,25.003408307487));
#1471 = CARTESIAN_POINT('',(0.159397428466,25.01020252778));
#1472 = CARTESIAN_POINT('',(0.211798954886,25.020166572461));
#1473 = CARTESIAN_POINT('',(0.263475336088,25.032897785272));
#1474 = CARTESIAN_POINT('',(0.388395465405,25.069807219929));
#1475 = CARTESIAN_POINT('',(0.460456656674,25.096542051798));
#1476 = CARTESIAN_POINT('',(0.530531347885,25.126724765286));
#1477 = CARTESIAN_POINT('',(0.5987354592,25.158993792927));
#1478 = CARTESIAN_POINT('',(0.66514761572,25.19212190433));
#1479 = CARTESIAN_POINT('',(0.760488573334,25.240713147155));
#1480 = CARTESIAN_POINT('',(0.79082232842,25.256335057382));
#1481 = CARTESIAN_POINT('',(0.820827444255,25.271839760647));
#1482 = CARTESIAN_POINT('',(0.850527940177,25.287137971505));
#1483 = CARTESIAN_POINT('',(0.87994707426,25.302149280541));
#1484 = CARTESIAN_POINT('',(0.933698686365,25.329157334119));
#1485 = CARTESIAN_POINT('',(0.95810533717,25.341257546402));
#1486 = CARTESIAN_POINT('',(0.982342330917,25.35305929576));
#1487 = CARTESIAN_POINT('',(1.006422777423,25.364522895693));
#1488 = CARTESIAN_POINT('',(1.030359123129,25.375612107794));
#1489 = CARTESIAN_POINT('',(1.073946998783,25.395172123783));
#1490 = CARTESIAN_POINT('',(1.093639400328,25.403768766773));
#1491 = CARTESIAN_POINT('',(1.113247085391,25.412065166736));
#1492 = CARTESIAN_POINT('',(1.132776473289,25.420043846297));
#1493 = CARTESIAN_POINT('',(1.152233672994,25.427688754686));
#1494 = CARTESIAN_POINT('',(1.239435511068,25.460501687453));
#1495 = CARTESIAN_POINT('',(1.30645726392,25.48176558818));
#1496 = CARTESIAN_POINT('',(1.372907801261,25.49813477507));
#1497 = CARTESIAN_POINT('',(1.438985576182,25.509188644299));
#1498 = CARTESIAN_POINT('',(1.504882386638,25.514718625761));
#1499 = CARTESIAN_POINT('',(1.636875114053,25.514718625761));
#1500 = CARTESIAN_POINT('',(1.70293654054,25.509160948924));
#1501 = CARTESIAN_POINT('',(1.769180314427,25.49805178062));
#1502 = CARTESIAN_POINT('',(1.835799714767,25.481601752178));
#1503 = CARTESIAN_POINT('',(1.902994764494,25.460235650128));
#1504 = CARTESIAN_POINT('',(1.990276838309,25.427328955483));
#1505 = CARTESIAN_POINT('',(2.009634165363,25.419711562995));
#1506 = CARTESIAN_POINT('',(2.02906309953,25.411764377757));
#1507 = CARTESIAN_POINT('',(2.04856965986,25.403503226964));
#1508 = CARTESIAN_POINT('',(2.068160169505,25.394945335222));
#1509 = CARTESIAN_POINT('',(2.111453807953,25.375508244846));
#1510 = CARTESIAN_POINT('',(2.135196671542,25.364506947781));
#1511 = CARTESIAN_POINT('',(2.159081349693,25.353137460878));
#1512 = CARTESIAN_POINT('',(2.183119987913,25.341435148127));
#1513 = CARTESIAN_POINT('',(2.207325374015,25.329438709985));
#1514 = CARTESIAN_POINT('',(2.260455256612,25.302752315601));
#1515 = CARTESIAN_POINT('',(2.28944952604,25.287964673019));
#1516 = CARTESIAN_POINT('',(2.318716119462,25.272895684559));
#1517 = CARTESIAN_POINT('',(2.348277906661,25.257622254695));
#1518 = CARTESIAN_POINT('',(2.37815825414,25.24222976344));
#1519 = CARTESIAN_POINT('',(2.444604243641,25.208333330203));
#1520 = CARTESIAN_POINT('',(2.481328470777,25.189814022458));
#1521 = CARTESIAN_POINT('',(2.518584045349,25.171422241214));
#1522 = CARTESIAN_POINT('',(2.55640155532,25.153346119118));
#1523 = CARTESIAN_POINT('',(2.59481469394,25.135791392261));
#1524 = CARTESIAN_POINT('',(2.712462326101,25.085137827312));
#1525 = CARTESIAN_POINT('',(2.794512766293,25.053926830004));
#1526 = CARTESIAN_POINT('',(2.879029239884,25.027879463144));
#1527 = CARTESIAN_POINT('',(2.965369586432,25.009409508144));
#1528 = CARTESIAN_POINT('',(3.053040090653,25.));
#1529 = CARTESIAN_POINT('',(3.14159265359,25.));
#1530 = ( GEOMETRIC_REPRESENTATION_CONTEXT(2) 
PARAMETRIC_REPRESENTATION_CONTEXT() REPRESENTATION_CONTEXT('2D SPACE',''
  ) );
#1531 = ORIENTED_EDGE('',*,*,#705,.T.);
#1532 = ORIENTED_EDGE('',*,*,#1533,.T.);
#1533 = EDGE_CURVE('',#678,#942,#1534,.T.);
#1534 = SURFACE_CURVE('',#1535,(#1540,#1546),.PCURVE_S1.);
#1535 = CIRCLE('',#1536,9.);
#1536 = AXIS2_PLACEMENT_3D('',#1537,#1538,#1539);
#1537 = CARTESIAN_POINT('',(20.,14.,-6.));
#1538 = DIRECTION('',(1.,-8.590396272682E-17,0.));
#1539 = DIRECTION('',(8.590396272682E-17,1.,0.));
#1540 = PCURVE('',#721,#1541);
#1541 = DEFINITIONAL_REPRESENTATION('',(#1542),#1545);
#1542 = B_SPLINE_CURVE_WITH_KNOTS('',1,(#1543,#1544),.UNSPECIFIED.,.F.,
  .F.,(2,2),(4.712388980385,6.28318530718),.PIECEWISE_BEZIER_KNOTS.);
#1543 = CARTESIAN_POINT('',(-1.570796326795,49.));
#1544 = CARTESIAN_POINT('',(0.,49.));
#1545 = ( GEOMETRIC_REPRESENTATION_CONTEXT(2) 
PARAMETRIC_REPRESENTATION_CONTEXT() REPRESENTATION_CONTEXT('2D SPACE',''
  ) );
#1546 = PCURVE('',#1547,#1552);
#1547 = SPHERICAL_SURFACE('',#1548,9.);
#1548 = AXIS2_PLACEMENT_3D('',#1549,#1550,#1551);
#1549 = CARTESIAN_POINT('',(20.,14.,-6.));
#1550 = DIRECTION('',(0.,0.,1.));
#1551 = DIRECTION('',(1.,1.973729821556E-16,-0.));
#1552 = DEFINITIONAL_REPRESENTATION('',(#1553),#1556);
#1553 = B_SPLINE_CURVE_WITH_KNOTS('',1,(#1554,#1555),.UNSPECIFIED.,.F.,
  .F.,(2,2),(4.712388980385,6.28318530718),.PIECEWISE_BEZIER_KNOTS.);
#1554 = CARTESIAN_POINT('',(1.570796326795,-1.570796326795));
#1555 = CARTESIAN_POINT('',(1.570796326795,0.));
#1556 = ( GEOMETRIC_REPRESENTATION_CONTEXT(2) 
PARAMETRIC_REPRESENTATION_CONTEXT() REPRESENTATION_CONTEXT('2D SPACE',''
  ) );
#1557 = ORIENTED_EDGE('',*,*,#969,.F.);
#1558 = ADVANCED_FACE('',(#1559),#750,.F.);
#1559 = FACE_BOUND('',#1560,.F.);
#1560 = EDGE_LOOP('',(#1561,#1584,#1611,#1612,#1613));
#1561 = ORIENTED_EDGE('',*,*,#1562,.T.);
#1562 = EDGE_CURVE('',#706,#1563,#1565,.T.);
#1563 = VERTEX_POINT('',#1564);
#1564 = CARTESIAN_POINT('',(3.,14.,0.));
#1565 = SEAM_CURVE('',#1566,(#1570,#1577),.PCURVE_S1.);
#1566 = LINE('',#1567,#1568);
#1567 = CARTESIAN_POINT('',(3.,14.,-40.));
#1568 = VECTOR('',#1569,1.);
#1569 = DIRECTION('',(0.,0.,1.));
#1570 = PCURVE('',#750,#1571);
#1571 = DEFINITIONAL_REPRESENTATION('',(#1572),#1576);
#1572 = LINE('',#1573,#1574);
#1573 = CARTESIAN_POINT('',(6.28318530718,-0.));
#1574 = VECTOR('',#1575,1.);
#1575 = DIRECTION('',(0.,1.));
#1576 = ( GEOMETRIC_REPRESENTATION_CONTEXT(2) 
PARAMETRIC_REPRESENTATION_CONTEXT() REPRESENTATION_CONTEXT('2D SPACE',''
  ) );
#1577 = PCURVE('',#750,#1578);
#1578 = DEFINITIONAL_REPRESENTATION('',(#1579),#1583);
#1579 = LINE('',#1580,#1581);
#1580 = CARTESIAN_POINT('',(0.,-0.));
#1581 = VECTOR('',#1582,1.);
#1582 = DIRECTION('',(0.,1.));
#1583 = ( GEOMETRIC_REPRESENTATION_CONTEXT(2) 
PARAMETRIC_REPRESENTATION_CONTEXT() REPRESENTATION_CONTEXT('2D SPACE',''
  ) );
#1584 = ORIENTED_EDGE('',*,*,#1585,.F.);
#1585 = EDGE_CURVE('',#1563,#1563,#1586,.T.);
#1586 = SURFACE_CURVE('',#1587,(#1592,#1599),.PCURVE_S1.);
#1587 = CIRCLE('',#1588,3.);
#1588 = AXIS2_PLACEMENT_3D('',#1589,#1590,#1591);
#1589 = CARTESIAN_POINT('',(0.,14.,0.));
#1590 = DIRECTION('',(0.,0.,1.));
#1591 = DIRECTION('',(1.,0.,-0.));
#1592 = PCURVE('',#750,#1593);
#1593 = DEFINITIONAL_REPRESENTATION('',(#1594),#1598);
#1594 = LINE('',#1595,#1596);
#1595 = CARTESIAN_POINT('',(0.,40.));
#1596 = VECTOR('',#1597,1.);
#1597 = DIRECTION('',(1.,0.));
#1598 = ( GEOMETRIC_REPRESENTATION_CONTEXT(2) 
PARAMETRIC_REPRESENTATION_CONTEXT() REPRESENTATION_CONTEXT('2D SPACE',''
  ) );
#1599 = PCURVE('',#1600,#1605);
#1600 = PLANE('',#1601);
#1601 = AXIS2_PLACEMENT_3D('',#1602,#1603,#1604);
#1602 = CARTESIAN_POINT('',(0.,14.,0.));
#1603 = DIRECTION('',(0.,0.,1.));
#1604 = DIRECTION('',(1.,0.,-0.));
#1605 = DEFINITIONAL_REPRESENTATION('',(#1606),#1610);
#1606 = CIRCLE('',#1607,3.);
#1607 = AXIS2_PLACEMENT_2D('',#1608,#1609);
#1608 = CARTESIAN_POINT('',(0.,0.));
#1609 = DIRECTION('',(1.,0.));
#1610 = ( GEOMETRIC_REPRESENTATION_CONTEXT(2) 
PARAMETRIC_REPRESENTATION_CONTEXT() REPRESENTATION_CONTEXT('2D SPACE',''
  ) );
#1611 = ORIENTED_EDGE('',*,*,#1562,.F.);
#1612 = ORIENTED_EDGE('',*,*,#1334,.T.);
#1613 = ORIENTED_EDGE('',*,*,#733,.T.);
#1614 = ADVANCED_FACE('',(#1615),#693,.T.);
#1615 = FACE_BOUND('',#1616,.T.);
#1616 = EDGE_LOOP('',(#1617,#1637,#1638,#1660));
#1617 = ORIENTED_EDGE('',*,*,#1618,.F.);
#1618 = EDGE_CURVE('',#655,#1255,#1619,.T.);
#1619 = SURFACE_CURVE('',#1620,(#1625,#1631),.PCURVE_S1.);
#1620 = CIRCLE('',#1621,9.);
#1621 = AXIS2_PLACEMENT_3D('',#1622,#1623,#1624);
#1622 = CARTESIAN_POINT('',(20.,-14.,-6.));
#1623 = DIRECTION('',(0.,-1.,0.));
#1624 = DIRECTION('',(1.,0.,0.));
#1625 = PCURVE('',#693,#1626);
#1626 = DEFINITIONAL_REPRESENTATION('',(#1627),#1630);
#1627 = B_SPLINE_CURVE_WITH_KNOTS('',1,(#1628,#1629),.UNSPECIFIED.,.F.,
  .F.,(2,2),(4.712388980385,6.28318530718),.PIECEWISE_BEZIER_KNOTS.);
#1628 = CARTESIAN_POINT('',(1.570796326795,9.));
#1629 = CARTESIAN_POINT('',(0.,9.));
#1630 = ( GEOMETRIC_REPRESENTATION_CONTEXT(2) 
PARAMETRIC_REPRESENTATION_CONTEXT() REPRESENTATION_CONTEXT('2D SPACE',''
  ) );
#1631 = PCURVE('',#1208,#1632);
#1632 = DEFINITIONAL_REPRESENTATION('',(#1633),#1636);
#1633 = B_SPLINE_CURVE_WITH_KNOTS('',1,(#1634,#1635),.UNSPECIFIED.,.F.,
  .F.,(2,2),(4.712388980385,6.28318530718),.PIECEWISE_BEZIER_KNOTS.);
#1634 = CARTESIAN_POINT('',(0.,-1.570796326795));
#1635 = CARTESIAN_POINT('',(0.,0.));
#1636 = ( GEOMETRIC_REPRESENTATION_CONTEXT(2) 
PARAMETRIC_REPRESENTATION_CONTEXT() REPRESENTATION_CONTEXT('2D SPACE',''
  ) );
#1637 = ORIENTED_EDGE('',*,*,#677,.T.);
#1638 = ORIENTED_EDGE('',*,*,#1639,.T.);
#1639 = EDGE_CURVE('',#678,#1640,#1642,.T.);
#1640 = VERTEX_POINT('',#1641);
#1641 = CARTESIAN_POINT('',(29.,14.,-6.));
#1642 = SURFACE_CURVE('',#1643,(#1648,#1654),.PCURVE_S1.);
#1643 = CIRCLE('',#1644,9.);
#1644 = AXIS2_PLACEMENT_3D('',#1645,#1646,#1647);
#1645 = CARTESIAN_POINT('',(20.,14.,-6.));
#1646 = DIRECTION('',(1.973729821556E-16,-1.,0.));
#1647 = DIRECTION('',(1.,1.973729821556E-16,0.));
#1648 = PCURVE('',#693,#1649);
#1649 = DEFINITIONAL_REPRESENTATION('',(#1650),#1653);
#1650 = B_SPLINE_CURVE_WITH_KNOTS('',1,(#1651,#1652),.UNSPECIFIED.,.F.,
  .F.,(2,2),(4.712388980385,6.28318530718),.PIECEWISE_BEZIER_KNOTS.);
#1651 = CARTESIAN_POINT('',(1.570796326795,37.));
#1652 = CARTESIAN_POINT('',(0.,37.));
#1653 = ( GEOMETRIC_REPRESENTATION_CONTEXT(2) 
PARAMETRIC_REPRESENTATION_CONTEXT() REPRESENTATION_CONTEXT('2D SPACE',''
  ) );
#1654 = PCURVE('',#1547,#1655);
#1655 = DEFINITIONAL_REPRESENTATION('',(#1656),#1659);
#1656 = B_SPLINE_CURVE_WITH_KNOTS('',1,(#1657,#1658),.UNSPECIFIED.,.F.,
  .F.,(2,2),(4.712388980385,6.28318530718),.PIECEWISE_BEZIER_KNOTS.);
#1657 = CARTESIAN_POINT('',(0.,-1.570796326795));
#1658 = CARTESIAN_POINT('',(0.,0.));
#1659 = ( GEOMETRIC_REPRESENTATION_CONTEXT(2) 
PARAMETRIC_REPRESENTATION_CONTEXT() REPRESENTATION_CONTEXT('2D SPACE',''
  ) );
#1660 = ORIENTED_EDGE('',*,*,#1661,.F.);
#1661 = EDGE_CURVE('',#1255,#1640,#1662,.T.);
#1662 = SURFACE_CURVE('',#1663,(#1667,#1674),.PCURVE_S1.);
#1663 = LINE('',#1664,#1665);
#1664 = CARTESIAN_POINT('',(29.,-23.,-6.));
#1665 = VECTOR('',#1666,1.);
#1666 = DIRECTION('',(-0.,1.,0.));
#1667 = PCURVE('',#693,#1668);
#1668 = DEFINITIONAL_REPRESENTATION('',(#1669),#1673);
#1669 = LINE('',#1670,#1671);
#1670 = CARTESIAN_POINT('',(0.,0.));
#1671 = VECTOR('',#1672,1.);
#1672 = DIRECTION('',(0.,1.));
#1673 = ( GEOMETRIC_REPRESENTATION_CONTEXT(2) 
PARAMETRIC_REPRESENTATION_CONTEXT() REPRESENTATION_CONTEXT('2D SPACE',''
  ) );
#1674 = PCURVE('',#1272,#1675);
#1675 = DEFINITIONAL_REPRESENTATION('',(#1676),#1680);
#1676 = LINE('',#1677,#1678);
#1677 = CARTESIAN_POINT('',(9.,0.));
#1678 = VECTOR('',#1679,1.);
#1679 = DIRECTION('',(0.,-1.));
#1680 = ( GEOMETRIC_REPRESENTATION_CONTEXT(2) 
PARAMETRIC_REPRESENTATION_CONTEXT() REPRESENTATION_CONTEXT('2D SPACE',''
  ) );
#1681 = ADVANCED_FACE('',(#1682),#642,.F.);
#1682 = FACE_BOUND('',#1683,.F.);
#1683 = EDGE_LOOP('',(#1684,#1707,#1734,#1735,#1736));
#1684 = ORIENTED_EDGE('',*,*,#1685,.T.);
#1685 = EDGE_CURVE('',#626,#1686,#1688,.T.);
#1686 = VERTEX_POINT('',#1687);
#1687 = CARTESIAN_POINT('',(3.,-14.,0.));
#1688 = SEAM_CURVE('',#1689,(#1693,#1700),.PCURVE_S1.);
#1689 = LINE('',#1690,#1691);
#1690 = CARTESIAN_POINT('',(3.,-14.,-40.));
#1691 = VECTOR('',#1692,1.);
#1692 = DIRECTION('',(0.,0.,1.));
#1693 = PCURVE('',#642,#1694);
#1694 = DEFINITIONAL_REPRESENTATION('',(#1695),#1699);
#1695 = LINE('',#1696,#1697);
#1696 = CARTESIAN_POINT('',(6.28318530718,-0.));
#1697 = VECTOR('',#1698,1.);
#1698 = DIRECTION('',(0.,1.));
#1699 = ( GEOMETRIC_REPRESENTATION_CONTEXT(2) 
PARAMETRIC_REPRESENTATION_CONTEXT() REPRESENTATION_CONTEXT('2D SPACE',''
  ) );
#1700 = PCURVE('',#642,#1701);
#1701 = DEFINITIONAL_REPRESENTATION('',(#1702),#1706);
#1702 = LINE('',#1703,#1704);
#1703 = CARTESIAN_POINT('',(0.,-0.));
#1704 = VECTOR('',#1705,1.);
#1705 = DIRECTION('',(0.,1.));
#1706 = ( GEOMETRIC_REPRESENTATION_CONTEXT(2) 
PARAMETRIC_REPRESENTATION_CONTEXT() REPRESENTATION_CONTEXT('2D SPACE',''
  ) );
#1707 = ORIENTED_EDGE('',*,*,#1708,.F.);
#1708 = EDGE_CURVE('',#1686,#1686,#1709,.T.);
#1709 = SURFACE_CURVE('',#1710,(#1715,#1722),.PCURVE_S1.);
#1710 = CIRCLE('',#1711,3.);
#1711 = AXIS2_PLACEMENT_3D('',#1712,#1713,#1714);
#1712 = CARTESIAN_POINT('',(0.,-14.,0.));
#1713 = DIRECTION('',(0.,0.,1.));
#1714 = DIRECTION('',(1.,0.,-0.));
#1715 = PCURVE('',#642,#1716);
#1716 = DEFINITIONAL_REPRESENTATION('',(#1717),#1721);
#1717 = LINE('',#1718,#1719);
#1718 = CARTESIAN_POINT('',(0.,40.));
#1719 = VECTOR('',#1720,1.);
#1720 = DIRECTION('',(1.,0.));
#1721 = ( GEOMETRIC_REPRESENTATION_CONTEXT(2) 
PARAMETRIC_REPRESENTATION_CONTEXT() REPRESENTATION_CONTEXT('2D SPACE',''
  ) );
#1722 = PCURVE('',#1723,#1728);
#1723 = PLANE('',#1724);
#1724 = AXIS2_PLACEMENT_3D('',#1725,#1726,#1727);
#1725 = CARTESIAN_POINT('',(0.,-14.,0.));
#1726 = DIRECTION('',(0.,0.,1.));
#1727 = DIRECTION('',(1.,0.,-0.));
#1728 = DEFINITIONAL_REPRESENTATION('',(#1729),#1733);
#1729 = CIRCLE('',#1730,3.);
#1730 = AXIS2_PLACEMENT_2D('',#1731,#1732);
#1731 = CARTESIAN_POINT('',(0.,0.));
#1732 = DIRECTION('',(1.,0.));
#1733 = ( GEOMETRIC_REPRESENTATION_CONTEXT(2) 
PARAMETRIC_REPRESENTATION_CONTEXT() REPRESENTATION_CONTEXT('2D SPACE',''
  ) );
#1734 = ORIENTED_EDGE('',*,*,#1685,.F.);
#1735 = ORIENTED_EDGE('',*,*,#625,.T.);
#1736 = ORIENTED_EDGE('',*,*,#995,.T.);
#1737 = ADVANCED_FACE('',(#1738),#877,.T.);
#1738 = FACE_BOUND('',#1739,.T.);
#1739 = EDGE_LOOP('',(#1740,#1741,#1742,#1767));
#1740 = ORIENTED_EDGE('',*,*,#893,.T.);
#1741 = ORIENTED_EDGE('',*,*,#863,.T.);
#1742 = ORIENTED_EDGE('',*,*,#1743,.F.);
#1743 = EDGE_CURVE('',#919,#836,#1744,.T.);
#1744 = SURFACE_CURVE('',#1745,(#1750,#1756),.PCURVE_S1.);
#1745 = CIRCLE('',#1746,9.);
#1746 = AXIS2_PLACEMENT_3D('',#1747,#1748,#1749);
#1747 = CARTESIAN_POINT('',(20.,14.,6.));
#1748 = DIRECTION('',(1.,0.,-8.590396272682E-17));
#1749 = DIRECTION('',(8.590396272682E-17,0.,1.));
#1750 = PCURVE('',#877,#1751);
#1751 = DEFINITIONAL_REPRESENTATION('',(#1752),#1755);
#1752 = B_SPLINE_CURVE_WITH_KNOTS('',1,(#1753,#1754),.UNSPECIFIED.,.F.,
  .F.,(2,2),(4.712388980385,6.28318530718),.PIECEWISE_BEZIER_KNOTS.);
#1753 = CARTESIAN_POINT('',(0.,49.));
#1754 = CARTESIAN_POINT('',(1.570796326795,49.));
#1755 = ( GEOMETRIC_REPRESENTATION_CONTEXT(2) 
PARAMETRIC_REPRESENTATION_CONTEXT() REPRESENTATION_CONTEXT('2D SPACE',''
  ) );
#1756 = PCURVE('',#1757,#1762);
#1757 = SPHERICAL_SURFACE('',#1758,9.);
#1758 = AXIS2_PLACEMENT_3D('',#1759,#1760,#1761);
#1759 = CARTESIAN_POINT('',(20.,14.,6.));
#1760 = DIRECTION('',(0.,-1.,-0.));
#1761 = DIRECTION('',(1.,0.,1.973729821556E-16));
#1762 = DEFINITIONAL_REPRESENTATION('',(#1763),#1766);
#1763 = B_SPLINE_CURVE_WITH_KNOTS('',1,(#1764,#1765),.UNSPECIFIED.,.F.,
  .F.,(2,2),(4.712388980385,6.28318530718),.PIECEWISE_BEZIER_KNOTS.);
#1764 = CARTESIAN_POINT('',(1.570796326795,-1.570796326795));
#1765 = CARTESIAN_POINT('',(1.570796326795,0.));
#1766 = ( GEOMETRIC_REPRESENTATION_CONTEXT(2) 
PARAMETRIC_REPRESENTATION_CONTEXT() REPRESENTATION_CONTEXT('2D SPACE',''
  ) );
#1767 = ORIENTED_EDGE('',*,*,#918,.F.);
#1768 = ADVANCED_FACE('',(#1769),#851,.T.);
#1769 = FACE_BOUND('',#1770,.F.);
#1770 = EDGE_LOOP('',(#1771,#1791,#1792,#1816));
#1771 = ORIENTED_EDGE('',*,*,#1772,.F.);
#1772 = EDGE_CURVE('',#813,#1257,#1773,.T.);
#1773 = SURFACE_CURVE('',#1774,(#1779,#1785),.PCURVE_S1.);
#1774 = CIRCLE('',#1775,9.);
#1775 = AXIS2_PLACEMENT_3D('',#1776,#1777,#1778);
#1776 = CARTESIAN_POINT('',(20.,-14.,6.));
#1777 = DIRECTION('',(-0.,1.,0.));
#1778 = DIRECTION('',(1.,0.,0.));
#1779 = PCURVE('',#851,#1780);
#1780 = DEFINITIONAL_REPRESENTATION('',(#1781),#1784);
#1781 = B_SPLINE_CURVE_WITH_KNOTS('',1,(#1782,#1783),.UNSPECIFIED.,.F.,
  .F.,(2,2),(4.712388980385,6.28318530718),.PIECEWISE_BEZIER_KNOTS.);
#1782 = CARTESIAN_POINT('',(-1.570796326795,9.));
#1783 = CARTESIAN_POINT('',(0.,9.));
#1784 = ( GEOMETRIC_REPRESENTATION_CONTEXT(2) 
PARAMETRIC_REPRESENTATION_CONTEXT() REPRESENTATION_CONTEXT('2D SPACE',''
  ) );
#1785 = PCURVE('',#1239,#1786);
#1786 = DEFINITIONAL_REPRESENTATION('',(#1787),#1790);
#1787 = B_SPLINE_CURVE_WITH_KNOTS('',1,(#1788,#1789),.UNSPECIFIED.,.F.,
  .F.,(2,2),(4.712388980385,6.28318530718),.PIECEWISE_BEZIER_KNOTS.);
#1788 = CARTESIAN_POINT('',(0.,-1.570796326795));
#1789 = CARTESIAN_POINT('',(0.,0.));
#1790 = ( GEOMETRIC_REPRESENTATION_CONTEXT(2) 
PARAMETRIC_REPRESENTATION_CONTEXT() REPRESENTATION_CONTEXT('2D SPACE',''
  ) );
#1791 = ORIENTED_EDGE('',*,*,#835,.T.);
#1792 = ORIENTED_EDGE('',*,*,#1793,.F.);
#1793 = EDGE_CURVE('',#1794,#836,#1796,.T.);
#1794 = VERTEX_POINT('',#1795);
#1795 = CARTESIAN_POINT('',(29.,14.,6.));
#1796 = SURFACE_CURVE('',#1797,(#1802,#1809),.PCURVE_S1.);
#1797 = CIRCLE('',#1798,9.);
#1798 = AXIS2_PLACEMENT_3D('',#1799,#1800,#1801);
#1799 = CARTESIAN_POINT('',(20.,14.,6.));
#1800 = DIRECTION('',(0.,-1.,0.));
#1801 = DIRECTION('',(1.,0.,1.973729821556E-16));
#1802 = PCURVE('',#851,#1803);
#1803 = DEFINITIONAL_REPRESENTATION('',(#1804),#1808);
#1804 = LINE('',#1805,#1806);
#1805 = CARTESIAN_POINT('',(-0.,37.));
#1806 = VECTOR('',#1807,1.);
#1807 = DIRECTION('',(-1.,0.));
#1808 = ( GEOMETRIC_REPRESENTATION_CONTEXT(2) 
PARAMETRIC_REPRESENTATION_CONTEXT() REPRESENTATION_CONTEXT('2D SPACE',''
  ) );
#1809 = PCURVE('',#1757,#1810);
#1810 = DEFINITIONAL_REPRESENTATION('',(#1811),#1815);
#1811 = LINE('',#1812,#1813);
#1812 = CARTESIAN_POINT('',(0.,0.));
#1813 = VECTOR('',#1814,1.);
#1814 = DIRECTION('',(1.,0.));
#1815 = ( GEOMETRIC_REPRESENTATION_CONTEXT(2) 
PARAMETRIC_REPRESENTATION_CONTEXT() REPRESENTATION_CONTEXT('2D SPACE',''
  ) );
#1816 = ORIENTED_EDGE('',*,*,#1817,.F.);
#1817 = EDGE_CURVE('',#1257,#1794,#1818,.T.);
#1818 = SURFACE_CURVE('',#1819,(#1823,#1830),.PCURVE_S1.);
#1819 = LINE('',#1820,#1821);
#1820 = CARTESIAN_POINT('',(29.,-23.,6.));
#1821 = VECTOR('',#1822,1.);
#1822 = DIRECTION('',(-0.,1.,0.));
#1823 = PCURVE('',#851,#1824);
#1824 = DEFINITIONAL_REPRESENTATION('',(#1825),#1829);
#1825 = LINE('',#1826,#1827);
#1826 = CARTESIAN_POINT('',(-0.,0.));
#1827 = VECTOR('',#1828,1.);
#1828 = DIRECTION('',(-0.,1.));
#1829 = ( GEOMETRIC_REPRESENTATION_CONTEXT(2) 
PARAMETRIC_REPRESENTATION_CONTEXT() REPRESENTATION_CONTEXT('2D SPACE',''
  ) );
#1830 = PCURVE('',#1272,#1831);
#1831 = DEFINITIONAL_REPRESENTATION('',(#1832),#1836);
#1832 = LINE('',#1833,#1834);
#1833 = CARTESIAN_POINT('',(21.,0.));
#1834 = VECTOR('',#1835,1.);
#1835 = DIRECTION('',(0.,-1.));
#1836 = ( GEOMETRIC_REPRESENTATION_CONTEXT(2) 
PARAMETRIC_REPRESENTATION_CONTEXT() REPRESENTATION_CONTEXT('2D SPACE',''
  ) );
#1837 = ADVANCED_FACE('',(#1838),#957,.T.);
#1838 = FACE_BOUND('',#1839,.T.);
#1839 = EDGE_LOOP('',(#1840,#1861,#1883,#1884));
#1840 = ORIENTED_EDGE('',*,*,#1841,.F.);
#1841 = EDGE_CURVE('',#1640,#1794,#1842,.T.);
#1842 = SURFACE_CURVE('',#1843,(#1847,#1854),.PCURVE_S1.);
#1843 = LINE('',#1844,#1845);
#1844 = CARTESIAN_POINT('',(29.,14.,-15.));
#1845 = VECTOR('',#1846,1.);
#1846 = DIRECTION('',(0.,0.,1.));
#1847 = PCURVE('',#957,#1848);
#1848 = DEFINITIONAL_REPRESENTATION('',(#1849),#1853);
#1849 = LINE('',#1850,#1851);
#1850 = CARTESIAN_POINT('',(0.,0.));
#1851 = VECTOR('',#1852,1.);
#1852 = DIRECTION('',(0.,1.));
#1853 = ( GEOMETRIC_REPRESENTATION_CONTEXT(2) 
PARAMETRIC_REPRESENTATION_CONTEXT() REPRESENTATION_CONTEXT('2D SPACE',''
  ) );
#1854 = PCURVE('',#1272,#1855);
#1855 = DEFINITIONAL_REPRESENTATION('',(#1856),#1860);
#1856 = LINE('',#1857,#1858);
#1857 = CARTESIAN_POINT('',(0.,-37.));
#1858 = VECTOR('',#1859,1.);
#1859 = DIRECTION('',(1.,0.));
#1860 = ( GEOMETRIC_REPRESENTATION_CONTEXT(2) 
PARAMETRIC_REPRESENTATION_CONTEXT() REPRESENTATION_CONTEXT('2D SPACE',''
  ) );
#1861 = ORIENTED_EDGE('',*,*,#1862,.T.);
#1862 = EDGE_CURVE('',#1640,#942,#1863,.T.);
#1863 = SURFACE_CURVE('',#1864,(#1869,#1876),.PCURVE_S1.);
#1864 = CIRCLE('',#1865,9.);
#1865 = AXIS2_PLACEMENT_3D('',#1866,#1867,#1868);
#1866 = CARTESIAN_POINT('',(20.,14.,-6.));
#1867 = DIRECTION('',(0.,0.,1.));
#1868 = DIRECTION('',(1.,1.973729821556E-16,-0.));
#1869 = PCURVE('',#957,#1870);
#1870 = DEFINITIONAL_REPRESENTATION('',(#1871),#1875);
#1871 = LINE('',#1872,#1873);
#1872 = CARTESIAN_POINT('',(0.,9.));
#1873 = VECTOR('',#1874,1.);
#1874 = DIRECTION('',(1.,0.));
#1875 = ( GEOMETRIC_REPRESENTATION_CONTEXT(2) 
PARAMETRIC_REPRESENTATION_CONTEXT() REPRESENTATION_CONTEXT('2D SPACE',''
  ) );
#1876 = PCURVE('',#1547,#1877);
#1877 = DEFINITIONAL_REPRESENTATION('',(#1878),#1882);
#1878 = LINE('',#1879,#1880);
#1879 = CARTESIAN_POINT('',(0.,0.));
#1880 = VECTOR('',#1881,1.);
#1881 = DIRECTION('',(1.,0.));
#1882 = ( GEOMETRIC_REPRESENTATION_CONTEXT(2) 
PARAMETRIC_REPRESENTATION_CONTEXT() REPRESENTATION_CONTEXT('2D SPACE',''
  ) );
#1883 = ORIENTED_EDGE('',*,*,#941,.T.);
#1884 = ORIENTED_EDGE('',*,*,#1885,.T.);
#1885 = EDGE_CURVE('',#919,#1794,#1886,.T.);
#1886 = SURFACE_CURVE('',#1887,(#1892,#1898),.PCURVE_S1.);
#1887 = CIRCLE('',#1888,9.);
#1888 = AXIS2_PLACEMENT_3D('',#1889,#1890,#1891);
#1889 = CARTESIAN_POINT('',(20.,14.,6.));
#1890 = DIRECTION('',(1.973729821556E-16,0.,-1.));
#1891 = DIRECTION('',(1.,0.,1.973729821556E-16));
#1892 = PCURVE('',#957,#1893);
#1893 = DEFINITIONAL_REPRESENTATION('',(#1894),#1897);
#1894 = B_SPLINE_CURVE_WITH_KNOTS('',1,(#1895,#1896),.UNSPECIFIED.,.F.,
  .F.,(2,2),(4.712388980385,6.28318530718),.PIECEWISE_BEZIER_KNOTS.);
#1895 = CARTESIAN_POINT('',(1.570796326795,21.));
#1896 = CARTESIAN_POINT('',(0.,21.));
#1897 = ( GEOMETRIC_REPRESENTATION_CONTEXT(2) 
PARAMETRIC_REPRESENTATION_CONTEXT() REPRESENTATION_CONTEXT('2D SPACE',''
  ) );
#1898 = PCURVE('',#1757,#1899);
#1899 = DEFINITIONAL_REPRESENTATION('',(#1900),#1903);
#1900 = B_SPLINE_CURVE_WITH_KNOTS('',1,(#1901,#1902),.UNSPECIFIED.,.F.,
  .F.,(2,2),(4.712388980385,6.28318530718),.PIECEWISE_BEZIER_KNOTS.);
#1901 = CARTESIAN_POINT('',(0.,-1.570796326795));
#1902 = CARTESIAN_POINT('',(0.,0.));
#1903 = ( GEOMETRIC_REPRESENTATION_CONTEXT(2) 
PARAMETRIC_REPRESENTATION_CONTEXT() REPRESENTATION_CONTEXT('2D SPACE',''
  ) );
#1904 = ADVANCED_FACE('',(#1905),#1208,.T.);
#1905 = FACE_BOUND('',#1906,.F.);
#1906 = EDGE_LOOP('',(#1907,#1908,#1909));
#1907 = ORIENTED_EDGE('',*,*,#1618,.F.);
#1908 = ORIENTED_EDGE('',*,*,#1194,.T.);
#1909 = ORIENTED_EDGE('',*,*,#1284,.F.);
#1910 = ADVANCED_FACE('',(#1911),#1239,.T.);
#1911 = FACE_BOUND('',#1912,.T.);
#1912 = EDGE_LOOP('',(#1913,#1914,#1915));
#1913 = ORIENTED_EDGE('',*,*,#1772,.F.);
#1914 = ORIENTED_EDGE('',*,*,#1225,.T.);
#1915 = ORIENTED_EDGE('',*,*,#1307,.F.);
#1916 = ADVANCED_FACE('',(#1917),#1272,.T.);
#1917 = FACE_BOUND('',#1918,.T.);
#1918 = EDGE_LOOP('',(#1919,#1920,#1921,#1922));
#1919 = ORIENTED_EDGE('',*,*,#1254,.F.);
#1920 = ORIENTED_EDGE('',*,*,#1661,.T.);
#1921 = ORIENTED_EDGE('',*,*,#1841,.T.);
#1922 = ORIENTED_EDGE('',*,*,#1817,.F.);
#1923 = ADVANCED_FACE('',(#1924),#1547,.T.);
#1924 = FACE_BOUND('',#1925,.T.);
#1925 = EDGE_LOOP('',(#1926,#1927,#1928));
#1926 = ORIENTED_EDGE('',*,*,#1639,.F.);
#1927 = ORIENTED_EDGE('',*,*,#1533,.T.);
#1928 = ORIENTED_EDGE('',*,*,#1862,.F.);
#1929 = ADVANCED_FACE('',(#1930),#1600,.F.);
#1930 = FACE_BOUND('',#1931,.F.);
#1931 = EDGE_LOOP('',(#1932));
#1932 = ORIENTED_EDGE('',*,*,#1585,.T.);
#1933 = ADVANCED_FACE('',(#1934),#1723,.F.);
#1934 = FACE_BOUND('',#1935,.F.);
#1935 = EDGE_LOOP('',(#1936));
#1936 = ORIENTED_EDGE('',*,*,#1708,.T.);
#1937 = ADVANCED_FACE('',(#1938),#1757,.T.);
#1938 = FACE_BOUND('',#1939,.T.);
#1939 = EDGE_LOOP('',(#1940,#1941,#1942));
#1940 = ORIENTED_EDGE('',*,*,#1885,.F.);
#1941 = ORIENTED_EDGE('',*,*,#1743,.T.);
#1942 = ORIENTED_EDGE('',*,*,#1793,.F.);
#1943 = ( GEOMETRIC_REPRESENTATION_CONTEXT(3) 
GLOBAL_UNCERTAINTY_ASSIGNED_CONTEXT((#1947)) 
GLOBAL_UNIT_ASSIGNED_CONTEXT((#1944,#1945,#1946)) REPRESENTATION_CONTEXT
('Context #1','3D Context with UNIT and UNCERTAINTY') );
#1944 = ( LENGTH_UNIT() NAMED_UNIT(*) SI_UNIT(.MILLI.,.METRE.) );
#1945 = ( NAMED_UNIT(*) PLANE_ANGLE_UNIT() SI_UNIT($,.RADIAN.) );
#1946 = ( NAMED_UNIT(*) SI_UNIT($,.STERADIAN.) SOLID_ANGLE_UNIT() );
#1947 = UNCERTAINTY_MEASURE_WITH_UNIT(LENGTH_MEASURE(1.E-07),#1944,
  'distance_accuracy_value','confusion accuracy');
#1948 = PRODUCT_RELATED_PRODUCT_CATEGORY('part',$,(#7));
ENDSEC;
END-ISO-10303-21;
