ISO-10303-21;
HEADER;
FILE_DESCRIPTION(('Open CASCADE Model'),'2;1');
FILE_NAME('Open CASCADE Shape Model','2026-09-27T21:38:44',('Author'),(
    'Open CASCADE'),'Open CASCADE STEP processor 8.0','build123d',
  'Unknown');
FILE_SCHEMA(('AUTOMOTIVE_DESIGN { 1 0 10303 214 1 1 1 1 }'));
ENDSEC;
DATA;
#1 = APPLICATION_PROTOCOL_DEFINITION('international standard',
  'automotive_design',2000,#2);
#2 = APPLICATION_CONTEXT(
  'core data for automotive mechanical design processes');
#3 = SHAPE_DEFINITION_REPRESENTATION(#4,#10);
#4 = PRODUCT_DEFINITION_SHAPE('','',#5);
#5 = PRODUCT_DEFINITION('design','',#6,#9);
#6 = PRODUCT_DEFINITION_FORMATION('','',#7);
#7 = PRODUCT('SOLID','SOLID','',(#8));
#8 = PRODUCT_CONTEXT('',#2,'mechanical');
#9 = PRODUCT_DEFINITION_CONTEXT('part definition',#2,'design');
#10 = ADVANCED_BREP_SHAPE_REPRESENTATION('',(#11,#15),#3120);
#11 = AXIS2_PLACEMENT_3D('',#12,#13,#14);
#12 = CARTESIAN_POINT('',(0.,0.,0.));
#13 = DIRECTION('',(0.,0.,1.));
#14 = DIRECTION('',(1.,0.,-0.));
#15 = MANIFOLD_SOLID_BREP('',#16);
#16 = CLOSED_SHELL('',(#17,#105,#464,#468,#1796,#1872,#1925,#1980,#2056,
    #2111,#2164,#2190,#2239,#2264,#2313,#2363,#2410,#2436,#2483,#2489,
    #2515,#2564,#2591,#2638,#2688,#2735,#2761,#2808,#2814,#2849,#2876,
    #2903,#2910,#2937,#2964,#2971,#3026,#3061,#3116));
#17 = ADVANCED_FACE('',(#18),#31,.T.);
#18 = FACE_BOUND('',#19,.T.);
#19 = EDGE_LOOP('',(#20,#54,#77,#104));
#20 = ORIENTED_EDGE('',*,*,#21,.F.);
#21 = EDGE_CURVE('',#22,#22,#24,.T.);
#22 = VERTEX_POINT('',#23);
#23 = CARTESIAN_POINT('',(34.,-7.347880794884E-15,-30.));
#24 = SURFACE_CURVE('',#25,(#30,#42),.PCURVE_S1.);
#25 = CIRCLE('',#26,30.);
#26 = AXIS2_PLACEMENT_3D('',#27,#28,#29);
#27 = CARTESIAN_POINT('',(34.,0.,7.549516567451E-15));
#28 = DIRECTION('',(1.,-0.,2.22044604925E-16));
#29 = DIRECTION('',(2.22044604925E-16,0.,-1.));
#30 = PCURVE('',#31,#36);
#31 = CYLINDRICAL_SURFACE('',#32,30.);
#32 = AXIS2_PLACEMENT_3D('',#33,#34,#35);
#33 = CARTESIAN_POINT('',(0.,0.,0.));
#34 = DIRECTION('',(1.,0.,2.22044604925E-16));
#35 = DIRECTION('',(2.22044604925E-16,0.,-1.));
#36 = DEFINITIONAL_REPRESENTATION('',(#37),#41);
#37 = LINE('',#38,#39);
#38 = CARTESIAN_POINT('',(0.,34.));
#39 = VECTOR('',#40,1.);
#40 = DIRECTION('',(1.,0.));
#41 = ( GEOMETRIC_REPRESENTATION_CONTEXT(2) 
PARAMETRIC_REPRESENTATION_CONTEXT() REPRESENTATION_CONTEXT('2D SPACE',''
  ) );
#42 = PCURVE('',#43,#48);
#43 = PLANE('',#44);
#44 = AXIS2_PLACEMENT_3D('',#45,#46,#47);
#45 = CARTESIAN_POINT('',(34.,0.,7.549516567451E-15));
#46 = DIRECTION('',(1.,0.,2.22044604925E-16));
#47 = DIRECTION('',(2.22044604925E-16,0.,-1.));
#48 = DEFINITIONAL_REPRESENTATION('',(#49),#53);
#49 = CIRCLE('',#50,30.);
#50 = AXIS2_PLACEMENT_2D('',#51,#52);
#51 = CARTESIAN_POINT('',(0.,0.));
#52 = DIRECTION('',(1.,0.));
#53 = ( GEOMETRIC_REPRESENTATION_CONTEXT(2) 
PARAMETRIC_REPRESENTATION_CONTEXT() REPRESENTATION_CONTEXT('2D SPACE',''
  ) );
#54 = ORIENTED_EDGE('',*,*,#55,.F.);
#55 = EDGE_CURVE('',#56,#22,#58,.T.);
#56 = VERTEX_POINT('',#57);
#57 = CARTESIAN_POINT('',(6.661338147751E-15,-7.347880794884E-15,-30.));
#58 = SEAM_CURVE('',#59,(#63,#70),.PCURVE_S1.);
#59 = LINE('',#60,#61);
#60 = CARTESIAN_POINT('',(6.661338147751E-15,-7.347880794884E-15,-30.));
#61 = VECTOR('',#62,1.);
#62 = DIRECTION('',(1.,0.,2.22044604925E-16));
#63 = PCURVE('',#31,#64);
#64 = DEFINITIONAL_REPRESENTATION('',(#65),#69);
#65 = LINE('',#66,#67);
#66 = CARTESIAN_POINT('',(6.28318530718,-0.));
#67 = VECTOR('',#68,1.);
#68 = DIRECTION('',(0.,1.));
#69 = ( GEOMETRIC_REPRESENTATION_CONTEXT(2) 
PARAMETRIC_REPRESENTATION_CONTEXT() REPRESENTATION_CONTEXT('2D SPACE',''
  ) );
#70 = PCURVE('',#31,#71);
#71 = DEFINITIONAL_REPRESENTATION('',(#72),#76);
#72 = LINE('',#73,#74);
#73 = CARTESIAN_POINT('',(0.,-0.));
#74 = VECTOR('',#75,1.);
#75 = DIRECTION('',(0.,1.));
#76 = ( GEOMETRIC_REPRESENTATION_CONTEXT(2) 
PARAMETRIC_REPRESENTATION_CONTEXT() REPRESENTATION_CONTEXT('2D SPACE',''
  ) );
#77 = ORIENTED_EDGE('',*,*,#78,.T.);
#78 = EDGE_CURVE('',#56,#56,#79,.T.);
#79 = SURFACE_CURVE('',#80,(#85,#92),.PCURVE_S1.);
#80 = CIRCLE('',#81,30.);
#81 = AXIS2_PLACEMENT_3D('',#82,#83,#84);
#82 = CARTESIAN_POINT('',(0.,0.,0.));
#83 = DIRECTION('',(1.,-0.,2.22044604925E-16));
#84 = DIRECTION('',(2.22044604925E-16,0.,-1.));
#85 = PCURVE('',#31,#86);
#86 = DEFINITIONAL_REPRESENTATION('',(#87),#91);
#87 = LINE('',#88,#89);
#88 = CARTESIAN_POINT('',(0.,0.));
#89 = VECTOR('',#90,1.);
#90 = DIRECTION('',(1.,0.));
#91 = ( GEOMETRIC_REPRESENTATION_CONTEXT(2) 
PARAMETRIC_REPRESENTATION_CONTEXT() REPRESENTATION_CONTEXT('2D SPACE',''
  ) );
#92 = PCURVE('',#93,#98);
#93 = PLANE('',#94);
#94 = AXIS2_PLACEMENT_3D('',#95,#96,#97);
#95 = CARTESIAN_POINT('',(0.,0.,0.));
#96 = DIRECTION('',(1.,0.,2.22044604925E-16));
#97 = DIRECTION('',(2.22044604925E-16,0.,-1.));
#98 = DEFINITIONAL_REPRESENTATION('',(#99),#103);
#99 = CIRCLE('',#100,30.);
#100 = AXIS2_PLACEMENT_2D('',#101,#102);
#101 = CARTESIAN_POINT('',(0.,0.));
#102 = DIRECTION('',(1.,0.));
#103 = ( GEOMETRIC_REPRESENTATION_CONTEXT(2) 
PARAMETRIC_REPRESENTATION_CONTEXT() REPRESENTATION_CONTEXT('2D SPACE',''
  ) );
#104 = ORIENTED_EDGE('',*,*,#55,.T.);
#105 = ADVANCED_FACE('',(#106,#109),#43,.T.);
#106 = FACE_BOUND('',#107,.T.);
#107 = EDGE_LOOP('',(#108));
#108 = ORIENTED_EDGE('',*,*,#21,.T.);
#109 = FACE_BOUND('',#110,.T.);
#110 = EDGE_LOOP('',(#111,#142,#166,#222,#248,#304,#328,#384,#410));
#111 = ORIENTED_EDGE('',*,*,#112,.F.);
#112 = EDGE_CURVE('',#113,#115,#117,.T.);
#113 = VERTEX_POINT('',#114);
#114 = CARTESIAN_POINT('',(34.,-4.40872847693E-15,-18.));
#115 = VERTEX_POINT('',#116);
#116 = CARTESIAN_POINT('',(34.,11.987440537818,-13.4276308168));
#117 = SURFACE_CURVE('',#118,(#123,#130),.PCURVE_S1.);
#118 = CIRCLE('',#119,18.);
#119 = AXIS2_PLACEMENT_3D('',#120,#121,#122);
#120 = CARTESIAN_POINT('',(34.,0.,7.549516567451E-15));
#121 = DIRECTION('',(1.,0.,2.22044604925E-16));
#122 = DIRECTION('',(2.22044604925E-16,0.,-1.));
#123 = PCURVE('',#43,#124);
#124 = DEFINITIONAL_REPRESENTATION('',(#125),#129);
#125 = CIRCLE('',#126,18.);
#126 = AXIS2_PLACEMENT_2D('',#127,#128);
#127 = CARTESIAN_POINT('',(0.,0.));
#128 = DIRECTION('',(1.,0.));
#129 = ( GEOMETRIC_REPRESENTATION_CONTEXT(2) 
PARAMETRIC_REPRESENTATION_CONTEXT() REPRESENTATION_CONTEXT('2D SPACE',''
  ) );
#130 = PCURVE('',#131,#136);
#131 = CYLINDRICAL_SURFACE('',#132,18.);
#132 = AXIS2_PLACEMENT_3D('',#133,#134,#135);
#133 = CARTESIAN_POINT('',(0.,0.,0.));
#134 = DIRECTION('',(1.,0.,2.22044604925E-16));
#135 = DIRECTION('',(2.22044604925E-16,0.,-1.));
#136 = DEFINITIONAL_REPRESENTATION('',(#137),#141);
#137 = LINE('',#138,#139);
#138 = CARTESIAN_POINT('',(0.,34.));
#139 = VECTOR('',#140,1.);
#140 = DIRECTION('',(1.,0.));
#141 = ( GEOMETRIC_REPRESENTATION_CONTEXT(2) 
PARAMETRIC_REPRESENTATION_CONTEXT() REPRESENTATION_CONTEXT('2D SPACE',''
  ) );
#142 = ORIENTED_EDGE('',*,*,#143,.F.);
#143 = EDGE_CURVE('',#144,#113,#146,.T.);
#144 = VERTEX_POINT('',#145);
#145 = CARTESIAN_POINT('',(34.,-11.98744053781,-13.4276308168));
#146 = SURFACE_CURVE('',#147,(#152,#159),.PCURVE_S1.);
#147 = CIRCLE('',#148,18.);
#148 = AXIS2_PLACEMENT_3D('',#149,#150,#151);
#149 = CARTESIAN_POINT('',(34.,0.,7.549516567451E-15));
#150 = DIRECTION('',(1.,0.,2.22044604925E-16));
#151 = DIRECTION('',(2.22044604925E-16,0.,-1.));
#152 = PCURVE('',#43,#153);
#153 = DEFINITIONAL_REPRESENTATION('',(#154),#158);
#154 = CIRCLE('',#155,18.);
#155 = AXIS2_PLACEMENT_2D('',#156,#157);
#156 = CARTESIAN_POINT('',(0.,0.));
#157 = DIRECTION('',(1.,0.));
#158 = ( GEOMETRIC_REPRESENTATION_CONTEXT(2) 
PARAMETRIC_REPRESENTATION_CONTEXT() REPRESENTATION_CONTEXT('2D SPACE',''
  ) );
#159 = PCURVE('',#131,#160);
#160 = DEFINITIONAL_REPRESENTATION('',(#161),#165);
#161 = LINE('',#162,#163);
#162 = CARTESIAN_POINT('',(0.,34.));
#163 = VECTOR('',#164,1.);
#164 = DIRECTION('',(1.,0.));
#165 = ( GEOMETRIC_REPRESENTATION_CONTEXT(2) 
PARAMETRIC_REPRESENTATION_CONTEXT() REPRESENTATION_CONTEXT('2D SPACE',''
  ) );
#166 = ORIENTED_EDGE('',*,*,#167,.F.);
#167 = EDGE_CURVE('',#168,#144,#170,.T.);
#168 = VERTEX_POINT('',#169);
#169 = CARTESIAN_POINT('',(34.,-19.48528137423,-5.));
#170 = SURFACE_CURVE('',#171,(#176,#183),.PCURVE_S1.);
#171 = CIRCLE('',#172,8.485281374239);
#172 = AXIS2_PLACEMENT_3D('',#173,#174,#175);
#173 = CARTESIAN_POINT('',(34.,-11.,-5.));
#174 = DIRECTION('',(1.,0.,2.22044604925E-16));
#175 = DIRECTION('',(-2.22044604925E-16,0.,1.));
#176 = PCURVE('',#43,#177);
#177 = DEFINITIONAL_REPRESENTATION('',(#178),#182);
#178 = CIRCLE('',#179,8.485281374239);
#179 = AXIS2_PLACEMENT_2D('',#180,#181);
#180 = CARTESIAN_POINT('',(5.,-11.));
#181 = DIRECTION('',(-1.,0.));
#182 = ( GEOMETRIC_REPRESENTATION_CONTEXT(2) 
PARAMETRIC_REPRESENTATION_CONTEXT() REPRESENTATION_CONTEXT('2D SPACE',''
  ) );
#183 = PCURVE('',#184,#189);
#184 = SPHERICAL_SURFACE('',#185,11.);
#185 = AXIS2_PLACEMENT_3D('',#186,#187,#188);
#186 = CARTESIAN_POINT('',(41.,-11.,-5.));
#187 = DIRECTION('',(0.,0.,1.));
#188 = DIRECTION('',(-1.,0.,0.));
#189 = DEFINITIONAL_REPRESENTATION('',(#190),#221);
#190 = B_SPLINE_CURVE_WITH_KNOTS('',8,(#191,#192,#193,#194,#195,#196,
    #197,#198,#199,#200,#201,#202,#203,#204,#205,#206,#207,#208,#209,
    #210,#211,#212,#213,#214,#215,#216,#217,#218,#219,#220),
  .UNSPECIFIED.,.F.,.F.,(9,7,7,7,9),(1.570796326795,1.963495408494,
    2.552544031042,2.847068342316,3.14159265359),.UNSPECIFIED.);
#191 = CARTESIAN_POINT('',(0.881021326009,8.074349270001E-17));
#192 = CARTESIAN_POINT('',(0.881021326009,-3.786547958658E-02));
#193 = CARTESIAN_POINT('',(0.879669542664,-7.57309517813E-02));
#194 = CARTESIAN_POINT('',(0.876965924732,-0.113540150595));
#195 = CARTESIAN_POINT('',(0.872892691281,-0.151236709746));
#196 = CARTESIAN_POINT('',(0.867414107252,-0.188762472204));
#197 = CARTESIAN_POINT('',(0.860475805244,-0.226055498514));
#198 = CARTESIAN_POINT('',(0.852003653524,-0.263047773896));
#199 = CARTESIAN_POINT('',(0.826749945368,-0.35458487446));
#200 = CARTESIAN_POINT('',(0.807931744698,-0.408657908098));
#201 = CARTESIAN_POINT('',(0.785125668527,-0.461622620477));
#202 = CARTESIAN_POINT('',(0.757902535975,-0.513176410198));
#203 = CARTESIAN_POINT('',(0.725718613441,-0.562948584818));
#204 = CARTESIAN_POINT('',(0.687915240124,-0.61048140929));
#205 = CARTESIAN_POINT('',(0.643742285152,-0.655174680951));
#206 = CARTESIAN_POINT('',(0.567157868848,-0.71686915889));
#207 = CARTESIAN_POINT('',(0.539908909983,-0.736543088354));
#208 = CARTESIAN_POINT('',(0.510874728445,-0.755235612533));
#209 = CARTESIAN_POINT('',(0.480006070551,-0.772848622775));
#210 = CARTESIAN_POINT('',(0.447277143747,-0.789276885408));
#211 = CARTESIAN_POINT('',(0.412701422272,-0.804410330618));
#212 = CARTESIAN_POINT('',(0.376347436725,-0.81813866025));
#213 = CARTESIAN_POINT('',(0.300346639376,-0.842578898713));
#214 = CARTESIAN_POINT('',(0.260699746452,-0.853290802308));
#215 = CARTESIAN_POINT('',(0.219538484235,-0.86239136564));
#216 = CARTESIAN_POINT('',(0.177056197245,-0.869784545434));
#217 = CARTESIAN_POINT('',(0.133518714747,-0.875388292004));
#218 = CARTESIAN_POINT('',(8.925428182506E-02,-0.879143638407));
#219 = CARTESIAN_POINT('',(4.462717236989E-02,-0.881021326009));
#220 = CARTESIAN_POINT('',(2.537652627715E-16,-0.881021326009));
#221 = ( GEOMETRIC_REPRESENTATION_CONTEXT(2) 
PARAMETRIC_REPRESENTATION_CONTEXT() REPRESENTATION_CONTEXT('2D SPACE',''
  ) );
#222 = ORIENTED_EDGE('',*,*,#223,.T.);
#223 = EDGE_CURVE('',#168,#224,#226,.T.);
#224 = VERTEX_POINT('',#225);
#225 = CARTESIAN_POINT('',(34.,-19.48528137423,5.));
#226 = SURFACE_CURVE('',#227,(#231,#237),.PCURVE_S1.);
#227 = LINE('',#228,#229);
#228 = CARTESIAN_POINT('',(34.,-19.48528137423,-16.));
#229 = VECTOR('',#230,1.);
#230 = DIRECTION('',(0.,0.,1.));
#231 = PCURVE('',#43,#232);
#232 = DEFINITIONAL_REPRESENTATION('',(#233),#236);
#233 = B_SPLINE_CURVE_WITH_KNOTS('',1,(#234,#235),.UNSPECIFIED.,.F.,.F.,
  (2,2),(10.9999994,21.0000006),.PIECEWISE_BEZIER_KNOTS.);
#234 = CARTESIAN_POINT('',(5.0000006,-19.48528137423));
#235 = CARTESIAN_POINT('',(-5.0000006,-19.48528137423));
#236 = ( GEOMETRIC_REPRESENTATION_CONTEXT(2) 
PARAMETRIC_REPRESENTATION_CONTEXT() REPRESENTATION_CONTEXT('2D SPACE',''
  ) );
#237 = PCURVE('',#238,#243);
#238 = CYLINDRICAL_SURFACE('',#239,11.);
#239 = AXIS2_PLACEMENT_3D('',#240,#241,#242);
#240 = CARTESIAN_POINT('',(41.,-11.,-16.));
#241 = DIRECTION('',(0.,0.,1.));
#242 = DIRECTION('',(-1.,-0.,0.));
#243 = DEFINITIONAL_REPRESENTATION('',(#244),#247);
#244 = B_SPLINE_CURVE_WITH_KNOTS('',1,(#245,#246),.UNSPECIFIED.,.F.,.F.,
  (2,2),(10.9999994,21.0000006),.PIECEWISE_BEZIER_KNOTS.);
#245 = CARTESIAN_POINT('',(0.881021326009,10.9999994));
#246 = CARTESIAN_POINT('',(0.881021326009,21.0000006));
#247 = ( GEOMETRIC_REPRESENTATION_CONTEXT(2) 
PARAMETRIC_REPRESENTATION_CONTEXT() REPRESENTATION_CONTEXT('2D SPACE',''
  ) );
#248 = ORIENTED_EDGE('',*,*,#249,.F.);
#249 = EDGE_CURVE('',#250,#224,#252,.T.);
#250 = VERTEX_POINT('',#251);
#251 = CARTESIAN_POINT('',(34.,-11.98744053781,13.4276308168));
#252 = SURFACE_CURVE('',#253,(#258,#265),.PCURVE_S1.);
#253 = CIRCLE('',#254,8.485281374239);
#254 = AXIS2_PLACEMENT_3D('',#255,#256,#257);
#255 = CARTESIAN_POINT('',(34.,-11.,5.));
#256 = DIRECTION('',(1.,0.,2.22044604925E-16));
#257 = DIRECTION('',(-2.22044604925E-16,0.,1.));
#258 = PCURVE('',#43,#259);
#259 = DEFINITIONAL_REPRESENTATION('',(#260),#264);
#260 = CIRCLE('',#261,8.485281374239);
#261 = AXIS2_PLACEMENT_2D('',#262,#263);
#262 = CARTESIAN_POINT('',(-5.,-11.));
#263 = DIRECTION('',(-1.,0.));
#264 = ( GEOMETRIC_REPRESENTATION_CONTEXT(2) 
PARAMETRIC_REPRESENTATION_CONTEXT() REPRESENTATION_CONTEXT('2D SPACE',''
  ) );
#265 = PCURVE('',#266,#271);
#266 = SPHERICAL_SURFACE('',#267,11.);
#267 = AXIS2_PLACEMENT_3D('',#268,#269,#270);
#268 = CARTESIAN_POINT('',(41.,-11.,5.));
#269 = DIRECTION('',(-0.,-0.,-1.));
#270 = DIRECTION('',(-1.,0.,0.));
#271 = DEFINITIONAL_REPRESENTATION('',(#272),#303);
#272 = B_SPLINE_CURVE_WITH_KNOTS('',8,(#273,#274,#275,#276,#277,#278,
    #279,#280,#281,#282,#283,#284,#285,#286,#287,#288,#289,#290,#291,
    #292,#293,#294,#295,#296,#297,#298,#299,#300,#301,#302),
  .UNSPECIFIED.,.F.,.F.,(9,7,7,7,9),(0.,0.392699081699,0.687223392973,
    1.129009859884,1.570796326795),.UNSPECIFIED.);
#273 = CARTESIAN_POINT('',(0.,-0.881021326009));
#274 = CARTESIAN_POINT('',(-5.950289649319E-02,-0.881021326009));
#275 = CARTESIAN_POINT('',(-0.119005752289,-0.877683205));
#276 = CARTESIAN_POINT('',(-0.177648369892,-0.871007113989));
#277 = CARTESIAN_POINT('',(-0.234568957924,-0.861085182989));
#278 = CARTESIAN_POINT('',(-0.289047897756,-0.848104994047));
#279 = CARTESIAN_POINT('',(-0.340639765222,-0.832308755138));
#280 = CARTESIAN_POINT('',(-0.389099619477,-0.813954506431));
#281 = CARTESIAN_POINT('',(-0.468267394354,-0.777805673156));
#282 = CARTESIAN_POINT('',(-0.500384597842,-0.761018278934));
#283 = CARTESIAN_POINT('',(-0.530651764905,-0.743043836032));
#284 = CARTESIAN_POINT('',(-0.559080314551,-0.723989094461));
#285 = CARTESIAN_POINT('',(-0.585715017023,-0.703955399201));
#286 = CARTESIAN_POINT('',(-0.610620896744,-0.683036258001));
#287 = CARTESIAN_POINT('',(-0.633873299524,-0.661316643586));
#288 = CARTESIAN_POINT('',(-0.688067860757,-0.605210110329));
#289 = CARTESIAN_POINT('',(-0.717041859798,-0.56991936383));
#290 = CARTESIAN_POINT('',(-0.742740265206,-0.533262927648));
#291 = CARTESIAN_POINT('',(-0.765449509197,-0.495461613979));
#292 = CARTESIAN_POINT('',(-0.785430764843,-0.45669975177));
#293 = CARTESIAN_POINT('',(-0.802908290475,-0.417132757432));
#294 = CARTESIAN_POINT('',(-0.818072183725,-0.376894906456));
#295 = CARTESIAN_POINT('',(-0.844081942694,-0.295312648567));
#296 = CARTESIAN_POINT('',(-0.854927801227,-0.253968271492));
#297 = CARTESIAN_POINT('',(-0.863769708138,-0.212188239062));
#298 = CARTESIAN_POINT('',(-0.870727505692,-0.170073999329));
#299 = CARTESIAN_POINT('',(-0.875888682047,-0.127715860526));
#300 = CARTESIAN_POINT('',(-0.879310492071,-8.519731247871E-02));
#301 = CARTESIAN_POINT('',(-0.881021326009,-4.25986645349E-02));
#302 = CARTESIAN_POINT('',(-0.881021326009,-8.074349270001E-17));
#303 = ( GEOMETRIC_REPRESENTATION_CONTEXT(2) 
PARAMETRIC_REPRESENTATION_CONTEXT() REPRESENTATION_CONTEXT('2D SPACE',''
  ) );
#304 = ORIENTED_EDGE('',*,*,#305,.F.);
#305 = EDGE_CURVE('',#306,#250,#308,.T.);
#306 = VERTEX_POINT('',#307);
#307 = CARTESIAN_POINT('',(34.,11.987440537818,13.4276308168));
#308 = SURFACE_CURVE('',#309,(#314,#321),.PCURVE_S1.);
#309 = CIRCLE('',#310,18.);
#310 = AXIS2_PLACEMENT_3D('',#311,#312,#313);
#311 = CARTESIAN_POINT('',(34.,0.,7.549516567451E-15));
#312 = DIRECTION('',(1.,0.,2.22044604925E-16));
#313 = DIRECTION('',(2.22044604925E-16,0.,-1.));
#314 = PCURVE('',#43,#315);
#315 = DEFINITIONAL_REPRESENTATION('',(#316),#320);
#316 = CIRCLE('',#317,18.);
#317 = AXIS2_PLACEMENT_2D('',#318,#319);
#318 = CARTESIAN_POINT('',(0.,0.));
#319 = DIRECTION('',(1.,0.));
#320 = ( GEOMETRIC_REPRESENTATION_CONTEXT(2) 
PARAMETRIC_REPRESENTATION_CONTEXT() REPRESENTATION_CONTEXT('2D SPACE',''
  ) );
#321 = PCURVE('',#131,#322);
#322 = DEFINITIONAL_REPRESENTATION('',(#323),#327);
#323 = LINE('',#324,#325);
#324 = CARTESIAN_POINT('',(0.,34.));
#325 = VECTOR('',#326,1.);
#326 = DIRECTION('',(1.,0.));
#327 = ( GEOMETRIC_REPRESENTATION_CONTEXT(2) 
PARAMETRIC_REPRESENTATION_CONTEXT() REPRESENTATION_CONTEXT('2D SPACE',''
  ) );
#328 = ORIENTED_EDGE('',*,*,#329,.F.);
#329 = EDGE_CURVE('',#330,#306,#332,.T.);
#330 = VERTEX_POINT('',#331);
#331 = CARTESIAN_POINT('',(34.,19.485281374239,5.));
#332 = SURFACE_CURVE('',#333,(#338,#345),.PCURVE_S1.);
#333 = CIRCLE('',#334,8.485281374239);
#334 = AXIS2_PLACEMENT_3D('',#335,#336,#337);
#335 = CARTESIAN_POINT('',(34.,11.,5.));
#336 = DIRECTION('',(1.,0.,2.22044604925E-16));
#337 = DIRECTION('',(-2.22044604925E-16,0.,1.));
#338 = PCURVE('',#43,#339);
#339 = DEFINITIONAL_REPRESENTATION('',(#340),#344);
#340 = CIRCLE('',#341,8.485281374239);
#341 = AXIS2_PLACEMENT_2D('',#342,#343);
#342 = CARTESIAN_POINT('',(-5.,11.));
#343 = DIRECTION('',(-1.,0.));
#344 = ( GEOMETRIC_REPRESENTATION_CONTEXT(2) 
PARAMETRIC_REPRESENTATION_CONTEXT() REPRESENTATION_CONTEXT('2D SPACE',''
  ) );
#345 = PCURVE('',#346,#351);
#346 = SPHERICAL_SURFACE('',#347,11.);
#347 = AXIS2_PLACEMENT_3D('',#348,#349,#350);
#348 = CARTESIAN_POINT('',(41.,11.,5.));
#349 = DIRECTION('',(0.,-1.,-0.));
#350 = DIRECTION('',(-1.,-0.,1.614869854E-16));
#351 = DEFINITIONAL_REPRESENTATION('',(#352),#383);
#352 = B_SPLINE_CURVE_WITH_KNOTS('',8,(#353,#354,#355,#356,#357,#358,
    #359,#360,#361,#362,#363,#364,#365,#366,#367,#368,#369,#370,#371,
    #372,#373,#374,#375,#376,#377,#378,#379,#380,#381,#382),
  .UNSPECIFIED.,.F.,.F.,(9,7,7,7,9),(4.712388980385,5.105088062083,
    5.399612373357,5.841398840269,6.28318530718),.UNSPECIFIED.);
#353 = CARTESIAN_POINT('',(8.881784197001E-16,-0.881021326009));
#354 = CARTESIAN_POINT('',(-5.950289649319E-02,-0.881021326009));
#355 = CARTESIAN_POINT('',(-0.119005752283,-0.877683204999));
#356 = CARTESIAN_POINT('',(-0.177648369864,-0.871007113995));
#357 = CARTESIAN_POINT('',(-0.234568957902,-0.861085182982));
#358 = CARTESIAN_POINT('',(-0.289047897732,-0.848104994051));
#359 = CARTESIAN_POINT('',(-0.340639765218,-0.832308755137));
#360 = CARTESIAN_POINT('',(-0.389099619477,-0.813954506431));
#361 = CARTESIAN_POINT('',(-0.468267394354,-0.777805673156));
#362 = CARTESIAN_POINT('',(-0.500384597842,-0.761018278934));
#363 = CARTESIAN_POINT('',(-0.530651764905,-0.743043836032));
#364 = CARTESIAN_POINT('',(-0.559080314551,-0.723989094461));
#365 = CARTESIAN_POINT('',(-0.585715017023,-0.703955399201));
#366 = CARTESIAN_POINT('',(-0.610620896744,-0.683036258001));
#367 = CARTESIAN_POINT('',(-0.633873299524,-0.661316643586));
#368 = CARTESIAN_POINT('',(-0.688067860757,-0.605210110329));
#369 = CARTESIAN_POINT('',(-0.717041859796,-0.56991936383));
#370 = CARTESIAN_POINT('',(-0.742740265207,-0.533262927648));
#371 = CARTESIAN_POINT('',(-0.765449509196,-0.495461613979));
#372 = CARTESIAN_POINT('',(-0.785430764841,-0.45669975177));
#373 = CARTESIAN_POINT('',(-0.802908290475,-0.417132757432));
#374 = CARTESIAN_POINT('',(-0.818072183725,-0.376894906456));
#375 = CARTESIAN_POINT('',(-0.844081942694,-0.295312648567));
#376 = CARTESIAN_POINT('',(-0.854927801226,-0.253968271492));
#377 = CARTESIAN_POINT('',(-0.863769708138,-0.212188239062));
#378 = CARTESIAN_POINT('',(-0.870727505692,-0.170073999329));
#379 = CARTESIAN_POINT('',(-0.875888682047,-0.127715860526));
#380 = CARTESIAN_POINT('',(-0.87931049207,-8.519731247871E-02));
#381 = CARTESIAN_POINT('',(-0.881021326009,-4.25986645349E-02));
#382 = CARTESIAN_POINT('',(-0.881021326009,-1.614869854E-16));
#383 = ( GEOMETRIC_REPRESENTATION_CONTEXT(2) 
PARAMETRIC_REPRESENTATION_CONTEXT() REPRESENTATION_CONTEXT('2D SPACE',''
  ) );
#384 = ORIENTED_EDGE('',*,*,#385,.F.);
#385 = EDGE_CURVE('',#386,#330,#388,.T.);
#386 = VERTEX_POINT('',#387);
#387 = CARTESIAN_POINT('',(34.,19.485281374239,-5.));
#388 = SURFACE_CURVE('',#389,(#393,#399),.PCURVE_S1.);
#389 = LINE('',#390,#391);
#390 = CARTESIAN_POINT('',(34.,19.485281374239,-16.));
#391 = VECTOR('',#392,1.);
#392 = DIRECTION('',(0.,0.,1.));
#393 = PCURVE('',#43,#394);
#394 = DEFINITIONAL_REPRESENTATION('',(#395),#398);
#395 = B_SPLINE_CURVE_WITH_KNOTS('',1,(#396,#397),.UNSPECIFIED.,.F.,.F.,
  (2,2),(10.9999994,21.0000006),.PIECEWISE_BEZIER_KNOTS.);
#396 = CARTESIAN_POINT('',(5.0000006,19.485281374239));
#397 = CARTESIAN_POINT('',(-5.0000006,19.485281374239));
#398 = ( GEOMETRIC_REPRESENTATION_CONTEXT(2) 
PARAMETRIC_REPRESENTATION_CONTEXT() REPRESENTATION_CONTEXT('2D SPACE',''
  ) );
#399 = PCURVE('',#400,#405);
#400 = CYLINDRICAL_SURFACE('',#401,11.);
#401 = AXIS2_PLACEMENT_3D('',#402,#403,#404);
#402 = CARTESIAN_POINT('',(41.,11.,-16.));
#403 = DIRECTION('',(0.,0.,1.));
#404 = DIRECTION('',(-1.,-0.,0.));
#405 = DEFINITIONAL_REPRESENTATION('',(#406),#409);
#406 = B_SPLINE_CURVE_WITH_KNOTS('',1,(#407,#408),.UNSPECIFIED.,.F.,.F.,
  (2,2),(10.9999994,21.0000006),.PIECEWISE_BEZIER_KNOTS.);
#407 = CARTESIAN_POINT('',(-0.881021326009,10.9999994));
#408 = CARTESIAN_POINT('',(-0.881021326009,21.0000006));
#409 = ( GEOMETRIC_REPRESENTATION_CONTEXT(2) 
PARAMETRIC_REPRESENTATION_CONTEXT() REPRESENTATION_CONTEXT('2D SPACE',''
  ) );
#410 = ORIENTED_EDGE('',*,*,#411,.F.);
#411 = EDGE_CURVE('',#115,#386,#412,.T.);
#412 = SURFACE_CURVE('',#413,(#418,#425),.PCURVE_S1.);
#413 = CIRCLE('',#414,8.485281374239);
#414 = AXIS2_PLACEMENT_3D('',#415,#416,#417);
#415 = CARTESIAN_POINT('',(34.,11.,-5.));
#416 = DIRECTION('',(1.,0.,2.22044604925E-16));
#417 = DIRECTION('',(-2.22044604925E-16,0.,1.));
#418 = PCURVE('',#43,#419);
#419 = DEFINITIONAL_REPRESENTATION('',(#420),#424);
#420 = CIRCLE('',#421,8.485281374239);
#421 = AXIS2_PLACEMENT_2D('',#422,#423);
#422 = CARTESIAN_POINT('',(5.,11.));
#423 = DIRECTION('',(-1.,0.));
#424 = ( GEOMETRIC_REPRESENTATION_CONTEXT(2) 
PARAMETRIC_REPRESENTATION_CONTEXT() REPRESENTATION_CONTEXT('2D SPACE',''
  ) );
#425 = PCURVE('',#426,#431);
#426 = SPHERICAL_SURFACE('',#427,11.);
#427 = AXIS2_PLACEMENT_3D('',#428,#429,#430);
#428 = CARTESIAN_POINT('',(41.,11.,-5.));
#429 = DIRECTION('',(0.,0.,1.));
#430 = DIRECTION('',(-1.,1.614869854E-16,0.));
#431 = DEFINITIONAL_REPRESENTATION('',(#432),#463);
#432 = B_SPLINE_CURVE_WITH_KNOTS('',8,(#433,#434,#435,#436,#437,#438,
    #439,#440,#441,#442,#443,#444,#445,#446,#447,#448,#449,#450,#451,
    #452,#453,#454,#455,#456,#457,#458,#459,#460,#461,#462),
  .UNSPECIFIED.,.F.,.F.,(9,7,7,7,9),(3.14159265359,3.534291735288,
    3.828816046563,4.270602513474,4.712388980385),.UNSPECIFIED.);
#433 = CARTESIAN_POINT('',(8.881784197001E-16,-0.881021326009));
#434 = CARTESIAN_POINT('',(-5.950289649319E-02,-0.881021326009));
#435 = CARTESIAN_POINT('',(-0.119005752281,-0.877683205));
#436 = CARTESIAN_POINT('',(-0.177648369889,-0.871007113994));
#437 = CARTESIAN_POINT('',(-0.234568957877,-0.861085182989));
#438 = CARTESIAN_POINT('',(-0.289047897761,-0.84810499405));
#439 = CARTESIAN_POINT('',(-0.340639765211,-0.832308755138));
#440 = CARTESIAN_POINT('',(-0.389099619477,-0.813954506431));
#441 = CARTESIAN_POINT('',(-0.468267394354,-0.777805673156));
#442 = CARTESIAN_POINT('',(-0.500384597842,-0.761018278934));
#443 = CARTESIAN_POINT('',(-0.530651764905,-0.743043836032));
#444 = CARTESIAN_POINT('',(-0.559080314551,-0.723989094461));
#445 = CARTESIAN_POINT('',(-0.585715017023,-0.703955399201));
#446 = CARTESIAN_POINT('',(-0.610620896744,-0.683036258001));
#447 = CARTESIAN_POINT('',(-0.633873299524,-0.661316643586));
#448 = CARTESIAN_POINT('',(-0.688067860757,-0.605210110329));
#449 = CARTESIAN_POINT('',(-0.717041859797,-0.56991936383));
#450 = CARTESIAN_POINT('',(-0.742740265205,-0.533262927648));
#451 = CARTESIAN_POINT('',(-0.765449509196,-0.495461613979));
#452 = CARTESIAN_POINT('',(-0.785430764843,-0.45669975177));
#453 = CARTESIAN_POINT('',(-0.802908290474,-0.417132757432));
#454 = CARTESIAN_POINT('',(-0.818072183725,-0.376894906456));
#455 = CARTESIAN_POINT('',(-0.844081942694,-0.295312648567));
#456 = CARTESIAN_POINT('',(-0.854927801226,-0.253968271492));
#457 = CARTESIAN_POINT('',(-0.863769708138,-0.212188239062));
#458 = CARTESIAN_POINT('',(-0.870727505692,-0.170073999329));
#459 = CARTESIAN_POINT('',(-0.875888682047,-0.127715860526));
#460 = CARTESIAN_POINT('',(-0.87931049207,-8.519731247871E-02));
#461 = CARTESIAN_POINT('',(-0.881021326009,-4.25986645349E-02));
#462 = CARTESIAN_POINT('',(-0.881021326009,-3.229739708E-16));
#463 = ( GEOMETRIC_REPRESENTATION_CONTEXT(2) 
PARAMETRIC_REPRESENTATION_CONTEXT() REPRESENTATION_CONTEXT('2D SPACE',''
  ) );
#464 = ADVANCED_FACE('',(#465),#93,.F.);
#465 = FACE_BOUND('',#466,.F.);
#466 = EDGE_LOOP('',(#467));
#467 = ORIENTED_EDGE('',*,*,#78,.T.);
#468 = ADVANCED_FACE('',(#469),#131,.T.);
#469 = FACE_BOUND('',#470,.T.);
#470 = EDGE_LOOP('',(#471,#472,#495,#522,#523,#524,#556,#617,#643,#704,
    #819,#874,#974,#1035,#1061,#1122,#1152,#1153,#1185,#1246,#1272,#1333
    ,#1448,#1503,#1618,#1679,#1705,#1766));
#471 = ORIENTED_EDGE('',*,*,#143,.T.);
#472 = ORIENTED_EDGE('',*,*,#473,.T.);
#473 = EDGE_CURVE('',#113,#474,#476,.T.);
#474 = VERTEX_POINT('',#475);
#475 = CARTESIAN_POINT('',(150.,-4.40872847693E-15,-18.));
#476 = SEAM_CURVE('',#477,(#481,#488),.PCURVE_S1.);
#477 = LINE('',#478,#479);
#478 = CARTESIAN_POINT('',(3.996802888651E-15,-4.40872847693E-15,-18.));
#479 = VECTOR('',#480,1.);
#480 = DIRECTION('',(1.,0.,2.22044604925E-16));
#481 = PCURVE('',#131,#482);
#482 = DEFINITIONAL_REPRESENTATION('',(#483),#487);
#483 = LINE('',#484,#485);
#484 = CARTESIAN_POINT('',(0.,-0.));
#485 = VECTOR('',#486,1.);
#486 = DIRECTION('',(0.,1.));
#487 = ( GEOMETRIC_REPRESENTATION_CONTEXT(2) 
PARAMETRIC_REPRESENTATION_CONTEXT() REPRESENTATION_CONTEXT('2D SPACE',''
  ) );
#488 = PCURVE('',#131,#489);
#489 = DEFINITIONAL_REPRESENTATION('',(#490),#494);
#490 = LINE('',#491,#492);
#491 = CARTESIAN_POINT('',(6.28318530718,-0.));
#492 = VECTOR('',#493,1.);
#493 = DIRECTION('',(0.,1.));
#494 = ( GEOMETRIC_REPRESENTATION_CONTEXT(2) 
PARAMETRIC_REPRESENTATION_CONTEXT() REPRESENTATION_CONTEXT('2D SPACE',''
  ) );
#495 = ORIENTED_EDGE('',*,*,#496,.F.);
#496 = EDGE_CURVE('',#474,#474,#497,.T.);
#497 = SURFACE_CURVE('',#498,(#503,#510),.PCURVE_S1.);
#498 = CIRCLE('',#499,18.);
#499 = AXIS2_PLACEMENT_3D('',#500,#501,#502);
#500 = CARTESIAN_POINT('',(150.,0.,3.330669073875E-14));
#501 = DIRECTION('',(1.,-0.,2.22044604925E-16));
#502 = DIRECTION('',(2.22044604925E-16,0.,-1.));
#503 = PCURVE('',#131,#504);
#504 = DEFINITIONAL_REPRESENTATION('',(#505),#509);
#505 = LINE('',#506,#507);
#506 = CARTESIAN_POINT('',(0.,150.));
#507 = VECTOR('',#508,1.);
#508 = DIRECTION('',(1.,0.));
#509 = ( GEOMETRIC_REPRESENTATION_CONTEXT(2) 
PARAMETRIC_REPRESENTATION_CONTEXT() REPRESENTATION_CONTEXT('2D SPACE',''
  ) );
#510 = PCURVE('',#511,#516);
#511 = PLANE('',#512);
#512 = AXIS2_PLACEMENT_3D('',#513,#514,#515);
#513 = CARTESIAN_POINT('',(150.,0.,0.));
#514 = DIRECTION('',(1.,0.,2.22044604925E-16));
#515 = DIRECTION('',(2.22044604925E-16,0.,-1.));
#516 = DEFINITIONAL_REPRESENTATION('',(#517),#521);
#517 = CIRCLE('',#518,18.);
#518 = AXIS2_PLACEMENT_2D('',#519,#520);
#519 = CARTESIAN_POINT('',(-3.330669073875E-14,0.));
#520 = DIRECTION('',(1.,0.));
#521 = ( GEOMETRIC_REPRESENTATION_CONTEXT(2) 
PARAMETRIC_REPRESENTATION_CONTEXT() REPRESENTATION_CONTEXT('2D SPACE',''
  ) );
#522 = ORIENTED_EDGE('',*,*,#473,.F.);
#523 = ORIENTED_EDGE('',*,*,#112,.T.);
#524 = ORIENTED_EDGE('',*,*,#525,.F.);
#525 = EDGE_CURVE('',#526,#115,#528,.T.);
#526 = VERTEX_POINT('',#527);
#527 = CARTESIAN_POINT('',(35.043653092058,11.,-14.24780684877));
#528 = SURFACE_CURVE('',#529,(#536,#546),.PCURVE_S1.);
#529 = B_SPLINE_CURVE_WITH_KNOTS('',5,(#530,#531,#532,#533,#534,#535),
  .UNSPECIFIED.,.F.,.F.,(6,6),(0.,1.),.PIECEWISE_BEZIER_KNOTS.);
#530 = CARTESIAN_POINT('',(35.043653092058,11.,-14.24780684877));
#531 = CARTESIAN_POINT('',(34.821664042903,11.185194514327,
    -14.10482767456));
#532 = CARTESIAN_POINT('',(34.6057728243,11.377292618605,-13.95171597944
    ));
#533 = CARTESIAN_POINT('',(34.396487877466,11.575593009986,
    -13.78805684458));
#534 = CARTESIAN_POINT('',(34.194367753418,11.779283181309,
    -13.61346212301));
#535 = CARTESIAN_POINT('',(33.9999994,11.987441180386,-13.42763024315));
#536 = PCURVE('',#131,#537);
#537 = DEFINITIONAL_REPRESENTATION('',(#538),#545);
#538 = B_SPLINE_CURVE_WITH_KNOTS('',5,(#539,#540,#541,#542,#543,#544),
  .UNSPECIFIED.,.F.,.F.,(6,6),(0.,1.),.PIECEWISE_BEZIER_KNOTS.);
#539 = CARTESIAN_POINT('',(0.657463556382,35.043653092058));
#540 = CARTESIAN_POINT('',(0.670461663128,34.821664042903));
#541 = CARTESIAN_POINT('',(0.684107360576,34.6057728243));
#542 = CARTESIAN_POINT('',(0.698388458972,34.396487877466));
#543 = CARTESIAN_POINT('',(0.713289754371,34.194367753418));
#544 = CARTESIAN_POINT('',(0.728791968485,33.9999994));
#545 = ( GEOMETRIC_REPRESENTATION_CONTEXT(2) 
PARAMETRIC_REPRESENTATION_CONTEXT() REPRESENTATION_CONTEXT('2D SPACE',''
  ) );
#546 = PCURVE('',#426,#547);
#547 = DEFINITIONAL_REPRESENTATION('',(#548),#555);
#548 = B_SPLINE_CURVE_WITH_KNOTS('',5,(#549,#550,#551,#552,#553,#554),
  .UNSPECIFIED.,.F.,.F.,(6,6),(0.,1.),.PIECEWISE_BEZIER_KNOTS.);
#549 = CARTESIAN_POINT('',(0.,-0.998592569184));
#550 = CARTESIAN_POINT('',(-3.109196243762E-02,-0.974588061652));
#551 = CARTESIAN_POINT('',(-6.044617305533E-02,-0.950000741633));
#552 = CARTESIAN_POINT('',(-8.830164576232E-02,-0.9248405643));
#553 = CARTESIAN_POINT('',(-0.11482215848,-0.899113221027));
#554 = CARTESIAN_POINT('',(-0.140138368078,-0.872826064683));
#555 = ( GEOMETRIC_REPRESENTATION_CONTEXT(2) 
PARAMETRIC_REPRESENTATION_CONTEXT() REPRESENTATION_CONTEXT('2D SPACE',''
  ) );
#556 = ORIENTED_EDGE('',*,*,#557,.F.);
#557 = EDGE_CURVE('',#558,#526,#560,.T.);
#558 = VERTEX_POINT('',#559);
#559 = CARTESIAN_POINT('',(41.,8.246211251235,-16.));
#560 = SURFACE_CURVE('',#561,(#576,#594),.PCURVE_S1.);
#561 = B_SPLINE_CURVE_WITH_KNOTS('',7,(#562,#563,#564,#565,#566,#567,
    #568,#569,#570,#571,#572,#573,#574,#575),.UNSPECIFIED.,.F.,.F.,(8,6,
    8),(0.,0.390852292638,1.),.UNSPECIFIED.);
#562 = CARTESIAN_POINT('',(41.,8.246211251235,-16.));
#563 = CARTESIAN_POINT('',(40.615425380156,8.246211251235,-16.));
#564 = CARTESIAN_POINT('',(40.23394277673,8.276646874572,-15.98431393922
    ));
#565 = CARTESIAN_POINT('',(39.856415228806,8.336636476052,-15.9533954936
    ));
#566 = CARTESIAN_POINT('',(39.483881741293,8.424280436379,
    -15.90776457053));
#567 = CARTESIAN_POINT('',(39.117828083713,8.536624124447,
    -15.84808879241));
#568 = CARTESIAN_POINT('',(38.760373149589,8.669697710344,
    -15.77547185936));
#569 = CARTESIAN_POINT('',(37.87511140076,9.05064199408,-15.5613859943)
  );
#570 = CARTESIAN_POINT('',(37.357250351666,9.323877568468,
    -15.40256341618));
#571 = CARTESIAN_POINT('',(36.859451930813,9.627080568901,-15.2180800045
    ));
#572 = CARTESIAN_POINT('',(36.380876748353,9.951123217777,
    -15.00983903957));
#573 = CARTESIAN_POINT('',(35.920183441542,10.289872141945,
    -14.7791184294));
#574 = CARTESIAN_POINT('',(35.47523498413,10.63995248769,-14.52578106964
    ));
#575 = CARTESIAN_POINT('',(35.043652379355,11.000000597286,
    -14.24780638973));
#576 = PCURVE('',#131,#577);
#577 = DEFINITIONAL_REPRESENTATION('',(#578),#593);
#578 = B_SPLINE_CURVE_WITH_KNOTS('',7,(#579,#580,#581,#582,#583,#584,
    #585,#586,#587,#588,#589,#590,#591,#592),.UNSPECIFIED.,.F.,.F.,(8,6,
    8),(0.,0.390852292638,1.),.UNSPECIFIED.);
#579 = CARTESIAN_POINT('',(0.47588224966,41.));
#580 = CARTESIAN_POINT('',(0.47588224966,40.615425380156));
#581 = CARTESIAN_POINT('',(0.477784474333,40.23394277673));
#582 = CARTESIAN_POINT('',(0.481533832867,39.856415228806));
#583 = CARTESIAN_POINT('',(0.487023310238,39.483881741294));
#584 = CARTESIAN_POINT('',(0.494089923749,39.117828083713));
#585 = CARTESIAN_POINT('',(0.502511351194,38.760373149589));
#586 = CARTESIAN_POINT('',(0.526788004164,37.87511140076));
#587 = CARTESIAN_POINT('',(0.544344022412,37.357250351666));
#588 = CARTESIAN_POINT('',(0.564055089812,36.859451930813));
#589 = CARTESIAN_POINT('',(0.585441635864,36.380876748353));
#590 = CARTESIAN_POINT('',(0.608197542363,35.920183441542));
#591 = CARTESIAN_POINT('',(0.632193174036,35.47523498413));
#592 = CARTESIAN_POINT('',(0.657463598112,35.043652379355));
#593 = ( GEOMETRIC_REPRESENTATION_CONTEXT(2) 
PARAMETRIC_REPRESENTATION_CONTEXT() REPRESENTATION_CONTEXT('2D SPACE',''
  ) );
#594 = PCURVE('',#595,#600);
#595 = CYLINDRICAL_SURFACE('',#596,11.);
#596 = AXIS2_PLACEMENT_3D('',#597,#598,#599);
#597 = CARTESIAN_POINT('',(41.,-22.,-5.));
#598 = DIRECTION('',(-0.,1.,0.));
#599 = DIRECTION('',(-1.,-0.,0.));
#600 = DEFINITIONAL_REPRESENTATION('',(#601),#616);
#601 = B_SPLINE_CURVE_WITH_KNOTS('',7,(#602,#603,#604,#605,#606,#607,
    #608,#609,#610,#611,#612,#613,#614,#615),.UNSPECIFIED.,.F.,.F.,(8,6,
    8),(0.,0.390852292638,1.),.UNSPECIFIED.);
#602 = CARTESIAN_POINT('',(-1.570796326795,30.246211251235));
#603 = CARTESIAN_POINT('',(-1.535834997718,30.246211251235));
#604 = CARTESIAN_POINT('',(-1.501154766804,30.276646874572));
#605 = CARTESIAN_POINT('',(-1.466764254725,30.336636476052));
#606 = CARTESIAN_POINT('',(-1.432693305294,30.424280436379));
#607 = CARTESIAN_POINT('',(-1.399017551788,30.536624124447));
#608 = CARTESIAN_POINT('',(-1.365880391213,30.669697710344));
#609 = CARTESIAN_POINT('',(-1.283082163822,31.05064199408));
#610 = CARTESIAN_POINT('',(-1.233929061317,31.323877573069));
#611 = CARTESIAN_POINT('',(-1.185791043031,31.627080553831));
#612 = CARTESIAN_POINT('',(-1.138472061408,31.951123239145));
#613 = CARTESIAN_POINT('',(-1.091738481716,32.289872127261));
#614 = CARTESIAN_POINT('',(-1.045261138343,32.639952490404));
#615 = CARTESIAN_POINT('',(-0.998592492117,33.0000006));
#616 = ( GEOMETRIC_REPRESENTATION_CONTEXT(2) 
PARAMETRIC_REPRESENTATION_CONTEXT() REPRESENTATION_CONTEXT('2D SPACE',''
  ) );
#617 = ORIENTED_EDGE('',*,*,#618,.T.);
#618 = EDGE_CURVE('',#558,#619,#621,.T.);
#619 = VERTEX_POINT('',#620);
#620 = CARTESIAN_POINT('',(109.,8.246211251235,-16.));
#621 = SURFACE_CURVE('',#622,(#626,#632),.PCURVE_S1.);
#622 = LINE('',#623,#624);
#623 = CARTESIAN_POINT('',(0.,8.246211251235,-16.));
#624 = VECTOR('',#625,1.);
#625 = DIRECTION('',(1.,0.,2.22044604925E-16));
#626 = PCURVE('',#131,#627);
#627 = DEFINITIONAL_REPRESENTATION('',(#628),#631);
#628 = B_SPLINE_CURVE_WITH_KNOTS('',1,(#629,#630),.UNSPECIFIED.,.F.,.F.,
  (2,2),(34.2,115.8),.PIECEWISE_BEZIER_KNOTS.);
#629 = CARTESIAN_POINT('',(0.47588224966,34.2));
#630 = CARTESIAN_POINT('',(0.47588224966,115.8));
#631 = ( GEOMETRIC_REPRESENTATION_CONTEXT(2) 
PARAMETRIC_REPRESENTATION_CONTEXT() REPRESENTATION_CONTEXT('2D SPACE',''
  ) );
#632 = PCURVE('',#633,#638);
#633 = PLANE('',#634);
#634 = AXIS2_PLACEMENT_3D('',#635,#636,#637);
#635 = CARTESIAN_POINT('',(30.,-22.,-16.));
#636 = DIRECTION('',(0.,0.,1.));
#637 = DIRECTION('',(1.,0.,-0.));
#638 = DEFINITIONAL_REPRESENTATION('',(#639),#642);
#639 = B_SPLINE_CURVE_WITH_KNOTS('',1,(#640,#641),.UNSPECIFIED.,.F.,.F.,
  (2,2),(34.2,115.8),.PIECEWISE_BEZIER_KNOTS.);
#640 = CARTESIAN_POINT('',(4.2,30.246211251235));
#641 = CARTESIAN_POINT('',(85.8,30.246211251235));
#642 = ( GEOMETRIC_REPRESENTATION_CONTEXT(2) 
PARAMETRIC_REPRESENTATION_CONTEXT() REPRESENTATION_CONTEXT('2D SPACE',''
  ) );
#643 = ORIENTED_EDGE('',*,*,#644,.T.);
#644 = EDGE_CURVE('',#619,#645,#647,.T.);
#645 = VERTEX_POINT('',#646);
#646 = CARTESIAN_POINT('',(114.95634690794,11.,-14.24780684877));
#647 = SURFACE_CURVE('',#648,(#663,#681),.PCURVE_S1.);
#648 = B_SPLINE_CURVE_WITH_KNOTS('',7,(#649,#650,#651,#652,#653,#654,
    #655,#656,#657,#658,#659,#660,#661,#662),.UNSPECIFIED.,.F.,.F.,(8,6,
    8),(0.,0.39018807404,1.),.UNSPECIFIED.);
#649 = CARTESIAN_POINT('',(109.,8.246211251235,-16.));
#650 = CARTESIAN_POINT('',(109.38392559075,8.246211251235,-16.));
#651 = CARTESIAN_POINT('',(109.76481995275,8.276544234191,
    -15.98436684122));
#652 = CARTESIAN_POINT('',(110.14179818508,8.336347320198,
    -15.95354451807));
#653 = CARTESIAN_POINT('',(110.51380354784,8.423733799268,
    -15.90804941598));
#654 = CARTESIAN_POINT('',(110.87933626941,8.535757080452,
    -15.84854935256));
#655 = CARTESIAN_POINT('',(111.23626726006,8.668452908561,
    -15.77615046956));
#656 = CARTESIAN_POINT('',(112.1216710941,9.048946360444,-15.56237136411
    ));
#657 = CARTESIAN_POINT('',(112.64016012778,9.322302253502,
    -15.40352152257));
#658 = CARTESIAN_POINT('',(113.13855553319,9.625730527243,
    -15.21894725677));
#659 = CARTESIAN_POINT('',(113.6176953737,9.950071529152,-15.01055637341
    ));
#660 = CARTESIAN_POINT('',(114.07891223773,10.289159753445,
    -14.77963467035));
#661 = CARTESIAN_POINT('',(114.52433549169,10.639594157265,
    -14.52605771846));
#662 = CARTESIAN_POINT('',(114.95634761972,11.000000596902,
    -14.24780639032));
#663 = PCURVE('',#131,#664);
#664 = DEFINITIONAL_REPRESENTATION('',(#665),#680);
#665 = B_SPLINE_CURVE_WITH_KNOTS('',7,(#666,#667,#668,#669,#670,#671,
    #672,#673,#674,#675,#676,#677,#678,#679),.UNSPECIFIED.,.F.,.F.,(8,6,
    8),(0.,0.39018807404,1.),.UNSPECIFIED.);
#666 = CARTESIAN_POINT('',(0.47588224966,109.));
#667 = CARTESIAN_POINT('',(0.47588224966,109.38392559075));
#668 = CARTESIAN_POINT('',(0.477778059261,109.76481995275));
#669 = CARTESIAN_POINT('',(0.481515760688,110.14179818508));
#670 = CARTESIAN_POINT('',(0.486989066165,110.51380354784));
#671 = CARTESIAN_POINT('',(0.494035384827,110.87933626941));
#672 = CARTESIAN_POINT('',(0.502432593236,111.23626726006));
#673 = CARTESIAN_POINT('',(0.52667906255,112.1216710941));
#674 = CARTESIAN_POINT('',(0.544241623511,112.64016012778));
#675 = CARTESIAN_POINT('',(0.563965997714,113.13855553319));
#676 = CARTESIAN_POINT('',(0.585370957289,113.6176953737));
#677 = CARTESIAN_POINT('',(0.608148688075,114.07891223773));
#678 = CARTESIAN_POINT('',(0.632168024143,114.52433549169));
#679 = CARTESIAN_POINT('',(0.657463598059,114.95634761972));
#680 = ( GEOMETRIC_REPRESENTATION_CONTEXT(2) 
PARAMETRIC_REPRESENTATION_CONTEXT() REPRESENTATION_CONTEXT('2D SPACE',''
  ) );
#681 = PCURVE('',#682,#687);
#682 = CYLINDRICAL_SURFACE('',#683,11.);
#683 = AXIS2_PLACEMENT_3D('',#684,#685,#686);
#684 = CARTESIAN_POINT('',(109.,-22.,-5.));
#685 = DIRECTION('',(-0.,1.,0.));
#686 = DIRECTION('',(1.,0.,-0.));
#687 = DEFINITIONAL_REPRESENTATION('',(#688),#703);
#688 = B_SPLINE_CURVE_WITH_KNOTS('',7,(#689,#690,#691,#692,#693,#694,
    #695,#696,#697,#698,#699,#700,#701,#702),.UNSPECIFIED.,.F.,.F.,(8,6,
    8),(0.,0.39018807404,1.),.UNSPECIFIED.);
#689 = CARTESIAN_POINT('',(1.570796326795,30.246211251235));
#690 = CARTESIAN_POINT('',(1.535894000363,30.246211251235));
#691 = CARTESIAN_POINT('',(1.501267246114,30.276544234191));
#692 = CARTESIAN_POINT('',(1.466927024131,30.336347320198));
#693 = CARTESIAN_POINT('',(1.432905029357,30.423733799268));
#694 = CARTESIAN_POINT('',(1.399278404503,30.535757080452));
#695 = CARTESIAN_POINT('',(1.366191754449,30.668452908561));
#696 = CARTESIAN_POINT('',(1.283387521752,31.048946360444));
#697 = CARTESIAN_POINT('',(1.23417942264,31.32230225971));
#698 = CARTESIAN_POINT('',(1.185988054189,31.625730508242));
#699 = CARTESIAN_POINT('',(1.138616992313,31.950071554972));
#700 = CARTESIAN_POINT('',(1.091833012018,32.289159736214));
#701 = CARTESIAN_POINT('',(1.0453075844,32.639594160363));
#702 = CARTESIAN_POINT('',(0.998592492216,33.0000006));
#703 = ( GEOMETRIC_REPRESENTATION_CONTEXT(2) 
PARAMETRIC_REPRESENTATION_CONTEXT() REPRESENTATION_CONTEXT('2D SPACE',''
  ) );
#704 = ORIENTED_EDGE('',*,*,#705,.F.);
#705 = EDGE_CURVE('',#706,#645,#708,.T.);
#706 = VERTEX_POINT('',#707);
#707 = CARTESIAN_POINT('',(118.02305725613,17.291616465791,-5.));
#708 = SURFACE_CURVE('',#709,(#742,#778),.PCURVE_S1.);
#709 = B_SPLINE_CURVE_WITH_KNOTS('',6,(#710,#711,#712,#713,#714,#715,
    #716,#717,#718,#719,#720,#721,#722,#723,#724,#725,#726,#727,#728,
    #729,#730,#731,#732,#733,#734,#735,#736,#737,#738,#739,#740,#741),
  .UNSPECIFIED.,.F.,.F.,(7,5,5,5,5,5,7),(0.,0.20416904479,0.40153820242,
    0.492124202751,0.643715466534,0.807138649984,1.),.UNSPECIFIED.);
#710 = CARTESIAN_POINT('',(118.02305725613,17.291616465791,-5.));
#711 = CARTESIAN_POINT('',(118.10538711326,17.173543945187,
    -5.408332948286));
#712 = CARTESIAN_POINT('',(118.17203266907,17.042211672522,
    -5.819160016586));
#713 = CARTESIAN_POINT('',(118.22242365389,16.89751230285,
    -6.230526304607));
#714 = CARTESIAN_POINT('',(118.25617037282,16.739630309843,
    -6.64045383931));
#715 = CARTESIAN_POINT('',(118.27304742311,16.56908171216,
    -7.046961084369));
#716 = CARTESIAN_POINT('',(118.27307355452,16.210528191555,
    -7.835827293328));
#717 = CARTESIAN_POINT('',(118.25732724154,16.023265036787,
    -8.21860297052));
#718 = CARTESIAN_POINT('',(118.22581804004,15.825786260989,
    -8.594618535531));
#719 = CARTESIAN_POINT('',(118.17874324298,15.619126387807,
    -8.962337413897));
#720 = CARTESIAN_POINT('',(118.1164462501,15.404511401847,
    -9.320440991585));
#721 = CARTESIAN_POINT('',(118.00408232224,15.081807796891,
    -9.827247746296));
#722 = CARTESIAN_POINT('',(117.96563233173,14.978901853828,
    -9.984427496929));
#723 = CARTESIAN_POINT('',(117.92412716953,14.874737399966,
    -10.13925111549));
#724 = CARTESIAN_POINT('',(117.87961888113,14.769447896247,
    -10.29162958801));
#725 = CARTESIAN_POINT('',(117.83216381567,14.663169031717,
    -10.44148646548));
#726 = CARTESIAN_POINT('',(117.69757699916,14.376758435217,
    -10.83520628879));
#727 = CARTESIAN_POINT('',(117.60524687991,14.195090423686,
    -11.07441382106));
#728 = CARTESIAN_POINT('',(117.5051123073,14.011674875711,
    -11.30607514048));
#729 = CARTESIAN_POINT('',(117.39747606254,13.827150714505,
    -11.5299889546));
#730 = CARTESIAN_POINT('',(117.28265345347,13.642142978672,
    -11.74603941045));
#731 = CARTESIAN_POINT('',(117.02977418546,13.257928549908,
    -12.17856348972));
#732 = CARTESIAN_POINT('',(116.8906032737,13.058740118267,
    -12.39375456545));
#733 = CARTESIAN_POINT('',(116.74384616895,12.860432949306,
    -12.59969868205));
#734 = CARTESIAN_POINT('',(116.58990123777,12.663717830345,
    -12.79643487236));
#735 = CARTESIAN_POINT('',(116.42916041108,12.469261274937,
    -12.98407338968));
#736 = CARTESIAN_POINT('',(116.06472909761,12.051582663238,
    -13.37366626634));
#737 = CARTESIAN_POINT('',(115.85852171411,11.829493278233,
    -13.57210661385));
#738 = CARTESIAN_POINT('',(115.64399274717,11.612413768334,
    -13.75836730072));
#739 = CARTESIAN_POINT('',(115.42174163625,11.401265502251,
    -13.93279948918));
#740 = CARTESIAN_POINT('',(115.19234467293,11.196881294982,
    -14.09580491136));
#741 = CARTESIAN_POINT('',(114.95634690794,11.,-14.24780684877));
#742 = PCURVE('',#131,#743);
#743 = DEFINITIONAL_REPRESENTATION('',(#744),#777);
#744 = B_SPLINE_CURVE_WITH_KNOTS('',6,(#745,#746,#747,#748,#749,#750,
    #751,#752,#753,#754,#755,#756,#757,#758,#759,#760,#761,#762,#763,
    #764,#765,#766,#767,#768,#769,#770,#771,#772,#773,#774,#775,#776),
  .UNSPECIFIED.,.F.,.F.,(7,5,5,5,5,5,7),(0.,0.20416904479,0.40153820242,
    0.492124202751,0.643715466534,0.807138649984,1.),.UNSPECIFIED.);
#745 = CARTESIAN_POINT('',(1.289316253564,118.02305725613));
#746 = CARTESIAN_POINT('',(1.265701749443,118.10538711326));
#747 = CARTESIAN_POINT('',(1.241749510374,118.17203266907));
#748 = CARTESIAN_POINT('',(1.217538507885,118.22242365389));
#749 = CARTESIAN_POINT('',(1.193150058113,118.25617037282));
#750 = CARTESIAN_POINT('',(1.168669814656,118.27304742311));
#751 = CARTESIAN_POINT('',(1.12052937829,118.27307355452));
#752 = CARTESIAN_POINT('',(1.096865160972,118.25732724154));
#753 = CARTESIAN_POINT('',(1.073284162765,118.22581804004));
#754 = CARTESIAN_POINT('',(1.049864012649,118.17874324298));
#755 = CARTESIAN_POINT('',(1.026678639394,118.1164462501));
#756 = CARTESIAN_POINT('',(0.993299471681,118.00408232224));
#757 = CARTESIAN_POINT('',(0.982863092864,117.96563233173));
#758 = CARTESIAN_POINT('',(0.972497489599,117.92412716953));
#759 = CARTESIAN_POINT('',(0.962208861681,117.87961888113));
#760 = CARTESIAN_POINT('',(0.952003048461,117.83216381567));
#761 = CARTESIAN_POINT('',(0.924954490784,117.69757699916));
#762 = CARTESIAN_POINT('',(0.908270693318,117.60524687991));
#763 = CARTESIAN_POINT('',(0.891860047192,117.5051123073));
#764 = CARTESIAN_POINT('',(0.875745072515,117.39747606254));
#765 = CARTESIAN_POINT('',(0.859945496167,117.28265345347));
#766 = CARTESIAN_POINT('',(0.827804900014,117.02977418546));
#767 = CARTESIAN_POINT('',(0.811517823556,116.8906032737));
#768 = CARTESIAN_POINT('',(0.795638966867,116.74384616895));
#769 = CARTESIAN_POINT('',(0.780186579053,116.58990123777));
#770 = CARTESIAN_POINT('',(0.765176224657,116.42916041108));
#771 = CARTESIAN_POINT('',(0.733444418739,116.06472909761));
#772 = CARTESIAN_POINT('',(0.716902142788,115.85852171411));
#773 = CARTESIAN_POINT('',(0.701015790954,115.64399274717));
#774 = CARTESIAN_POINT('',(0.685803791358,115.42174163625));
#775 = CARTESIAN_POINT('',(0.671281914328,115.19234467293));
#776 = CARTESIAN_POINT('',(0.657463556382,114.95634690794));
#777 = ( GEOMETRIC_REPRESENTATION_CONTEXT(2) 
PARAMETRIC_REPRESENTATION_CONTEXT() REPRESENTATION_CONTEXT('2D SPACE',''
  ) );
#778 = PCURVE('',#779,#784);
#779 = SPHERICAL_SURFACE('',#780,11.);
#780 = AXIS2_PLACEMENT_3D('',#781,#782,#783);
#781 = CARTESIAN_POINT('',(109.,11.,-5.));
#782 = DIRECTION('',(0.,0.,1.));
#783 = DIRECTION('',(1.,1.614869854E-16,-0.));
#784 = DEFINITIONAL_REPRESENTATION('',(#785),#818);
#785 = B_SPLINE_CURVE_WITH_KNOTS('',6,(#786,#787,#788,#789,#790,#791,
    #792,#793,#794,#795,#796,#797,#798,#799,#800,#801,#802,#803,#804,
    #805,#806,#807,#808,#809,#810,#811,#812,#813,#814,#815,#816,#817),
  .UNSPECIFIED.,.F.,.F.,(7,5,5,5,5,5,7),(0.,0.20416904479,0.40153820242,
    0.492124202751,0.643715466534,0.807138649984,1.),.UNSPECIFIED.);
#786 = CARTESIAN_POINT('',(0.60889955183,-1.110223024625E-16));
#787 = CARTESIAN_POINT('',(0.595813907214,-3.712117711693E-02));
#788 = CARTESIAN_POINT('',(0.582555018825,-7.446908883719E-02));
#789 = CARTESIAN_POINT('',(0.569043050603,-0.111958115421));
#790 = CARTESIAN_POINT('',(0.55520208856,-0.149506056808));
#791 = CARTESIAN_POINT('',(0.540961432579,-0.187028682328));
#792 = CARTESIAN_POINT('',(0.512049877539,-0.260588617695));
#793 = CARTESIAN_POINT('',(0.497406797958,-0.296639676844));
#794 = CARTESIAN_POINT('',(0.482276811548,-0.332499656524));
#795 = CARTESIAN_POINT('',(0.466605740082,-0.368096853333));
#796 = CARTESIAN_POINT('',(0.450341499397,-0.403365246945));
#797 = CARTESIAN_POINT('',(0.425677002855,-0.454246918656));
#798 = CARTESIAN_POINT('',(0.417782549479,-0.4701713116));
#799 = CARTESIAN_POINT('',(0.409747765151,-0.486007848799));
#800 = CARTESIAN_POINT('',(0.401567625596,-0.501751390619));
#801 = CARTESIAN_POINT('',(0.393236985975,-0.517397260664));
#802 = CARTESIAN_POINT('',(0.370548934589,-0.558953078361));
#803 = CARTESIAN_POINT('',(0.355910949408,-0.584679580322));
#804 = CARTESIAN_POINT('',(0.340811711974,-0.610100535638));
#805 = CARTESIAN_POINT('',(0.32522454369,-0.635200073836));
#806 = CARTESIAN_POINT('',(0.30911985458,-0.659965604622));
#807 = CARTESIAN_POINT('',(0.27450817258,-0.71071421665));
#808 = CARTESIAN_POINT('',(0.255911767441,-0.73664153608));
#809 = CARTESIAN_POINT('',(0.236631870853,-0.76215671884));
#810 = CARTESIAN_POINT('',(0.216620157724,-0.78725106237));
#811 = CARTESIAN_POINT('',(0.195819029083,-0.811918326369));
#812 = CARTESIAN_POINT('',(0.148594481581,-0.864754930596));
#813 = CARTESIAN_POINT('',(0.121833985533,-0.892754169653));
#814 = CARTESIAN_POINT('',(9.375753215254E-02,-0.920144463809));
#815 = CARTESIAN_POINT('',(6.422494836463E-02,-0.946919961434));
#816 = CARTESIAN_POINT('',(3.30540342974E-02,-0.973073246727));
#817 = CARTESIAN_POINT('',(0.,-0.998592569184));
#818 = ( GEOMETRIC_REPRESENTATION_CONTEXT(2) 
PARAMETRIC_REPRESENTATION_CONTEXT() REPRESENTATION_CONTEXT('2D SPACE',''
  ) );
#819 = ORIENTED_EDGE('',*,*,#820,.T.);
#820 = EDGE_CURVE('',#706,#821,#823,.T.);
#821 = VERTEX_POINT('',#822);
#822 = CARTESIAN_POINT('',(118.02305725613,17.291616465791,5.));
#823 = SURFACE_CURVE('',#824,(#837,#853),.PCURVE_S1.);
#824 = B_SPLINE_CURVE_WITH_KNOTS('',6,(#825,#826,#827,#828,#829,#830,
    #831,#832,#833,#834,#835,#836),.UNSPECIFIED.,.F.,.F.,(7,5,7),(0.,
    0.499999833869,1.),.UNSPECIFIED.);
#825 = CARTESIAN_POINT('',(118.0230573771,17.291616292294,
    -5.000000600004));
#826 = CARTESIAN_POINT('',(117.859592517,17.526047755257,-4.189260916413
    ));
#827 = CARTESIAN_POINT('',(117.71683568571,17.715203110901,
    -3.364159943706));
#828 = CARTESIAN_POINT('',(117.60302699821,17.857272825958,
    -2.530023438271));
#829 = CARTESIAN_POINT('',(117.52468035058,17.952240640594,
    -1.690201099998));
#830 = CARTESIAN_POINT('',(117.48528137423,18.,-0.846394572157));
#831 = CARTESIAN_POINT('',(117.48528137423,18.,0.846395134606));
#832 = CARTESIAN_POINT('',(117.52468040286,17.952240577015,1.69020160979
    ));
#833 = CARTESIAN_POINT('',(117.6030270482,17.857272766459,2.530023358803
    ));
#834 = CARTESIAN_POINT('',(117.71683558457,17.715203217965,
    3.364159160633));
#835 = CARTESIAN_POINT('',(117.85959231969,17.52604803823,4.189259937804
    ));
#836 = CARTESIAN_POINT('',(118.0230573771,17.291616292296,5.0000006));
#837 = PCURVE('',#131,#838);
#838 = DEFINITIONAL_REPRESENTATION('',(#839),#852);
#839 = B_SPLINE_CURVE_WITH_KNOTS('',6,(#840,#841,#842,#843,#844,#845,
    #846,#847,#848,#849,#850,#851),.UNSPECIFIED.,.F.,.F.,(7,5,7),(0.,
    0.499999833869,1.),.UNSPECIFIED.);
#840 = CARTESIAN_POINT('',(1.289316218865,118.0230573771));
#841 = CARTESIAN_POINT('',(1.336202505831,117.859592517));
#842 = CARTESIAN_POINT('',(1.383156452582,117.71683568571));
#843 = CARTESIAN_POINT('',(1.430052016861,117.60302699821));
#844 = CARTESIAN_POINT('',(1.476896344802,117.52468035058));
#845 = CARTESIAN_POINT('',(1.523774406119,117.48528137423));
#846 = CARTESIAN_POINT('',(1.617818278717,117.48528137423));
#847 = CARTESIAN_POINT('',(1.664696337094,117.52468040286));
#848 = CARTESIAN_POINT('',(1.71154063273,117.6030270482));
#849 = CARTESIAN_POINT('',(1.758436157556,117.71683558457));
#850 = CARTESIAN_POINT('',(1.805390091164,117.85959231969));
#851 = CARTESIAN_POINT('',(1.852276434725,118.0230573771));
#852 = ( GEOMETRIC_REPRESENTATION_CONTEXT(2) 
PARAMETRIC_REPRESENTATION_CONTEXT() REPRESENTATION_CONTEXT('2D SPACE',''
  ) );
#853 = PCURVE('',#854,#859);
#854 = CYLINDRICAL_SURFACE('',#855,11.);
#855 = AXIS2_PLACEMENT_3D('',#856,#857,#858);
#856 = CARTESIAN_POINT('',(109.,11.,-16.));
#857 = DIRECTION('',(0.,0.,1.));
#858 = DIRECTION('',(1.,0.,-0.));
#859 = DEFINITIONAL_REPRESENTATION('',(#860),#873);
#860 = B_SPLINE_CURVE_WITH_KNOTS('',6,(#861,#862,#863,#864,#865,#866,
    #867,#868,#869,#870,#871,#872),.UNSPECIFIED.,.F.,.F.,(7,5,7),(0.,
    0.499999833869,1.),.UNSPECIFIED.);
#861 = CARTESIAN_POINT('',(0.608899532601,10.9999994));
#862 = CARTESIAN_POINT('',(0.634880910439,11.810739083591));
#863 = CARTESIAN_POINT('',(0.656409045282,12.63584005628));
#864 = CARTESIAN_POINT('',(0.672953644799,13.469976561744));
#865 = CARTESIAN_POINT('',(0.684146722279,14.309798899996));
#866 = CARTESIAN_POINT('',(0.689775000785,15.153605427843));
#867 = CARTESIAN_POINT('',(0.689775000785,16.846395134606));
#868 = CARTESIAN_POINT('',(0.684146714807,17.69020160979));
#869 = CARTESIAN_POINT('',(0.672953637734,18.530023358802));
#870 = CARTESIAN_POINT('',(0.656409058581,19.364159160634));
#871 = CARTESIAN_POINT('',(0.6348809418,20.189259937803));
#872 = CARTESIAN_POINT('',(0.608899532602,21.0000006));
#873 = ( GEOMETRIC_REPRESENTATION_CONTEXT(2) 
PARAMETRIC_REPRESENTATION_CONTEXT() REPRESENTATION_CONTEXT('2D SPACE',''
  ) );
#874 = ORIENTED_EDGE('',*,*,#875,.F.);
#875 = EDGE_CURVE('',#876,#821,#878,.T.);
#876 = VERTEX_POINT('',#877);
#877 = CARTESIAN_POINT('',(114.95634690794,11.,14.247806848775));
#878 = SURFACE_CURVE('',#879,(#907,#938),.PCURVE_S1.);
#879 = B_SPLINE_CURVE_WITH_KNOTS('',6,(#880,#881,#882,#883,#884,#885,
    #886,#887,#888,#889,#890,#891,#892,#893,#894,#895,#896,#897,#898,
    #899,#900,#901,#902,#903,#904,#905,#906),.UNSPECIFIED.,.F.,.F.,(7,5,
    5,5,5,7),(0.,0.354590823466,0.506184783268,0.59732911487,
    0.793235381815,1.),.UNSPECIFIED.);
#880 = CARTESIAN_POINT('',(114.95634690794,11.,14.247806848775));
#881 = CARTESIAN_POINT('',(115.39117420024,11.362754962557,
    13.967742370748));
#882 = CARTESIAN_POINT('',(115.80330881745,11.750744014054,
    13.650507066212));
#883 = CARTESIAN_POINT('',(116.18955083545,12.159410497873,
    13.293437576393));
#884 = CARTESIAN_POINT('',(116.54616411285,12.583099132019,
    12.894174939592));
#885 = CARTESIAN_POINT('',(116.86917786912,13.015004991855,
    12.451236231759));
#886 = CARTESIAN_POINT('',(117.27667912244,13.632621044585,
    11.757086058352));
#887 = CARTESIAN_POINT('',(117.39184450567,13.817706070193,
    11.541299816054));
#888 = CARTESIAN_POINT('',(117.49981961425,14.002311566779,
    11.317661591692));
#889 = CARTESIAN_POINT('',(117.60029140194,14.185813253505,11.0862872274
    ));
#890 = CARTESIAN_POINT('',(117.69295913034,14.367572885912,
    10.847378036142));
#891 = CARTESIAN_POINT('',(117.82839970239,14.65479834821,
    10.453249133623));
#892 = CARTESIAN_POINT('',(117.87633381506,14.761786052515,
    10.302645657301));
#893 = CARTESIAN_POINT('',(117.92128571997,14.86777367375,
    10.149494050477));
#894 = CARTESIAN_POINT('',(117.96319845645,14.972623128151,
    9.993872278102));
#895 = CARTESIAN_POINT('',(118.0020194781,15.076198620116,9.835871183717
    ));
#896 = CARTESIAN_POINT('',(118.11439658746,15.397970880391,
    9.331098364368));
#897 = CARTESIAN_POINT('',(118.17659664107,15.611096967194,
    8.976061766348));
#898 = CARTESIAN_POINT('',(118.22381497242,15.816395195012,
    8.611577702062));
#899 = CARTESIAN_POINT('',(118.25572007315,16.012668042621,
    8.238935987798));
#900 = CARTESIAN_POINT('',(118.27212292859,16.198904079316,
    7.859637303724));
#901 = CARTESIAN_POINT('',(118.27398515765,16.559443300181,
    7.069904718613));
#902 = CARTESIAN_POINT('',(118.25767921087,16.732544956687,
    6.658840251232));
#903 = CARTESIAN_POINT('',(118.22410690932,16.892676640273,6.24427242422
    ));
#904 = CARTESIAN_POINT('',(118.17350795714,17.039305223411,
    5.828252495703));
#905 = CARTESIAN_POINT('',(118.10629249656,17.172245499005,
    5.412823394962));
#906 = CARTESIAN_POINT('',(118.02305725613,17.291616465791,5.));
#907 = PCURVE('',#131,#908);
#908 = DEFINITIONAL_REPRESENTATION('',(#909),#937);
#909 = B_SPLINE_CURVE_WITH_KNOTS('',6,(#910,#911,#912,#913,#914,#915,
    #916,#917,#918,#919,#920,#921,#922,#923,#924,#925,#926,#927,#928,
    #929,#930,#931,#932,#933,#934,#935,#936),.UNSPECIFIED.,.F.,.F.,(7,5,
    5,5,5,7),(0.,0.354590823466,0.506184783268,0.59732911487,
    0.793235381815,1.),.UNSPECIFIED.);
#910 = CARTESIAN_POINT('',(2.484129097208,114.95634690794));
#911 = CARTESIAN_POINT('',(2.458668690115,115.39117420024));
#912 = CARTESIAN_POINT('',(2.430836689188,115.80330881745));
#913 = CARTESIAN_POINT('',(2.400713069245,116.18955083545));
#914 = CARTESIAN_POINT('',(2.368409968335,116.54616411285));
#915 = CARTESIAN_POINT('',(2.334075966616,116.86917786912));
#916 = CARTESIAN_POINT('',(2.282457289625,117.27667912244));
#917 = CARTESIAN_POINT('',(2.266666060686,117.39184450567));
#918 = CARTESIAN_POINT('',(2.250560015199,117.49981961425));
#919 = CARTESIAN_POINT('',(2.234158883006,117.60029140194));
#920 = CARTESIAN_POINT('',(2.2174851937,117.69295913034));
#921 = CARTESIAN_POINT('',(2.190391616835,117.82839970239));
#922 = CARTESIAN_POINT('',(2.180129198784,117.87633381506));
#923 = CARTESIAN_POINT('',(2.169783203382,117.92128571997));
#924 = CARTESIAN_POINT('',(2.159359584983,117.96319845645));
#925 = CARTESIAN_POINT('',(2.148864667686,118.0020194781));
#926 = CARTESIAN_POINT('',(2.115608600448,118.11439658746));
#927 = CARTESIAN_POINT('',(2.092611693313,118.17659664107));
#928 = CARTESIAN_POINT('',(2.069384920353,118.22381497242));
#929 = CARTESIAN_POINT('',(2.046000636001,118.25572007315));
#930 = CARTESIAN_POINT('',(2.02253474823,118.27212292859));
#931 = CARTESIAN_POINT('',(1.97430477939,118.27398515765));
#932 = CARTESIAN_POINT('',(1.949536552536,118.25767921087));
#933 = CARTESIAN_POINT('',(1.924863180074,118.22410690932));
#934 = CARTESIAN_POINT('',(1.900373254018,118.17350795714));
#935 = CARTESIAN_POINT('',(1.876150593383,118.10629249656));
#936 = CARTESIAN_POINT('',(1.852276400026,118.02305725613));
#937 = ( GEOMETRIC_REPRESENTATION_CONTEXT(2) 
PARAMETRIC_REPRESENTATION_CONTEXT() REPRESENTATION_CONTEXT('2D SPACE',''
  ) );
#938 = PCURVE('',#939,#944);
#939 = SPHERICAL_SURFACE('',#940,11.);
#940 = AXIS2_PLACEMENT_3D('',#941,#942,#943);
#941 = CARTESIAN_POINT('',(109.,11.,5.));
#942 = DIRECTION('',(0.,-1.,-0.));
#943 = DIRECTION('',(1.,0.,1.614869854E-16));
#944 = DEFINITIONAL_REPRESENTATION('',(#945),#973);
#945 = B_SPLINE_CURVE_WITH_KNOTS('',6,(#946,#947,#948,#949,#950,#951,
    #952,#953,#954,#955,#956,#957,#958,#959,#960,#961,#962,#963,#964,
    #965,#966,#967,#968,#969,#970,#971,#972),.UNSPECIFIED.,.F.,.F.,(7,5,
    5,5,5,7),(0.,0.354590823466,0.506184783268,0.59732911487,
    0.793235381815,1.),.UNSPECIFIED.);
#946 = CARTESIAN_POINT('',(0.998592569184,4.440892098501E-16));
#947 = CARTESIAN_POINT('',(0.951573065056,-3.297772386881E-02));
#948 = CARTESIAN_POINT('',(0.904458288735,-6.824945210144E-02));
#949 = CARTESIAN_POINT('',(0.856897556922,-0.105465536267));
#950 = CARTESIAN_POINT('',(0.808466058557,-0.144221114082));
#951 = CARTESIAN_POINT('',(0.758642093436,-0.184049210705));
#952 = CARTESIAN_POINT('',(0.68474543761,-0.24163995516));
#953 = CARTESIAN_POINT('',(0.662261689871,-0.258980023969));
#954 = CARTESIAN_POINT('',(0.63938427137,-0.276367719788));
#955 = CARTESIAN_POINT('',(0.61607177956,-0.293754749973));
#956 = CARTESIAN_POINT('',(0.592284608063,-0.311089423584));
#957 = CARTESIAN_POINT('',(0.553378946291,-0.338674230209));
#958 = CARTESIAN_POINT('',(0.538586070522,-0.34899306087));
#959 = CARTESIAN_POINT('',(0.52360114109,-0.35926108362));
#960 = CARTESIAN_POINT('',(0.508416943332,-0.369465993655));
#961 = CARTESIAN_POINT('',(0.493027002174,-0.379595204453));
#962 = CARTESIAN_POINT('',(0.443892803637,-0.411217392331));
#963 = CARTESIAN_POINT('',(0.409381108308,-0.432391880372));
#964 = CARTESIAN_POINT('',(0.37384209304,-0.453028435782));
#965 = CARTESIAN_POINT('',(0.33724007815,-0.472998804372));
#966 = CARTESIAN_POINT('',(0.299567355702,-0.492178507553));
#967 = CARTESIAN_POINT('',(0.220018068896,-0.529743488978));
#968 = CARTESIAN_POINT('',(0.178017158662,-0.548029140286));
#969 = CARTESIAN_POINT('',(0.134911234649,-0.565177653599));
#970 = CARTESIAN_POINT('',(9.077997697648E-02,-0.581083065458));
#971 = CARTESIAN_POINT('',(4.575205312829E-02,-0.595670004084));
#972 = CARTESIAN_POINT('',(0.,-0.60889955183));
#973 = ( GEOMETRIC_REPRESENTATION_CONTEXT(2) 
PARAMETRIC_REPRESENTATION_CONTEXT() REPRESENTATION_CONTEXT('2D SPACE',''
  ) );
#974 = ORIENTED_EDGE('',*,*,#975,.T.);
#975 = EDGE_CURVE('',#876,#976,#978,.T.);
#976 = VERTEX_POINT('',#977);
#977 = CARTESIAN_POINT('',(109.,8.246211251235,16.));
#978 = SURFACE_CURVE('',#979,(#994,#1012),.PCURVE_S1.);
#979 = B_SPLINE_CURVE_WITH_KNOTS('',7,(#980,#981,#982,#983,#984,#985,
    #986,#987,#988,#989,#990,#991,#992,#993),.UNSPECIFIED.,.F.,.F.,(8,6,
    8),(0.,0.610870285639,1.),.UNSPECIFIED.);
#980 = CARTESIAN_POINT('',(114.95634761875,11.000000596498,
    14.247806390953));
#981 = CARTESIAN_POINT('',(114.52357901115,10.638963063266,
    14.526544954065));
#982 = CARTESIAN_POINT('',(114.07736069253,10.287939541959,
    14.780517238967));
#983 = CARTESIAN_POINT('',(113.61529172297,9.948305011901,
    15.011759072508));
#984 = CARTESIAN_POINT('',(113.13522958119,9.623479828054,
    15.220393088183));
#985 = CARTESIAN_POINT('',(112.63583612131,9.319670645213,
    15.405122067666));
#986 = CARTESIAN_POINT('',(112.11626956591,9.04609955248,15.564025377381
    ));
#987 = CARTESIAN_POINT('',(111.23048124353,8.666306466084,
    15.777321151327));
#988 = CARTESIAN_POINT('',(110.87441432254,8.534252019693,
    15.849348652688));
#989 = CARTESIAN_POINT('',(110.50979812403,8.4227937829,15.908538870684)
  );
#990 = CARTESIAN_POINT('',(110.13874695283,8.33586226375,15.953794512587
    ));
#991 = CARTESIAN_POINT('',(109.76275395212,8.276378540773,15.98445224016
    ));
#992 = CARTESIAN_POINT('',(109.3828755443,8.246211251235,16.));
#993 = CARTESIAN_POINT('',(109.,8.246211251235,16.));
#994 = PCURVE('',#131,#995);
#995 = DEFINITIONAL_REPRESENTATION('',(#996),#1011);
#996 = B_SPLINE_CURVE_WITH_KNOTS('',7,(#997,#998,#999,#1000,#1001,#1002,
    #1003,#1004,#1005,#1006,#1007,#1008,#1009,#1010),.UNSPECIFIED.,.F.,
  .F.,(8,6,8),(0.,0.610870285639,1.),.UNSPECIFIED.);
#997 = CARTESIAN_POINT('',(2.484129055588,114.95634761875));
#998 = CARTESIAN_POINT('',(2.509468923591,114.52357901115));
#999 = CARTESIAN_POINT('',(2.533527587455,114.07736069253));
#1000 = CARTESIAN_POINT('',(2.55634035064,113.61529172297));
#1001 = CARTESIAN_POINT('',(2.577775182836,113.13522958119));
#1002 = CARTESIAN_POINT('',(2.597522091029,112.63583612131));
#1003 = CARTESIAN_POINT('',(2.615096484334,112.11626956591));
#1004 = CARTESIAN_POINT('',(2.639295879519,111.23048124353));
#1005 = CARTESIAN_POINT('',(2.647651935446,110.87441432254));
#1006 = CARTESIAN_POINT('',(2.654662465375,110.50979812403));
#1007 = CARTESIAN_POINT('',(2.660107208967,110.13874695283));
#1008 = CARTESIAN_POINT('',(2.663824950216,109.76275395212));
#1009 = CARTESIAN_POINT('',(2.665710403929,109.3828755443));
#1010 = CARTESIAN_POINT('',(2.665710403929,109.));
#1011 = ( GEOMETRIC_REPRESENTATION_CONTEXT(2) 
PARAMETRIC_REPRESENTATION_CONTEXT() REPRESENTATION_CONTEXT('2D SPACE',''
  ) );
#1012 = PCURVE('',#1013,#1018);
#1013 = CYLINDRICAL_SURFACE('',#1014,11.);
#1014 = AXIS2_PLACEMENT_3D('',#1015,#1016,#1017);
#1015 = CARTESIAN_POINT('',(109.,-22.,5.));
#1016 = DIRECTION('',(-0.,1.,0.));
#1017 = DIRECTION('',(1.,0.,-0.));
#1018 = DEFINITIONAL_REPRESENTATION('',(#1019),#1034);
#1019 = B_SPLINE_CURVE_WITH_KNOTS('',7,(#1020,#1021,#1022,#1023,#1024,
    #1025,#1026,#1027,#1028,#1029,#1030,#1031,#1032,#1033),
  .UNSPECIFIED.,.F.,.F.,(8,6,8),(0.,0.610870285639,1.),.UNSPECIFIED.);
#1020 = CARTESIAN_POINT('',(-0.998592492321,33.0000006));
#1021 = CARTESIAN_POINT('',(-1.045389385476,32.638963066769));
#1022 = CARTESIAN_POINT('',(-1.091995038237,32.28793952257));
#1023 = CARTESIAN_POINT('',(-1.138860782322,31.948305040785));
#1024 = CARTESIAN_POINT('',(-1.186316850712,31.623479806999));
#1025 = CARTESIAN_POINT('',(-1.234597501638,31.31967065198));
#1026 = CARTESIAN_POINT('',(-1.283900134971,31.04609955248));
#1027 = CARTESIAN_POINT('',(-1.366728047743,30.666306466084));
#1028 = CARTESIAN_POINT('',(-1.399731167321,30.534252019693));
#1029 = CARTESIAN_POINT('',(-1.433271349105,30.4227937829));
#1030 = CARTESIAN_POINT('',(-1.467204977115,30.33586226375));
#1031 = CARTESIAN_POINT('',(-1.501455064535,30.276378540773));
#1032 = CARTESIAN_POINT('',(-1.535989459131,30.246211251235));
#1033 = CARTESIAN_POINT('',(-1.570796326795,30.246211251235));
#1034 = ( GEOMETRIC_REPRESENTATION_CONTEXT(2) 
PARAMETRIC_REPRESENTATION_CONTEXT() REPRESENTATION_CONTEXT('2D SPACE',''
  ) );
#1035 = ORIENTED_EDGE('',*,*,#1036,.F.);
#1036 = EDGE_CURVE('',#1037,#976,#1039,.T.);
#1037 = VERTEX_POINT('',#1038);
#1038 = CARTESIAN_POINT('',(41.,8.246211251235,16.));
#1039 = SURFACE_CURVE('',#1040,(#1044,#1050),.PCURVE_S1.);
#1040 = LINE('',#1041,#1042);
#1041 = CARTESIAN_POINT('',(0.,8.246211251235,16.));
#1042 = VECTOR('',#1043,1.);
#1043 = DIRECTION('',(1.,0.,2.22044604925E-16));
#1044 = PCURVE('',#131,#1045);
#1045 = DEFINITIONAL_REPRESENTATION('',(#1046),#1049);
#1046 = B_SPLINE_CURVE_WITH_KNOTS('',1,(#1047,#1048),.UNSPECIFIED.,.F.,
  .F.,(2,2),(34.2,115.8),.PIECEWISE_BEZIER_KNOTS.);
#1047 = CARTESIAN_POINT('',(2.665710403929,34.2));
#1048 = CARTESIAN_POINT('',(2.665710403929,115.8));
#1049 = ( GEOMETRIC_REPRESENTATION_CONTEXT(2) 
PARAMETRIC_REPRESENTATION_CONTEXT() REPRESENTATION_CONTEXT('2D SPACE',''
  ) );
#1050 = PCURVE('',#1051,#1056);
#1051 = PLANE('',#1052);
#1052 = AXIS2_PLACEMENT_3D('',#1053,#1054,#1055);
#1053 = CARTESIAN_POINT('',(30.,-22.,16.));
#1054 = DIRECTION('',(0.,0.,1.));
#1055 = DIRECTION('',(1.,0.,-0.));
#1056 = DEFINITIONAL_REPRESENTATION('',(#1057),#1060);
#1057 = B_SPLINE_CURVE_WITH_KNOTS('',1,(#1058,#1059),.UNSPECIFIED.,.F.,
  .F.,(2,2),(34.2,115.8),.PIECEWISE_BEZIER_KNOTS.);
#1058 = CARTESIAN_POINT('',(4.2,30.246211251235));
#1059 = CARTESIAN_POINT('',(85.8,30.246211251235));
#1060 = ( GEOMETRIC_REPRESENTATION_CONTEXT(2) 
PARAMETRIC_REPRESENTATION_CONTEXT() REPRESENTATION_CONTEXT('2D SPACE',''
  ) );
#1061 = ORIENTED_EDGE('',*,*,#1062,.F.);
#1062 = EDGE_CURVE('',#1063,#1037,#1065,.T.);
#1063 = VERTEX_POINT('',#1064);
#1064 = CARTESIAN_POINT('',(35.043653092058,11.,14.247806848775));
#1065 = SURFACE_CURVE('',#1066,(#1081,#1099),.PCURVE_S1.);
#1066 = B_SPLINE_CURVE_WITH_KNOTS('',7,(#1067,#1068,#1069,#1070,#1071,
    #1072,#1073,#1074,#1075,#1076,#1077,#1078,#1079,#1080),
  .UNSPECIFIED.,.F.,.F.,(8,6,8),(0.,0.60948644936,1.),.UNSPECIFIED.);
#1067 = CARTESIAN_POINT('',(35.043652381246,11.000000596498,
    14.247806390953));
#1068 = CARTESIAN_POINT('',(35.475481180581,10.639747099011,
    14.525939640277));
#1069 = CARTESIAN_POINT('',(35.920688490538,10.289474905446,
    14.779405780913));
#1070 = CARTESIAN_POINT('',(36.381656713789,9.950550097839,
    15.010229142004));
#1071 = CARTESIAN_POINT('',(36.860528539694,9.626351987826,
    15.218548179179));
#1072 = CARTESIAN_POINT('',(37.358649091474,9.323025547663,
    15.403081828629));
#1073 = CARTESIAN_POINT('',(37.87685940627,9.049719690077,
    15.561922077968));
#1074 = CARTESIAN_POINT('',(38.762249670336,8.668999750959,
    15.77585266656));
#1075 = CARTESIAN_POINT('',(39.119423604653,8.536135283506,
    15.848348406997));
#1076 = CARTESIAN_POINT('',(39.485176303308,8.423976567582,
    15.907922768139));
#1077 = CARTESIAN_POINT('',(39.85739617145,8.336481009426,
    15.953475617545));
#1078 = CARTESIAN_POINT('',(40.234601761291,8.276594467031,
    15.984340951792));
#1079 = CARTESIAN_POINT('',(40.615756639264,8.246211251235,16.));
#1080 = CARTESIAN_POINT('',(41.,8.246211251235,16.));
#1081 = PCURVE('',#131,#1082);
#1082 = DEFINITIONAL_REPRESENTATION('',(#1083),#1098);
#1083 = B_SPLINE_CURVE_WITH_KNOTS('',7,(#1084,#1085,#1086,#1087,#1088,
    #1089,#1090,#1091,#1092,#1093,#1094,#1095,#1096,#1097),
  .UNSPECIFIED.,.F.,.F.,(8,6,8),(0.,0.60948644936,1.),.UNSPECIFIED.);
#1084 = CARTESIAN_POINT('',(2.484129055588,35.043652381246));
#1085 = CARTESIAN_POINT('',(2.509413895067,35.475481180581));
#1086 = CARTESIAN_POINT('',(2.533422335053,35.920688490538));
#1087 = CARTESIAN_POINT('',(2.556189510547,36.381656713789));
#1088 = CARTESIAN_POINT('',(2.577585648343,36.860528539693));
#1089 = CARTESIAN_POINT('',(2.597304020707,37.358649091474));
#1090 = CARTESIAN_POINT('',(2.614863908995,37.87685940627));
#1091 = CARTESIAN_POINT('',(2.639125470371,38.762249670336));
#1092 = CARTESIAN_POINT('',(2.64753347742,39.119423604653));
#1093 = CARTESIAN_POINT('',(2.654588375614,39.485176303309));
#1094 = CARTESIAN_POINT('',(2.660068537336,39.857396171449));
#1095 = CARTESIAN_POINT('',(2.663811454779,40.234601761291));
#1096 = CARTESIAN_POINT('',(2.665710403929,40.615756639264));
#1097 = CARTESIAN_POINT('',(2.665710403929,41.));
#1098 = ( GEOMETRIC_REPRESENTATION_CONTEXT(2) 
PARAMETRIC_REPRESENTATION_CONTEXT() REPRESENTATION_CONTEXT('2D SPACE',''
  ) );
#1099 = PCURVE('',#1100,#1105);
#1100 = CYLINDRICAL_SURFACE('',#1101,11.);
#1101 = AXIS2_PLACEMENT_3D('',#1102,#1103,#1104);
#1102 = CARTESIAN_POINT('',(41.,-22.,5.));
#1103 = DIRECTION('',(-0.,1.,0.));
#1104 = DIRECTION('',(-1.,-0.,0.));
#1105 = DEFINITIONAL_REPRESENTATION('',(#1106),#1121);
#1106 = B_SPLINE_CURVE_WITH_KNOTS('',7,(#1107,#1108,#1109,#1110,#1111,
    #1112,#1113,#1114,#1115,#1116,#1117,#1118,#1119,#1120),
  .UNSPECIFIED.,.F.,.F.,(8,6,8),(0.,0.60948644936,1.),.UNSPECIFIED.);
#1107 = CARTESIAN_POINT('',(0.998592492321,33.0000006));
#1108 = CARTESIAN_POINT('',(1.045287760483,32.639747102513));
#1109 = CARTESIAN_POINT('',(1.091791226486,32.289474886921));
#1110 = CARTESIAN_POINT('',(1.13855116136,31.950550124574));
#1111 = CARTESIAN_POINT('',(1.185897484356,31.626351969062));
#1112 = CARTESIAN_POINT('',(1.234064323367,31.323025553374));
#1113 = CARTESIAN_POINT('',(1.283248075503,31.049719690077));
#1114 = CARTESIAN_POINT('',(1.366054342306,30.668999750959));
#1115 = CARTESIAN_POINT('',(1.399164326656,30.536135283506));
#1116 = CARTESIAN_POINT('',(1.432811698971,30.423976567582));
#1117 = CARTESIAN_POINT('',(1.466853611469,30.336481009426));
#1118 = CARTESIAN_POINT('',(1.501214674624,30.276594467031));
#1119 = CARTESIAN_POINT('',(1.535865112183,30.246211251235));
#1120 = CARTESIAN_POINT('',(1.570796326795,30.246211251235));
#1121 = ( GEOMETRIC_REPRESENTATION_CONTEXT(2) 
PARAMETRIC_REPRESENTATION_CONTEXT() REPRESENTATION_CONTEXT('2D SPACE',''
  ) );
#1122 = ORIENTED_EDGE('',*,*,#1123,.F.);
#1123 = EDGE_CURVE('',#306,#1063,#1124,.T.);
#1124 = SURFACE_CURVE('',#1125,(#1132,#1142),.PCURVE_S1.);
#1125 = B_SPLINE_CURVE_WITH_KNOTS('',5,(#1126,#1127,#1128,#1129,#1130,
    #1131),.UNSPECIFIED.,.F.,.F.,(6,6),(0.,1.),
  .PIECEWISE_BEZIER_KNOTS.);
#1126 = CARTESIAN_POINT('',(33.9999994,11.987441180386,13.427630243151)
  );
#1127 = CARTESIAN_POINT('',(34.194280811894,11.77937629098,
    13.613378999878));
#1128 = CARTESIAN_POINT('',(34.396340591001,11.57573932543,
    13.787932737948));
#1129 = CARTESIAN_POINT('',(34.605612099584,11.377438890927,
    13.951598212555));
#1130 = CARTESIAN_POINT('',(34.82155135749,11.185288522209,
    14.104755095903));
#1131 = CARTESIAN_POINT('',(35.043653092058,11.,14.247806848775));
#1132 = PCURVE('',#131,#1133);
#1133 = DEFINITIONAL_REPRESENTATION('',(#1134),#1141);
#1134 = B_SPLINE_CURVE_WITH_KNOTS('',5,(#1135,#1136,#1137,#1138,#1139,
    #1140),.UNSPECIFIED.,.F.,.F.,(6,6),(0.,1.),
  .PIECEWISE_BEZIER_KNOTS.);
#1135 = CARTESIAN_POINT('',(2.412800685105,33.9999994));
#1136 = CARTESIAN_POINT('',(2.428295965034,34.194280811894));
#1137 = CARTESIAN_POINT('',(2.443193539213,34.396340591001));
#1138 = CARTESIAN_POINT('',(2.457474862792,34.605612099584));
#1139 = CARTESIAN_POINT('',(2.471124392402,34.82155135749));
#1140 = CARTESIAN_POINT('',(2.484129097208,35.043653092058));
#1141 = ( GEOMETRIC_REPRESENTATION_CONTEXT(2) 
PARAMETRIC_REPRESENTATION_CONTEXT() REPRESENTATION_CONTEXT('2D SPACE',''
  ) );
#1142 = PCURVE('',#346,#1143);
#1143 = DEFINITIONAL_REPRESENTATION('',(#1144),#1151);
#1144 = B_SPLINE_CURVE_WITH_KNOTS('',5,(#1145,#1146,#1147,#1148,#1149,
    #1150),.UNSPECIFIED.,.F.,.F.,(6,6),(0.,1.),
  .PIECEWISE_BEZIER_KNOTS.);
#1145 = CARTESIAN_POINT('',(-0.877672568558,-8.988837963933E-02));
#1146 = CARTESIAN_POINT('',(-0.902147255432,-7.089671577095E-02));
#1147 = CARTESIAN_POINT('',(-0.926410460148,-5.234986678858E-02));
#1148 = CARTESIAN_POINT('',(-0.95053273305,-3.431263508108E-02));
#1149 = CARTESIAN_POINT('',(-0.974575876556,-1.684441110995E-02));
#1150 = CARTESIAN_POINT('',(-0.998592569184,0.));
#1151 = ( GEOMETRIC_REPRESENTATION_CONTEXT(2) 
PARAMETRIC_REPRESENTATION_CONTEXT() REPRESENTATION_CONTEXT('2D SPACE',''
  ) );
#1152 = ORIENTED_EDGE('',*,*,#305,.T.);
#1153 = ORIENTED_EDGE('',*,*,#1154,.F.);
#1154 = EDGE_CURVE('',#1155,#250,#1157,.T.);
#1155 = VERTEX_POINT('',#1156);
#1156 = CARTESIAN_POINT('',(35.043653092058,-11.,14.247806848775));
#1157 = SURFACE_CURVE('',#1158,(#1165,#1175),.PCURVE_S1.);
#1158 = B_SPLINE_CURVE_WITH_KNOTS('',5,(#1159,#1160,#1161,#1162,#1163,
    #1164),.UNSPECIFIED.,.F.,.F.,(6,6),(0.,1.),
  .PIECEWISE_BEZIER_KNOTS.);
#1159 = CARTESIAN_POINT('',(35.043653092058,-11.,14.247806848775));
#1160 = CARTESIAN_POINT('',(34.821664042903,-11.18519451432,
    14.104827674561));
#1161 = CARTESIAN_POINT('',(34.6057728243,-11.3772926186,13.951715979445
    ));
#1162 = CARTESIAN_POINT('',(34.396487877466,-11.57559300998,
    13.788056844587));
#1163 = CARTESIAN_POINT('',(34.194367753418,-11.7792831813,
    13.613462123012));
#1164 = CARTESIAN_POINT('',(33.9999994,-11.98744118038,13.427630243151)
  );
#1165 = PCURVE('',#131,#1166);
#1166 = DEFINITIONAL_REPRESENTATION('',(#1167),#1174);
#1167 = B_SPLINE_CURVE_WITH_KNOTS('',5,(#1168,#1169,#1170,#1171,#1172,
    #1173),.UNSPECIFIED.,.F.,.F.,(6,6),(0.,1.),
  .PIECEWISE_BEZIER_KNOTS.);
#1168 = CARTESIAN_POINT('',(3.799056209971,35.043653092058));
#1169 = CARTESIAN_POINT('',(3.812054316718,34.821664042903));
#1170 = CARTESIAN_POINT('',(3.825700014165,34.6057728243));
#1171 = CARTESIAN_POINT('',(3.839981112562,34.396487877466));
#1172 = CARTESIAN_POINT('',(3.854882407961,34.194367753418));
#1173 = CARTESIAN_POINT('',(3.870384622075,33.9999994));
#1174 = ( GEOMETRIC_REPRESENTATION_CONTEXT(2) 
PARAMETRIC_REPRESENTATION_CONTEXT() REPRESENTATION_CONTEXT('2D SPACE',''
  ) );
#1175 = PCURVE('',#266,#1176);
#1176 = DEFINITIONAL_REPRESENTATION('',(#1177),#1184);
#1177 = B_SPLINE_CURVE_WITH_KNOTS('',5,(#1178,#1179,#1180,#1181,#1182,
    #1183),.UNSPECIFIED.,.F.,.F.,(6,6),(0.,1.),
  .PIECEWISE_BEZIER_KNOTS.);
#1178 = CARTESIAN_POINT('',(8.881784197001E-16,-0.998592569184));
#1179 = CARTESIAN_POINT('',(-3.109196243762E-02,-0.974588061652));
#1180 = CARTESIAN_POINT('',(-6.044617305534E-02,-0.950000741633));
#1181 = CARTESIAN_POINT('',(-8.830164576231E-02,-0.9248405643));
#1182 = CARTESIAN_POINT('',(-0.11482215848,-0.899113221027));
#1183 = CARTESIAN_POINT('',(-0.140138368078,-0.872826064683));
#1184 = ( GEOMETRIC_REPRESENTATION_CONTEXT(2) 
PARAMETRIC_REPRESENTATION_CONTEXT() REPRESENTATION_CONTEXT('2D SPACE',''
  ) );
#1185 = ORIENTED_EDGE('',*,*,#1186,.F.);
#1186 = EDGE_CURVE('',#1187,#1155,#1189,.T.);
#1187 = VERTEX_POINT('',#1188);
#1188 = CARTESIAN_POINT('',(41.,-8.246211251235,16.));
#1189 = SURFACE_CURVE('',#1190,(#1205,#1223),.PCURVE_S1.);
#1190 = B_SPLINE_CURVE_WITH_KNOTS('',7,(#1191,#1192,#1193,#1194,#1195,
    #1196,#1197,#1198,#1199,#1200,#1201,#1202,#1203,#1204),
  .UNSPECIFIED.,.F.,.F.,(8,6,8),(0.,0.390852292134,1.),.UNSPECIFIED.);
#1191 = CARTESIAN_POINT('',(41.,-8.246211251235,16.));
#1192 = CARTESIAN_POINT('',(40.615425381034,-8.246211251235,16.));
#1193 = CARTESIAN_POINT('',(40.233942777923,-8.276646874434,
    15.984313939296));
#1194 = CARTESIAN_POINT('',(39.856415229768,-8.336636475796,
    15.953395493736));
#1195 = CARTESIAN_POINT('',(39.483881741638,-8.424280436194,
    15.907764570635));
#1196 = CARTESIAN_POINT('',(39.117828083407,-8.53662412451,
    15.848088792383));
#1197 = CARTESIAN_POINT('',(38.760373149031,-8.669697710592,
    15.775471859225));
#1198 = CARTESIAN_POINT('',(37.875111400888,-9.050641994012,
    15.561385994342));
#1199 = CARTESIAN_POINT('',(37.357250351771,-9.323877568405,
    15.402563416225));
#1200 = CARTESIAN_POINT('',(36.859451930891,-9.627080568847,
    15.218080004541));
#1201 = CARTESIAN_POINT('',(36.380876748412,-9.951123217734,
    15.0098390396));
#1202 = CARTESIAN_POINT('',(35.920183441577,-10.28987214191,
    14.779118429424));
#1203 = CARTESIAN_POINT('',(35.475234984148,-10.63995248767,
    14.525781069658));
#1204 = CARTESIAN_POINT('',(35.043652379355,-11.00000059728,
    14.247806389736));
#1205 = PCURVE('',#131,#1206);
#1206 = DEFINITIONAL_REPRESENTATION('',(#1207),#1222);
#1207 = B_SPLINE_CURVE_WITH_KNOTS('',7,(#1208,#1209,#1210,#1211,#1212,
    #1213,#1214,#1215,#1216,#1217,#1218,#1219,#1220,#1221),
  .UNSPECIFIED.,.F.,.F.,(8,6,8),(0.,0.390852292134,1.),.UNSPECIFIED.);
#1208 = CARTESIAN_POINT('',(3.61747490325,41.));
#1209 = CARTESIAN_POINT('',(3.61747490325,40.615425381034));
#1210 = CARTESIAN_POINT('',(3.619377127914,40.233942777923));
#1211 = CARTESIAN_POINT('',(3.62312648644,39.856415229768));
#1212 = CARTESIAN_POINT('',(3.628615963817,39.483881741638));
#1213 = CARTESIAN_POINT('',(3.635682577343,39.117828083407));
#1214 = CARTESIAN_POINT('',(3.6441040048,38.760373149031));
#1215 = CARTESIAN_POINT('',(3.66838065775,37.875111400888));
#1216 = CARTESIAN_POINT('',(3.685936675997,37.357250351771));
#1217 = CARTESIAN_POINT('',(3.705647743398,36.859451930891));
#1218 = CARTESIAN_POINT('',(3.727034289451,36.380876748412));
#1219 = CARTESIAN_POINT('',(3.749790195951,35.920183441577));
#1220 = CARTESIAN_POINT('',(3.773785827625,35.475234984148));
#1221 = CARTESIAN_POINT('',(3.799056251702,35.043652379355));
#1222 = ( GEOMETRIC_REPRESENTATION_CONTEXT(2) 
PARAMETRIC_REPRESENTATION_CONTEXT() REPRESENTATION_CONTEXT('2D SPACE',''
  ) );
#1223 = PCURVE('',#1224,#1229);
#1224 = CYLINDRICAL_SURFACE('',#1225,11.);
#1225 = AXIS2_PLACEMENT_3D('',#1226,#1227,#1228);
#1226 = CARTESIAN_POINT('',(41.,-22.,5.));
#1227 = DIRECTION('',(-0.,1.,0.));
#1228 = DIRECTION('',(-1.,-0.,0.));
#1229 = DEFINITIONAL_REPRESENTATION('',(#1230),#1245);
#1230 = B_SPLINE_CURVE_WITH_KNOTS('',7,(#1231,#1232,#1233,#1234,#1235,
    #1236,#1237,#1238,#1239,#1240,#1241,#1242,#1243,#1244),
  .UNSPECIFIED.,.F.,.F.,(8,6,8),(0.,0.390852292134,1.),.UNSPECIFIED.);
#1231 = CARTESIAN_POINT('',(1.570796326795,13.753788748765));
#1232 = CARTESIAN_POINT('',(1.535834997798,13.753788748765));
#1233 = CARTESIAN_POINT('',(1.501154766912,13.723353125566));
#1234 = CARTESIAN_POINT('',(1.466764254812,13.663363524205));
#1235 = CARTESIAN_POINT('',(1.432693305326,13.575719563806));
#1236 = CARTESIAN_POINT('',(1.399017551761,13.46337587549));
#1237 = CARTESIAN_POINT('',(1.365880391161,13.330302289408));
#1238 = CARTESIAN_POINT('',(1.283082163834,12.949358005988));
#1239 = CARTESIAN_POINT('',(1.233929061327,12.676122426994));
#1240 = CARTESIAN_POINT('',(1.185791043038,12.372919446223));
#1241 = CARTESIAN_POINT('',(1.138472061414,12.048876760897));
#1242 = CARTESIAN_POINT('',(1.09173848172,11.710127872767));
#1243 = CARTESIAN_POINT('',(1.045261138345,11.360047509612));
#1244 = CARTESIAN_POINT('',(0.998592492117,10.9999994));
#1245 = ( GEOMETRIC_REPRESENTATION_CONTEXT(2) 
PARAMETRIC_REPRESENTATION_CONTEXT() REPRESENTATION_CONTEXT('2D SPACE',''
  ) );
#1246 = ORIENTED_EDGE('',*,*,#1247,.T.);
#1247 = EDGE_CURVE('',#1187,#1248,#1250,.T.);
#1248 = VERTEX_POINT('',#1249);
#1249 = CARTESIAN_POINT('',(109.,-8.246211251235,16.));
#1250 = SURFACE_CURVE('',#1251,(#1255,#1261),.PCURVE_S1.);
#1251 = LINE('',#1252,#1253);
#1252 = CARTESIAN_POINT('',(0.,-8.246211251235,16.));
#1253 = VECTOR('',#1254,1.);
#1254 = DIRECTION('',(1.,0.,2.22044604925E-16));
#1255 = PCURVE('',#131,#1256);
#1256 = DEFINITIONAL_REPRESENTATION('',(#1257),#1260);
#1257 = B_SPLINE_CURVE_WITH_KNOTS('',1,(#1258,#1259),.UNSPECIFIED.,.F.,
  .F.,(2,2),(34.2,115.8),.PIECEWISE_BEZIER_KNOTS.);
#1258 = CARTESIAN_POINT('',(3.61747490325,34.2));
#1259 = CARTESIAN_POINT('',(3.61747490325,115.8));
#1260 = ( GEOMETRIC_REPRESENTATION_CONTEXT(2) 
PARAMETRIC_REPRESENTATION_CONTEXT() REPRESENTATION_CONTEXT('2D SPACE',''
  ) );
#1261 = PCURVE('',#1262,#1267);
#1262 = PLANE('',#1263);
#1263 = AXIS2_PLACEMENT_3D('',#1264,#1265,#1266);
#1264 = CARTESIAN_POINT('',(30.,-22.,16.));
#1265 = DIRECTION('',(0.,0.,1.));
#1266 = DIRECTION('',(1.,0.,-0.));
#1267 = DEFINITIONAL_REPRESENTATION('',(#1268),#1271);
#1268 = B_SPLINE_CURVE_WITH_KNOTS('',1,(#1269,#1270),.UNSPECIFIED.,.F.,
  .F.,(2,2),(34.2,115.8),.PIECEWISE_BEZIER_KNOTS.);
#1269 = CARTESIAN_POINT('',(4.2,13.753788748765));
#1270 = CARTESIAN_POINT('',(85.8,13.753788748765));
#1271 = ( GEOMETRIC_REPRESENTATION_CONTEXT(2) 
PARAMETRIC_REPRESENTATION_CONTEXT() REPRESENTATION_CONTEXT('2D SPACE',''
  ) );
#1272 = ORIENTED_EDGE('',*,*,#1273,.T.);
#1273 = EDGE_CURVE('',#1248,#1274,#1276,.T.);
#1274 = VERTEX_POINT('',#1275);
#1275 = CARTESIAN_POINT('',(114.95634690794,-11.,14.247806848775));
#1276 = SURFACE_CURVE('',#1277,(#1292,#1310),.PCURVE_S1.);
#1277 = B_SPLINE_CURVE_WITH_KNOTS('',7,(#1278,#1279,#1280,#1281,#1282,
    #1283,#1284,#1285,#1286,#1287,#1288,#1289,#1290,#1291),
  .UNSPECIFIED.,.F.,.F.,(8,6,8),(0.,0.390188073505,1.),.UNSPECIFIED.);
#1278 = CARTESIAN_POINT('',(109.,-8.246211251235,16.));
#1279 = CARTESIAN_POINT('',(109.38392558984,-8.246211251235,16.));
#1280 = CARTESIAN_POINT('',(109.76481995152,-8.276544234047,
    15.984366841298));
#1281 = CARTESIAN_POINT('',(110.14179818412,-8.336347319935,
    15.95354451821));
#1282 = CARTESIAN_POINT('',(110.51380354758,-8.423733799094,
    15.908049416077));
#1283 = CARTESIAN_POINT('',(110.87933626991,-8.535757080569,
    15.848549352509));
#1284 = CARTESIAN_POINT('',(111.23626726086,-8.668452908901,
    15.776150469377));
#1285 = CARTESIAN_POINT('',(112.12167109411,-9.048946360449,
    15.562371364117));
#1286 = CARTESIAN_POINT('',(112.6401601278,-9.322302253509,
    15.403521522571));
#1287 = CARTESIAN_POINT('',(113.13855553319,-9.625730527247,
    15.218947256776));
#1288 = CARTESIAN_POINT('',(113.61769537371,-9.950071529158,
    15.010556373408));
#1289 = CARTESIAN_POINT('',(114.07891223773,-10.28915975344,
    14.77963467035));
#1290 = CARTESIAN_POINT('',(114.5243354917,-10.63959415726,
    14.526057718463));
#1291 = CARTESIAN_POINT('',(114.95634761972,-11.0000005969,
    14.247806390329));
#1292 = PCURVE('',#131,#1293);
#1293 = DEFINITIONAL_REPRESENTATION('',(#1294),#1309);
#1294 = B_SPLINE_CURVE_WITH_KNOTS('',7,(#1295,#1296,#1297,#1298,#1299,
    #1300,#1301,#1302,#1303,#1304,#1305,#1306,#1307,#1308),
  .UNSPECIFIED.,.F.,.F.,(8,6,8),(0.,0.390188073505,1.),.UNSPECIFIED.);
#1295 = CARTESIAN_POINT('',(3.61747490325,109.));
#1296 = CARTESIAN_POINT('',(3.61747490325,109.38392558984));
#1297 = CARTESIAN_POINT('',(3.619370712842,109.76481995152));
#1298 = CARTESIAN_POINT('',(3.623108414261,110.14179818412));
#1299 = CARTESIAN_POINT('',(3.628581719743,110.51380354758));
#1300 = CARTESIAN_POINT('',(3.635628038424,110.87933626991));
#1301 = CARTESIAN_POINT('',(3.644025246847,111.23626726086));
#1302 = CARTESIAN_POINT('',(3.668271716141,112.12167109411));
#1303 = CARTESIAN_POINT('',(3.685834277101,112.6401601278));
#1304 = CARTESIAN_POINT('',(3.705558651304,113.13855553319));
#1305 = CARTESIAN_POINT('',(3.726963610879,113.61769537371));
#1306 = CARTESIAN_POINT('',(3.749741341665,114.07891223773));
#1307 = CARTESIAN_POINT('',(3.773760677733,114.5243354917));
#1308 = CARTESIAN_POINT('',(3.799056251648,114.95634761972));
#1309 = ( GEOMETRIC_REPRESENTATION_CONTEXT(2) 
PARAMETRIC_REPRESENTATION_CONTEXT() REPRESENTATION_CONTEXT('2D SPACE',''
  ) );
#1310 = PCURVE('',#1311,#1316);
#1311 = CYLINDRICAL_SURFACE('',#1312,11.);
#1312 = AXIS2_PLACEMENT_3D('',#1313,#1314,#1315);
#1313 = CARTESIAN_POINT('',(109.,-22.,5.));
#1314 = DIRECTION('',(-0.,1.,0.));
#1315 = DIRECTION('',(1.,0.,-0.));
#1316 = DEFINITIONAL_REPRESENTATION('',(#1317),#1332);
#1317 = B_SPLINE_CURVE_WITH_KNOTS('',7,(#1318,#1319,#1320,#1321,#1322,
    #1323,#1324,#1325,#1326,#1327,#1328,#1329,#1330,#1331),
  .UNSPECIFIED.,.F.,.F.,(8,6,8),(0.,0.390188073505,1.),.UNSPECIFIED.);
#1318 = CARTESIAN_POINT('',(-1.570796326795,13.753788748765));
#1319 = CARTESIAN_POINT('',(-1.535894000446,13.753788748765));
#1320 = CARTESIAN_POINT('',(-1.501267246226,13.723455765953));
#1321 = CARTESIAN_POINT('',(-1.466927024218,13.663652680065));
#1322 = CARTESIAN_POINT('',(-1.432905029381,13.576266200906));
#1323 = CARTESIAN_POINT('',(-1.399278404458,13.464242919431));
#1324 = CARTESIAN_POINT('',(-1.366191754375,13.331547091099));
#1325 = CARTESIAN_POINT('',(-1.283387521751,12.951053639551));
#1326 = CARTESIAN_POINT('',(-1.234179422638,12.677697740283));
#1327 = CARTESIAN_POINT('',(-1.185988054189,12.374269491754));
#1328 = CARTESIAN_POINT('',(-1.138616992312,12.049928445023));
#1329 = CARTESIAN_POINT('',(-1.091833012018,11.710840263786));
#1330 = CARTESIAN_POINT('',(-1.0453075844,11.360405839634));
#1331 = CARTESIAN_POINT('',(-0.998592492216,10.9999994));
#1332 = ( GEOMETRIC_REPRESENTATION_CONTEXT(2) 
PARAMETRIC_REPRESENTATION_CONTEXT() REPRESENTATION_CONTEXT('2D SPACE',''
  ) );
#1333 = ORIENTED_EDGE('',*,*,#1334,.F.);
#1334 = EDGE_CURVE('',#1335,#1274,#1337,.T.);
#1335 = VERTEX_POINT('',#1336);
#1336 = CARTESIAN_POINT('',(118.02305725613,-17.29161646579,5.));
#1337 = SURFACE_CURVE('',#1338,(#1371,#1407),.PCURVE_S1.);
#1338 = B_SPLINE_CURVE_WITH_KNOTS('',6,(#1339,#1340,#1341,#1342,#1343,
    #1344,#1345,#1346,#1347,#1348,#1349,#1350,#1351,#1352,#1353,#1354,
    #1355,#1356,#1357,#1358,#1359,#1360,#1361,#1362,#1363,#1364,#1365,
    #1366,#1367,#1368,#1369,#1370),.UNSPECIFIED.,.F.,.F.,(7,5,5,5,5,5,7)
  ,(0.,0.204169044791,0.401538202421,0.492124202752,0.643715466535,
    0.807138649985,1.),.UNSPECIFIED.);
#1339 = CARTESIAN_POINT('',(118.02305725613,-17.29161646579,5.));
#1340 = CARTESIAN_POINT('',(118.10538711326,-17.17354394518,
    5.408332948286));
#1341 = CARTESIAN_POINT('',(118.17203266907,-17.04221167252,
    5.819160016589));
#1342 = CARTESIAN_POINT('',(118.22242365389,-16.89751230285,
    6.230526304605));
#1343 = CARTESIAN_POINT('',(118.25617037282,-16.73963030984,
    6.640453839314));
#1344 = CARTESIAN_POINT('',(118.27304742311,-16.56908171216,
    7.046961084371));
#1345 = CARTESIAN_POINT('',(118.27307355452,-16.21052819155,
    7.835827293331));
#1346 = CARTESIAN_POINT('',(118.25732724154,-16.02326503678,
    8.218602970524));
#1347 = CARTESIAN_POINT('',(118.22581804004,-15.82578626098,
    8.594618535534));
#1348 = CARTESIAN_POINT('',(118.17874324298,-15.6191263878,
    8.962337413903));
#1349 = CARTESIAN_POINT('',(118.1164462501,-15.40451140184,
    9.320440991589));
#1350 = CARTESIAN_POINT('',(118.00408232224,-15.08180779688,
    9.827247746301));
#1351 = CARTESIAN_POINT('',(117.96563233173,-14.97890185382,
    9.984427496934));
#1352 = CARTESIAN_POINT('',(117.92412716953,-14.87473739996,
    10.139251115498));
#1353 = CARTESIAN_POINT('',(117.87961888113,-14.76944789624,
    10.291629588021));
#1354 = CARTESIAN_POINT('',(117.83216381567,-14.66316903171,
    10.441486465494));
#1355 = CARTESIAN_POINT('',(117.69757699915,-14.37675843521,
    10.835206288804));
#1356 = CARTESIAN_POINT('',(117.6052468799,-14.19509042368,
    11.074413821073));
#1357 = CARTESIAN_POINT('',(117.5051123073,-14.0116748757,
    11.306075140487));
#1358 = CARTESIAN_POINT('',(117.39747606253,-13.8271507145,
    11.529988954608));
#1359 = CARTESIAN_POINT('',(117.28265345347,-13.64214297866,
    11.746039410465));
#1360 = CARTESIAN_POINT('',(117.02977418546,-13.2579285499,
    12.178563489734));
#1361 = CARTESIAN_POINT('',(116.89060327369,-13.05874011826,
    12.393754565462));
#1362 = CARTESIAN_POINT('',(116.74384616894,-12.86043294929,
    12.599698682058));
#1363 = CARTESIAN_POINT('',(116.58990123776,-12.66371783033,
    12.796434872375));
#1364 = CARTESIAN_POINT('',(116.42916041107,-12.46926127493,
    12.984073389688));
#1365 = CARTESIAN_POINT('',(116.06472909761,-12.05158266323,
    13.373666266351));
#1366 = CARTESIAN_POINT('',(115.85852171411,-11.82949327822,
    13.572106613855));
#1367 = CARTESIAN_POINT('',(115.64399274717,-11.61241376833,
    13.75836730073));
#1368 = CARTESIAN_POINT('',(115.42174163625,-11.40126550224,
    13.93279948919));
#1369 = CARTESIAN_POINT('',(115.19234467293,-11.19688129498,
    14.095804911369));
#1370 = CARTESIAN_POINT('',(114.95634690794,-11.,14.247806848775));
#1371 = PCURVE('',#131,#1372);
#1372 = DEFINITIONAL_REPRESENTATION('',(#1373),#1406);
#1373 = B_SPLINE_CURVE_WITH_KNOTS('',6,(#1374,#1375,#1376,#1377,#1378,
    #1379,#1380,#1381,#1382,#1383,#1384,#1385,#1386,#1387,#1388,#1389,
    #1390,#1391,#1392,#1393,#1394,#1395,#1396,#1397,#1398,#1399,#1400,
    #1401,#1402,#1403,#1404,#1405),.UNSPECIFIED.,.F.,.F.,(7,5,5,5,5,5,7)
  ,(0.,0.204169044791,0.401538202421,0.492124202752,0.643715466535,
    0.807138649985,1.),.UNSPECIFIED.);
#1374 = CARTESIAN_POINT('',(4.430908907154,118.02305725613));
#1375 = CARTESIAN_POINT('',(4.407294403033,118.10538711326));
#1376 = CARTESIAN_POINT('',(4.383342163964,118.17203266907));
#1377 = CARTESIAN_POINT('',(4.359131161475,118.22242365389));
#1378 = CARTESIAN_POINT('',(4.334742711703,118.25617037282));
#1379 = CARTESIAN_POINT('',(4.310262468246,118.27304742311));
#1380 = CARTESIAN_POINT('',(4.26212203188,118.27307355452));
#1381 = CARTESIAN_POINT('',(4.238457814562,118.25732724154));
#1382 = CARTESIAN_POINT('',(4.214876816354,118.22581804004));
#1383 = CARTESIAN_POINT('',(4.191456666238,118.17874324298));
#1384 = CARTESIAN_POINT('',(4.168271292984,118.1164462501));
#1385 = CARTESIAN_POINT('',(4.13489212527,118.00408232224));
#1386 = CARTESIAN_POINT('',(4.124455746453,117.96563233173));
#1387 = CARTESIAN_POINT('',(4.114090143188,117.92412716953));
#1388 = CARTESIAN_POINT('',(4.103801515271,117.87961888113));
#1389 = CARTESIAN_POINT('',(4.09359570205,117.83216381567));
#1390 = CARTESIAN_POINT('',(4.066547144374,117.69757699915));
#1391 = CARTESIAN_POINT('',(4.049863346908,117.6052468799));
#1392 = CARTESIAN_POINT('',(4.033452700782,117.5051123073));
#1393 = CARTESIAN_POINT('',(4.017337726105,117.39747606253));
#1394 = CARTESIAN_POINT('',(4.001538149756,117.28265345347));
#1395 = CARTESIAN_POINT('',(3.969397553603,117.02977418546));
#1396 = CARTESIAN_POINT('',(3.953110477146,116.89060327369));
#1397 = CARTESIAN_POINT('',(3.937231620456,116.74384616894));
#1398 = CARTESIAN_POINT('',(3.921779232642,116.58990123776));
#1399 = CARTESIAN_POINT('',(3.906768878247,116.42916041107));
#1400 = CARTESIAN_POINT('',(3.875037072328,116.06472909761));
#1401 = CARTESIAN_POINT('',(3.858494796377,115.85852171411));
#1402 = CARTESIAN_POINT('',(3.842608444544,115.64399274717));
#1403 = CARTESIAN_POINT('',(3.827396444947,115.42174163625));
#1404 = CARTESIAN_POINT('',(3.812874567917,115.19234467293));
#1405 = CARTESIAN_POINT('',(3.799056209971,114.95634690794));
#1406 = ( GEOMETRIC_REPRESENTATION_CONTEXT(2) 
PARAMETRIC_REPRESENTATION_CONTEXT() REPRESENTATION_CONTEXT('2D SPACE',''
  ) );
#1407 = PCURVE('',#1408,#1413);
#1408 = SPHERICAL_SURFACE('',#1409,11.);
#1409 = AXIS2_PLACEMENT_3D('',#1410,#1411,#1412);
#1410 = CARTESIAN_POINT('',(109.,-11.,5.));
#1411 = DIRECTION('',(-0.,-0.,-1.));
#1412 = DIRECTION('',(1.,0.,0.));
#1413 = DEFINITIONAL_REPRESENTATION('',(#1414),#1447);
#1414 = B_SPLINE_CURVE_WITH_KNOTS('',6,(#1415,#1416,#1417,#1418,#1419,
    #1420,#1421,#1422,#1423,#1424,#1425,#1426,#1427,#1428,#1429,#1430,
    #1431,#1432,#1433,#1434,#1435,#1436,#1437,#1438,#1439,#1440,#1441,
    #1442,#1443,#1444,#1445,#1446),.UNSPECIFIED.,.F.,.F.,(7,5,5,5,5,5,7)
  ,(0.,0.204169044791,0.401538202421,0.492124202752,0.643715466535,
    0.807138649985,1.),.UNSPECIFIED.);
#1415 = CARTESIAN_POINT('',(0.60889955183,-8.881784197001E-16));
#1416 = CARTESIAN_POINT('',(0.595813907214,-3.712117711692E-02));
#1417 = CARTESIAN_POINT('',(0.582555018825,-7.446908883744E-02));
#1418 = CARTESIAN_POINT('',(0.569043050603,-0.111958115421));
#1419 = CARTESIAN_POINT('',(0.55520208856,-0.149506056808));
#1420 = CARTESIAN_POINT('',(0.540961432579,-0.187028682328));
#1421 = CARTESIAN_POINT('',(0.512049877539,-0.260588617695));
#1422 = CARTESIAN_POINT('',(0.497406797958,-0.296639676845));
#1423 = CARTESIAN_POINT('',(0.482276811548,-0.332499656525));
#1424 = CARTESIAN_POINT('',(0.466605740082,-0.368096853333));
#1425 = CARTESIAN_POINT('',(0.450341499397,-0.403365246945));
#1426 = CARTESIAN_POINT('',(0.425677002855,-0.454246918656));
#1427 = CARTESIAN_POINT('',(0.417782549479,-0.470171311601));
#1428 = CARTESIAN_POINT('',(0.409747765151,-0.486007848799));
#1429 = CARTESIAN_POINT('',(0.401567625596,-0.50175139062));
#1430 = CARTESIAN_POINT('',(0.393236985975,-0.517397260665));
#1431 = CARTESIAN_POINT('',(0.370548934589,-0.558953078361));
#1432 = CARTESIAN_POINT('',(0.355910949408,-0.584679580322));
#1433 = CARTESIAN_POINT('',(0.340811711974,-0.610100535638));
#1434 = CARTESIAN_POINT('',(0.32522454369,-0.635200073837));
#1435 = CARTESIAN_POINT('',(0.30911985458,-0.659965604622));
#1436 = CARTESIAN_POINT('',(0.274508172579,-0.710714216651));
#1437 = CARTESIAN_POINT('',(0.255911767441,-0.73664153608));
#1438 = CARTESIAN_POINT('',(0.236631870852,-0.762156718841));
#1439 = CARTESIAN_POINT('',(0.216620157723,-0.787251062371));
#1440 = CARTESIAN_POINT('',(0.195819029082,-0.81191832637));
#1441 = CARTESIAN_POINT('',(0.14859448158,-0.864754930596));
#1442 = CARTESIAN_POINT('',(0.121833985533,-0.892754169653));
#1443 = CARTESIAN_POINT('',(9.375753215203E-02,-0.920144463809));
#1444 = CARTESIAN_POINT('',(6.422494836424E-02,-0.946919961434));
#1445 = CARTESIAN_POINT('',(3.305403429723E-02,-0.973073246727));
#1446 = CARTESIAN_POINT('',(0.,-0.998592569184));
#1447 = ( GEOMETRIC_REPRESENTATION_CONTEXT(2) 
PARAMETRIC_REPRESENTATION_CONTEXT() REPRESENTATION_CONTEXT('2D SPACE',''
  ) );
#1448 = ORIENTED_EDGE('',*,*,#1449,.T.);
#1449 = EDGE_CURVE('',#1335,#1450,#1452,.T.);
#1450 = VERTEX_POINT('',#1451);
#1451 = CARTESIAN_POINT('',(118.02305725613,-17.29161646579,-5.));
#1452 = SURFACE_CURVE('',#1453,(#1466,#1482),.PCURVE_S1.);
#1453 = B_SPLINE_CURVE_WITH_KNOTS('',6,(#1454,#1455,#1456,#1457,#1458,
    #1459,#1460,#1461,#1462,#1463,#1464,#1465),.UNSPECIFIED.,.F.,.F.,(7,
    5,7),(0.,0.499999833868,1.),.UNSPECIFIED.);
#1454 = CARTESIAN_POINT('',(118.0230573771,-17.29161629229,
    5.000000600004));
#1455 = CARTESIAN_POINT('',(117.859592517,-17.52604775525,4.189260916422
    ));
#1456 = CARTESIAN_POINT('',(117.71683568571,-17.7152031109,
    3.364159943695));
#1457 = CARTESIAN_POINT('',(117.60302699821,-17.85727282595,
    2.530023438272));
#1458 = CARTESIAN_POINT('',(117.52468035058,-17.95224064059,
    1.690201100002));
#1459 = CARTESIAN_POINT('',(117.48528137423,-18.,0.846394572156));
#1460 = CARTESIAN_POINT('',(117.48528137423,-18.,-0.846395134609));
#1461 = CARTESIAN_POINT('',(117.52468040286,-17.95224057701,
    -1.690201609786));
#1462 = CARTESIAN_POINT('',(117.6030270482,-17.85727276646,
    -2.530023358801));
#1463 = CARTESIAN_POINT('',(117.71683558457,-17.71520321796,
    -3.364159160636));
#1464 = CARTESIAN_POINT('',(117.85959231969,-17.52604803823,
    -4.189259937803));
#1465 = CARTESIAN_POINT('',(118.0230573771,-17.29161629229,-5.0000006));
#1466 = PCURVE('',#131,#1467);
#1467 = DEFINITIONAL_REPRESENTATION('',(#1468),#1481);
#1468 = B_SPLINE_CURVE_WITH_KNOTS('',6,(#1469,#1470,#1471,#1472,#1473,
    #1474,#1475,#1476,#1477,#1478,#1479,#1480),.UNSPECIFIED.,.F.,.F.,(7,
    5,7),(0.,0.499999833868,1.),.UNSPECIFIED.);
#1469 = CARTESIAN_POINT('',(4.430908872455,118.0230573771));
#1470 = CARTESIAN_POINT('',(4.47779515942,117.859592517));
#1471 = CARTESIAN_POINT('',(4.524749106173,117.71683568571));
#1472 = CARTESIAN_POINT('',(4.571644670451,117.60302699821));
#1473 = CARTESIAN_POINT('',(4.618488998392,117.52468035058));
#1474 = CARTESIAN_POINT('',(4.665367059709,117.48528137423));
#1475 = CARTESIAN_POINT('',(4.759410932307,117.48528137423));
#1476 = CARTESIAN_POINT('',(4.806288990683,117.52468040286));
#1477 = CARTESIAN_POINT('',(4.85313328632,117.6030270482));
#1478 = CARTESIAN_POINT('',(4.900028811146,117.71683558457));
#1479 = CARTESIAN_POINT('',(4.946982744754,117.85959231969));
#1480 = CARTESIAN_POINT('',(4.993869088314,118.0230573771));
#1481 = ( GEOMETRIC_REPRESENTATION_CONTEXT(2) 
PARAMETRIC_REPRESENTATION_CONTEXT() REPRESENTATION_CONTEXT('2D SPACE',''
  ) );
#1482 = PCURVE('',#1483,#1488);
#1483 = CYLINDRICAL_SURFACE('',#1484,11.);
#1484 = AXIS2_PLACEMENT_3D('',#1485,#1486,#1487);
#1485 = CARTESIAN_POINT('',(109.,-11.,-16.));
#1486 = DIRECTION('',(0.,0.,1.));
#1487 = DIRECTION('',(1.,0.,-0.));
#1488 = DEFINITIONAL_REPRESENTATION('',(#1489),#1502);
#1489 = B_SPLINE_CURVE_WITH_KNOTS('',6,(#1490,#1491,#1492,#1493,#1494,
    #1495,#1496,#1497,#1498,#1499,#1500,#1501),.UNSPECIFIED.,.F.,.F.,(7,
    5,7),(0.,0.499999833868,1.),.UNSPECIFIED.);
#1490 = CARTESIAN_POINT('',(-0.608899532601,21.0000006));
#1491 = CARTESIAN_POINT('',(-0.634880910439,20.189260916418));
#1492 = CARTESIAN_POINT('',(-0.656409045282,19.36415994371));
#1493 = CARTESIAN_POINT('',(-0.672953644799,18.530023438256));
#1494 = CARTESIAN_POINT('',(-0.684146722279,17.690201100008));
#1495 = CARTESIAN_POINT('',(-0.689775000785,16.846394572156));
#1496 = CARTESIAN_POINT('',(-0.689775000785,15.153604865391));
#1497 = CARTESIAN_POINT('',(-0.684146714807,14.309798390213));
#1498 = CARTESIAN_POINT('',(-0.672953637735,13.4699766412));
#1499 = CARTESIAN_POINT('',(-0.656409058581,12.635840839362));
#1500 = CARTESIAN_POINT('',(-0.6348809418,11.810740062197));
#1501 = CARTESIAN_POINT('',(-0.608899532602,10.9999994));
#1502 = ( GEOMETRIC_REPRESENTATION_CONTEXT(2) 
PARAMETRIC_REPRESENTATION_CONTEXT() REPRESENTATION_CONTEXT('2D SPACE',''
  ) );
#1503 = ORIENTED_EDGE('',*,*,#1504,.F.);
#1504 = EDGE_CURVE('',#1505,#1450,#1507,.T.);
#1505 = VERTEX_POINT('',#1506);
#1506 = CARTESIAN_POINT('',(114.95634690794,-11.,-14.24780684877));
#1507 = SURFACE_CURVE('',#1508,(#1541,#1577),.PCURVE_S1.);
#1508 = B_SPLINE_CURVE_WITH_KNOTS('',7,(#1509,#1510,#1511,#1512,#1513,
    #1514,#1515,#1516,#1517,#1518,#1519,#1520,#1521,#1522,#1523,#1524,
    #1525,#1526,#1527,#1528,#1529,#1530,#1531,#1532,#1533,#1534,#1535,
    #1536,#1537,#1538,#1539,#1540),.UNSPECIFIED.,.F.,.F.,(8,6,6,6,6,8),(
    0.,0.356841334226,0.508299075339,0.599363727769,0.795876612226,1.),
  .UNSPECIFIED.);
#1509 = CARTESIAN_POINT('',(114.95634690794,-11.,-14.24780684877));
#1510 = CARTESIAN_POINT('',(115.33060143876,-11.31222209534,
    -14.00675620251));
#1511 = CARTESIAN_POINT('',(115.68870464836,-11.64277940934,
    -13.73880963663));
#1512 = CARTESIAN_POINT('',(116.02872573828,-11.98902533169,
    -13.44241231722));
#1513 = CARTESIAN_POINT('',(116.34851647276,-12.34782706341,
    -13.11613569119));
#1514 = CARTESIAN_POINT('',(116.64580742987,-12.71554751953,
    -12.75886589916));
#1515 = CARTESIAN_POINT('',(116.91825988196,-13.08812228287,
    -12.3699979878));
#1516 = CARTESIAN_POINT('',(117.26766737235,-13.61953616743,
    -11.77136886093));
#1517 = CARTESIAN_POINT('',(117.36687968911,-13.77795812656,
    -11.58735471797));
#1518 = CARTESIAN_POINT('',(117.4610099935,-13.93611485057,
    -11.39772750374));
#1519 = CARTESIAN_POINT('',(117.54987816678,-14.0936535839,
    -11.20254401626));
#1520 = CARTESIAN_POINT('',(117.63330812865,-14.25021403883,
    -11.00189510174));
#1521 = CARTESIAN_POINT('',(117.71113052289,-14.40543167915,
    -10.79591061396));
#1522 = CARTESIAN_POINT('',(117.82650872576,-14.65123918044,
    -10.45781174059));
#1523 = CARTESIAN_POINT('',(117.86774722533,-14.74292013748,
    -10.32899266056));
#1524 = CARTESIAN_POINT('',(117.90686616592,-14.83390443814,
    -10.19834499844));
#1525 = CARTESIAN_POINT('',(117.94383235808,-14.92411315017,
    -10.06591161141));
#1526 = CARTESIAN_POINT('',(117.97861438837,-15.01346816769,
    -9.931740687571));
#1527 = CARTESIAN_POINT('',(118.01118284918,-15.10189253284,
    -9.795886084829));
#1528 = CARTESIAN_POINT('',(118.10695624302,-15.37795483616,
    -9.36173624803));
#1529 = CARTESIAN_POINT('',(118.16197246177,-15.56192816731,
    -9.057480244648));
#1530 = CARTESIAN_POINT('',(118.20627648406,-15.74045110541,
    -8.746270336506));
#1531 = CARTESIAN_POINT('',(118.23965293301,-15.91281076387,
    -8.428823035984));
#1532 = CARTESIAN_POINT('',(118.26195000103,-16.07837039554,
    -8.105944594932));
#1533 = CARTESIAN_POINT('',(118.27308520409,-16.23657914106,
    -7.778536809854));
#1534 = CARTESIAN_POINT('',(118.27303521621,-16.54320991944,
    -7.103856389261));
#1535 = CARTESIAN_POINT('',(118.26096889485,-16.69103752301,
    -6.756257352769));
#1536 = CARTESIAN_POINT('',(118.23685842219,-16.82994967845,
    -6.405935150186));
#1537 = CARTESIAN_POINT('',(118.20079954785,-16.95959659915,
    -6.054020404357));
#1538 = CARTESIAN_POINT('',(118.15296794221,-17.07977831571,
    -5.701643742888));
#1539 = CARTESIAN_POINT('',(118.09361195441,-17.19043116852,
    -5.349931470445));
#1540 = CARTESIAN_POINT('',(118.02305725613,-17.29161646579,-5.));
#1541 = PCURVE('',#131,#1542);
#1542 = DEFINITIONAL_REPRESENTATION('',(#1543),#1576);
#1543 = B_SPLINE_CURVE_WITH_KNOTS('',7,(#1544,#1545,#1546,#1547,#1548,
    #1549,#1550,#1551,#1552,#1553,#1554,#1555,#1556,#1557,#1558,#1559,
    #1560,#1561,#1562,#1563,#1564,#1565,#1566,#1567,#1568,#1569,#1570,
    #1571,#1572,#1573,#1574,#1575),.UNSPECIFIED.,.F.,.F.,(8,6,6,6,6,8),(
    0.,0.356841334226,0.508299075339,0.599363727769,0.795876612226,1.),
  .UNSPECIFIED.);
#1544 = CARTESIAN_POINT('',(5.625721750798,114.95634690794));
#1545 = CARTESIAN_POINT('',(5.603808055683,115.33060143876));
#1546 = CARTESIAN_POINT('',(5.580174940171,115.68870464836));
#1547 = CARTESIAN_POINT('',(5.554868822438,116.02872573828));
#1548 = CARTESIAN_POINT('',(5.527949607222,116.34851647276));
#1549 = CARTESIAN_POINT('',(5.49949421714,116.64580742987));
#1550 = CARTESIAN_POINT('',(5.469596694664,116.91825988196));
#1551 = CARTESIAN_POINT('',(5.42512595424,117.26766737235));
#1552 = CARTESIAN_POINT('',(5.411637829373,117.36687968911));
#1553 = CARTESIAN_POINT('',(5.397922492766,117.4610099935));
#1554 = CARTESIAN_POINT('',(5.38399088339,117.54987816678));
#1555 = CARTESIAN_POINT('',(5.369855056204,117.63330812865));
#1556 = CARTESIAN_POINT('',(5.355528337538,117.71113052289));
#1557 = CARTESIAN_POINT('',(5.332305572003,117.82650872576));
#1558 = CARTESIAN_POINT('',(5.323521958468,117.86774722533));
#1559 = CARTESIAN_POINT('',(5.314677854339,117.90686616592));
#1560 = CARTESIAN_POINT('',(5.30577660888,117.94383235808));
#1561 = CARTESIAN_POINT('',(5.296821721366,117.97861438837));
#1562 = CARTESIAN_POINT('',(5.287816856316,118.01118284918));
#1563 = CARTESIAN_POINT('',(5.259234266643,118.10695624302));
#1564 = CARTESIAN_POINT('',(5.239486339419,118.16197246177));
#1565 = CARTESIAN_POINT('',(5.21956271485,118.20627648406));
#1566 = CARTESIAN_POINT('',(5.199504851222,118.23965293301));
#1567 = CARTESIAN_POINT('',(5.179355516681,118.26195000103));
#1568 = CARTESIAN_POINT('',(5.159159523619,118.27308520409));
#1569 = CARTESIAN_POINT('',(5.11798779263,118.27303521621));
#1570 = CARTESIAN_POINT('',(5.097009209947,118.26096889485));
#1571 = CARTESIAN_POINT('',(5.076082755638,118.23685842219));
#1572 = CARTESIAN_POINT('',(5.055258565486,118.20079954785));
#1573 = CARTESIAN_POINT('',(5.034584316718,118.15296794221));
#1574 = CARTESIAN_POINT('',(5.014106113068,118.09361195441));
#1575 = CARTESIAN_POINT('',(4.993869053616,118.02305725613));
#1576 = ( GEOMETRIC_REPRESENTATION_CONTEXT(2) 
PARAMETRIC_REPRESENTATION_CONTEXT() REPRESENTATION_CONTEXT('2D SPACE',''
  ) );
#1577 = PCURVE('',#1578,#1583);
#1578 = SPHERICAL_SURFACE('',#1579,11.);
#1579 = AXIS2_PLACEMENT_3D('',#1580,#1581,#1582);
#1580 = CARTESIAN_POINT('',(109.,-11.,-5.));
#1581 = DIRECTION('',(0.,0.,1.));
#1582 = DIRECTION('',(1.,0.,-0.));
#1583 = DEFINITIONAL_REPRESENTATION('',(#1584),#1617);
#1584 = B_SPLINE_CURVE_WITH_KNOTS('',7,(#1585,#1586,#1587,#1588,#1589,
    #1590,#1591,#1592,#1593,#1594,#1595,#1596,#1597,#1598,#1599,#1600,
    #1601,#1602,#1603,#1604,#1605,#1606,#1607,#1608,#1609,#1610,#1611,
    #1612,#1613,#1614,#1615,#1616),.UNSPECIFIED.,.F.,.F.,(8,6,6,6,6,8),(
    0.,0.356841334226,0.508299075339,0.599363727769,0.795876612226,1.),
  .UNSPECIFIED.);
#1585 = CARTESIAN_POINT('',(0.,-0.998592569184));
#1586 = CARTESIAN_POINT('',(-5.241838666658E-02,-0.958123024681));
#1587 = CARTESIAN_POINT('',(-0.100230057995,-0.916104617769));
#1588 = CARTESIAN_POINT('',(-0.144332264911,-0.872576634424));
#1589 = CARTESIAN_POINT('',(-0.185275466691,-0.827557298199));
#1590 = CARTESIAN_POINT('',(-0.223470233042,-0.781071797486));
#1591 = CARTESIAN_POINT('',(-0.259231289661,-0.733154662592));
#1592 = CARTESIAN_POINT('',(-0.307074699024,-0.662946532911));
#1593 = CARTESIAN_POINT('',(-0.320937925686,-0.641781238356));
#1594 = CARTESIAN_POINT('',(-0.334427628349,-0.620376420734));
#1595 = CARTESIAN_POINT('',(-0.347561226818,-0.59873894391));
#1596 = CARTESIAN_POINT('',(-0.360354741953,-0.576876936705));
#1597 = CARTESIAN_POINT('',(-0.372823114294,-0.554800067627));
#1598 = CARTESIAN_POINT('',(-0.392290219506,-0.519123719622));
#1599 = CARTESIAN_POINT('',(-0.399487523398,-0.505654051148));
#1600 = CARTESIAN_POINT('',(-0.406575502483,-0.492113323284));
#1601 = CARTESIAN_POINT('',(-0.413557162836,-0.478504203297));
#1602 = CARTESIAN_POINT('',(-0.42043545501,-0.46482954629));
#1603 = CARTESIAN_POINT('',(-0.427213280567,-0.451092424883));
#1604 = CARTESIAN_POINT('',(-0.44830906908,-0.40752451916));
#1605 = CARTESIAN_POINT('',(-0.462271214988,-0.377475162805));
#1606 = CARTESIAN_POINT('',(-0.475807041571,-0.347184503463));
#1607 = CARTESIAN_POINT('',(-0.488945363316,-0.316689609858));
#1608 = CARTESIAN_POINT('',(-0.501716155451,-0.286029363789));
#1609 = CARTESIAN_POINT('',(-0.514150073584,-0.255246105803));
#1610 = CARTESIAN_POINT('',(-0.538875698411,-0.192334357105));
#1611 = CARTESIAN_POINT('',(-0.551145000656,-0.160195454528));
#1612 = CARTESIAN_POINT('',(-0.563120347952,-0.128025021443));
#1613 = CARTESIAN_POINT('',(-0.57484062324,-9.587262602673E-02));
#1614 = CARTESIAN_POINT('',(-0.586347692555,-6.378579225444E-02));
#1615 = CARTESIAN_POINT('',(-0.597685470572,-3.181195185865E-02));
#1616 = CARTESIAN_POINT('',(-0.60889955183,0.));
#1617 = ( GEOMETRIC_REPRESENTATION_CONTEXT(2) 
PARAMETRIC_REPRESENTATION_CONTEXT() REPRESENTATION_CONTEXT('2D SPACE',''
  ) );
#1618 = ORIENTED_EDGE('',*,*,#1619,.T.);
#1619 = EDGE_CURVE('',#1505,#1620,#1622,.T.);
#1620 = VERTEX_POINT('',#1621);
#1621 = CARTESIAN_POINT('',(109.,-8.246211251235,-16.));
#1622 = SURFACE_CURVE('',#1623,(#1638,#1656),.PCURVE_S1.);
#1623 = B_SPLINE_CURVE_WITH_KNOTS('',7,(#1624,#1625,#1626,#1627,#1628,
    #1629,#1630,#1631,#1632,#1633,#1634,#1635,#1636,#1637),
  .UNSPECIFIED.,.F.,.F.,(8,6,8),(0.,0.61087028564,1.),.UNSPECIFIED.);
#1624 = CARTESIAN_POINT('',(114.95634761875,-11.00000059649,
    -14.24780639095));
#1625 = CARTESIAN_POINT('',(114.52357901115,-10.63896306326,
    -14.52654495406));
#1626 = CARTESIAN_POINT('',(114.07736069253,-10.28793954195,
    -14.78051723896));
#1627 = CARTESIAN_POINT('',(113.61529172296,-9.948305011901,
    -15.0117590725));
#1628 = CARTESIAN_POINT('',(113.1352295812,-9.623479828053,
    -15.22039308818));
#1629 = CARTESIAN_POINT('',(112.63583612131,-9.319670645213,
    -15.40512206766));
#1630 = CARTESIAN_POINT('',(112.11626956591,-9.04609955248,
    -15.56402537738));
#1631 = CARTESIAN_POINT('',(111.23048124353,-8.666306466084,
    -15.77732115132));
#1632 = CARTESIAN_POINT('',(110.87441432254,-8.534252019693,
    -15.84934865268));
#1633 = CARTESIAN_POINT('',(110.50979812403,-8.4227937829,
    -15.90853887068));
#1634 = CARTESIAN_POINT('',(110.13874695283,-8.335862263749,
    -15.95379451258));
#1635 = CARTESIAN_POINT('',(109.76275395212,-8.276378540773,
    -15.98445224016));
#1636 = CARTESIAN_POINT('',(109.3828755443,-8.246211251235,-16.));
#1637 = CARTESIAN_POINT('',(109.,-8.246211251235,-16.));
#1638 = PCURVE('',#131,#1639);
#1639 = DEFINITIONAL_REPRESENTATION('',(#1640),#1655);
#1640 = B_SPLINE_CURVE_WITH_KNOTS('',7,(#1641,#1642,#1643,#1644,#1645,
    #1646,#1647,#1648,#1649,#1650,#1651,#1652,#1653,#1654),
  .UNSPECIFIED.,.F.,.F.,(8,6,8),(0.,0.61087028564,1.),.UNSPECIFIED.);
#1641 = CARTESIAN_POINT('',(5.625721709178,114.95634761875));
#1642 = CARTESIAN_POINT('',(5.65106157718,114.52357901115));
#1643 = CARTESIAN_POINT('',(5.675120241045,114.07736069253));
#1644 = CARTESIAN_POINT('',(5.69793300423,113.61529172296));
#1645 = CARTESIAN_POINT('',(5.719367836426,113.1352295812));
#1646 = CARTESIAN_POINT('',(5.739114744619,112.63583612131));
#1647 = CARTESIAN_POINT('',(5.756689137924,112.11626956591));
#1648 = CARTESIAN_POINT('',(5.780888533109,111.23048124353));
#1649 = CARTESIAN_POINT('',(5.789244589036,110.87441432254));
#1650 = CARTESIAN_POINT('',(5.796255118965,110.50979812403));
#1651 = CARTESIAN_POINT('',(5.801699862556,110.13874695283));
#1652 = CARTESIAN_POINT('',(5.805417603805,109.76275395212));
#1653 = CARTESIAN_POINT('',(5.807303057519,109.3828755443));
#1654 = CARTESIAN_POINT('',(5.807303057519,109.));
#1655 = ( GEOMETRIC_REPRESENTATION_CONTEXT(2) 
PARAMETRIC_REPRESENTATION_CONTEXT() REPRESENTATION_CONTEXT('2D SPACE',''
  ) );
#1656 = PCURVE('',#1657,#1662);
#1657 = CYLINDRICAL_SURFACE('',#1658,11.);
#1658 = AXIS2_PLACEMENT_3D('',#1659,#1660,#1661);
#1659 = CARTESIAN_POINT('',(109.,-22.,-5.));
#1660 = DIRECTION('',(-0.,1.,0.));
#1661 = DIRECTION('',(1.,0.,-0.));
#1662 = DEFINITIONAL_REPRESENTATION('',(#1663),#1678);
#1663 = B_SPLINE_CURVE_WITH_KNOTS('',7,(#1664,#1665,#1666,#1667,#1668,
    #1669,#1670,#1671,#1672,#1673,#1674,#1675,#1676,#1677),
  .UNSPECIFIED.,.F.,.F.,(8,6,8),(0.,0.61087028564,1.),.UNSPECIFIED.);
#1664 = CARTESIAN_POINT('',(0.998592492321,10.9999994));
#1665 = CARTESIAN_POINT('',(1.045389385476,11.361036933231));
#1666 = CARTESIAN_POINT('',(1.091995038237,11.71206047743));
#1667 = CARTESIAN_POINT('',(1.138860782322,12.051694959216));
#1668 = CARTESIAN_POINT('',(1.186316850712,12.376520193002));
#1669 = CARTESIAN_POINT('',(1.234597501638,12.68032934802));
#1670 = CARTESIAN_POINT('',(1.283900134971,12.95390044752));
#1671 = CARTESIAN_POINT('',(1.366728047743,13.333693533916));
#1672 = CARTESIAN_POINT('',(1.399731167321,13.465747980307));
#1673 = CARTESIAN_POINT('',(1.433271349105,13.5772062171));
#1674 = CARTESIAN_POINT('',(1.467204977115,13.66413773625));
#1675 = CARTESIAN_POINT('',(1.501455064535,13.723621459227));
#1676 = CARTESIAN_POINT('',(1.535989459131,13.753788748765));
#1677 = CARTESIAN_POINT('',(1.570796326795,13.753788748765));
#1678 = ( GEOMETRIC_REPRESENTATION_CONTEXT(2) 
PARAMETRIC_REPRESENTATION_CONTEXT() REPRESENTATION_CONTEXT('2D SPACE',''
  ) );
#1679 = ORIENTED_EDGE('',*,*,#1680,.F.);
#1680 = EDGE_CURVE('',#1681,#1620,#1683,.T.);
#1681 = VERTEX_POINT('',#1682);
#1682 = CARTESIAN_POINT('',(41.,-8.246211251235,-16.));
#1683 = SURFACE_CURVE('',#1684,(#1688,#1694),.PCURVE_S1.);
#1684 = LINE('',#1685,#1686);
#1685 = CARTESIAN_POINT('',(0.,-8.246211251235,-16.));
#1686 = VECTOR('',#1687,1.);
#1687 = DIRECTION('',(1.,0.,2.22044604925E-16));
#1688 = PCURVE('',#131,#1689);
#1689 = DEFINITIONAL_REPRESENTATION('',(#1690),#1693);
#1690 = B_SPLINE_CURVE_WITH_KNOTS('',1,(#1691,#1692),.UNSPECIFIED.,.F.,
  .F.,(2,2),(34.2,115.8),.PIECEWISE_BEZIER_KNOTS.);
#1691 = CARTESIAN_POINT('',(5.807303057519,34.2));
#1692 = CARTESIAN_POINT('',(5.807303057519,115.8));
#1693 = ( GEOMETRIC_REPRESENTATION_CONTEXT(2) 
PARAMETRIC_REPRESENTATION_CONTEXT() REPRESENTATION_CONTEXT('2D SPACE',''
  ) );
#1694 = PCURVE('',#1695,#1700);
#1695 = PLANE('',#1696);
#1696 = AXIS2_PLACEMENT_3D('',#1697,#1698,#1699);
#1697 = CARTESIAN_POINT('',(30.,-22.,-16.));
#1698 = DIRECTION('',(0.,0.,1.));
#1699 = DIRECTION('',(1.,0.,-0.));
#1700 = DEFINITIONAL_REPRESENTATION('',(#1701),#1704);
#1701 = B_SPLINE_CURVE_WITH_KNOTS('',1,(#1702,#1703),.UNSPECIFIED.,.F.,
  .F.,(2,2),(34.2,115.8),.PIECEWISE_BEZIER_KNOTS.);
#1702 = CARTESIAN_POINT('',(4.2,13.753788748765));
#1703 = CARTESIAN_POINT('',(85.8,13.753788748765));
#1704 = ( GEOMETRIC_REPRESENTATION_CONTEXT(2) 
PARAMETRIC_REPRESENTATION_CONTEXT() REPRESENTATION_CONTEXT('2D SPACE',''
  ) );
#1705 = ORIENTED_EDGE('',*,*,#1706,.F.);
#1706 = EDGE_CURVE('',#1707,#1681,#1709,.T.);
#1707 = VERTEX_POINT('',#1708);
#1708 = CARTESIAN_POINT('',(35.043653092058,-11.,-14.24780684877));
#1709 = SURFACE_CURVE('',#1710,(#1725,#1743),.PCURVE_S1.);
#1710 = B_SPLINE_CURVE_WITH_KNOTS('',7,(#1711,#1712,#1713,#1714,#1715,
    #1716,#1717,#1718,#1719,#1720,#1721,#1722,#1723,#1724),
  .UNSPECIFIED.,.F.,.F.,(8,6,8),(0.,0.60948644936,1.),.UNSPECIFIED.);
#1711 = CARTESIAN_POINT('',(35.043652381246,-11.00000059649,
    -14.24780639095));
#1712 = CARTESIAN_POINT('',(35.475481180581,-10.63974709901,
    -14.52593964027));
#1713 = CARTESIAN_POINT('',(35.920688490537,-10.28947490544,
    -14.77940578091));
#1714 = CARTESIAN_POINT('',(36.381656713792,-9.950550097837,
    -15.010229142));
#1715 = CARTESIAN_POINT('',(36.860528539691,-9.626351987827,
    -15.21854817917));
#1716 = CARTESIAN_POINT('',(37.358649091475,-9.323025547662,
    -15.40308182862));
#1717 = CARTESIAN_POINT('',(37.87685940627,-9.049719690077,
    -15.56192207796));
#1718 = CARTESIAN_POINT('',(38.762249670335,-8.668999750959,
    -15.77585266656));
#1719 = CARTESIAN_POINT('',(39.119423604654,-8.536135283506,
    -15.84834840699));
#1720 = CARTESIAN_POINT('',(39.485176303308,-8.423976567582,
    -15.90792276813));
#1721 = CARTESIAN_POINT('',(39.85739617145,-8.336481009426,
    -15.95347561754));
#1722 = CARTESIAN_POINT('',(40.234601761291,-8.276594467031,
    -15.98434095179));
#1723 = CARTESIAN_POINT('',(40.615756639264,-8.246211251235,-16.));
#1724 = CARTESIAN_POINT('',(41.,-8.246211251235,-16.));
#1725 = PCURVE('',#131,#1726);
#1726 = DEFINITIONAL_REPRESENTATION('',(#1727),#1742);
#1727 = B_SPLINE_CURVE_WITH_KNOTS('',7,(#1728,#1729,#1730,#1731,#1732,
    #1733,#1734,#1735,#1736,#1737,#1738,#1739,#1740,#1741),
  .UNSPECIFIED.,.F.,.F.,(8,6,8),(0.,0.60948644936,1.),.UNSPECIFIED.);
#1728 = CARTESIAN_POINT('',(5.625721709178,35.043652381246));
#1729 = CARTESIAN_POINT('',(5.651006548657,35.475481180581));
#1730 = CARTESIAN_POINT('',(5.675014988643,35.920688490537));
#1731 = CARTESIAN_POINT('',(5.697782164137,36.381656713791));
#1732 = CARTESIAN_POINT('',(5.719178301933,36.860528539692));
#1733 = CARTESIAN_POINT('',(5.738896674297,37.358649091475));
#1734 = CARTESIAN_POINT('',(5.756456562585,37.87685940627));
#1735 = CARTESIAN_POINT('',(5.780718123961,38.762249670335));
#1736 = CARTESIAN_POINT('',(5.78912613101,39.119423604654));
#1737 = CARTESIAN_POINT('',(5.796181029204,39.485176303308));
#1738 = CARTESIAN_POINT('',(5.801661190925,39.857396171449));
#1739 = CARTESIAN_POINT('',(5.805404108369,40.234601761291));
#1740 = CARTESIAN_POINT('',(5.807303057519,40.615756639264));
#1741 = CARTESIAN_POINT('',(5.807303057519,41.));
#1742 = ( GEOMETRIC_REPRESENTATION_CONTEXT(2) 
PARAMETRIC_REPRESENTATION_CONTEXT() REPRESENTATION_CONTEXT('2D SPACE',''
  ) );
#1743 = PCURVE('',#1744,#1749);
#1744 = CYLINDRICAL_SURFACE('',#1745,11.);
#1745 = AXIS2_PLACEMENT_3D('',#1746,#1747,#1748);
#1746 = CARTESIAN_POINT('',(41.,-22.,-5.));
#1747 = DIRECTION('',(-0.,1.,0.));
#1748 = DIRECTION('',(-1.,-0.,0.));
#1749 = DEFINITIONAL_REPRESENTATION('',(#1750),#1765);
#1750 = B_SPLINE_CURVE_WITH_KNOTS('',7,(#1751,#1752,#1753,#1754,#1755,
    #1756,#1757,#1758,#1759,#1760,#1761,#1762,#1763,#1764),
  .UNSPECIFIED.,.F.,.F.,(8,6,8),(0.,0.60948644936,1.),.UNSPECIFIED.);
#1751 = CARTESIAN_POINT('',(-0.998592492321,10.9999994));
#1752 = CARTESIAN_POINT('',(-1.045287760483,11.360252897487));
#1753 = CARTESIAN_POINT('',(-1.091791226486,11.710525113079));
#1754 = CARTESIAN_POINT('',(-1.138551161361,12.049449875427));
#1755 = CARTESIAN_POINT('',(-1.185897484356,12.373648030937));
#1756 = CARTESIAN_POINT('',(-1.234064323367,12.676974446626));
#1757 = CARTESIAN_POINT('',(-1.283248075503,12.950280309923));
#1758 = CARTESIAN_POINT('',(-1.366054342306,13.331000249041));
#1759 = CARTESIAN_POINT('',(-1.399164326656,13.463864716494));
#1760 = CARTESIAN_POINT('',(-1.432811698971,13.576023432418));
#1761 = CARTESIAN_POINT('',(-1.466853611469,13.663518990573));
#1762 = CARTESIAN_POINT('',(-1.501214674624,13.723405532969));
#1763 = CARTESIAN_POINT('',(-1.535865112183,13.753788748765));
#1764 = CARTESIAN_POINT('',(-1.570796326795,13.753788748765));
#1765 = ( GEOMETRIC_REPRESENTATION_CONTEXT(2) 
PARAMETRIC_REPRESENTATION_CONTEXT() REPRESENTATION_CONTEXT('2D SPACE',''
  ) );
#1766 = ORIENTED_EDGE('',*,*,#1767,.F.);
#1767 = EDGE_CURVE('',#144,#1707,#1768,.T.);
#1768 = SURFACE_CURVE('',#1769,(#1776,#1786),.PCURVE_S1.);
#1769 = B_SPLINE_CURVE_WITH_KNOTS('',5,(#1770,#1771,#1772,#1773,#1774,
    #1775),.UNSPECIFIED.,.F.,.F.,(6,6),(0.,1.),
  .PIECEWISE_BEZIER_KNOTS.);
#1770 = CARTESIAN_POINT('',(33.9999994,-11.98744118038,-13.42763024315)
  );
#1771 = CARTESIAN_POINT('',(34.194369849669,-11.77928093633,
    -13.61346412719));
#1772 = CARTESIAN_POINT('',(34.3964885311,-11.5755925987,-13.78805709188
    ));
#1773 = CARTESIAN_POINT('',(34.605776355811,-11.37728864959,
    -13.95171950546));
#1774 = CARTESIAN_POINT('',(34.821673727255,-11.18518643515,
    -14.10483391207));
#1775 = CARTESIAN_POINT('',(35.043653092058,-11.,-14.24780684877));
#1776 = PCURVE('',#131,#1777);
#1777 = DEFINITIONAL_REPRESENTATION('',(#1778),#1785);
#1778 = B_SPLINE_CURVE_WITH_KNOTS('',5,(#1779,#1780,#1781,#1782,#1783,
    #1784),.UNSPECIFIED.,.F.,.F.,(6,6),(0.,1.),
  .PIECEWISE_BEZIER_KNOTS.);
#1779 = CARTESIAN_POINT('',(5.554393338694,33.9999994));
#1780 = CARTESIAN_POINT('',(5.569895719999,34.194369849669));
#1781 = CARTESIAN_POINT('',(5.584796874521,34.3964885311));
#1782 = CARTESIAN_POINT('',(5.599078241174,34.605776355811));
#1783 = CARTESIAN_POINT('',(5.612724211098,34.821673727255));
#1784 = CARTESIAN_POINT('',(5.625721750798,35.043653092058));
#1785 = ( GEOMETRIC_REPRESENTATION_CONTEXT(2) 
PARAMETRIC_REPRESENTATION_CONTEXT() REPRESENTATION_CONTEXT('2D SPACE',''
  ) );
#1786 = PCURVE('',#184,#1787);
#1787 = DEFINITIONAL_REPRESENTATION('',(#1788),#1795);
#1788 = B_SPLINE_CURVE_WITH_KNOTS('',5,(#1789,#1790,#1791,#1792,#1793,
    #1794),.UNSPECIFIED.,.F.,.F.,(6,6),(0.,1.),
  .PIECEWISE_BEZIER_KNOTS.);
#1789 = CARTESIAN_POINT('',(0.140138368078,-0.872826064683));
#1790 = CARTESIAN_POINT('',(0.114821885446,-0.899113504533));
#1791 = CARTESIAN_POINT('',(8.830155062603E-02,-0.924840620485));
#1792 = CARTESIAN_POINT('',(6.044573686481E-02,-0.950001232305));
#1793 = CARTESIAN_POINT('',(3.109060603966E-02,-0.974589108857));
#1794 = CARTESIAN_POINT('',(0.,-0.998592569184));
#1795 = ( GEOMETRIC_REPRESENTATION_CONTEXT(2) 
PARAMETRIC_REPRESENTATION_CONTEXT() REPRESENTATION_CONTEXT('2D SPACE',''
  ) );
#1796 = ADVANCED_FACE('',(#1797),#426,.T.);
#1797 = FACE_BOUND('',#1798,.F.);
#1798 = EDGE_LOOP('',(#1799,#1821,#1848,#1870,#1871));
#1799 = ORIENTED_EDGE('',*,*,#1800,.F.);
#1800 = EDGE_CURVE('',#1801,#526,#1803,.T.);
#1801 = VERTEX_POINT('',#1802);
#1802 = CARTESIAN_POINT('',(41.,11.,-16.));
#1803 = SURFACE_CURVE('',#1804,(#1809,#1815),.PCURVE_S1.);
#1804 = CIRCLE('',#1805,11.);
#1805 = AXIS2_PLACEMENT_3D('',#1806,#1807,#1808);
#1806 = CARTESIAN_POINT('',(41.,11.,-5.));
#1807 = DIRECTION('',(1.614869854E-16,1.,-0.));
#1808 = DIRECTION('',(-1.,1.614869854E-16,0.));
#1809 = PCURVE('',#426,#1810);
#1810 = DEFINITIONAL_REPRESENTATION('',(#1811),#1814);
#1811 = B_SPLINE_CURVE_WITH_KNOTS('',1,(#1812,#1813),.UNSPECIFIED.,.F.,
  .F.,(2,2),(4.712388980385,6.28318530718),.PIECEWISE_BEZIER_KNOTS.);
#1812 = CARTESIAN_POINT('',(0.,-1.570796326795));
#1813 = CARTESIAN_POINT('',(0.,0.));
#1814 = ( GEOMETRIC_REPRESENTATION_CONTEXT(2) 
PARAMETRIC_REPRESENTATION_CONTEXT() REPRESENTATION_CONTEXT('2D SPACE',''
  ) );
#1815 = PCURVE('',#595,#1816);
#1816 = DEFINITIONAL_REPRESENTATION('',(#1817),#1820);
#1817 = B_SPLINE_CURVE_WITH_KNOTS('',1,(#1818,#1819),.UNSPECIFIED.,.F.,
  .F.,(2,2),(4.712388980385,6.28318530718),.PIECEWISE_BEZIER_KNOTS.);
#1818 = CARTESIAN_POINT('',(-1.570796326795,33.));
#1819 = CARTESIAN_POINT('',(0.,33.));
#1820 = ( GEOMETRIC_REPRESENTATION_CONTEXT(2) 
PARAMETRIC_REPRESENTATION_CONTEXT() REPRESENTATION_CONTEXT('2D SPACE',''
  ) );
#1821 = ORIENTED_EDGE('',*,*,#1822,.T.);
#1822 = EDGE_CURVE('',#1801,#1823,#1825,.T.);
#1823 = VERTEX_POINT('',#1824);
#1824 = CARTESIAN_POINT('',(41.,22.,-5.));
#1825 = SURFACE_CURVE('',#1826,(#1831,#1837),.PCURVE_S1.);
#1826 = CIRCLE('',#1827,11.);
#1827 = AXIS2_PLACEMENT_3D('',#1828,#1829,#1830);
#1828 = CARTESIAN_POINT('',(41.,11.,-5.));
#1829 = DIRECTION('',(1.,-1.002546454427E-16,0.));
#1830 = DIRECTION('',(1.002546454427E-16,1.,0.));
#1831 = PCURVE('',#426,#1832);
#1832 = DEFINITIONAL_REPRESENTATION('',(#1833),#1836);
#1833 = B_SPLINE_CURVE_WITH_KNOTS('',1,(#1834,#1835),.UNSPECIFIED.,.F.,
  .F.,(2,2),(4.712388980385,6.28318530718),.PIECEWISE_BEZIER_KNOTS.);
#1834 = CARTESIAN_POINT('',(-1.570796326795,-1.570796326795));
#1835 = CARTESIAN_POINT('',(-1.570796326795,0.));
#1836 = ( GEOMETRIC_REPRESENTATION_CONTEXT(2) 
PARAMETRIC_REPRESENTATION_CONTEXT() REPRESENTATION_CONTEXT('2D SPACE',''
  ) );
#1837 = PCURVE('',#1838,#1843);
#1838 = CYLINDRICAL_SURFACE('',#1839,11.);
#1839 = AXIS2_PLACEMENT_3D('',#1840,#1841,#1842);
#1840 = CARTESIAN_POINT('',(30.,11.,-5.));
#1841 = DIRECTION('',(1.,0.,-0.));
#1842 = DIRECTION('',(0.,1.,0.));
#1843 = DEFINITIONAL_REPRESENTATION('',(#1844),#1847);
#1844 = B_SPLINE_CURVE_WITH_KNOTS('',1,(#1845,#1846),.UNSPECIFIED.,.F.,
  .F.,(2,2),(4.712388980385,6.28318530718),.PIECEWISE_BEZIER_KNOTS.);
#1845 = CARTESIAN_POINT('',(-1.570796326795,11.));
#1846 = CARTESIAN_POINT('',(0.,11.));
#1847 = ( GEOMETRIC_REPRESENTATION_CONTEXT(2) 
PARAMETRIC_REPRESENTATION_CONTEXT() REPRESENTATION_CONTEXT('2D SPACE',''
  ) );
#1848 = ORIENTED_EDGE('',*,*,#1849,.F.);
#1849 = EDGE_CURVE('',#386,#1823,#1850,.T.);
#1850 = SURFACE_CURVE('',#1851,(#1856,#1863),.PCURVE_S1.);
#1851 = CIRCLE('',#1852,11.);
#1852 = AXIS2_PLACEMENT_3D('',#1853,#1854,#1855);
#1853 = CARTESIAN_POINT('',(41.,11.,-5.));
#1854 = DIRECTION('',(-0.,0.,-1.));
#1855 = DIRECTION('',(-1.,1.614869854E-16,0.));
#1856 = PCURVE('',#426,#1857);
#1857 = DEFINITIONAL_REPRESENTATION('',(#1858),#1862);
#1858 = LINE('',#1859,#1860);
#1859 = CARTESIAN_POINT('',(-0.,0.));
#1860 = VECTOR('',#1861,1.);
#1861 = DIRECTION('',(-1.,0.));
#1862 = ( GEOMETRIC_REPRESENTATION_CONTEXT(2) 
PARAMETRIC_REPRESENTATION_CONTEXT() REPRESENTATION_CONTEXT('2D SPACE',''
  ) );
#1863 = PCURVE('',#400,#1864);
#1864 = DEFINITIONAL_REPRESENTATION('',(#1865),#1869);
#1865 = LINE('',#1866,#1867);
#1866 = CARTESIAN_POINT('',(-0.,11.));
#1867 = VECTOR('',#1868,1.);
#1868 = DIRECTION('',(-1.,0.));
#1869 = ( GEOMETRIC_REPRESENTATION_CONTEXT(2) 
PARAMETRIC_REPRESENTATION_CONTEXT() REPRESENTATION_CONTEXT('2D SPACE',''
  ) );
#1870 = ORIENTED_EDGE('',*,*,#411,.F.);
#1871 = ORIENTED_EDGE('',*,*,#525,.F.);
#1872 = ADVANCED_FACE('',(#1873),#400,.T.);
#1873 = FACE_BOUND('',#1874,.F.);
#1874 = EDGE_LOOP('',(#1875,#1876,#1877,#1905));
#1875 = ORIENTED_EDGE('',*,*,#385,.F.);
#1876 = ORIENTED_EDGE('',*,*,#1849,.T.);
#1877 = ORIENTED_EDGE('',*,*,#1878,.T.);
#1878 = EDGE_CURVE('',#1823,#1879,#1881,.T.);
#1879 = VERTEX_POINT('',#1880);
#1880 = CARTESIAN_POINT('',(41.,22.,5.));
#1881 = SURFACE_CURVE('',#1882,(#1886,#1893),.PCURVE_S1.);
#1882 = LINE('',#1883,#1884);
#1883 = CARTESIAN_POINT('',(41.,22.,-16.));
#1884 = VECTOR('',#1885,1.);
#1885 = DIRECTION('',(0.,0.,1.));
#1886 = PCURVE('',#400,#1887);
#1887 = DEFINITIONAL_REPRESENTATION('',(#1888),#1892);
#1888 = LINE('',#1889,#1890);
#1889 = CARTESIAN_POINT('',(-1.570796326795,0.));
#1890 = VECTOR('',#1891,1.);
#1891 = DIRECTION('',(-0.,1.));
#1892 = ( GEOMETRIC_REPRESENTATION_CONTEXT(2) 
PARAMETRIC_REPRESENTATION_CONTEXT() REPRESENTATION_CONTEXT('2D SPACE',''
  ) );
#1893 = PCURVE('',#1894,#1899);
#1894 = PLANE('',#1895);
#1895 = AXIS2_PLACEMENT_3D('',#1896,#1897,#1898);
#1896 = CARTESIAN_POINT('',(30.,22.,-16.));
#1897 = DIRECTION('',(-0.,1.,0.));
#1898 = DIRECTION('',(0.,0.,1.));
#1899 = DEFINITIONAL_REPRESENTATION('',(#1900),#1904);
#1900 = LINE('',#1901,#1902);
#1901 = CARTESIAN_POINT('',(0.,11.));
#1902 = VECTOR('',#1903,1.);
#1903 = DIRECTION('',(1.,0.));
#1904 = ( GEOMETRIC_REPRESENTATION_CONTEXT(2) 
PARAMETRIC_REPRESENTATION_CONTEXT() REPRESENTATION_CONTEXT('2D SPACE',''
  ) );
#1905 = ORIENTED_EDGE('',*,*,#1906,.T.);
#1906 = EDGE_CURVE('',#1879,#330,#1907,.T.);
#1907 = SURFACE_CURVE('',#1908,(#1913,#1919),.PCURVE_S1.);
#1908 = CIRCLE('',#1909,11.);
#1909 = AXIS2_PLACEMENT_3D('',#1910,#1911,#1912);
#1910 = CARTESIAN_POINT('',(41.,11.,5.));
#1911 = DIRECTION('',(1.614869854E-16,0.,1.));
#1912 = DIRECTION('',(-1.,-0.,1.614869854E-16));
#1913 = PCURVE('',#400,#1914);
#1914 = DEFINITIONAL_REPRESENTATION('',(#1915),#1918);
#1915 = B_SPLINE_CURVE_WITH_KNOTS('',1,(#1916,#1917),.UNSPECIFIED.,.F.,
  .F.,(2,2),(4.712388980385,6.28318530718),.PIECEWISE_BEZIER_KNOTS.);
#1916 = CARTESIAN_POINT('',(-1.570796326795,21.));
#1917 = CARTESIAN_POINT('',(0.,21.));
#1918 = ( GEOMETRIC_REPRESENTATION_CONTEXT(2) 
PARAMETRIC_REPRESENTATION_CONTEXT() REPRESENTATION_CONTEXT('2D SPACE',''
  ) );
#1919 = PCURVE('',#346,#1920);
#1920 = DEFINITIONAL_REPRESENTATION('',(#1921),#1924);
#1921 = B_SPLINE_CURVE_WITH_KNOTS('',1,(#1922,#1923),.UNSPECIFIED.,.F.,
  .F.,(2,2),(4.712388980385,6.28318530718),.PIECEWISE_BEZIER_KNOTS.);
#1922 = CARTESIAN_POINT('',(0.,-1.570796326795));
#1923 = CARTESIAN_POINT('',(0.,0.));
#1924 = ( GEOMETRIC_REPRESENTATION_CONTEXT(2) 
PARAMETRIC_REPRESENTATION_CONTEXT() REPRESENTATION_CONTEXT('2D SPACE',''
  ) );
#1925 = ADVANCED_FACE('',(#1926),#346,.T.);
#1926 = FACE_BOUND('',#1927,.F.);
#1927 = EDGE_LOOP('',(#1928,#1929,#1956,#1978,#1979));
#1928 = ORIENTED_EDGE('',*,*,#1906,.F.);
#1929 = ORIENTED_EDGE('',*,*,#1930,.T.);
#1930 = EDGE_CURVE('',#1879,#1931,#1933,.T.);
#1931 = VERTEX_POINT('',#1932);
#1932 = CARTESIAN_POINT('',(41.,11.,16.));
#1933 = SURFACE_CURVE('',#1934,(#1939,#1945),.PCURVE_S1.);
#1934 = CIRCLE('',#1935,11.);
#1935 = AXIS2_PLACEMENT_3D('',#1936,#1937,#1938);
#1936 = CARTESIAN_POINT('',(41.,11.,5.));
#1937 = DIRECTION('',(1.,0.,-1.002546454427E-16));
#1938 = DIRECTION('',(1.002546454427E-16,-0.,1.));
#1939 = PCURVE('',#346,#1940);
#1940 = DEFINITIONAL_REPRESENTATION('',(#1941),#1944);
#1941 = B_SPLINE_CURVE_WITH_KNOTS('',1,(#1942,#1943),.UNSPECIFIED.,.F.,
  .F.,(2,2),(4.712388980385,6.28318530718),.PIECEWISE_BEZIER_KNOTS.);
#1942 = CARTESIAN_POINT('',(-1.570796326795,-1.570796326795));
#1943 = CARTESIAN_POINT('',(-1.570796326795,0.));
#1944 = ( GEOMETRIC_REPRESENTATION_CONTEXT(2) 
PARAMETRIC_REPRESENTATION_CONTEXT() REPRESENTATION_CONTEXT('2D SPACE',''
  ) );
#1945 = PCURVE('',#1946,#1951);
#1946 = CYLINDRICAL_SURFACE('',#1947,11.);
#1947 = AXIS2_PLACEMENT_3D('',#1948,#1949,#1950);
#1948 = CARTESIAN_POINT('',(30.,11.,5.));
#1949 = DIRECTION('',(1.,0.,-0.));
#1950 = DIRECTION('',(0.,1.,0.));
#1951 = DEFINITIONAL_REPRESENTATION('',(#1952),#1955);
#1952 = B_SPLINE_CURVE_WITH_KNOTS('',1,(#1953,#1954),.UNSPECIFIED.,.F.,
  .F.,(2,2),(4.712388980385,6.28318530718),.PIECEWISE_BEZIER_KNOTS.);
#1953 = CARTESIAN_POINT('',(0.,11.));
#1954 = CARTESIAN_POINT('',(1.570796326795,11.));
#1955 = ( GEOMETRIC_REPRESENTATION_CONTEXT(2) 
PARAMETRIC_REPRESENTATION_CONTEXT() REPRESENTATION_CONTEXT('2D SPACE',''
  ) );
#1956 = ORIENTED_EDGE('',*,*,#1957,.F.);
#1957 = EDGE_CURVE('',#1063,#1931,#1958,.T.);
#1958 = SURFACE_CURVE('',#1959,(#1964,#1971),.PCURVE_S1.);
#1959 = CIRCLE('',#1960,11.);
#1960 = AXIS2_PLACEMENT_3D('',#1961,#1962,#1963);
#1961 = CARTESIAN_POINT('',(41.,11.,5.));
#1962 = DIRECTION('',(-0.,1.,0.));
#1963 = DIRECTION('',(-1.,-0.,1.614869854E-16));
#1964 = PCURVE('',#346,#1965);
#1965 = DEFINITIONAL_REPRESENTATION('',(#1966),#1970);
#1966 = LINE('',#1967,#1968);
#1967 = CARTESIAN_POINT('',(-0.,0.));
#1968 = VECTOR('',#1969,1.);
#1969 = DIRECTION('',(-1.,0.));
#1970 = ( GEOMETRIC_REPRESENTATION_CONTEXT(2) 
PARAMETRIC_REPRESENTATION_CONTEXT() REPRESENTATION_CONTEXT('2D SPACE',''
  ) );
#1971 = PCURVE('',#1100,#1972);
#1972 = DEFINITIONAL_REPRESENTATION('',(#1973),#1977);
#1973 = LINE('',#1974,#1975);
#1974 = CARTESIAN_POINT('',(0.,33.));
#1975 = VECTOR('',#1976,1.);
#1976 = DIRECTION('',(1.,0.));
#1977 = ( GEOMETRIC_REPRESENTATION_CONTEXT(2) 
PARAMETRIC_REPRESENTATION_CONTEXT() REPRESENTATION_CONTEXT('2D SPACE',''
  ) );
#1978 = ORIENTED_EDGE('',*,*,#1123,.F.);
#1979 = ORIENTED_EDGE('',*,*,#329,.F.);
#1980 = ADVANCED_FACE('',(#1981),#266,.T.);
#1981 = FACE_BOUND('',#1982,.F.);
#1982 = EDGE_LOOP('',(#1983,#2005,#2032,#2054,#2055));
#1983 = ORIENTED_EDGE('',*,*,#1984,.F.);
#1984 = EDGE_CURVE('',#1985,#1155,#1987,.T.);
#1985 = VERTEX_POINT('',#1986);
#1986 = CARTESIAN_POINT('',(41.,-11.,16.));
#1987 = SURFACE_CURVE('',#1988,(#1993,#1999),.PCURVE_S1.);
#1988 = CIRCLE('',#1989,11.);
#1989 = AXIS2_PLACEMENT_3D('',#1990,#1991,#1992);
#1990 = CARTESIAN_POINT('',(41.,-11.,5.));
#1991 = DIRECTION('',(0.,-1.,0.));
#1992 = DIRECTION('',(-1.,0.,0.));
#1993 = PCURVE('',#266,#1994);
#1994 = DEFINITIONAL_REPRESENTATION('',(#1995),#1998);
#1995 = B_SPLINE_CURVE_WITH_KNOTS('',1,(#1996,#1997),.UNSPECIFIED.,.F.,
  .F.,(2,2),(4.712388980385,6.28318530718),.PIECEWISE_BEZIER_KNOTS.);
#1996 = CARTESIAN_POINT('',(0.,-1.570796326795));
#1997 = CARTESIAN_POINT('',(0.,0.));
#1998 = ( GEOMETRIC_REPRESENTATION_CONTEXT(2) 
PARAMETRIC_REPRESENTATION_CONTEXT() REPRESENTATION_CONTEXT('2D SPACE',''
  ) );
#1999 = PCURVE('',#1224,#2000);
#2000 = DEFINITIONAL_REPRESENTATION('',(#2001),#2004);
#2001 = B_SPLINE_CURVE_WITH_KNOTS('',1,(#2002,#2003),.UNSPECIFIED.,.F.,
  .F.,(2,2),(4.712388980385,6.28318530718),.PIECEWISE_BEZIER_KNOTS.);
#2002 = CARTESIAN_POINT('',(1.570796326795,11.));
#2003 = CARTESIAN_POINT('',(0.,11.));
#2004 = ( GEOMETRIC_REPRESENTATION_CONTEXT(2) 
PARAMETRIC_REPRESENTATION_CONTEXT() REPRESENTATION_CONTEXT('2D SPACE',''
  ) );
#2005 = ORIENTED_EDGE('',*,*,#2006,.T.);
#2006 = EDGE_CURVE('',#1985,#2007,#2009,.T.);
#2007 = VERTEX_POINT('',#2008);
#2008 = CARTESIAN_POINT('',(41.,-22.,5.));
#2009 = SURFACE_CURVE('',#2010,(#2015,#2021),.PCURVE_S1.);
#2010 = CIRCLE('',#2011,11.);
#2011 = AXIS2_PLACEMENT_3D('',#2012,#2013,#2014);
#2012 = CARTESIAN_POINT('',(41.,-11.,5.));
#2013 = DIRECTION('',(1.,-6.123233995737E-17,0.));
#2014 = DIRECTION('',(-6.123233995737E-17,-1.,0.));
#2015 = PCURVE('',#266,#2016);
#2016 = DEFINITIONAL_REPRESENTATION('',(#2017),#2020);
#2017 = B_SPLINE_CURVE_WITH_KNOTS('',1,(#2018,#2019),.UNSPECIFIED.,.F.,
  .F.,(2,2),(4.712388980385,6.28318530718),.PIECEWISE_BEZIER_KNOTS.);
#2018 = CARTESIAN_POINT('',(-1.570796326795,-1.570796326795));
#2019 = CARTESIAN_POINT('',(-1.570796326795,0.));
#2020 = ( GEOMETRIC_REPRESENTATION_CONTEXT(2) 
PARAMETRIC_REPRESENTATION_CONTEXT() REPRESENTATION_CONTEXT('2D SPACE',''
  ) );
#2021 = PCURVE('',#2022,#2027);
#2022 = CYLINDRICAL_SURFACE('',#2023,11.);
#2023 = AXIS2_PLACEMENT_3D('',#2024,#2025,#2026);
#2024 = CARTESIAN_POINT('',(30.,-11.,5.));
#2025 = DIRECTION('',(1.,0.,-0.));
#2026 = DIRECTION('',(0.,-1.,0.));
#2027 = DEFINITIONAL_REPRESENTATION('',(#2028),#2031);
#2028 = B_SPLINE_CURVE_WITH_KNOTS('',1,(#2029,#2030),.UNSPECIFIED.,.F.,
  .F.,(2,2),(4.712388980385,6.28318530718),.PIECEWISE_BEZIER_KNOTS.);
#2029 = CARTESIAN_POINT('',(-1.570796326795,11.));
#2030 = CARTESIAN_POINT('',(0.,11.));
#2031 = ( GEOMETRIC_REPRESENTATION_CONTEXT(2) 
PARAMETRIC_REPRESENTATION_CONTEXT() REPRESENTATION_CONTEXT('2D SPACE',''
  ) );
#2032 = ORIENTED_EDGE('',*,*,#2033,.F.);
#2033 = EDGE_CURVE('',#224,#2007,#2034,.T.);
#2034 = SURFACE_CURVE('',#2035,(#2040,#2047),.PCURVE_S1.);
#2035 = CIRCLE('',#2036,11.);
#2036 = AXIS2_PLACEMENT_3D('',#2037,#2038,#2039);
#2037 = CARTESIAN_POINT('',(41.,-11.,5.));
#2038 = DIRECTION('',(0.,0.,1.));
#2039 = DIRECTION('',(-1.,0.,0.));
#2040 = PCURVE('',#266,#2041);
#2041 = DEFINITIONAL_REPRESENTATION('',(#2042),#2046);
#2042 = LINE('',#2043,#2044);
#2043 = CARTESIAN_POINT('',(-0.,0.));
#2044 = VECTOR('',#2045,1.);
#2045 = DIRECTION('',(-1.,0.));
#2046 = ( GEOMETRIC_REPRESENTATION_CONTEXT(2) 
PARAMETRIC_REPRESENTATION_CONTEXT() REPRESENTATION_CONTEXT('2D SPACE',''
  ) );
#2047 = PCURVE('',#238,#2048);
#2048 = DEFINITIONAL_REPRESENTATION('',(#2049),#2053);
#2049 = LINE('',#2050,#2051);
#2050 = CARTESIAN_POINT('',(0.,21.));
#2051 = VECTOR('',#2052,1.);
#2052 = DIRECTION('',(1.,0.));
#2053 = ( GEOMETRIC_REPRESENTATION_CONTEXT(2) 
PARAMETRIC_REPRESENTATION_CONTEXT() REPRESENTATION_CONTEXT('2D SPACE',''
  ) );
#2054 = ORIENTED_EDGE('',*,*,#249,.F.);
#2055 = ORIENTED_EDGE('',*,*,#1154,.F.);
#2056 = ADVANCED_FACE('',(#2057),#238,.T.);
#2057 = FACE_BOUND('',#2058,.T.);
#2058 = EDGE_LOOP('',(#2059,#2060,#2084,#2110));
#2059 = ORIENTED_EDGE('',*,*,#223,.F.);
#2060 = ORIENTED_EDGE('',*,*,#2061,.T.);
#2061 = EDGE_CURVE('',#168,#2062,#2064,.T.);
#2062 = VERTEX_POINT('',#2063);
#2063 = CARTESIAN_POINT('',(41.,-22.,-5.));
#2064 = SURFACE_CURVE('',#2065,(#2070,#2077),.PCURVE_S1.);
#2065 = CIRCLE('',#2066,11.);
#2066 = AXIS2_PLACEMENT_3D('',#2067,#2068,#2069);
#2067 = CARTESIAN_POINT('',(41.,-11.,-5.));
#2068 = DIRECTION('',(0.,0.,1.));
#2069 = DIRECTION('',(-1.,0.,0.));
#2070 = PCURVE('',#238,#2071);
#2071 = DEFINITIONAL_REPRESENTATION('',(#2072),#2076);
#2072 = LINE('',#2073,#2074);
#2073 = CARTESIAN_POINT('',(0.,11.));
#2074 = VECTOR('',#2075,1.);
#2075 = DIRECTION('',(1.,0.));
#2076 = ( GEOMETRIC_REPRESENTATION_CONTEXT(2) 
PARAMETRIC_REPRESENTATION_CONTEXT() REPRESENTATION_CONTEXT('2D SPACE',''
  ) );
#2077 = PCURVE('',#184,#2078);
#2078 = DEFINITIONAL_REPRESENTATION('',(#2079),#2083);
#2079 = LINE('',#2080,#2081);
#2080 = CARTESIAN_POINT('',(0.,0.));
#2081 = VECTOR('',#2082,1.);
#2082 = DIRECTION('',(1.,0.));
#2083 = ( GEOMETRIC_REPRESENTATION_CONTEXT(2) 
PARAMETRIC_REPRESENTATION_CONTEXT() REPRESENTATION_CONTEXT('2D SPACE',''
  ) );
#2084 = ORIENTED_EDGE('',*,*,#2085,.T.);
#2085 = EDGE_CURVE('',#2062,#2007,#2086,.T.);
#2086 = SURFACE_CURVE('',#2087,(#2091,#2098),.PCURVE_S1.);
#2087 = LINE('',#2088,#2089);
#2088 = CARTESIAN_POINT('',(41.,-22.,-16.));
#2089 = VECTOR('',#2090,1.);
#2090 = DIRECTION('',(0.,0.,1.));
#2091 = PCURVE('',#238,#2092);
#2092 = DEFINITIONAL_REPRESENTATION('',(#2093),#2097);
#2093 = LINE('',#2094,#2095);
#2094 = CARTESIAN_POINT('',(1.570796326795,0.));
#2095 = VECTOR('',#2096,1.);
#2096 = DIRECTION('',(0.,1.));
#2097 = ( GEOMETRIC_REPRESENTATION_CONTEXT(2) 
PARAMETRIC_REPRESENTATION_CONTEXT() REPRESENTATION_CONTEXT('2D SPACE',''
  ) );
#2098 = PCURVE('',#2099,#2104);
#2099 = PLANE('',#2100);
#2100 = AXIS2_PLACEMENT_3D('',#2101,#2102,#2103);
#2101 = CARTESIAN_POINT('',(30.,-22.,-16.));
#2102 = DIRECTION('',(-0.,1.,0.));
#2103 = DIRECTION('',(0.,0.,1.));
#2104 = DEFINITIONAL_REPRESENTATION('',(#2105),#2109);
#2105 = LINE('',#2106,#2107);
#2106 = CARTESIAN_POINT('',(0.,11.));
#2107 = VECTOR('',#2108,1.);
#2108 = DIRECTION('',(1.,0.));
#2109 = ( GEOMETRIC_REPRESENTATION_CONTEXT(2) 
PARAMETRIC_REPRESENTATION_CONTEXT() REPRESENTATION_CONTEXT('2D SPACE',''
  ) );
#2110 = ORIENTED_EDGE('',*,*,#2033,.F.);
#2111 = ADVANCED_FACE('',(#2112),#184,.T.);
#2112 = FACE_BOUND('',#2113,.T.);
#2113 = EDGE_LOOP('',(#2114,#2136,#2161,#2162,#2163));
#2114 = ORIENTED_EDGE('',*,*,#2115,.F.);
#2115 = EDGE_CURVE('',#2116,#1707,#2118,.T.);
#2116 = VERTEX_POINT('',#2117);
#2117 = CARTESIAN_POINT('',(41.,-11.,-16.));
#2118 = SURFACE_CURVE('',#2119,(#2124,#2130),.PCURVE_S1.);
#2119 = CIRCLE('',#2120,11.);
#2120 = AXIS2_PLACEMENT_3D('',#2121,#2122,#2123);
#2121 = CARTESIAN_POINT('',(41.,-11.,-5.));
#2122 = DIRECTION('',(0.,1.,-0.));
#2123 = DIRECTION('',(-1.,0.,0.));
#2124 = PCURVE('',#184,#2125);
#2125 = DEFINITIONAL_REPRESENTATION('',(#2126),#2129);
#2126 = B_SPLINE_CURVE_WITH_KNOTS('',1,(#2127,#2128),.UNSPECIFIED.,.F.,
  .F.,(2,2),(4.712388980385,6.28318530718),.PIECEWISE_BEZIER_KNOTS.);
#2127 = CARTESIAN_POINT('',(0.,-1.570796326795));
#2128 = CARTESIAN_POINT('',(0.,0.));
#2129 = ( GEOMETRIC_REPRESENTATION_CONTEXT(2) 
PARAMETRIC_REPRESENTATION_CONTEXT() REPRESENTATION_CONTEXT('2D SPACE',''
  ) );
#2130 = PCURVE('',#1744,#2131);
#2131 = DEFINITIONAL_REPRESENTATION('',(#2132),#2135);
#2132 = B_SPLINE_CURVE_WITH_KNOTS('',1,(#2133,#2134),.UNSPECIFIED.,.F.,
  .F.,(2,2),(4.712388980385,6.28318530718),.PIECEWISE_BEZIER_KNOTS.);
#2133 = CARTESIAN_POINT('',(-1.570796326795,11.));
#2134 = CARTESIAN_POINT('',(0.,11.));
#2135 = ( GEOMETRIC_REPRESENTATION_CONTEXT(2) 
PARAMETRIC_REPRESENTATION_CONTEXT() REPRESENTATION_CONTEXT('2D SPACE',''
  ) );
#2136 = ORIENTED_EDGE('',*,*,#2137,.T.);
#2137 = EDGE_CURVE('',#2116,#2062,#2138,.T.);
#2138 = SURFACE_CURVE('',#2139,(#2144,#2150),.PCURVE_S1.);
#2139 = CIRCLE('',#2140,11.);
#2140 = AXIS2_PLACEMENT_3D('',#2141,#2142,#2143);
#2141 = CARTESIAN_POINT('',(41.,-11.,-5.));
#2142 = DIRECTION('',(-1.,6.123233995737E-17,0.));
#2143 = DIRECTION('',(-6.123233995737E-17,-1.,0.));
#2144 = PCURVE('',#184,#2145);
#2145 = DEFINITIONAL_REPRESENTATION('',(#2146),#2149);
#2146 = B_SPLINE_CURVE_WITH_KNOTS('',1,(#2147,#2148),.UNSPECIFIED.,.F.,
  .F.,(2,2),(4.712388980385,6.28318530718),.PIECEWISE_BEZIER_KNOTS.);
#2147 = CARTESIAN_POINT('',(1.570796326795,-1.570796326795));
#2148 = CARTESIAN_POINT('',(1.570796326795,0.));
#2149 = ( GEOMETRIC_REPRESENTATION_CONTEXT(2) 
PARAMETRIC_REPRESENTATION_CONTEXT() REPRESENTATION_CONTEXT('2D SPACE',''
  ) );
#2150 = PCURVE('',#2151,#2156);
#2151 = CYLINDRICAL_SURFACE('',#2152,11.);
#2152 = AXIS2_PLACEMENT_3D('',#2153,#2154,#2155);
#2153 = CARTESIAN_POINT('',(30.,-11.,-5.));
#2154 = DIRECTION('',(1.,0.,-0.));
#2155 = DIRECTION('',(0.,-1.,0.));
#2156 = DEFINITIONAL_REPRESENTATION('',(#2157),#2160);
#2157 = B_SPLINE_CURVE_WITH_KNOTS('',1,(#2158,#2159),.UNSPECIFIED.,.F.,
  .F.,(2,2),(4.712388980385,6.28318530718),.PIECEWISE_BEZIER_KNOTS.);
#2158 = CARTESIAN_POINT('',(1.570796326795,11.));
#2159 = CARTESIAN_POINT('',(0.,11.));
#2160 = ( GEOMETRIC_REPRESENTATION_CONTEXT(2) 
PARAMETRIC_REPRESENTATION_CONTEXT() REPRESENTATION_CONTEXT('2D SPACE',''
  ) );
#2161 = ORIENTED_EDGE('',*,*,#2061,.F.);
#2162 = ORIENTED_EDGE('',*,*,#167,.T.);
#2163 = ORIENTED_EDGE('',*,*,#1767,.T.);
#2164 = ADVANCED_FACE('',(#2165),#1744,.T.);
#2165 = FACE_BOUND('',#2166,.F.);
#2166 = EDGE_LOOP('',(#2167,#2168,#2189));
#2167 = ORIENTED_EDGE('',*,*,#2115,.F.);
#2168 = ORIENTED_EDGE('',*,*,#2169,.T.);
#2169 = EDGE_CURVE('',#2116,#1681,#2170,.T.);
#2170 = SURFACE_CURVE('',#2171,(#2175,#2182),.PCURVE_S1.);
#2171 = LINE('',#2172,#2173);
#2172 = CARTESIAN_POINT('',(41.,-22.,-16.));
#2173 = VECTOR('',#2174,1.);
#2174 = DIRECTION('',(-0.,1.,0.));
#2175 = PCURVE('',#1744,#2176);
#2176 = DEFINITIONAL_REPRESENTATION('',(#2177),#2181);
#2177 = LINE('',#2178,#2179);
#2178 = CARTESIAN_POINT('',(-1.570796326795,0.));
#2179 = VECTOR('',#2180,1.);
#2180 = DIRECTION('',(-0.,1.));
#2181 = ( GEOMETRIC_REPRESENTATION_CONTEXT(2) 
PARAMETRIC_REPRESENTATION_CONTEXT() REPRESENTATION_CONTEXT('2D SPACE',''
  ) );
#2182 = PCURVE('',#1695,#2183);
#2183 = DEFINITIONAL_REPRESENTATION('',(#2184),#2188);
#2184 = LINE('',#2185,#2186);
#2185 = CARTESIAN_POINT('',(11.,0.));
#2186 = VECTOR('',#2187,1.);
#2187 = DIRECTION('',(0.,1.));
#2188 = ( GEOMETRIC_REPRESENTATION_CONTEXT(2) 
PARAMETRIC_REPRESENTATION_CONTEXT() REPRESENTATION_CONTEXT('2D SPACE',''
  ) );
#2189 = ORIENTED_EDGE('',*,*,#1706,.F.);
#2190 = ADVANCED_FACE('',(#2191),#1695,.F.);
#2191 = FACE_BOUND('',#2192,.F.);
#2192 = EDGE_LOOP('',(#2193,#2194,#2217,#2238));
#2193 = ORIENTED_EDGE('',*,*,#2169,.F.);
#2194 = ORIENTED_EDGE('',*,*,#2195,.T.);
#2195 = EDGE_CURVE('',#2116,#2196,#2198,.T.);
#2196 = VERTEX_POINT('',#2197);
#2197 = CARTESIAN_POINT('',(109.,-11.,-16.));
#2198 = SURFACE_CURVE('',#2199,(#2203,#2210),.PCURVE_S1.);
#2199 = LINE('',#2200,#2201);
#2200 = CARTESIAN_POINT('',(30.,-11.,-16.));
#2201 = VECTOR('',#2202,1.);
#2202 = DIRECTION('',(1.,0.,-0.));
#2203 = PCURVE('',#1695,#2204);
#2204 = DEFINITIONAL_REPRESENTATION('',(#2205),#2209);
#2205 = LINE('',#2206,#2207);
#2206 = CARTESIAN_POINT('',(0.,11.));
#2207 = VECTOR('',#2208,1.);
#2208 = DIRECTION('',(1.,0.));
#2209 = ( GEOMETRIC_REPRESENTATION_CONTEXT(2) 
PARAMETRIC_REPRESENTATION_CONTEXT() REPRESENTATION_CONTEXT('2D SPACE',''
  ) );
#2210 = PCURVE('',#2151,#2211);
#2211 = DEFINITIONAL_REPRESENTATION('',(#2212),#2216);
#2212 = LINE('',#2213,#2214);
#2213 = CARTESIAN_POINT('',(1.570796326795,0.));
#2214 = VECTOR('',#2215,1.);
#2215 = DIRECTION('',(0.,1.));
#2216 = ( GEOMETRIC_REPRESENTATION_CONTEXT(2) 
PARAMETRIC_REPRESENTATION_CONTEXT() REPRESENTATION_CONTEXT('2D SPACE',''
  ) );
#2217 = ORIENTED_EDGE('',*,*,#2218,.T.);
#2218 = EDGE_CURVE('',#2196,#1620,#2219,.T.);
#2219 = SURFACE_CURVE('',#2220,(#2224,#2231),.PCURVE_S1.);
#2220 = LINE('',#2221,#2222);
#2221 = CARTESIAN_POINT('',(109.,-22.,-16.));
#2222 = VECTOR('',#2223,1.);
#2223 = DIRECTION('',(-0.,1.,0.));
#2224 = PCURVE('',#1695,#2225);
#2225 = DEFINITIONAL_REPRESENTATION('',(#2226),#2230);
#2226 = LINE('',#2227,#2228);
#2227 = CARTESIAN_POINT('',(79.,0.));
#2228 = VECTOR('',#2229,1.);
#2229 = DIRECTION('',(0.,1.));
#2230 = ( GEOMETRIC_REPRESENTATION_CONTEXT(2) 
PARAMETRIC_REPRESENTATION_CONTEXT() REPRESENTATION_CONTEXT('2D SPACE',''
  ) );
#2231 = PCURVE('',#1657,#2232);
#2232 = DEFINITIONAL_REPRESENTATION('',(#2233),#2237);
#2233 = LINE('',#2234,#2235);
#2234 = CARTESIAN_POINT('',(1.570796326795,0.));
#2235 = VECTOR('',#2236,1.);
#2236 = DIRECTION('',(0.,1.));
#2237 = ( GEOMETRIC_REPRESENTATION_CONTEXT(2) 
PARAMETRIC_REPRESENTATION_CONTEXT() REPRESENTATION_CONTEXT('2D SPACE',''
  ) );
#2238 = ORIENTED_EDGE('',*,*,#1680,.F.);
#2239 = ADVANCED_FACE('',(#2240),#1657,.T.);
#2240 = FACE_BOUND('',#2241,.T.);
#2241 = EDGE_LOOP('',(#2242,#2262,#2263));
#2242 = ORIENTED_EDGE('',*,*,#2243,.F.);
#2243 = EDGE_CURVE('',#2196,#1505,#2244,.T.);
#2244 = SURFACE_CURVE('',#2245,(#2250,#2256),.PCURVE_S1.);
#2245 = CIRCLE('',#2246,11.);
#2246 = AXIS2_PLACEMENT_3D('',#2247,#2248,#2249);
#2247 = CARTESIAN_POINT('',(109.,-11.,-5.));
#2248 = DIRECTION('',(0.,-1.,0.));
#2249 = DIRECTION('',(1.,0.,0.));
#2250 = PCURVE('',#1657,#2251);
#2251 = DEFINITIONAL_REPRESENTATION('',(#2252),#2255);
#2252 = B_SPLINE_CURVE_WITH_KNOTS('',1,(#2253,#2254),.UNSPECIFIED.,.F.,
  .F.,(2,2),(4.712388980385,6.28318530718),.PIECEWISE_BEZIER_KNOTS.);
#2253 = CARTESIAN_POINT('',(1.570796326795,11.));
#2254 = CARTESIAN_POINT('',(0.,11.));
#2255 = ( GEOMETRIC_REPRESENTATION_CONTEXT(2) 
PARAMETRIC_REPRESENTATION_CONTEXT() REPRESENTATION_CONTEXT('2D SPACE',''
  ) );
#2256 = PCURVE('',#1578,#2257);
#2257 = DEFINITIONAL_REPRESENTATION('',(#2258),#2261);
#2258 = B_SPLINE_CURVE_WITH_KNOTS('',1,(#2259,#2260),.UNSPECIFIED.,.F.,
  .F.,(2,2),(4.712388980385,6.28318530718),.PIECEWISE_BEZIER_KNOTS.);
#2259 = CARTESIAN_POINT('',(0.,-1.570796326795));
#2260 = CARTESIAN_POINT('',(0.,0.));
#2261 = ( GEOMETRIC_REPRESENTATION_CONTEXT(2) 
PARAMETRIC_REPRESENTATION_CONTEXT() REPRESENTATION_CONTEXT('2D SPACE',''
  ) );
#2262 = ORIENTED_EDGE('',*,*,#2218,.T.);
#2263 = ORIENTED_EDGE('',*,*,#1619,.F.);
#2264 = ADVANCED_FACE('',(#2265),#1578,.T.);
#2265 = FACE_BOUND('',#2266,.F.);
#2266 = EDGE_LOOP('',(#2267,#2268,#2290,#2312));
#2267 = ORIENTED_EDGE('',*,*,#2243,.F.);
#2268 = ORIENTED_EDGE('',*,*,#2269,.T.);
#2269 = EDGE_CURVE('',#2196,#2270,#2272,.T.);
#2270 = VERTEX_POINT('',#2271);
#2271 = CARTESIAN_POINT('',(109.,-22.,-5.));
#2272 = SURFACE_CURVE('',#2273,(#2278,#2284),.PCURVE_S1.);
#2273 = CIRCLE('',#2274,11.);
#2274 = AXIS2_PLACEMENT_3D('',#2275,#2276,#2277);
#2275 = CARTESIAN_POINT('',(109.,-11.,-5.));
#2276 = DIRECTION('',(-1.,-6.123233995737E-17,0.));
#2277 = DIRECTION('',(6.123233995737E-17,-1.,-0.));
#2278 = PCURVE('',#1578,#2279);
#2279 = DEFINITIONAL_REPRESENTATION('',(#2280),#2283);
#2280 = B_SPLINE_CURVE_WITH_KNOTS('',1,(#2281,#2282),.UNSPECIFIED.,.F.,
  .F.,(2,2),(4.712388980385,6.28318530718),.PIECEWISE_BEZIER_KNOTS.);
#2281 = CARTESIAN_POINT('',(-1.570796326795,-1.570796326795));
#2282 = CARTESIAN_POINT('',(-1.570796326795,0.));
#2283 = ( GEOMETRIC_REPRESENTATION_CONTEXT(2) 
PARAMETRIC_REPRESENTATION_CONTEXT() REPRESENTATION_CONTEXT('2D SPACE',''
  ) );
#2284 = PCURVE('',#2151,#2285);
#2285 = DEFINITIONAL_REPRESENTATION('',(#2286),#2289);
#2286 = B_SPLINE_CURVE_WITH_KNOTS('',1,(#2287,#2288),.UNSPECIFIED.,.F.,
  .F.,(2,2),(4.712388980385,6.28318530718),.PIECEWISE_BEZIER_KNOTS.);
#2287 = CARTESIAN_POINT('',(1.570796326795,79.));
#2288 = CARTESIAN_POINT('',(0.,79.));
#2289 = ( GEOMETRIC_REPRESENTATION_CONTEXT(2) 
PARAMETRIC_REPRESENTATION_CONTEXT() REPRESENTATION_CONTEXT('2D SPACE',''
  ) );
#2290 = ORIENTED_EDGE('',*,*,#2291,.F.);
#2291 = EDGE_CURVE('',#1450,#2270,#2292,.T.);
#2292 = SURFACE_CURVE('',#2293,(#2298,#2305),.PCURVE_S1.);
#2293 = CIRCLE('',#2294,11.);
#2294 = AXIS2_PLACEMENT_3D('',#2295,#2296,#2297);
#2295 = CARTESIAN_POINT('',(109.,-11.,-5.));
#2296 = DIRECTION('',(0.,-0.,-1.));
#2297 = DIRECTION('',(1.,0.,-0.));
#2298 = PCURVE('',#1578,#2299);
#2299 = DEFINITIONAL_REPRESENTATION('',(#2300),#2304);
#2300 = LINE('',#2301,#2302);
#2301 = CARTESIAN_POINT('',(-0.,0.));
#2302 = VECTOR('',#2303,1.);
#2303 = DIRECTION('',(-1.,0.));
#2304 = ( GEOMETRIC_REPRESENTATION_CONTEXT(2) 
PARAMETRIC_REPRESENTATION_CONTEXT() REPRESENTATION_CONTEXT('2D SPACE',''
  ) );
#2305 = PCURVE('',#1483,#2306);
#2306 = DEFINITIONAL_REPRESENTATION('',(#2307),#2311);
#2307 = LINE('',#2308,#2309);
#2308 = CARTESIAN_POINT('',(-0.,11.));
#2309 = VECTOR('',#2310,1.);
#2310 = DIRECTION('',(-1.,0.));
#2311 = ( GEOMETRIC_REPRESENTATION_CONTEXT(2) 
PARAMETRIC_REPRESENTATION_CONTEXT() REPRESENTATION_CONTEXT('2D SPACE',''
  ) );
#2312 = ORIENTED_EDGE('',*,*,#1504,.F.);
#2313 = ADVANCED_FACE('',(#2314),#1483,.T.);
#2314 = FACE_BOUND('',#2315,.F.);
#2315 = EDGE_LOOP('',(#2316,#2317,#2318,#2341));
#2316 = ORIENTED_EDGE('',*,*,#1449,.T.);
#2317 = ORIENTED_EDGE('',*,*,#2291,.T.);
#2318 = ORIENTED_EDGE('',*,*,#2319,.T.);
#2319 = EDGE_CURVE('',#2270,#2320,#2322,.T.);
#2320 = VERTEX_POINT('',#2321);
#2321 = CARTESIAN_POINT('',(109.,-22.,5.));
#2322 = SURFACE_CURVE('',#2323,(#2327,#2334),.PCURVE_S1.);
#2323 = LINE('',#2324,#2325);
#2324 = CARTESIAN_POINT('',(109.,-22.,-16.));
#2325 = VECTOR('',#2326,1.);
#2326 = DIRECTION('',(0.,0.,1.));
#2327 = PCURVE('',#1483,#2328);
#2328 = DEFINITIONAL_REPRESENTATION('',(#2329),#2333);
#2329 = LINE('',#2330,#2331);
#2330 = CARTESIAN_POINT('',(-1.570796326795,0.));
#2331 = VECTOR('',#2332,1.);
#2332 = DIRECTION('',(-0.,1.));
#2333 = ( GEOMETRIC_REPRESENTATION_CONTEXT(2) 
PARAMETRIC_REPRESENTATION_CONTEXT() REPRESENTATION_CONTEXT('2D SPACE',''
  ) );
#2334 = PCURVE('',#2099,#2335);
#2335 = DEFINITIONAL_REPRESENTATION('',(#2336),#2340);
#2336 = LINE('',#2337,#2338);
#2337 = CARTESIAN_POINT('',(0.,79.));
#2338 = VECTOR('',#2339,1.);
#2339 = DIRECTION('',(1.,0.));
#2340 = ( GEOMETRIC_REPRESENTATION_CONTEXT(2) 
PARAMETRIC_REPRESENTATION_CONTEXT() REPRESENTATION_CONTEXT('2D SPACE',''
  ) );
#2341 = ORIENTED_EDGE('',*,*,#2342,.F.);
#2342 = EDGE_CURVE('',#1335,#2320,#2343,.T.);
#2343 = SURFACE_CURVE('',#2344,(#2349,#2356),.PCURVE_S1.);
#2344 = CIRCLE('',#2345,11.);
#2345 = AXIS2_PLACEMENT_3D('',#2346,#2347,#2348);
#2346 = CARTESIAN_POINT('',(109.,-11.,5.));
#2347 = DIRECTION('',(0.,0.,-1.));
#2348 = DIRECTION('',(1.,0.,0.));
#2349 = PCURVE('',#1483,#2350);
#2350 = DEFINITIONAL_REPRESENTATION('',(#2351),#2355);
#2351 = LINE('',#2352,#2353);
#2352 = CARTESIAN_POINT('',(-0.,21.));
#2353 = VECTOR('',#2354,1.);
#2354 = DIRECTION('',(-1.,0.));
#2355 = ( GEOMETRIC_REPRESENTATION_CONTEXT(2) 
PARAMETRIC_REPRESENTATION_CONTEXT() REPRESENTATION_CONTEXT('2D SPACE',''
  ) );
#2356 = PCURVE('',#1408,#2357);
#2357 = DEFINITIONAL_REPRESENTATION('',(#2358),#2362);
#2358 = LINE('',#2359,#2360);
#2359 = CARTESIAN_POINT('',(0.,0.));
#2360 = VECTOR('',#2361,1.);
#2361 = DIRECTION('',(1.,0.));
#2362 = ( GEOMETRIC_REPRESENTATION_CONTEXT(2) 
PARAMETRIC_REPRESENTATION_CONTEXT() REPRESENTATION_CONTEXT('2D SPACE',''
  ) );
#2363 = ADVANCED_FACE('',(#2364),#1408,.T.);
#2364 = FACE_BOUND('',#2365,.T.);
#2365 = EDGE_LOOP('',(#2366,#2388,#2408,#2409));
#2366 = ORIENTED_EDGE('',*,*,#2367,.F.);
#2367 = EDGE_CURVE('',#2368,#1274,#2370,.T.);
#2368 = VERTEX_POINT('',#2369);
#2369 = CARTESIAN_POINT('',(109.,-11.,16.));
#2370 = SURFACE_CURVE('',#2371,(#2376,#2382),.PCURVE_S1.);
#2371 = CIRCLE('',#2372,11.);
#2372 = AXIS2_PLACEMENT_3D('',#2373,#2374,#2375);
#2373 = CARTESIAN_POINT('',(109.,-11.,5.));
#2374 = DIRECTION('',(-0.,1.,0.));
#2375 = DIRECTION('',(1.,0.,0.));
#2376 = PCURVE('',#1408,#2377);
#2377 = DEFINITIONAL_REPRESENTATION('',(#2378),#2381);
#2378 = B_SPLINE_CURVE_WITH_KNOTS('',1,(#2379,#2380),.UNSPECIFIED.,.F.,
  .F.,(2,2),(4.712388980385,6.28318530718),.PIECEWISE_BEZIER_KNOTS.);
#2379 = CARTESIAN_POINT('',(0.,-1.570796326795));
#2380 = CARTESIAN_POINT('',(0.,0.));
#2381 = ( GEOMETRIC_REPRESENTATION_CONTEXT(2) 
PARAMETRIC_REPRESENTATION_CONTEXT() REPRESENTATION_CONTEXT('2D SPACE',''
  ) );
#2382 = PCURVE('',#1311,#2383);
#2383 = DEFINITIONAL_REPRESENTATION('',(#2384),#2387);
#2384 = B_SPLINE_CURVE_WITH_KNOTS('',1,(#2385,#2386),.UNSPECIFIED.,.F.,
  .F.,(2,2),(4.712388980385,6.28318530718),.PIECEWISE_BEZIER_KNOTS.);
#2385 = CARTESIAN_POINT('',(-1.570796326795,11.));
#2386 = CARTESIAN_POINT('',(0.,11.));
#2387 = ( GEOMETRIC_REPRESENTATION_CONTEXT(2) 
PARAMETRIC_REPRESENTATION_CONTEXT() REPRESENTATION_CONTEXT('2D SPACE',''
  ) );
#2388 = ORIENTED_EDGE('',*,*,#2389,.T.);
#2389 = EDGE_CURVE('',#2368,#2320,#2390,.T.);
#2390 = SURFACE_CURVE('',#2391,(#2396,#2402),.PCURVE_S1.);
#2391 = CIRCLE('',#2392,11.);
#2392 = AXIS2_PLACEMENT_3D('',#2393,#2394,#2395);
#2393 = CARTESIAN_POINT('',(109.,-11.,5.));
#2394 = DIRECTION('',(1.,6.123233995737E-17,0.));
#2395 = DIRECTION('',(6.123233995737E-17,-1.,0.));
#2396 = PCURVE('',#1408,#2397);
#2397 = DEFINITIONAL_REPRESENTATION('',(#2398),#2401);
#2398 = B_SPLINE_CURVE_WITH_KNOTS('',1,(#2399,#2400),.UNSPECIFIED.,.F.,
  .F.,(2,2),(4.712388980385,6.28318530718),.PIECEWISE_BEZIER_KNOTS.);
#2399 = CARTESIAN_POINT('',(1.570796326795,-1.570796326795));
#2400 = CARTESIAN_POINT('',(1.570796326795,0.));
#2401 = ( GEOMETRIC_REPRESENTATION_CONTEXT(2) 
PARAMETRIC_REPRESENTATION_CONTEXT() REPRESENTATION_CONTEXT('2D SPACE',''
  ) );
#2402 = PCURVE('',#2022,#2403);
#2403 = DEFINITIONAL_REPRESENTATION('',(#2404),#2407);
#2404 = B_SPLINE_CURVE_WITH_KNOTS('',1,(#2405,#2406),.UNSPECIFIED.,.F.,
  .F.,(2,2),(4.712388980385,6.28318530718),.PIECEWISE_BEZIER_KNOTS.);
#2405 = CARTESIAN_POINT('',(-1.570796326795,79.));
#2406 = CARTESIAN_POINT('',(0.,79.));
#2407 = ( GEOMETRIC_REPRESENTATION_CONTEXT(2) 
PARAMETRIC_REPRESENTATION_CONTEXT() REPRESENTATION_CONTEXT('2D SPACE',''
  ) );
#2408 = ORIENTED_EDGE('',*,*,#2342,.F.);
#2409 = ORIENTED_EDGE('',*,*,#1334,.T.);
#2410 = ADVANCED_FACE('',(#2411),#1311,.T.);
#2411 = FACE_BOUND('',#2412,.F.);
#2412 = EDGE_LOOP('',(#2413,#2414,#2435));
#2413 = ORIENTED_EDGE('',*,*,#2367,.F.);
#2414 = ORIENTED_EDGE('',*,*,#2415,.T.);
#2415 = EDGE_CURVE('',#2368,#1248,#2416,.T.);
#2416 = SURFACE_CURVE('',#2417,(#2421,#2428),.PCURVE_S1.);
#2417 = LINE('',#2418,#2419);
#2418 = CARTESIAN_POINT('',(109.,-22.,16.));
#2419 = VECTOR('',#2420,1.);
#2420 = DIRECTION('',(-0.,1.,0.));
#2421 = PCURVE('',#1311,#2422);
#2422 = DEFINITIONAL_REPRESENTATION('',(#2423),#2427);
#2423 = LINE('',#2424,#2425);
#2424 = CARTESIAN_POINT('',(-1.570796326795,0.));
#2425 = VECTOR('',#2426,1.);
#2426 = DIRECTION('',(-0.,1.));
#2427 = ( GEOMETRIC_REPRESENTATION_CONTEXT(2) 
PARAMETRIC_REPRESENTATION_CONTEXT() REPRESENTATION_CONTEXT('2D SPACE',''
  ) );
#2428 = PCURVE('',#1262,#2429);
#2429 = DEFINITIONAL_REPRESENTATION('',(#2430),#2434);
#2430 = LINE('',#2431,#2432);
#2431 = CARTESIAN_POINT('',(79.,0.));
#2432 = VECTOR('',#2433,1.);
#2433 = DIRECTION('',(0.,1.));
#2434 = ( GEOMETRIC_REPRESENTATION_CONTEXT(2) 
PARAMETRIC_REPRESENTATION_CONTEXT() REPRESENTATION_CONTEXT('2D SPACE',''
  ) );
#2435 = ORIENTED_EDGE('',*,*,#1273,.T.);
#2436 = ADVANCED_FACE('',(#2437),#1262,.T.);
#2437 = FACE_BOUND('',#2438,.T.);
#2438 = EDGE_LOOP('',(#2439,#2460,#2481,#2482));
#2439 = ORIENTED_EDGE('',*,*,#2440,.F.);
#2440 = EDGE_CURVE('',#1985,#1187,#2441,.T.);
#2441 = SURFACE_CURVE('',#2442,(#2446,#2453),.PCURVE_S1.);
#2442 = LINE('',#2443,#2444);
#2443 = CARTESIAN_POINT('',(41.,-22.,16.));
#2444 = VECTOR('',#2445,1.);
#2445 = DIRECTION('',(-0.,1.,0.));
#2446 = PCURVE('',#1262,#2447);
#2447 = DEFINITIONAL_REPRESENTATION('',(#2448),#2452);
#2448 = LINE('',#2449,#2450);
#2449 = CARTESIAN_POINT('',(11.,0.));
#2450 = VECTOR('',#2451,1.);
#2451 = DIRECTION('',(0.,1.));
#2452 = ( GEOMETRIC_REPRESENTATION_CONTEXT(2) 
PARAMETRIC_REPRESENTATION_CONTEXT() REPRESENTATION_CONTEXT('2D SPACE',''
  ) );
#2453 = PCURVE('',#1224,#2454);
#2454 = DEFINITIONAL_REPRESENTATION('',(#2455),#2459);
#2455 = LINE('',#2456,#2457);
#2456 = CARTESIAN_POINT('',(1.570796326795,0.));
#2457 = VECTOR('',#2458,1.);
#2458 = DIRECTION('',(0.,1.));
#2459 = ( GEOMETRIC_REPRESENTATION_CONTEXT(2) 
PARAMETRIC_REPRESENTATION_CONTEXT() REPRESENTATION_CONTEXT('2D SPACE',''
  ) );
#2460 = ORIENTED_EDGE('',*,*,#2461,.T.);
#2461 = EDGE_CURVE('',#1985,#2368,#2462,.T.);
#2462 = SURFACE_CURVE('',#2463,(#2467,#2474),.PCURVE_S1.);
#2463 = LINE('',#2464,#2465);
#2464 = CARTESIAN_POINT('',(30.,-11.,16.));
#2465 = VECTOR('',#2466,1.);
#2466 = DIRECTION('',(1.,0.,-0.));
#2467 = PCURVE('',#1262,#2468);
#2468 = DEFINITIONAL_REPRESENTATION('',(#2469),#2473);
#2469 = LINE('',#2470,#2471);
#2470 = CARTESIAN_POINT('',(0.,11.));
#2471 = VECTOR('',#2472,1.);
#2472 = DIRECTION('',(1.,0.));
#2473 = ( GEOMETRIC_REPRESENTATION_CONTEXT(2) 
PARAMETRIC_REPRESENTATION_CONTEXT() REPRESENTATION_CONTEXT('2D SPACE',''
  ) );
#2474 = PCURVE('',#2022,#2475);
#2475 = DEFINITIONAL_REPRESENTATION('',(#2476),#2480);
#2476 = LINE('',#2477,#2478);
#2477 = CARTESIAN_POINT('',(-1.570796326795,0.));
#2478 = VECTOR('',#2479,1.);
#2479 = DIRECTION('',(-0.,1.));
#2480 = ( GEOMETRIC_REPRESENTATION_CONTEXT(2) 
PARAMETRIC_REPRESENTATION_CONTEXT() REPRESENTATION_CONTEXT('2D SPACE',''
  ) );
#2481 = ORIENTED_EDGE('',*,*,#2415,.T.);
#2482 = ORIENTED_EDGE('',*,*,#1247,.F.);
#2483 = ADVANCED_FACE('',(#2484),#1224,.T.);
#2484 = FACE_BOUND('',#2485,.T.);
#2485 = EDGE_LOOP('',(#2486,#2487,#2488));
#2486 = ORIENTED_EDGE('',*,*,#1984,.F.);
#2487 = ORIENTED_EDGE('',*,*,#2440,.T.);
#2488 = ORIENTED_EDGE('',*,*,#1186,.T.);
#2489 = ADVANCED_FACE('',(#2490),#1100,.T.);
#2490 = FACE_BOUND('',#2491,.T.);
#2491 = EDGE_LOOP('',(#2492,#2493,#2514));
#2492 = ORIENTED_EDGE('',*,*,#1062,.T.);
#2493 = ORIENTED_EDGE('',*,*,#2494,.T.);
#2494 = EDGE_CURVE('',#1037,#1931,#2495,.T.);
#2495 = SURFACE_CURVE('',#2496,(#2500,#2507),.PCURVE_S1.);
#2496 = LINE('',#2497,#2498);
#2497 = CARTESIAN_POINT('',(41.,-22.,16.));
#2498 = VECTOR('',#2499,1.);
#2499 = DIRECTION('',(-0.,1.,0.));
#2500 = PCURVE('',#1100,#2501);
#2501 = DEFINITIONAL_REPRESENTATION('',(#2502),#2506);
#2502 = LINE('',#2503,#2504);
#2503 = CARTESIAN_POINT('',(1.570796326795,0.));
#2504 = VECTOR('',#2505,1.);
#2505 = DIRECTION('',(0.,1.));
#2506 = ( GEOMETRIC_REPRESENTATION_CONTEXT(2) 
PARAMETRIC_REPRESENTATION_CONTEXT() REPRESENTATION_CONTEXT('2D SPACE',''
  ) );
#2507 = PCURVE('',#1051,#2508);
#2508 = DEFINITIONAL_REPRESENTATION('',(#2509),#2513);
#2509 = LINE('',#2510,#2511);
#2510 = CARTESIAN_POINT('',(11.,0.));
#2511 = VECTOR('',#2512,1.);
#2512 = DIRECTION('',(0.,1.));
#2513 = ( GEOMETRIC_REPRESENTATION_CONTEXT(2) 
PARAMETRIC_REPRESENTATION_CONTEXT() REPRESENTATION_CONTEXT('2D SPACE',''
  ) );
#2514 = ORIENTED_EDGE('',*,*,#1957,.F.);
#2515 = ADVANCED_FACE('',(#2516),#1051,.T.);
#2516 = FACE_BOUND('',#2517,.T.);
#2517 = EDGE_LOOP('',(#2518,#2519,#2520,#2543));
#2518 = ORIENTED_EDGE('',*,*,#2494,.F.);
#2519 = ORIENTED_EDGE('',*,*,#1036,.T.);
#2520 = ORIENTED_EDGE('',*,*,#2521,.T.);
#2521 = EDGE_CURVE('',#976,#2522,#2524,.T.);
#2522 = VERTEX_POINT('',#2523);
#2523 = CARTESIAN_POINT('',(109.,11.,16.));
#2524 = SURFACE_CURVE('',#2525,(#2529,#2536),.PCURVE_S1.);
#2525 = LINE('',#2526,#2527);
#2526 = CARTESIAN_POINT('',(109.,-22.,16.));
#2527 = VECTOR('',#2528,1.);
#2528 = DIRECTION('',(-0.,1.,0.));
#2529 = PCURVE('',#1051,#2530);
#2530 = DEFINITIONAL_REPRESENTATION('',(#2531),#2535);
#2531 = LINE('',#2532,#2533);
#2532 = CARTESIAN_POINT('',(79.,0.));
#2533 = VECTOR('',#2534,1.);
#2534 = DIRECTION('',(0.,1.));
#2535 = ( GEOMETRIC_REPRESENTATION_CONTEXT(2) 
PARAMETRIC_REPRESENTATION_CONTEXT() REPRESENTATION_CONTEXT('2D SPACE',''
  ) );
#2536 = PCURVE('',#1013,#2537);
#2537 = DEFINITIONAL_REPRESENTATION('',(#2538),#2542);
#2538 = LINE('',#2539,#2540);
#2539 = CARTESIAN_POINT('',(-1.570796326795,0.));
#2540 = VECTOR('',#2541,1.);
#2541 = DIRECTION('',(-0.,1.));
#2542 = ( GEOMETRIC_REPRESENTATION_CONTEXT(2) 
PARAMETRIC_REPRESENTATION_CONTEXT() REPRESENTATION_CONTEXT('2D SPACE',''
  ) );
#2543 = ORIENTED_EDGE('',*,*,#2544,.F.);
#2544 = EDGE_CURVE('',#1931,#2522,#2545,.T.);
#2545 = SURFACE_CURVE('',#2546,(#2550,#2557),.PCURVE_S1.);
#2546 = LINE('',#2547,#2548);
#2547 = CARTESIAN_POINT('',(30.,11.,16.));
#2548 = VECTOR('',#2549,1.);
#2549 = DIRECTION('',(1.,0.,-0.));
#2550 = PCURVE('',#1051,#2551);
#2551 = DEFINITIONAL_REPRESENTATION('',(#2552),#2556);
#2552 = LINE('',#2553,#2554);
#2553 = CARTESIAN_POINT('',(0.,33.));
#2554 = VECTOR('',#2555,1.);
#2555 = DIRECTION('',(1.,0.));
#2556 = ( GEOMETRIC_REPRESENTATION_CONTEXT(2) 
PARAMETRIC_REPRESENTATION_CONTEXT() REPRESENTATION_CONTEXT('2D SPACE',''
  ) );
#2557 = PCURVE('',#1946,#2558);
#2558 = DEFINITIONAL_REPRESENTATION('',(#2559),#2563);
#2559 = LINE('',#2560,#2561);
#2560 = CARTESIAN_POINT('',(1.570796326795,0.));
#2561 = VECTOR('',#2562,1.);
#2562 = DIRECTION('',(0.,1.));
#2563 = ( GEOMETRIC_REPRESENTATION_CONTEXT(2) 
PARAMETRIC_REPRESENTATION_CONTEXT() REPRESENTATION_CONTEXT('2D SPACE',''
  ) );
#2564 = ADVANCED_FACE('',(#2565),#1013,.T.);
#2565 = FACE_BOUND('',#2566,.F.);
#2566 = EDGE_LOOP('',(#2567,#2568,#2569));
#2567 = ORIENTED_EDGE('',*,*,#975,.T.);
#2568 = ORIENTED_EDGE('',*,*,#2521,.T.);
#2569 = ORIENTED_EDGE('',*,*,#2570,.F.);
#2570 = EDGE_CURVE('',#876,#2522,#2571,.T.);
#2571 = SURFACE_CURVE('',#2572,(#2577,#2584),.PCURVE_S1.);
#2572 = CIRCLE('',#2573,11.);
#2573 = AXIS2_PLACEMENT_3D('',#2574,#2575,#2576);
#2574 = CARTESIAN_POINT('',(109.,11.,5.));
#2575 = DIRECTION('',(0.,-1.,0.));
#2576 = DIRECTION('',(1.,0.,1.614869854E-16));
#2577 = PCURVE('',#1013,#2578);
#2578 = DEFINITIONAL_REPRESENTATION('',(#2579),#2583);
#2579 = LINE('',#2580,#2581);
#2580 = CARTESIAN_POINT('',(-0.,33.));
#2581 = VECTOR('',#2582,1.);
#2582 = DIRECTION('',(-1.,0.));
#2583 = ( GEOMETRIC_REPRESENTATION_CONTEXT(2) 
PARAMETRIC_REPRESENTATION_CONTEXT() REPRESENTATION_CONTEXT('2D SPACE',''
  ) );
#2584 = PCURVE('',#939,#2585);
#2585 = DEFINITIONAL_REPRESENTATION('',(#2586),#2590);
#2586 = LINE('',#2587,#2588);
#2587 = CARTESIAN_POINT('',(0.,0.));
#2588 = VECTOR('',#2589,1.);
#2589 = DIRECTION('',(1.,0.));
#2590 = ( GEOMETRIC_REPRESENTATION_CONTEXT(2) 
PARAMETRIC_REPRESENTATION_CONTEXT() REPRESENTATION_CONTEXT('2D SPACE',''
  ) );
#2591 = ADVANCED_FACE('',(#2592),#939,.T.);
#2592 = FACE_BOUND('',#2593,.T.);
#2593 = EDGE_LOOP('',(#2594,#2616,#2636,#2637));
#2594 = ORIENTED_EDGE('',*,*,#2595,.F.);
#2595 = EDGE_CURVE('',#2596,#821,#2598,.T.);
#2596 = VERTEX_POINT('',#2597);
#2597 = CARTESIAN_POINT('',(109.,22.,5.));
#2598 = SURFACE_CURVE('',#2599,(#2604,#2610),.PCURVE_S1.);
#2599 = CIRCLE('',#2600,11.);
#2600 = AXIS2_PLACEMENT_3D('',#2601,#2602,#2603);
#2601 = CARTESIAN_POINT('',(109.,11.,5.));
#2602 = DIRECTION('',(1.614869854E-16,0.,-1.));
#2603 = DIRECTION('',(1.,0.,1.614869854E-16));
#2604 = PCURVE('',#939,#2605);
#2605 = DEFINITIONAL_REPRESENTATION('',(#2606),#2609);
#2606 = B_SPLINE_CURVE_WITH_KNOTS('',1,(#2607,#2608),.UNSPECIFIED.,.F.,
  .F.,(2,2),(4.712388980385,6.28318530718),.PIECEWISE_BEZIER_KNOTS.);
#2607 = CARTESIAN_POINT('',(0.,-1.570796326795));
#2608 = CARTESIAN_POINT('',(0.,0.));
#2609 = ( GEOMETRIC_REPRESENTATION_CONTEXT(2) 
PARAMETRIC_REPRESENTATION_CONTEXT() REPRESENTATION_CONTEXT('2D SPACE',''
  ) );
#2610 = PCURVE('',#854,#2611);
#2611 = DEFINITIONAL_REPRESENTATION('',(#2612),#2615);
#2612 = B_SPLINE_CURVE_WITH_KNOTS('',1,(#2613,#2614),.UNSPECIFIED.,.F.,
  .F.,(2,2),(4.712388980385,6.28318530718),.PIECEWISE_BEZIER_KNOTS.);
#2613 = CARTESIAN_POINT('',(1.570796326795,21.));
#2614 = CARTESIAN_POINT('',(0.,21.));
#2615 = ( GEOMETRIC_REPRESENTATION_CONTEXT(2) 
PARAMETRIC_REPRESENTATION_CONTEXT() REPRESENTATION_CONTEXT('2D SPACE',''
  ) );
#2616 = ORIENTED_EDGE('',*,*,#2617,.T.);
#2617 = EDGE_CURVE('',#2596,#2522,#2618,.T.);
#2618 = SURFACE_CURVE('',#2619,(#2624,#2630),.PCURVE_S1.);
#2619 = CIRCLE('',#2620,11.);
#2620 = AXIS2_PLACEMENT_3D('',#2621,#2622,#2623);
#2621 = CARTESIAN_POINT('',(109.,11.,5.));
#2622 = DIRECTION('',(1.,0.,1.002546454427E-16));
#2623 = DIRECTION('',(-1.002546454427E-16,0.,1.));
#2624 = PCURVE('',#939,#2625);
#2625 = DEFINITIONAL_REPRESENTATION('',(#2626),#2629);
#2626 = B_SPLINE_CURVE_WITH_KNOTS('',1,(#2627,#2628),.UNSPECIFIED.,.F.,
  .F.,(2,2),(4.712388980385,6.28318530718),.PIECEWISE_BEZIER_KNOTS.);
#2627 = CARTESIAN_POINT('',(1.570796326795,-1.570796326795));
#2628 = CARTESIAN_POINT('',(1.570796326795,0.));
#2629 = ( GEOMETRIC_REPRESENTATION_CONTEXT(2) 
PARAMETRIC_REPRESENTATION_CONTEXT() REPRESENTATION_CONTEXT('2D SPACE',''
  ) );
#2630 = PCURVE('',#1946,#2631);
#2631 = DEFINITIONAL_REPRESENTATION('',(#2632),#2635);
#2632 = B_SPLINE_CURVE_WITH_KNOTS('',1,(#2633,#2634),.UNSPECIFIED.,.F.,
  .F.,(2,2),(4.712388980385,6.28318530718),.PIECEWISE_BEZIER_KNOTS.);
#2633 = CARTESIAN_POINT('',(0.,79.));
#2634 = CARTESIAN_POINT('',(1.570796326795,79.));
#2635 = ( GEOMETRIC_REPRESENTATION_CONTEXT(2) 
PARAMETRIC_REPRESENTATION_CONTEXT() REPRESENTATION_CONTEXT('2D SPACE',''
  ) );
#2636 = ORIENTED_EDGE('',*,*,#2570,.F.);
#2637 = ORIENTED_EDGE('',*,*,#875,.T.);
#2638 = ADVANCED_FACE('',(#2639),#854,.T.);
#2639 = FACE_BOUND('',#2640,.T.);
#2640 = EDGE_LOOP('',(#2641,#2642,#2666,#2687));
#2641 = ORIENTED_EDGE('',*,*,#820,.F.);
#2642 = ORIENTED_EDGE('',*,*,#2643,.T.);
#2643 = EDGE_CURVE('',#706,#2644,#2646,.T.);
#2644 = VERTEX_POINT('',#2645);
#2645 = CARTESIAN_POINT('',(109.,22.,-5.));
#2646 = SURFACE_CURVE('',#2647,(#2652,#2659),.PCURVE_S1.);
#2647 = CIRCLE('',#2648,11.);
#2648 = AXIS2_PLACEMENT_3D('',#2649,#2650,#2651);
#2649 = CARTESIAN_POINT('',(109.,11.,-5.));
#2650 = DIRECTION('',(0.,0.,1.));
#2651 = DIRECTION('',(1.,1.614869854E-16,-0.));
#2652 = PCURVE('',#854,#2653);
#2653 = DEFINITIONAL_REPRESENTATION('',(#2654),#2658);
#2654 = LINE('',#2655,#2656);
#2655 = CARTESIAN_POINT('',(0.,11.));
#2656 = VECTOR('',#2657,1.);
#2657 = DIRECTION('',(1.,0.));
#2658 = ( GEOMETRIC_REPRESENTATION_CONTEXT(2) 
PARAMETRIC_REPRESENTATION_CONTEXT() REPRESENTATION_CONTEXT('2D SPACE',''
  ) );
#2659 = PCURVE('',#779,#2660);
#2660 = DEFINITIONAL_REPRESENTATION('',(#2661),#2665);
#2661 = LINE('',#2662,#2663);
#2662 = CARTESIAN_POINT('',(0.,0.));
#2663 = VECTOR('',#2664,1.);
#2664 = DIRECTION('',(1.,0.));
#2665 = ( GEOMETRIC_REPRESENTATION_CONTEXT(2) 
PARAMETRIC_REPRESENTATION_CONTEXT() REPRESENTATION_CONTEXT('2D SPACE',''
  ) );
#2666 = ORIENTED_EDGE('',*,*,#2667,.T.);
#2667 = EDGE_CURVE('',#2644,#2596,#2668,.T.);
#2668 = SURFACE_CURVE('',#2669,(#2673,#2680),.PCURVE_S1.);
#2669 = LINE('',#2670,#2671);
#2670 = CARTESIAN_POINT('',(109.,22.,-16.));
#2671 = VECTOR('',#2672,1.);
#2672 = DIRECTION('',(0.,0.,1.));
#2673 = PCURVE('',#854,#2674);
#2674 = DEFINITIONAL_REPRESENTATION('',(#2675),#2679);
#2675 = LINE('',#2676,#2677);
#2676 = CARTESIAN_POINT('',(1.570796326795,0.));
#2677 = VECTOR('',#2678,1.);
#2678 = DIRECTION('',(0.,1.));
#2679 = ( GEOMETRIC_REPRESENTATION_CONTEXT(2) 
PARAMETRIC_REPRESENTATION_CONTEXT() REPRESENTATION_CONTEXT('2D SPACE',''
  ) );
#2680 = PCURVE('',#1894,#2681);
#2681 = DEFINITIONAL_REPRESENTATION('',(#2682),#2686);
#2682 = LINE('',#2683,#2684);
#2683 = CARTESIAN_POINT('',(0.,79.));
#2684 = VECTOR('',#2685,1.);
#2685 = DIRECTION('',(1.,0.));
#2686 = ( GEOMETRIC_REPRESENTATION_CONTEXT(2) 
PARAMETRIC_REPRESENTATION_CONTEXT() REPRESENTATION_CONTEXT('2D SPACE',''
  ) );
#2687 = ORIENTED_EDGE('',*,*,#2595,.T.);
#2688 = ADVANCED_FACE('',(#2689),#779,.T.);
#2689 = FACE_BOUND('',#2690,.T.);
#2690 = EDGE_LOOP('',(#2691,#2713,#2733,#2734));
#2691 = ORIENTED_EDGE('',*,*,#2692,.F.);
#2692 = EDGE_CURVE('',#2693,#645,#2695,.T.);
#2693 = VERTEX_POINT('',#2694);
#2694 = CARTESIAN_POINT('',(109.,11.,-16.));
#2695 = SURFACE_CURVE('',#2696,(#2701,#2707),.PCURVE_S1.);
#2696 = CIRCLE('',#2697,11.);
#2697 = AXIS2_PLACEMENT_3D('',#2698,#2699,#2700);
#2698 = CARTESIAN_POINT('',(109.,11.,-5.));
#2699 = DIRECTION('',(1.614869854E-16,-1.,0.));
#2700 = DIRECTION('',(1.,1.614869854E-16,0.));
#2701 = PCURVE('',#779,#2702);
#2702 = DEFINITIONAL_REPRESENTATION('',(#2703),#2706);
#2703 = B_SPLINE_CURVE_WITH_KNOTS('',1,(#2704,#2705),.UNSPECIFIED.,.F.,
  .F.,(2,2),(4.712388980385,6.28318530718),.PIECEWISE_BEZIER_KNOTS.);
#2704 = CARTESIAN_POINT('',(0.,-1.570796326795));
#2705 = CARTESIAN_POINT('',(0.,0.));
#2706 = ( GEOMETRIC_REPRESENTATION_CONTEXT(2) 
PARAMETRIC_REPRESENTATION_CONTEXT() REPRESENTATION_CONTEXT('2D SPACE',''
  ) );
#2707 = PCURVE('',#682,#2708);
#2708 = DEFINITIONAL_REPRESENTATION('',(#2709),#2712);
#2709 = B_SPLINE_CURVE_WITH_KNOTS('',1,(#2710,#2711),.UNSPECIFIED.,.F.,
  .F.,(2,2),(4.712388980385,6.28318530718),.PIECEWISE_BEZIER_KNOTS.);
#2710 = CARTESIAN_POINT('',(1.570796326795,33.));
#2711 = CARTESIAN_POINT('',(0.,33.));
#2712 = ( GEOMETRIC_REPRESENTATION_CONTEXT(2) 
PARAMETRIC_REPRESENTATION_CONTEXT() REPRESENTATION_CONTEXT('2D SPACE',''
  ) );
#2713 = ORIENTED_EDGE('',*,*,#2714,.T.);
#2714 = EDGE_CURVE('',#2693,#2644,#2715,.T.);
#2715 = SURFACE_CURVE('',#2716,(#2721,#2727),.PCURVE_S1.);
#2716 = CIRCLE('',#2717,11.);
#2717 = AXIS2_PLACEMENT_3D('',#2718,#2719,#2720);
#2718 = CARTESIAN_POINT('',(109.,11.,-5.));
#2719 = DIRECTION('',(1.,1.002546454427E-16,-0.));
#2720 = DIRECTION('',(-1.002546454427E-16,1.,0.));
#2721 = PCURVE('',#779,#2722);
#2722 = DEFINITIONAL_REPRESENTATION('',(#2723),#2726);
#2723 = B_SPLINE_CURVE_WITH_KNOTS('',1,(#2724,#2725),.UNSPECIFIED.,.F.,
  .F.,(2,2),(4.712388980385,6.28318530718),.PIECEWISE_BEZIER_KNOTS.);
#2724 = CARTESIAN_POINT('',(1.570796326795,-1.570796326795));
#2725 = CARTESIAN_POINT('',(1.570796326795,0.));
#2726 = ( GEOMETRIC_REPRESENTATION_CONTEXT(2) 
PARAMETRIC_REPRESENTATION_CONTEXT() REPRESENTATION_CONTEXT('2D SPACE',''
  ) );
#2727 = PCURVE('',#1838,#2728);
#2728 = DEFINITIONAL_REPRESENTATION('',(#2729),#2732);
#2729 = B_SPLINE_CURVE_WITH_KNOTS('',1,(#2730,#2731),.UNSPECIFIED.,.F.,
  .F.,(2,2),(4.712388980385,6.28318530718),.PIECEWISE_BEZIER_KNOTS.);
#2730 = CARTESIAN_POINT('',(-1.570796326795,79.));
#2731 = CARTESIAN_POINT('',(0.,79.));
#2732 = ( GEOMETRIC_REPRESENTATION_CONTEXT(2) 
PARAMETRIC_REPRESENTATION_CONTEXT() REPRESENTATION_CONTEXT('2D SPACE',''
  ) );
#2733 = ORIENTED_EDGE('',*,*,#2643,.F.);
#2734 = ORIENTED_EDGE('',*,*,#705,.T.);
#2735 = ADVANCED_FACE('',(#2736),#682,.T.);
#2736 = FACE_BOUND('',#2737,.T.);
#2737 = EDGE_LOOP('',(#2738,#2739,#2760));
#2738 = ORIENTED_EDGE('',*,*,#644,.F.);
#2739 = ORIENTED_EDGE('',*,*,#2740,.T.);
#2740 = EDGE_CURVE('',#619,#2693,#2741,.T.);
#2741 = SURFACE_CURVE('',#2742,(#2746,#2753),.PCURVE_S1.);
#2742 = LINE('',#2743,#2744);
#2743 = CARTESIAN_POINT('',(109.,-22.,-16.));
#2744 = VECTOR('',#2745,1.);
#2745 = DIRECTION('',(-0.,1.,0.));
#2746 = PCURVE('',#682,#2747);
#2747 = DEFINITIONAL_REPRESENTATION('',(#2748),#2752);
#2748 = LINE('',#2749,#2750);
#2749 = CARTESIAN_POINT('',(1.570796326795,0.));
#2750 = VECTOR('',#2751,1.);
#2751 = DIRECTION('',(0.,1.));
#2752 = ( GEOMETRIC_REPRESENTATION_CONTEXT(2) 
PARAMETRIC_REPRESENTATION_CONTEXT() REPRESENTATION_CONTEXT('2D SPACE',''
  ) );
#2753 = PCURVE('',#633,#2754);
#2754 = DEFINITIONAL_REPRESENTATION('',(#2755),#2759);
#2755 = LINE('',#2756,#2757);
#2756 = CARTESIAN_POINT('',(79.,0.));
#2757 = VECTOR('',#2758,1.);
#2758 = DIRECTION('',(0.,1.));
#2759 = ( GEOMETRIC_REPRESENTATION_CONTEXT(2) 
PARAMETRIC_REPRESENTATION_CONTEXT() REPRESENTATION_CONTEXT('2D SPACE',''
  ) );
#2760 = ORIENTED_EDGE('',*,*,#2692,.T.);
#2761 = ADVANCED_FACE('',(#2762),#633,.F.);
#2762 = FACE_BOUND('',#2763,.F.);
#2763 = EDGE_LOOP('',(#2764,#2785,#2786,#2787));
#2764 = ORIENTED_EDGE('',*,*,#2765,.F.);
#2765 = EDGE_CURVE('',#558,#1801,#2766,.T.);
#2766 = SURFACE_CURVE('',#2767,(#2771,#2778),.PCURVE_S1.);
#2767 = LINE('',#2768,#2769);
#2768 = CARTESIAN_POINT('',(41.,-22.,-16.));
#2769 = VECTOR('',#2770,1.);
#2770 = DIRECTION('',(-0.,1.,0.));
#2771 = PCURVE('',#633,#2772);
#2772 = DEFINITIONAL_REPRESENTATION('',(#2773),#2777);
#2773 = LINE('',#2774,#2775);
#2774 = CARTESIAN_POINT('',(11.,0.));
#2775 = VECTOR('',#2776,1.);
#2776 = DIRECTION('',(0.,1.));
#2777 = ( GEOMETRIC_REPRESENTATION_CONTEXT(2) 
PARAMETRIC_REPRESENTATION_CONTEXT() REPRESENTATION_CONTEXT('2D SPACE',''
  ) );
#2778 = PCURVE('',#595,#2779);
#2779 = DEFINITIONAL_REPRESENTATION('',(#2780),#2784);
#2780 = LINE('',#2781,#2782);
#2781 = CARTESIAN_POINT('',(-1.570796326795,0.));
#2782 = VECTOR('',#2783,1.);
#2783 = DIRECTION('',(-0.,1.));
#2784 = ( GEOMETRIC_REPRESENTATION_CONTEXT(2) 
PARAMETRIC_REPRESENTATION_CONTEXT() REPRESENTATION_CONTEXT('2D SPACE',''
  ) );
#2785 = ORIENTED_EDGE('',*,*,#618,.T.);
#2786 = ORIENTED_EDGE('',*,*,#2740,.T.);
#2787 = ORIENTED_EDGE('',*,*,#2788,.F.);
#2788 = EDGE_CURVE('',#1801,#2693,#2789,.T.);
#2789 = SURFACE_CURVE('',#2790,(#2794,#2801),.PCURVE_S1.);
#2790 = LINE('',#2791,#2792);
#2791 = CARTESIAN_POINT('',(30.,11.,-16.));
#2792 = VECTOR('',#2793,1.);
#2793 = DIRECTION('',(1.,0.,-0.));
#2794 = PCURVE('',#633,#2795);
#2795 = DEFINITIONAL_REPRESENTATION('',(#2796),#2800);
#2796 = LINE('',#2797,#2798);
#2797 = CARTESIAN_POINT('',(0.,33.));
#2798 = VECTOR('',#2799,1.);
#2799 = DIRECTION('',(1.,0.));
#2800 = ( GEOMETRIC_REPRESENTATION_CONTEXT(2) 
PARAMETRIC_REPRESENTATION_CONTEXT() REPRESENTATION_CONTEXT('2D SPACE',''
  ) );
#2801 = PCURVE('',#1838,#2802);
#2802 = DEFINITIONAL_REPRESENTATION('',(#2803),#2807);
#2803 = LINE('',#2804,#2805);
#2804 = CARTESIAN_POINT('',(-1.570796326795,0.));
#2805 = VECTOR('',#2806,1.);
#2806 = DIRECTION('',(-0.,1.));
#2807 = ( GEOMETRIC_REPRESENTATION_CONTEXT(2) 
PARAMETRIC_REPRESENTATION_CONTEXT() REPRESENTATION_CONTEXT('2D SPACE',''
  ) );
#2808 = ADVANCED_FACE('',(#2809),#595,.T.);
#2809 = FACE_BOUND('',#2810,.F.);
#2810 = EDGE_LOOP('',(#2811,#2812,#2813));
#2811 = ORIENTED_EDGE('',*,*,#557,.F.);
#2812 = ORIENTED_EDGE('',*,*,#2765,.T.);
#2813 = ORIENTED_EDGE('',*,*,#1800,.T.);
#2814 = ADVANCED_FACE('',(#2815,#2846),#511,.F.);
#2815 = FACE_BOUND('',#2816,.F.);
#2816 = EDGE_LOOP('',(#2817));
#2817 = ORIENTED_EDGE('',*,*,#2818,.T.);
#2818 = EDGE_CURVE('',#2819,#2819,#2821,.T.);
#2819 = VERTEX_POINT('',#2820);
#2820 = CARTESIAN_POINT('',(150.,-7.347880794884E-15,-30.));
#2821 = SURFACE_CURVE('',#2822,(#2827,#2834),.PCURVE_S1.);
#2822 = CIRCLE('',#2823,30.);
#2823 = AXIS2_PLACEMENT_3D('',#2824,#2825,#2826);
#2824 = CARTESIAN_POINT('',(150.,0.,0.));
#2825 = DIRECTION('',(1.,-0.,2.22044604925E-16));
#2826 = DIRECTION('',(2.22044604925E-16,0.,-1.));
#2827 = PCURVE('',#511,#2828);
#2828 = DEFINITIONAL_REPRESENTATION('',(#2829),#2833);
#2829 = CIRCLE('',#2830,30.);
#2830 = AXIS2_PLACEMENT_2D('',#2831,#2832);
#2831 = CARTESIAN_POINT('',(0.,0.));
#2832 = DIRECTION('',(1.,0.));
#2833 = ( GEOMETRIC_REPRESENTATION_CONTEXT(2) 
PARAMETRIC_REPRESENTATION_CONTEXT() REPRESENTATION_CONTEXT('2D SPACE',''
  ) );
#2834 = PCURVE('',#2835,#2840);
#2835 = CYLINDRICAL_SURFACE('',#2836,30.);
#2836 = AXIS2_PLACEMENT_3D('',#2837,#2838,#2839);
#2837 = CARTESIAN_POINT('',(150.,0.,0.));
#2838 = DIRECTION('',(1.,0.,2.22044604925E-16));
#2839 = DIRECTION('',(2.22044604925E-16,0.,-1.));
#2840 = DEFINITIONAL_REPRESENTATION('',(#2841),#2845);
#2841 = LINE('',#2842,#2843);
#2842 = CARTESIAN_POINT('',(0.,0.));
#2843 = VECTOR('',#2844,1.);
#2844 = DIRECTION('',(1.,0.));
#2845 = ( GEOMETRIC_REPRESENTATION_CONTEXT(2) 
PARAMETRIC_REPRESENTATION_CONTEXT() REPRESENTATION_CONTEXT('2D SPACE',''
  ) );
#2846 = FACE_BOUND('',#2847,.F.);
#2847 = EDGE_LOOP('',(#2848));
#2848 = ORIENTED_EDGE('',*,*,#496,.F.);
#2849 = ADVANCED_FACE('',(#2850),#1838,.T.);
#2850 = FACE_BOUND('',#2851,.F.);
#2851 = EDGE_LOOP('',(#2852,#2853,#2854,#2855));
#2852 = ORIENTED_EDGE('',*,*,#1822,.F.);
#2853 = ORIENTED_EDGE('',*,*,#2788,.T.);
#2854 = ORIENTED_EDGE('',*,*,#2714,.T.);
#2855 = ORIENTED_EDGE('',*,*,#2856,.F.);
#2856 = EDGE_CURVE('',#1823,#2644,#2857,.T.);
#2857 = SURFACE_CURVE('',#2858,(#2862,#2869),.PCURVE_S1.);
#2858 = LINE('',#2859,#2860);
#2859 = CARTESIAN_POINT('',(30.,22.,-5.));
#2860 = VECTOR('',#2861,1.);
#2861 = DIRECTION('',(1.,0.,-0.));
#2862 = PCURVE('',#1838,#2863);
#2863 = DEFINITIONAL_REPRESENTATION('',(#2864),#2868);
#2864 = LINE('',#2865,#2866);
#2865 = CARTESIAN_POINT('',(-0.,0.));
#2866 = VECTOR('',#2867,1.);
#2867 = DIRECTION('',(-0.,1.));
#2868 = ( GEOMETRIC_REPRESENTATION_CONTEXT(2) 
PARAMETRIC_REPRESENTATION_CONTEXT() REPRESENTATION_CONTEXT('2D SPACE',''
  ) );
#2869 = PCURVE('',#1894,#2870);
#2870 = DEFINITIONAL_REPRESENTATION('',(#2871),#2875);
#2871 = LINE('',#2872,#2873);
#2872 = CARTESIAN_POINT('',(11.,0.));
#2873 = VECTOR('',#2874,1.);
#2874 = DIRECTION('',(0.,1.));
#2875 = ( GEOMETRIC_REPRESENTATION_CONTEXT(2) 
PARAMETRIC_REPRESENTATION_CONTEXT() REPRESENTATION_CONTEXT('2D SPACE',''
  ) );
#2876 = ADVANCED_FACE('',(#2877),#1894,.T.);
#2877 = FACE_BOUND('',#2878,.T.);
#2878 = EDGE_LOOP('',(#2879,#2880,#2901,#2902));
#2879 = ORIENTED_EDGE('',*,*,#1878,.T.);
#2880 = ORIENTED_EDGE('',*,*,#2881,.T.);
#2881 = EDGE_CURVE('',#1879,#2596,#2882,.T.);
#2882 = SURFACE_CURVE('',#2883,(#2887,#2894),.PCURVE_S1.);
#2883 = LINE('',#2884,#2885);
#2884 = CARTESIAN_POINT('',(30.,22.,5.));
#2885 = VECTOR('',#2886,1.);
#2886 = DIRECTION('',(1.,0.,-0.));
#2887 = PCURVE('',#1894,#2888);
#2888 = DEFINITIONAL_REPRESENTATION('',(#2889),#2893);
#2889 = LINE('',#2890,#2891);
#2890 = CARTESIAN_POINT('',(21.,0.));
#2891 = VECTOR('',#2892,1.);
#2892 = DIRECTION('',(0.,1.));
#2893 = ( GEOMETRIC_REPRESENTATION_CONTEXT(2) 
PARAMETRIC_REPRESENTATION_CONTEXT() REPRESENTATION_CONTEXT('2D SPACE',''
  ) );
#2894 = PCURVE('',#1946,#2895);
#2895 = DEFINITIONAL_REPRESENTATION('',(#2896),#2900);
#2896 = LINE('',#2897,#2898);
#2897 = CARTESIAN_POINT('',(0.,0.));
#2898 = VECTOR('',#2899,1.);
#2899 = DIRECTION('',(0.,1.));
#2900 = ( GEOMETRIC_REPRESENTATION_CONTEXT(2) 
PARAMETRIC_REPRESENTATION_CONTEXT() REPRESENTATION_CONTEXT('2D SPACE',''
  ) );
#2901 = ORIENTED_EDGE('',*,*,#2667,.F.);
#2902 = ORIENTED_EDGE('',*,*,#2856,.F.);
#2903 = ADVANCED_FACE('',(#2904),#1946,.T.);
#2904 = FACE_BOUND('',#2905,.T.);
#2905 = EDGE_LOOP('',(#2906,#2907,#2908,#2909));
#2906 = ORIENTED_EDGE('',*,*,#1930,.T.);
#2907 = ORIENTED_EDGE('',*,*,#2544,.T.);
#2908 = ORIENTED_EDGE('',*,*,#2617,.F.);
#2909 = ORIENTED_EDGE('',*,*,#2881,.F.);
#2910 = ADVANCED_FACE('',(#2911),#2022,.T.);
#2911 = FACE_BOUND('',#2912,.F.);
#2912 = EDGE_LOOP('',(#2913,#2914,#2915,#2916));
#2913 = ORIENTED_EDGE('',*,*,#2006,.F.);
#2914 = ORIENTED_EDGE('',*,*,#2461,.T.);
#2915 = ORIENTED_EDGE('',*,*,#2389,.T.);
#2916 = ORIENTED_EDGE('',*,*,#2917,.F.);
#2917 = EDGE_CURVE('',#2007,#2320,#2918,.T.);
#2918 = SURFACE_CURVE('',#2919,(#2923,#2930),.PCURVE_S1.);
#2919 = LINE('',#2920,#2921);
#2920 = CARTESIAN_POINT('',(30.,-22.,5.));
#2921 = VECTOR('',#2922,1.);
#2922 = DIRECTION('',(1.,0.,-0.));
#2923 = PCURVE('',#2022,#2924);
#2924 = DEFINITIONAL_REPRESENTATION('',(#2925),#2929);
#2925 = LINE('',#2926,#2927);
#2926 = CARTESIAN_POINT('',(-0.,0.));
#2927 = VECTOR('',#2928,1.);
#2928 = DIRECTION('',(-0.,1.));
#2929 = ( GEOMETRIC_REPRESENTATION_CONTEXT(2) 
PARAMETRIC_REPRESENTATION_CONTEXT() REPRESENTATION_CONTEXT('2D SPACE',''
  ) );
#2930 = PCURVE('',#2099,#2931);
#2931 = DEFINITIONAL_REPRESENTATION('',(#2932),#2936);
#2932 = LINE('',#2933,#2934);
#2933 = CARTESIAN_POINT('',(21.,0.));
#2934 = VECTOR('',#2935,1.);
#2935 = DIRECTION('',(0.,1.));
#2936 = ( GEOMETRIC_REPRESENTATION_CONTEXT(2) 
PARAMETRIC_REPRESENTATION_CONTEXT() REPRESENTATION_CONTEXT('2D SPACE',''
  ) );
#2937 = ADVANCED_FACE('',(#2938),#2099,.F.);
#2938 = FACE_BOUND('',#2939,.F.);
#2939 = EDGE_LOOP('',(#2940,#2941,#2942,#2943));
#2940 = ORIENTED_EDGE('',*,*,#2085,.T.);
#2941 = ORIENTED_EDGE('',*,*,#2917,.T.);
#2942 = ORIENTED_EDGE('',*,*,#2319,.F.);
#2943 = ORIENTED_EDGE('',*,*,#2944,.F.);
#2944 = EDGE_CURVE('',#2062,#2270,#2945,.T.);
#2945 = SURFACE_CURVE('',#2946,(#2950,#2957),.PCURVE_S1.);
#2946 = LINE('',#2947,#2948);
#2947 = CARTESIAN_POINT('',(30.,-22.,-5.));
#2948 = VECTOR('',#2949,1.);
#2949 = DIRECTION('',(1.,0.,-0.));
#2950 = PCURVE('',#2099,#2951);
#2951 = DEFINITIONAL_REPRESENTATION('',(#2952),#2956);
#2952 = LINE('',#2953,#2954);
#2953 = CARTESIAN_POINT('',(11.,0.));
#2954 = VECTOR('',#2955,1.);
#2955 = DIRECTION('',(0.,1.));
#2956 = ( GEOMETRIC_REPRESENTATION_CONTEXT(2) 
PARAMETRIC_REPRESENTATION_CONTEXT() REPRESENTATION_CONTEXT('2D SPACE',''
  ) );
#2957 = PCURVE('',#2151,#2958);
#2958 = DEFINITIONAL_REPRESENTATION('',(#2959),#2963);
#2959 = LINE('',#2960,#2961);
#2960 = CARTESIAN_POINT('',(0.,0.));
#2961 = VECTOR('',#2962,1.);
#2962 = DIRECTION('',(0.,1.));
#2963 = ( GEOMETRIC_REPRESENTATION_CONTEXT(2) 
PARAMETRIC_REPRESENTATION_CONTEXT() REPRESENTATION_CONTEXT('2D SPACE',''
  ) );
#2964 = ADVANCED_FACE('',(#2965),#2151,.T.);
#2965 = FACE_BOUND('',#2966,.T.);
#2966 = EDGE_LOOP('',(#2967,#2968,#2969,#2970));
#2967 = ORIENTED_EDGE('',*,*,#2137,.F.);
#2968 = ORIENTED_EDGE('',*,*,#2195,.T.);
#2969 = ORIENTED_EDGE('',*,*,#2269,.T.);
#2970 = ORIENTED_EDGE('',*,*,#2944,.F.);
#2971 = ADVANCED_FACE('',(#2972),#2835,.T.);
#2972 = FACE_BOUND('',#2973,.T.);
#2973 = EDGE_LOOP('',(#2974,#3003,#3024,#3025));
#2974 = ORIENTED_EDGE('',*,*,#2975,.F.);
#2975 = EDGE_CURVE('',#2976,#2976,#2978,.T.);
#2976 = VERTEX_POINT('',#2977);
#2977 = CARTESIAN_POINT('',(184.,-7.347880794884E-15,-30.));
#2978 = SURFACE_CURVE('',#2979,(#2984,#2991),.PCURVE_S1.);
#2979 = CIRCLE('',#2980,30.);
#2980 = AXIS2_PLACEMENT_3D('',#2981,#2982,#2983);
#2981 = CARTESIAN_POINT('',(184.,0.,7.549516567451E-15));
#2982 = DIRECTION('',(1.,-0.,2.22044604925E-16));
#2983 = DIRECTION('',(2.22044604925E-16,0.,-1.));
#2984 = PCURVE('',#2835,#2985);
#2985 = DEFINITIONAL_REPRESENTATION('',(#2986),#2990);
#2986 = LINE('',#2987,#2988);
#2987 = CARTESIAN_POINT('',(0.,34.));
#2988 = VECTOR('',#2989,1.);
#2989 = DIRECTION('',(1.,0.));
#2990 = ( GEOMETRIC_REPRESENTATION_CONTEXT(2) 
PARAMETRIC_REPRESENTATION_CONTEXT() REPRESENTATION_CONTEXT('2D SPACE',''
  ) );
#2991 = PCURVE('',#2992,#2997);
#2992 = PLANE('',#2993);
#2993 = AXIS2_PLACEMENT_3D('',#2994,#2995,#2996);
#2994 = CARTESIAN_POINT('',(184.,0.,7.549516567451E-15));
#2995 = DIRECTION('',(1.,0.,2.22044604925E-16));
#2996 = DIRECTION('',(2.22044604925E-16,0.,-1.));
#2997 = DEFINITIONAL_REPRESENTATION('',(#2998),#3002);
#2998 = CIRCLE('',#2999,30.);
#2999 = AXIS2_PLACEMENT_2D('',#3000,#3001);
#3000 = CARTESIAN_POINT('',(0.,0.));
#3001 = DIRECTION('',(1.,0.));
#3002 = ( GEOMETRIC_REPRESENTATION_CONTEXT(2) 
PARAMETRIC_REPRESENTATION_CONTEXT() REPRESENTATION_CONTEXT('2D SPACE',''
  ) );
#3003 = ORIENTED_EDGE('',*,*,#3004,.F.);
#3004 = EDGE_CURVE('',#2819,#2976,#3005,.T.);
#3005 = SEAM_CURVE('',#3006,(#3010,#3017),.PCURVE_S1.);
#3006 = LINE('',#3007,#3008);
#3007 = CARTESIAN_POINT('',(150.,-7.347880794884E-15,-30.));
#3008 = VECTOR('',#3009,1.);
#3009 = DIRECTION('',(1.,0.,2.22044604925E-16));
#3010 = PCURVE('',#2835,#3011);
#3011 = DEFINITIONAL_REPRESENTATION('',(#3012),#3016);
#3012 = LINE('',#3013,#3014);
#3013 = CARTESIAN_POINT('',(6.28318530718,-0.));
#3014 = VECTOR('',#3015,1.);
#3015 = DIRECTION('',(0.,1.));
#3016 = ( GEOMETRIC_REPRESENTATION_CONTEXT(2) 
PARAMETRIC_REPRESENTATION_CONTEXT() REPRESENTATION_CONTEXT('2D SPACE',''
  ) );
#3017 = PCURVE('',#2835,#3018);
#3018 = DEFINITIONAL_REPRESENTATION('',(#3019),#3023);
#3019 = LINE('',#3020,#3021);
#3020 = CARTESIAN_POINT('',(0.,-0.));
#3021 = VECTOR('',#3022,1.);
#3022 = DIRECTION('',(0.,1.));
#3023 = ( GEOMETRIC_REPRESENTATION_CONTEXT(2) 
PARAMETRIC_REPRESENTATION_CONTEXT() REPRESENTATION_CONTEXT('2D SPACE',''
  ) );
#3024 = ORIENTED_EDGE('',*,*,#2818,.T.);
#3025 = ORIENTED_EDGE('',*,*,#3004,.T.);
#3026 = ADVANCED_FACE('',(#3027,#3030),#2992,.T.);
#3027 = FACE_BOUND('',#3028,.T.);
#3028 = EDGE_LOOP('',(#3029));
#3029 = ORIENTED_EDGE('',*,*,#2975,.T.);
#3030 = FACE_BOUND('',#3031,.T.);
#3031 = EDGE_LOOP('',(#3032));
#3032 = ORIENTED_EDGE('',*,*,#3033,.F.);
#3033 = EDGE_CURVE('',#3034,#3034,#3036,.T.);
#3034 = VERTEX_POINT('',#3035);
#3035 = CARTESIAN_POINT('',(184.,-1.469576158977E-15,-6.));
#3036 = SURFACE_CURVE('',#3037,(#3042,#3049),.PCURVE_S1.);
#3037 = CIRCLE('',#3038,6.);
#3038 = AXIS2_PLACEMENT_3D('',#3039,#3040,#3041);
#3039 = CARTESIAN_POINT('',(184.,0.,8.659739592076E-15));
#3040 = DIRECTION('',(1.,0.,2.22044604925E-16));
#3041 = DIRECTION('',(2.22044604925E-16,0.,-1.));
#3042 = PCURVE('',#2992,#3043);
#3043 = DEFINITIONAL_REPRESENTATION('',(#3044),#3048);
#3044 = CIRCLE('',#3045,6.);
#3045 = AXIS2_PLACEMENT_2D('',#3046,#3047);
#3046 = CARTESIAN_POINT('',(-1.110223024625E-15,0.));
#3047 = DIRECTION('',(1.,0.));
#3048 = ( GEOMETRIC_REPRESENTATION_CONTEXT(2) 
PARAMETRIC_REPRESENTATION_CONTEXT() REPRESENTATION_CONTEXT('2D SPACE',''
  ) );
#3049 = PCURVE('',#3050,#3055);
#3050 = CYLINDRICAL_SURFACE('',#3051,6.);
#3051 = AXIS2_PLACEMENT_3D('',#3052,#3053,#3054);
#3052 = CARTESIAN_POINT('',(145.,0.,0.));
#3053 = DIRECTION('',(1.,0.,2.22044604925E-16));
#3054 = DIRECTION('',(2.22044604925E-16,0.,-1.));
#3055 = DEFINITIONAL_REPRESENTATION('',(#3056),#3060);
#3056 = LINE('',#3057,#3058);
#3057 = CARTESIAN_POINT('',(0.,39.));
#3058 = VECTOR('',#3059,1.);
#3059 = DIRECTION('',(1.,0.));
#3060 = ( GEOMETRIC_REPRESENTATION_CONTEXT(2) 
PARAMETRIC_REPRESENTATION_CONTEXT() REPRESENTATION_CONTEXT('2D SPACE',''
  ) );
#3061 = ADVANCED_FACE('',(#3062),#3050,.F.);
#3062 = FACE_BOUND('',#3063,.F.);
#3063 = EDGE_LOOP('',(#3064,#3065,#3088,#3115));
#3064 = ORIENTED_EDGE('',*,*,#3033,.F.);
#3065 = ORIENTED_EDGE('',*,*,#3066,.F.);
#3066 = EDGE_CURVE('',#3067,#3034,#3069,.T.);
#3067 = VERTEX_POINT('',#3068);
#3068 = CARTESIAN_POINT('',(150.,-1.469576158977E-15,-6.));
#3069 = SEAM_CURVE('',#3070,(#3074,#3081),.PCURVE_S1.);
#3070 = LINE('',#3071,#3072);
#3071 = CARTESIAN_POINT('',(145.,-1.469576158977E-15,-6.));
#3072 = VECTOR('',#3073,1.);
#3073 = DIRECTION('',(1.,0.,2.22044604925E-16));
#3074 = PCURVE('',#3050,#3075);
#3075 = DEFINITIONAL_REPRESENTATION('',(#3076),#3080);
#3076 = LINE('',#3077,#3078);
#3077 = CARTESIAN_POINT('',(6.28318530718,-0.));
#3078 = VECTOR('',#3079,1.);
#3079 = DIRECTION('',(0.,1.));
#3080 = ( GEOMETRIC_REPRESENTATION_CONTEXT(2) 
PARAMETRIC_REPRESENTATION_CONTEXT() REPRESENTATION_CONTEXT('2D SPACE',''
  ) );
#3081 = PCURVE('',#3050,#3082);
#3082 = DEFINITIONAL_REPRESENTATION('',(#3083),#3087);
#3083 = LINE('',#3084,#3085);
#3084 = CARTESIAN_POINT('',(0.,-0.));
#3085 = VECTOR('',#3086,1.);
#3086 = DIRECTION('',(0.,1.));
#3087 = ( GEOMETRIC_REPRESENTATION_CONTEXT(2) 
PARAMETRIC_REPRESENTATION_CONTEXT() REPRESENTATION_CONTEXT('2D SPACE',''
  ) );
#3088 = ORIENTED_EDGE('',*,*,#3089,.T.);
#3089 = EDGE_CURVE('',#3067,#3067,#3090,.T.);
#3090 = SURFACE_CURVE('',#3091,(#3096,#3103),.PCURVE_S1.);
#3091 = CIRCLE('',#3092,6.);
#3092 = AXIS2_PLACEMENT_3D('',#3093,#3094,#3095);
#3093 = CARTESIAN_POINT('',(150.,0.,1.110223024625E-15));
#3094 = DIRECTION('',(1.,0.,2.22044604925E-16));
#3095 = DIRECTION('',(2.22044604925E-16,0.,-1.));
#3096 = PCURVE('',#3050,#3097);
#3097 = DEFINITIONAL_REPRESENTATION('',(#3098),#3102);
#3098 = LINE('',#3099,#3100);
#3099 = CARTESIAN_POINT('',(0.,5.));
#3100 = VECTOR('',#3101,1.);
#3101 = DIRECTION('',(1.,0.));
#3102 = ( GEOMETRIC_REPRESENTATION_CONTEXT(2) 
PARAMETRIC_REPRESENTATION_CONTEXT() REPRESENTATION_CONTEXT('2D SPACE',''
  ) );
#3103 = PCURVE('',#3104,#3109);
#3104 = PLANE('',#3105);
#3105 = AXIS2_PLACEMENT_3D('',#3106,#3107,#3108);
#3106 = CARTESIAN_POINT('',(150.,0.,3.330669073875E-14));
#3107 = DIRECTION('',(1.,0.,2.22044604925E-16));
#3108 = DIRECTION('',(2.22044604925E-16,0.,-1.));
#3109 = DEFINITIONAL_REPRESENTATION('',(#3110),#3114);
#3110 = CIRCLE('',#3111,6.);
#3111 = AXIS2_PLACEMENT_2D('',#3112,#3113);
#3112 = CARTESIAN_POINT('',(3.219646771413E-14,0.));
#3113 = DIRECTION('',(1.,0.));
#3114 = ( GEOMETRIC_REPRESENTATION_CONTEXT(2) 
PARAMETRIC_REPRESENTATION_CONTEXT() REPRESENTATION_CONTEXT('2D SPACE',''
  ) );
#3115 = ORIENTED_EDGE('',*,*,#3066,.T.);
#3116 = ADVANCED_FACE('',(#3117),#3104,.T.);
#3117 = FACE_BOUND('',#3118,.T.);
#3118 = EDGE_LOOP('',(#3119));
#3119 = ORIENTED_EDGE('',*,*,#3089,.T.);
#3120 = ( GEOMETRIC_REPRESENTATION_CONTEXT(3) 
GLOBAL_UNCERTAINTY_ASSIGNED_CONTEXT((#3124)) 
GLOBAL_UNIT_ASSIGNED_CONTEXT((#3121,#3122,#3123)) REPRESENTATION_CONTEXT
('Context #1','3D Context with UNIT and UNCERTAINTY') );
#3121 = ( LENGTH_UNIT() NAMED_UNIT(*) SI_UNIT(.MILLI.,.METRE.) );
#3122 = ( NAMED_UNIT(*) PLANE_ANGLE_UNIT() SI_UNIT($,.RADIAN.) );
#3123 = ( NAMED_UNIT(*) SI_UNIT($,.STERADIAN.) SOLID_ANGLE_UNIT() );
#3124 = UNCERTAINTY_MEASURE_WITH_UNIT(LENGTH_MEASURE(1.E-07),#3121,
  'distance_accuracy_value','confusion accuracy');
#3125 = PRODUCT_RELATED_PRODUCT_CATEGORY('part',$,(#7));
ENDSEC;
END-ISO-10303-21;
