ISO-10303-21;
HEADER;
FILE_DESCRIPTION(('Open CASCADE Model'),'2;1');
FILE_NAME('Open CASCADE Shape Model','2026-09-27T19:30:33',('Author'),(
    'Open CASCADE'),'Open CASCADE STEP processor 8.0','build123d',
  'Unknown');
FILE_SCHEMA(('AUTOMOTIVE_DESIGN { 1 0 10303 214 1 1 1 1 }'));
ENDSEC;
DATA;
#1 = APPLICATION_PROTOCOL_DEFINITION('international standard',
  'automotive_design',2000,#2);
#2 = APPLICATION_CONTEXT(
  'core data for automotive mechanical design processes');
#3 = SHAPE_DEFINITION_REPRESENTATION(#4,#10);
#4 = PRODUCT_DEFINITION_SHAPE('','',#5);
#5 = PRODUCT_DEFINITION('design','',#6,#9);
#6 = PRODUCT_DEFINITION_FORMATION('','',#7);
#7 = PRODUCT('COMPOUND','COMPOUND','',(#8));
#8 = PRODUCT_CONTEXT('',#2,'mechanical');
#9 = PRODUCT_DEFINITION_CONTEXT('part definition',#2,'design');
#10 = SHAPE_REPRESENTATION('',(#11,#15,#899,#1305),#1711);
#11 = AXIS2_PLACEMENT_3D('',#12,#13,#14);
#12 = CARTESIAN_POINT('',(0.,0.,0.));
#13 = DIRECTION('',(0.,0.,1.));
#14 = DIRECTION('',(1.,0.,-0.));
#15 = MANIFOLD_SOLID_BREP('',#16);
#16 = CLOSED_SHELL('',(#17,#79,#114,#845,#889,#894));
#17 = ADVANCED_FACE('',(#18),#31,.T.);
#18 = FACE_BOUND('',#19,.T.);
#19 = EDGE_LOOP('',(#20,#54,#78));
#20 = ORIENTED_EDGE('',*,*,#21,.F.);
#21 = EDGE_CURVE('',#22,#22,#24,.T.);
#22 = VERTEX_POINT('',#23);
#23 = CARTESIAN_POINT('',(12.,-2.939152317954E-15,7.718988718448E-15));
#24 = SURFACE_CURVE('',#25,(#30,#42),.PCURVE_S1.);
#25 = CIRCLE('',#26,12.);
#26 = AXIS2_PLACEMENT_3D('',#27,#28,#29);
#27 = CARTESIAN_POINT('',(0.,0.,0.));
#28 = DIRECTION('',(0.,0.,1.));
#29 = DIRECTION('',(1.,0.,-0.));
#30 = PCURVE('',#31,#36);
#31 = SPHERICAL_SURFACE('',#32,12.);
#32 = AXIS2_PLACEMENT_3D('',#33,#34,#35);
#33 = CARTESIAN_POINT('',(0.,0.,0.));
#34 = DIRECTION('',(0.,0.,1.));
#35 = DIRECTION('',(1.,0.,-0.));
#36 = DEFINITIONAL_REPRESENTATION('',(#37),#41);
#37 = LINE('',#38,#39);
#38 = CARTESIAN_POINT('',(0.,0.));
#39 = VECTOR('',#40,1.);
#40 = DIRECTION('',(1.,0.));
#41 = ( GEOMETRIC_REPRESENTATION_CONTEXT(2) 
PARAMETRIC_REPRESENTATION_CONTEXT() REPRESENTATION_CONTEXT('2D SPACE',''
  ) );
#42 = PCURVE('',#43,#48);
#43 = PLANE('',#44);
#44 = AXIS2_PLACEMENT_3D('',#45,#46,#47);
#45 = CARTESIAN_POINT('',(0.,0.,0.));
#46 = DIRECTION('',(0.,0.,1.));
#47 = DIRECTION('',(1.,0.,-0.));
#48 = DEFINITIONAL_REPRESENTATION('',(#49),#53);
#49 = CIRCLE('',#50,12.);
#50 = AXIS2_PLACEMENT_2D('',#51,#52);
#51 = CARTESIAN_POINT('',(0.,0.));
#52 = DIRECTION('',(1.,0.));
#53 = ( GEOMETRIC_REPRESENTATION_CONTEXT(2) 
PARAMETRIC_REPRESENTATION_CONTEXT() REPRESENTATION_CONTEXT('2D SPACE',''
  ) );
#54 = ORIENTED_EDGE('',*,*,#55,.F.);
#55 = EDGE_CURVE('',#56,#22,#58,.T.);
#56 = VERTEX_POINT('',#57);
#57 = CARTESIAN_POINT('',(7.347880794884E-16,-1.799711739194E-31,-12.));
#58 = SEAM_CURVE('',#59,(#64,#71),.PCURVE_S1.);
#59 = CIRCLE('',#60,12.);
#60 = AXIS2_PLACEMENT_3D('',#61,#62,#63);
#61 = CARTESIAN_POINT('',(0.,0.,0.));
#62 = DIRECTION('',(-2.449293598295E-16,-1.,0.));
#63 = DIRECTION('',(1.,-2.449293598295E-16,0.));
#64 = PCURVE('',#31,#65);
#65 = DEFINITIONAL_REPRESENTATION('',(#66),#70);
#66 = LINE('',#67,#68);
#67 = CARTESIAN_POINT('',(6.28318530718,-6.28318530718));
#68 = VECTOR('',#69,1.);
#69 = DIRECTION('',(0.,1.));
#70 = ( GEOMETRIC_REPRESENTATION_CONTEXT(2) 
PARAMETRIC_REPRESENTATION_CONTEXT() REPRESENTATION_CONTEXT('2D SPACE',''
  ) );
#71 = PCURVE('',#31,#72);
#72 = DEFINITIONAL_REPRESENTATION('',(#73),#77);
#73 = LINE('',#74,#75);
#74 = CARTESIAN_POINT('',(0.,-6.28318530718));
#75 = VECTOR('',#76,1.);
#76 = DIRECTION('',(0.,1.));
#77 = ( GEOMETRIC_REPRESENTATION_CONTEXT(2) 
PARAMETRIC_REPRESENTATION_CONTEXT() REPRESENTATION_CONTEXT('2D SPACE',''
  ) );
#78 = ORIENTED_EDGE('',*,*,#55,.T.);
#79 = ADVANCED_FACE('',(#80,#111),#43,.F.);
#80 = FACE_BOUND('',#81,.F.);
#81 = EDGE_LOOP('',(#82));
#82 = ORIENTED_EDGE('',*,*,#83,.T.);
#83 = EDGE_CURVE('',#84,#84,#86,.T.);
#84 = VERTEX_POINT('',#85);
#85 = CARTESIAN_POINT('',(18.,-4.40872847693E-15,0.));
#86 = SURFACE_CURVE('',#87,(#92,#99),.PCURVE_S1.);
#87 = CIRCLE('',#88,18.);
#88 = AXIS2_PLACEMENT_3D('',#89,#90,#91);
#89 = CARTESIAN_POINT('',(0.,0.,0.));
#90 = DIRECTION('',(0.,0.,1.));
#91 = DIRECTION('',(1.,0.,-0.));
#92 = PCURVE('',#43,#93);
#93 = DEFINITIONAL_REPRESENTATION('',(#94),#98);
#94 = CIRCLE('',#95,18.);
#95 = AXIS2_PLACEMENT_2D('',#96,#97);
#96 = CARTESIAN_POINT('',(0.,0.));
#97 = DIRECTION('',(1.,0.));
#98 = ( GEOMETRIC_REPRESENTATION_CONTEXT(2) 
PARAMETRIC_REPRESENTATION_CONTEXT() REPRESENTATION_CONTEXT('2D SPACE',''
  ) );
#99 = PCURVE('',#100,#105);
#100 = CONICAL_SURFACE('',#101,18.,3.634762101902E-02);
#101 = AXIS2_PLACEMENT_3D('',#102,#103,#104);
#102 = CARTESIAN_POINT('',(0.,0.,0.));
#103 = DIRECTION('',(-0.,-0.,-1.));
#104 = DIRECTION('',(1.,0.,-0.));
#105 = DEFINITIONAL_REPRESENTATION('',(#106),#110);
#106 = LINE('',#107,#108);
#107 = CARTESIAN_POINT('',(-0.,-0.));
#108 = VECTOR('',#109,1.);
#109 = DIRECTION('',(-1.,-0.));
#110 = ( GEOMETRIC_REPRESENTATION_CONTEXT(2) 
PARAMETRIC_REPRESENTATION_CONTEXT() REPRESENTATION_CONTEXT('2D SPACE',''
  ) );
#111 = FACE_BOUND('',#112,.F.);
#112 = EDGE_LOOP('',(#113));
#113 = ORIENTED_EDGE('',*,*,#21,.F.);
#114 = ADVANCED_FACE('',(#115),#100,.T.);
#115 = FACE_BOUND('',#116,.T.);
#116 = EDGE_LOOP('',(#117,#289,#310,#311,#312,#477,#506,#818));
#117 = ORIENTED_EDGE('',*,*,#118,.F.);
#118 = EDGE_CURVE('',#119,#121,#123,.T.);
#119 = VERTEX_POINT('',#120);
#120 = CARTESIAN_POINT('',(10.130909090909,-1.436622026927E-15,216.4));
#121 = VERTEX_POINT('',#122);
#122 = CARTESIAN_POINT('',(9.944839602062,1.6,218.));
#123 = SURFACE_CURVE('',#124,(#182,#243),.PCURVE_S1.);
#124 = B_SPLINE_CURVE_WITH_KNOTS('',6,(#125,#126,#127,#128,#129,#130,
    #131,#132,#133,#134,#135,#136,#137,#138,#139,#140,#141,#142,#143,
    #144,#145,#146,#147,#148,#149,#150,#151,#152,#153,#154,#155,#156,
    #157,#158,#159,#160,#161,#162,#163,#164,#165,#166,#167,#168,#169,
    #170,#171,#172,#173,#174,#175,#176,#177,#178,#179,#180,#181),
  .UNSPECIFIED.,.F.,.F.,(7,5,5,5,5,5,5,5,5,5,5,7),(0.,0.103844274247,
    0.168255310827,0.249900041729,0.314155104004,0.363158328602,
    0.495531819394,0.679169483795,0.744492278992,0.828139085436,
    0.894403628387,1.),.UNSPECIFIED.);
#125 = CARTESIAN_POINT('',(10.130909090909,-3.918869757272E-16,216.4));
#126 = CARTESIAN_POINT('',(10.130909090909,0.10102109863,216.4));
#127 = CARTESIAN_POINT('',(10.12942199511,0.202079538941,216.40765411881
    ));
#128 = CARTESIAN_POINT('',(10.126445484846,0.301774191795,
    216.42297176231));
#129 = CARTESIAN_POINT('',(10.122104370303,0.398960992291,
    216.44553476737));
#130 = CARTESIAN_POINT('',(10.116598587637,0.492736661699,
    216.47471913014));
#131 = CARTESIAN_POINT('',(10.106159360944,0.638043733961,
    216.53150857061));
#132 = CARTESIAN_POINT('',(10.101800775221,0.69211807521,216.55551443193
    ));
#133 = CARTESIAN_POINT('',(10.097131853372,0.744503758287,
    216.58162018004));
#134 = CARTESIAN_POINT('',(10.092205935815,0.795106574209,
    216.60965601524));
#135 = CARTESIAN_POINT('',(10.087074785148,0.843866510113,
    216.63945801122));
#136 = CARTESIAN_POINT('',(10.07508125368,0.950175755291,216.71070418822
    ));
#137 = CARTESIAN_POINT('',(10.068123508198,1.006581583029,
    216.75312672949));
#138 = CARTESIAN_POINT('',(10.061008519466,1.059904880083,
    216.79784587203));
#139 = CARTESIAN_POINT('',(10.053823147347,1.110128054532,
    216.84458865276));
#140 = CARTESIAN_POINT('',(10.046643476508,1.157264650861,
    216.89311565205));
#141 = CARTESIAN_POINT('',(10.033937597802,1.236038851828,
    216.98266674566));
#142 = CARTESIAN_POINT('',(10.028385311731,1.268837119857,
    217.02308520355));
#143 = CARTESIAN_POINT('',(10.022907836833,1.299756222386,
    217.06438465865));
#144 = CARTESIAN_POINT('',(10.017533106674,1.328812750639,217.1064755834
    ));
#145 = CARTESIAN_POINT('',(10.012285629215,1.356024734135,
    217.14927759485));
#146 = CARTESIAN_POINT('',(10.003297697171,1.400772609923,
    217.22584978139));
#147 = CARTESIAN_POINT('',(9.999495269416,1.419071686822,217.25935178589
    ));
#148 = CARTESIAN_POINT('',(9.99578861651,1.436317090219,217.2931935852)
  );
#149 = CARTESIAN_POINT('',(9.992186241857,1.452516552953,217.327345255)
  );
#150 = CARTESIAN_POINT('',(9.988695739295,1.467677321858,217.36177882956
    ));
#151 = CARTESIAN_POINT('',(9.976215080517,1.519972693673,217.49017573763
    ));
#152 = CARTESIAN_POINT('',(9.967972579295,1.550604789061,217.58574001967
    ));
#153 = CARTESIAN_POINT('',(9.960726642493,1.573844629314,217.68266444668
    ));
#154 = CARTESIAN_POINT('',(9.954568674886,1.589772826451,217.78049964173
    ));
#155 = CARTESIAN_POINT('',(9.949553419351,1.598439780975,217.87882952634
    ));
#156 = CARTESIAN_POINT('',(9.940361054918,1.601778909772,218.1138277826)
  );
#157 = CARTESIAN_POINT('',(9.937263414622,1.589730353087,218.25052713373
    ));
#158 = CARTESIAN_POINT('',(9.93646215675,1.563702824473,218.38638893409)
  );
#159 = CARTESIAN_POINT('',(9.937905104313,1.523451534862,218.52026859837
    ));
#160 = CARTESIAN_POINT('',(9.941399180426,1.468694683937,218.65085063931
    ));
#161 = CARTESIAN_POINT('',(9.9484461315,1.37409332875,218.82126917258));
#162 = CARTESIAN_POINT('',(9.95051036783,1.347375024826,218.86535925231)
  );
#163 = CARTESIAN_POINT('',(9.952774057123,1.318739561112,218.90874933749
    ));
#164 = CARTESIAN_POINT('',(9.955218299244,1.288168019676,218.95135470154
    ));
#165 = CARTESIAN_POINT('',(9.957821082709,1.255643133013,218.99308117447
    ));
#166 = CARTESIAN_POINT('',(9.964061031826,1.176979399702,219.08599839773
    ));
#167 = CARTESIAN_POINT('',(9.967783163881,1.129584438462,219.13655685647
    ));
#168 = CARTESIAN_POINT('',(9.971671174298,1.078931272911,219.18528666661
    ));
#169 = CARTESIAN_POINT('',(9.975661864815,1.025005957595,219.23193107513
    ));
#170 = CARTESIAN_POINT('',(9.97968239865,0.967827877788,219.27619786221)
  );
#171 = CARTESIAN_POINT('',(9.986795538203,0.85964388353,219.3506974406)
  );
#172 = CARTESIAN_POINT('',(9.989907166664,0.809827398916,219.38193291985
    ));
#173 = CARTESIAN_POINT('',(9.992945898981,0.758051943287,219.41131257744
    ));
#174 = CARTESIAN_POINT('',(9.99586738319,0.704382620068,219.43865913133)
  );
#175 = CARTESIAN_POINT('',(9.998625879648,0.648921412128,219.46378920706
    ));
#176 = CARTESIAN_POINT('',(10.005242059737,0.500816416082,
    219.52275292399));
#177 = CARTESIAN_POINT('',(10.008783070022,0.405582001572,
    219.55292348698));
#178 = CARTESIAN_POINT('',(10.011614409249,0.306820555991,
    219.57625093192));
#179 = CARTESIAN_POINT('',(10.013569084455,0.205468702258,
    219.59208738218));
#180 = CARTESIAN_POINT('',(10.014545454545,0.102712835255,219.6));
#181 = CARTESIAN_POINT('',(10.014545454545,0.,219.6));
#182 = PCURVE('',#100,#183);
#183 = DEFINITIONAL_REPRESENTATION('',(#184),#242);
#184 = B_SPLINE_CURVE_WITH_KNOTS('',6,(#185,#186,#187,#188,#189,#190,
    #191,#192,#193,#194,#195,#196,#197,#198,#199,#200,#201,#202,#203,
    #204,#205,#206,#207,#208,#209,#210,#211,#212,#213,#214,#215,#216,
    #217,#218,#219,#220,#221,#222,#223,#224,#225,#226,#227,#228,#229,
    #230,#231,#232,#233,#234,#235,#236,#237,#238,#239,#240,#241),
  .UNSPECIFIED.,.F.,.F.,(7,5,5,5,5,5,5,5,5,5,5,7),(0.,0.103844274247,
    0.168255310827,0.249900041729,0.314155104004,0.363158328602,
    0.495531819394,0.679169483795,0.744492278992,0.828139085436,
    0.894403628387,1.),.UNSPECIFIED.);
#185 = CARTESIAN_POINT('',(0.,-216.4));
#186 = CARTESIAN_POINT('',(-9.971572908577E-03,-216.4));
#187 = CARTESIAN_POINT('',(-1.994683164083E-02,-216.4076541188));
#188 = CARTESIAN_POINT('',(-2.979049159138E-02,-216.4229717623));
#189 = CARTESIAN_POINT('',(-3.939265407338E-02,-216.4455347673));
#190 = CARTESIAN_POINT('',(-4.866595418194E-02,-216.4747191301));
#191 = CARTESIAN_POINT('',(-6.305008860262E-02,-216.5315085706));
#192 = CARTESIAN_POINT('',(-6.840669885578E-02,-216.5555144319));
#193 = CARTESIAN_POINT('',(-7.360008172441E-02,-216.58162018));
#194 = CARTESIAN_POINT('',(-7.862095477094E-02,-216.6096560152));
#195 = CARTESIAN_POINT('',(-8.346328871476E-02,-216.6394580112));
#196 = CARTESIAN_POINT('',(-9.403058916478E-02,-216.7107041882));
#197 = CARTESIAN_POINT('',(-9.96446095348E-02,-216.7531267294));
#198 = CARTESIAN_POINT('',(-0.104959072272,-216.797845872));
#199 = CARTESIAN_POINT('',(-0.109971635371,-216.8445886527));
#200 = CARTESIAN_POINT('',(-0.114682912477,-216.893115652));
#201 = CARTESIAN_POINT('',(-0.122567851393,-216.9826667456));
#202 = CARTESIAN_POINT('',(-0.125855074048,-217.0230852035));
#203 = CARTESIAN_POINT('',(-0.128958070509,-217.0643846586));
#204 = CARTESIAN_POINT('',(-0.131878102813,-217.1064755834));
#205 = CARTESIAN_POINT('',(-0.134616573902,-217.1492775948));
#206 = CARTESIAN_POINT('',(-0.139126196578,-217.2258497813));
#207 = CARTESIAN_POINT('',(-0.140972626794,-217.2593517858));
#208 = CARTESIAN_POINT('',(-0.142714963948,-217.2931935852));
#209 = CARTESIAN_POINT('',(-0.144353810926,-217.327345255));
#210 = CARTESIAN_POINT('',(-0.145889727834,-217.3617788295));
#211 = CARTESIAN_POINT('',(-0.151195588356,-217.4901757376));
#212 = CARTESIAN_POINT('',(-0.154320193285,-217.5857400196));
#213 = CARTESIAN_POINT('',(-0.156708168716,-217.6826644466));
#214 = CARTESIAN_POINT('',(-0.158364868896,-217.7804996417));
#215 = CARTESIAN_POINT('',(-0.15929321634,-217.8788295263));
#216 = CARTESIAN_POINT('',(-0.159765407309,-218.1138277826));
#217 = CARTESIAN_POINT('',(-0.158633688284,-218.2505271337));
#218 = CARTESIAN_POINT('',(-0.156092903417,-218.386388934));
#219 = CARTESIAN_POINT('',(-0.152116694433,-218.5202685983));
#220 = CARTESIAN_POINT('',(-0.146677534222,-218.6508506393));
#221 = CARTESIAN_POINT('',(-0.137253378331,-218.8212691725));
#222 = CARTESIAN_POINT('',(-0.134589721905,-218.8653592523));
#223 = CARTESIAN_POINT('',(-0.131733194503,-218.9087493374));
#224 = CARTESIAN_POINT('',(-0.128682037653,-218.9513547015));
#225 = CARTESIAN_POINT('',(-0.125434679799,-218.9930811744));
#226 = CARTESIAN_POINT('',(-0.117578435142,-219.0859983977));
#227 = CARTESIAN_POINT('',(-0.11284349372,-219.1365568564));
#228 = CARTESIAN_POINT('',(-0.107781959726,-219.1852866666));
#229 = CARTESIAN_POINT('',(-0.102392842639,-219.2319310751));
#230 = CARTESIAN_POINT('',(-9.667847983023E-02,-219.2761978622));
#231 = CARTESIAN_POINT('',(-8.586692802562E-02,-219.3506974406));
#232 = CARTESIAN_POINT('',(-8.088854154188E-02,-219.3819329198));
#233 = CARTESIAN_POINT('',(-7.571466344361E-02,-219.4113125774));
#234 = CARTESIAN_POINT('',(-7.035194922962E-02,-219.4386591313));
#235 = CARTESIAN_POINT('',(-6.481069732134E-02,-219.463789207));
#236 = CARTESIAN_POINT('',(-5.001460474257E-02,-219.5227529239));
#237 = CARTESIAN_POINT('',(-4.050176364117E-02,-219.5529234869));
#238 = CARTESIAN_POINT('',(-3.063810647583E-02,-219.5762509319));
#239 = CARTESIAN_POINT('',(-2.051702758575E-02,-219.5920873821));
#240 = CARTESIAN_POINT('',(-1.025636517612E-02,-219.6));
#241 = CARTESIAN_POINT('',(0.,-219.6));
#242 = ( GEOMETRIC_REPRESENTATION_CONTEXT(2) 
PARAMETRIC_REPRESENTATION_CONTEXT() REPRESENTATION_CONTEXT('2D SPACE',''
  ) );
#243 = PCURVE('',#244,#249);
#244 = CYLINDRICAL_SURFACE('',#245,1.6);
#245 = AXIS2_PLACEMENT_3D('',#246,#247,#248);
#246 = CARTESIAN_POINT('',(-25.,0.,218.));
#247 = DIRECTION('',(1.,0.,2.22044604925E-16));
#248 = DIRECTION('',(2.22044604925E-16,0.,-1.));
#249 = DEFINITIONAL_REPRESENTATION('',(#250),#288);
#250 = B_SPLINE_CURVE_WITH_KNOTS('',6,(#251,#252,#253,#254,#255,#256,
    #257,#258,#259,#260,#261,#262,#263,#264,#265,#266,#267,#268,#269,
    #270,#271,#272,#273,#274,#275,#276,#277,#278,#279,#280,#281,#282,
    #283,#284,#285,#286,#287),.UNSPECIFIED.,.F.,.F.,(7,5,5,5,5,5,5,7),(
    0.,0.103844274247,0.168255310827,0.249900041729,0.314155104004,
    0.363158328602,0.495531819394,0.500626400662),.UNSPECIFIED.);
#251 = CARTESIAN_POINT('',(6.28318530718,35.130909090909));
#252 = CARTESIAN_POINT('',(6.346323493823,35.130909090909));
#253 = CARTESIAN_POINT('',(6.409484893627,35.12942199511));
#254 = CARTESIAN_POINT('',(6.472247737189,35.126445484846));
#255 = CARTESIAN_POINT('',(6.534348490246,35.122104370303));
#256 = CARTESIAN_POINT('',(6.595576838192,35.116598587637));
#257 = CARTESIAN_POINT('',(6.69308321979,35.106159360944));
#258 = CARTESIAN_POINT('',(6.73002249777,35.101800775221));
#259 = CARTESIAN_POINT('',(6.766550383038,35.097131853372));
#260 = CARTESIAN_POINT('',(6.802656616866,35.092205935815));
#261 = CARTESIAN_POINT('',(6.838341852927,35.087074785148));
#262 = CARTESIAN_POINT('',(6.918326405508,35.07508125368));
#263 = CARTESIAN_POINT('',(6.962372474059,35.068123508198));
#264 = CARTESIAN_POINT('',(7.005778338297,35.061008519466));
#265 = CARTESIAN_POINT('',(7.048576273269,35.053823147347));
#266 = CARTESIAN_POINT('',(7.090806950117,35.046643476508));
#267 = CARTESIAN_POINT('',(7.165349233379,35.033937597802));
#268 = CARTESIAN_POINT('',(7.197856092967,35.028385311731));
#269 = CARTESIAN_POINT('',(7.230063790517,35.022907836833));
#270 = CARTESIAN_POINT('',(7.261995170996,35.017533106674));
#271 = CARTESIAN_POINT('',(7.293673119074,35.012285629215));
#272 = CARTESIAN_POINT('',(7.349103509467,35.003297697171));
#273 = CARTESIAN_POINT('',(7.372952218277,34.999495269416));
#274 = CARTESIAN_POINT('',(7.396676729542,34.99578861651));
#275 = CARTESIAN_POINT('',(7.420286895316,34.992186241857));
#276 = CARTESIAN_POINT('',(7.443792375719,34.988695739295));
#277 = CARTESIAN_POINT('',(7.530441298994,34.976215080517));
#278 = CARTESIAN_POINT('',(7.592978544911,34.967972579295));
#279 = CARTESIAN_POINT('',(7.655015152245,34.960726642493));
#280 = CARTESIAN_POINT('',(7.716716394761,34.954568674886));
#281 = CARTESIAN_POINT('',(7.778243399377,34.949553419351));
#282 = CARTESIAN_POINT('',(7.84214149621,34.94555464717));
#283 = CARTESIAN_POINT('',(7.844509538315,34.945408179459));
#284 = CARTESIAN_POINT('',(7.84687756308,34.945263440072));
#285 = CARTESIAN_POINT('',(7.849245581219,34.945120430062));
#286 = CARTESIAN_POINT('',(7.851613603397,34.94497915042));
#287 = CARTESIAN_POINT('',(7.853981640226,34.944839602075));
#288 = ( GEOMETRIC_REPRESENTATION_CONTEXT(2) 
PARAMETRIC_REPRESENTATION_CONTEXT() REPRESENTATION_CONTEXT('2D SPACE',''
  ) );
#289 = ORIENTED_EDGE('',*,*,#290,.F.);
#290 = EDGE_CURVE('',#84,#119,#291,.T.);
#291 = SEAM_CURVE('',#292,(#296,#303),.PCURVE_S1.);
#292 = LINE('',#293,#294);
#293 = CARTESIAN_POINT('',(18.,-4.40872847693E-15,0.));
#294 = VECTOR('',#295,1.);
#295 = DIRECTION('',(-3.633961810714E-02,8.90063939943E-18,
    0.999339497946));
#296 = PCURVE('',#100,#297);
#297 = DEFINITIONAL_REPRESENTATION('',(#298),#302);
#298 = LINE('',#299,#300);
#299 = CARTESIAN_POINT('',(0.,-0.));
#300 = VECTOR('',#301,1.);
#301 = DIRECTION('',(-0.,-1.));
#302 = ( GEOMETRIC_REPRESENTATION_CONTEXT(2) 
PARAMETRIC_REPRESENTATION_CONTEXT() REPRESENTATION_CONTEXT('2D SPACE',''
  ) );
#303 = PCURVE('',#100,#304);
#304 = DEFINITIONAL_REPRESENTATION('',(#305),#309);
#305 = LINE('',#306,#307);
#306 = CARTESIAN_POINT('',(-6.28318530718,0.));
#307 = VECTOR('',#308,1.);
#308 = DIRECTION('',(-0.,-1.));
#309 = ( GEOMETRIC_REPRESENTATION_CONTEXT(2) 
PARAMETRIC_REPRESENTATION_CONTEXT() REPRESENTATION_CONTEXT('2D SPACE',''
  ) );
#310 = ORIENTED_EDGE('',*,*,#83,.T.);
#311 = ORIENTED_EDGE('',*,*,#290,.T.);
#312 = ORIENTED_EDGE('',*,*,#313,.F.);
#313 = EDGE_CURVE('',#314,#119,#316,.T.);
#314 = VERTEX_POINT('',#315);
#315 = CARTESIAN_POINT('',(9.944839602062,-1.6,218.));
#316 = SURFACE_CURVE('',#317,(#375,#436),.PCURVE_S1.);
#317 = B_SPLINE_CURVE_WITH_KNOTS('',6,(#318,#319,#320,#321,#322,#323,
    #324,#325,#326,#327,#328,#329,#330,#331,#332,#333,#334,#335,#336,
    #337,#338,#339,#340,#341,#342,#343,#344,#345,#346,#347,#348,#349,
    #350,#351,#352,#353,#354,#355,#356,#357,#358,#359,#360,#361,#362,
    #363,#364,#365,#366,#367,#368,#369,#370,#371,#372,#373,#374),
  .UNSPECIFIED.,.F.,.F.,(7,5,5,5,5,5,5,5,5,5,5,7),(0.,0.106049543993,
    0.171860076391,0.256022064523,0.321367362124,0.505033047223,
    0.636840266648,0.68638096826,0.750098426535,0.832223465766,
    0.896608009205,1.),.UNSPECIFIED.);
#318 = CARTESIAN_POINT('',(10.014545454545,2.22044604925E-16,219.6));
#319 = CARTESIAN_POINT('',(10.014545454545,-0.103154740023,219.6));
#320 = CARTESIAN_POINT('',(10.013560665766,-0.206352624763,
    219.5920191437));
#321 = CARTESIAN_POINT('',(10.011589133914,-0.308127402416,
    219.57604618684));
#322 = CARTESIAN_POINT('',(10.008734312127,-0.407279198752,
    219.55252169694));
#323 = CARTESIAN_POINT('',(10.005165850756,-0.502861988139,
    219.52210347846));
#324 = CARTESIAN_POINT('',(9.998531318285,-0.650820278382,219.462927395)
  );
#325 = CARTESIAN_POINT('',(9.995787293098,-0.705852754153,
    219.43790919353));
#326 = CARTESIAN_POINT('',(9.992883437018,-0.759115738625,
    219.41070851261));
#327 = CARTESIAN_POINT('',(9.989864534046,-0.810509837327,
    219.38150488811));
#328 = CARTESIAN_POINT('',(9.98677399942,-0.859971467655,219.35047185382
    ));
#329 = CARTESIAN_POINT('',(9.979657949267,-0.968199729338,
    219.27594179121));
#330 = CARTESIAN_POINT('',(9.975612332489,-1.025710205907,
    219.23138564784));
#331 = CARTESIAN_POINT('',(9.971597437696,-1.079927349461,
    219.18442449186));
#332 = CARTESIAN_POINT('',(9.967687394579,-1.130831718779,219.1353557574
    ));
#333 = CARTESIAN_POINT('',(9.963946455039,-1.178437875687,
    219.08444055145));
#334 = CARTESIAN_POINT('',(9.957696048766,-1.257207977195,
    218.99109927551));
#335 = CARTESIAN_POINT('',(9.955098486918,-1.28966621904,218.94932263886
    ));
#336 = CARTESIAN_POINT('',(9.952660301494,-1.320170313016,
    218.90666957675));
#337 = CARTESIAN_POINT('',(9.950403449301,-1.348737606555,
    218.86323411318));
#338 = CARTESIAN_POINT('',(9.948346776944,-1.375387057871,
    218.81910084897));
#339 = CARTESIAN_POINT('',(9.94133221728,-1.469710053061,218.64854982465
    ));
#340 = CARTESIAN_POINT('',(9.937866953937,-1.524258640461,
    218.51789467412));
#341 = CARTESIAN_POINT('',(9.936456156186,-1.564301732265,
    218.38395712534));
#342 = CARTESIAN_POINT('',(9.93729173036,-1.590120070769,218.24805096292
    ));
#343 = CARTESIAN_POINT('',(9.940424792195,-1.601956946936,
    218.11132011699));
#344 = CARTESIAN_POINT('',(9.949660865318,-1.598253142914,
    217.87672707797));
#345 = CARTESIAN_POINT('',(9.954674130947,-1.589499552004,
    217.77882622722));
#346 = CARTESIAN_POINT('',(9.96081965205,-1.573546088115,217.68142113078
    ));
#347 = CARTESIAN_POINT('',(9.968043086644,-1.550342683596,217.5849227548
    ));
#348 = CARTESIAN_POINT('',(9.976254036215,-1.519809464893,
    217.48977497424));
#349 = CARTESIAN_POINT('',(9.988732727159,-1.467522338521,
    217.36139831059));
#350 = CARTESIAN_POINT('',(9.99226283203,-1.452183825242,217.32658986632
    ));
#351 = CARTESIAN_POINT('',(9.995907202367,-1.435783628699,
    217.29206983479));
#352 = CARTESIAN_POINT('',(9.999657981617,-1.418314254798,
    217.25786713292));
#353 = CARTESIAN_POINT('',(10.003506362019,-1.399767704587,
    217.22401272867));
#354 = CARTESIAN_POINT('',(10.012505211702,-1.354885209803,
    217.14748776665));
#355 = CARTESIAN_POINT('',(10.017713000926,-1.327839669139,
    217.10506745597));
#356 = CARTESIAN_POINT('',(10.023045317264,-1.298979870088,
    217.06334836987));
#357 = CARTESIAN_POINT('',(10.028478209506,-1.268288241441,
    217.02240902851));
#358 = CARTESIAN_POINT('',(10.033984410245,-1.235748622959,
    216.98233681134));
#359 = CARTESIAN_POINT('',(10.046685311917,-1.157005278724,
    216.89282079589));
#360 = CARTESIAN_POINT('',(10.05390763112,-1.109573289574,
    216.84401769408));
#361 = CARTESIAN_POINT('',(10.061135347357,-1.059018093307,
    216.79702101638));
#362 = CARTESIAN_POINT('',(10.06829094636,-1.005325985401,
    216.75207468478));
#363 = CARTESIAN_POINT('',(10.075285886436,-0.948515280087,
    216.70945696145));
#364 = CARTESIAN_POINT('',(10.087303239358,-0.841716399554,
    216.63812671153));
#365 = CARTESIAN_POINT('',(10.092425020076,-0.792908317578,
    216.60840110123));
#366 = CARTESIAN_POINT('',(10.097340255049,-0.74226044699,
    216.58044488474));
#367 = CARTESIAN_POINT('',(10.101997181986,-0.689833409381,
    216.55442200636));
#368 = CARTESIAN_POINT('',(10.106342504428,-0.635722122919,
    216.5305021458));
#369 = CARTESIAN_POINT('',(10.116718714725,-0.490686230551,
    216.47408246608));
#370 = CARTESIAN_POINT('',(10.122180069772,-0.397261932391,
    216.44514132309));
#371 = CARTESIAN_POINT('',(10.126484518688,-0.300466160241,
    216.42277088977));
#372 = CARTESIAN_POINT('',(10.129435081677,-0.201192782787,
    216.40758675677));
#373 = CARTESIAN_POINT('',(10.130909090909,-0.100575678939,216.4));
#374 = CARTESIAN_POINT('',(10.130909090909,-4.440892098501E-16,216.4));
#375 = PCURVE('',#100,#376);
#376 = DEFINITIONAL_REPRESENTATION('',(#377),#435);
#377 = B_SPLINE_CURVE_WITH_KNOTS('',6,(#378,#379,#380,#381,#382,#383,
    #384,#385,#386,#387,#388,#389,#390,#391,#392,#393,#394,#395,#396,
    #397,#398,#399,#400,#401,#402,#403,#404,#405,#406,#407,#408,#409,
    #410,#411,#412,#413,#414,#415,#416,#417,#418,#419,#420,#421,#422,
    #423,#424,#425,#426,#427,#428,#429,#430,#431,#432,#433,#434),
  .UNSPECIFIED.,.F.,.F.,(7,5,5,5,5,5,5,5,5,5,5,7),(0.,0.106049543993,
    0.171860076391,0.256022064523,0.321367362124,0.505033047223,
    0.636840266648,0.68638096826,0.750098426535,0.832223465766,
    0.896608009205,1.),.UNSPECIFIED.);
#378 = CARTESIAN_POINT('',(-6.28318530718,-219.6));
#379 = CARTESIAN_POINT('',(-6.27288481571,-219.6));
#380 = CARTESIAN_POINT('',(-6.262580015724,-219.5920191437));
#381 = CARTESIAN_POINT('',(-6.252416697908,-219.5760461868));
#382 = CARTESIAN_POINT('',(-6.242514038263,-219.5525216969));
#383 = CARTESIAN_POINT('',(-6.232966372657,-219.5221034784));
#384 = CARTESIAN_POINT('',(-6.218184889697,-219.462927395));
#385 = CARTESIAN_POINT('',(-6.212686459977,-219.4379091935));
#386 = CARTESIAN_POINT('',(-6.207364339519,-219.4107085126));
#387 = CARTESIAN_POINT('',(-6.202228566474,-219.3815048881));
#388 = CARTESIAN_POINT('',(-6.197285641476,-219.3504718538));
#389 = CARTESIAN_POINT('',(-6.186469665731,-219.2759417912));
#390 = CARTESIAN_POINT('',(-6.180722082123,-219.2313856478));
#391 = CARTESIAN_POINT('',(-6.175303802896,-219.1844244918));
#392 = CARTESIAN_POINT('',(-6.170217178727,-219.1353557574));
#393 = CARTESIAN_POINT('',(-6.165461164996,-219.0844405514));
#394 = CARTESIAN_POINT('',(-6.157594382693,-218.9910992755));
#395 = CARTESIAN_POINT('',(-6.154353724145,-218.9493226388));
#396 = CARTESIAN_POINT('',(-6.151309352622,-218.9066695767));
#397 = CARTESIAN_POINT('',(-6.148459688265,-218.8632341131));
#398 = CARTESIAN_POINT('',(-6.145802968125,-218.8191008489));
#399 = CARTESIAN_POINT('',(-6.136406854367,-218.6485498246));
#400 = CARTESIAN_POINT('',(-6.130988702185,-218.5178946741));
#401 = CARTESIAN_POINT('',(-6.127033511525,-218.3839571253));
#402 = CARTESIAN_POINT('',(-6.124513841102,-218.2480509629));
#403 = CARTESIAN_POINT('',(-6.123403460571,-218.1113201169));
#404 = CARTESIAN_POINT('',(-6.12391207332,-217.8767270779));
#405 = CARTESIAN_POINT('',(-6.12484885845,-217.7788262272));
#406 = CARTESIAN_POINT('',(-6.126507813347,-217.6814211307));
#407 = CARTESIAN_POINT('',(-6.128891849416,-217.5849227548));
#408 = CARTESIAN_POINT('',(-6.132006279928,-217.4897749742));
#409 = CARTESIAN_POINT('',(-6.137311303872,-217.3613983105));
#410 = CARTESIAN_POINT('',(-6.138865204205,-217.3265898663));
#411 = CARTESIAN_POINT('',(-6.140524311039,-217.2920698347));
#412 = CARTESIAN_POINT('',(-6.142289203655,-217.2578671329));
#413 = CARTESIAN_POINT('',(-6.144160505773,-217.2240127286));
#414 = CARTESIAN_POINT('',(-6.148683406042,-217.1474877666));
#415 = CARTESIAN_POINT('',(-6.151404992281,-217.1050674559));
#416 = CARTESIAN_POINT('',(-6.154305149429,-217.0633483698));
#417 = CARTESIAN_POINT('',(-6.157385244504,-217.0224090285));
#418 = CARTESIAN_POINT('',(-6.160646506375,-216.9823368113));
#419 = CARTESIAN_POINT('',(-6.168528356673,-216.8928207958));
#420 = CARTESIAN_POINT('',(-6.17326912002,-216.844017694));
#421 = CARTESIAN_POINT('',(-6.178314740665,-216.7970210163));
#422 = CARTESIAN_POINT('',(-6.183665835254,-216.7520746847));
#423 = CARTESIAN_POINT('',(-6.189319981053,-216.7094569614));
#424 = CARTESIAN_POINT('',(-6.199935571981,-216.6381267115));
#425 = CARTESIAN_POINT('',(-6.204782523448,-216.6084011012));
#426 = CARTESIAN_POINT('',(-6.209807707913,-216.5804448847));
#427 = CARTESIAN_POINT('',(-6.215005038627,-216.5544220063));
#428 = CARTESIAN_POINT('',(-6.220365166068,-216.5305021458));
#429 = CARTESIAN_POINT('',(-6.234722114696,-216.474082466));
#430 = CARTESIAN_POINT('',(-6.243960521217,-216.445141323));
#431 = CARTESIAN_POINT('',(-6.253523968368,-216.4227708897));
#432 = CARTESIAN_POINT('',(-6.263326005286,-216.4075867567));
#433 = CARTESIAN_POINT('',(-6.27325770068,-216.4));
#434 = CARTESIAN_POINT('',(-6.28318530718,-216.4));
#435 = ( GEOMETRIC_REPRESENTATION_CONTEXT(2) 
PARAMETRIC_REPRESENTATION_CONTEXT() REPRESENTATION_CONTEXT('2D SPACE',''
  ) );
#436 = PCURVE('',#244,#437);
#437 = DEFINITIONAL_REPRESENTATION('',(#438),#476);
#438 = B_SPLINE_CURVE_WITH_KNOTS('',6,(#439,#440,#441,#442,#443,#444,
    #445,#446,#447,#448,#449,#450,#451,#452,#453,#454,#455,#456,#457,
    #458,#459,#460,#461,#462,#463,#464,#465,#466,#467,#468,#469,#470,
    #471,#472,#473,#474,#475),.UNSPECIFIED.,.F.,.F.,(7,5,5,5,5,5,5,7),(
    0.499372389581,0.505033047223,0.636840266648,0.68638096826,
    0.750098426535,0.832223465766,0.896608009205,1.),.UNSPECIFIED.);
#439 = CARTESIAN_POINT('',(4.712388972906,34.944839602077));
#440 = CARTESIAN_POINT('',(4.715020122125,34.944994655621));
#441 = CARTESIAN_POINT('',(4.717651252551,34.94515184652));
#442 = CARTESIAN_POINT('',(4.720282378717,34.945311173496));
#443 = CARTESIAN_POINT('',(4.722913515231,34.945472635176));
#444 = CARTESIAN_POINT('',(4.725544676782,34.945636230091));
#445 = CARTESIAN_POINT('',(4.789442846903,34.949660865318));
#446 = CARTESIAN_POINT('',(4.850709687132,34.954674130947));
#447 = CARTESIAN_POINT('',(4.912151321868,34.96081965205));
#448 = CARTESIAN_POINT('',(4.973926921742,34.968043086644));
#449 = CARTESIAN_POINT('',(5.036199771384,34.976254036215));
#450 = CARTESIAN_POINT('',(5.12283503267,34.988732727159));
#451 = CARTESIAN_POINT('',(5.146599406314,34.99226283203));
#452 = CARTESIAN_POINT('',(5.170470880265,34.995907202367));
#453 = CARTESIAN_POINT('',(5.194459438563,34.999657981617));
#454 = CARTESIAN_POINT('',(5.218575265377,35.003506362019));
#455 = CARTESIAN_POINT('',(5.274022693145,35.012505211702));
#456 = CARTESIAN_POINT('',(5.305444055661,35.017713000926));
#457 = CARTESIAN_POINT('',(5.337115193317,35.023045317264));
#458 = CARTESIAN_POINT('',(5.369058423082,35.028478209506));
#459 = CARTESIAN_POINT('',(5.401296018136,35.033984410245));
#460 = CARTESIAN_POINT('',(5.475809102356,35.046685311917));
#461 = CARTESIAN_POINT('',(5.518291288898,35.05390763112));
#462 = CARTESIAN_POINT('',(5.561347742814,35.061135347357));
#463 = CARTESIAN_POINT('',(5.60501981683,35.06829094636));
#464 = CARTESIAN_POINT('',(5.649340224036,35.075285886436));
#465 = CARTESIAN_POINT('',(5.729608342702,35.087303239358));
#466 = CARTESIAN_POINT('',(5.765294399394,35.092425020076));
#467 = CARTESIAN_POINT('',(5.801401189198,35.097340255049));
#468 = CARTESIAN_POINT('',(5.837929152172,35.101997181986));
#469 = CARTESIAN_POINT('',(5.874867777344,35.106342504428));
#470 = CARTESIAN_POINT('',(5.972132297336,35.116718714725));
#471 = CARTESIAN_POINT('',(6.033107659359,35.122180069772));
#472 = CARTESIAN_POINT('',(6.094946392527,35.126484518688));
#473 = CARTESIAN_POINT('',(6.157439935488,35.129435081677));
#474 = CARTESIAN_POINT('',(6.220325507843,35.130909090909));
#475 = CARTESIAN_POINT('',(6.28318530718,35.130909090909));
#476 = ( GEOMETRIC_REPRESENTATION_CONTEXT(2) 
PARAMETRIC_REPRESENTATION_CONTEXT() REPRESENTATION_CONTEXT('2D SPACE',''
  ) );
#477 = ORIENTED_EDGE('',*,*,#478,.F.);
#478 = EDGE_CURVE('',#479,#314,#481,.T.);
#479 = VERTEX_POINT('',#480);
#480 = CARTESIAN_POINT('',(-9.944839602062,-1.6,218.));
#481 = SURFACE_CURVE('',#482,(#487,#494),.PCURVE_S1.);
#482 = CIRCLE('',#483,10.072727272727);
#483 = AXIS2_PLACEMENT_3D('',#484,#485,#486);
#484 = CARTESIAN_POINT('',(0.,0.,218.));
#485 = DIRECTION('',(0.,0.,1.));
#486 = DIRECTION('',(1.,0.,-0.));
#487 = PCURVE('',#100,#488);
#488 = DEFINITIONAL_REPRESENTATION('',(#489),#493);
#489 = LINE('',#490,#491);
#490 = CARTESIAN_POINT('',(-0.,-218.));
#491 = VECTOR('',#492,1.);
#492 = DIRECTION('',(-1.,-0.));
#493 = ( GEOMETRIC_REPRESENTATION_CONTEXT(2) 
PARAMETRIC_REPRESENTATION_CONTEXT() REPRESENTATION_CONTEXT('2D SPACE',''
  ) );
#494 = PCURVE('',#495,#500);
#495 = PLANE('',#496);
#496 = AXIS2_PLACEMENT_3D('',#497,#498,#499);
#497 = CARTESIAN_POINT('',(-10.2,-20.,218.));
#498 = DIRECTION('',(0.,0.,1.));
#499 = DIRECTION('',(1.,0.,-0.));
#500 = DEFINITIONAL_REPRESENTATION('',(#501),#505);
#501 = CIRCLE('',#502,10.072727272727);
#502 = AXIS2_PLACEMENT_2D('',#503,#504);
#503 = CARTESIAN_POINT('',(10.2,20.));
#504 = DIRECTION('',(1.,0.));
#505 = ( GEOMETRIC_REPRESENTATION_CONTEXT(2) 
PARAMETRIC_REPRESENTATION_CONTEXT() REPRESENTATION_CONTEXT('2D SPACE',''
  ) );
#506 = ORIENTED_EDGE('',*,*,#507,.T.);
#507 = EDGE_CURVE('',#479,#508,#510,.T.);
#508 = VERTEX_POINT('',#509);
#509 = CARTESIAN_POINT('',(-9.944839602062,1.6,218.));
#510 = SURFACE_CURVE('',#511,(#584,#701),.PCURVE_S1.);
#511 = B_SPLINE_CURVE_WITH_KNOTS('',6,(#512,#513,#514,#515,#516,#517,
    #518,#519,#520,#521,#522,#523,#524,#525,#526,#527,#528,#529,#530,
    #531,#532,#533,#534,#535,#536,#537,#538,#539,#540,#541,#542,#543,
    #544,#545,#546,#547,#548,#549,#550,#551,#552,#553,#554,#555,#556,
    #557,#558,#559,#560,#561,#562,#563,#564,#565,#566,#567,#568,#569,
    #570,#571,#572,#573,#574,#575,#576,#577,#578,#579,#580,#581,#582,
    #583),.UNSPECIFIED.,.F.,.F.,(7,5,5,5,5,5,5,5,5,5,5,5,5,5,7),(
    0.749691360158,0.752238592114,0.81897451695,0.843462374514,
    0.875566507756,0.916353398955,0.948531777475,1.,1.051923986394,
    1.084130651723,1.124954471112,1.15708314651,1.181585631465,
    1.247774734182,1.250322115541),.UNSPECIFIED.);
#512 = CARTESIAN_POINT('',(-9.944839602075,-1.599999998117,218.));
#513 = CARTESIAN_POINT('',(-9.94497915042,-1.59999999868,217.99621114396
    ));
#514 = CARTESIAN_POINT('',(-9.945120430062,-1.599989232596,
    217.99242231103));
#515 = CARTESIAN_POINT('',(-9.945263440072,-1.599967700092,
    217.98863352238));
#516 = CARTESIAN_POINT('',(-9.945408179459,-1.599935401255,
    217.98484479905));
#517 = CARTESIAN_POINT('',(-9.94555464717,-1.599892336021,217.981056162)
  );
#518 = CARTESIAN_POINT('',(-9.949585458657,-1.598428142689,
    217.87801045731));
#519 = CARTESIAN_POINT('',(-9.954652205464,-1.58962809653,
    217.77886357751));
#520 = CARTESIAN_POINT('',(-9.960880567082,-1.573445603895,
    217.68022279714));
#521 = CARTESIAN_POINT('',(-9.968214164429,-1.549828379709,
    217.58251485417));
#522 = CARTESIAN_POINT('',(-9.976558662679,-1.518693251535,
    217.48620119073));
#523 = CARTESIAN_POINT('',(-9.989162779309,-1.465656033377,
    217.3571507544));
#524 = CARTESIAN_POINT('',(-9.992664014191,-1.450387451986,
    217.32276680276));
#525 = CARTESIAN_POINT('',(-9.99627634135,-1.434080654091,
    217.28866690687));
#526 = CARTESIAN_POINT('',(-9.999992120358,-1.416728367498,
    217.25487910896));
#527 = CARTESIAN_POINT('',(-10.00380279906,-1.398322845757,
    217.22143342502));
#528 = CARTESIAN_POINT('',(-10.01280680758,-1.353334221745,
    217.14500425788));
#529 = CARTESIAN_POINT('',(-10.01806139531,-1.32598886734,
    217.10229047509));
#530 = CARTESIAN_POINT('',(-10.02344148924,-1.296800330548,
    217.06029194426));
#531 = CARTESIAN_POINT('',(-10.02892247099,-1.265750655,217.0190892987)
  );
#532 = CARTESIAN_POINT('',(-10.03447629133,-1.232823402364,
    216.97877235735));
#533 = CARTESIAN_POINT('',(-10.04717989928,-1.153766689304,
    216.8894702508));
#534 = CARTESIAN_POINT('',(-10.05435446044,-1.106478560376,
    216.84109335857));
#535 = CARTESIAN_POINT('',(-10.06153111003,-1.056108200972,
    216.79450896049));
#536 = CARTESIAN_POINT('',(-10.06863353389,-1.002642934394,
    216.74995715926));
#537 = CARTESIAN_POINT('',(-10.07557468287,-0.946101692022,
    216.7077115276));
#538 = CARTESIAN_POINT('',(-10.08753128253,-0.83956417382,
    216.63679879981));
#539 = CARTESIAN_POINT('',(-10.09264365144,-0.79070805452,
    216.60714964748));
#540 = CARTESIAN_POINT('',(-10.09754816287,-0.740015249222,
    216.57927312115));
#541 = CARTESIAN_POINT('',(-10.10219305553,-0.687546989991,
    216.55333318101));
#542 = CARTESIAN_POINT('',(-10.10652507787,-0.63339890525,
    216.52949938391));
#543 = CARTESIAN_POINT('',(-10.11683827468,-0.488636339469,
    216.47344898656));
#544 = CARTESIAN_POINT('',(-10.12225545167,-0.395563061479,
    216.44474955141));
#545 = CARTESIAN_POINT('',(-10.12652328791,-0.299159208187,
    216.42257139639));
#546 = CARTESIAN_POINT('',(-10.12944798755,-0.200309571339,
    216.40752032235));
#547 = CARTESIAN_POINT('',(-10.1309090909,-0.10013438384,216.4));
#548 = CARTESIAN_POINT('',(-10.1309090909,0.10102109863,216.4));
#549 = CARTESIAN_POINT('',(-10.12942199511,0.202079538941,
    216.40765411881));
#550 = CARTESIAN_POINT('',(-10.12644548484,0.301774191795,
    216.42297176231));
#551 = CARTESIAN_POINT('',(-10.1221043703,0.398960992291,216.44553476737
    ));
#552 = CARTESIAN_POINT('',(-10.11659858763,0.492736661699,
    216.47471913014));
#553 = CARTESIAN_POINT('',(-10.10615936094,0.638043733961,
    216.53150857061));
#554 = CARTESIAN_POINT('',(-10.10180077522,0.69211807521,216.55551443193
    ));
#555 = CARTESIAN_POINT('',(-10.09713185337,0.744503758287,
    216.58162018004));
#556 = CARTESIAN_POINT('',(-10.09220593581,0.795106574209,
    216.60965601524));
#557 = CARTESIAN_POINT('',(-10.08707478514,0.843866510113,
    216.63945801122));
#558 = CARTESIAN_POINT('',(-10.07508125368,0.950175755291,
    216.71070418822));
#559 = CARTESIAN_POINT('',(-10.06812350819,1.006581583029,
    216.75312672949));
#560 = CARTESIAN_POINT('',(-10.06100851946,1.059904880083,
    216.79784587203));
#561 = CARTESIAN_POINT('',(-10.05382314734,1.110128054532,
    216.84458865276));
#562 = CARTESIAN_POINT('',(-10.0466434765,1.157264650861,216.89311565205
    ));
#563 = CARTESIAN_POINT('',(-10.0339375978,1.236038851828,216.98266674566
    ));
#564 = CARTESIAN_POINT('',(-10.02838531173,1.268837119857,
    217.02308520355));
#565 = CARTESIAN_POINT('',(-10.02290783683,1.299756222386,
    217.06438465865));
#566 = CARTESIAN_POINT('',(-10.01753310667,1.328812750639,217.1064755834
    ));
#567 = CARTESIAN_POINT('',(-10.01228562921,1.356024734135,
    217.14927759485));
#568 = CARTESIAN_POINT('',(-10.00329769717,1.400772609923,
    217.22584978139));
#569 = CARTESIAN_POINT('',(-9.999495269416,1.419071686822,
    217.25935178589));
#570 = CARTESIAN_POINT('',(-9.99578861651,1.436317090219,217.2931935852)
  );
#571 = CARTESIAN_POINT('',(-9.992186241857,1.452516552953,217.327345255)
  );
#572 = CARTESIAN_POINT('',(-9.988695739295,1.467677321858,
    217.36177882956));
#573 = CARTESIAN_POINT('',(-9.976215080517,1.519972693673,
    217.49017573763));
#574 = CARTESIAN_POINT('',(-9.967972579295,1.550604789062,
    217.58574001967));
#575 = CARTESIAN_POINT('',(-9.960726642493,1.573844629314,
    217.68266444668));
#576 = CARTESIAN_POINT('',(-9.954568674886,1.589772826451,
    217.78049964173));
#577 = CARTESIAN_POINT('',(-9.949553419351,1.598439780975,
    217.87882952634));
#578 = CARTESIAN_POINT('',(-9.94555464717,1.599892336021,217.981056162)
  );
#579 = CARTESIAN_POINT('',(-9.945408179459,1.599935401255,
    217.98484479905));
#580 = CARTESIAN_POINT('',(-9.945263440072,1.599967700092,
    217.98863352238));
#581 = CARTESIAN_POINT('',(-9.945120430062,1.599989232596,
    217.99242231103));
#582 = CARTESIAN_POINT('',(-9.94497915042,1.59999999868,217.99621114396)
  );
#583 = CARTESIAN_POINT('',(-9.944839602075,1.599999998117,218.));
#584 = PCURVE('',#100,#585);
#585 = DEFINITIONAL_REPRESENTATION('',(#586),#700);
#586 = B_SPLINE_CURVE_WITH_KNOTS('',3,(#587,#588,#589,#590,#591,#592,
    #593,#594,#595,#596,#597,#598,#599,#600,#601,#602,#603,#604,#605,
    #606,#607,#608,#609,#610,#611,#612,#613,#614,#615,#616,#617,#618,
    #619,#620,#621,#622,#623,#624,#625,#626,#627,#628,#629,#630,#631,
    #632,#633,#634,#635,#636,#637,#638,#639,#640,#641,#642,#643,#644,
    #645,#646,#647,#648,#649,#650,#651,#652,#653,#654,#655,#656,#657,
    #658,#659,#660,#661,#662,#663,#664,#665,#666,#667,#668,#669,#670,
    #671,#672,#673,#674,#675,#676,#677,#678,#679,#680,#681,#682,#683,
    #684,#685,#686,#687,#688,#689,#690,#691,#692,#693,#694,#695,#696,
    #697,#698,#699),.UNSPECIFIED.,.F.,.F.,(4,1,1,1,1,1,1,1,1,1,1,1,1,1,1
    ,1,1,1,1,1,1,1,1,1,1,1,1,1,1,1,1,1,1,1,1,1,1,1,1,1,1,1,1,1,1,1,1,1,1
    ,1,1,1,1,1,1,1,1,1,1,1,1,1,1,1,1,1,1,1,1,1,1,1,1,1,1,1,1,1,1,1,1,1,1
    ,1,1,1,1,1,1,1,1,1,1,1,1,1,1,1,1,1,1,1,1,1,1,1,1,1,1,1,4),(
    0.749691360158,0.754242548843,0.758793737529,0.763344926214,
    0.767896114899,0.772447303584,0.77699849227,0.781549680955,
    0.78610086964,0.790652058326,0.795203247011,0.799754435696,
    0.804305624382,0.808856813067,0.813408001752,0.817959190437,
    0.822510379123,0.827061567808,0.831612756493,0.836163945179,
    0.840715133864,0.845266322549,0.849817511235,0.85436869992,
    0.858919888605,0.86347107729,0.868022265976,0.872573454661,
    0.877124643346,0.881675832032,0.886227020717,0.890778209402,
    0.895329398088,0.899880586773,0.904431775458,0.908982964143,
    0.913534152829,0.918085341514,0.922636530199,0.927187718885,
    0.93173890757,0.936290096255,0.940841284941,0.945392473626,
    0.949943662311,0.954494850996,0.959046039682,0.963597228367,
    0.968148417052,0.972699605738,0.977250794423,0.981801983108,
    0.986353171794,0.990904360479,0.995455549164,1.000006737849,
    1.004557926535,1.00910911522,1.013660303905,1.018211492591,
    1.022762681276,1.027313869961,1.031865058647,1.036416247332,
    1.040967436017,1.045518624702,1.050069813388,1.054621002073,
    1.059172190758,1.063723379444,1.068274568129,1.072825756814,
    1.0773769455,1.081928134185,1.08647932287,1.091030511555,
    1.095581700241,1.100132888926,1.104684077611,1.109235266297,
    1.113786454982,1.118337643667,1.122888832353,1.127440021038,
    1.131991209723,1.136542398408,1.141093587094,1.145644775779,
    1.150195964464,1.15474715315,1.159298341835,1.16384953052,
    1.168400719206,1.172951907891,1.177503096576,1.182054285262,
    1.186605473947,1.191156662632,1.195707851317,1.200259040003,
    1.204810228688,1.209361417373,1.213912606059,1.218463794744,
    1.223014983429,1.227566172115,1.2321173608,1.236668549485,
    1.24121973817,1.245770926856,1.250322115541),.QUASI_UNIFORM_KNOTS.);
#587 = CARTESIAN_POINT('',(-3.301113105303,-218.));
#588 = CARTESIAN_POINT('',(-3.301105238693,-217.9864603321));
#589 = CARTESIAN_POINT('',(-3.301054954992,-217.9593827402));
#590 = CARTESIAN_POINT('',(-3.300875923517,-217.9187875867));
#591 = CARTESIAN_POINT('',(-3.300593346866,-217.878229963));
#592 = CARTESIAN_POINT('',(-3.300207232521,-217.8377251409));
#593 = CARTESIAN_POINT('',(-3.299717556786,-217.7972889854));
#594 = CARTESIAN_POINT('',(-3.299124261091,-217.7569375301));
#595 = CARTESIAN_POINT('',(-3.298427254628,-217.716687099));
#596 = CARTESIAN_POINT('',(-3.29762641471,-217.6765542844));
#597 = CARTESIAN_POINT('',(-3.296721587151,-217.6365559633));
#598 = CARTESIAN_POINT('',(-3.295712586075,-217.5967093049));
#599 = CARTESIAN_POINT('',(-3.294599193259,-217.5570317814));
#600 = CARTESIAN_POINT('',(-3.293381157118,-217.5175411803));
#601 = CARTESIAN_POINT('',(-3.292058190869,-217.4782556092));
#602 = CARTESIAN_POINT('',(-3.290629971562,-217.4391935371));
#603 = CARTESIAN_POINT('',(-3.289096133686,-217.4003737008));
#604 = CARTESIAN_POINT('',(-3.287456280877,-217.3618155178));
#605 = CARTESIAN_POINT('',(-3.285710063163,-217.3235407158));
#606 = CARTESIAN_POINT('',(-3.283857043608,-217.2855701423));
#607 = CARTESIAN_POINT('',(-3.281896783608,-217.2479258907));
#608 = CARTESIAN_POINT('',(-3.279828824018,-217.2106308182));
#609 = CARTESIAN_POINT('',(-3.277652681834,-217.1737085674));
#610 = CARTESIAN_POINT('',(-3.275367897901,-217.1371841788));
#611 = CARTESIAN_POINT('',(-3.272973956739,-217.1010832334));
#612 = CARTESIAN_POINT('',(-3.270470372352,-217.0654327007));
#613 = CARTESIAN_POINT('',(-3.267856679972,-217.0302608771));
#614 = CARTESIAN_POINT('',(-3.26513243464,-216.9955973769));
#615 = CARTESIAN_POINT('',(-3.262297221047,-216.961473229));
#616 = CARTESIAN_POINT('',(-3.259350611325,-216.927920499));
#617 = CARTESIAN_POINT('',(-3.256292364797,-216.8949741575));
#618 = CARTESIAN_POINT('',(-3.253122184816,-216.8626693195));
#619 = CARTESIAN_POINT('',(-3.249839891937,-216.8310432826));
#620 = CARTESIAN_POINT('',(-3.246445443027,-216.8001353932));
#621 = CARTESIAN_POINT('',(-3.242938944807,-216.7699869672));
#622 = CARTESIAN_POINT('',(-3.239320670487,-216.7406412064));
#623 = CARTESIAN_POINT('',(-3.235591069671,-216.7121430801));
#624 = CARTESIAN_POINT('',(-3.231750802117,-216.6845393499));
#625 = CARTESIAN_POINT('',(-3.227800682901,-216.657878059));
#626 = CARTESIAN_POINT('',(-3.223742039285,-216.632210554));
#627 = CARTESIAN_POINT('',(-3.219576455628,-216.6075891246));
#628 = CARTESIAN_POINT('',(-3.215305904058,-216.5840676929));
#629 = CARTESIAN_POINT('',(-3.210932788339,-216.5617014368));
#630 = CARTESIAN_POINT('',(-3.206459998416,-216.5405464748));
#631 = CARTESIAN_POINT('',(-3.201890844784,-216.5206591118));
#632 = CARTESIAN_POINT('',(-3.197229464398,-216.5020967831));
#633 = CARTESIAN_POINT('',(-3.19247910433,-216.4849112545));
#634 = CARTESIAN_POINT('',(-3.187645531174,-216.4691610613));
#635 = CARTESIAN_POINT('',(-3.18273499268,-216.4549013995));
#636 = CARTESIAN_POINT('',(-3.177754190409,-216.4421839048));
#637 = CARTESIAN_POINT('',(-3.172710296962,-216.4310561842));
#638 = CARTESIAN_POINT('',(-3.167610960656,-216.4215613556));
#639 = CARTESIAN_POINT('',(-3.162464316561,-216.4137375245));
#640 = CARTESIAN_POINT('',(-3.157278985385,-216.407617219));
#641 = CARTESIAN_POINT('',(-3.152064115337,-216.403226776));
#642 = CARTESIAN_POINT('',(-3.146829265019,-216.4005856789));
#643 = CARTESIAN_POINT('',(-3.141584879999,-216.3997058572));
#644 = CARTESIAN_POINT('',(-3.136340554378,-216.4005909034));
#645 = CARTESIAN_POINT('',(-3.131105875618,-216.4032371139));
#646 = CARTESIAN_POINT('',(-3.125891265233,-216.4076324737));
#647 = CARTESIAN_POINT('',(-3.120706260789,-216.4137574462));
#648 = CARTESIAN_POINT('',(-3.115559988867,-216.4215856691));
#649 = CARTESIAN_POINT('',(-3.11046105068,-216.4310846124));
#650 = CARTESIAN_POINT('',(-3.105417564337,-216.4422161885));
#651 = CARTESIAN_POINT('',(-3.100437166118,-216.4549373048));
#652 = CARTESIAN_POINT('',(-3.095527017289,-216.4692003992));
#653 = CARTESIAN_POINT('',(-3.090693827994,-216.4849538167));
#654 = CARTESIAN_POINT('',(-3.085943805609,-216.5021425441));
#655 = CARTESIAN_POINT('',(-3.081282886464,-216.5207073842));
#656 = CARTESIAN_POINT('',(-3.076714244962,-216.5405967516));
#657 = CARTESIAN_POINT('',(-3.072241954925,-216.5617534671));
#658 = CARTESIAN_POINT('',(-3.067869338226,-216.58412118));
#659 = CARTESIAN_POINT('',(-3.063599278202,-216.6076438084));
#660 = CARTESIAN_POINT('',(-3.059434176812,-216.6322661963));
#661 = CARTESIAN_POINT('',(-3.055376009723,-216.657934401));
#662 = CARTESIAN_POINT('',(-3.051426344468,-216.684596242));
#663 = CARTESIAN_POINT('',(-3.047586525636,-216.7122002854));
#664 = CARTESIAN_POINT('',(-3.043857368842,-216.7406984724));
#665 = CARTESIAN_POINT('',(-3.040239527144,-216.7700440954));
#666 = CARTESIAN_POINT('',(-3.03673344793,-216.800192211));
#667 = CARTESIAN_POINT('',(-3.033339403118,-216.8310996401));
#668 = CARTESIAN_POINT('',(-3.030057500155,-216.8627250717));
#669 = CARTESIAN_POINT('',(-3.02688769649,-216.8950291641));
#670 = CARTESIAN_POINT('',(-3.023829819277,-216.9279745559));
#671 = CARTESIAN_POINT('',(-3.020883560674,-216.9615262403));
#672 = CARTESIAN_POINT('',(-3.018048683246,-216.9956492544));
#673 = CARTESIAN_POINT('',(-3.01532476314,-217.0303114831));
#674 = CARTESIAN_POINT('',(-3.012711381306,-217.0654819409));
#675 = CARTESIAN_POINT('',(-3.010208092761,-217.1011310183));
#676 = CARTESIAN_POINT('',(-3.007814432956,-217.1372304249));
#677 = CARTESIAN_POINT('',(-3.005529918778,-217.1737531704));
#678 = CARTESIAN_POINT('',(-3.003354034118,-217.2106736999));
#679 = CARTESIAN_POINT('',(-3.001286316903,-217.2479669945));
#680 = CARTESIAN_POINT('',(-2.999326286912,-217.2856093938));
#681 = CARTESIAN_POINT('',(-2.997473483869,-217.3235780594));
#682 = CARTESIAN_POINT('',(-2.99572746949,-217.3618509017));
#683 = CARTESIAN_POINT('',(-2.994087808091,-217.4004070499));
#684 = CARTESIAN_POINT('',(-2.992554141379,-217.4392249986));
#685 = CARTESIAN_POINT('',(-2.991126085662,-217.4782850264));
#686 = CARTESIAN_POINT('',(-2.989803271059,-217.5175685009));
#687 = CARTESIAN_POINT('',(-2.98858537508,-217.5570569455));
#688 = CARTESIAN_POINT('',(-2.987472110328,-217.5967322719));
#689 = CARTESIAN_POINT('',(-2.986463225092,-217.6365767019));
#690 = CARTESIAN_POINT('',(-2.985558501053,-217.6765727727));
#691 = CARTESIAN_POINT('',(-2.984757752356,-217.7167033215));
#692 = CARTESIAN_POINT('',(-2.9840608249,-217.7569514755));
#693 = CARTESIAN_POINT('',(-2.983467596118,-217.7973006447));
#694 = CARTESIAN_POINT('',(-2.982977975333,-217.8377345046));
#695 = CARTESIAN_POINT('',(-2.982591904086,-217.8782370193));
#696 = CARTESIAN_POINT('',(-2.982309358731,-217.9187923191));
#697 = CARTESIAN_POINT('',(-2.982130346736,-217.959385123));
#698 = CARTESIAN_POINT('',(-2.982080068018,-217.9864611299));
#699 = CARTESIAN_POINT('',(-2.982072201877,-218.));
#700 = ( GEOMETRIC_REPRESENTATION_CONTEXT(2) 
PARAMETRIC_REPRESENTATION_CONTEXT() REPRESENTATION_CONTEXT('2D SPACE',''
  ) );
#701 = PCURVE('',#244,#702);
#702 = DEFINITIONAL_REPRESENTATION('',(#703),#817);
#703 = B_SPLINE_CURVE_WITH_KNOTS('',3,(#704,#705,#706,#707,#708,#709,
    #710,#711,#712,#713,#714,#715,#716,#717,#718,#719,#720,#721,#722,
    #723,#724,#725,#726,#727,#728,#729,#730,#731,#732,#733,#734,#735,
    #736,#737,#738,#739,#740,#741,#742,#743,#744,#745,#746,#747,#748,
    #749,#750,#751,#752,#753,#754,#755,#756,#757,#758,#759,#760,#761,
    #762,#763,#764,#765,#766,#767,#768,#769,#770,#771,#772,#773,#774,
    #775,#776,#777,#778,#779,#780,#781,#782,#783,#784,#785,#786,#787,
    #788,#789,#790,#791,#792,#793,#794,#795,#796,#797,#798,#799,#800,
    #801,#802,#803,#804,#805,#806,#807,#808,#809,#810,#811,#812,#813,
    #814,#815,#816),.UNSPECIFIED.,.F.,.F.,(4,1,1,1,1,1,1,1,1,1,1,1,1,1,1
    ,1,1,1,1,1,1,1,1,1,1,1,1,1,1,1,1,1,1,1,1,1,1,1,1,1,1,1,1,1,1,1,1,1,1
    ,1,1,1,1,1,1,1,1,1,1,1,1,1,1,1,1,1,1,1,1,1,1,1,1,1,1,1,1,1,1,1,1,1,1
    ,1,1,1,1,1,1,1,1,1,1,1,1,1,1,1,1,1,1,1,1,1,1,1,1,1,1,1,4),(
    0.749691360158,0.754242548843,0.758793737529,0.763344926214,
    0.767896114899,0.772447303584,0.77699849227,0.781549680955,
    0.78610086964,0.790652058326,0.795203247011,0.799754435696,
    0.804305624382,0.808856813067,0.813408001752,0.817959190437,
    0.822510379123,0.827061567808,0.831612756493,0.836163945179,
    0.840715133864,0.845266322549,0.849817511235,0.85436869992,
    0.858919888605,0.86347107729,0.868022265976,0.872573454661,
    0.877124643346,0.881675832032,0.886227020717,0.890778209402,
    0.895329398088,0.899880586773,0.904431775458,0.908982964143,
    0.913534152829,0.918085341514,0.922636530199,0.927187718885,
    0.93173890757,0.936290096255,0.940841284941,0.945392473626,
    0.949943662311,0.954494850996,0.959046039682,0.963597228367,
    0.968148417052,0.972699605738,0.977250794423,0.981801983108,
    0.986353171794,0.990904360479,0.995455549164,1.000006737849,
    1.004557926535,1.00910911522,1.013660303905,1.018211492591,
    1.022762681276,1.027313869961,1.031865058647,1.036416247332,
    1.040967436017,1.045518624702,1.050069813388,1.054621002073,
    1.059172190758,1.063723379444,1.068274568129,1.072825756814,
    1.0773769455,1.081928134185,1.08647932287,1.091030511555,
    1.095581700241,1.100132888926,1.104684077611,1.109235266297,
    1.113786454982,1.118337643667,1.122888832353,1.127440021038,
    1.131991209723,1.136542398408,1.141093587094,1.145644775779,
    1.150195964464,1.15474715315,1.159298341835,1.16384953052,
    1.168400719206,1.172951907891,1.177503096576,1.182054285262,
    1.186605473947,1.191156662632,1.195707851317,1.200259040003,
    1.204810228688,1.209361417373,1.213912606059,1.218463794744,
    1.223014983429,1.227566172115,1.2321173608,1.236668549485,
    1.24121973817,1.245770926856,1.250322115541),.QUASI_UNIFORM_KNOTS.);
#704 = CARTESIAN_POINT('',(4.712388980384,15.055160397925));
#705 = CARTESIAN_POINT('',(4.720851274741,15.054661737377));
#706 = CARTESIAN_POINT('',(4.737774766948,15.05360909522));
#707 = CARTESIAN_POINT('',(4.763163098542,15.051865327793));
#708 = CARTESIAN_POINT('',(4.788560706487,15.049957824029));
#709 = CARTESIAN_POINT('',(4.813974472941,15.047887970778));
#710 = CARTESIAN_POINT('',(4.839410988599,15.045657415651));
#711 = CARTESIAN_POINT('',(4.864876853354,15.043268087708));
#712 = CARTESIAN_POINT('',(4.890378630018,15.040722196852));
#713 = CARTESIAN_POINT('',(4.915922890538,15.038022238766));
#714 = CARTESIAN_POINT('',(4.941516237478,15.035170998213));
#715 = CARTESIAN_POINT('',(4.967165332554,15.032171552636));
#716 = CARTESIAN_POINT('',(4.992876924742,15.029027275449));
#717 = CARTESIAN_POINT('',(5.018657878414,15.025741839515));
#718 = CARTESIAN_POINT('',(5.044515209477,15.022319219485));
#719 = CARTESIAN_POINT('',(5.070456099507,15.018763697754));
#720 = CARTESIAN_POINT('',(5.09648800203,15.01507985635));
#721 = CARTESIAN_POINT('',(5.122618416523,15.011272620751));
#722 = CARTESIAN_POINT('',(5.148853805736,15.007347430888));
#723 = CARTESIAN_POINT('',(5.175201792112,15.003309937286));
#724 = CARTESIAN_POINT('',(5.201669771564,14.999166223279));
#725 = CARTESIAN_POINT('',(5.228265278705,14.994922756915));
#726 = CARTESIAN_POINT('',(5.25499602991,14.990586384265));
#727 = CARTESIAN_POINT('',(5.281869488229,14.986164445111));
#728 = CARTESIAN_POINT('',(5.308893629649,14.981664621122));
#729 = CARTESIAN_POINT('',(5.33607626408,14.977095104091));
#730 = CARTESIAN_POINT('',(5.363425137865,14.972464582569));
#731 = CARTESIAN_POINT('',(5.390947993962,14.967782240954));
#732 = CARTESIAN_POINT('',(5.418652538691,14.963057776506));
#733 = CARTESIAN_POINT('',(5.446546850872,14.958301332197));
#734 = CARTESIAN_POINT('',(5.474637740627,14.953523827358));
#735 = CARTESIAN_POINT('',(5.502933090894,14.948736506556));
#736 = CARTESIAN_POINT('',(5.531440247679,14.943951278357));
#737 = CARTESIAN_POINT('',(5.56016605072,14.939180690118));
#738 = CARTESIAN_POINT('',(5.589116856079,14.934437910209));
#739 = CARTESIAN_POINT('',(5.618298541234,14.929736709591));
#740 = CARTESIAN_POINT('',(5.647716550573,14.925091438534));
#741 = CARTESIAN_POINT('',(5.677375761312,14.920517023413));
#742 = CARTESIAN_POINT('',(5.707280994625,14.916028888066));
#743 = CARTESIAN_POINT('',(5.737434486056,14.911643239721));
#744 = CARTESIAN_POINT('',(5.767838052451,14.90737664715));
#745 = CARTESIAN_POINT('',(5.798492179593,14.903246164237));
#746 = CARTESIAN_POINT('',(5.829395903382,14.89926919655));
#747 = CARTESIAN_POINT('',(5.860546579793,14.895463398218));
#748 = CARTESIAN_POINT('',(5.89194043818,14.891846479711));
#749 = CARTESIAN_POINT('',(5.923569950013,14.888436341738));
#750 = CARTESIAN_POINT('',(5.955435423456,14.885249734676));
#751 = CARTESIAN_POINT('',(5.987522054216,14.88230444941));
#752 = CARTESIAN_POINT('',(6.019814044653,14.87961743708));
#753 = CARTESIAN_POINT('',(6.052294626239,14.877204637828));
#754 = CARTESIAN_POINT('',(6.084945853843,14.875080794084));
#755 = CARTESIAN_POINT('',(6.117748445182,14.873259266575));
#756 = CARTESIAN_POINT('',(6.15068156359,14.871751848209));
#757 = CARTESIAN_POINT('',(6.183722650792,14.870568577071));
#758 = CARTESIAN_POINT('',(6.216846958339,14.869717548407));
#759 = CARTESIAN_POINT('',(6.250028051612,14.869204724859));
#760 = CARTESIAN_POINT('',(6.283234519455,14.869033748035));
#761 = CARTESIAN_POINT('',(6.316440663327,14.869205739802));
#762 = CARTESIAN_POINT('',(6.349620824457,14.869719554099));
#763 = CARTESIAN_POINT('',(6.382743737912,14.870571530554));
#764 = CARTESIAN_POINT('',(6.415783094145,14.871755693932));
#765 = CARTESIAN_POINT('',(6.44871427286,14.873263942076));
#766 = CARTESIAN_POINT('',(6.481514830798,14.87508623498));
#767 = CARTESIAN_POINT('',(6.514164031587,14.877210782041));
#768 = CARTESIAN_POINT('',(6.546642663205,14.879624226717));
#769 = CARTESIAN_POINT('',(6.578932849634,14.882311834588));
#770 = CARTESIAN_POINT('',(6.611017759516,14.885257661617));
#771 = CARTESIAN_POINT('',(6.642881866849,14.888444789431));
#772 = CARTESIAN_POINT('',(6.674509212603,14.891855303565));
#773 = CARTESIAN_POINT('',(6.705900566487,14.895472493502));
#774 = CARTESIAN_POINT('',(6.737048820617,14.899278503421));
#775 = CARTESIAN_POINT('',(6.76795011842,14.903255616117));
#776 = CARTESIAN_POINT('',(6.798601855045,14.907386186301));
#777 = CARTESIAN_POINT('',(6.829003074756,14.911652814316));
#778 = CARTESIAN_POINT('',(6.85915422993,14.916038444553));
#779 = CARTESIAN_POINT('',(6.889057255734,14.920526524675));
#780 = CARTESIAN_POINT('',(6.918714258969,14.925100840329));
#781 = CARTESIAN_POINT('',(6.948130045942,14.929745964056));
#782 = CARTESIAN_POINT('',(6.977309540705,14.934446979747));
#783 = CARTESIAN_POINT('',(7.006258201934,14.939189543239));
#784 = CARTESIAN_POINT('',(7.034981915801,14.94395988958));
#785 = CARTESIAN_POINT('',(7.063487030908,14.948744853516));
#786 = CARTESIAN_POINT('',(7.091780380391,14.953531890427));
#787 = CARTESIAN_POINT('',(7.11986924746,14.958309082223));
#788 = CARTESIAN_POINT('',(7.147761606411,14.963065202992));
#789 = CARTESIAN_POINT('',(7.175464251928,14.967789334791));
#790 = CARTESIAN_POINT('',(7.202985218528,14.972471329099));
#791 = CARTESIAN_POINT('',(7.230332243282,14.977101497869));
#792 = CARTESIAN_POINT('',(7.25751306666,14.981670658888));
#793 = CARTESIAN_POINT('',(7.284535432485,14.986170125476));
#794 = CARTESIAN_POINT('',(7.311407125333,14.990591702315));
#795 = CARTESIAN_POINT('',(7.338136133288,14.99492771244));
#796 = CARTESIAN_POINT('',(7.364729936084,14.999170821609));
#797 = CARTESIAN_POINT('',(7.391196227757,15.003314181441));
#798 = CARTESIAN_POINT('',(7.417542552844,15.007351328306));
#799 = CARTESIAN_POINT('',(7.44377630459,15.011276179835));
#800 = CARTESIAN_POINT('',(7.469905085447,15.015083082403));
#801 = CARTESIAN_POINT('',(7.495935502461,15.01876661983));
#802 = CARTESIAN_POINT('',(7.521874846549,15.022321836923));
#803 = CARTESIAN_POINT('',(7.547730638526,15.025744163256));
#804 = CARTESIAN_POINT('',(7.573510051178,15.029029316361));
#805 = CARTESIAN_POINT('',(7.59922010995,15.032173324095));
#806 = CARTESIAN_POINT('',(7.624867681891,15.035172514913));
#807 = CARTESIAN_POINT('',(7.650459518622,15.038023516591));
#808 = CARTESIAN_POINT('',(7.676002282715,15.040723252521));
#809 = CARTESIAN_POINT('',(7.701502576321,15.043268938532));
#810 = CARTESIAN_POINT('',(7.726966969583,15.045658079313));
#811 = CARTESIAN_POINT('',(7.752402022198,15.047888465169));
#812 = CARTESIAN_POINT('',(7.777814329445,15.049958167109));
#813 = CARTESIAN_POINT('',(7.803210476444,15.051865537544));
#814 = CARTESIAN_POINT('',(7.828597336645,15.053609189493));
#815 = CARTESIAN_POINT('',(7.845519838242,15.054661766765));
#816 = CARTESIAN_POINT('',(7.853981633975,15.055160397925));
#817 = ( GEOMETRIC_REPRESENTATION_CONTEXT(2) 
PARAMETRIC_REPRESENTATION_CONTEXT() REPRESENTATION_CONTEXT('2D SPACE',''
  ) );
#818 = ORIENTED_EDGE('',*,*,#819,.F.);
#819 = EDGE_CURVE('',#121,#508,#820,.T.);
#820 = SURFACE_CURVE('',#821,(#826,#833),.PCURVE_S1.);
#821 = CIRCLE('',#822,10.072727272727);
#822 = AXIS2_PLACEMENT_3D('',#823,#824,#825);
#823 = CARTESIAN_POINT('',(0.,0.,218.));
#824 = DIRECTION('',(0.,0.,1.));
#825 = DIRECTION('',(1.,0.,-0.));
#826 = PCURVE('',#100,#827);
#827 = DEFINITIONAL_REPRESENTATION('',(#828),#832);
#828 = LINE('',#829,#830);
#829 = CARTESIAN_POINT('',(-0.,-218.));
#830 = VECTOR('',#831,1.);
#831 = DIRECTION('',(-1.,-0.));
#832 = ( GEOMETRIC_REPRESENTATION_CONTEXT(2) 
PARAMETRIC_REPRESENTATION_CONTEXT() REPRESENTATION_CONTEXT('2D SPACE',''
  ) );
#833 = PCURVE('',#834,#839);
#834 = PLANE('',#835);
#835 = AXIS2_PLACEMENT_3D('',#836,#837,#838);
#836 = CARTESIAN_POINT('',(-10.2,-20.,218.));
#837 = DIRECTION('',(0.,0.,1.));
#838 = DIRECTION('',(1.,0.,-0.));
#839 = DEFINITIONAL_REPRESENTATION('',(#840),#844);
#840 = CIRCLE('',#841,10.072727272727);
#841 = AXIS2_PLACEMENT_2D('',#842,#843);
#842 = CARTESIAN_POINT('',(10.2,20.));
#843 = DIRECTION('',(1.,0.));
#844 = ( GEOMETRIC_REPRESENTATION_CONTEXT(2) 
PARAMETRIC_REPRESENTATION_CONTEXT() REPRESENTATION_CONTEXT('2D SPACE',''
  ) );
#845 = ADVANCED_FACE('',(#846),#244,.F.);
#846 = FACE_BOUND('',#847,.F.);
#847 = EDGE_LOOP('',(#848,#849,#850,#869,#870));
#848 = ORIENTED_EDGE('',*,*,#118,.F.);
#849 = ORIENTED_EDGE('',*,*,#313,.F.);
#850 = ORIENTED_EDGE('',*,*,#851,.F.);
#851 = EDGE_CURVE('',#479,#314,#852,.T.);
#852 = SURFACE_CURVE('',#853,(#857,#863),.PCURVE_S1.);
#853 = LINE('',#854,#855);
#854 = CARTESIAN_POINT('',(-25.,-1.6,218.));
#855 = VECTOR('',#856,1.);
#856 = DIRECTION('',(1.,0.,2.22044604925E-16));
#857 = PCURVE('',#244,#858);
#858 = DEFINITIONAL_REPRESENTATION('',(#859),#862);
#859 = B_SPLINE_CURVE_WITH_KNOTS('',1,(#860,#861),.UNSPECIFIED.,.F.,.F.,
  (2,2),(15.055160397938,34.944839602062),.PIECEWISE_BEZIER_KNOTS.);
#860 = CARTESIAN_POINT('',(4.712388980385,15.055160397938));
#861 = CARTESIAN_POINT('',(4.712388980385,34.944839602062));
#862 = ( GEOMETRIC_REPRESENTATION_CONTEXT(2) 
PARAMETRIC_REPRESENTATION_CONTEXT() REPRESENTATION_CONTEXT('2D SPACE',''
  ) );
#863 = PCURVE('',#495,#864);
#864 = DEFINITIONAL_REPRESENTATION('',(#865),#868);
#865 = B_SPLINE_CURVE_WITH_KNOTS('',1,(#866,#867),.UNSPECIFIED.,.F.,.F.,
  (2,2),(12.76,37.24),.PIECEWISE_BEZIER_KNOTS.);
#866 = CARTESIAN_POINT('',(-2.04,18.4));
#867 = CARTESIAN_POINT('',(22.44,18.4));
#868 = ( GEOMETRIC_REPRESENTATION_CONTEXT(2) 
PARAMETRIC_REPRESENTATION_CONTEXT() REPRESENTATION_CONTEXT('2D SPACE',''
  ) );
#869 = ORIENTED_EDGE('',*,*,#507,.T.);
#870 = ORIENTED_EDGE('',*,*,#871,.T.);
#871 = EDGE_CURVE('',#508,#121,#872,.T.);
#872 = SURFACE_CURVE('',#873,(#877,#883),.PCURVE_S1.);
#873 = LINE('',#874,#875);
#874 = CARTESIAN_POINT('',(-25.,1.6,218.));
#875 = VECTOR('',#876,1.);
#876 = DIRECTION('',(1.,0.,2.22044604925E-16));
#877 = PCURVE('',#244,#878);
#878 = DEFINITIONAL_REPRESENTATION('',(#879),#882);
#879 = B_SPLINE_CURVE_WITH_KNOTS('',1,(#880,#881),.UNSPECIFIED.,.F.,.F.,
  (2,2),(15.055160397938,34.944839602062),.PIECEWISE_BEZIER_KNOTS.);
#880 = CARTESIAN_POINT('',(7.853981633974,15.055160397938));
#881 = CARTESIAN_POINT('',(7.853981633974,34.944839602062));
#882 = ( GEOMETRIC_REPRESENTATION_CONTEXT(2) 
PARAMETRIC_REPRESENTATION_CONTEXT() REPRESENTATION_CONTEXT('2D SPACE',''
  ) );
#883 = PCURVE('',#834,#884);
#884 = DEFINITIONAL_REPRESENTATION('',(#885),#888);
#885 = B_SPLINE_CURVE_WITH_KNOTS('',1,(#886,#887),.UNSPECIFIED.,.F.,.F.,
  (2,2),(12.76,37.24),.PIECEWISE_BEZIER_KNOTS.);
#886 = CARTESIAN_POINT('',(-2.04,21.6));
#887 = CARTESIAN_POINT('',(22.44,21.6));
#888 = ( GEOMETRIC_REPRESENTATION_CONTEXT(2) 
PARAMETRIC_REPRESENTATION_CONTEXT() REPRESENTATION_CONTEXT('2D SPACE',''
  ) );
#889 = ADVANCED_FACE('',(#890),#495,.T.);
#890 = FACE_BOUND('',#891,.T.);
#891 = EDGE_LOOP('',(#892,#893));
#892 = ORIENTED_EDGE('',*,*,#851,.F.);
#893 = ORIENTED_EDGE('',*,*,#478,.T.);
#894 = ADVANCED_FACE('',(#895),#834,.T.);
#895 = FACE_BOUND('',#896,.T.);
#896 = EDGE_LOOP('',(#897,#898));
#897 = ORIENTED_EDGE('',*,*,#819,.T.);
#898 = ORIENTED_EDGE('',*,*,#871,.T.);
#899 = MANIFOLD_SOLID_BREP('',#900);
#900 = CLOSED_SHELL('',(#901,#1052,#1107,#1197,#1244,#1271,#1298));
#901 = ADVANCED_FACE('',(#902,#1021),#916,.F.);
#902 = FACE_BOUND('',#903,.F.);
#903 = EDGE_LOOP('',(#904,#939,#967,#995));
#904 = ORIENTED_EDGE('',*,*,#905,.F.);
#905 = EDGE_CURVE('',#906,#908,#910,.T.);
#906 = VERTEX_POINT('',#907);
#907 = CARTESIAN_POINT('',(-14.7,-17.5,220.));
#908 = VERTEX_POINT('',#909);
#909 = CARTESIAN_POINT('',(-14.7,-17.5,260.));
#910 = SURFACE_CURVE('',#911,(#915,#927),.PCURVE_S1.);
#911 = LINE('',#912,#913);
#912 = CARTESIAN_POINT('',(-14.7,-17.5,220.));
#913 = VECTOR('',#914,1.);
#914 = DIRECTION('',(0.,0.,1.));
#915 = PCURVE('',#916,#921);
#916 = PLANE('',#917);
#917 = AXIS2_PLACEMENT_3D('',#918,#919,#920);
#918 = CARTESIAN_POINT('',(-14.7,-17.5,220.));
#919 = DIRECTION('',(1.,0.,-0.));
#920 = DIRECTION('',(0.,0.,1.));
#921 = DEFINITIONAL_REPRESENTATION('',(#922),#926);
#922 = LINE('',#923,#924);
#923 = CARTESIAN_POINT('',(0.,0.));
#924 = VECTOR('',#925,1.);
#925 = DIRECTION('',(1.,0.));
#926 = ( GEOMETRIC_REPRESENTATION_CONTEXT(2) 
PARAMETRIC_REPRESENTATION_CONTEXT() REPRESENTATION_CONTEXT('2D SPACE',''
  ) );
#927 = PCURVE('',#928,#933);
#928 = PLANE('',#929);
#929 = AXIS2_PLACEMENT_3D('',#930,#931,#932);
#930 = CARTESIAN_POINT('',(-14.7,-17.5,220.));
#931 = DIRECTION('',(-0.,1.,0.));
#932 = DIRECTION('',(0.,0.,1.));
#933 = DEFINITIONAL_REPRESENTATION('',(#934),#938);
#934 = LINE('',#935,#936);
#935 = CARTESIAN_POINT('',(0.,0.));
#936 = VECTOR('',#937,1.);
#937 = DIRECTION('',(1.,0.));
#938 = ( GEOMETRIC_REPRESENTATION_CONTEXT(2) 
PARAMETRIC_REPRESENTATION_CONTEXT() REPRESENTATION_CONTEXT('2D SPACE',''
  ) );
#939 = ORIENTED_EDGE('',*,*,#940,.T.);
#940 = EDGE_CURVE('',#906,#941,#943,.T.);
#941 = VERTEX_POINT('',#942);
#942 = CARTESIAN_POINT('',(-14.7,17.5,220.));
#943 = SURFACE_CURVE('',#944,(#948,#955),.PCURVE_S1.);
#944 = LINE('',#945,#946);
#945 = CARTESIAN_POINT('',(-14.7,-17.5,220.));
#946 = VECTOR('',#947,1.);
#947 = DIRECTION('',(-0.,1.,0.));
#948 = PCURVE('',#916,#949);
#949 = DEFINITIONAL_REPRESENTATION('',(#950),#954);
#950 = LINE('',#951,#952);
#951 = CARTESIAN_POINT('',(0.,0.));
#952 = VECTOR('',#953,1.);
#953 = DIRECTION('',(0.,-1.));
#954 = ( GEOMETRIC_REPRESENTATION_CONTEXT(2) 
PARAMETRIC_REPRESENTATION_CONTEXT() REPRESENTATION_CONTEXT('2D SPACE',''
  ) );
#955 = PCURVE('',#956,#961);
#956 = PLANE('',#957);
#957 = AXIS2_PLACEMENT_3D('',#958,#959,#960);
#958 = CARTESIAN_POINT('',(-14.7,-17.5,220.));
#959 = DIRECTION('',(0.,0.,1.));
#960 = DIRECTION('',(1.,0.,-0.));
#961 = DEFINITIONAL_REPRESENTATION('',(#962),#966);
#962 = LINE('',#963,#964);
#963 = CARTESIAN_POINT('',(0.,0.));
#964 = VECTOR('',#965,1.);
#965 = DIRECTION('',(0.,1.));
#966 = ( GEOMETRIC_REPRESENTATION_CONTEXT(2) 
PARAMETRIC_REPRESENTATION_CONTEXT() REPRESENTATION_CONTEXT('2D SPACE',''
  ) );
#967 = ORIENTED_EDGE('',*,*,#968,.T.);
#968 = EDGE_CURVE('',#941,#969,#971,.T.);
#969 = VERTEX_POINT('',#970);
#970 = CARTESIAN_POINT('',(-14.7,17.5,260.));
#971 = SURFACE_CURVE('',#972,(#976,#983),.PCURVE_S1.);
#972 = LINE('',#973,#974);
#973 = CARTESIAN_POINT('',(-14.7,17.5,220.));
#974 = VECTOR('',#975,1.);
#975 = DIRECTION('',(0.,0.,1.));
#976 = PCURVE('',#916,#977);
#977 = DEFINITIONAL_REPRESENTATION('',(#978),#982);
#978 = LINE('',#979,#980);
#979 = CARTESIAN_POINT('',(0.,-35.));
#980 = VECTOR('',#981,1.);
#981 = DIRECTION('',(1.,0.));
#982 = ( GEOMETRIC_REPRESENTATION_CONTEXT(2) 
PARAMETRIC_REPRESENTATION_CONTEXT() REPRESENTATION_CONTEXT('2D SPACE',''
  ) );
#983 = PCURVE('',#984,#989);
#984 = PLANE('',#985);
#985 = AXIS2_PLACEMENT_3D('',#986,#987,#988);
#986 = CARTESIAN_POINT('',(-14.7,17.5,220.));
#987 = DIRECTION('',(-0.,1.,0.));
#988 = DIRECTION('',(0.,0.,1.));
#989 = DEFINITIONAL_REPRESENTATION('',(#990),#994);
#990 = LINE('',#991,#992);
#991 = CARTESIAN_POINT('',(0.,0.));
#992 = VECTOR('',#993,1.);
#993 = DIRECTION('',(1.,0.));
#994 = ( GEOMETRIC_REPRESENTATION_CONTEXT(2) 
PARAMETRIC_REPRESENTATION_CONTEXT() REPRESENTATION_CONTEXT('2D SPACE',''
  ) );
#995 = ORIENTED_EDGE('',*,*,#996,.F.);
#996 = EDGE_CURVE('',#908,#969,#997,.T.);
#997 = SURFACE_CURVE('',#998,(#1002,#1009),.PCURVE_S1.);
#998 = LINE('',#999,#1000);
#999 = CARTESIAN_POINT('',(-14.7,-17.5,260.));
#1000 = VECTOR('',#1001,1.);
#1001 = DIRECTION('',(-0.,1.,0.));
#1002 = PCURVE('',#916,#1003);
#1003 = DEFINITIONAL_REPRESENTATION('',(#1004),#1008);
#1004 = LINE('',#1005,#1006);
#1005 = CARTESIAN_POINT('',(40.,0.));
#1006 = VECTOR('',#1007,1.);
#1007 = DIRECTION('',(0.,-1.));
#1008 = ( GEOMETRIC_REPRESENTATION_CONTEXT(2) 
PARAMETRIC_REPRESENTATION_CONTEXT() REPRESENTATION_CONTEXT('2D SPACE',''
  ) );
#1009 = PCURVE('',#1010,#1015);
#1010 = PLANE('',#1011);
#1011 = AXIS2_PLACEMENT_3D('',#1012,#1013,#1014);
#1012 = CARTESIAN_POINT('',(-14.7,-17.5,260.));
#1013 = DIRECTION('',(0.,0.,1.));
#1014 = DIRECTION('',(1.,0.,-0.));
#1015 = DEFINITIONAL_REPRESENTATION('',(#1016),#1020);
#1016 = LINE('',#1017,#1018);
#1017 = CARTESIAN_POINT('',(0.,0.));
#1018 = VECTOR('',#1019,1.);
#1019 = DIRECTION('',(0.,1.));
#1020 = ( GEOMETRIC_REPRESENTATION_CONTEXT(2) 
PARAMETRIC_REPRESENTATION_CONTEXT() REPRESENTATION_CONTEXT('2D SPACE',''
  ) );
#1021 = FACE_BOUND('',#1022,.F.);
#1022 = EDGE_LOOP('',(#1023));
#1023 = ORIENTED_EDGE('',*,*,#1024,.F.);
#1024 = EDGE_CURVE('',#1025,#1025,#1027,.T.);
#1025 = VERTEX_POINT('',#1026);
#1026 = CARTESIAN_POINT('',(-14.7,-5.143516556419E-16,235.9));
#1027 = SURFACE_CURVE('',#1028,(#1033,#1040),.PCURVE_S1.);
#1028 = CIRCLE('',#1029,2.1);
#1029 = AXIS2_PLACEMENT_3D('',#1030,#1031,#1032);
#1030 = CARTESIAN_POINT('',(-14.7,0.,238.));
#1031 = DIRECTION('',(1.,0.,2.22044604925E-16));
#1032 = DIRECTION('',(2.22044604925E-16,0.,-1.));
#1033 = PCURVE('',#916,#1034);
#1034 = DEFINITIONAL_REPRESENTATION('',(#1035),#1039);
#1035 = CIRCLE('',#1036,2.1);
#1036 = AXIS2_PLACEMENT_2D('',#1037,#1038);
#1037 = CARTESIAN_POINT('',(18.,-17.5));
#1038 = DIRECTION('',(-1.,0.));
#1039 = ( GEOMETRIC_REPRESENTATION_CONTEXT(2) 
PARAMETRIC_REPRESENTATION_CONTEXT() REPRESENTATION_CONTEXT('2D SPACE',''
  ) );
#1040 = PCURVE('',#1041,#1046);
#1041 = CYLINDRICAL_SURFACE('',#1042,2.1);
#1042 = AXIS2_PLACEMENT_3D('',#1043,#1044,#1045);
#1043 = CARTESIAN_POINT('',(-17.25,0.,238.));
#1044 = DIRECTION('',(1.,0.,2.22044604925E-16));
#1045 = DIRECTION('',(2.22044604925E-16,0.,-1.));
#1046 = DEFINITIONAL_REPRESENTATION('',(#1047),#1051);
#1047 = LINE('',#1048,#1049);
#1048 = CARTESIAN_POINT('',(0.,2.55));
#1049 = VECTOR('',#1050,1.);
#1050 = DIRECTION('',(1.,0.));
#1051 = ( GEOMETRIC_REPRESENTATION_CONTEXT(2) 
PARAMETRIC_REPRESENTATION_CONTEXT() REPRESENTATION_CONTEXT('2D SPACE',''
  ) );
#1052 = ADVANCED_FACE('',(#1053),#1041,.F.);
#1053 = FACE_BOUND('',#1054,.F.);
#1054 = EDGE_LOOP('',(#1055,#1078,#1105,#1106));
#1055 = ORIENTED_EDGE('',*,*,#1056,.T.);
#1056 = EDGE_CURVE('',#1025,#1057,#1059,.T.);
#1057 = VERTEX_POINT('',#1058);
#1058 = CARTESIAN_POINT('',(-10.2,-5.143516556419E-16,235.9));
#1059 = SEAM_CURVE('',#1060,(#1064,#1071),.PCURVE_S1.);
#1060 = LINE('',#1061,#1062);
#1061 = CARTESIAN_POINT('',(-17.25,-5.143516556419E-16,235.9));
#1062 = VECTOR('',#1063,1.);
#1063 = DIRECTION('',(1.,0.,2.22044604925E-16));
#1064 = PCURVE('',#1041,#1065);
#1065 = DEFINITIONAL_REPRESENTATION('',(#1066),#1070);
#1066 = LINE('',#1067,#1068);
#1067 = CARTESIAN_POINT('',(6.28318530718,-0.));
#1068 = VECTOR('',#1069,1.);
#1069 = DIRECTION('',(0.,1.));
#1070 = ( GEOMETRIC_REPRESENTATION_CONTEXT(2) 
PARAMETRIC_REPRESENTATION_CONTEXT() REPRESENTATION_CONTEXT('2D SPACE',''
  ) );
#1071 = PCURVE('',#1041,#1072);
#1072 = DEFINITIONAL_REPRESENTATION('',(#1073),#1077);
#1073 = LINE('',#1074,#1075);
#1074 = CARTESIAN_POINT('',(0.,-0.));
#1075 = VECTOR('',#1076,1.);
#1076 = DIRECTION('',(0.,1.));
#1077 = ( GEOMETRIC_REPRESENTATION_CONTEXT(2) 
PARAMETRIC_REPRESENTATION_CONTEXT() REPRESENTATION_CONTEXT('2D SPACE',''
  ) );
#1078 = ORIENTED_EDGE('',*,*,#1079,.F.);
#1079 = EDGE_CURVE('',#1057,#1057,#1080,.T.);
#1080 = SURFACE_CURVE('',#1081,(#1086,#1093),.PCURVE_S1.);
#1081 = CIRCLE('',#1082,2.1);
#1082 = AXIS2_PLACEMENT_3D('',#1083,#1084,#1085);
#1083 = CARTESIAN_POINT('',(-10.2,0.,238.));
#1084 = DIRECTION('',(1.,0.,2.22044604925E-16));
#1085 = DIRECTION('',(2.22044604925E-16,0.,-1.));
#1086 = PCURVE('',#1041,#1087);
#1087 = DEFINITIONAL_REPRESENTATION('',(#1088),#1092);
#1088 = LINE('',#1089,#1090);
#1089 = CARTESIAN_POINT('',(0.,7.05));
#1090 = VECTOR('',#1091,1.);
#1091 = DIRECTION('',(1.,0.));
#1092 = ( GEOMETRIC_REPRESENTATION_CONTEXT(2) 
PARAMETRIC_REPRESENTATION_CONTEXT() REPRESENTATION_CONTEXT('2D SPACE',''
  ) );
#1093 = PCURVE('',#1094,#1099);
#1094 = PLANE('',#1095);
#1095 = AXIS2_PLACEMENT_3D('',#1096,#1097,#1098);
#1096 = CARTESIAN_POINT('',(-10.2,-20.,218.));
#1097 = DIRECTION('',(1.,0.,-0.));
#1098 = DIRECTION('',(0.,0.,1.));
#1099 = DEFINITIONAL_REPRESENTATION('',(#1100),#1104);
#1100 = CIRCLE('',#1101,2.1);
#1101 = AXIS2_PLACEMENT_2D('',#1102,#1103);
#1102 = CARTESIAN_POINT('',(20.,-20.));
#1103 = DIRECTION('',(-1.,0.));
#1104 = ( GEOMETRIC_REPRESENTATION_CONTEXT(2) 
PARAMETRIC_REPRESENTATION_CONTEXT() REPRESENTATION_CONTEXT('2D SPACE',''
  ) );
#1105 = ORIENTED_EDGE('',*,*,#1056,.F.);
#1106 = ORIENTED_EDGE('',*,*,#1024,.T.);
#1107 = ADVANCED_FACE('',(#1108,#1194),#1094,.T.);
#1108 = FACE_BOUND('',#1109,.T.);
#1109 = EDGE_LOOP('',(#1110,#1133,#1154,#1175));
#1110 = ORIENTED_EDGE('',*,*,#1111,.F.);
#1111 = EDGE_CURVE('',#1112,#1114,#1116,.T.);
#1112 = VERTEX_POINT('',#1113);
#1113 = CARTESIAN_POINT('',(-10.2,-17.5,260.));
#1114 = VERTEX_POINT('',#1115);
#1115 = CARTESIAN_POINT('',(-10.2,17.5,260.));
#1116 = SURFACE_CURVE('',#1117,(#1121,#1127),.PCURVE_S1.);
#1117 = LINE('',#1118,#1119);
#1118 = CARTESIAN_POINT('',(-10.2,-18.75,260.));
#1119 = VECTOR('',#1120,1.);
#1120 = DIRECTION('',(-0.,1.,0.));
#1121 = PCURVE('',#1094,#1122);
#1122 = DEFINITIONAL_REPRESENTATION('',(#1123),#1126);
#1123 = B_SPLINE_CURVE_WITH_KNOTS('',1,(#1124,#1125),.UNSPECIFIED.,.F.,
  .F.,(2,2),(1.25,36.25),.PIECEWISE_BEZIER_KNOTS.);
#1124 = CARTESIAN_POINT('',(42.,-2.5));
#1125 = CARTESIAN_POINT('',(42.,-37.5));
#1126 = ( GEOMETRIC_REPRESENTATION_CONTEXT(2) 
PARAMETRIC_REPRESENTATION_CONTEXT() REPRESENTATION_CONTEXT('2D SPACE',''
  ) );
#1127 = PCURVE('',#1010,#1128);
#1128 = DEFINITIONAL_REPRESENTATION('',(#1129),#1132);
#1129 = B_SPLINE_CURVE_WITH_KNOTS('',1,(#1130,#1131),.UNSPECIFIED.,.F.,
  .F.,(2,2),(1.25,36.25),.PIECEWISE_BEZIER_KNOTS.);
#1130 = CARTESIAN_POINT('',(4.5,0.));
#1131 = CARTESIAN_POINT('',(4.5,35.));
#1132 = ( GEOMETRIC_REPRESENTATION_CONTEXT(2) 
PARAMETRIC_REPRESENTATION_CONTEXT() REPRESENTATION_CONTEXT('2D SPACE',''
  ) );
#1133 = ORIENTED_EDGE('',*,*,#1134,.T.);
#1134 = EDGE_CURVE('',#1112,#1135,#1137,.T.);
#1135 = VERTEX_POINT('',#1136);
#1136 = CARTESIAN_POINT('',(-10.2,-17.5,220.));
#1137 = SURFACE_CURVE('',#1138,(#1142,#1148),.PCURVE_S1.);
#1138 = LINE('',#1139,#1140);
#1139 = CARTESIAN_POINT('',(-10.2,-17.5,219.));
#1140 = VECTOR('',#1141,1.);
#1141 = DIRECTION('',(-0.,0.,-1.));
#1142 = PCURVE('',#1094,#1143);
#1143 = DEFINITIONAL_REPRESENTATION('',(#1144),#1147);
#1144 = B_SPLINE_CURVE_WITH_KNOTS('',1,(#1145,#1146),.UNSPECIFIED.,.F.,
  .F.,(2,2),(-41.,-1.),.PIECEWISE_BEZIER_KNOTS.);
#1145 = CARTESIAN_POINT('',(42.,-2.5));
#1146 = CARTESIAN_POINT('',(2.,-2.5));
#1147 = ( GEOMETRIC_REPRESENTATION_CONTEXT(2) 
PARAMETRIC_REPRESENTATION_CONTEXT() REPRESENTATION_CONTEXT('2D SPACE',''
  ) );
#1148 = PCURVE('',#928,#1149);
#1149 = DEFINITIONAL_REPRESENTATION('',(#1150),#1153);
#1150 = B_SPLINE_CURVE_WITH_KNOTS('',1,(#1151,#1152),.UNSPECIFIED.,.F.,
  .F.,(2,2),(-41.,-1.),.PIECEWISE_BEZIER_KNOTS.);
#1151 = CARTESIAN_POINT('',(40.,4.5));
#1152 = CARTESIAN_POINT('',(0.,4.5));
#1153 = ( GEOMETRIC_REPRESENTATION_CONTEXT(2) 
PARAMETRIC_REPRESENTATION_CONTEXT() REPRESENTATION_CONTEXT('2D SPACE',''
  ) );
#1154 = ORIENTED_EDGE('',*,*,#1155,.T.);
#1155 = EDGE_CURVE('',#1135,#1156,#1158,.T.);
#1156 = VERTEX_POINT('',#1157);
#1157 = CARTESIAN_POINT('',(-10.2,17.5,220.));
#1158 = SURFACE_CURVE('',#1159,(#1163,#1169),.PCURVE_S1.);
#1159 = LINE('',#1160,#1161);
#1160 = CARTESIAN_POINT('',(-10.2,-18.75,220.));
#1161 = VECTOR('',#1162,1.);
#1162 = DIRECTION('',(-0.,1.,0.));
#1163 = PCURVE('',#1094,#1164);
#1164 = DEFINITIONAL_REPRESENTATION('',(#1165),#1168);
#1165 = B_SPLINE_CURVE_WITH_KNOTS('',1,(#1166,#1167),.UNSPECIFIED.,.F.,
  .F.,(2,2),(1.25,36.25),.PIECEWISE_BEZIER_KNOTS.);
#1166 = CARTESIAN_POINT('',(2.,-2.5));
#1167 = CARTESIAN_POINT('',(2.,-37.5));
#1168 = ( GEOMETRIC_REPRESENTATION_CONTEXT(2) 
PARAMETRIC_REPRESENTATION_CONTEXT() REPRESENTATION_CONTEXT('2D SPACE',''
  ) );
#1169 = PCURVE('',#956,#1170);
#1170 = DEFINITIONAL_REPRESENTATION('',(#1171),#1174);
#1171 = B_SPLINE_CURVE_WITH_KNOTS('',1,(#1172,#1173),.UNSPECIFIED.,.F.,
  .F.,(2,2),(1.25,36.25),.PIECEWISE_BEZIER_KNOTS.);
#1172 = CARTESIAN_POINT('',(4.5,0.));
#1173 = CARTESIAN_POINT('',(4.5,35.));
#1174 = ( GEOMETRIC_REPRESENTATION_CONTEXT(2) 
PARAMETRIC_REPRESENTATION_CONTEXT() REPRESENTATION_CONTEXT('2D SPACE',''
  ) );
#1175 = ORIENTED_EDGE('',*,*,#1176,.F.);
#1176 = EDGE_CURVE('',#1114,#1156,#1177,.T.);
#1177 = SURFACE_CURVE('',#1178,(#1182,#1188),.PCURVE_S1.);
#1178 = LINE('',#1179,#1180);
#1179 = CARTESIAN_POINT('',(-10.2,17.5,219.));
#1180 = VECTOR('',#1181,1.);
#1181 = DIRECTION('',(-0.,0.,-1.));
#1182 = PCURVE('',#1094,#1183);
#1183 = DEFINITIONAL_REPRESENTATION('',(#1184),#1187);
#1184 = B_SPLINE_CURVE_WITH_KNOTS('',1,(#1185,#1186),.UNSPECIFIED.,.F.,
  .F.,(2,2),(-41.,-1.),.PIECEWISE_BEZIER_KNOTS.);
#1185 = CARTESIAN_POINT('',(42.,-37.5));
#1186 = CARTESIAN_POINT('',(2.,-37.5));
#1187 = ( GEOMETRIC_REPRESENTATION_CONTEXT(2) 
PARAMETRIC_REPRESENTATION_CONTEXT() REPRESENTATION_CONTEXT('2D SPACE',''
  ) );
#1188 = PCURVE('',#984,#1189);
#1189 = DEFINITIONAL_REPRESENTATION('',(#1190),#1193);
#1190 = B_SPLINE_CURVE_WITH_KNOTS('',1,(#1191,#1192),.UNSPECIFIED.,.F.,
  .F.,(2,2),(-41.,-1.),.PIECEWISE_BEZIER_KNOTS.);
#1191 = CARTESIAN_POINT('',(40.,4.5));
#1192 = CARTESIAN_POINT('',(0.,4.5));
#1193 = ( GEOMETRIC_REPRESENTATION_CONTEXT(2) 
PARAMETRIC_REPRESENTATION_CONTEXT() REPRESENTATION_CONTEXT('2D SPACE',''
  ) );
#1194 = FACE_BOUND('',#1195,.T.);
#1195 = EDGE_LOOP('',(#1196));
#1196 = ORIENTED_EDGE('',*,*,#1079,.F.);
#1197 = ADVANCED_FACE('',(#1198),#984,.T.);
#1198 = FACE_BOUND('',#1199,.T.);
#1199 = EDGE_LOOP('',(#1200,#1221,#1222,#1243));
#1200 = ORIENTED_EDGE('',*,*,#1201,.F.);
#1201 = EDGE_CURVE('',#941,#1156,#1202,.T.);
#1202 = SURFACE_CURVE('',#1203,(#1207,#1214),.PCURVE_S1.);
#1203 = LINE('',#1204,#1205);
#1204 = CARTESIAN_POINT('',(-14.7,17.5,220.));
#1205 = VECTOR('',#1206,1.);
#1206 = DIRECTION('',(1.,0.,-0.));
#1207 = PCURVE('',#984,#1208);
#1208 = DEFINITIONAL_REPRESENTATION('',(#1209),#1213);
#1209 = LINE('',#1210,#1211);
#1210 = CARTESIAN_POINT('',(0.,0.));
#1211 = VECTOR('',#1212,1.);
#1212 = DIRECTION('',(0.,1.));
#1213 = ( GEOMETRIC_REPRESENTATION_CONTEXT(2) 
PARAMETRIC_REPRESENTATION_CONTEXT() REPRESENTATION_CONTEXT('2D SPACE',''
  ) );
#1214 = PCURVE('',#956,#1215);
#1215 = DEFINITIONAL_REPRESENTATION('',(#1216),#1220);
#1216 = LINE('',#1217,#1218);
#1217 = CARTESIAN_POINT('',(0.,35.));
#1218 = VECTOR('',#1219,1.);
#1219 = DIRECTION('',(1.,0.));
#1220 = ( GEOMETRIC_REPRESENTATION_CONTEXT(2) 
PARAMETRIC_REPRESENTATION_CONTEXT() REPRESENTATION_CONTEXT('2D SPACE',''
  ) );
#1221 = ORIENTED_EDGE('',*,*,#968,.T.);
#1222 = ORIENTED_EDGE('',*,*,#1223,.T.);
#1223 = EDGE_CURVE('',#969,#1114,#1224,.T.);
#1224 = SURFACE_CURVE('',#1225,(#1229,#1236),.PCURVE_S1.);
#1225 = LINE('',#1226,#1227);
#1226 = CARTESIAN_POINT('',(-14.7,17.5,260.));
#1227 = VECTOR('',#1228,1.);
#1228 = DIRECTION('',(1.,0.,-0.));
#1229 = PCURVE('',#984,#1230);
#1230 = DEFINITIONAL_REPRESENTATION('',(#1231),#1235);
#1231 = LINE('',#1232,#1233);
#1232 = CARTESIAN_POINT('',(40.,0.));
#1233 = VECTOR('',#1234,1.);
#1234 = DIRECTION('',(0.,1.));
#1235 = ( GEOMETRIC_REPRESENTATION_CONTEXT(2) 
PARAMETRIC_REPRESENTATION_CONTEXT() REPRESENTATION_CONTEXT('2D SPACE',''
  ) );
#1236 = PCURVE('',#1010,#1237);
#1237 = DEFINITIONAL_REPRESENTATION('',(#1238),#1242);
#1238 = LINE('',#1239,#1240);
#1239 = CARTESIAN_POINT('',(0.,35.));
#1240 = VECTOR('',#1241,1.);
#1241 = DIRECTION('',(1.,0.));
#1242 = ( GEOMETRIC_REPRESENTATION_CONTEXT(2) 
PARAMETRIC_REPRESENTATION_CONTEXT() REPRESENTATION_CONTEXT('2D SPACE',''
  ) );
#1243 = ORIENTED_EDGE('',*,*,#1176,.T.);
#1244 = ADVANCED_FACE('',(#1245),#956,.F.);
#1245 = FACE_BOUND('',#1246,.F.);
#1246 = EDGE_LOOP('',(#1247,#1248,#1249,#1270));
#1247 = ORIENTED_EDGE('',*,*,#1201,.F.);
#1248 = ORIENTED_EDGE('',*,*,#940,.F.);
#1249 = ORIENTED_EDGE('',*,*,#1250,.T.);
#1250 = EDGE_CURVE('',#906,#1135,#1251,.T.);
#1251 = SURFACE_CURVE('',#1252,(#1256,#1263),.PCURVE_S1.);
#1252 = LINE('',#1253,#1254);
#1253 = CARTESIAN_POINT('',(-14.7,-17.5,220.));
#1254 = VECTOR('',#1255,1.);
#1255 = DIRECTION('',(1.,0.,-0.));
#1256 = PCURVE('',#956,#1257);
#1257 = DEFINITIONAL_REPRESENTATION('',(#1258),#1262);
#1258 = LINE('',#1259,#1260);
#1259 = CARTESIAN_POINT('',(0.,0.));
#1260 = VECTOR('',#1261,1.);
#1261 = DIRECTION('',(1.,0.));
#1262 = ( GEOMETRIC_REPRESENTATION_CONTEXT(2) 
PARAMETRIC_REPRESENTATION_CONTEXT() REPRESENTATION_CONTEXT('2D SPACE',''
  ) );
#1263 = PCURVE('',#928,#1264);
#1264 = DEFINITIONAL_REPRESENTATION('',(#1265),#1269);
#1265 = LINE('',#1266,#1267);
#1266 = CARTESIAN_POINT('',(0.,0.));
#1267 = VECTOR('',#1268,1.);
#1268 = DIRECTION('',(0.,1.));
#1269 = ( GEOMETRIC_REPRESENTATION_CONTEXT(2) 
PARAMETRIC_REPRESENTATION_CONTEXT() REPRESENTATION_CONTEXT('2D SPACE',''
  ) );
#1270 = ORIENTED_EDGE('',*,*,#1155,.T.);
#1271 = ADVANCED_FACE('',(#1272),#1010,.T.);
#1272 = FACE_BOUND('',#1273,.T.);
#1273 = EDGE_LOOP('',(#1274,#1275,#1276,#1297));
#1274 = ORIENTED_EDGE('',*,*,#1223,.F.);
#1275 = ORIENTED_EDGE('',*,*,#996,.F.);
#1276 = ORIENTED_EDGE('',*,*,#1277,.T.);
#1277 = EDGE_CURVE('',#908,#1112,#1278,.T.);
#1278 = SURFACE_CURVE('',#1279,(#1283,#1290),.PCURVE_S1.);
#1279 = LINE('',#1280,#1281);
#1280 = CARTESIAN_POINT('',(-14.7,-17.5,260.));
#1281 = VECTOR('',#1282,1.);
#1282 = DIRECTION('',(1.,0.,-0.));
#1283 = PCURVE('',#1010,#1284);
#1284 = DEFINITIONAL_REPRESENTATION('',(#1285),#1289);
#1285 = LINE('',#1286,#1287);
#1286 = CARTESIAN_POINT('',(0.,0.));
#1287 = VECTOR('',#1288,1.);
#1288 = DIRECTION('',(1.,0.));
#1289 = ( GEOMETRIC_REPRESENTATION_CONTEXT(2) 
PARAMETRIC_REPRESENTATION_CONTEXT() REPRESENTATION_CONTEXT('2D SPACE',''
  ) );
#1290 = PCURVE('',#928,#1291);
#1291 = DEFINITIONAL_REPRESENTATION('',(#1292),#1296);
#1292 = LINE('',#1293,#1294);
#1293 = CARTESIAN_POINT('',(40.,0.));
#1294 = VECTOR('',#1295,1.);
#1295 = DIRECTION('',(0.,1.));
#1296 = ( GEOMETRIC_REPRESENTATION_CONTEXT(2) 
PARAMETRIC_REPRESENTATION_CONTEXT() REPRESENTATION_CONTEXT('2D SPACE',''
  ) );
#1297 = ORIENTED_EDGE('',*,*,#1111,.T.);
#1298 = ADVANCED_FACE('',(#1299),#928,.F.);
#1299 = FACE_BOUND('',#1300,.F.);
#1300 = EDGE_LOOP('',(#1301,#1302,#1303,#1304));
#1301 = ORIENTED_EDGE('',*,*,#1250,.F.);
#1302 = ORIENTED_EDGE('',*,*,#905,.T.);
#1303 = ORIENTED_EDGE('',*,*,#1277,.T.);
#1304 = ORIENTED_EDGE('',*,*,#1134,.T.);
#1305 = MANIFOLD_SOLID_BREP('',#1306);
#1306 = CLOSED_SHELL('',(#1307,#1425,#1526,#1576,#1647,#1674,#1704));
#1307 = ADVANCED_FACE('',(#1308),#1322,.F.);
#1308 = FACE_BOUND('',#1309,.F.);
#1309 = EDGE_LOOP('',(#1310,#1345,#1371,#1399));
#1310 = ORIENTED_EDGE('',*,*,#1311,.F.);
#1311 = EDGE_CURVE('',#1312,#1314,#1316,.T.);
#1312 = VERTEX_POINT('',#1313);
#1313 = CARTESIAN_POINT('',(10.2,-17.5,220.));
#1314 = VERTEX_POINT('',#1315);
#1315 = CARTESIAN_POINT('',(14.7,-17.5,220.));
#1316 = SURFACE_CURVE('',#1317,(#1321,#1333),.PCURVE_S1.);
#1317 = LINE('',#1318,#1319);
#1318 = CARTESIAN_POINT('',(-14.7,-17.5,220.));
#1319 = VECTOR('',#1320,1.);
#1320 = DIRECTION('',(1.,0.,-0.));
#1321 = PCURVE('',#1322,#1327);
#1322 = PLANE('',#1323);
#1323 = AXIS2_PLACEMENT_3D('',#1324,#1325,#1326);
#1324 = CARTESIAN_POINT('',(-14.7,-17.5,220.));
#1325 = DIRECTION('',(-0.,1.,0.));
#1326 = DIRECTION('',(0.,0.,1.));
#1327 = DEFINITIONAL_REPRESENTATION('',(#1328),#1332);
#1328 = LINE('',#1329,#1330);
#1329 = CARTESIAN_POINT('',(0.,0.));
#1330 = VECTOR('',#1331,1.);
#1331 = DIRECTION('',(0.,1.));
#1332 = ( GEOMETRIC_REPRESENTATION_CONTEXT(2) 
PARAMETRIC_REPRESENTATION_CONTEXT() REPRESENTATION_CONTEXT('2D SPACE',''
  ) );
#1333 = PCURVE('',#1334,#1339);
#1334 = PLANE('',#1335);
#1335 = AXIS2_PLACEMENT_3D('',#1336,#1337,#1338);
#1336 = CARTESIAN_POINT('',(-14.7,-17.5,220.));
#1337 = DIRECTION('',(0.,0.,1.));
#1338 = DIRECTION('',(1.,0.,-0.));
#1339 = DEFINITIONAL_REPRESENTATION('',(#1340),#1344);
#1340 = LINE('',#1341,#1342);
#1341 = CARTESIAN_POINT('',(0.,0.));
#1342 = VECTOR('',#1343,1.);
#1343 = DIRECTION('',(1.,0.));
#1344 = ( GEOMETRIC_REPRESENTATION_CONTEXT(2) 
PARAMETRIC_REPRESENTATION_CONTEXT() REPRESENTATION_CONTEXT('2D SPACE',''
  ) );
#1345 = ORIENTED_EDGE('',*,*,#1346,.F.);
#1346 = EDGE_CURVE('',#1347,#1312,#1349,.T.);
#1347 = VERTEX_POINT('',#1348);
#1348 = CARTESIAN_POINT('',(10.2,-17.5,260.));
#1349 = SURFACE_CURVE('',#1350,(#1354,#1360),.PCURVE_S1.);
#1350 = LINE('',#1351,#1352);
#1351 = CARTESIAN_POINT('',(10.2,-17.5,219.));
#1352 = VECTOR('',#1353,1.);
#1353 = DIRECTION('',(-0.,0.,-1.));
#1354 = PCURVE('',#1322,#1355);
#1355 = DEFINITIONAL_REPRESENTATION('',(#1356),#1359);
#1356 = B_SPLINE_CURVE_WITH_KNOTS('',1,(#1357,#1358),.UNSPECIFIED.,.F.,
  .F.,(2,2),(-41.,-1.),.PIECEWISE_BEZIER_KNOTS.);
#1357 = CARTESIAN_POINT('',(40.,24.9));
#1358 = CARTESIAN_POINT('',(0.,24.9));
#1359 = ( GEOMETRIC_REPRESENTATION_CONTEXT(2) 
PARAMETRIC_REPRESENTATION_CONTEXT() REPRESENTATION_CONTEXT('2D SPACE',''
  ) );
#1360 = PCURVE('',#1361,#1366);
#1361 = PLANE('',#1362);
#1362 = AXIS2_PLACEMENT_3D('',#1363,#1364,#1365);
#1363 = CARTESIAN_POINT('',(10.2,-20.,218.));
#1364 = DIRECTION('',(1.,0.,-0.));
#1365 = DIRECTION('',(0.,0.,1.));
#1366 = DEFINITIONAL_REPRESENTATION('',(#1367),#1370);
#1367 = B_SPLINE_CURVE_WITH_KNOTS('',1,(#1368,#1369),.UNSPECIFIED.,.F.,
  .F.,(2,2),(-41.,-1.),.PIECEWISE_BEZIER_KNOTS.);
#1368 = CARTESIAN_POINT('',(42.,-2.5));
#1369 = CARTESIAN_POINT('',(2.,-2.5));
#1370 = ( GEOMETRIC_REPRESENTATION_CONTEXT(2) 
PARAMETRIC_REPRESENTATION_CONTEXT() REPRESENTATION_CONTEXT('2D SPACE',''
  ) );
#1371 = ORIENTED_EDGE('',*,*,#1372,.T.);
#1372 = EDGE_CURVE('',#1347,#1373,#1375,.T.);
#1373 = VERTEX_POINT('',#1374);
#1374 = CARTESIAN_POINT('',(14.7,-17.5,260.));
#1375 = SURFACE_CURVE('',#1376,(#1380,#1387),.PCURVE_S1.);
#1376 = LINE('',#1377,#1378);
#1377 = CARTESIAN_POINT('',(-14.7,-17.5,260.));
#1378 = VECTOR('',#1379,1.);
#1379 = DIRECTION('',(1.,0.,-0.));
#1380 = PCURVE('',#1322,#1381);
#1381 = DEFINITIONAL_REPRESENTATION('',(#1382),#1386);
#1382 = LINE('',#1383,#1384);
#1383 = CARTESIAN_POINT('',(40.,0.));
#1384 = VECTOR('',#1385,1.);
#1385 = DIRECTION('',(0.,1.));
#1386 = ( GEOMETRIC_REPRESENTATION_CONTEXT(2) 
PARAMETRIC_REPRESENTATION_CONTEXT() REPRESENTATION_CONTEXT('2D SPACE',''
  ) );
#1387 = PCURVE('',#1388,#1393);
#1388 = PLANE('',#1389);
#1389 = AXIS2_PLACEMENT_3D('',#1390,#1391,#1392);
#1390 = CARTESIAN_POINT('',(-14.7,-17.5,260.));
#1391 = DIRECTION('',(0.,0.,1.));
#1392 = DIRECTION('',(1.,0.,-0.));
#1393 = DEFINITIONAL_REPRESENTATION('',(#1394),#1398);
#1394 = LINE('',#1395,#1396);
#1395 = CARTESIAN_POINT('',(0.,0.));
#1396 = VECTOR('',#1397,1.);
#1397 = DIRECTION('',(1.,0.));
#1398 = ( GEOMETRIC_REPRESENTATION_CONTEXT(2) 
PARAMETRIC_REPRESENTATION_CONTEXT() REPRESENTATION_CONTEXT('2D SPACE',''
  ) );
#1399 = ORIENTED_EDGE('',*,*,#1400,.F.);
#1400 = EDGE_CURVE('',#1314,#1373,#1401,.T.);
#1401 = SURFACE_CURVE('',#1402,(#1406,#1413),.PCURVE_S1.);
#1402 = LINE('',#1403,#1404);
#1403 = CARTESIAN_POINT('',(14.7,-17.5,220.));
#1404 = VECTOR('',#1405,1.);
#1405 = DIRECTION('',(0.,0.,1.));
#1406 = PCURVE('',#1322,#1407);
#1407 = DEFINITIONAL_REPRESENTATION('',(#1408),#1412);
#1408 = LINE('',#1409,#1410);
#1409 = CARTESIAN_POINT('',(0.,29.4));
#1410 = VECTOR('',#1411,1.);
#1411 = DIRECTION('',(1.,0.));
#1412 = ( GEOMETRIC_REPRESENTATION_CONTEXT(2) 
PARAMETRIC_REPRESENTATION_CONTEXT() REPRESENTATION_CONTEXT('2D SPACE',''
  ) );
#1413 = PCURVE('',#1414,#1419);
#1414 = PLANE('',#1415);
#1415 = AXIS2_PLACEMENT_3D('',#1416,#1417,#1418);
#1416 = CARTESIAN_POINT('',(14.7,-17.5,220.));
#1417 = DIRECTION('',(1.,0.,-0.));
#1418 = DIRECTION('',(0.,0.,1.));
#1419 = DEFINITIONAL_REPRESENTATION('',(#1420),#1424);
#1420 = LINE('',#1421,#1422);
#1421 = CARTESIAN_POINT('',(0.,0.));
#1422 = VECTOR('',#1423,1.);
#1423 = DIRECTION('',(1.,0.));
#1424 = ( GEOMETRIC_REPRESENTATION_CONTEXT(2) 
PARAMETRIC_REPRESENTATION_CONTEXT() REPRESENTATION_CONTEXT('2D SPACE',''
  ) );
#1425 = ADVANCED_FACE('',(#1426,#1495),#1361,.F.);
#1426 = FACE_BOUND('',#1427,.F.);
#1427 = EDGE_LOOP('',(#1428,#1449,#1450,#1471));
#1428 = ORIENTED_EDGE('',*,*,#1429,.F.);
#1429 = EDGE_CURVE('',#1347,#1430,#1432,.T.);
#1430 = VERTEX_POINT('',#1431);
#1431 = CARTESIAN_POINT('',(10.2,17.5,260.));
#1432 = SURFACE_CURVE('',#1433,(#1437,#1443),.PCURVE_S1.);
#1433 = LINE('',#1434,#1435);
#1434 = CARTESIAN_POINT('',(10.2,-18.75,260.));
#1435 = VECTOR('',#1436,1.);
#1436 = DIRECTION('',(-0.,1.,0.));
#1437 = PCURVE('',#1361,#1438);
#1438 = DEFINITIONAL_REPRESENTATION('',(#1439),#1442);
#1439 = B_SPLINE_CURVE_WITH_KNOTS('',1,(#1440,#1441),.UNSPECIFIED.,.F.,
  .F.,(2,2),(1.25,36.25),.PIECEWISE_BEZIER_KNOTS.);
#1440 = CARTESIAN_POINT('',(42.,-2.5));
#1441 = CARTESIAN_POINT('',(42.,-37.5));
#1442 = ( GEOMETRIC_REPRESENTATION_CONTEXT(2) 
PARAMETRIC_REPRESENTATION_CONTEXT() REPRESENTATION_CONTEXT('2D SPACE',''
  ) );
#1443 = PCURVE('',#1388,#1444);
#1444 = DEFINITIONAL_REPRESENTATION('',(#1445),#1448);
#1445 = B_SPLINE_CURVE_WITH_KNOTS('',1,(#1446,#1447),.UNSPECIFIED.,.F.,
  .F.,(2,2),(1.25,36.25),.PIECEWISE_BEZIER_KNOTS.);
#1446 = CARTESIAN_POINT('',(24.9,0.));
#1447 = CARTESIAN_POINT('',(24.9,35.));
#1448 = ( GEOMETRIC_REPRESENTATION_CONTEXT(2) 
PARAMETRIC_REPRESENTATION_CONTEXT() REPRESENTATION_CONTEXT('2D SPACE',''
  ) );
#1449 = ORIENTED_EDGE('',*,*,#1346,.T.);
#1450 = ORIENTED_EDGE('',*,*,#1451,.T.);
#1451 = EDGE_CURVE('',#1312,#1452,#1454,.T.);
#1452 = VERTEX_POINT('',#1453);
#1453 = CARTESIAN_POINT('',(10.2,17.5,220.));
#1454 = SURFACE_CURVE('',#1455,(#1459,#1465),.PCURVE_S1.);
#1455 = LINE('',#1456,#1457);
#1456 = CARTESIAN_POINT('',(10.2,-18.75,220.));
#1457 = VECTOR('',#1458,1.);
#1458 = DIRECTION('',(-0.,1.,0.));
#1459 = PCURVE('',#1361,#1460);
#1460 = DEFINITIONAL_REPRESENTATION('',(#1461),#1464);
#1461 = B_SPLINE_CURVE_WITH_KNOTS('',1,(#1462,#1463),.UNSPECIFIED.,.F.,
  .F.,(2,2),(1.25,36.25),.PIECEWISE_BEZIER_KNOTS.);
#1462 = CARTESIAN_POINT('',(2.,-2.5));
#1463 = CARTESIAN_POINT('',(2.,-37.5));
#1464 = ( GEOMETRIC_REPRESENTATION_CONTEXT(2) 
PARAMETRIC_REPRESENTATION_CONTEXT() REPRESENTATION_CONTEXT('2D SPACE',''
  ) );
#1465 = PCURVE('',#1334,#1466);
#1466 = DEFINITIONAL_REPRESENTATION('',(#1467),#1470);
#1467 = B_SPLINE_CURVE_WITH_KNOTS('',1,(#1468,#1469),.UNSPECIFIED.,.F.,
  .F.,(2,2),(1.25,36.25),.PIECEWISE_BEZIER_KNOTS.);
#1468 = CARTESIAN_POINT('',(24.9,0.));
#1469 = CARTESIAN_POINT('',(24.9,35.));
#1470 = ( GEOMETRIC_REPRESENTATION_CONTEXT(2) 
PARAMETRIC_REPRESENTATION_CONTEXT() REPRESENTATION_CONTEXT('2D SPACE',''
  ) );
#1471 = ORIENTED_EDGE('',*,*,#1472,.F.);
#1472 = EDGE_CURVE('',#1430,#1452,#1473,.T.);
#1473 = SURFACE_CURVE('',#1474,(#1478,#1484),.PCURVE_S1.);
#1474 = LINE('',#1475,#1476);
#1475 = CARTESIAN_POINT('',(10.2,17.5,219.));
#1476 = VECTOR('',#1477,1.);
#1477 = DIRECTION('',(-0.,0.,-1.));
#1478 = PCURVE('',#1361,#1479);
#1479 = DEFINITIONAL_REPRESENTATION('',(#1480),#1483);
#1480 = B_SPLINE_CURVE_WITH_KNOTS('',1,(#1481,#1482),.UNSPECIFIED.,.F.,
  .F.,(2,2),(-41.,-1.),.PIECEWISE_BEZIER_KNOTS.);
#1481 = CARTESIAN_POINT('',(42.,-37.5));
#1482 = CARTESIAN_POINT('',(2.,-37.5));
#1483 = ( GEOMETRIC_REPRESENTATION_CONTEXT(2) 
PARAMETRIC_REPRESENTATION_CONTEXT() REPRESENTATION_CONTEXT('2D SPACE',''
  ) );
#1484 = PCURVE('',#1485,#1490);
#1485 = PLANE('',#1486);
#1486 = AXIS2_PLACEMENT_3D('',#1487,#1488,#1489);
#1487 = CARTESIAN_POINT('',(-14.7,17.5,220.));
#1488 = DIRECTION('',(-0.,1.,0.));
#1489 = DIRECTION('',(0.,0.,1.));
#1490 = DEFINITIONAL_REPRESENTATION('',(#1491),#1494);
#1491 = B_SPLINE_CURVE_WITH_KNOTS('',1,(#1492,#1493),.UNSPECIFIED.,.F.,
  .F.,(2,2),(-41.,-1.),.PIECEWISE_BEZIER_KNOTS.);
#1492 = CARTESIAN_POINT('',(40.,24.9));
#1493 = CARTESIAN_POINT('',(0.,24.9));
#1494 = ( GEOMETRIC_REPRESENTATION_CONTEXT(2) 
PARAMETRIC_REPRESENTATION_CONTEXT() REPRESENTATION_CONTEXT('2D SPACE',''
  ) );
#1495 = FACE_BOUND('',#1496,.F.);
#1496 = EDGE_LOOP('',(#1497));
#1497 = ORIENTED_EDGE('',*,*,#1498,.F.);
#1498 = EDGE_CURVE('',#1499,#1499,#1501,.T.);
#1499 = VERTEX_POINT('',#1500);
#1500 = CARTESIAN_POINT('',(10.2,-5.143516556419E-16,235.9));
#1501 = SURFACE_CURVE('',#1502,(#1507,#1514),.PCURVE_S1.);
#1502 = CIRCLE('',#1503,2.1);
#1503 = AXIS2_PLACEMENT_3D('',#1504,#1505,#1506);
#1504 = CARTESIAN_POINT('',(10.2,0.,238.));
#1505 = DIRECTION('',(1.,0.,2.22044604925E-16));
#1506 = DIRECTION('',(2.22044604925E-16,0.,-1.));
#1507 = PCURVE('',#1361,#1508);
#1508 = DEFINITIONAL_REPRESENTATION('',(#1509),#1513);
#1509 = CIRCLE('',#1510,2.1);
#1510 = AXIS2_PLACEMENT_2D('',#1511,#1512);
#1511 = CARTESIAN_POINT('',(20.,-20.));
#1512 = DIRECTION('',(-1.,0.));
#1513 = ( GEOMETRIC_REPRESENTATION_CONTEXT(2) 
PARAMETRIC_REPRESENTATION_CONTEXT() REPRESENTATION_CONTEXT('2D SPACE',''
  ) );
#1514 = PCURVE('',#1515,#1520);
#1515 = CYLINDRICAL_SURFACE('',#1516,2.1);
#1516 = AXIS2_PLACEMENT_3D('',#1517,#1518,#1519);
#1517 = CARTESIAN_POINT('',(7.25,0.,238.));
#1518 = DIRECTION('',(1.,0.,2.22044604925E-16));
#1519 = DIRECTION('',(2.22044604925E-16,0.,-1.));
#1520 = DEFINITIONAL_REPRESENTATION('',(#1521),#1525);
#1521 = LINE('',#1522,#1523);
#1522 = CARTESIAN_POINT('',(0.,2.95));
#1523 = VECTOR('',#1524,1.);
#1524 = DIRECTION('',(1.,0.));
#1525 = ( GEOMETRIC_REPRESENTATION_CONTEXT(2) 
PARAMETRIC_REPRESENTATION_CONTEXT() REPRESENTATION_CONTEXT('2D SPACE',''
  ) );
#1526 = ADVANCED_FACE('',(#1527),#1515,.F.);
#1527 = FACE_BOUND('',#1528,.F.);
#1528 = EDGE_LOOP('',(#1529,#1530,#1553,#1575));
#1529 = ORIENTED_EDGE('',*,*,#1498,.T.);
#1530 = ORIENTED_EDGE('',*,*,#1531,.T.);
#1531 = EDGE_CURVE('',#1499,#1532,#1534,.T.);
#1532 = VERTEX_POINT('',#1533);
#1533 = CARTESIAN_POINT('',(14.7,-5.143516556419E-16,235.9));
#1534 = SEAM_CURVE('',#1535,(#1539,#1546),.PCURVE_S1.);
#1535 = LINE('',#1536,#1537);
#1536 = CARTESIAN_POINT('',(7.25,-5.143516556419E-16,235.9));
#1537 = VECTOR('',#1538,1.);
#1538 = DIRECTION('',(1.,0.,2.22044604925E-16));
#1539 = PCURVE('',#1515,#1540);
#1540 = DEFINITIONAL_REPRESENTATION('',(#1541),#1545);
#1541 = LINE('',#1542,#1543);
#1542 = CARTESIAN_POINT('',(0.,-0.));
#1543 = VECTOR('',#1544,1.);
#1544 = DIRECTION('',(0.,1.));
#1545 = ( GEOMETRIC_REPRESENTATION_CONTEXT(2) 
PARAMETRIC_REPRESENTATION_CONTEXT() REPRESENTATION_CONTEXT('2D SPACE',''
  ) );
#1546 = PCURVE('',#1515,#1547);
#1547 = DEFINITIONAL_REPRESENTATION('',(#1548),#1552);
#1548 = LINE('',#1549,#1550);
#1549 = CARTESIAN_POINT('',(6.28318530718,-0.));
#1550 = VECTOR('',#1551,1.);
#1551 = DIRECTION('',(0.,1.));
#1552 = ( GEOMETRIC_REPRESENTATION_CONTEXT(2) 
PARAMETRIC_REPRESENTATION_CONTEXT() REPRESENTATION_CONTEXT('2D SPACE',''
  ) );
#1553 = ORIENTED_EDGE('',*,*,#1554,.F.);
#1554 = EDGE_CURVE('',#1532,#1532,#1555,.T.);
#1555 = SURFACE_CURVE('',#1556,(#1561,#1568),.PCURVE_S1.);
#1556 = CIRCLE('',#1557,2.1);
#1557 = AXIS2_PLACEMENT_3D('',#1558,#1559,#1560);
#1558 = CARTESIAN_POINT('',(14.7,0.,238.));
#1559 = DIRECTION('',(1.,0.,2.22044604925E-16));
#1560 = DIRECTION('',(2.22044604925E-16,0.,-1.));
#1561 = PCURVE('',#1515,#1562);
#1562 = DEFINITIONAL_REPRESENTATION('',(#1563),#1567);
#1563 = LINE('',#1564,#1565);
#1564 = CARTESIAN_POINT('',(0.,7.45));
#1565 = VECTOR('',#1566,1.);
#1566 = DIRECTION('',(1.,0.));
#1567 = ( GEOMETRIC_REPRESENTATION_CONTEXT(2) 
PARAMETRIC_REPRESENTATION_CONTEXT() REPRESENTATION_CONTEXT('2D SPACE',''
  ) );
#1568 = PCURVE('',#1414,#1569);
#1569 = DEFINITIONAL_REPRESENTATION('',(#1570),#1574);
#1570 = CIRCLE('',#1571,2.1);
#1571 = AXIS2_PLACEMENT_2D('',#1572,#1573);
#1572 = CARTESIAN_POINT('',(18.,-17.5));
#1573 = DIRECTION('',(-1.,0.));
#1574 = ( GEOMETRIC_REPRESENTATION_CONTEXT(2) 
PARAMETRIC_REPRESENTATION_CONTEXT() REPRESENTATION_CONTEXT('2D SPACE',''
  ) );
#1575 = ORIENTED_EDGE('',*,*,#1531,.F.);
#1576 = ADVANCED_FACE('',(#1577),#1485,.T.);
#1577 = FACE_BOUND('',#1578,.T.);
#1578 = EDGE_LOOP('',(#1579,#1602,#1603,#1626));
#1579 = ORIENTED_EDGE('',*,*,#1580,.F.);
#1580 = EDGE_CURVE('',#1452,#1581,#1583,.T.);
#1581 = VERTEX_POINT('',#1582);
#1582 = CARTESIAN_POINT('',(14.7,17.5,220.));
#1583 = SURFACE_CURVE('',#1584,(#1588,#1595),.PCURVE_S1.);
#1584 = LINE('',#1585,#1586);
#1585 = CARTESIAN_POINT('',(-14.7,17.5,220.));
#1586 = VECTOR('',#1587,1.);
#1587 = DIRECTION('',(1.,0.,-0.));
#1588 = PCURVE('',#1485,#1589);
#1589 = DEFINITIONAL_REPRESENTATION('',(#1590),#1594);
#1590 = LINE('',#1591,#1592);
#1591 = CARTESIAN_POINT('',(0.,0.));
#1592 = VECTOR('',#1593,1.);
#1593 = DIRECTION('',(0.,1.));
#1594 = ( GEOMETRIC_REPRESENTATION_CONTEXT(2) 
PARAMETRIC_REPRESENTATION_CONTEXT() REPRESENTATION_CONTEXT('2D SPACE',''
  ) );
#1595 = PCURVE('',#1334,#1596);
#1596 = DEFINITIONAL_REPRESENTATION('',(#1597),#1601);
#1597 = LINE('',#1598,#1599);
#1598 = CARTESIAN_POINT('',(0.,35.));
#1599 = VECTOR('',#1600,1.);
#1600 = DIRECTION('',(1.,0.));
#1601 = ( GEOMETRIC_REPRESENTATION_CONTEXT(2) 
PARAMETRIC_REPRESENTATION_CONTEXT() REPRESENTATION_CONTEXT('2D SPACE',''
  ) );
#1602 = ORIENTED_EDGE('',*,*,#1472,.F.);
#1603 = ORIENTED_EDGE('',*,*,#1604,.T.);
#1604 = EDGE_CURVE('',#1430,#1605,#1607,.T.);
#1605 = VERTEX_POINT('',#1606);
#1606 = CARTESIAN_POINT('',(14.7,17.5,260.));
#1607 = SURFACE_CURVE('',#1608,(#1612,#1619),.PCURVE_S1.);
#1608 = LINE('',#1609,#1610);
#1609 = CARTESIAN_POINT('',(-14.7,17.5,260.));
#1610 = VECTOR('',#1611,1.);
#1611 = DIRECTION('',(1.,0.,-0.));
#1612 = PCURVE('',#1485,#1613);
#1613 = DEFINITIONAL_REPRESENTATION('',(#1614),#1618);
#1614 = LINE('',#1615,#1616);
#1615 = CARTESIAN_POINT('',(40.,0.));
#1616 = VECTOR('',#1617,1.);
#1617 = DIRECTION('',(0.,1.));
#1618 = ( GEOMETRIC_REPRESENTATION_CONTEXT(2) 
PARAMETRIC_REPRESENTATION_CONTEXT() REPRESENTATION_CONTEXT('2D SPACE',''
  ) );
#1619 = PCURVE('',#1388,#1620);
#1620 = DEFINITIONAL_REPRESENTATION('',(#1621),#1625);
#1621 = LINE('',#1622,#1623);
#1622 = CARTESIAN_POINT('',(0.,35.));
#1623 = VECTOR('',#1624,1.);
#1624 = DIRECTION('',(1.,0.));
#1625 = ( GEOMETRIC_REPRESENTATION_CONTEXT(2) 
PARAMETRIC_REPRESENTATION_CONTEXT() REPRESENTATION_CONTEXT('2D SPACE',''
  ) );
#1626 = ORIENTED_EDGE('',*,*,#1627,.F.);
#1627 = EDGE_CURVE('',#1581,#1605,#1628,.T.);
#1628 = SURFACE_CURVE('',#1629,(#1633,#1640),.PCURVE_S1.);
#1629 = LINE('',#1630,#1631);
#1630 = CARTESIAN_POINT('',(14.7,17.5,220.));
#1631 = VECTOR('',#1632,1.);
#1632 = DIRECTION('',(0.,0.,1.));
#1633 = PCURVE('',#1485,#1634);
#1634 = DEFINITIONAL_REPRESENTATION('',(#1635),#1639);
#1635 = LINE('',#1636,#1637);
#1636 = CARTESIAN_POINT('',(0.,29.4));
#1637 = VECTOR('',#1638,1.);
#1638 = DIRECTION('',(1.,0.));
#1639 = ( GEOMETRIC_REPRESENTATION_CONTEXT(2) 
PARAMETRIC_REPRESENTATION_CONTEXT() REPRESENTATION_CONTEXT('2D SPACE',''
  ) );
#1640 = PCURVE('',#1414,#1641);
#1641 = DEFINITIONAL_REPRESENTATION('',(#1642),#1646);
#1642 = LINE('',#1643,#1644);
#1643 = CARTESIAN_POINT('',(0.,-35.));
#1644 = VECTOR('',#1645,1.);
#1645 = DIRECTION('',(1.,0.));
#1646 = ( GEOMETRIC_REPRESENTATION_CONTEXT(2) 
PARAMETRIC_REPRESENTATION_CONTEXT() REPRESENTATION_CONTEXT('2D SPACE',''
  ) );
#1647 = ADVANCED_FACE('',(#1648),#1388,.T.);
#1648 = FACE_BOUND('',#1649,.T.);
#1649 = EDGE_LOOP('',(#1650,#1651,#1652,#1653));
#1650 = ORIENTED_EDGE('',*,*,#1604,.F.);
#1651 = ORIENTED_EDGE('',*,*,#1429,.F.);
#1652 = ORIENTED_EDGE('',*,*,#1372,.T.);
#1653 = ORIENTED_EDGE('',*,*,#1654,.T.);
#1654 = EDGE_CURVE('',#1373,#1605,#1655,.T.);
#1655 = SURFACE_CURVE('',#1656,(#1660,#1667),.PCURVE_S1.);
#1656 = LINE('',#1657,#1658);
#1657 = CARTESIAN_POINT('',(14.7,-17.5,260.));
#1658 = VECTOR('',#1659,1.);
#1659 = DIRECTION('',(-0.,1.,0.));
#1660 = PCURVE('',#1388,#1661);
#1661 = DEFINITIONAL_REPRESENTATION('',(#1662),#1666);
#1662 = LINE('',#1663,#1664);
#1663 = CARTESIAN_POINT('',(29.4,0.));
#1664 = VECTOR('',#1665,1.);
#1665 = DIRECTION('',(0.,1.));
#1666 = ( GEOMETRIC_REPRESENTATION_CONTEXT(2) 
PARAMETRIC_REPRESENTATION_CONTEXT() REPRESENTATION_CONTEXT('2D SPACE',''
  ) );
#1667 = PCURVE('',#1414,#1668);
#1668 = DEFINITIONAL_REPRESENTATION('',(#1669),#1673);
#1669 = LINE('',#1670,#1671);
#1670 = CARTESIAN_POINT('',(40.,0.));
#1671 = VECTOR('',#1672,1.);
#1672 = DIRECTION('',(0.,-1.));
#1673 = ( GEOMETRIC_REPRESENTATION_CONTEXT(2) 
PARAMETRIC_REPRESENTATION_CONTEXT() REPRESENTATION_CONTEXT('2D SPACE',''
  ) );
#1674 = ADVANCED_FACE('',(#1675,#1701),#1414,.T.);
#1675 = FACE_BOUND('',#1676,.T.);
#1676 = EDGE_LOOP('',(#1677,#1678,#1699,#1700));
#1677 = ORIENTED_EDGE('',*,*,#1400,.F.);
#1678 = ORIENTED_EDGE('',*,*,#1679,.T.);
#1679 = EDGE_CURVE('',#1314,#1581,#1680,.T.);
#1680 = SURFACE_CURVE('',#1681,(#1685,#1692),.PCURVE_S1.);
#1681 = LINE('',#1682,#1683);
#1682 = CARTESIAN_POINT('',(14.7,-17.5,220.));
#1683 = VECTOR('',#1684,1.);
#1684 = DIRECTION('',(-0.,1.,0.));
#1685 = PCURVE('',#1414,#1686);
#1686 = DEFINITIONAL_REPRESENTATION('',(#1687),#1691);
#1687 = LINE('',#1688,#1689);
#1688 = CARTESIAN_POINT('',(0.,0.));
#1689 = VECTOR('',#1690,1.);
#1690 = DIRECTION('',(0.,-1.));
#1691 = ( GEOMETRIC_REPRESENTATION_CONTEXT(2) 
PARAMETRIC_REPRESENTATION_CONTEXT() REPRESENTATION_CONTEXT('2D SPACE',''
  ) );
#1692 = PCURVE('',#1334,#1693);
#1693 = DEFINITIONAL_REPRESENTATION('',(#1694),#1698);
#1694 = LINE('',#1695,#1696);
#1695 = CARTESIAN_POINT('',(29.4,0.));
#1696 = VECTOR('',#1697,1.);
#1697 = DIRECTION('',(0.,1.));
#1698 = ( GEOMETRIC_REPRESENTATION_CONTEXT(2) 
PARAMETRIC_REPRESENTATION_CONTEXT() REPRESENTATION_CONTEXT('2D SPACE',''
  ) );
#1699 = ORIENTED_EDGE('',*,*,#1627,.T.);
#1700 = ORIENTED_EDGE('',*,*,#1654,.F.);
#1701 = FACE_BOUND('',#1702,.T.);
#1702 = EDGE_LOOP('',(#1703));
#1703 = ORIENTED_EDGE('',*,*,#1554,.F.);
#1704 = ADVANCED_FACE('',(#1705),#1334,.F.);
#1705 = FACE_BOUND('',#1706,.F.);
#1706 = EDGE_LOOP('',(#1707,#1708,#1709,#1710));
#1707 = ORIENTED_EDGE('',*,*,#1580,.F.);
#1708 = ORIENTED_EDGE('',*,*,#1451,.F.);
#1709 = ORIENTED_EDGE('',*,*,#1311,.T.);
#1710 = ORIENTED_EDGE('',*,*,#1679,.T.);
#1711 = ( GEOMETRIC_REPRESENTATION_CONTEXT(3) 
GLOBAL_UNCERTAINTY_ASSIGNED_CONTEXT((#1715)) 
GLOBAL_UNIT_ASSIGNED_CONTEXT((#1712,#1713,#1714)) REPRESENTATION_CONTEXT
('Context #1','3D Context with UNIT and UNCERTAINTY') );
#1712 = ( LENGTH_UNIT() NAMED_UNIT(*) SI_UNIT(.MILLI.,.METRE.) );
#1713 = ( NAMED_UNIT(*) PLANE_ANGLE_UNIT() SI_UNIT($,.RADIAN.) );
#1714 = ( NAMED_UNIT(*) SI_UNIT($,.STERADIAN.) SOLID_ANGLE_UNIT() );
#1715 = UNCERTAINTY_MEASURE_WITH_UNIT(LENGTH_MEASURE(1.E-07),#1712,
  'distance_accuracy_value','confusion accuracy');
#1716 = PRODUCT_RELATED_PRODUCT_CATEGORY('part',$,(#7));
ENDSEC;
END-ISO-10303-21;
